;Num_Acc;senc;catv;occutc;obs;obsm;choc;manv;num_veh
879;201400000639;0;2;0;0.0;2.0;1.0;13.0;A01
880;201400000639;0;7;0;0.0;2.0;2.0;1.0;B02
881;201400000640;0;21;0;0.0;0.0;6.0;2.0;B02
882;201400000640;0;7;0;0.0;2.0;1.0;2.0;A01
883;201400000641;0;30;0;0.0;0.0;0.0;1.0;A01
884;201400000642;0;31;0;3.0;0.0;3.0;13.0;A01
885;201400000643;0;7;0;0.0;2.0;4.0;15.0;A01
886;201400000643;0;7;0;0.0;2.0;1.0;0.0;B02
887;201400000644;0;7;0;0.0;0.0;1.0;1.0;A01
888;201400000645;0;30;0;0.0;2.0;1.0;1.0;B02
889;201400000645;0;7;0;0.0;2.0;6.0;13.0;A01
890;201400000646;0;7;0;0.0;2.0;1.0;15.0;B02
891;201400000646;0;7;0;0.0;2.0;2.0;1.0;A01
892;201400000647;0;7;0;3.0;0.0;9.0;5.0;A01
893;201400000648;0;7;0;0.0;2.0;8.0;19.0;B02
894;201400000648;0;7;0;0.0;2.0;1.0;1.0;A01
895;201400000649;0;7;0;0.0;0.0;3.0;1.0;A01
896;201400000649;0;10;0;0.0;0.0;1.0;5.0;B02
897;201400000650;0;33;0;0.0;2.0;1.0;1.0;B02
898;201400000650;0;7;0;0.0;2.0;7.0;1.0;A01
899;201400000651;0;33;0;0.0;0.0;8.0;1.0;B02
900;201400000651;0;7;0;0.0;0.0;1.0;1.0;A01
901;201400000652;0;10;0;0.0;2.0;3.0;13.0;A01
902;201400000652;0;17;0;0.0;2.0;3.0;1.0;B02
903;201400000653;0;7;0;2.0;0.0;7.0;19.0;A01
904;201400000654;0;31;0;0.0;2.0;1.0;13.0;A01
905;201400000654;0;7;0;0.0;2.0;3.0;1.0;B02
906;201400000655;0;7;0;8.0;0.0;3.0;0.0;A01
907;201400000656;0;7;0;0.0;2.0;3.0;5.0;A01
908;201400000656;0;7;0;0.0;2.0;3.0;1.0;C03
909;201400000656;0;7;0;0.0;2.0;3.0;1.0;B02
910;201400000657;0;7;0;0.0;2.0;1.0;21.0;B02
911;201400000657;0;33;0;0.0;2.0;7.0;13.0;A01
912;201400000658;0;7;0;0.0;2.0;3.0;1.0;B02
913;201400000658;0;7;0;0.0;2.0;3.0;13.0;A01
914;201400000659;0;33;0;0.0;2.0;7.0;13.0;A01
915;201400000659;0;7;0;0.0;2.0;2.0;1.0;B02
916;201400000660;0;7;0;1.0;0.0;1.0;13.0;A01
917;201400000661;0;2;0;12.0;0.0;7.0;1.0;A01
918;201400000662;0;7;0;13.0;0.0;9.0;13.0;A01
919;201400000664;0;7;0;0.0;2.0;2.0;13.0;A01
920;201400000664;0;7;0;0.0;2.0;1.0;1.0;B02
921;201400000665;0;30;0;0.0;2.0;1.0;1.0;A01
922;201400000665;0;7;0;0.0;2.0;8.0;15.0;B02
923;201400000666;0;30;0;0.0;2.0;2.0;2.0;A01
924;201400000666;0;1;0;0.0;2.0;;1.0;B02
925;201400000667;0;7;0;2.0;0.0;3.0;13.0;A01
926;201400000668;0;7;0;0.0;2.0;3.0;19.0;A01
927;201400000668;0;33;0;0.0;2.0;2.0;1.0;B02
928;201400000669;0;7;0;0.0;2.0;2.0;15.0;A01
929;201400000669;0;33;0;0.0;2.0;1.0;14.0;B02
930;201400000670;0;7;0;0.0;0.0;1.0;1.0;A01
931;201400000670;0;7;0;0.0;2.0;1.0;1.0;B02
932;201400000671;0;34;0;0.0;2.0;1.0;1.0;B02
933;201400000671;0;10;0;0.0;2.0;3.0;19.0;A01
934;201400000672;0;7;0;0.0;2.0;3.0;1.0;A01
935;201400000672;0;30;0;0.0;2.0;1.0;16.0;B02
936;201400000673;0;7;0;0.0;2.0;8.0;15.0;A01
937;201400000673;0;33;0;0.0;2.0;1.0;1.0;B02
938;201400000674;0;7;0;13.0;0.0;9.0;1.0;A01
939;201400000675;0;7;0;0.0;2.0;1.0;1.0;A01
940;201400000675;0;10;0;0.0;2.0;2.0;1.0;B02
941;201400000676;0;33;0;0.0;2.0;8.0;1.0;A01
942;201400000676;0;7;0;0.0;0.0;2.0;15.0;B02
943;201400000677;0;7;0;0.0;2.0;1.0;1.0;B02
944;201400000677;0;7;0;0.0;2.0;2.0;19.0;A01
945;201400000678;0;33;0;0.0;0.0;0.0;21.0;A01
946;201400000679;0;30;0;0.0;2.0;1.0;1.0;A01
947;201400000679;0;7;0;0.0;2.0;5.0;15.0;B02
948;201400000680;0;7;0;5.0;0.0;1.0;13.0;A01
949;201400000681;0;7;0;0.0;2.0;5.0;15.0;A01
950;201400000681;0;33;0;0.0;2.0;1.0;1.0;B02
951;201400000682;0;38;14;0.0;2.0;1.0;1.0;B02
952;201400000682;0;7;0;0.0;2.0;1.0;13.0;A01
953;201400000683;0;10;0;0.0;2.0;8.0;19.0;A01
954;201400000683;0;33;0;0.0;2.0;1.0;1.0;B02
955;201400000684;0;7;0;13.0;0.0;2.0;1.0;A01
956;201400000685;0;7;0;0.0;2.0;3.0;2.0;C03
957;201400000685;0;7;0;0.0;2.0;1.0;2.0;F06
958;201400000685;0;10;0;0.0;2.0;1.0;2.0;A01
959;201400000685;0;7;0;0.0;2.0;6.0;2.0;B02
960;201400000685;0;7;0;0.0;2.0;4.0;23.0;E05
961;201400000685;0;7;0;4.0;0.0;3.0;1.0;D04
962;201400000686;0;7;0;6.0;0.0;7.0;1.0;A01
963;201400000688;0;33;0;12.0;0.0;1.0;1.0;A01
964;201400000689;0;7;0;0.0;2.0;3.0;13.0;A01
965;201400000689;0;15;0;0.0;2.0;3.0;1.0;B02
966;201400000690;0;7;0;0.0;0.0;1.0;1.0;B02
967;201400000690;0;7;0;0.0;6.0;2.0;1.0;A01
968;201400000691;0;33;0;0.0;6.0;2.0;1.0;A01
969;201400000692;0;7;0;0.0;1.0;1.0;1.0;A01
970;201400000693;0;33;0;0.0;0.0;1.0;0.0;B02
971;201400000693;0;7;0;0.0;0.0;1.0;0.0;A01
972;201400000694;0;7;0;0.0;0.0;8.0;19.0;A01
973;201400000694;0;14;0;0.0;2.0;1.0;1.0;B02
974;201400000695;0;7;0;0.0;0.0;3.0;19.0;A01
975;201400000695;0;33;0;0.0;2.0;1.0;1.0;B02
976;201400000696;0;7;0;0.0;2.0;1.0;13.0;A01
977;201400000696;0;7;0;0.0;2.0;1.0;1.0;B02
978;201400000697;0;31;0;0.0;0.0;7.0;1.0;A01
979;201400000698;0;33;0;0.0;2.0;1.0;1.0;B02
980;201400000698;0;7;0;0.0;2.0;1.0;17.0;A01
981;201400000699;0;7;0;0.0;2.0;1.0;13.0;A01
982;201400000699;0;38;0;0.0;2.0;3.0;1.0;B02
983;201400000700;0;31;0;0.0;2.0;1.0;1.0;B02
984;201400000700;0;7;0;0.0;2.0;2.0;15.0;A01
985;201400000701;0;7;0;0.0;2.0;1.0;1.0;A01
986;201400000701;0;7;0;0.0;2.0;1.0;1.0;B02
987;201400000702;0;33;0;12.0;0.0;0.0;1.0;A01
988;201400000703;0;7;0;0.0;2.0;7.0;1.0;B02
989;201400000703;0;7;0;0.0;2.0;1.0;9.0;A01
990;201400000704;0;7;0;0.0;1.0;2.0;1.0;A01
991;201400000705;0;33;0;12.0;0.0;7.0;1.0;A01
992;201400000706;0;7;0;0.0;2.0;1.0;13.0;C03
993;201400000706;0;7;0;1.0;2.0;1.0;1.0;A01
994;201400000706;0;7;0;0.0;2.0;5.0;1.0;D04
995;201400000706;0;7;0;0.0;2.0;1.0;1.0;B02
996;201400000706;0;7;0;0.0;2.0;5.0;1.0;E05
997;201400000707;0;7;0;0.0;2.0;1.0;1.0;B02
998;201400000707;0;7;0;0.0;2.0;1.0;13.0;A01
999;201400000708;0;7;0;0.0;2.0;1.0;13.0;A01
1000;201400000708;0;7;0;0.0;2.0;1.0;1.0;B02
1001;201400000709;0;37;0;0.0;2.0;0.0;17.0;A01
1002;201400000709;0;1;0;0.0;0.0;0.0;13.0;B02
1003;201400000710;0;7;0;0.0;2.0;1.0;0.0;B02
1004;201400000710;0;7;0;0.0;2.0;8.0;15.0;A01
1005;201400000711;0;7;0;0.0;2.0;3.0;1.0;C03
1006;201400000711;0;7;0;0.0;2.0;1.0;1.0;B02
1007;201400000711;0;7;0;0.0;2.0;1.0;13.0;A01
1008;201400000712;0;7;0;13.0;0.0;1.0;0.0;A01
1009;201400000713;0;2;0;0.0;2.0;1.0;1.0;A01
1010;201400000713;0;7;0;0.0;0.0;2.0;19.0;B02
1011;201400000714;0;7;0;6.0;0.0;1.0;14.0;A01
1012;201400000715;0;7;0;9.0;0.0;1.0;1.0;A01
1013;201400000716;0;7;0;13.0;0.0;1.0;1.0;A01
1014;201400000717;0;7;0;0.0;2.0;1.0;1.0;B02
1015;201400000717;0;7;0;0.0;2.0;7.0;1.0;A01
1016;201400000718;0;7;0;0.0;2.0;3.0;13.0;A01
1017;201400000718;0;17;0;0.0;2.0;3.0;1.0;B02
1018;201400000719;0;7;0;0.0;2.0;3.0;1.0;A01
1019;201400000719;0;7;0;0.0;2.0;1.0;19.0;B02
1020;201400000720;0;14;0;0.0;1.0;3.0;19.0;A01
1021;201400000721;0;10;0;0.0;1.0;5.0;15.0;A01
1022;201400000722;0;7;0;0.0;0.0;3.0;13.0;B02
1023;201400000722;0;7;0;0.0;2.0;3.0;1.0;A01
1024;201400000723;0;21;0;0.0;2.0;6.0;13.0;A01
1025;201400000723;0;33;0;0.0;2.0;1.0;1.0;B02
1026;201400000724;0;33;0;8.0;0.0;1.0;1.0;A01
1027;201400000725;0;33;0;0.0;2.0;1.0;1.0;B02
1028;201400000725;0;7;0;0.0;2.0;1.0;15.0;A01
1029;201400000727;0;7;0;0.0;2.0;7.0;1.0;B02
1030;201400000727;0;7;0;0.0;2.0;2.0;15.0;A01
1031;201400000727;0;31;0;0.0;2.0;1.0;1.0;C03
1032;201400000728;0;33;0;4.0;0.0;1.0;1.0;A01
1033;201400000729;0;10;0;0.0;1.0;2.0;1.0;A01
1034;201400000730;0;31;0;0.0;2.0;1.0;1.0;B02
1035;201400000730;0;30;0;0.0;2.0;1.0;1.0;A01
1036;201400000731;0;7;0;0.0;2.0;1.0;1.0;A01
1037;201400000731;0;7;0;8.0;2.0;3.0;19.0;B02
1038;201400000732;0;7;0;0.0;2.0;3.0;1.0;B02
1039;201400000732;0;31;0;0.0;2.0;3.0;1.0;A01
1040;201400000733;0;7;0;0.0;2.0;2.0;15.0;A01
1041;201400000733;0;7;0;7.0;2.0;3.0;1.0;B02
1042;201400000734;0;33;0;15.0;2.0;8.0;17.0;A01
1043;201400000735;0;7;0;0.0;0.0;9.0;1.0;A01
1044;201400000736;0;7;0;0.0;2.0;8.0;1.0;B02
1045;201400000736;0;7;0;0.0;2.0;1.0;1.0;A01
1046;201400000737;0;7;0;0.0;2.0;3.0;1.0;A01
1047;201400000737;0;10;0;0.0;2.0;5.0;19.0;B02
1048;201400000738;0;7;0;0.0;2.0;1.0;1.0;A01
1049;201400000738;0;7;0;0.0;2.0;6.0;19.0;B02
1050;201400000739;0;36;0;0.0;0.0;0.0;0.0;A01
1051;201400000740;0;15;0;0.0;0.0;5.0;17.0;A01
1052;201400000740;0;30;0;0.0;0.0;3.0;2.0;B02
1053;201400000741;0;33;0;0.0;0.0;7.0;1.0;A01
1054;201400000742;0;7;0;2.0;0.0;1.0;1.0;A01
1055;201400000743;0;10;0;0.0;0.0;3.0;1.0;A01
1056;201400000743;0;7;0;0.0;0.0;3.0;1.0;B02
1057;201400000744;0;99;0;13.0;0.0;1.0;1.0;A01
1058;201400000745;0;31;0;0.0;1.0;1.0;1.0;A01
1059;201400000746;0;10;0;1.0;2.0;1.0;1.0;B02
1060;201400000746;0;7;0;1.0;2.0;7.0;19.0;A01
1061;201400000747;0;7;0;0.0;0.0;9.0;1.0;A01
1062;201400000748;0;7;0;0.0;2.0;1.0;5.0;A01
1063;201400000748;0;20;0;0.0;2.0;1.0;1.0;B02
1064;201400000749;0;7;0;0.0;1.0;2.0;16.0;A01
1065;201400000750;0;10;0;0.0;2.0;1.0;1.0;A01
1066;201400000750;0;2;0;0.0;2.0;1.0;1.0;B02
1067;201400000751;0;31;0;0.0;5.0;1.0;1.0;A01
1068;201400000753;0;21;0;0.0;2.0;1.0;1.0;B02
1069;201400000753;0;10;0;0.0;2.0;2.0;1.0;A01
1070;201400000754;0;14;0;0.0;0.0;3.0;1.0;A01
1071;201400000756;0;10;0;8.0;0.0;9.0;1.0;A01
1072;201400000758;0;7;0;0.0;2.0;1.0;1.0;B02
1073;201400000758;0;7;0;0.0;2.0;1.0;1.0;A01
1074;201400000761;0;7;0;0.0;1.0;2.0;1.0;A01
1075;201400000762;0;3;0;10.0;0.0;1.0;13.0;A01
1076;201400000763;0;7;0;15.0;0.0;2.0;1.0;A01
1077;201400000764;0;17;0;0.0;2.0;2.0;2.0;B02
1078;201400000764;0;17;0;0.0;2.0;3.0;1.0;C03
1079;201400000764;0;17;0;0.0;2.0;4.0;23.0;A01
1080;201400000765;0;7;0;0.0;1.0;1.0;1.0;A01
1081;201400000766;0;7;0;0.0;2.0;2.0;15.0;B02
1082;201400000766;0;7;0;0.0;2.0;2.0;1.0;A01
1083;201400000767;0;7;0;15.0;0.0;3.0;1.0;A01
1084;201400000768;0;31;0;0.0;2.0;7.0;1.0;A01
1085;201400000768;0;7;0;0.0;2.0;3.0;1.0;B02
1086;201400000769;0;10;0;0.0;1.0;1.0;1.0;A01
1087;201400000771;0;33;0;0.0;2.0;1.0;1.0;B02
1088;201400000771;0;7;0;0.0;2.0;2.0;15.0;A01
1089;201400000772;0;7;0;0.0;2.0;1.0;1.0;B02
1090;201400000772;0;7;0;0.0;2.0;3.0;6.0;A01
1091;201400000773;0;38;5;0.0;1.0;7.0;9.0;A01
1092;201400000774;0;7;0;0.0;2.0;1.0;13.0;A01
1093;201400000774;0;7;0;0.0;2.0;1.0;1.0;B02
1094;201400000775;0;7;0;0.0;2.0;3.0;1.0;A01
1095;201400000775;0;7;0;0.0;2.0;3.0;1.0;B02
1096;201400000776;0;33;0;0.0;0.0;0.0;1.0;A01
1097;201400000777;0;7;0;0.0;1.0;2.0;1.0;A01
1098;201400000778;0;7;0;;;3.0;;A01
1099;201400000778;0;32;0;;;3.0;;B02
1100;201400000779;0;33;0;0.0;2.0;1.0;13.0;A01
1101;201400000779;0;7;0;0.0;2.0;6.0;1.0;B02
1102;201400000779;0;7;0;0.0;2.0;3.0;1.0;C03
1103;201400000780;0;2;0;0.0;2.0;1.0;5.0;A01
1104;201400000780;0;7;0;0.0;2.0;2.0;1.0;B02
1105;201400000781;0;33;0;0.0;0.0;8.0;1.0;A01
1106;201400000782;0;7;0;0.0;2.0;1.0;1.0;A01
1107;201400000782;0;2;0;0.0;2.0;7.0;1.0;B02
1108;201400000783;0;7;0;0.0;2.0;1.0;1.0;A01
1109;201400000783;0;1;0;0.0;0.0;4.0;1.0;B02
1110;201400000784;0;7;0;8.0;0.0;1.0;1.0;A01
1111;201400000785;0;7;0;2.0;0.0;8.0;1.0;A01
1112;201400000787;0;7;0;1.0;2.0;8.0;1.0;B02
1113;201400000787;0;7;0;1.0;2.0;1.0;1.0;A01
1114;201400000788;0;33;0;9.0;0.0;1.0;1.0;A01
1115;201400000789;0;33;0;0.0;2.0;8.0;17.0;A01
1116;201400000789;0;7;0;0.0;2.0;3.0;1.0;B02
1117;201400000790;0;7;0;0.0;2.0;2.0;13.0;A01
1118;201400000790;0;7;0;0.0;2.0;2.0;1.0;B02
1119;201400000791;0;7;0;0.0;2.0;7.0;13.0;A01
1120;201400000791;0;14;0;0.0;2.0;1.0;1.0;B02
1121;201400000792;0;7;0;8.0;1.0;1.0;19.0;A01
1122;201400000793;0;7;0;2.0;0.0;2.0;1.0;A01
1123;201400000794;0;7;0;0.0;2.0;3.0;13.0;A01
1124;201400000794;0;14;0;0.0;2.0;3.0;1.0;B02
1125;201400000795;0;7;0;0.0;2.0;2.0;19.0;A01
1126;201400000795;0;7;0;0.0;2.0;3.0;1.0;B02
1127;201400000796;0;7;0;0.0;5.0;1.0;13.0;A01
1128;201400000797;0;7;0;0.0;9.0;3.0;1.0;A01
1129;201400000797;0;1;0;0.0;2.0;2.0;1.0;B02
1130;201400000798;0;32;0;0.0;2.0;1.0;13.0;A01
1131;201400000798;0;7;0;0.0;2.0;1.0;1.0;B02
1132;201400000799;0;7;0;0.0;2.0;1.0;15.0;B02
1133;201400000799;0;33;0;0.0;2.0;7.0;1.0;A01
1134;201400000800;0;33;0;0.0;0.0;1.0;1.0;A01
1135;201400000801;0;33;0;0.0;2.0;1.0;17.0;A01
1136;201400000801;0;7;0;0.0;2.0;3.0;15.0;B02
1137;201400000802;0;7;0;13.0;0.0;1.0;1.0;A01
1138;201400000803;0;30;0;13.0;2.0;8.0;1.0;B02
1139;201400000803;0;7;0;0.0;2.0;1.0;1.0;A01
1140;201400000804;0;2;0;0.0;2.0;8.0;1.0;B02
1141;201400000804;0;7;0;0.0;2.0;3.0;15.0;A01
1142;201400000805;0;7;0;13.0;2.0;1.0;1.0;A01
1143;201400000806;0;7;0;0.0;2.0;3.0;19.0;A01
1144;201400000806;0;2;0;0.0;2.0;1.0;1.0;B02
1145;201400000807;0;2;0;0.0;0.0;0.0;1.0;A01
1146;201400000808;0;7;0;0.0;2.0;3.0;0.0;A01
1147;201400000808;0;7;0;0.0;2.0;3.0;0.0;B02
1148;201400000809;0;31;0;9.0;0.0;2.0;1.0;A01
1149;201400000810;0;7;0;0.0;2.0;3.0;15.0;A01
1150;201400000810;0;10;0;0.0;2.0;3.0;1.0;B02
1151;201400000811;0;7;0;0.0;2.0;2.0;15.0;A01
1152;201400000811;0;2;0;0.0;2.0;1.0;1.0;B02
1153;201400000812;0;7;0;0.0;2.0;8.0;15.0;B02
1154;201400000812;0;33;0;0.0;2.0;1.0;17.0;A01
1155;201400000813;0;33;0;0.0;2.0;1.0;2.0;A01
1156;201400000813;0;7;0;0.0;0.0;4.0;15.0;B02
1157;201400000814;0;20;0;0.0;2.0;3.0;15.0;A01
1158;201400000814;0;33;0;0.0;2.0;1.0;1.0;B02
1159;201400000815;0;7;0;13.0;0.0;2.0;1.0;A01
1160;201400000816;0;1;0;0.0;2.0;1.0;1.0;B02
1161;201400000816;0;21;0;0.0;9.0;6.0;13.0;A01
1162;201400000817;0;7;0;8.0;0.0;0.0;1.0;A01
1163;201400000818;0;33;0;0.0;2.0;1.0;17.0;A01
1164;201400000818;0;14;0;0.0;0.0;5.0;23.0;B02
1165;201400000819;0;7;0;0.0;2.0;8.0;19.0;A01
1166;201400000819;0;7;0;0.0;2.0;3.0;1.0;B02
1167;201400000821;0;7;0;0.0;0.0;9.0;1.0;A01
1168;201400000822;0;7;0;0.0;9.0;2.0;1.0;A01
1169;201400000822;0;1;0;0.0;2.0;8.0;19.0;B02
1170;201400000823;0;7;0;0.0;2.0;1.0;1.0;A01
1171;201400000823;0;7;0;0.0;2.0;1.0;1.0;B02
1172;201400000824;0;33;0;14.0;0.0;1.0;1.0;A01
1173;201400000825;0;33;0;1.0;2.0;1.0;21.0;B02
1174;201400000825;0;7;0;0.0;2.0;0.0;10.0;A01
1175;201400000826;0;7;0;0.0;0.0;6.0;15.0;B02
1176;201400000826;0;30;0;0.0;2.0;1.0;17.0;A01
1177;201400000827;0;7;0;0.0;2.0;1.0;1.0;B02
1178;201400000827;0;30;0;0.0;0.0;7.0;15.0;A01
1179;201400000828;0;7;0;0.0;0.0;3.0;13.0;A01
1180;201400000828;0;10;0;0.0;0.0;3.0;1.0;B02
1181;201400000829;0;7;0;0.0;2.0;8.0;19.0;A01
1182;201400000829;0;7;0;0.0;2.0;1.0;1.0;B02
1183;201400000831;0;7;0;0.0;2.0;1.0;15.0;A01
1184;201400000831;0;7;0;0.0;2.0;1.0;1.0;B02
1185;201400000832;0;7;0;0.0;2.0;1.0;13.0;A01
1186;201400000832;0;7;0;0.0;2.0;3.0;0.0;B02
1187;201400000835;0;10;0;0.0;1.0;2.0;16.0;A01
1188;201400000836;0;10;0;0.0;2.0;5.0;15.0;B02
1189;201400000836;0;30;0;0.0;2.0;1.0;2.0;A01
1190;201400000837;0;7;0;0.0;1.0;2.0;1.0;A01
1191;201400000838;0;7;0;0.0;2.0;1.0;17.0;A01
1192;201400000838;0;21;0;0.0;0.0;6.0;15.0;B02
1193;201400000839;0;7;0;0.0;0.0;3.0;1.0;B02
1194;201400000839;0;7;0;0.0;0.0;1.0;13.0;A01
1195;201400000840;0;33;0;0.0;2.0;1.0;1.0;A01
1196;201400000840;0;7;0;0.0;2.0;8.0;19.0;B02
1197;201400000841;0;31;0;12.0;0.0;4.0;1.0;A01
1198;201400000842;0;7;0;0.0;2.0;7.0;1.0;A01
1199;201400000842;0;7;0;0.0;2.0;1.0;1.0;B02
1200;201400000843;0;14;0;0.0;1.0;1.0;1.0;A01
1201;201400000845;0;7;0;13.0;0.0;9.0;1.0;A01
1202;201400000846;0;30;0;15.0;0.0;1.0;1.0;A01
1203;201400000848;0;7;0;8.0;0.0;1.0;14.0;A01
1204;201400000849;0;33;0;9.0;0.0;1.0;1.0;A01
1205;201400000850;0;7;0;8.0;0.0;1.0;0.0;A01
1206;201400000851;0;7;0;8.0;0.0;9.0;1.0;A01
1207;201400000852;0;7;0;0.0;2.0;3.0;5.0;B02
1208;201400000852;0;7;0;0.0;2.0;1.0;19.0;A01
1209;201400000853;0;7;0;0.0;2.0;1.0;1.0;B02
1210;201400000853;0;7;0;0.0;2.0;1.0;13.0;A01
1211;201400000854;0;7;0;16.0;0.0;1.0;1.0;A01
1212;201400000855;0;2;0;0.0;2.0;7.0;15.0;A01
1213;201400000855;0;7;0;0.0;2.0;1.0;1.0;B02
1214;201400000857;0;10;0;0.0;2.0;3.0;15.0;A01
1215;201400000857;0;33;0;0.0;2.0;1.0;17.0;B02
1216;201400000858;0;7;0;0.0;2.0;3.0;1.0;B02
1217;201400000858;0;33;0;0.0;2.0;1.0;1.0;C03
1218;201400000858;0;33;0;0.0;2.0;1.0;13.0;A01
1219;201400000859;0;21;0;1.0;0.0;4.0;4.0;A01
1220;201400000859;0;33;0;0.0;2.0;1.0;23.0;B02
1221;201400000860;0;7;0;1.0;0.0;4.0;24.0;A01
1222;201400000860;0;1;0;1.0;0.0;1.0;1.0;B02
1223;201400000861;0;7;0;0.0;2.0;8.0;15.0;A01
1224;201400000861;0;7;0;0.0;2.0;8.0;15.0;B02
1225;201400000862;0;1;0;0.0;2.0;1.0;1.0;B02
1226;201400000862;0;7;0;0.0;2.0;7.0;19.0;A01
1227;201400000863;0;2;0;0.0;2.0;6.0;23.0;B02
1228;201400000863;0;7;0;0.0;2.0;2.0;21.0;A01
1229;201400000864;0;7;0;0.0;1.0;1.0;1.0;A01
1230;201400000865;0;7;0;0.0;1.0;3.0;1.0;A01
1231;201400000866;0;7;0;6.0;2.0;2.0;1.0;A01
1232;201400000866;0;7;0;0.0;2.0;3.0;1.0;B02
1233;201400000867;0;7;0;0.0;2.0;1.0;1.0;B02
1234;201400000867;0;33;0;0.0;2.0;1.0;1.0;A01
1235;201400000868;0;33;0;13.0;0.0;0.0;6.0;A01
1236;201400000869;0;7;0;2.0;0.0;1.0;2.0;A01
1237;201400000870;0;13;0;0.0;2.0;3.0;21.0;B02
1238;201400000870;0;7;0;0.0;2.0;2.0;19.0;A01
1239;201400000871;0;7;0;0.0;2.0;1.0;1.0;A01
1240;201400000871;0;7;0;0.0;2.0;8.0;9.0;B02
1241;201400000873;0;1;0;0.0;2.0;1.0;1.0;B02
1242;201400000873;0;1;0;0.0;2.0;1.0;1.0;A01
1243;201400000873;0;7;0;0.0;2.0;8.0;15.0;C03
1244;201400000874;0;7;0;0.0;2.0;6.0;1.0;A01
1245;201400000874;0;7;0;0.0;2.0;2.0;0.0;B02
1246;201400000876;0;2;0;14.0;0.0;0.0;1.0;A01
1247;201400000877;0;10;0;0.0;2.0;8.0;23.0;C03
1248;201400000877;0;7;0;0.0;0.0;0.0;19.0;B02
1249;201400000877;0;33;0;1.0;0.0;1.0;21.0;A01
1250;201400000878;0;7;0;0.0;2.0;1.0;17.0;A01
1251;201400000878;0;7;0;0.0;2.0;1.0;1.0;B02
1252;201400000879;0;33;0;0.0;2.0;1.0;1.0;B02
1253;201400000879;0;7;0;0.0;2.0;2.0;15.0;A01
1254;201400000880;0;10;0;0.0;2.0;3.0;1.0;A01
1255;201400000880;0;7;0;0.0;2.0;3.0;1.0;B02
1256;201400000881;0;7;0;0.0;2.0;1.0;13.0;B02
1257;201400000881;0;7;0;0.0;2.0;1.0;11.0;A01
1258;201400000882;0;7;0;0.0;0.0;4.0;23.0;B02
1259;201400000882;0;7;0;0.0;2.0;1.0;1.0;A01
1260;201400000883;0;7;0;0.0;1.0;2.0;1.0;A01
1261;201400000885;0;7;0;1.0;2.0;0.0;0.0;A01
1262;201400000885;0;7;0;0.0;2.0;0.0;0.0;B02
1263;201400000886;1;33;0;0.0;1.0;1.0;1.0;A01
1264;201400000887;0;13;0;0.0;0.0;8.0;1.0;A01
1265;201400000887;0;7;0;0.0;2.0;2.0;19.0;B02
1266;201400000888;0;7;0;0.0;2.0;3.0;15.0;A01
1267;201400000888;0;33;0;0.0;2.0;1.0;17.0;B02
1268;201400000889;0;33;0;0.0;0.0;0.0;1.0;A01
1269;201400000890;0;7;0;0.0;2.0;1.0;1.0;A01
1270;201400000890;0;16;0;0.0;0.0;4.0;1.0;B02
1271;201400000891;0;7;0;0.0;1.0;2.0;1.0;A01
1272;201400000892;0;7;0;0.0;9.0;1.0;16.0;A01
1273;201400000892;0;1;0;0.0;2.0;8.0;1.0;B02
1274;201400000893;0;1;0;0.0;0.0;0.0;1.0;A01
1275;201400000894;0;7;0;0.0;1.0;1.0;1.0;A01
1276;201400000895;0;7;0;0.0;2.0;1.0;1.0;A01
1277;201400000895;0;7;0;0.0;2.0;1.0;1.0;B02
1278;201400000896;0;7;0;0.0;2.0;3.0;16.0;B02
1279;201400000896;0;3;0;0.0;2.0;2.0;1.0;A01
1280;201400000897;0;10;0;0.0;0.0;0.0;4.0;A01
1281;201400000898;0;7;0;0.0;1.0;5.0;1.0;A01
1282;201400000899;0;7;0;0.0;1.0;1.0;1.0;A01
1283;201400000901;0;7;0;0.0;9.0;3.0;1.0;A01
1284;201400000901;0;1;0;0.0;2.0;5.0;15.0;B02
1285;201400000902;0;7;0;6.0;0.0;2.0;1.0;A01
1286;201400000903;0;7;0;0.0;2.0;1.0;1.0;E05
1287;201400000903;0;7;0;0.0;2.0;1.0;1.0;B02
1288;201400000903;0;7;0;0.0;2.0;1.0;1.0;C03
1289;201400000903;0;14;0;0.0;2.0;1.0;0.0;D04
1290;201400000903;0;7;0;0.0;2.0;9.0;1.0;A01
1291;201400000904;0;7;0;0.0;2.0;1.0;1.0;B02
1292;201400000904;0;7;0;0.0;2.0;7.0;19.0;A01
1293;201400000905;0;7;0;0.0;2.0;1.0;1.0;A01
1294;201400000905;0;30;0;0.0;0.0;4.0;1.0;B02
1295;201400000907;0;7;0;2.0;0.0;8.0;2.0;A01
1296;201400000909;0;33;0;8.0;0.0;1.0;1.0;A01
1297;201400000909;0;33;0;6.0;0.0;1.0;1.0;B02
1298;201400000910;0;7;0;8.0;1.0;2.0;1.0;A01
1299;201400000911;0;7;0;0.0;2.0;3.0;1.0;A01
1300;201400000911;0;2;0;0.0;2.0;1.0;9.0;B02
1301;201400000912;0;36;0;0.0;0.0;0.0;1.0;A01
1302;201400000913;0;7;0;0.0;0.0;0.0;16.0;B02
1303;201400000913;0;7;0;0.0;0.0;1.0;1.0;A01
1304;201400000914;0;2;0;0.0;2.0;8.0;15.0;B02
1305;201400000914;0;33;0;0.0;2.0;7.0;17.0;A01
1306;201400000915;0;7;0;0.0;2.0;2.0;1.0;A01
1307;201400000915;0;7;0;0.0;2.0;3.0;16.0;B02
1308;201400000917;0;10;0;13.0;0.0;2.0;1.0;A01
1309;201400000918;0;33;0;0.0;2.0;3.0;2.0;A01
1310;201400000918;0;33;0;0.0;0.0;7.0;2.0;B02