;Num_Acc;senc;catv;occutc;obs;obsm;choc;manv;num_veh
1311;201400000920;0;7;0;0.0;1.0;3.0;1.0;A01
1312;201400000921;0;33;0;0.0;0.0;0.0;21.0;A01
1313;201400000923;0;33;0;0.0;2.0;1.0;1.0;A01
1314;201400000923;0;10;0;0.0;0.0;7.0;15.0;B02
1315;201400000924;0;2;0;13.0;0.0;8.0;13.0;A01
1316;201400000925;0;7;0;13.0;0.0;9.0;1.0;A01
1317;201400000926;1;7;0;0.0;0.0;0.0;15.0;B02
1318;201400000926;0;2;0;0.0;2.0;0.0;1.0;A01
1319;201400000927;1;7;0;0.0;1.0;3.0;0.0;A01
1320;201400000928;0;33;0;0.0;0.0;8.0;1.0;A01
1321;201400000928;0;7;0;0.0;0.0;0.0;1.0;B02
1322;201400000929;0;7;0;8.0;9.0;1.0;16.0;A01
1323;201400000930;0;7;0;0.0;1.0;0.0;1.0;A01
1324;201400000931;0;7;0;0.0;0.0;1.0;1.0;B02
1325;201400000931;0;7;0;0.0;2.0;1.0;13.0;A01
1326;201400000932;0;1;0;0.0;2.0;1.0;1.0;B02
1327;201400000932;0;7;0;0.0;9.0;2.0;15.0;A01
1328;201400000933;0;1;0;0.0;2.0;4.0;1.0;B02
1329;201400000933;0;7;0;0.0;2.0;2.0;1.0;A01
1330;201400000934;0;7;0;0.0;2.0;3.0;1.0;B02
1331;201400000934;0;2;0;0.0;2.0;7.0;1.0;A01
1332;201400000935;0;7;0;8.0;0.0;3.0;13.0;A01
1333;201400000936;0;31;0;3.0;0.0;8.0;1.0;A01
1334;201400000938;0;1;0;0.0;2.0;8.0;1.0;B02
1335;201400000938;0;7;0;0.0;2.0;7.0;17.0;A01
1336;201400000939;0;7;0;0.0;1.0;1.0;1.0;A01
1337;201400000940;0;7;0;0.0;2.0;2.0;24.0;A01
1338;201400000940;0;2;0;0.0;2.0;1.0;1.0;B02
1339;201400000941;0;7;0;0.0;2.0;1.0;13.0;A01
1340;201400000941;0;7;0;0.0;2.0;1.0;1.0;B02
1341;201400000942;0;7;0;6.0;0.0;1.0;1.0;A01
1342;201400000943;0;33;0;0.0;1.0;1.0;1.0;A01
1343;201400000944;0;2;0;0.0;2.0;1.0;1.0;B02
1344;201400000944;0;7;0;0.0;2.0;1.0;13.0;A01
1345;201400000945;0;7;0;0.0;1.0;4.0;4.0;A01
1346;201400000946;0;7;0;0.0;2.0;1.0;1.0;A01
1347;201400000946;0;30;0;0.0;2.0;8.0;1.0;B02
1348;201400000947;0;7;0;2.0;0.0;1.0;13.0;A01
1349;201400000948;0;7;0;0.0;1.0;1.0;16.0;A01
1350;201400000949;0;7;0;0.0;0.0;3.0;1.0;A01
1351;201400000950;0;7;0;8.0;0.0;8.0;1.0;A01
1352;201400000951;0;21;0;0.0;2.0;8.0;1.0;B02
1353;201400000951;0;2;0;0.0;2.0;1.0;16.0;A01
1354;201400000953;0;7;0;0.0;1.0;2.0;0.0;A01
1355;201400000954;0;7;0;0.0;2.0;8.0;19.0;B02
1356;201400000954;0;7;0;0.0;2.0;1.0;1.0;A01
1357;201400000955;0;7;0;0.0;2.0;1.0;1.0;B02
1358;201400000955;0;7;0;0.0;2.0;7.0;15.0;A01
1359;201400000956;0;7;0;13.0;0.0;1.0;1.0;A01
1360;201400000957;0;7;0;3.0;0.0;1.0;1.0;A01
1361;201400000958;0;7;0;8.0;0.0;1.0;1.0;A01
1362;201400000959;0;33;0;0.0;2.0;7.0;1.0;A01
1363;201400000959;0;7;0;0.0;2.0;1.0;1.0;B02
1364;201400000960;0;7;0;13.0;0.0;9.0;1.0;A01
1365;201400000961;0;21;0;0.0;2.0;8.0;15.0;A01
1366;201400000961;0;33;0;0.0;2.0;1.0;17.0;B02
1367;201400000963;0;33;0;0.0;0.0;1.0;0.0;A01
1368;201400000964;0;7;0;0.0;1.0;1.0;1.0;A01
1369;201400000965;0;3;0;0.0;1.0;3.0;11.0;A01
1370;201400000966;0;7;0;0.0;0.0;1.0;1.0;A01
1371;201400000968;0;99;0;0.0;2.0;3.0;1.0;B02
1372;201400000968;0;99;0;0.0;2.0;3.0;19.0;A01
1373;201400000970;0;7;0;14.0;0.0;1.0;0.0;D04
1374;201400000970;0;7;0;14.0;0.0;1.0;1.0;B02
1375;201400000970;0;7;0;14.0;0.0;1.0;1.0;C03
1376;201400000970;0;15;0;3.0;0.0;7.0;1.0;A01
1377;201400000971;0;10;0;0.0;2.0;3.0;15.0;A01
1378;201400000971;0;33;0;0.0;2.0;1.0;1.0;B02
1379;201400000972;0;99;0;0.0;2.0;1.0;1.0;B02
1380;201400000972;0;10;0;0.0;2.0;1.0;21.0;A01
1381;201400000973;0;7;0;0.0;2.0;3.0;13.0;A01
1382;201400000973;0;7;0;0.0;2.0;3.0;1.0;B02
1383;201400000974;0;10;0;0.0;2.0;1.0;5.0;A01
1384;201400000974;0;7;0;0.0;2.0;1.0;1.0;B02
1385;201400000975;0;33;0;0.0;5.0;1.0;1.0;A01
1386;201400000976;0;7;0;0.0;0.0;1.0;1.0;A01
1387;201400000977;0;7;0;13.0;0.0;7.0;1.0;A01
1388;201400000978;0;7;0;2.0;0.0;3.0;1.0;A01
1389;201400000979;0;7;0;0.0;2.0;1.0;13.0;A01
1390;201400000979;0;7;0;0.0;2.0;1.0;1.0;B02
1391;201400000980;0;7;0;0.0;2.0;1.0;1.0;B02
1392;201400000980;0;7;0;0.0;2.0;7.0;13.0;A01
1393;201400000981;0;7;0;0.0;1.0;1.0;1.0;A01
1394;201400000982;0;3;0;0.0;2.0;8.0;19.0;B02
1395;201400000982;0;7;0;0.0;2.0;1.0;1.0;A01
1396;201400000983;0;7;0;0.0;2.0;6.0;23.0;B02
1397;201400000983;0;7;0;1.0;0.0;2.0;21.0;C03
1398;201400000983;0;7;0;3.0;0.0;8.0;1.0;A01
1399;201400000984;0;7;0;13.0;0.0;1.0;13.0;A01
1400;201400000985;0;31;0;0.0;2.0;1.0;2.0;A01
1401;201400000985;0;7;0;0.0;2.0;5.0;2.0;B02
1402;201400000986;0;7;0;0.0;2.0;1.0;1.0;B02
1403;201400000986;0;7;0;0.0;2.0;2.0;15.0;A01
1404;201400000987;0;2;0;0.0;2.0;4.0;2.0;B02
1405;201400000987;0;7;0;0.0;2.0;1.0;2.0;A01
1406;201400000988;0;7;0;0.0;2.0;1.0;5.0;A01
1407;201400000988;0;7;0;0.0;2.0;3.0;1.0;B02
1408;201400000990;0;21;0;0.0;0.0;3.0;15.0;B02
1409;201400000990;0;33;0;0.0;2.0;1.0;17.0;A01
1410;201400000991;0;7;0;0.0;1.0;3.0;1.0;A01
1411;201400000992;0;7;0;13.0;0.0;8.0;14.0;A01
1412;201400000993;0;7;0;16.0;0.0;1.0;1.0;A01
1413;201400000994;0;7;0;0.0;2.0;1.0;1.0;A01
1414;201400000994;0;7;0;0.0;2.0;8.0;19.0;B02
1415;201400000995;0;10;0;0.0;2.0;1.0;1.0;A01
1416;201400000995;0;7;0;0.0;2.0;3.0;19.0;B02
1417;201400000996;0;33;0;0.0;0.0;7.0;16.0;A01
1418;201400000997;0;33;0;0.0;2.0;3.0;1.0;A01
1419;201400000997;0;7;0;0.0;2.0;2.0;19.0;B02
1420;201400000998;0;7;0;0.0;2.0;1.0;1.0;A01
1421;201400000998;0;7;0;0.0;2.0;3.0;1.0;B02
1422;201400000998;0;7;0;0.0;2.0;4.0;2.0;C03
1423;201400000999;0;7;0;0.0;2.0;7.0;19.0;A01
1424;201400000999;0;7;0;0.0;2.0;1.0;1.0;B02
1425;201400001000;1;7;0;0.0;1.0;;0.0;A01
1426;201400001001;0;7;0;0.0;2.0;1.0;9.0;A01
1427;201400001001;0;2;0;0.0;2.0;5.0;2.0;B02
1428;201400001002;0;7;0;0.0;2.0;3.0;13.0;A01
1429;201400001002;0;7;0;0.0;2.0;2.0;1.0;B02
1430;201400001003;0;7;0;0.0;1.0;2.0;1.0;A01
1431;201400001004;0;10;0;0.0;1.0;2.0;1.0;A01
1432;201400001005;0;2;0;0.0;2.0;7.0;1.0;B02
1433;201400001005;0;10;0;0.0;2.0;1.0;15.0;A01
1434;201400001006;0;7;0;0.0;1.0;2.0;1.0;A01
1435;201400001007;0;7;0;0.0;0.0;3.0;23.0;C03
1436;201400001007;0;7;0;0.0;2.0;1.0;15.0;A01
1437;201400001007;0;7;0;0.0;2.0;1.0;1.0;B02
1438;201400001008;0;7;0;13.0;0.0;5.0;1.0;A01
1439;201400001009;0;7;0;0.0;0.0;5.0;13.0;A01
1440;201400001009;0;10;0;0.0;2.0;1.0;1.0;B02
1441;201400001010;0;7;0;0.0;0.0;1.0;1.0;A01
1442;201400001010;0;7;0;0.0;0.0;1.0;1.0;B02
1443;201400001011;0;7;0;0.0;2.0;7.0;13.0;A01
1444;201400001011;0;7;0;0.0;2.0;1.0;1.0;B02
1445;201400001012;0;7;0;0.0;2.0;1.0;5.0;A01
1446;201400001012;0;2;0;0.0;2.0;1.0;1.0;B02
1447;201400001013;0;3;0;0.0;2.0;1.0;13.0;A01
1448;201400001013;0;7;0;0.0;2.0;1.0;1.0;B02
1449;201400001014;0;7;0;0.0;2.0;1.0;17.0;A01
1450;201400001014;0;7;0;0.0;2.0;1.0;1.0;B02
1451;201400001015;0;7;0;0.0;1.0;2.0;2.0;A01
1452;201400001016;0;7;0;0.0;0.0;0.0;23.0;A01
1453;201400001017;0;10;0;0.0;1.0;2.0;1.0;A01
1454;201400001020;0;7;0;0.0;2.0;3.0;1.0;A01
1455;201400001020;0;7;0;0.0;2.0;3.0;1.0;B02
1456;201400001021;0;7;0;6.0;0.0;1.0;1.0;A01
1457;201400001023;0;7;0;0.0;2.0;7.0;16.0;A01
1458;201400001023;0;1;0;0.0;2.0;8.0;2.0;B02
1459;201400001024;0;7;0;8.0;0.0;9.0;1.0;A01
1460;201400001025;0;7;0;0.0;2.0;2.0;1.0;A01
1461;201400001025;0;7;0;0.0;2.0;3.0;1.0;B02
1462;201400001025;0;10;0;0.0;2.0;2.0;1.0;C03
1463;201400001026;0;7;0;0.0;2.0;3.0;13.0;A01
1464;201400001026;0;7;0;0.0;2.0;3.0;1.0;B02
1465;201400001027;0;7;0;0.0;0.0;9.0;14.0;A01
1466;201400001029;0;10;0;0.0;1.0;0.0;1.0;A01
1467;201400001030;0;33;0;0.0;2.0;1.0;1.0;A01
1468;201400001030;0;7;0;0.0;2.0;6.0;19.0;B02
1469;201400001031;0;7;0;0.0;2.0;3.0;13.0;A01
1470;201400001031;0;7;0;0.0;2.0;2.0;1.0;B02
1471;201400001032;0;7;0;0.0;2.0;6.0;19.0;A01
1472;201400001032;0;33;0;0.0;2.0;1.0;1.0;B02
1473;201400001033;0;7;0;0.0;2.0;2.0;17.0;A01
1474;201400001033;0;1;0;0.0;2.0;4.0;1.0;B02
1475;201400001034;0;33;0;13.0;0.0;1.0;1.0;A01
1476;201400001035;0;7;0;0.0;2.0;8.0;1.0;A01
1477;201400001035;0;7;0;0.0;2.0;8.0;1.0;B02
1478;201400001035;0;33;0;0.0;2.0;1.0;13.0;C03
1479;201400001035;0;33;0;0.0;2.0;1.0;13.0;D04
1480;201400001036;0;7;0;0.0;1.0;2.0;1.0;A01
1481;201400001037;0;7;0;0.0;2.0;2.0;19.0;A01
1482;201400001037;0;1;0;0.0;2.0;1.0;1.0;B02
1483;201400001038;0;7;0;6.0;0.0;1.0;1.0;A01
1484;201400001039;0;14;0;13.0;0.0;1.0;1.0;A01
1485;201400001040;0;7;0;0.0;2.0;3.0;13.0;A01
1486;201400001040;0;7;0;0.0;2.0;3.0;1.0;B02
1487;201400001040;0;10;0;0.0;2.0;1.0;1.0;C03
1488;201400001041;0;7;0;0.0;1.0;2.0;1.0;A01
1489;201400001042;0;10;0;0.0;2.0;1.0;1.0;A01
1490;201400001042;0;30;0;0.0;2.0;8.0;9.0;B02
1491;201400001043;0;7;0;0.0;1.0;1.0;1.0;A01
1492;201400001044;0;7;0;13.0;0.0;1.0;1.0;A01
1493;201400001046;0;7;0;0.0;1.0;3.0;1.0;A01
1494;201400001047;0;2;0;0.0;2.0;2.0;9.0;A01
1495;201400001047;0;7;0;0.0;2.0;3.0;1.0;B02
1496;201400001049;0;33;0;0.0;2.0;1.0;1.0;A01
1497;201400001049;0;7;0;0.0;2.0;2.0;1.0;B02
1498;201400001050;0;13;0;0.0;2.0;7.0;10.0;A01
1499;201400001050;0;10;0;0.0;2.0;3.0;2.0;B02
1500;201400001051;0;33;0;0.0;2.0;1.0;17.0;A01
1501;201400001051;0;7;0;0.0;2.0;8.0;15.0;B02
1502;201400001052;0;7;0;0.0;2.0;6.0;1.0;A01
1503;201400001052;0;1;0;0.0;2.0;2.0;15.0;B02
1504;201400001053;0;7;0;0.0;2.0;4.0;20.0;A01
1505;201400001053;0;30;0;0.0;2.0;7.0;1.0;B02
1506;201400001054;0;7;0;0.0;1.0;2.0;14.0;A01
1507;201400001055;0;30;0;6.0;0.0;1.0;13.0;A01
1508;201400001056;0;7;0;0.0;1.0;2.0;1.0;A01
1509;201400001057;0;7;0;8.0;0.0;5.0;1.0;A01
1510;201400001058;0;7;0;6.0;0.0;1.0;1.0;A01
1511;201400001059;0;7;0;0.0;1.0;3.0;1.0;A01
1512;201400001060;0;7;0;0.0;1.0;2.0;1.0;A01
1513;201400001061;0;7;0;13.0;0.0;1.0;1.0;A01
1514;201400001062;0;7;0;0.0;2.0;1.0;13.0;A01
1515;201400001062;0;7;0;0.0;2.0;1.0;1.0;B02
1516;201400001062;0;7;0;0.0;2.0;6.0;2.0;C03
1517;201400001063;0;7;0;8.0;0.0;7.0;1.0;A01
1518;201400001064;0;1;0;0.0;2.0;4.0;1.0;A01
1519;201400001064;0;10;0;0.0;2.0;2.0;1.0;B02
1520;201400001065;0;7;0;2.0;0.0;3.0;13.0;A01
1521;201400001066;0;7;0;2.0;0.0;3.0;6.0;A01
1522;201400001067;0;7;0;0.0;2.0;1.0;13.0;A01
1523;201400001067;0;7;0;0.0;2.0;1.0;21.0;B02
1524;201400001068;0;7;0;0.0;2.0;1.0;13.0;A01
1525;201400001068;0;10;0;0.0;2.0;3.0;1.0;B02
1526;201400001069;0;10;0;0.0;0.0;3.0;17.0;A01
1527;201400001069;0;7;0;0.0;2.0;8.0;21.0;B02
1528;201400001070;0;10;0;0.0;2.0;3.0;17.0;A01
1529;201400001070;0;7;0;0.0;2.0;3.0;1.0;B02
1530;201400001071;0;7;0;13.0;0.0;9.0;1.0;A01
1531;201400001072;0;7;0;0.0;2.0;6.0;1.0;A01
1532;201400001072;0;7;0;0.0;2.0;1.0;2.0;B02
1533;201400001073;0;10;0;0.0;2.0;3.0;17.0;A01
1534;201400001073;0;7;0;0.0;2.0;3.0;1.0;B02
1535;201400001073;0;17;0;0.0;2.0;8.0;17.0;C03
1536;201400001075;0;7;0;0.0;1.0;1.0;1.0;A01
1537;201400001077;0;7;0;0.0;1.0;2.0;1.0;A01
1538;201400001078;0;14;0;0.0;2.0;1.0;1.0;B02
1539;201400001078;0;2;0;0.0;2.0;8.0;1.0;A01
1540;201400001079;0;2;0;13.0;0.0;1.0;13.0;A01
1541;201400001080;0;7;0;0.0;2.0;1.0;13.0;A01
1542;201400001080;0;10;0;0.0;2.0;1.0;1.0;B02
1543;201400001081;0;7;0;0.0;2.0;6.0;19.0;B02
1544;201400001081;0;30;0;0.0;2.0;1.0;1.0;A01
1545;201400001082;0;7;0;0.0;1.0;3.0;1.0;A01
1546;201400001083;0;7;0;0.0;2.0;8.0;13.0;A01
1547;201400001083;0;14;0;0.0;2.0;1.0;1.0;B02
1548;201400001084;0;10;0;0.0;1.0;7.0;1.0;A01
1549;201400001085;0;7;0;0.0;2.0;3.0;1.0;A01
1550;201400001085;0;2;0;0.0;2.0;7.0;19.0;B02
1551;201400001086;0;7;0;0.0;2.0;7.0;1.0;A01
1552;201400001086;0;7;0;0.0;2.0;3.0;1.0;B02
1553;201400001087;0;1;0;0.0;0.0;1.0;1.0;A01
1554;201400001088;0;7;0;0.0;1.0;1.0;1.0;A01
1555;201400001089;0;30;0;8.0;0.0;2.0;16.0;A01
1556;201400001090;0;33;0;7.0;0.0;1.0;17.0;A01
1557;201400001091;0;33;0;0.0;2.0;1.0;17.0;A01
1558;201400001091;0;7;0;0.0;2.0;3.0;1.0;B02
1559;201400001092;0;7;0;0.0;2.0;3.0;13.0;A01
1560;201400001092;0;7;0;0.0;2.0;3.0;1.0;B02
1561;201400001094;0;1;0;0.0;2.0;8.0;15.0;A01
1562;201400001094;0;7;0;0.0;2.0;7.0;15.0;B02
1563;201400001095;0;7;0;0.0;2.0;3.0;1.0;A01
1564;201400001095;0;3;0;0.0;2.0;3.0;1.0;B02
1565;201400001096;0;7;0;0.0;2.0;3.0;1.0;B02
1566;201400001096;0;7;0;0.0;2.0;6.0;13.0;A01
1567;201400001097;0;7;0;0.0;1.0;3.0;1.0;A01
1568;201400001098;0;33;0;0.0;1.0;7.0;1.0;A01
1569;201400001099;0;7;0;0.0;0.0;1.0;0.0;B02
1570;201400001099;0;7;0;0.0;0.0;1.0;1.0;A01
1571;201400001100;0;7;0;13.0;0.0;2.0;14.0;A01
1572;201400001101;0;7;0;0.0;2.0;3.0;13.0;A01
1573;201400001101;0;7;0;10.0;2.0;3.0;1.0;B02
1574;201400001102;0;7;0;0.0;1.0;1.0;1.0;A01
1575;201400001103;0;7;0;0.0;1.0;3.0;1.0;A01
1576;201400001105;0;7;0;13.0;0.0;1.0;0.0;A01
1577;201400001106;0;7;0;0.0;1.0;2.0;1.0;A01
1578;201400001107;0;33;0;8.0;0.0;1.0;0.0;A01
1579;201400001108;1;7;0;0.0;1.0;6.0;19.0;A01
1580;201400001109;0;7;0;0.0;2.0;3.0;13.0;A01
1581;201400001109;0;7;0;0.0;2.0;3.0;1.0;B02
1582;201400001111;0;7;0;0.0;1.0;2.0;1.0;A01
1583;201400001112;0;33;0;0.0;2.0;1.0;1.0;A01
1584;201400001112;0;7;0;0.0;2.0;2.0;15.0;B02
1585;201400001113;0;30;0;0.0;2.0;1.0;1.0;A01
1586;201400001113;2;7;0;0.0;2.0;8.0;19.0;B02
1587;201400001114;0;7;0;0.0;2.0;2.0;2.0;A01
1588;201400001114;0;7;0;0.0;2.0;1.0;1.0;B02
1589;201400001114;0;7;0;0.0;2.0;1.0;0.0;C03
1590;201400001114;0;10;0;13.0;0.0;2.0;1.0;D04
1591;201400001115;0;7;0;0.0;2.0;1.0;13.0;A01
1592;201400001115;0;7;0;0.0;2.0;1.0;1.0;B02
1593;201400001116;0;7;0;0.0;2.0;6.0;15.0;A01
1594;201400001116;0;33;0;0.0;2.0;1.0;17.0;B02
1595;201400001118;0;31;0;5.0;0.0;1.0;1.0;A01
1596;201400001119;0;7;0;0.0;2.0;8.0;1.0;B02
1597;201400001119;0;7;0;0.0;2.0;1.0;15.0;A01
1598;201400001120;0;7;0;0.0;2.0;2.0;1.0;A01
1599;201400001120;0;2;0;0.0;2.0;1.0;13.0;B02
1600;201400001121;0;1;0;0.0;0.0;0.0;1.0;A01
1601;201400001123;0;7;0;2.0;0.0;9.0;1.0;A01
1602;201400001124;0;30;0;0.0;1.0;1.0;0.0;A01
1603;201400001124;0;30;0;0.0;2.0;1.0;2.0;B02
1604;201400001125;0;14;0;0.0;2.0;3.0;21.0;B02
1605;201400001125;0;7;0;0.0;2.0;3.0;13.0;A01
1606;201400001126;0;7;0;13.0;0.0;2.0;1.0;A01
1607;201400001127;0;7;0;0.0;1.0;2.0;1.0;A01
1608;201400001128;0;7;0;13.0;0.0;7.0;1.0;A01
1609;201400001129;0;7;0;0.0;2.0;1.0;1.0;A01
1610;201400001129;0;7;0;0.0;2.0;8.0;1.0;B02
1611;201400001130;0;10;0;0.0;2.0;3.0;15.0;A01
1612;201400001130;0;10;0;0.0;2.0;5.0;1.0;B02
1613;201400001132;0;7;0;13.0;0.0;2.0;1.0;A01
1614;201400001133;0;7;0;13.0;0.0;1.0;1.0;A01
1615;201400001134;0;14;0;0.0;2.0;1.0;0.0;A01
1616;201400001134;0;7;0;0.0;2.0;1.0;5.0;B02
1617;201400001135;0;7;0;0.0;2.0;1.0;13.0;A01
1618;201400001135;0;7;0;0.0;2.0;1.0;1.0;B02
1619;201400001136;0;7;0;0.0;2.0;2.0;15.0;A01
1620;201400001136;0;7;0;0.0;2.0;1.0;1.0;B02
1621;201400001136;0;7;0;0.0;0.0;8.0;23.0;C03
1622;201400001137;0;21;0;0.0;0.0;4.0;4.0;A01
1623;201400001137;0;1;0;0.0;2.0;1.0;1.0;B02
1624;201400001138;0;7;0;6.0;0.0;3.0;1.0;A01
1625;201400001139;0;7;0;13.0;0.0;1.0;1.0;A01
1626;201400001140;0;17;0;13.0;0.0;3.0;1.0;A01
1627;201400001142;0;7;0;0.0;2.0;2.0;15.0;A01
1628;201400001142;0;1;0;0.0;2.0;1.0;1.0;B02
1629;201400001143;0;7;0;2.0;0.0;9.0;1.0;A01
1630;201400001144;0;7;0;0.0;1.0;3.0;17.0;A01
1631;201400001144;0;7;0;14.0;0.0;0.0;1.0;B02
1632;201400001145;0;7;0;0.0;2.0;2.0;1.0;A01
1633;201400001145;0;7;0;0.0;2.0;6.0;1.0;B02
1634;201400001146;0;7;0;0.0;1.0;8.0;1.0;A01
1635;201400001147;1;7;0;0.0;1.0;2.0;2.0;A01
1636;201400001149;0;7;0;0.0;2.0;2.0;15.0;A01
1637;201400001149;0;2;0;0.0;2.0;8.0;0.0;B02
1638;201400001150;0;7;0;0.0;2.0;2.0;1.0;A01
1639;201400001150;0;7;0;0.0;2.0;3.0;1.0;B02
1640;201400001151;0;33;0;0.0;2.0;1.0;1.0;A01
1641;201400001151;0;7;0;0.0;2.0;6.0;6.0;B02
1642;201400001152;0;10;0;8.0;0.0;7.0;17.0;A01
1643;201400001153;0;7;0;0.0;2.0;1.0;1.0;A01
1644;201400001153;0;7;0;0.0;2.0;3.0;2.0;B02
1645;201400001154;0;36;0;6.0;0.0;9.0;20.0;A01
1646;201400001155;0;7;0;0.0;2.0;1.0;5.0;A01
1647;201400001155;0;7;0;0.0;2.0;1.0;1.0;B02
1648;201400001156;0;7;0;2.0;0.0;1.0;1.0;A01
1649;201400001157;0;1;0;0.0;2.0;4.0;1.0;B02
1650;201400001157;0;7;0;0.0;2.0;2.0;1.0;A01
1651;201400001158;0;7;0;0.0;2.0;1.0;1.0;A01
1652;201400001158;0;7;0;0.0;2.0;3.0;5.0;B02
1653;201400001159;0;7;0;0.0;2.0;2.0;1.0;A01
1654;201400001159;0;7;0;0.0;2.0;1.0;1.0;B02
1655;201400001160;0;7;0;0.0;2.0;5.0;13.0;A01
1656;201400001160;0;7;0;0.0;2.0;2.0;1.0;B02
1657;201400001161;0;30;0;0.0;1.0;1.0;2.0;A01
1658;201400001162;0;7;0;0.0;0.0;0.0;1.0;B02
1659;201400001162;0;33;0;0.0;0.0;0.0;1.0;A01
1660;201400001163;0;7;0;13.0;0.0;2.0;17.0;A01
1661;201400001164;0;7;0;2.0;0.0;4.0;0.0;A01
1662;201400001165;0;7;0;13.0;0.0;1.0;13.0;A01
1663;201400001166;0;33;0;13.0;0.0;1.0;1.0;A01
1664;201400001167;0;7;0;0.0;1.0;3.0;1.0;A01
1665;201400001168;0;7;0;0.0;1.0;1.0;1.0;A01
1666;201400001169;0;7;0;0.0;2.0;2.0;1.0;A01
1667;201400001169;0;30;0;0.0;2.0;6.0;1.0;B02
1668;201400001170;0;7;0;0.0;9.0;1.0;1.0;A01
1669;201400001171;0;7;0;0.0;1.0;3.0;1.0;A01
1670;201400001172;0;7;0;13.0;0.0;1.0;1.0;A01
1671;201400001174;0;7;0;0.0;2.0;8.0;1.0;A01
1672;201400001174;0;31;0;0.0;2.0;1.0;1.0;B02
1673;201400001175;0;7;0;0.0;2.0;1.0;1.0;A01
1674;201400001175;0;7;0;0.0;2.0;5.0;19.0;B02
1675;201400001176;0;15;0;0.0;2.0;2.0;1.0;A01
1676;201400001176;0;7;0;0.0;2.0;8.0;19.0;B02
1677;201400001177;0;7;0;0.0;9.0;1.0;1.0;A01
1678;201400001177;0;1;0;0.0;2.0;1.0;5.0;B02
1679;201400001178;0;33;0;0.0;2.0;1.0;13.0;A01
1680;201400001178;0;7;0;0.0;2.0;8.0;0.0;B02
1681;201400001179;0;7;0;6.0;0.0;1.0;1.0;A01
1682;201400001180;0;99;0;0.0;0.0;6.0;15.0;B02
1683;201400001180;0;31;0;0.0;2.0;1.0;17.0;A01
1684;201400001181;0;7;0;0.0;2.0;1.0;19.0;A01
1685;201400001181;0;7;0;0.0;2.0;3.0;1.0;B02
1686;201400001182;0;33;0;0.0;2.0;1.0;1.0;A01
1687;201400001182;0;21;0;0.0;2.0;3.0;15.0;B02
1688;201400001183;1;7;0;0.0;1.0;3.0;1.0;A01
1689;201400001184;0;33;0;13.0;0.0;1.0;1.0;A01
1690;201400001185;0;15;0;0.0;2.0;1.0;2.0;A01
1691;201400001185;0;17;0;0.0;2.0;4.0;2.0;C03
1692;201400001185;0;14;0;0.0;2.0;4.0;2.0;B02
1693;201400001186;0;7;0;2.0;0.0;2.0;1.0;A01
1694;201400001187;0;10;0;2.0;0.0;3.0;1.0;A01
1695;201400001188;0;7;0;0.0;2.0;1.0;1.0;B02
1696;201400001188;0;7;0;0.0;2.0;8.0;19.0;A01
1697;201400001189;0;33;0;16.0;0.0;7.0;17.0;A01
1698;201400001190;0;7;0;0.0;2.0;1.0;1.0;B02
1699;201400001190;0;7;0;0.0;2.0;2.0;15.0;A01
1700;201400001191;0;7;0;13.0;0.0;3.0;1.0;A01
1701;201400001191;0;7;0;0.0;2.0;1.0;1.0;B02
1702;201400001193;0;10;0;0.0;0.0;7.0;13.0;A01
1703;201400001193;0;7;0;0.0;2.0;1.0;1.0;B02
1704;201400001194;0;10;0;0.0;2.0;8.0;15.0;B02
1705;201400001194;0;2;0;0.0;2.0;7.0;17.0;A01
1706;201400001195;0;7;0;0.0;2.0;3.0;13.0;A01
1707;201400001195;0;7;0;0.0;2.0;3.0;1.0;B02
1708;201400001196;0;7;0;0.0;2.0;3.0;13.0;A01
1709;201400001196;0;10;0;0.0;2.0;3.0;1.0;B02
1710;201400001197;0;7;0;0.0;2.0;2.0;19.0;A01
1711;201400001197;0;7;0;0.0;2.0;3.0;1.0;B02
1712;201400001198;0;7;0;12.0;0.0;2.0;1.0;A01
1713;201400001199;0;7;0;0.0;1.0;2.0;1.0;A01
1714;201400001200;0;7;0;0.0;2.0;3.0;1.0;A01
1715;201400001200;0;1;0;0.0;2.0;7.0;1.0;B02
1716;201400001202;0;7;0;0.0;2.0;4.0;15.0;A01
1717;201400001202;0;33;0;0.0;2.0;1.0;1.0;B02
1718;201400001203;0;7;0;8.0;0.0;1.0;1.0;A01
1719;201400001204;0;7;0;0.0;1.0;1.0;15.0;A01
1720;201400001205;0;7;0;0.0;0.0;3.0;1.0;A01
1721;201400001206;0;7;0;8.0;0.0;1.0;1.0;A01
1722;201400001208;0;7;0;13.0;0.0;2.0;1.0;A01
1723;201400001209;0;7;0;0.0;2.0;1.0;1.0;A01
1724;201400001209;0;7;0;0.0;2.0;1.0;1.0;B02
1725;201400001210;0;7;0;13.0;0.0;1.0;1.0;A01
1726;201400001211;0;7;0;12.0;0.0;3.0;1.0;A01
1727;201400001211;0;10;0;0.0;0.0;2.0;19.0;B02
1728;201400001212;0;7;0;0.0;2.0;1.0;1.0;A01
1729;201400001212;0;14;0;0.0;2.0;6.0;1.0;B02
1730;201400001213;0;33;0;0.0;0.0;1.0;1.0;A01
1731;201400001214;0;7;0;2.0;9.0;7.0;1.0;A01
1732;201400001215;0;7;0;0.0;2.0;3.0;1.0;B02
1733;201400001215;0;7;0;0.0;2.0;3.0;2.0;C03
1734;201400001215;0;7;0;0.0;2.0;3.0;1.0;A01
1735;201400001216;0;7;0;0.0;2.0;1.0;1.0;B02
1736;201400001216;0;7;0;0.0;0.0;2.0;15.0;A01
1737;201400001217;0;2;0;0.0;2.0;1.0;1.0;A01
1738;201400001217;0;7;0;0.0;2.0;1.0;15.0;B02
1739;201400001218;0;7;0;0.0;2.0;3.0;13.0;A01
1740;201400001218;0;7;0;0.0;2.0;6.0;1.0;C03