;Num_Acc;senc;catv;occutc;obs;obsm;choc;manv;num_veh
1741;201400001218;0;15;0;0.0;2.0;2.0;1.0;B02
1742;201400001219;0;7;0;0.0;0.0;1.0;12.0;A01
1743;201400001220;0;33;0;2.0;0.0;0.0;17.0;A01
1744;201400001221;0;7;0;0.0;2.0;1.0;1.0;B02
1745;201400001221;0;31;0;0.0;2.0;1.0;13.0;A01
1746;201400001222;0;2;0;0.0;2.0;7.0;17.0;A01
1747;201400001222;0;21;0;0.0;2.0;8.0;15.0;B02
1748;201400001223;0;7;0;0.0;9.0;2.0;15.0;A01
1749;201400001223;0;1;0;0.0;2.0;1.0;1.0;B02
1750;201400001224;0;1;0;0.0;2.0;7.0;19.0;B02
1751;201400001224;0;7;0;0.0;9.0;1.0;1.0;A01
1752;201400001225;0;7;0;0.0;1.0;2.0;15.0;A01
1753;201400001226;0;33;0;15.0;0.0;0.0;1.0;A01
1754;201400001227;0;7;0;0.0;1.0;1.0;15.0;A01
1755;201400001228;0;7;0;0.0;2.0;8.0;15.0;B02
1756;201400001228;0;2;0;0.0;2.0;1.0;17.0;A01
1757;201400001229;0;7;0;0.0;0.0;4.0;2.0;C03
1758;201400001229;0;7;0;0.0;0.0;4.0;2.0;B02
1759;201400001229;0;7;0;0.0;0.0;1.0;2.0;A01
1760;201400001230;2;7;0;13.0;0.0;1.0;1.0;A01
1761;201400001231;0;2;0;0.0;0.0;0.0;0.0;B02
1762;201400001231;0;7;0;0.0;0.0;0.0;0.0;A01
1763;201400001232;0;7;0;13.0;0.0;1.0;14.0;A01
1764;201400001233;0;30;0;12.0;0.0;2.0;1.0;A01
1765;201400001234;0;7;0;0.0;2.0;2.0;1.0;B02
1766;201400001234;0;33;0;0.0;2.0;1.0;13.0;A01
1767;201400001235;0;7;0;0.0;2.0;1.0;1.0;B02
1768;201400001235;0;7;0;0.0;2.0;1.0;17.0;A01
1769;201400001235;0;10;0;0.0;2.0;1.0;23.0;C03
1770;201400001236;0;10;0;0.0;0.0;1.0;1.0;B02
1771;201400001236;0;30;0;14.0;0.0;1.0;1.0;A01
1772;201400001237;0;30;0;0.0;2.0;1.0;16.0;A01
1773;201400001237;0;7;0;0.0;2.0;3.0;1.0;B02
1774;201400001238;0;7;0;0.0;2.0;3.0;1.0;A01
1775;201400001238;0;31;0;0.0;0.0;8.0;0.0;B02
1776;201400001239;0;7;0;0.0;1.0;6.0;20.0;A01
1777;201400001240;0;7;0;0.0;1.0;2.0;1.0;A01
1778;201400001241;0;30;0;0.0;2.0;2.0;1.0;B02
1779;201400001241;0;7;0;0.0;2.0;8.0;9.0;A01
1780;201400001242;0;33;0;13.0;0.0;2.0;1.0;A01
1781;201400001243;0;10;0;0.0;2.0;1.0;1.0;B02
1782;201400001243;0;30;0;0.0;2.0;1.0;13.0;A01
1783;201400001244;0;7;0;0.0;2.0;2.0;19.0;A01
1784;201400001244;0;13;0;0.0;2.0;1.0;1.0;B02
1785;201400001245;0;7;0;0.0;1.0;3.0;1.0;A01
1786;201400001246;0;7;0;0.0;2.0;2.0;1.0;B02
1787;201400001246;0;7;0;0.0;2.0;1.0;15.0;A01
1788;201400001247;0;7;0;13.0;0.0;3.0;1.0;A01
1789;201400001248;0;7;0;0.0;2.0;1.0;1.0;B02
1790;201400001248;0;1;0;0.0;2.0;4.0;1.0;A01
1791;201400001249;0;10;0;0.0;0.0;0.0;23.0;B02
1792;201400001249;0;33;0;0.0;0.0;0.0;1.0;A01
1793;201400001250;0;7;0;0.0;2.0;1.0;2.0;A01
1794;201400001250;0;7;0;0.0;2.0;4.0;2.0;B02
1795;201400001251;0;30;0;0.0;0.0;3.0;1.0;A01
1796;201400001252;0;7;0;0.0;2.0;3.0;1.0;A01
1797;201400001252;0;2;0;0.0;2.0;8.0;1.0;B02
1798;201400001253;0;15;0;6.0;0.0;8.0;1.0;A01
1799;201400001254;0;7;0;0.0;2.0;1.0;1.0;B02
1800;201400001254;0;7;0;0.0;2.0;1.0;1.0;A01
1801;201400001255;0;7;0;2.0;0.0;1.0;1.0;A01
1802;201400001256;0;7;0;13.0;0.0;2.0;1.0;A01
1803;201400001257;0;7;0;2.0;0.0;2.0;1.0;A01
1804;201400001258;0;30;0;0.0;2.0;7.0;1.0;A01
1805;201400001258;0;7;0;0.0;2.0;1.0;19.0;B02
1806;201400001259;0;7;0;0.0;2.0;3.0;16.0;B02
1807;201400001259;0;14;0;0.0;2.0;2.0;1.0;A01
1808;201400001260;0;7;0;0.0;1.0;3.0;1.0;A01
1809;201400001261;0;30;0;0.0;2.0;7.0;19.0;B02
1810;201400001261;0;7;0;0.0;2.0;1.0;1.0;A01
1811;201400001263;0;7;0;0.0;1.0;7.0;1.0;A01
1812;201400001264;0;14;0;2.0;0.0;2.0;1.0;A01
1813;201400001265;0;30;0;0.0;2.0;1.0;5.0;A01
1814;201400001265;0;7;0;0.0;2.0;2.0;1.0;B02
1815;201400001266;0;7;0;0.0;2.0;4.0;2.0;B02
1816;201400001266;0;33;0;0.0;2.0;1.0;2.0;A01
1817;201400001268;0;7;0;7.0;0.0;1.0;16.0;A01
1818;201400001269;0;7;0;0.0;2.0;1.0;13.0;A01
1819;201400001269;0;10;0;0.0;2.0;1.0;1.0;B02
1820;201400001270;0;7;0;13.0;0.0;9.0;1.0;A01
1821;201400001271;0;7;0;0.0;0.0;2.0;1.0;A01
1822;201400001272;0;7;0;0.0;2.0;3.0;1.0;B02
1823;201400001272;0;2;0;0.0;2.0;1.0;5.0;A01
1824;201400001273;0;7;0;8.0;0.0;7.0;1.0;A01
1825;201400001274;0;7;0;0.0;2.0;1.0;1.0;B02
1826;201400001274;0;7;0;0.0;2.0;1.0;13.0;A01
1827;201400001275;0;7;0;13.0;0.0;2.0;1.0;A01
1828;201400001277;0;7;0;0.0;2.0;1.0;1.0;B02
1829;201400001277;0;15;0;0.0;2.0;1.0;13.0;A01
1830;201400001278;0;7;0;13.0;0.0;2.0;1.0;A01
1831;201400001279;0;7;0;0.0;2.0;1.0;2.0;A01
1832;201400001279;0;10;0;0.0;2.0;4.0;2.0;B02
1833;201400001280;0;7;0;0.0;2.0;3.0;13.0;A01
1834;201400001280;0;10;0;0.0;2.0;3.0;1.0;B02
1835;201400001281;0;7;0;0.0;2.0;1.0;1.0;B02
1836;201400001281;0;7;0;0.0;2.0;1.0;17.0;A01
1837;201400001282;1;17;0;0.0;1.0;1.0;1.0;A01
1838;201400001283;0;7;0;2.0;0.0;1.0;1.0;A01
1839;201400001284;0;7;0;0.0;1.0;7.0;1.0;A01
1840;201400001285;0;7;0;0.0;2.0;3.0;9.0;A01
1841;201400001285;0;33;0;0.0;2.0;1.0;1.0;B02
1842;201400001286;0;33;0;0.0;0.0;2.0;1.0;A01
1843;201400001287;0;10;0;2.0;0.0;1.0;1.0;A01
1844;201400001289;0;14;0;0.0;2.0;1.0;1.0;B02
1845;201400001289;0;7;0;0.0;2.0;2.0;13.0;A01
1846;201400001291;0;7;0;0.0;2.0;1.0;19.0;A01
1847;201400001291;0;7;0;0.0;2.0;1.0;1.0;B02
1848;201400001292;0;7;0;0.0;1.0;3.0;9.0;A01
1849;201400001294;0;30;0;0.0;2.0;1.0;2.0;A01
1850;201400001294;0;10;0;0.0;0.0;4.0;2.0;B02
1851;201400001295;0;7;0;0.0;2.0;2.0;1.0;B02
1852;201400001295;0;7;0;0.0;2.0;3.0;15.0;A01
1853;201400001296;0;7;0;0.0;0.0;2.0;0.0;A01
1854;201400001296;0;7;0;0.0;2.0;3.0;1.0;B02
1855;201400001297;0;30;0;0.0;2.0;8.0;15.0;A01
1856;201400001297;0;7;0;1.0;2.0;1.0;17.0;B02
1857;201400001298;0;33;0;14.0;0.0;1.0;0.0;A01
1858;201400001299;0;7;0;0.0;2.0;1.0;1.0;A01
1859;201400001299;0;10;0;0.0;2.0;1.0;1.0;C03
1860;201400001299;0;36;0;0.0;2.0;4.0;15.0;B02
1861;201400001300;0;1;0;0.0;2.0;3.0;1.0;B02
1862;201400001300;0;7;0;0.0;2.0;7.0;16.0;A01
1863;201400001301;0;7;0;0.0;2.0;1.0;5.0;A01
1864;201400001301;0;7;0;0.0;2.0;1.0;1.0;B02
1865;201400001302;0;10;0;0.0;1.0;2.0;1.0;A01
1866;201400001304;0;7;0;0.0;2.0;8.0;19.0;B02
1867;201400001304;0;7;0;0.0;2.0;2.0;1.0;A01
1868;201400001305;0;31;0;13.0;0.0;1.0;1.0;A01
1869;201400001306;0;14;0;0.0;0.0;9.0;1.0;A01
1870;201400001308;0;7;0;0.0;2.0;2.0;13.0;A01
1871;201400001308;0;7;0;0.0;2.0;3.0;1.0;B02
1872;201400001309;0;30;0;0.0;2.0;4.0;16.0;A01
1873;201400001309;0;7;0;0.0;2.0;3.0;1.0;B02
1874;201400001310;0;7;0;0.0;2.0;2.0;1.0;B02
1875;201400001310;0;7;0;0.0;2.0;1.0;1.0;A01
1876;201400001311;0;7;0;0.0;2.0;8.0;21.0;B02
1877;201400001311;0;33;0;0.0;2.0;2.0;21.0;A01
1878;201400001312;0;7;0;0.0;1.0;1.0;1.0;A01
1879;201400001313;0;33;0;0.0;2.0;7.0;1.0;B02
1880;201400001313;0;7;0;0.0;2.0;1.0;15.0;A01
1881;201400001314;0;33;0;0.0;2.0;3.0;17.0;A01
1882;201400001314;0;7;0;0.0;2.0;3.0;1.0;B02
1883;201400001315;0;31;0;0.0;2.0;7.0;16.0;A01
1884;201400001315;0;7;0;0.0;2.0;1.0;1.0;B02
1885;201400001317;0;15;0;0.0;2.0;7.0;17.0;A01
1886;201400001317;0;1;0;0.0;2.0;8.0;2.0;B02
1887;201400001318;0;7;0;0.0;2.0;1.0;1.0;B02
1888;201400001318;0;7;0;0.0;2.0;2.0;13.0;A01
1889;201400001319;0;7;0;0.0;1.0;3.0;21.0;A01
1890;201400001319;0;7;0;0.0;1.0;1.0;1.0;B02
1891;201400001320;0;7;0;0.0;2.0;3.0;17.0;A01
1892;201400001320;0;7;0;0.0;2.0;1.0;1.0;B02
1893;201400001322;0;7;0;2.0;0.0;8.0;14.0;A01
1894;201400001323;0;30;0;0.0;2.0;6.0;13.0;A01
1895;201400001323;0;2;0;0.0;2.0;2.0;17.0;B02
1896;201400001324;0;30;0;0.0;2.0;1.0;6.0;A01
1897;201400001324;0;7;0;0.0;2.0;3.0;1.0;B02
1898;201400001325;0;7;0;0.0;2.0;6.0;10.0;A01
1899;201400001325;0;33;0;0.0;2.0;1.0;1.0;B02
1900;201400001326;0;7;0;0.0;2.0;3.0;21.0;A01
1901;201400001326;0;7;0;0.0;2.0;3.0;13.0;B02
1902;201400001327;0;31;0;7.0;0.0;1.0;0.0;A01
1903;201400001328;0;7;0;0.0;2.0;8.0;10.0;A01
1904;201400001328;0;7;0;0.0;2.0;1.0;17.0;B02
1905;201400001330;0;33;0;0.0;2.0;1.0;17.0;A01
1906;201400001330;0;10;0;0.0;2.0;3.0;10.0;B02
1907;201400001331;0;7;0;0.0;2.0;2.0;15.0;A01
1908;201400001331;0;30;0;0.0;2.0;3.0;1.0;B02
1909;201400001332;0;10;0;13.0;0.0;9.0;14.0;A01
1910;201400001333;0;33;0;11.0;0.0;1.0;6.0;A01
1911;201400001334;0;30;0;0.0;2.0;1.0;1.0;B02
1912;201400001334;0;7;0;0.0;2.0;2.0;1.0;A01
1913;201400001336;0;34;0;0.0;1.0;3.0;21.0;A01
1914;201400001337;0;7;0;0.0;2.0;2.0;15.0;A01
1915;201400001337;0;33;0;0.0;2.0;1.0;1.0;B02
1916;201400001338;0;7;0;0.0;1.0;1.0;1.0;A01
1917;201400001339;0;30;0;0.0;2.0;1.0;1.0;A01
1918;201400001339;0;7;0;0.0;2.0;5.0;4.0;B02
1919;201400001342;0;7;0;0.0;2.0;2.0;15.0;A01
1920;201400001342;0;7;0;0.0;2.0;1.0;1.0;B02
1921;201400001343;0;7;0;0.0;2.0;2.0;15.0;A01
1922;201400001343;0;7;0;0.0;2.0;2.0;1.0;B02
1923;201400001344;0;10;0;0.0;1.0;1.0;1.0;A01
1924;201400001345;0;1;0;0.0;0.0;1.0;1.0;A01
1925;201400001346;0;7;0;0.0;2.0;3.0;15.0;A01
1926;201400001346;0;7;0;0.0;2.0;2.0;21.0;B02
1927;201400001347;0;30;0;0.0;2.0;1.0;15.0;A01
1928;201400001347;0;30;0;0.0;2.0;1.0;1.0;B01
1929;201400001348;0;7;0;13.0;0.0;9.0;13.0;A01
1930;201400001349;0;30;0;0.0;0.0;0.0;14.0;A01
1931;201400001350;0;7;0;13.0;0.0;9.0;14.0;A01
1932;201400001351;0;2;0;0.0;1.0;0.0;1.0;A01
1933;201400001352;0;7;0;0.0;2.0;1.0;1.0;A01
1934;201400001352;0;34;0;0.0;2.0;1.0;1.0;B02
1935;201400001353;0;7;0;6.0;2.0;6.0;15.0;A01
1936;201400001353;0;31;0;0.0;2.0;1.0;1.0;B02
1937;201400001354;0;7;0;8.0;0.0;1.0;1.0;A01
1938;201400001355;0;7;0;0.0;9.0;2.0;1.0;A01
1939;201400001355;0;1;0;0.0;2.0;6.0;2.0;B02
1940;201400001356;0;7;0;0.0;9.0;1.0;1.0;B02
1941;201400001356;0;1;0;0.0;2.0;1.0;5.0;A01
1942;201400001357;0;1;0;14.0;0.0;1.0;1.0;A01
1943;201400001358;0;7;0;0.0;2.0;2.0;13.0;A01
1944;201400001358;0;7;0;0.0;2.0;2.0;1.0;B02
1945;201400001359;0;7;0;7.0;0.0;1.0;1.0;A01
1946;201400001360;0;7;0;2.0;0.0;8.0;13.0;A01
1947;201400001361;0;10;0;0.0;2.0;7.0;9.0;B02
1948;201400001361;0;10;0;0.0;2.0;1.0;1.0;A01
1949;201400001362;0;7;0;0.0;0.0;2.0;1.0;A01
1950;201400001363;0;10;0;0.0;2.0;8.0;1.0;C03
1951;201400001363;0;33;0;0.0;2.0;4.0;1.0;B02
1952;201400001363;0;33;0;0.0;2.0;9.0;17.0;A01
1953;201400001364;0;7;0;0.0;2.0;3.0;9.0;C03
1954;201400001364;0;7;0;0.0;2.0;1.0;1.0;A01
1955;201400001364;0;7;0;0.0;2.0;1.0;15.0;B02
1956;201400001365;0;7;0;0.0;1.0;7.0;1.0;A01
1957;201400001366;0;36;0;15.0;0.0;1.0;13.0;A01
1958;201400001368;0;31;0;7.0;0.0;1.0;1.0;A01
1959;201400001369;0;7;0;0.0;2.0;3.0;1.0;A01
1960;201400001369;0;7;0;0.0;2.0;3.0;1.0;B02
1961;201400001370;0;10;0;0.0;2.0;2.0;6.0;A01
1962;201400001370;0;7;0;0.0;2.0;3.0;1.0;B02
1963;201400001370;0;7;0;0.0;2.0;1.0;1.0;C03
1964;201400001371;0;7;0;0.0;2.0;2.0;1.0;B02
1965;201400001371;0;1;0;0.0;2.0;1.0;9.0;A01
1966;201400001372;0;7;0;0.0;2.0;8.0;13.0;A01
1967;201400001372;0;7;0;0.0;2.0;1.0;1.0;B02
1968;201400001373;0;7;0;0.0;2.0;3.0;13.0;A01
1969;201400001373;0;30;0;0.0;2.0;1.0;1.0;B02
1970;201400001374;0;7;0;0.0;2.0;1.0;13.0;A01
1971;201400001374;0;7;0;0.0;2.0;1.0;1.0;B02
1972;201400001375;0;7;0;0.0;2.0;8.0;15.0;A01
1973;201400001375;0;31;0;0.0;2.0;7.0;1.0;B02
1974;201400001376;0;7;0;0.0;2.0;3.0;9.0;A01
1975;201400001376;0;2;0;0.0;2.0;1.0;1.0;B02
1976;201400001378;0;7;0;0.0;2.0;6.0;19.0;A01
1977;201400001378;0;33;0;0.0;2.0;1.0;1.0;B02
1978;201400001379;0;21;0;0.0;2.0;8.0;1.0;B02
1979;201400001379;0;7;0;13.0;2.0;3.0;1.0;A01
1980;201400001380;0;1;0;0.0;2.0;8.0;13.0;B02
1981;201400001380;0;10;0;0.0;2.0;7.0;17.0;A01
1982;201400001381;0;7;0;0.0;2.0;1.0;13.0;A01
1983;201400001381;0;7;0;3.0;2.0;1.0;1.0;B02
1984;201400001382;0;7;0;0.0;1.0;2.0;1.0;A01
1985;201400001383;0;10;0;0.0;2.0;2.0;13.0;A01
1986;201400001383;0;7;0;0.0;2.0;3.0;1.0;B02
1987;201400001384;0;7;0;0.0;5.0;1.0;1.0;A01
1988;201400001385;0;7;0;2.0;0.0;3.0;13.0;A01
1989;201400001386;0;30;0;0.0;2.0;1.0;16.0;B02
1990;201400001386;0;7;0;0.0;2.0;8.0;1.0;A01
1991;201400001387;0;7;0;0.0;2.0;7.0;1.0;A01
1992;201400001387;0;7;0;0.0;2.0;3.0;13.0;B02
1993;201400001388;0;7;0;13.0;0.0;9.0;17.0;A01
1994;201400001389;0;7;0;13.0;0.0;3.0;1.0;A01
1995;201400001390;0;7;0;0.0;2.0;3.0;13.0;A01
1996;201400001390;0;7;0;0.0;2.0;3.0;1.0;B02
1997;201400001391;0;7;0;0.0;2.0;7.0;17.0;A01
1998;201400001391;0;2;0;0.0;2.0;8.0;15.0;B02
1999;201400001392;0;33;0;13.0;2.0;2.0;21.0;A01
2000;201400001392;0;1;0;0.0;2.0;2.0;5.0;B02
2001;201400001393;0;7;0;0.0;0.0;8.0;10.0;A01
2002;201400001393;0;33;0;0.0;2.0;1.0;1.0;B02
2003;201400001394;0;30;0;0.0;2.0;1.0;13.0;B02
2004;201400001394;0;30;0;0.0;2.0;1.0;1.0;A01
2005;201400001395;0;33;0;1.0;0.0;1.0;0.0;A01
2006;201400001396;0;7;0;0.0;2.0;3.0;1.0;A01
2007;201400001396;0;7;0;0.0;2.0;8.0;21.0;B02
2008;201400001397;0;7;0;2.0;0.0;7.0;13.0;A01
2009;201400001398;0;7;0;8.0;0.0;1.0;14.0;A01
2010;201400001399;0;10;0;0.0;1.0;1.0;1.0;A01
2011;201400001400;0;14;0;0.0;1.0;3.0;1.0;A01
2012;201400001401;0;2;0;8.0;0.0;1.0;14.0;A01
2013;201400001402;0;33;0;0.0;0.0;0.0;1.0;A01
2014;201400001403;0;7;0;0.0;1.0;3.0;1.0;A01
2015;201400001405;0;7;0;13.0;0.0;1.0;14.0;A01
2016;201400001406;0;7;0;0.0;2.0;7.0;1.0;B02
2017;201400001406;0;1;0;0.0;2.0;1.0;1.0;A01
2018;201400001407;0;10;0;0.0;2.0;2.0;15.0;A01
2019;201400001407;0;10;0;0.0;2.0;1.0;1.0;B02
2020;201400001408;0;7;0;13.0;2.0;3.0;13.0;A01
2021;201400001408;0;7;0;0.0;2.0;8.0;1.0;B02
2022;201400001409;0;7;0;0.0;2.0;1.0;21.0;B02
2023;201400001409;0;33;0;0.0;2.0;1.0;13.0;A01
2024;201400001410;0;7;0;0.0;1.0;3.0;1.0;A01
2025;201400001411;0;10;0;0.0;1.0;4.0;4.0;A01
2026;201400001412;0;30;0;0.0;2.0;8.0;13.0;A01
2027;201400001412;0;7;0;0.0;2.0;7.0;17.0;B02
2028;201400001413;0;21;0;0.0;5.0;6.0;1.0;A01
2029;201400001413;0;99;0;0.0;2.0;4.0;0.0;B02
2030;201400001414;0;7;0;0.0;2.0;1.0;15.0;A01
2031;201400001414;0;7;0;0.0;2.0;1.0;1.0;B02
2032;201400001415;0;33;0;0.0;2.0;1.0;2.0;B02
2033;201400001415;0;10;0;0.0;2.0;8.0;15.0;A01
2034;201400001416;0;7;0;2.0;0.0;2.0;1.0;A01
2035;201400001417;0;7;0;2.0;0.0;1.0;1.0;A01
2036;201400001418;0;7;0;0.0;0.0;5.0;16.0;A01
2037;201400001418;0;33;0;1.0;0.0;1.0;21.0;B01
2038;201400001419;0;31;0;15.0;0.0;1.0;1.0;A01
2039;201400001420;0;7;0;0.0;2.0;2.0;9.0;A01
2040;201400001420;0;30;0;0.0;2.0;1.0;1.0;B01
2041;201400001422;0;33;0;0.0;2.0;1.0;1.0;B01
2042;201400001422;0;7;0;0.0;0.0;8.0;15.0;A01
2043;201400001424;0;7;0;0.0;5.0;1.0;1.0;A01
2044;201400001425;0;7;0;0.0;2.0;1.0;1.0;A01
2045;201400001425;0;99;0;0.0;2.0;1.0;1.0;B01
2046;201400001426;0;7;0;0.0;2.0;1.0;1.0;B01
2047;201400001426;0;7;0;0.0;2.0;1.0;13.0;A01
2048;201400001427;0;7;0;0.0;2.0;1.0;1.0;B01
2049;201400001427;0;7;0;0.0;2.0;1.0;13.0;A01
2050;201400001428;0;10;0;0.0;2.0;3.0;9.0;A01
2051;201400001428;0;7;0;0.0;2.0;2.0;1.0;B01
2052;201400001429;0;7;0;0.0;2.0;9.0;2.0;A01
2053;201400001429;0;33;0;0.0;2.0;1.0;2.0;C01
2054;201400001429;0;7;0;0.0;2.0;4.0;1.0;B01
2055;201400001430;0;7;0;0.0;2.0;3.0;19.0;B01
2056;201400001430;0;7;0;0.0;2.0;1.0;1.0;A01
2057;201400001431;0;7;0;0.0;4.0;1.0;1.0;A01
2058;201400001431;0;40;0;0.0;2.0;8.0;1.0;B01
2059;201400001432;0;7;0;0.0;2.0;4.0;23.0;C01
2060;201400001432;0;10;0;0.0;2.0;1.0;2.0;A01
2061;201400001432;0;7;0;0.0;2.0;4.0;23.0;B01
2062;201400001433;0;32;0;0.0;0.0;8.0;11.0;A01
2063;201400001435;0;33;0;0.0;2.0;4.0;12.0;A01
2064;201400001435;0;33;0;0.0;2.0;4.0;12.0;B01
2065;201400001435;0;33;0;0.0;2.0;1.0;2.0;C01
2066;201400001435;0;33;0;0.0;2.0;4.0;2.0;D01
2067;201400001435;0;33;0;0.0;2.0;1.0;2.0;E01
2068;201400001436;0;7;0;0.0;2.0;4.0;1.0;B01
2069;201400001436;0;7;0;0.0;2.0;1.0;2.0;A01
2070;201400001437;0;7;0;12.0;0.0;1.0;1.0;A01
2071;201400001438;0;7;0;0.0;2.0;9.0;2.0;B01
2072;201400001438;0;7;0;0.0;2.0;1.0;2.0;C01
2073;201400001438;0;7;0;0.0;2.0;4.0;23.0;A01
2074;201400001441;0;40;35;0.0;2.0;2.0;19.0;B01
2075;201400001441;0;7;0;9.0;4.0;3.0;1.0;A01
2076;201400001442;0;7;0;0.0;2.0;1.0;1.0;C03
2077;201400001442;0;7;0;0.0;2.0;2.0;15.0;B02
2078;201400001442;0;14;0;0.0;2.0;8.0;21.0;A01
2079;201400001443;0;7;0;0.0;2.0;3.0;15.0;A01
2080;201400001443;0;32;0;0.0;2.0;1.0;1.0;B02
2081;201400001444;0;7;0;6.0;0.0;3.0;1.0;A01
2082;201400001446;0;3;0;0.0;1.0;1.0;16.0;A01
2083;201400001447;0;30;0;0.0;2.0;1.0;1.0;B01
2084;201400001447;0;7;0;0.0;2.0;6.0;15.0;A01
2085;201400001448;0;7;0;0.0;2.0;2.0;21.0;A01
2086;201400001448;0;1;0;0.0;2.0;8.0;19.0;B01
2087;201400001449;0;7;0;0.0;2.0;1.0;13.0;A01
2088;201400001449;0;7;0;0.0;2.0;1.0;1.0;B02
2089;201400001450;0;31;0;1.0;0.0;1.0;17.0;A01
2090;201400001451;0;32;0;0.0;2.0;5.0;21.0;A01
2091;201400001451;0;7;0;0.0;2.0;3.0;9.0;B01
2092;201400001452;0;7;0;0.0;1.0;4.0;20.0;A01
2093;201400001453;0;30;0;8.0;0.0;2.0;1.0;A01
2094;201400001454;0;7;0;0.0;2.0;3.0;1.0;A01
2095;201400001454;0;14;0;0.0;2.0;3.0;1.0;B01
2096;201400001455;0;10;0;2.0;0.0;7.0;13.0;A01
2097;201400001456;0;33;0;0.0;2.0;1.0;2.0;A01
2098;201400001456;0;33;0;0.0;0.0;4.0;1.0;B01
2099;201400001457;0;33;0;0.0;2.0;1.0;17.0;A01
2100;201400001457;0;10;0;0.0;2.0;4.0;15.0;B01
2101;201400001458;0;7;0;0.0;2.0;2.0;1.0;A01
2102;201400001458;0;7;0;0.0;2.0;3.0;15.0;B01
2103;201400001459;0;7;0;0.0;2.0;3.0;1.0;B02
2104;201400001459;0;7;0;0.0;2.0;3.0;13.0;A01
2105;201400001460;0;7;0;0.0;2.0;7.0;19.0;A01
2106;201400001460;0;7;0;0.0;2.0;1.0;1.0;B02
2107;201400001461;0;7;0;13.0;0.0;7.0;1.0;A01
2108;201400001462;0;7;0;0.0;2.0;3.0;1.0;B02
2109;201400001462;0;7;0;0.0;2.0;3.0;17.0;A01
2110;201400001463;0;7;0;0.0;2.0;3.0;15.0;B01
2111;201400001463;0;7;0;0.0;2.0;3.0;16.0;A01
2112;201400001465;0;7;0;0.0;2.0;8.0;1.0;B01
2113;201400001465;0;7;0;0.0;2.0;1.0;13.0;A01
2114;201400001466;0;7;0;0.0;2.0;3.0;13.0;A01
2115;201400001466;0;7;0;0.0;2.0;3.0;1.0;B02
2116;201400001467;0;7;0;13.0;0.0;1.0;14.0;A01
2117;201400001468;0;7;0;0.0;2.0;8.0;15.0;A01
2118;201400001468;0;7;0;0.0;2.0;3.0;1.0;B01
2119;201400001469;0;21;0;0.0;2.0;2.0;19.0;B01
2120;201400001469;0;7;0;0.0;2.0;3.0;1.0;A01
2121;201400001471;0;7;0;0.0;2.0;3.0;21.0;B02
2122;201400001471;0;33;0;0.0;2.0;3.0;13.0;A01
2123;201400001472;0;7;0;2.0;0.0;3.0;1.0;A01
2124;201400001473;0;7;0;0.0;2.0;2.0;1.0;A01
2125;201400001473;0;7;0;0.0;2.0;3.0;19.0;B01
2126;201400001474;0;7;0;0.0;2.0;3.0;0.0;B01
2127;201400001474;0;36;0;0.0;2.0;3.0;13.0;A01
2128;201400001475;0;21;0;0.0;2.0;3.0;1.0;B01
2129;201400001475;0;30;0;0.0;2.0;1.0;15.0;A01
2130;201400001476;0;7;0;6.0;0.0;9.0;13.0;A01
2131;201400001477;0;13;0;0.0;2.0;7.0;15.0;A01
2132;201400001477;0;7;0;0.0;2.0;1.0;1.0;B02
2133;201400001478;0;7;0;0.0;2.0;1.0;1.0;A01
2134;201400001478;0;7;0;0.0;2.0;3.0;1.0;B01
2135;201400001479;0;7;0;0.0;2.0;1.0;1.0;B01
2136;201400001479;0;30;0;0.0;2.0;4.0;19.0;A01
2137;201400001480;0;7;0;0.0;2.0;2.0;11.0;A01
2138;201400001480;0;30;0;0.0;2.0;1.0;1.0;B01
2139;201400001481;0;33;0;4.0;0.0;3.0;1.0;A01
2140;201400001482;0;7;0;0.0;2.0;1.0;15.0;A01
2141;201400001482;0;30;0;0.0;2.0;1.0;1.0;B01
2142;201400001485;0;7;0;3.0;2.0;1.0;1.0;B01
2143;201400001485;0;7;0;3.0;2.0;7.0;15.0;A01
2144;201400001486;0;7;0;13.0;2.0;7.0;13.0;A01
2145;201400001486;0;7;0;0.0;2.0;1.0;1.0;B01
2146;201400001487;0;7;0;0.0;1.0;1.0;1.0;A01
2147;201400001488;0;30;0;0.0;2.0;4.0;15.0;B01
2148;201400001488;0;7;0;0.0;2.0;1.0;2.0;A01
2149;201400001489;0;31;0;0.0;2.0;1.0;1.0;A01
2150;201400001489;0;31;0;0.0;2.0;1.0;1.0;B01
2151;201400001490;0;7;0;0.0;2.0;6.0;15.0;B01
2152;201400001490;0;33;0;0.0;2.0;8.0;2.0;A01
2153;201400001491;0;7;0;0.0;2.0;1.0;13.0;A01
2154;201400001491;0;7;0;0.0;2.0;1.0;1.0;B02
2155;201400001492;0;31;0;0.0;2.0;1.0;1.0;B02
2156;201400001492;0;10;0;0.0;2.0;7.0;15.0;A01
2157;201400001493;0;7;0;1.0;1.0;3.0;21.0;A01
2158;201400001494;0;7;0;13.0;0.0;1.0;1.0;A01
2159;201400001495;0;7;0;0.0;0.0;2.0;1.0;A01
2160;201400001496;0;7;0;2.0;0.0;1.0;1.0;A01
2161;201400001497;0;7;0;6.0;0.0;1.0;1.0;A01
2162;201400001498;0;33;0;0.0;0.0;0.0;1.0;A01
2163;201400001499;0;7;0;0.0;0.0;1.0;1.0;C01
2164;201400001499;0;7;0;0.0;2.0;3.0;13.0;A01
2165;201400001499;0;7;0;0.0;0.0;3.0;1.0;B01
2166;201400001500;0;33;0;0.0;0.0;0.0;1.0;A01
2167;201400001501;0;7;0;0.0;2.0;8.0;15.0;B01
2168;201400001501;0;33;0;0.0;2.0;1.0;17.0;A01
2169;201400001502;0;7;0;13.0;0.0;1.0;1.0;A01