;Num_Acc;senc;catv;occutc;obs;obsm;choc;manv;num_veh
2600;201400001797;0;7;0;0.0;2.0;2.0;13.0;A01
2601;201400001798;0;30;0;1.0;0.0;6.0;1.0;A01
2602;201400001800;0;2;0;0.0;2.0;1.0;19.0;A01
2603;201400001800;0;7;0;0.0;2.0;2.0;1.0;B02
2604;201400001801;0;14;0;0.0;1.0;2.0;2.0;A01
2605;201400001802;0;30;0;0.0;2.0;1.0;2.0;B02
2606;201400001802;0;7;0;0.0;0.0;3.0;2.0;A01
2607;201400001803;0;7;0;0.0;5.0;1.0;1.0;A01
2608;201400001804;0;7;0;0.0;2.0;1.0;1.0;B02
2609;201400001804;0;7;0;0.0;2.0;2.0;19.0;A01
2610;201400001804;0;7;0;1.0;0.0;1.0;23.0;C03
2611;201400001805;0;7;0;0.0;1.0;3.0;9.0;A01
2612;201400001806;0;7;0;0.0;2.0;2.0;1.0;B02
2613;201400001806;0;7;0;0.0;2.0;8.0;19.0;A01
2614;201400001807;0;7;0;0.0;2.0;1.0;13.0;A01
2615;201400001807;0;7;0;0.0;2.0;1.0;1.0;B02
2616;201400001808;0;1;0;0.0;2.0;7.0;1.0;B02
2617;201400001808;0;7;0;0.0;2.0;1.0;19.0;A01
2618;201400001809;0;7;0;2.0;0.0;7.0;1.0;A01
2619;201400001810;0;33;0;7.0;0.0;1.0;14.0;A01
2620;201400001811;0;7;0;0.0;2.0;6.0;0.0;B02
2621;201400001811;0;30;0;1.0;0.0;1.0;1.0;A01
2622;201400001812;0;7;0;0.0;1.0;1.0;1.0;A01
2623;201400001813;0;31;0;0.0;2.0;0.0;1.0;A01
2624;201400001813;0;21;0;0.0;2.0;8.0;1.0;B02
2625;201400001815;0;33;0;0.0;2.0;1.0;1.0;A01
2626;201400001815;0;7;0;0.0;2.0;8.0;19.0;B02
2627;201400001816;0;7;0;0.0;2.0;3.0;13.0;A01
2628;201400001816;0;7;0;0.0;0.0;3.0;0.0;B02
2629;201400001817;0;7;0;0.0;2.0;1.0;1.0;A01
2630;201400001817;0;7;0;0.0;0.0;1.0;1.0;C03
2631;201400001817;0;7;0;0.0;2.0;4.0;23.0;B02
2632;201400001818;0;31;0;0.0;2.0;1.0;1.0;B02
2633;201400001818;0;7;0;0.0;2.0;3.0;16.0;A01
2634;201400001819;0;7;0;16.0;0.0;1.0;1.0;A01
2635;201400001820;0;7;0;0.0;2.0;3.0;15.0;A01
2636;201400001820;0;33;0;0.0;2.0;1.0;1.0;B02
2637;201400001821;0;30;0;0.0;0.0;1.0;1.0;A01
2638;201400001822;0;7;0;0.0;2.0;1.0;13.0;A01
2639;201400001822;0;7;0;0.0;2.0;8.0;1.0;B02
2640;201400001822;0;7;0;0.0;2.0;3.0;1.0;C03
2641;201400001823;0;7;0;0.0;2.0;1.0;1.0;C03
2642;201400001823;0;10;0;0.0;2.0;1.0;1.0;B02
2643;201400001823;0;7;0;0.0;2.0;1.0;1.0;A01
2644;201400001824;0;7;0;0.0;2.0;3.0;1.0;C03
2645;201400001824;0;7;0;0.0;2.0;3.0;1.0;B02
2646;201400001824;0;10;0;0.0;2.0;3.0;13.0;A01
2647;201400001825;0;7;0;0.0;2.0;7.0;1.0;B02
2648;201400001825;0;2;0;0.0;2.0;1.0;19.0;A01
2649;201400001826;0;7;0;8.0;0.0;9.0;1.0;A01
2650;201400001827;0;7;0;0.0;2.0;4.0;2.0;B02
2651;201400001827;0;30;0;0.0;2.0;1.0;2.0;A01
2652;201400001828;0;7;0;0.0;1.0;2.0;1.0;A01
2653;201400001829;0;7;0;0.0;1.0;2.0;1.0;A01
2654;201400001830;0;30;0;0.0;2.0;1.0;1.0;A01
2655;201400001830;0;7;0;0.0;2.0;1.0;15.0;B02
2656;201400001832;0;7;0;0.0;2.0;3.0;1.0;A01
2657;201400001832;0;10;0;0.0;2.0;1.0;1.0;C03
2658;201400001832;0;7;0;0.0;2.0;3.0;13.0;B02
2659;201400001833;0;7;0;0.0;2.0;3.0;13.0;A01
2660;201400001833;0;10;0;0.0;2.0;3.0;1.0;B02
2661;201400001834;0;7;0;2.0;0.0;1.0;1.0;A01
2662;201400001835;0;7;0;0.0;2.0;2.0;15.0;A01
2663;201400001835;0;31;0;0.0;2.0;6.0;1.0;B02
2664;201400001836;0;7;0;0.0;2.0;2.0;1.0;A01
2665;201400001836;0;1;0;0.0;0.0;4.0;15.0;B02
2666;201400001837;0;7;0;0.0;2.0;1.0;1.0;B02
2667;201400001837;0;7;0;0.0;2.0;1.0;13.0;A01
2668;201400001838;0;7;0;6.0;0.0;1.0;1.0;A01
2669;201400001839;0;10;0;0.0;2.0;1.0;17.0;A01
2670;201400001839;0;2;0;0.0;2.0;1.0;1.0;B02
2671;201400001840;0;7;0;0.0;2.0;2.0;15.0;A01
2672;201400001840;0;10;0;0.0;2.0;1.0;1.0;B02
2673;201400001841;0;21;0;0.0;2.0;3.0;19.0;B02
2674;201400001841;0;33;0;0.0;2.0;1.0;21.0;A01
2675;201400001842;0;7;0;0.0;2.0;1.0;1.0;A01
2676;201400001842;0;7;0;0.0;2.0;4.0;15.0;C03
2677;201400001842;0;10;0;0.0;2.0;3.0;1.0;B02
2678;201400001843;0;7;0;5.0;0.0;3.0;1.0;A01
2679;201400001844;0;7;0;0.0;2.0;3.0;19.0;A01
2680;201400001844;0;30;0;0.0;2.0;1.0;0.0;B02
2681;201400001845;0;7;0;2.0;0.0;2.0;1.0;A01
2682;201400001846;0;7;0;8.0;2.0;1.0;19.0;A01
2683;201400001846;0;7;0;0.0;2.0;2.0;1.0;B02
2684;201400001847;0;17;0;0.0;1.0;0.0;2.0;A01
2685;201400001848;0;33;0;12.0;0.0;1.0;1.0;A01
2686;201400001849;0;7;0;0.0;2.0;3.0;1.0;A01
2687;201400001849;0;30;0;0.0;2.0;7.0;19.0;B02
2688;201400001851;0;10;0;2.0;0.0;1.0;1.0;A01
2689;201400001852;0;7;0;0.0;1.0;1.0;1.0;A01
2690;201400001853;0;7;0;0.0;1.0;1.0;2.0;A01
2691;201400001854;0;33;0;10.0;0.0;1.0;1.0;A01
2692;201400001855;0;7;0;0.0;2.0;1.0;2.0;A01
2693;201400001855;0;36;0;0.0;0.0;4.0;2.0;B02
2694;201400001856;0;10;0;13.0;0.0;1.0;0.0;A01
2695;201400001857;0;10;0;0.0;2.0;1.0;2.0;A01
2696;201400001857;0;10;0;0.0;0.0;4.0;23.0;B02
2697;201400001857;0;33;0;0.0;2.0;1.0;1.0;C03
2698;201400001857;0;33;0;0.0;2.0;1.0;1.0;D04
2699;201400001858;0;33;0;3.0;0.0;1.0;1.0;A01
2700;201400001859;0;33;0;0.0;0.0;1.0;1.0;A01
2701;201400001860;0;7;0;0.0;1.0;3.0;1.0;A01
2702;201400001861;0;7;0;0.0;2.0;3.0;1.0;A01
2703;201400001861;0;1;0;0.0;2.0;3.0;1.0;B02
2704;201400001862;0;7;0;2.0;0.0;1.0;1.0;A01
2705;201400001863;0;7;0;2.0;0.0;1.0;1.0;A01
2706;201400001864;0;7;0;0.0;1.0;2.0;1.0;A01
2707;201400001867;0;2;0;12.0;0.0;3.0;1.0;A01
2708;201400001868;0;14;0;0.0;1.0;2.0;1.0;A01
2709;201400001869;0;10;0;0.0;2.0;1.0;1.0;A01
2710;201400001869;0;10;0;0.0;6.0;1.0;1.0;B02
2711;201400001870;0;7;0;0.0;1.0;1.0;2.0;A01
2712;201400001871;0;7;0;0.0;1.0;3.0;1.0;A01
2713;201400001872;0;7;0;2.0;0.0;1.0;1.0;A01
2714;201400001875;0;2;0;0.0;2.0;1.0;9.0;A01
2715;201400001875;0;7;0;0.0;2.0;6.0;9.0;B02
2716;201400001876;0;15;0;0.0;2.0;2.0;1.0;A01
2717;201400001876;0;99;0;0.0;2.0;1.0;1.0;B02
2718;201400001877;0;7;0;0.0;2.0;3.0;19.0;A01
2719;201400001877;0;7;0;0.0;2.0;2.0;1.0;B02
2720;201400001879;0;7;0;0.0;2.0;1.0;19.0;A01
2721;201400001879;0;7;0;0.0;2.0;8.0;1.0;B02
2722;201400001880;0;7;0;0.0;2.0;1.0;19.0;A01
2723;201400001880;0;7;0;0.0;2.0;3.0;1.0;B02
2724;201400001881;0;7;0;0.0;2.0;1.0;1.0;A01
2725;201400001881;0;7;0;0.0;2.0;4.0;1.0;B02
2726;201400001881;0;7;0;0.0;0.0;4.0;1.0;C03
2727;201400001882;0;7;0;13.0;0.0;3.0;13.0;A01
2728;201400001883;0;1;0;0.0;0.0;0.0;0.0;A01
2729;201400001883;0;7;0;0.0;0.0;0.0;1.0;B02
2730;201400001884;0;10;0;0.0;2.0;7.0;0.0;A01
2731;201400001884;0;7;0;0.0;2.0;3.0;0.0;B02
2732;201400001886;0;7;0;0.0;2.0;5.0;15.0;A01
2733;201400001886;0;31;0;0.0;2.0;1.0;1.0;B02
2734;201400001887;0;10;0;0.0;2.0;3.0;13.0;A01
2735;201400001887;0;30;0;0.0;2.0;3.0;1.0;B02
2736;201400001889;0;30;0;0.0;2.0;8.0;1.0;A01
2737;201400001889;0;7;0;0.0;2.0;1.0;19.0;B02
2738;201400001890;0;7;0;12.0;0.0;9.0;1.0;A01
2739;201400001891;0;7;0;0.0;2.0;1.0;1.0;A01
2740;201400001891;0;7;0;0.0;2.0;1.0;1.0;B02
2741;201400001892;0;7;0;13.0;0.0;3.0;1.0;A01
2742;201400001893;0;7;0;0.0;1.0;7.0;1.0;A01
2743;201400001894;0;7;0;0.0;2.0;1.0;1.0;A01
2744;201400001894;0;7;0;0.0;2.0;4.0;1.0;B02
2745;201400001895;0;33;0;15.0;0.0;3.0;1.0;A01
2746;201400001896;0;34;0;9.0;0.0;7.0;1.0;A01
2747;201400001897;0;7;0;0.0;2.0;1.0;1.0;A01
2748;201400001897;0;7;0;0.0;2.0;3.0;19.0;B02
2749;201400001898;0;33;0;0.0;2.0;1.0;1.0;A01
2750;201400001898;0;7;0;0.0;0.0;7.0;15.0;B02
2751;201400001899;0;30;0;0.0;2.0;5.0;15.0;A01
2752;201400001899;0;7;0;0.0;2.0;2.0;1.0;B02
2753;201400001900;0;10;0;0.0;9.0;2.0;15.0;A01
2754;201400001900;0;1;0;0.0;2.0;1.0;1.0;B02
2755;201400001902;0;7;0;0.0;2.0;3.0;13.0;A01
2756;201400001902;0;7;0;0.0;2.0;3.0;1.0;B02
2757;201400001903;0;31;0;0.0;2.0;7.0;17.0;A01
2758;201400001903;0;7;0;0.0;2.0;3.0;15.0;B02
2759;201400001904;0;33;0;13.0;0.0;1.0;1.0;A01
2760;201400001905;0;30;0;5.0;0.0;1.0;1.0;A01
2761;201400001906;0;7;0;0.0;2.0;7.0;19.0;A01
2762;201400001906;0;33;0;0.0;2.0;1.0;1.0;B02
2763;201400001907;0;7;0;13.0;0.0;9.0;1.0;A01
2764;201400001908;0;10;0;0.0;2.0;1.0;13.0;A01
2765;201400001908;0;15;0;0.0;2.0;3.0;1.0;B02
2766;201400001909;0;7;0;1.0;2.0;2.0;1.0;A01
2767;201400001909;0;1;0;0.0;2.0;7.0;19.0;B02
2768;201400001910;0;7;0;0.0;2.0;2.0;10.0;A01
2769;201400001910;0;33;0;0.0;2.0;1.0;1.0;B02
2770;201400001911;0;7;0;0.0;2.0;1.0;13.0;A01
2771;201400001911;0;7;0;0.0;2.0;1.0;1.0;B02
2772;201400001913;0;33;0;15.0;0.0;0.0;1.0;A01
2773;201400001914;0;36;0;2.0;0.0;1.0;1.0;A01
2774;201400001915;0;7;0;0.0;2.0;3.0;13.0;A01
2775;201400001915;0;7;0;0.0;2.0;3.0;1.0;B02
2776;201400001916;0;7;0;0.0;1.0;7.0;1.0;A01
2777;201400001917;0;7;0;0.0;2.0;6.0;15.0;B02
2778;201400001917;0;31;0;0.0;2.0;1.0;17.0;A01
2779;201400001918;0;33;0;12.0;0.0;1.0;1.0;A01
2780;201400001919;0;10;0;13.0;0.0;7.0;1.0;A01
2781;201400001920;0;2;0;0.0;2.0;1.0;1.0;A01
2782;201400001920;0;2;0;0.0;2.0;1.0;1.0;B02
2783;201400001921;0;7;0;2.0;0.0;1.0;1.0;A01
2784;201400001922;0;7;0;0.0;0.0;1.0;14.0;A01
2785;201400001923;0;7;0;0.0;2.0;6.0;15.0;A01
2786;201400001923;0;2;0;0.0;2.0;1.0;1.0;B02
2787;201400001924;0;7;0;13.0;0.0;1.0;1.0;A01
2788;201400001925;0;10;0;0.0;1.0;2.0;13.0;A01
2789;201400001926;0;7;0;0.0;1.0;2.0;1.0;A01
2790;201400001927;0;7;0;0.0;1.0;4.0;20.0;A01
2791;201400001928;0;7;0;0.0;2.0;2.0;15.0;A01
2792;201400001928;0;33;0;0.0;2.0;0.0;1.0;B02
2793;201400001930;0;7;0;0.0;2.0;0.0;13.0;A01
2794;201400001930;0;14;0;0.0;2.0;3.0;1.0;B02
2795;201400001931;0;7;0;0.0;2.0;5.0;1.0;A01
2796;201400001931;0;33;0;0.0;2.0;1.0;1.0;B02
2797;201400001932;0;7;0;0.0;1.0;2.0;1.0;A01
2798;201400001933;0;10;0;0.0;1.0;1.0;1.0;A01
2799;201400001935;0;7;0;13.0;0.0;1.0;13.0;A01
2800;201400001936;0;7;0;0.0;2.0;7.0;13.0;A01
2801;201400001936;0;14;0;0.0;2.0;1.0;1.0;B02
2802;201400001937;0;7;0;13.0;0.0;2.0;1.0;A01
2803;201400001938;0;7;0;0.0;2.0;2.0;17.0;A01
2804;201400001938;0;2;0;0.0;2.0;3.0;1.0;B02
2805;201400001939;0;7;0;13.0;0.0;1.0;1.0;A01
2806;201400001940;0;7;0;2.0;0.0;6.0;1.0;A01
2807;201400001941;0;36;0;2.0;0.0;3.0;1.0;A01
2808;201400001942;0;7;0;0.0;2.0;2.0;13.0;A01
2809;201400001942;0;7;0;0.0;2.0;1.0;1.0;B02
2810;201400001943;0;7;0;0.0;9.0;3.0;1.0;A01
2811;201400001943;0;1;0;0.0;2.0;1.0;1.0;B02
2812;201400001944;0;30;0;0.0;0.0;7.0;1.0;A01
2813;201400001945;0;33;0;11.0;0.0;9.0;1.0;A01
2814;201400001946;0;31;0;6.0;0.0;3.0;13.0;A01
2815;201400001947;0;7;0;0.0;0.0;8.0;15.0;A01
2816;201400001947;0;7;0;0.0;0.0;2.0;17.0;B02
2817;201400001948;0;2;0;0.0;0.0;1.0;1.0;A01
2818;201400001948;0;7;0;0.0;0.0;3.0;15.0;B02
2819;201400001949;0;33;0;13.0;0.0;1.0;1.0;A01
2820;201400001950;0;31;0;0.0;2.0;1.0;13.0;A01
2821;201400001950;0;7;0;0.0;2.0;1.0;1.0;B02
2822;201400001951;0;7;0;0.0;2.0;2.0;15.0;A01
2823;201400001951;0;33;0;0.0;2.0;1.0;1.0;B02
2824;201400001952;0;7;0;0.0;2.0;1.0;13.0;A01
2825;201400001952;0;7;0;0.0;2.0;1.0;1.0;B02
2826;201400001953;0;10;0;16.0;0.0;8.0;1.0;A01
2827;201400001954;0;7;0;13.0;0.0;0.0;1.0;A01
2828;201400001955;0;33;0;13.0;0.0;0.0;1.0;A01
2829;201400001956;0;7;0;0.0;2.0;2.0;15.0;A01
2830;201400001956;0;2;0;0.0;2.0;1.0;1.0;B02
2831;201400001957;0;7;0;0.0;1.0;8.0;1.0;A01
2832;201400001958;0;7;0;6.0;0.0;1.0;13.0;A01
2833;201400001959;0;10;0;0.0;2.0;6.0;24.0;B02
2834;201400001959;0;2;0;1.0;2.0;1.0;1.0;A01
2835;201400001960;0;30;0;0.0;2.0;1.0;21.0;A01
2836;201400001960;0;7;0;0.0;2.0;4.0;1.0;B02
2837;201400001960;0;15;0;0.0;2.0;8.0;1.0;C03
2838;201400001963;0;7;0;6.0;0.0;1.0;1.0;A01
2839;201400001964;0;7;0;0.0;0.0;3.0;9.0;A01
2840;201400001964;0;30;0;0.0;0.0;1.0;1.0;B02
2841;201400001965;0;2;0;0.0;2.0;1.0;1.0;A01
2842;201400001965;0;7;0;0.0;0.0;4.0;23.0;B02
2843;201400001966;0;7;0;0.0;2.0;1.0;1.0;A01
2844;201400001966;0;7;0;0.0;2.0;1.0;1.0;B02
2845;201400001967;0;15;0;0.0;2.0;3.0;1.0;A01
2846;201400001967;0;10;0;0.0;2.0;3.0;13.0;B02
2847;201400001968;0;36;0;6.0;1.0;2.0;14.0;A01
2848;201400001969;0;2;0;0.0;2.0;1.0;13.0;A01
2849;201400001969;0;7;0;0.0;2.0;3.0;1.0;B02
2850;201400001970;0;7;0;7.0;0.0;1.0;1.0;A01
2851;201400001971;0;7;0;0.0;2.0;4.0;13.0;A01
2852;201400001971;0;7;0;0.0;2.0;2.0;1.0;B02
2853;201400001972;0;33;0;13.0;0.0;1.0;1.0;A01
2854;201400001973;0;30;0;0.0;2.0;3.0;15.0;A01
2855;201400001973;0;14;0;0.0;2.0;3.0;1.0;B02
2856;201400001974;0;7;0;13.0;0.0;1.0;1.0;A01
2857;201400001975;0;7;0;0.0;1.0;3.0;13.0;A01
2858;201400001976;0;31;0;13.0;0.0;1.0;1.0;A01
2859;201400001977;0;7;0;0.0;1.0;1.0;23.0;A01
2860;201400001978;0;7;0;6.0;0.0;9.0;1.0;A01
2861;201400001979;0;7;0;2.0;0.0;3.0;1.0;A01
2862;201400001980;0;7;0;2.0;0.0;3.0;1.0;A01
2863;201400001981;0;33;0;0.0;0.0;7.0;17.0;A01
2864;201400001983;0;7;0;13.0;0.0;3.0;1.0;A01
2865;201400001985;0;33;0;3.0;0.0;8.0;1.0;A01
2866;201400001986;0;7;0;0.0;2.0;1.0;2.0;A01
2867;201400001986;0;7;0;0.0;2.0;4.0;23.0;B02
2868;201400001986;0;7;0;0.0;2.0;4.0;23.0;C03
2869;201400001987;0;7;0;0.0;0.0;2.0;1.0;A01
2870;201400001988;0;7;0;0.0;2.0;3.0;1.0;A01
2871;201400001988;0;7;0;0.0;2.0;8.0;15.0;B02
2872;201400001989;0;7;0;0.0;1.0;3.0;1.0;A01
2873;201400001990;0;30;0;12.0;0.0;7.0;15.0;A01
2874;201400001991;0;10;0;0.0;2.0;2.0;2.0;A01
2875;201400001991;0;30;0;0.0;0.0;4.0;2.0;B02
2876;201400001992;0;7;0;6.0;0.0;2.0;2.0;A01
2877;201400001993;0;7;0;0.0;2.0;1.0;1.0;A01
2878;201400001993;0;7;0;0.0;2.0;8.0;1.0;B02
2879;201400001994;0;33;0;0.0;2.0;1.0;1.0;B02
2880;201400001994;0;7;0;0.0;2.0;7.0;1.0;A01
2881;201400001995;0;15;0;8.0;0.0;2.0;1.0;A01
2882;201400001996;0;7;0;13.0;0.0;1.0;1.0;A01
2883;201400001997;0;7;0;0.0;0.0;7.0;1.0;A01
2884;201400001998;0;14;0;0.0;2.0;1.0;15.0;A01
2885;201400001998;0;7;0;0.0;2.0;1.0;1.0;B02
2886;201400001999;0;10;0;2.0;0.0;1.0;1.0;A01
2887;201400002000;0;10;0;0.0;2.0;8.0;15.0;A01
2888;201400002000;0;31;0;0.0;2.0;7.0;17.0;B02
2889;201400002001;0;7;0;0.0;2.0;3.0;13.0;A01
2890;201400002001;0;10;0;0.0;2.0;3.0;1.0;B02
2891;201400002002;0;33;0;0.0;2.0;1.0;17.0;A01
2892;201400002002;0;7;0;0.0;2.0;8.0;15.0;B02
2893;201400002003;0;7;0;0.0;2.0;9.0;15.0;A01
2894;201400002003;0;7;0;0.0;2.0;1.0;1.0;B02
2895;201400002004;0;7;0;0.0;2.0;1.0;1.0;A01
2896;201400002004;0;7;0;0.0;0.0;8.0;19.0;B02
2897;201400002006;0;7;0;13.0;0.0;1.0;1.0;A01
2898;201400002007;0;7;0;0.0;2.0;1.0;5.0;A01
2899;201400002007;0;33;0;0.0;2.0;1.0;1.0;B02
2900;201400002008;0;7;0;0.0;0.0;2.0;0.0;A01
2901;201400002008;0;30;0;0.0;0.0;0.0;0.0;B02
2902;201400002009;0;33;0;13.0;0.0;2.0;1.0;A01
2903;201400002010;0;33;0;11.0;0.0;3.0;13.0;A01
2904;201400002011;0;7;0;0.0;2.0;2.0;2.0;A01
2905;201400002011;0;1;0;0.0;2.0;6.0;2.0;B02
2906;201400002012;0;7;0;13.0;0.0;0.0;14.0;A01
2907;201400002013;0;7;0;0.0;2.0;1.0;2.0;A01
2908;201400002013;0;7;0;0.0;2.0;1.0;1.0;B02
2909;201400002013;0;7;0;0.0;2.0;4.0;23.0;C03
2910;201400002014;0;7;0;0.0;1.0;2.0;1.0;A01
2911;201400002015;0;7;0;8.0;0.0;9.0;0.0;A01
2912;201400002016;0;30;0;0.0;2.0;7.0;21.0;B02
2913;201400002016;0;7;0;0.0;2.0;3.0;12.0;A01
2914;201400002017;0;7;0;0.0;0.0;9.0;1.0;A01
2915;201400002018;0;30;0;0.0;2.0;1.0;9.0;B02
2916;201400002018;0;7;0;0.0;2.0;2.0;2.0;A01
2917;201400002019;0;7;0;0.0;2.0;2.0;15.0;A01
2918;201400002019;0;7;0;0.0;2.0;1.0;1.0;B02
2919;201400002020;0;7;0;2.0;0.0;1.0;0.0;A01
2920;201400002021;0;7;0;0.0;2.0;3.0;1.0;A01
2921;201400002021;0;21;0;0.0;2.0;3.0;1.0;B02
2922;201400002022;0;7;0;0.0;2.0;7.0;1.0;A01
2923;201400002022;0;7;0;0.0;2.0;3.0;1.0;B02
2924;201400002023;0;7;0;0.0;2.0;7.0;1.0;B02
2925;201400002023;0;30;0;0.0;2.0;7.0;1.0;A01
2926;201400002024;0;7;0;0.0;2.0;5.0;20.0;A01
2927;201400002024;0;30;0;0.0;2.0;2.0;1.0;B02
2928;201400002025;0;7;0;0.0;2.0;7.0;1.0;A01
2929;201400002025;0;7;0;0.0;2.0;1.0;1.0;B02
2930;201400002026;0;7;0;0.0;2.0;2.0;19.0;A01
2931;201400002026;0;7;0;0.0;2.0;1.0;1.0;B02
2932;201400002027;0;7;0;8.0;0.0;0.0;0.0;A01
2933;201400002028;0;7;0;0.0;2.0;7.0;13.0;A01
2934;201400002028;0;7;0;0.0;2.0;1.0;1.0;B02
2935;201400002028;0;7;0;0.0;2.0;2.0;1.0;C03
2936;201400002029;0;7;0;0.0;2.0;3.0;13.0;A01
2937;201400002029;0;7;0;0.0;2.0;3.0;1.0;B02
2938;201400002030;0;17;0;0.0;0.0;4.0;2.0;A01
2939;201400002030;0;7;0;0.0;2.0;1.0;2.0;B02
2940;201400002031;0;7;0;0.0;2.0;1.0;1.0;A01
2941;201400002031;0;7;0;0.0;2.0;1.0;1.0;B02
2942;201400002032;0;7;0;0.0;1.0;2.0;1.0;A01
2943;201400002033;0;33;0;0.0;0.0;7.0;1.0;A01
2944;201400002034;0;30;0;0.0;2.0;1.0;1.0;B02
2945;201400002034;0;7;0;0.0;2.0;3.0;15.0;A01
2946;201400002035;0;33;0;1.0;0.0;1.0;1.0;A01
2947;201400002036;0;7;0;0.0;2.0;1.0;1.0;A01
2948;201400002036;0;1;0;0.0;2.0;8.0;15.0;B02
2949;201400002037;0;7;0;0.0;2.0;1.0;13.0;A01
2950;201400002037;0;7;0;0.0;2.0;1.0;1.0;B02
2951;201400002037;0;7;0;0.0;2.0;7.0;21.0;C03
2952;201400002038;0;7;0;0.0;2.0;3.0;13.0;A01
2953;201400002038;0;7;0;0.0;2.0;3.0;1.0;B02
2954;201400002039;0;7;0;0.0;2.0;1.0;9.0;A01
2955;201400002039;0;7;0;0.0;2.0;2.0;15.0;B02
2956;201400002040;0;7;0;0.0;1.0;2.0;1.0;A01
2957;201400002040;0;7;0;0.0;1.0;1.0;1.0;B02
2958;201400002041;0;7;0;0.0;2.0;1.0;1.0;A01
2959;201400002041;0;2;0;0.0;2.0;1.0;17.0;B02
2960;201400002041;0;7;0;6.0;0.0;0.0;23.0;C03
2961;201400002043;0;7;0;0.0;0.0;2.0;0.0;A01
2962;201400002043;0;2;0;0.0;0.0;1.0;0.0;B02
2963;201400002044;0;10;0;0.0;2.0;8.0;2.0;A01
2964;201400002044;0;33;0;0.0;2.0;2.0;17.0;B02
2965;201400002045;0;7;0;0.0;2.0;4.0;1.0;A01
2966;201400002045;0;7;0;0.0;2.0;1.0;1.0;B02
2967;201400002046;0;33;0;0.0;0.0;0.0;0.0;A01
2968;201400002047;0;7;0;0.0;2.0;2.0;1.0;A01
2969;201400002047;0;7;0;0.0;2.0;3.0;1.0;B02
2970;201400002048;0;7;0;0.0;2.0;1.0;13.0;A01
2971;201400002048;0;7;0;0.0;2.0;1.0;1.0;B02
2972;201400002048;0;7;0;0.0;2.0;1.0;2.0;C03
2973;201400002049;0;7;0;0.0;0.0;9.0;14.0;A01
2974;201400002050;0;7;0;12.0;0.0;2.0;14.0;A01
2975;201400002051;0;7;0;0.0;1.0;8.0;1.0;A01
2976;201400002052;0;7;0;0.0;2.0;1.0;6.0;A01
2977;201400002052;0;7;0;0.0;2.0;1.0;1.0;B02
2978;201400002053;0;7;0;0.0;2.0;3.0;13.0;A01
2979;201400002053;0;7;0;0.0;2.0;3.0;1.0;B02
2980;201400002054;0;3;0;0.0;2.0;6.0;15.0;A01
2981;201400002054;0;7;0;0.0;2.0;2.0;17.0;B02
2982;201400002055;0;7;0;0.0;2.0;1.0;13.0;A01
2983;201400002055;0;7;0;13.0;2.0;6.0;1.0;B02
2984;201400002055;0;10;0;0.0;2.0;3.0;1.0;C03
2985;201400002057;0;10;0;0.0;1.0;3.0;1.0;A01
2986;201400002058;0;7;0;0.0;2.0;1.0;2.0;A01
2987;201400002058;0;21;0;0.0;2.0;5.0;2.0;B02
2988;201400002059;0;7;0;6.0;0.0;8.0;14.0;A01
2989;201400002060;0;7;0;13.0;0.0;3.0;2.0;A01
2990;201400002060;0;7;0;13.0;0.0;2.0;17.0;B02
2991;201400002061;0;7;0;0.0;2.0;9.0;13.0;A01
2992;201400002061;0;7;0;0.0;2.0;1.0;1.0;B02
2993;201400002062;0;30;0;12.0;0.0;1.0;1.0;A01
2994;201400002063;0;7;0;6.0;0.0;7.0;1.0;A01
2995;201400002064;0;7;0;0.0;2.0;1.0;1.0;A01
2996;201400002064;0;7;0;0.0;2.0;8.0;19.0;B02
2997;201400002065;0;7;0;13.0;0.0;1.0;1.0;A01
2998;201400002067;0;7;0;0.0;0.0;1.0;17.0;A01
2999;201400002068;0;7;0;0.0;2.0;2.0;17.0;A01
3000;201400002068;0;7;0;0.0;2.0;8.0;15.0;B02
3001;201400002069;0;7;0;0.0;2.0;1.0;1.0;B02
3002;201400002069;0;7;0;0.0;2.0;8.0;19.0;A01
3003;201400002070;0;7;0;0.0;1.0;1.0;1.0;A01
3004;201400002071;0;7;0;0.0;1.0;3.0;24.0;A01
3005;201400002072;0;7;0;0.0;2.0;1.0;11.0;A01
3006;201400002072;0;10;0;0.0;2.0;1.0;1.0;B02
3007;201400002073;0;33;0;3.0;0.0;3.0;1.0;A01
3008;201400002074;0;7;0;0.0;2.0;1.0;13.0;A01
3009;201400002074;0;7;0;0.0;2.0;1.0;1.0;B02
3010;201400002075;0;7;0;0.0;2.0;1.0;13.0;A01
3011;201400002075;0;10;0;0.0;2.0;1.0;1.0;B02
3012;201400002076;0;7;0;16.0;0.0;1.0;1.0;A01
3013;201400002077;0;7;0;8.0;0.0;7.0;1.0;A01
3014;201400002078;1;10;0;0.0;2.0;1.0;2.0;A01
3015;201400002078;0;2;0;0.0;2.0;4.0;2.0;B02
3016;201400002079;0;30;0;0.0;2.0;1.0;1.0;A01
3017;201400002079;0;7;0;0.0;2.0;1.0;20.0;B02
3018;201400002080;0;1;0;0.0;0.0;1.0;2.0;B01
3019;201400002080;0;7;0;0.0;2.0;1.0;0.0;A01
3020;201400002081;0;7;0;2.0;0.0;9.0;1.0;A01
3021;201400002082;0;7;0;0.0;1.0;3.0;1.0;A01
3022;201400002083;0;7;0;0.0;2.0;7.0;15.0;A01
3023;201400002083;0;2;0;0.0;2.0;1.0;1.0;B01
3024;201400002085;0;7;0;0.0;2.0;5.0;1.0;A01
3025;201400002085;0;1;0;0.0;2.0;1.0;9.0;B01
3026;201400002086;0;7;0;0.0;1.0;2.0;15.0;A01
3027;201400002087;0;33;0;12.0;0.0;1.0;11.0;A01
3028;201400002088;0;7;0;0.0;9.0;2.0;0.0;B01