;Num_Acc;senc;catv;occutc;obs;obsm;choc;manv;num_veh
3888;201400002687;0;2;0;0.0;2.0;2.0;1.0;B02
3889;201400002687;0;7;0;0.0;2.0;3.0;15.0;A01
3890;201400002688;0;30;0;0.0;0.0;7.0;15.0;A01
3891;201400002689;0;7;0;0.0;0.0;0.0;0.0;A01
3892;201400002689;0;7;0;0.0;0.0;0.0;0.0;B02
3893;201400002690;0;21;0;0.0;0.0;1.0;1.0;A01
3894;201400002691;0;7;0;0.0;1.0;3.0;1.0;A01
3895;201400002692;0;7;0;0.0;2.0;3.0;1.0;A01
3896;201400002692;0;7;0;0.0;2.0;3.0;1.0;B02
3897;201400002693;0;7;0;2.0;0.0;9.0;1.0;A01
3898;201400002694;0;10;0;1.0;0.0;5.0;1.0;A01
3899;201400002694;0;7;0;0.0;2.0;8.0;24.0;B02
3900;201400002695;0;7;0;0.0;1.0;8.0;1.0;A01
3901;201400002696;0;7;0;0.0;0.0;2.0;13.0;B02
3902;201400002696;0;30;0;0.0;0.0;3.0;15.0;A01
3903;201400002697;0;14;0;16.0;0.0;8.0;1.0;A01
3904;201400002698;0;33;0;0.0;2.0;1.0;1.0;B02
3905;201400002698;0;33;0;0.0;2.0;1.0;1.0;A01
3906;201400002698;0;7;0;0.0;2.0;3.0;1.0;C03
3907;201400002700;0;7;0;0.0;2.0;3.0;13.0;A01
3908;201400002700;0;33;0;0.0;2.0;3.0;1.0;B02
3909;201400002701;0;7;0;13.0;0.0;3.0;14.0;A01
3910;201400002702;0;10;0;0.0;2.0;1.0;13.0;A01
3911;201400002702;0;7;0;0.0;2.0;1.0;1.0;B02
3912;201400002703;0;33;0;0.0;2.0;8.0;5.0;C03
3913;201400002703;0;7;0;0.0;2.0;6.0;2.0;D04
3914;201400002703;0;7;0;0.0;2.0;5.0;2.0;B02
3915;201400002703;0;7;0;0.0;2.0;1.0;2.0;A01
3916;201400002704;0;7;0;0.0;2.0;1.0;13.0;A01
3917;201400002704;0;7;0;0.0;2.0;1.0;1.0;B02
3918;201400002705;0;10;0;0.0;2.0;2.0;15.0;A01
3919;201400002705;0;33;0;0.0;2.0;1.0;1.0;B02
3920;201400002706;0;7;0;13.0;0.0;2.0;14.0;A01
3921;201400002707;0;7;0;0.0;1.0;2.0;1.0;A01
3922;201400002708;0;1;0;0.0;2.0;1.0;2.0;B02
3923;201400002708;0;7;0;0.0;2.0;2.0;2.0;A01
3924;201400002709;0;7;0;2.0;0.0;3.0;13.0;A01
3925;201400002710;0;7;0;0.0;2.0;1.0;0.0;B02
3926;201400002710;0;10;0;0.0;2.0;3.0;15.0;A01
3927;201400002711;0;7;0;2.0;6.0;3.0;1.0;A01
3928;201400002712;0;7;0;0.0;2.0;2.0;15.0;A01
3929;201400002712;0;7;0;0.0;2.0;1.0;1.0;B02
3930;201400002713;0;7;0;0.0;2.0;2.0;15.0;A01
3931;201400002713;0;31;0;0.0;2.0;3.0;1.0;B02
3932;201400002714;0;10;0;0.0;2.0;1.0;13.0;A01
3933;201400002714;0;17;0;0.0;2.0;3.0;1.0;B02
3934;201400002714;0;10;0;0.0;2.0;1.0;1.0;C03
3935;201400002715;0;7;0;13.0;0.0;1.0;19.0;A01
3936;201400002716;0;10;0;0.0;2.0;1.0;19.0;B02
3937;201400002716;0;10;0;0.0;2.0;7.0;1.0;A01
3938;201400002717;0;7;0;2.0;0.0;1.0;1.0;A01
3939;201400002718;0;7;0;0.0;2.0;1.0;17.0;A01
3940;201400002718;0;31;0;0.0;2.0;1.0;1.0;B02
3941;201400002719;0;10;0;2.0;0.0;1.0;19.0;A01
3942;201400002720;0;7;0;0.0;1.0;6.0;4.0;A01
3943;201400002721;0;7;0;3.0;0.0;1.0;14.0;A01
3944;201400002722;1;17;0;0.0;2.0;5.0;2.0;A01
3945;201400002722;0;1;0;0.0;2.0;8.0;1.0;B02
3946;201400002723;0;33;0;0.0;1.0;1.0;1.0;A01
3947;201400002725;0;7;0;12.0;0.0;1.0;1.0;A01
3948;201400002726;0;7;0;0.0;4.0;3.0;1.0;A01
3949;201400002726;0;39;1;0.0;2.0;2.0;1.0;B02
3950;201400002727;0;33;0;15.0;0.0;1.0;1.0;A01
3951;201400002728;0;7;0;2.0;0.0;1.0;1.0;A01
3952;201400002729;0;7;0;0.0;2.0;6.0;15.0;A01
3953;201400002729;0;2;0;0.0;2.0;1.0;17.0;B02
3954;201400002730;0;7;0;0.0;2.0;1.0;13.0;A01
3955;201400002730;0;7;0;0.0;2.0;1.0;1.0;B02
3956;201400002731;0;7;0;2.0;0.0;7.0;1.0;A01
3957;201400002732;0;10;0;0.0;2.0;3.0;1.0;A01
3958;201400002732;0;7;0;0.0;2.0;3.0;1.0;B02
3959;201400002732;0;17;0;0.0;2.0;8.0;1.0;C03
3960;201400002732;0;7;0;0.0;2.0;8.0;1.0;D04
3961;201400002735;0;7;0;0.0;1.0;3.0;1.0;A01
3962;201400002736;0;30;0;8.0;0.0;1.0;1.0;A01
3963;201400002737;0;7;0;1.0;1.0;1.0;2.0;A01
3964;201400002739;0;33;0;0.0;2.0;1.0;1.0;A01
3965;201400002739;0;7;0;0.0;2.0;3.0;15.0;B02
3966;201400002740;0;7;0;0.0;2.0;7.0;1.0;A01
3967;201400002740;0;1;0;0.0;2.0;1.0;19.0;B02
3968;201400002741;0;7;0;0.0;2.0;6.0;10.0;A01
3969;201400002741;0;33;0;0.0;2.0;1.0;2.0;B02
3970;201400002742;0;33;0;0.0;2.0;1.0;1.0;B02
3971;201400002742;0;7;0;0.0;2.0;3.0;19.0;A01
3972;201400002743;0;7;0;0.0;2.0;3.0;15.0;A01
3973;201400002743;0;2;0;0.0;2.0;1.0;1.0;B02
3974;201400002744;0;7;0;2.0;0.0;1.0;1.0;A01
3975;201400002745;0;7;0;0.0;2.0;2.0;13.0;A01
3976;201400002745;0;7;0;0.0;2.0;1.0;1.0;B02
3977;201400002745;0;7;0;0.0;2.0;2.0;1.0;C03
3978;201400002748;0;7;0;0.0;2.0;3.0;1.0;B02
3979;201400002748;0;30;0;0.0;2.0;8.0;1.0;A01
3980;201400002749;0;14;0;14.0;2.0;1.0;1.0;A01
3981;201400002749;0;15;0;0.0;0.0;0.0;23.0;B02
3982;201400002750;0;10;0;0.0;2.0;3.0;19.0;A01
3983;201400002750;0;7;0;0.0;2.0;7.0;1.0;B02
3984;201400002751;0;7;0;0.0;2.0;3.0;13.0;A01
3985;201400002751;0;7;0;0.0;0.0;3.0;1.0;B02
3986;201400002752;0;7;0;0.0;2.0;1.0;17.0;A01
3987;201400002752;0;7;0;0.0;0.0;6.0;15.0;B02
3988;201400002753;0;7;0;6.0;0.0;1.0;13.0;A01
3989;201400002754;0;30;0;0.0;6.0;1.0;1.0;A01
3990;201400002755;0;7;0;0.0;0.0;7.0;14.0;A01
3991;201400002756;0;7;0;13.0;0.0;1.0;1.0;A01
3992;201400002757;0;7;0;0.0;1.0;2.0;1.0;A01
3993;201400002758;0;7;0;0.0;2.0;3.0;13.0;A01
3994;201400002758;0;14;0;0.0;2.0;3.0;1.0;B02
3995;201400002759;0;7;0;0.0;2.0;3.0;13.0;A01
3996;201400002759;0;20;0;0.0;2.0;8.0;1.0;B02
3997;201400002760;0;7;0;13.0;0.0;9.0;0.0;A01
3998;201400002761;0;33;0;0.0;2.0;1.0;17.0;A01
3999;201400002761;0;7;0;0.0;2.0;8.0;15.0;B02
4000;201400002762;0;33;0;0.0;2.0;1.0;1.0;A01
4001;201400002762;0;21;0;0.0;2.0;5.0;15.0;B02
4002;201400002763;0;7;0;0.0;2.0;1.0;13.0;A01
4003;201400002763;0;33;0;0.0;2.0;1.0;1.0;B02
4004;201400002764;0;33;0;0.0;2.0;1.0;17.0;A01
4005;201400002764;0;7;0;0.0;2.0;8.0;15.0;B02
4006;201400002765;0;30;0;0.0;9.0;7.0;14.0;A01
4007;201400002766;0;7;0;2.0;0.0;1.0;14.0;A01
4008;201400002767;0;33;0;0.0;1.0;1.0;19.0;A01
4009;201400002768;0;30;0;7.0;0.0;0.0;0.0;A01
4010;201400002769;0;7;0;0.0;0.0;3.0;9.0;A01
4011;201400002769;0;30;0;0.0;2.0;2.0;1.0;B02
4012;201400002770;0;33;0;0.0;2.0;7.0;1.0;A01
4013;201400002770;0;7;0;0.0;2.0;2.0;15.0;B02
4014;201400002771;0;7;0;0.0;1.0;2.0;1.0;A01
4015;201400002772;0;30;0;3.0;0.0;8.0;13.0;A01
4016;201400002773;0;7;0;0.0;2.0;8.0;1.0;A01
4017;201400002773;0;7;0;0.0;2.0;2.0;1.0;B02
4018;201400002774;0;7;0;0.0;1.0;1.0;1.0;A01
4019;201400002775;0;31;0;0.0;0.0;0.0;1.0;A01
4020;201400002776;0;7;0;13.0;0.0;1.0;1.0;A01
4021;201400002777;0;33;0;0.0;2.0;1.0;13.0;A01
4022;201400002777;0;7;0;0.0;2.0;1.0;0.0;B02
4023;201400002779;0;7;0;0.0;0.0;8.0;19.0;A01
4024;201400002779;0;34;0;0.0;2.0;1.0;1.0;B02
4025;201400002780;0;33;0;0.0;2.0;1.0;17.0;A01
4026;201400002780;0;33;0;0.0;2.0;1.0;1.0;B02
4027;201400002780;0;7;0;0.0;2.0;8.0;11.0;C03
4028;201400002781;0;7;0;0.0;0.0;7.0;15.0;A01
4029;201400002781;0;2;0;0.0;2.0;1.0;1.0;B02
4030;201400002782;0;1;0;0.0;2.0;1.0;19.0;A01
4031;201400002782;0;7;0;0.0;2.0;7.0;1.0;B02
4032;201400002783;0;7;0;3.0;2.0;0.0;13.0;A01
4033;201400002783;0;14;0;3.0;2.0;1.0;21.0;B02
4034;201400002783;0;7;0;0.0;2.0;2.0;21.0;C03
4035;201400002784;0;7;0;0.0;2.0;3.0;0.0;B02
4036;201400002784;0;34;0;0.0;2.0;3.0;0.0;A01
4037;201400002785;0;7;0;0.0;2.0;2.0;13.0;A01
4038;201400002785;0;7;0;0.0;2.0;1.0;0.0;B02
4039;201400002786;0;7;0;0.0;2.0;2.0;0.0;A01
4040;201400002786;0;33;0;0.0;2.0;1.0;0.0;B02
4041;201400002787;0;33;0;0.0;2.0;1.0;13.0;A01
4042;201400002787;0;7;0;0.0;2.0;6.0;0.0;B02
4043;201400002788;0;7;0;10.0;0.0;3.0;1.0;A01
4044;201400002789;0;7;0;0.0;2.0;3.0;13.0;A01
4045;201400002789;0;7;0;0.0;2.0;1.0;1.0;B02
4046;201400002790;0;7;0;0.0;0.0;9.0;1.0;A01
4047;201400002791;0;7;0;2.0;0.0;1.0;14.0;A01
4048;201400002792;0;7;0;0.0;0.0;3.0;2.0;A01
4049;201400002792;0;7;0;0.0;0.0;5.0;0.0;B02
4050;201400002794;0;7;0;0.0;2.0;2.0;15.0;A01
4051;201400002794;0;7;0;0.0;2.0;2.0;1.0;B02
4052;201400002795;0;15;0;0.0;2.0;6.0;20.0;A01
4053;201400002795;0;7;0;0.0;2.0;3.0;2.0;B02
4054;201400002796;0;7;0;0.0;2.0;1.0;1.0;A01
4055;201400002796;0;10;0;0.0;2.0;3.0;1.0;B02
4056;201400002797;0;7;0;0.0;2.0;1.0;21.0;B02
4057;201400002797;0;3;0;0.0;2.0;3.0;0.0;A01
4058;201400002798;0;7;0;0.0;2.0;1.0;0.0;A01
4059;201400002798;0;7;0;0.0;2.0;3.0;0.0;B02
4060;201400002799;0;7;0;0.0;2.0;1.0;1.0;A01
4061;201400002799;0;7;0;0.0;2.0;7.0;19.0;B02
4062;201400002800;0;7;0;0.0;2.0;0.0;2.0;B02
4063;201400002800;0;7;0;0.0;2.0;0.0;15.0;A01
4064;201400002801;0;7;0;0.0;1.0;1.0;1.0;A01
4065;201400002802;0;7;0;0.0;2.0;2.0;17.0;A01
4066;201400002802;0;2;0;0.0;2.0;6.0;13.0;B02
4067;201400002803;0;7;0;0.0;1.0;3.0;15.0;A01
4068;201400002804;0;2;0;0.0;2.0;1.0;13.0;A01
4069;201400002804;0;7;0;0.0;2.0;3.0;1.0;B02
4070;201400002805;0;7;0;6.0;0.0;1.0;1.0;A01
4071;201400002806;0;33;0;0.0;2.0;3.0;1.0;A01
4072;201400002806;0;7;0;0.0;2.0;3.0;1.0;B02
4073;201400002807;0;7;0;0.0;1.0;1.0;15.0;A01
4074;201400002808;0;7;0;0.0;2.0;3.0;9.0;A01
4075;201400002808;0;7;0;0.0;2.0;1.0;1.0;B02
4076;201400002810;0;7;0;0.0;2.0;3.0;13.0;A01
4077;201400002810;0;7;0;0.0;2.0;3.0;1.0;B02
4078;201400002811;0;7;0;0.0;2.0;1.0;13.0;A01
4079;201400002811;0;7;0;0.0;2.0;1.0;1.0;B02
4080;201400002812;0;7;0;0.0;0.0;2.0;1.0;A01
4081;201400002814;0;7;0;2.0;0.0;8.0;13.0;A01
4082;201400002815;0;33;0;0.0;0.0;8.0;1.0;A01
4083;201400002816;0;7;0;0.0;0.0;3.0;9.0;A01
4084;201400002816;0;14;0;6.0;1.0;1.0;1.0;B02
4085;201400002817;0;7;0;0.0;2.0;3.0;15.0;A01
4086;201400002817;0;1;0;0.0;2.0;1.0;1.0;B02
4087;201400002818;0;7;0;0.0;9.0;2.0;2.0;B02
4088;201400002818;0;1;0;0.0;2.0;1.0;1.0;A01
4089;201400002819;0;7;0;0.0;2.0;1.0;15.0;A01
4090;201400002819;0;33;0;0.0;2.0;3.0;1.0;B02
4091;201400002820;0;35;0;0.0;2.0;7.0;1.0;A01
4092;201400002820;0;7;0;0.0;0.0;8.0;1.0;B02
4093;201400002821;0;7;0;0.0;2.0;1.0;1.0;B02
4094;201400002821;0;7;0;0.0;2.0;1.0;5.0;A01
4095;201400002822;0;10;0;0.0;2.0;8.0;1.0;B02
4096;201400002822;0;7;0;0.0;2.0;8.0;13.0;A01
4097;201400002822;0;10;0;0.0;2.0;3.0;1.0;C03
4098;201400002823;0;7;0;0.0;9.0;1.0;1.0;B02
4099;201400002823;0;7;0;2.0;2.0;8.0;17.0;A01
4100;201400002824;0;10;0;0.0;2.0;2.0;1.0;B02
4101;201400002824;0;31;0;0.0;2.0;8.0;19.0;A01
4102;201400002825;0;33;0;0.0;2.0;1.0;17.0;A01
4103;201400002825;0;10;0;0.0;2.0;3.0;15.0;B02
4104;201400002826;0;7;0;0.0;2.0;3.0;1.0;B02
4105;201400002826;0;2;0;0.0;2.0;1.0;13.0;A01
4106;201400002827;0;1;0;0.0;2.0;2.0;1.0;B02
4107;201400002827;0;7;0;0.0;2.0;1.0;15.0;A01
4108;201400002828;0;7;0;0.0;0.0;0.0;0.0;A01
4109;201400002828;0;7;0;0.0;2.0;1.0;1.0;B02
4110;201400002829;0;99;0;1.0;0.0;1.0;13.0;A01
4111;201400002829;0;7;0;0.0;2.0;1.0;24.0;B02
4112;201400002830;0;7;0;0.0;2.0;8.0;9.0;A01
4113;201400002830;0;33;0;0.0;2.0;1.0;1.0;B02
4114;201400002831;0;7;0;0.0;0.0;9.0;1.0;A01
4115;201400002832;0;30;0;0.0;2.0;1.0;1.0;A01
4116;201400002832;0;7;0;0.0;2.0;3.0;9.0;B02
4117;201400002833;0;7;0;0.0;2.0;1.0;15.0;A01
4118;201400002833;0;1;0;0.0;2.0;1.0;1.0;B02
4119;201400002834;0;7;0;0.0;2.0;5.0;1.0;A01
4120;201400002834;0;7;0;0.0;2.0;1.0;1.0;B02
4121;201400002835;0;31;0;0.0;2.0;1.0;1.0;B02
4122;201400002835;0;7;0;0.0;2.0;2.0;15.0;A01
4123;201400002836;0;7;0;0.0;2.0;3.0;19.0;A01
4124;201400002836;0;7;0;0.0;2.0;1.0;1.0;B02
4125;201400002837;0;7;0;10.0;0.0;1.0;1.0;A01
4126;201400002838;0;33;0;0.0;0.0;0.0;1.0;A01
4127;201400002839;0;1;0;0.0;0.0;0.0;1.0;A01
4128;201400002841;0;33;0;0.0;6.0;1.0;1.0;A01
4129;201400002842;0;1;0;0.0;2.0;8.0;15.0;B02
4130;201400002842;0;7;0;0.0;2.0;2.0;2.0;A01
4131;201400002844;0;7;0;0.0;2.0;3.0;15.0;A01
4132;201400002844;0;7;0;0.0;2.0;2.0;1.0;B02
4133;201400002845;0;7;0;0.0;2.0;1.0;5.0;B02
4134;201400002845;0;7;0;0.0;2.0;1.0;1.0;A01
4135;201400002846;2;7;0;0.0;2.0;3.0;10.0;A01
4136;201400002846;0;33;0;0.0;2.0;7.0;1.0;B02
4137;201400002847;0;33;0;0.0;0.0;0.0;1.0;A01
4138;201400002848;0;14;0;0.0;2.0;3.0;1.0;B02
4139;201400002848;0;7;0;0.0;2.0;3.0;1.0;A01
4140;201400002849;0;33;0;0.0;2.0;1.0;1.0;A01
4141;201400002849;0;7;0;0.0;0.0;6.0;9.0;B02
4142;201400002850;0;33;0;8.0;0.0;1.0;1.0;A01
4143;201400002851;0;7;0;0.0;2.0;2.0;1.0;B02
4144;201400002851;0;7;0;0.0;2.0;4.0;4.0;A01
4145;201400002852;0;7;0;0.0;2.0;3.0;1.0;B02
4146;201400002852;0;10;0;0.0;2.0;3.0;13.0;A01
4147;201400002853;0;7;0;0.0;1.0;8.0;17.0;A01
4148;201400002854;0;7;0;0.0;2.0;1.0;1.0;A01
4149;201400002854;0;7;0;0.0;2.0;2.0;19.0;B02
4150;201400002855;0;33;0;0.0;2.0;7.0;1.0;B02
4151;201400002855;0;10;0;0.0;2.0;3.0;15.0;A01
4152;201400002857;0;7;0;0.0;2.0;1.0;13.0;A01
4153;201400002857;0;14;0;0.0;2.0;3.0;0.0;B02
4154;201400002858;0;7;0;0.0;2.0;1.0;19.0;B02
4155;201400002858;0;7;0;0.0;2.0;7.0;1.0;A01
4156;201400002859;0;10;0;0.0;2.0;5.0;19.0;A01
4157;201400002859;0;2;0;0.0;2.0;1.0;2.0;B02
4158;201400002860;0;10;0;16.0;0.0;1.0;1.0;A01
4159;201400002861;0;17;0;0.0;2.0;1.0;1.0;A01
4160;201400002861;0;7;0;0.0;2.0;4.0;15.0;B02
4161;201400002862;0;7;0;0.0;2.0;8.0;5.0;A01
4162;201400002862;0;7;0;0.0;2.0;1.0;1.0;B02
4163;201400002863;0;7;0;13.0;0.0;3.0;1.0;A01
4164;201400002864;0;7;0;3.0;0.0;8.0;13.0;A01
4165;201400002865;0;7;0;0.0;0.0;1.0;1.0;A01
4166;201400002866;0;7;0;2.0;0.0;1.0;1.0;A01
4167;201400002867;0;7;0;2.0;0.0;1.0;1.0;A01
4168;201400002868;0;33;0;0.0;2.0;7.0;17.0;A01
4169;201400002868;0;7;0;0.0;0.0;8.0;15.0;B02
4170;201400002869;0;7;0;2.0;0.0;8.0;13.0;A01
4171;201400002870;0;10;0;2.0;2.0;0.0;17.0;A01
4172;201400002871;0;7;0;2.0;0.0;2.0;14.0;A01
4173;201400002873;0;10;0;0.0;0.0;9.0;1.0;A01
4174;201400002874;0;14;0;0.0;2.0;7.0;9.0;A01
4175;201400002874;0;14;0;0.0;2.0;1.0;1.0;B02
4176;201400002875;0;7;0;6.0;0.0;8.0;1.0;A01
4177;201400002876;0;7;0;0.0;2.0;2.0;15.0;A01
4178;201400002876;0;33;0;0.0;2.0;1.0;1.0;B02
4179;201400002877;0;1;0;0.0;0.0;4.0;1.0;B02
4180;201400002877;0;7;0;0.0;2.0;2.0;1.0;A01
4181;201400002878;0;7;0;0.0;2.0;3.0;1.0;B02
4182;201400002878;0;15;0;0.0;2.0;8.0;1.0;A01
4183;201400002879;0;15;0;0.0;2.0;3.0;1.0;A01
4184;201400002879;0;7;0;0.0;2.0;8.0;19.0;B02
4185;201400002880;0;33;0;0.0;0.0;8.0;1.0;A01
4186;201400002881;0;7;0;0.0;2.0;2.0;1.0;E05
4187;201400002881;0;7;0;0.0;2.0;6.0;1.0;C03
4188;201400002881;0;7;0;0.0;2.0;4.0;1.0;B02
4189;201400002881;0;7;0;0.0;2.0;6.0;13.0;A01
4190;201400002881;0;7;0;0.0;2.0;1.0;1.0;D04
4191;201400002882;0;7;0;6.0;0.0;1.0;1.0;A01
4192;201400002883;0;10;0;13.0;0.0;3.0;13.0;A01
4193;201400002885;0;7;0;0.0;2.0;3.0;13.0;A01
4194;201400002885;0;17;0;0.0;2.0;6.0;1.0;B02
4195;201400002886;0;33;0;0.0;2.0;1.0;1.0;A01
4196;201400002886;0;7;0;0.0;2.0;8.0;19.0;B02
4197;201400002887;0;7;0;0.0;2.0;1.0;15.0;A01
4198;201400002887;0;2;0;0.0;2.0;8.0;1.0;B02
4199;201400002888;0;7;0;0.0;2.0;8.0;16.0;A01
4200;201400002888;0;7;0;0.0;2.0;2.0;1.0;B02
4201;201400002891;0;2;0;13.0;0.0;1.0;21.0;A01
4202;201400002892;0;10;0;0.0;2.0;2.0;1.0;B02
4203;201400002892;0;7;0;0.0;2.0;2.0;5.0;A01
4204;201400002893;0;20;0;0.0;2.0;1.0;10.0;A01
4205;201400002893;0;7;0;0.0;2.0;1.0;1.0;B02
4206;201400002894;0;7;0;0.0;2.0;1.0;13.0;A01
4207;201400002894;0;7;0;0.0;2.0;1.0;1.0;B02
4208;201400002895;0;30;0;2.0;0.0;1.0;1.0;A01
4209;201400002896;0;1;0;0.0;2.0;7.0;6.0;B02
4210;201400002896;0;7;0;0.0;2.0;3.0;9.0;A01
4211;201400002897;0;21;0;0.0;0.0;0.0;1.0;A01
4212;201400002898;0;1;0;13.0;0.0;0.0;1.0;A01
4213;201400002900;0;33;0;0.0;0.0;8.0;1.0;A01
4214;201400002901;0;7;0;0.0;2.0;1.0;0.0;A01
4215;201400002901;0;7;0;0.0;0.0;4.0;0.0;B02
4216;201400002902;0;31;0;0.0;0.0;0.0;0.0;A01
4217;201400002903;0;7;0;8.0;0.0;2.0;1.0;A01
4218;201400002904;0;21;0;0.0;1.0;1.0;1.0;A01
4219;201400002905;0;7;0;0.0;2.0;3.0;19.0;B02
4220;201400002905;0;33;0;0.0;0.0;8.0;1.0;A01
4221;201400002906;0;21;0;15.0;0.0;2.0;1.0;A01
4222;201400002907;0;7;0;2.0;0.0;7.0;1.0;A01
4223;201400002908;0;7;0;2.0;0.0;1.0;1.0;A01
4224;201400002909;0;10;0;3.0;2.0;1.0;1.0;B02
4225;201400002909;0;7;0;3.0;2.0;7.0;1.0;A01
4226;201400002910;0;2;0;12.0;0.0;2.0;14.0;A01
4227;201400002911;0;7;0;7.0;2.0;3.0;19.0;A01
4228;201400002911;0;7;0;7.0;2.0;1.0;13.0;B02
4229;201400002912;0;7;0;0.0;0.0;9.0;1.0;A01
4230;201400002913;0;7;0;6.0;0.0;2.0;1.0;A01
4231;201400002914;0;33;0;0.0;6.0;1.0;1.0;A01
4232;201400002915;0;7;0;0.0;9.0;1.0;1.0;B02
4233;201400002915;0;1;0;0.0;2.0;7.0;2.0;A01
4234;201400002916;0;7;0;2.0;0.0;8.0;1.0;A01
4235;201400002918;0;32;0;1.0;0.0;1.0;1.0;A01
4236;201400002919;0;30;0;0.0;2.0;1.0;1.0;B02
4237;201400002919;0;7;0;0.0;2.0;1.0;1.0;A01
4238;201400002920;0;30;0;0.0;2.0;1.0;19.0;A01
4239;201400002920;0;7;0;0.0;2.0;7.0;1.0;B02
4240;201400002921;0;7;0;0.0;2.0;1.0;1.0;A01
4241;201400002921;0;7;0;0.0;2.0;1.0;1.0;B02
4242;201400002922;0;10;0;0.0;0.0;7.0;1.0;A01
4243;201400002923;0;7;0;0.0;2.0;1.0;5.0;B02
4244;201400002923;0;1;0;0.0;2.0;1.0;19.0;A01
4245;201400002924;0;35;0;0.0;2.0;1.0;1.0;A01
4246;201400002924;0;7;0;0.0;2.0;8.0;1.0;B02
4247;201400002926;0;33;0;12.0;0.0;1.0;1.0;A01
4248;201400002927;0;7;0;0.0;1.0;2.0;21.0;A01
4249;201400002928;0;7;0;0.0;0.0;3.0;1.0;B02
4250;201400002928;0;7;0;0.0;0.0;2.0;15.0;A01
4251;201400002929;0;7;0;0.0;2.0;3.0;15.0;A01
4252;201400002929;0;30;0;0.0;2.0;1.0;1.0;B02
4253;201400002930;0;31;0;0.0;0.0;1.0;1.0;A01
4254;201400002931;0;1;0;0.0;2.0;4.0;2.0;B02
4255;201400002931;1;10;0;0.0;2.0;1.0;2.0;A01
4256;201400002932;0;7;0;0.0;2.0;3.0;15.0;A01
4257;201400002932;0;30;0;0.0;2.0;3.0;1.0;B02
4258;201400002933;0;7;0;3.0;2.0;1.0;1.0;B02
4259;201400002933;0;15;0;13.0;2.0;8.0;1.0;A01
4260;201400002934;0;7;0;0.0;2.0;3.0;15.0;A01
4261;201400002934;0;33;0;0.0;2.0;3.0;21.0;B02
4262;201400002937;0;7;0;0.0;2.0;7.0;13.0;A01
4263;201400002937;0;2;0;0.0;2.0;1.0;13.0;B02
4264;201400002938;0;7;0;0.0;2.0;7.0;15.0;A01
4265;201400002938;0;7;0;0.0;2.0;1.0;1.0;B02
4266;201400002939;0;7;0;0.0;0.0;9.0;1.0;A01
4267;201400002940;0;7;0;2.0;0.0;1.0;1.0;A01
4268;201400002942;0;2;0;0.0;2.0;7.0;0.0;B02
4269;201400002942;0;7;0;0.0;2.0;8.0;16.0;A01
4270;201400002943;0;7;0;0.0;2.0;3.0;0.0;B02
4271;201400002943;0;7;0;0.0;2.0;1.0;1.0;A01
4272;201400002944;0;10;0;0.0;1.0;2.0;21.0;A01
4273;201400002945;0;7;0;0.0;1.0;2.0;1.0;A01
4274;201400002946;0;10;0;8.0;0.0;2.0;1.0;A01
4275;201400002947;0;33;0;0.0;0.0;8.0;1.0;A01
4276;201400002948;0;7;0;0.0;0.0;7.0;16.0;A01
4277;201400002949;0;10;0;0.0;0.0;1.0;15.0;A01
4278;201400002950;0;7;0;0.0;2.0;1.0;1.0;A01
4279;201400002950;0;7;0;0.0;2.0;1.0;1.0;B02
4280;201400002951;0;7;0;0.0;2.0;1.0;1.0;A01
4281;201400002951;0;7;0;0.0;2.0;8.0;1.0;B02
4282;201400002952;0;33;0;0.0;2.0;0.0;13.0;A01
4283;201400002952;0;7;0;0.0;2.0;1.0;1.0;B02
4284;201400002954;0;10;0;0.0;0.0;2.0;19.0;A01
4285;201400002954;0;30;0;0.0;0.0;1.0;1.0;B02
4286;201400002955;0;33;0;7.0;0.0;1.0;14.0;A01
4287;201400002956;0;14;0;0.0;2.0;3.0;13.0;A01
4288;201400002956;0;17;0;0.0;2.0;3.0;21.0;B02
4289;201400002957;0;21;0;13.0;0.0;8.0;13.0;A01
4290;201400002959;0;33;0;0.0;0.0;1.0;1.0;A01
4291;201400002959;0;21;0;0.0;0.0;6.0;1.0;B02
4292;201400002960;0;31;0;0.0;2.0;0.0;21.0;A01
4293;201400002961;0;7;0;0.0;1.0;3.0;1.0;A01
4294;201400002962;0;7;0;0.0;2.0;1.0;1.0;B02
4295;201400002962;0;7;0;0.0;2.0;5.0;13.0;A01
4296;201400002963;0;7;0;0.0;1.0;1.0;15.0;A01
4297;201400002964;0;7;0;0.0;2.0;1.0;13.0;A01
4298;201400002964;0;7;0;0.0;2.0;3.0;21.0;B02
4299;201400002965;0;30;0;0.0;2.0;1.0;1.0;A01
4300;201400002965;0;30;0;0.0;2.0;8.0;10.0;B02
4301;201400002966;0;7;0;6.0;0.0;1.0;13.0;A01
4302;201400002967;0;7;0;0.0;2.0;5.0;15.0;A01
4303;201400002967;0;33;0;0.0;2.0;1.0;1.0;C03
4304;201400002967;0;33;0;0.0;2.0;1.0;1.0;B02
4305;201400002968;0;10;0;0.0;2.0;1.0;2.0;B02
4306;201400002968;0;7;0;0.0;1.0;1.0;1.0;A01
4307;201400002969;0;7;0;0.0;2.0;3.0;1.0;B02
4308;201400002969;0;10;0;0.0;2.0;2.0;1.0;A01
4309;201400002970;0;7;0;0.0;2.0;3.0;1.0;A01
4310;201400002970;0;7;0;0.0;2.0;3.0;1.0;B02
4311;201400002971;0;7;0;0.0;2.0;1.0;1.0;B02
4312;201400002971;0;7;0;0.0;2.0;1.0;6.0;A01
4313;201400002972;0;33;0;0.0;2.0;1.0;1.0;B02
4314;201400002972;0;7;0;0.0;2.0;5.0;15.0;A01
4315;201400002973;0;7;0;0.0;2.0;7.0;1.0;B02
4316;201400002973;0;7;0;0.0;2.0;1.0;13.0;A01