;Num_Acc;senc;catv;occutc;obs;obsm;choc;manv;num_veh
4317;201400002973;0;7;0;0.0;2.0;2.0;1.0;C03
4318;201400002974;0;7;0;0.0;1.0;1.0;15.0;A01
4319;201400002975;0;10;0;13.0;0.0;2.0;1.0;A01
4320;201400002976;0;10;0;0.0;2.0;1.0;13.0;A01
4321;201400002976;0;10;0;0.0;2.0;3.0;1.0;B02
4322;201400002977;0;7;0;0.0;1.0;2.0;1.0;A01
4323;201400002978;0;7;0;0.0;2.0;3.0;1.0;B02
4324;201400002978;0;7;0;0.0;2.0;3.0;1.0;A01
4325;201400002979;0;7;0;0.0;2.0;3.0;5.0;A01
4326;201400002979;0;7;0;0.0;2.0;3.0;1.0;B02
4327;201400002980;0;1;0;0.0;0.0;0.0;2.0;A01
4328;201400002981;0;33;0;6.0;0.0;1.0;17.0;A01
4329;201400002982;0;1;0;0.0;2.0;1.0;13.0;B02
4330;201400002982;0;7;0;0.0;2.0;2.0;1.0;A01
4331;201400002983;0;7;0;0.0;0.0;3.0;13.0;B02
4332;201400002983;0;7;0;0.0;2.0;3.0;21.0;A01
4333;201400002984;0;33;0;0.0;2.0;1.0;1.0;B02
4334;201400002984;0;7;0;0.0;2.0;7.0;15.0;A01
4335;201400002985;0;7;0;13.0;0.0;1.0;13.0;A01
4336;201400002986;0;7;0;0.0;1.0;3.0;1.0;A01
4337;201400002987;0;7;0;6.0;0.0;9.0;1.0;A01
4338;201400002988;0;7;0;4.0;0.0;1.0;1.0;A01
4339;201400002989;0;30;0;0.0;2.0;8.0;13.0;A01
4340;201400002989;0;7;0;0.0;2.0;8.0;1.0;B02
4341;201400002990;0;10;0;0.0;2.0;3.0;15.0;A01
4342;201400002990;0;7;0;0.0;2.0;3.0;1.0;B02
4343;201400002991;0;7;0;0.0;2.0;2.0;1.0;A01
4344;201400002991;0;1;0;0.0;0.0;4.0;1.0;B02
4345;201400002992;0;7;0;0.0;2.0;1.0;13.0;A01
4346;201400002992;0;7;0;0.0;2.0;1.0;1.0;B02
4347;201400002993;0;7;0;0.0;0.0;8.0;1.0;A01
4348;201400002994;0;33;0;0.0;0.0;8.0;1.0;A01
4349;201400002995;0;7;0;8.0;0.0;5.0;0.0;A01
4350;201400002997;0;7;0;7.0;0.0;0.0;1.0;A01
4351;201400002998;0;10;0;0.0;2.0;2.0;15.0;A01
4352;201400002998;0;33;0;0.0;2.0;1.0;1.0;B02
4353;201400002999;0;7;0;0.0;2.0;3.0;15.0;A01
4354;201400002999;0;7;0;0.0;2.0;8.0;1.0;B02
4355;201400003000;0;7;0;0.0;2.0;1.0;1.0;B02
4356;201400003000;0;10;0;0.0;2.0;0.0;1.0;A01
4357;201400003001;0;33;0;6.0;0.0;1.0;1.0;A01
4358;201400003002;0;7;0;8.0;0.0;1.0;1.0;A01
4359;201400003003;0;31;0;0.0;2.0;1.0;1.0;B02
4360;201400003003;0;7;0;0.0;2.0;8.0;15.0;A01
4361;201400003004;0;30;0;0.0;2.0;1.0;17.0;A01
4362;201400003004;0;7;0;0.0;2.0;6.0;13.0;B02
4363;201400003005;0;30;0;0.0;0.0;1.0;1.0;A01
4364;201400003006;0;7;0;0.0;1.0;2.0;1.0;A01
4365;201400003007;0;7;0;0.0;2.0;2.0;1.0;A01
4366;201400003007;0;33;0;0.0;2.0;6.0;1.0;B02
4367;201400003009;0;7;0;0.0;1.0;3.0;1.0;A01
4368;201400003010;0;7;0;0.0;2.0;3.0;9.0;A01
4369;201400003010;0;33;0;0.0;2.0;5.0;1.0;B02
4370;201400003011;0;33;0;0.0;0.0;9.0;1.0;A01
4371;201400003013;0;7;0;10.0;0.0;1.0;1.0;A01
4372;201400003014;0;10;0;7.0;0.0;2.0;1.0;A01
4373;201400003015;0;7;0;0.0;9.0;0.0;1.0;A01
4374;201400003016;0;1;0;0.0;2.0;1.0;13.0;A01
4375;201400003016;0;10;0;0.0;2.0;3.0;1.0;B02
4376;201400003017;0;33;0;0.0;2.0;1.0;5.0;A01
4377;201400003017;0;7;0;0.0;2.0;3.0;1.0;B02
4378;201400003018;0;7;0;0.0;2.0;2.0;15.0;A01
4379;201400003018;0;33;0;0.0;2.0;1.0;1.0;B02
4380;201400003019;0;30;0;0.0;2.0;1.0;13.0;A01
4381;201400003019;0;7;0;0.0;2.0;3.0;1.0;B02
4382;201400003020;0;7;0;13.0;0.0;1.0;14.0;A01
4383;201400003021;0;2;0;0.0;0.0;8.0;1.0;A01
4384;201400003022;0;7;0;1.0;0.0;1.0;14.0;A01
4385;201400003022;0;7;0;0.0;2.0;4.0;24.0;B02
4386;201400003023;0;7;0;6.0;0.0;1.0;1.0;A01
4387;201400003025;0;7;0;0.0;2.0;1.0;15.0;B02
4388;201400003025;0;2;0;0.0;2.0;1.0;1.0;A01
4389;201400003026;0;2;0;0.0;2.0;1.0;1.0;A01
4390;201400003026;0;17;0;0.0;0.0;4.0;9.0;B02
4391;201400003027;0;7;0;0.0;2.0;3.0;1.0;B02
4392;201400003027;0;10;0;0.0;2.0;3.0;13.0;A01
4393;201400003028;0;7;0;0.0;2.0;2.0;19.0;B02
4394;201400003028;0;33;0;0.0;2.0;1.0;1.0;A01
4395;201400003029;0;7;0;0.0;2.0;1.0;1.0;B02
4396;201400003029;0;7;0;0.0;2.0;1.0;13.0;A01
4397;201400003030;0;7;0;13.0;0.0;0.0;13.0;A01
4398;201400003031;0;7;0;0.0;2.0;8.0;15.0;A01
4399;201400003031;0;14;0;0.0;2.0;2.0;17.0;B02
4400;201400003032;0;7;0;2.0;0.0;8.0;13.0;A01
4401;201400003033;0;7;0;13.0;0.0;1.0;13.0;A01
4402;201400003034;0;30;0;0.0;2.0;1.0;17.0;A01
4403;201400003034;0;15;0;0.0;0.0;6.0;1.0;B02
4404;201400003035;0;7;0;2.0;0.0;1.0;1.0;A01
4405;201400003036;0;10;0;0.0;2.0;3.0;15.0;A01
4406;201400003036;0;14;0;0.0;2.0;3.0;1.0;B02
4407;201400003037;0;7;0;0.0;0.0;7.0;13.0;A01
4408;201400003037;0;10;0;0.0;0.0;1.0;1.0;B02
4409;201400003037;0;7;0;0.0;0.0;1.0;21.0;C03
4410;201400003038;0;14;0;3.0;0.0;8.0;1.0;A01
4411;201400003039;0;3;0;0.0;2.0;3.0;15.0;A01
4412;201400003039;0;30;0;0.0;2.0;1.0;1.0;B02
4413;201400003040;0;30;0;0.0;0.0;4.0;1.0;A01
4414;201400003040;0;7;0;0.0;0.0;3.0;2.0;B02
4415;201400003041;0;7;0;0.0;2.0;2.0;13.0;A01
4416;201400003041;0;7;0;0.0;2.0;3.0;1.0;B02
4417;201400003042;0;7;0;13.0;0.0;1.0;1.0;A01
4418;201400003043;0;7;0;0.0;2.0;2.0;15.0;A01
4419;201400003043;0;2;0;0.0;2.0;7.0;1.0;B02
4420;201400003044;0;7;0;0.0;0.0;9.0;1.0;A01
4421;201400003046;0;7;0;0.0;1.0;1.0;1.0;A01
4422;201400003048;0;7;0;6.0;0.0;1.0;13.0;A01
4423;201400003049;0;7;0;13.0;0.0;2.0;1.0;A01
4424;201400003050;0;7;0;0.0;2.0;7.0;19.0;A01
4425;201400003050;0;10;0;0.0;2.0;1.0;1.0;B02
4426;201400003051;0;33;0;2.0;0.0;7.0;1.0;A01
4427;201400003052;0;7;0;13.0;0.0;3.0;1.0;A01
4428;201400003053;0;7;0;0.0;2.0;2.0;15.0;A01
4429;201400003053;0;33;0;0.0;2.0;1.0;1.0;B02
4430;201400003054;0;7;0;6.0;0.0;1.0;1.0;A01
4431;201400003055;0;7;0;0.0;2.0;1.0;1.0;B02
4432;201400003055;0;7;0;0.0;2.0;7.0;19.0;A01
4433;201400003056;0;30;0;0.0;2.0;1.0;13.0;A01
4434;201400003056;0;7;0;0.0;2.0;1.0;1.0;B02
4435;201400003057;0;34;0;8.0;0.0;1.0;14.0;A01
4436;201400003058;0;7;0;0.0;2.0;1.0;5.0;A01
4437;201400003058;0;7;0;0.0;2.0;1.0;1.0;B02
4438;201400003059;0;7;0;0.0;0.0;9.0;2.0;A01
4439;201400003060;0;7;0;0.0;2.0;3.0;13.0;A01
4440;201400003060;0;7;0;0.0;2.0;2.0;0.0;B02
4441;201400003063;0;2;0;0.0;2.0;1.0;1.0;A01
4442;201400003063;0;7;0;0.0;2.0;1.0;15.0;B02
4443;201400003064;0;30;0;7.0;0.0;1.0;1.0;A01
4444;201400003065;0;7;0;0.0;2.0;1.0;1.0;A01
4445;201400003065;0;10;0;0.0;2.0;3.0;15.0;B02
4446;201400003066;0;33;0;3.0;0.0;3.0;1.0;A01
4447;201400003067;0;7;0;0.0;0.0;6.0;2.0;A01
4448;201400003067;0;33;0;0.0;2.0;1.0;2.0;B02
4449;201400003068;0;7;0;0.0;2.0;2.0;1.0;A01
4450;201400003068;0;7;0;0.0;2.0;1.0;1.0;B02
4451;201400003069;0;31;0;13.0;0.0;1.0;1.0;A01
4452;201400003070;0;7;0;0.0;0.0;3.0;1.0;A01
4453;201400003070;0;7;0;0.0;0.0;3.0;1.0;B02
4454;201400003071;0;7;0;0.0;2.0;3.0;1.0;A01
4455;201400003071;0;7;0;0.0;0.0;6.0;1.0;B02
4456;201400003072;0;15;0;0.0;2.0;2.0;19.0;B02
4457;201400003072;0;7;0;0.0;2.0;3.0;2.0;A01
4458;201400003073;0;7;0;2.0;0.0;1.0;0.0;A01
4459;201400003074;0;7;0;0.0;2.0;0.0;17.0;A01
4460;201400003074;0;7;0;0.0;0.0;0.0;13.0;B02
4461;201400003075;0;7;0;16.0;0.0;1.0;1.0;A01
4462;201400003077;0;7;0;0.0;2.0;1.0;1.0;A01
4463;201400003077;0;3;0;0.0;2.0;5.0;15.0;B02
4464;201400003078;0;7;0;0.0;2.0;1.0;1.0;A01
4465;201400003078;0;7;0;0.0;0.0;3.0;1.0;B02
4466;201400003079;0;7;0;2.0;0.0;8.0;1.0;A01
4467;201400003080;0;7;0;0.0;1.0;7.0;2.0;A01
4468;201400003081;0;7;0;0.0;2.0;1.0;2.0;A01
4469;201400003081;0;2;0;0.0;2.0;4.0;2.0;B02
4470;201400003083;0;33;0;0.0;2.0;1.0;1.0;A01
4471;201400003083;0;7;0;0.0;2.0;3.0;19.0;B02
4472;201400003084;0;7;0;0.0;2.0;2.0;15.0;A01
4473;201400003084;0;7;0;0.0;2.0;6.0;1.0;B02
4474;201400003085;0;7;0;0.0;2.0;3.0;15.0;A01
4475;201400003085;0;33;0;0.0;2.0;3.0;1.0;B02
4476;201400003086;0;7;0;13.0;0.0;9.0;1.0;A01
4477;201400003087;0;10;0;6.0;0.0;2.0;1.0;A01
4478;201400003088;0;36;0;0.0;0.0;9.0;14.0;A01
4479;201400003089;0;33;0;0.0;2.0;3.0;1.0;A01
4480;201400003089;0;10;0;0.0;2.0;3.0;13.0;B02
4481;201400003090;0;36;0;2.0;0.0;1.0;1.0;A01
4482;201400003091;0;7;0;2.0;0.0;1.0;1.0;A01
4483;201400003092;0;7;0;0.0;1.0;3.0;5.0;A01
4484;201400003094;0;15;0;0.0;2.0;5.0;16.0;A01
4485;201400003094;0;17;0;0.0;2.0;3.0;1.0;B02
4486;201400003095;0;7;0;13.0;0.0;1.0;0.0;A01
4487;201400003096;0;33;0;0.0;0.0;1.0;1.0;A01
4488;201400003097;0;7;0;0.0;2.0;2.0;15.0;A01
4489;201400003097;0;7;0;0.0;2.0;1.0;1.0;B02
4490;201400003098;0;7;0;0.0;0.0;2.0;14.0;A01
4491;201400003099;0;1;0;0.0;0.0;1.0;1.0;A01
4492;201400003100;0;33;0;0.0;0.0;8.0;1.0;A01
4493;201400003101;0;30;0;0.0;2.0;1.0;1.0;A01
4494;201400003101;0;7;0;0.0;2.0;7.0;15.0;B02
4495;201400003102;0;7;0;3.0;0.0;3.0;13.0;A01
4496;201400003103;0;10;0;0.0;2.0;3.0;10.0;A01
4497;201400003103;0;33;0;0.0;2.0;1.0;1.0;B02
4498;201400003105;0;7;0;13.0;0.0;3.0;21.0;A01
4499;201400003106;0;7;0;3.0;0.0;7.0;1.0;A01
4500;201400003107;0;7;0;0.0;2.0;2.0;1.0;B02
4501;201400003107;0;7;0;0.0;2.0;8.0;15.0;A01
4502;201400003108;0;7;0;0.0;9.0;1.0;15.0;A01
4503;201400003108;0;1;0;0.0;2.0;1.0;1.0;B02
4504;201400003109;0;7;0;4.0;;1.0;13.0;A01
4505;201400003110;0;7;0;4.0;0.0;1.0;13.0;A01
4506;201400003111;0;7;0;0.0;2.0;8.0;10.0;A01
4507;201400003111;0;33;0;0.0;2.0;1.0;2.0;B02
4508;201400003112;0;7;0;0.0;2.0;1.0;1.0;A01
4509;201400003112;0;14;0;0.0;2.0;1.0;1.0;B02
4510;201400003113;0;7;0;0.0;2.0;7.0;1.0;B02
4511;201400003113;0;14;0;0.0;2.0;1.0;1.0;A01
4512;201400003114;0;17;0;3.0;2.0;1.0;1.0;A01
4513;201400003114;0;17;0;0.0;2.0;2.0;1.0;B02
4514;201400003114;0;17;0;0.0;2.0;8.0;1.0;C03
4515;201400003115;0;7;0;2.0;0.0;9.0;1.0;A01
4516;201400003116;0;7;0;8.0;0.0;7.0;13.0;A01
4517;201400003117;0;7;0;0.0;2.0;8.0;1.0;A01
4518;201400003117;0;10;0;0.0;2.0;2.0;1.0;B02
4519;201400003118;0;7;0;;2.0;1.0;13.0;A01
4520;201400003118;0;7;0;;2.0;2.0;1.0;B02
4521;201400003119;0;7;0;0.0;1.0;2.0;1.0;A01
4522;201400003120;0;7;0;0.0;2.0;3.0;15.0;B02
4523;201400003120;0;7;0;0.0;2.0;3.0;1.0;A01
4524;201400003121;0;3;0;0.0;2.0;3.0;13.0;A01
4525;201400003121;0;10;0;0.0;2.0;3.0;1.0;B02
4526;201400003122;0;10;0;0.0;2.0;8.0;19.0;A01
4527;201400003122;0;7;0;0.0;2.0;2.0;1.0;B02
4528;201400003123;0;7;0;0.0;2.0;3.0;13.0;A01
4529;201400003123;0;7;0;0.0;2.0;3.0;1.0;B02
4530;201400003125;0;7;0;0.0;2.0;3.0;13.0;A01
4531;201400003125;0;7;0;0.0;2.0;3.0;1.0;B02
4532;201400003126;0;33;0;0.0;2.0;1.0;1.0;B02
4533;201400003126;0;7;0;0.0;2.0;8.0;10.0;A01
4534;201400003127;0;30;0;8.0;0.0;1.0;13.0;A01
4535;201400003129;0;33;0;0.0;6.0;3.0;1.0;A01
4536;201400003130;0;33;0;13.0;0.0;8.0;1.0;A01
4537;201400003131;0;7;0;0.0;2.0;8.0;1.0;B02
4538;201400003131;0;33;0;0.0;2.0;1.0;1.0;A01
4539;201400003132;0;7;0;8.0;0.0;1.0;14.0;A01
4540;201400003133;0;7;0;0.0;2.0;3.0;19.0;A01
4541;201400003133;0;33;0;0.0;2.0;1.0;1.0;B02
4542;201400003135;0;7;0;2.0;0.0;8.0;1.0;A01
4543;201400003136;0;33;0;15.0;0.0;1.0;14.0;A01
4544;201400003137;0;10;0;0.0;2.0;3.0;1.0;B02
4545;201400003137;0;2;0;0.0;2.0;1.0;1.0;A01
4546;201400003138;0;7;0;0.0;2.0;3.0;13.0;A01
4547;201400003138;0;17;0;0.0;2.0;3.0;1.0;B02
4548;201400003140;0;7;0;6.0;0.0;1.0;14.0;A01
4549;201400003141;0;30;0;0.0;2.0;1.0;13.0;A01
4550;201400003141;0;30;0;0.0;2.0;1.0;1.0;B02
4551;201400003142;0;7;0;13.0;0.0;2.0;1.0;A01
4552;201400003143;0;7;0;0.0;1.0;6.0;4.0;A01
4553;201400003144;0;7;0;0.0;1.0;2.0;21.0;A01
4554;201400003145;0;7;0;0.0;1.0;1.0;15.0;A01
4555;201400003146;0;7;0;0.0;1.0;1.0;13.0;A01
4556;201400003147;0;7;0;13.0;0.0;1.0;1.0;A01
4557;201400003148;0;7;0;13.0;0.0;9.0;2.0;A01
4558;201400003149;0;7;0;0.0;2.0;3.0;17.0;A01
4559;201400003149;0;15;0;0.0;2.0;3.0;1.0;B02
4560;201400003150;0;7;0;2.0;0.0;8.0;1.0;A01
4561;201400003151;0;33;0;13.0;0.0;1.0;1.0;A01
4562;201400003152;0;33;0;0.0;2.0;1.0;1.0;B02
4563;201400003152;0;7;0;0.0;2.0;8.0;15.0;A01
4564;201400003153;0;7;0;0.0;2.0;8.0;17.0;A01
4565;201400003153;0;7;0;0.0;2.0;8.0;1.0;B02
4566;201400003154;0;7;0;0.0;2.0;1.0;1.0;B02
4567;201400003154;0;7;0;0.0;2.0;8.0;19.0;A01
4568;201400003155;0;7;0;0.0;2.0;8.0;1.0;A01
4569;201400003155;0;7;0;0.0;2.0;1.0;1.0;B02
4570;201400003156;0;7;0;16.0;0.0;2.0;1.0;A01
4571;201400003157;0;13;0;0.0;2.0;2.0;1.0;A01
4572;201400003157;0;7;0;0.0;2.0;3.0;19.0;B02
4573;201400003159;0;7;0;2.0;0.0;1.0;1.0;A01
4574;201400003160;0;7;0;0.0;2.0;1.0;19.0;A01
4575;201400003160;0;7;0;0.0;2.0;3.0;1.0;B02
4576;201400003161;0;7;0;0.0;2.0;2.0;15.0;A01
4577;201400003161;0;1;0;0.0;2.0;1.0;1.0;B02
4578;201400003161;0;1;0;0.0;2.0;1.0;1.0;C03
4579;201400003162;0;7;0;0.0;2.0;9.0;13.0;A01
4580;201400003162;0;7;0;0.0;2.0;3.0;1.0;B02
4581;201400003162;0;10;0;0.0;2.0;1.0;1.0;C03
4582;201400003163;0;7;0;0.0;2.0;1.0;2.0;A01
4583;201400003163;0;7;0;0.0;2.0;4.0;15.0;B02
4584;201400003164;0;33;0;0.0;2.0;1.0;13.0;A01
4585;201400003164;0;21;0;0.0;2.0;7.0;1.0;B02
4586;201400003165;0;7;0;2.0;0.0;1.0;1.0;A01
4587;201400003167;0;7;0;6.0;0.0;1.0;13.0;A01
4588;201400003168;0;7;0;0.0;2.0;7.0;13.0;A01
4589;201400003168;0;7;0;0.0;2.0;1.0;1.0;B02
4590;201400003169;0;7;0;0.0;2.0;1.0;1.0;A01
4591;201400003169;0;7;0;0.0;2.0;1.0;17.0;B02
4592;201400003171;0;7;0;0.0;2.0;1.0;2.0;B02
4593;201400003171;0;10;0;0.0;2.0;4.0;9.0;A01
4594;201400003172;0;1;0;0.0;0.0;7.0;1.0;B02
4595;201400003172;0;7;0;0.0;0.0;8.0;1.0;A01
4596;201400003173;0;10;0;8.0;0.0;2.0;1.0;A01
4597;201400003174;0;15;0;0.0;0.0;5.0;15.0;B02
4598;201400003174;0;7;0;0.0;2.0;3.0;1.0;A01
4599;201400003175;0;7;0;13.0;0.0;1.0;1.0;A01
4600;201400003176;0;7;0;0.0;2.0;1.0;1.0;C03
4601;201400003176;0;7;0;0.0;2.0;6.0;2.0;A01
4602;201400003176;0;7;0;0.0;2.0;1.0;1.0;B02
4603;201400003177;0;7;0;0.0;0.0;0.0;1.0;A01
4604;201400003178;0;7;0;0.0;1.0;2.0;21.0;A01
4605;201400003179;0;7;0;0.0;1.0;2.0;1.0;A01
4606;201400003181;0;2;0;0.0;2.0;1.0;15.0;A01
4607;201400003181;0;7;0;0.0;2.0;1.0;0.0;B02
4608;201400003182;0;33;0;7.0;0.0;1.0;1.0;A01
4609;201400003182;0;7;0;0.0;9.0;2.0;1.0;B02
4610;201400003183;0;7;0;0.0;9.0;2.0;2.0;A01
4611;201400003183;0;1;0;0.0;2.0;4.0;2.0;B02
4612;201400003184;0;7;0;0.0;2.0;1.0;1.0;A01
4613;201400003184;0;7;0;0.0;2.0;8.0;15.0;B02
4614;201400003185;0;14;0;2.0;0.0;7.0;1.0;A01
4615;201400003186;0;32;0;0.0;2.0;1.0;1.0;A01
4616;201400003186;0;7;0;0.0;2.0;3.0;19.0;B02
4617;201400003187;0;10;0;0.0;0.0;0.0;2.0;B02
4618;201400003187;0;31;0;0.0;0.0;0.0;2.0;A01
4619;201400003188;0;7;0;1.0;0.0;4.0;4.0;A01
4620;201400003188;0;7;0;0.0;1.0;6.0;20.0;B02
4621;201400003189;0;7;0;6.0;0.0;3.0;2.0;A01
4622;201400003190;0;33;0;0.0;2.0;1.0;2.0;B02
4623;201400003190;0;7;0;0.0;2.0;2.0;15.0;A01
4624;201400003192;0;1;0;0.0;0.0;0.0;0.0;A01
4625;201400003193;0;33;0;0.0;1.0;1.0;1.0;A01
4626;201400003195;0;7;0;0.0;9.0;2.0;16.0;A01
4627;201400003195;0;1;0;0.0;2.0;8.0;1.0;B02
4628;201400003196;0;7;0;0.0;2.0;1.0;1.0;A01
4629;201400003196;0;30;0;0.0;2.0;7.0;19.0;B02
4630;201400003197;0;10;0;0.0;2.0;2.0;21.0;B02
4631;201400003197;0;7;0;0.0;2.0;7.0;13.0;A01
4632;201400003199;0;7;0;0.0;2.0;3.0;19.0;B02
4633;201400003199;0;7;0;0.0;2.0;2.0;1.0;A01
4634;201400003200;0;7;0;0.0;2.0;1.0;1.0;C03
4635;201400003200;0;7;0;0.0;2.0;5.0;2.0;B02
4636;201400003200;0;7;0;0.0;2.0;3.0;2.0;A01
4637;201400003201;0;7;0;16.0;0.0;9.0;14.0;A01
4638;201400003202;0;1;0;0.0;0.0;0.0;1.0;A01
4639;201400003204;0;7;0;0.0;2.0;5.0;16.0;A01
4640;201400003204;0;1;0;0.0;2.0;1.0;1.0;B02
4641;201400003205;0;33;0;13.0;0.0;9.0;14.0;A01
4642;201400003206;0;7;0;0.0;2.0;1.0;1.0;B02
4643;201400003206;0;7;0;0.0;2.0;2.0;13.0;A01
4644;201400003207;0;7;0;0.0;0.0;2.0;1.0;B02
4645;201400003207;0;7;0;0.0;0.0;7.0;13.0;A01
4646;201400003207;0;7;0;0.0;0.0;7.0;21.0;C03
4647;201400003208;0;7;0;0.0;2.0;1.0;15.0;B02
4648;201400003208;0;99;0;0.0;2.0;1.0;1.0;A01
4649;201400003209;0;7;0;0.0;9.0;7.0;2.0;A01
4650;201400003209;0;99;0;0.0;2.0;0.0;2.0;B02
4651;201400003210;0;7;0;8.0;0.0;1.0;13.0;A01
4652;201400003211;0;2;0;0.0;2.0;1.0;1.0;B02
4653;201400003211;0;7;0;0.0;2.0;2.0;15.0;A01
4654;201400003212;0;7;0;8.0;0.0;3.0;1.0;A01
4655;201400003213;0;7;0;0.0;2.0;1.0;1.0;A01
4656;201400003213;0;2;0;0.0;2.0;8.0;19.0;B02
4657;201400003214;0;10;0;0.0;2.0;1.0;1.0;B02
4658;201400003214;0;10;0;0.0;2.0;7.0;13.0;A01
4659;201400003216;0;7;0;2.0;0.0;9.0;1.0;A01
4660;201400003217;0;7;0;0.0;2.0;2.0;1.0;B02
4661;201400003217;0;1;0;0.0;2.0;8.0;5.0;A01
4662;201400003218;0;10;0;0.0;2.0;3.0;1.0;B02
4663;201400003218;0;7;0;0.0;2.0;7.0;1.0;A01
4664;201400003219;0;7;0;8.0;0.0;0.0;13.0;A01
4665;201400003220;0;7;0;0.0;0.0;3.0;15.0;B02
4666;201400003220;0;33;0;0.0;2.0;1.0;17.0;A01
4667;201400003221;0;17;0;13.0;0.0;0.0;13.0;A01
4668;201400003222;0;2;0;0.0;2.0;1.0;1.0;B02
4669;201400003222;0;7;0;0.0;2.0;3.0;19.0;A01
4670;201400003223;0;15;0;0.0;2.0;6.0;1.0;B02
4671;201400003223;0;7;0;0.0;2.0;3.0;13.0;A01
4672;201400003224;0;7;0;0.0;2.0;1.0;1.0;B02
4673;201400003224;0;7;0;0.0;2.0;1.0;13.0;A01
4674;201400003225;0;7;0;0.0;2.0;3.0;19.0;A01
4675;201400003225;0;33;0;0.0;2.0;1.0;17.0;B02
4676;201400003226;0;33;0;3.0;0.0;2.0;1.0;A01
4677;201400003228;0;7;0;0.0;2.0;3.0;15.0;A01
4678;201400003228;0;10;0;0.0;2.0;1.0;1.0;B02
4679;201400003229;0;7;0;0.0;6.0;1.0;1.0;A01
4680;201400003229;0;33;0;14.0;2.0;1.0;1.0;B02
4681;201400003230;0;7;0;2.0;1.0;3.0;13.0;A01
4682;201400003231;0;7;0;6.0;2.0;1.0;21.0;A01
4683;201400003232;0;7;0;8.0;0.0;1.0;1.0;A01
4684;201400003233;0;15;0;3.0;2.0;1.0;1.0;A01
4685;201400003233;0;7;0;0.0;2.0;8.0;19.0;B02
4686;201400003234;0;7;0;13.0;0.0;2.0;1.0;A01
4687;201400003235;0;30;0;0.0;2.0;7.0;17.0;B02
4688;201400003235;0;7;0;6.0;2.0;3.0;15.0;A01
4689;201400003236;0;7;0;2.0;0.0;2.0;1.0;A01
4690;201400003237;0;31;0;0.0;0.0;0.0;1.0;A01
4691;201400003238;0;30;0;0.0;2.0;1.0;2.0;A01
4692;201400003238;0;10;0;0.0;0.0;4.0;2.0;B02
4693;201400003239;0;7;0;0.0;2.0;3.0;1.0;A01
4694;201400003239;0;1;0;0.0;2.0;2.0;1.0;B02
4695;201400003240;0;1;0;0.0;0.0;0.0;1.0;B02
4696;201400003240;0;7;0;0.0;0.0;8.0;16.0;A01
4697;201400003241;0;1;0;0.0;0.0;1.0;1.0;A01
4698;201400003241;0;1;0;0.0;0.0;1.0;1.0;B02
4699;201400003242;0;7;0;0.0;2.0;1.0;13.0;A01
4700;201400003242;0;7;0;0.0;2.0;1.0;0.0;B02
4701;201400003243;0;7;0;0.0;2.0;3.0;1.0;B02
4702;201400003243;0;30;0;0.0;2.0;1.0;13.0;A01
4703;201400003244;0;7;0;0.0;2.0;2.0;15.0;A01
4704;201400003244;0;32;0;0.0;2.0;1.0;1.0;B02
4705;201400003245;0;7;0;0.0;2.0;1.0;19.0;A01
4706;201400003245;0;33;0;0.0;2.0;7.0;1.0;B02
4707;201400003246;0;7;0;0.0;2.0;8.0;1.0;B02
4708;201400003246;0;7;0;0.0;0.0;1.0;1.0;A01
4709;201400003247;0;38;1;0.0;1.0;2.0;1.0;A01
4710;201400003248;0;7;0;0.0;1.0;0.0;1.0;A01
4711;201400003249;0;31;0;0.0;0.0;9.0;0.0;A01
4712;201400003250;0;33;0;5.0;0.0;7.0;2.0;A01
4713;201400003251;0;7;0;2.0;0.0;1.0;1.0;A01
4714;201400003252;0;33;0;0.0;2.0;1.0;1.0;A01
4715;201400003252;0;7;0;0.0;2.0;6.0;9.0;B02
4716;201400003253;0;7;0;0.0;2.0;1.0;13.0;B02
4717;201400003253;0;7;0;0.0;2.0;1.0;13.0;A01
4718;201400003254;0;10;0;0.0;9.0;3.0;9.0;A01
4719;201400003254;0;1;0;0.0;2.0;1.0;1.0;B02
4720;201400003255;0;7;0;6.0;0.0;3.0;0.0;A01
4721;201400003256;0;7;0;13.0;0.0;1.0;1.0;A01
4722;201400003258;0;7;0;0.0;2.0;3.0;1.0;B02
4723;201400003258;0;7;0;0.0;2.0;3.0;17.0;A01
4724;201400003259;0;30;0;0.0;0.0;8.0;1.0;A01
4725;201400003260;0;7;0;0.0;2.0;2.0;2.0;B02
4726;201400003260;0;1;0;0.0;2.0;6.0;1.0;A01
4727;201400003261;0;7;0;0.0;2.0;3.0;13.0;A01
4728;201400003261;0;7;0;0.0;2.0;3.0;1.0;B02
4729;201400003262;0;7;0;0.0;1.0;1.0;1.0;A01
4730;201400003263;0;30;0;0.0;5.0;7.0;1.0;A01
4731;201400003264;0;10;0;0.0;2.0;1.0;1.0;B02
4732;201400003264;0;7;0;0.0;2.0;8.0;19.0;A01
4733;201400003265;0;33;0;1.0;0.0;1.0;21.0;C03
4734;201400003265;0;7;0;1.0;2.0;4.0;21.0;B02
4735;201400003265;0;7;0;0.0;2.0;4.0;1.0;A01
4736;201400003266;0;1;0;0.0;2.0;1.0;1.0;B02
4737;201400003266;0;7;0;0.0;2.0;1.0;13.0;A01
4738;201400003267;0;7;0;13.0;0.0;9.0;1.0;A01
4739;201400003268;0;33;0;13.0;0.0;9.0;17.0;A01
4740;201400003269;0;7;0;0.0;2.0;2.0;19.0;A01
4741;201400003269;0;7;0;0.0;2.0;1.0;1.0;B02
4742;201400003272;0;7;0;0.0;2.0;2.0;17.0;A01
4743;201400003272;0;21;0;0.0;2.0;3.0;15.0;B02
4744;201400003273;0;33;0;0.0;2.0;1.0;1.0;A01
4745;201400003273;0;7;0;0.0;0.0;3.0;19.0;B02
4746;201400003274;0;7;0;0.0;2.0;1.0;15.0;A01