;Num_Acc;senc;catv;occutc;obs;obsm;choc;manv;num_veh
4747;201400003274;0;1;0;0.0;2.0;3.0;1.0;B02
4748;201400003275;0;10;0;0.0;2.0;3.0;16.0;A01
4749;201400003275;0;7;0;0.0;2.0;5.0;19.0;B02
4750;201400003276;0;7;0;0.0;2.0;3.0;1.0;A01
4751;201400003276;0;7;0;0.0;2.0;2.0;13.0;B02
4752;201400003277;0;7;0;13.0;0.0;3.0;1.0;A01
4753;201400003278;0;7;0;2.0;0.0;1.0;1.0;A01
4754;201400003279;0;7;0;2.0;0.0;3.0;1.0;A01
4755;201400003280;0;7;0;2.0;0.0;3.0;1.0;A01
4756;201400003281;0;7;0;0.0;2.0;3.0;1.0;B02
4757;201400003281;0;7;0;0.0;2.0;3.0;13.0;A01
4758;201400003282;0;7;0;0.0;2.0;3.0;13.0;A01
4759;201400003282;0;17;0;0.0;2.0;6.0;1.0;B02
4760;201400003283;0;7;0;0.0;2.0;3.0;1.0;B02
4761;201400003283;0;7;0;0.0;2.0;3.0;1.0;A01
4762;201400003284;0;10;0;8.0;0.0;3.0;1.0;A01
4763;201400003285;0;10;0;0.0;2.0;2.0;17.0;A01
4764;201400003285;0;30;0;0.0;2.0;4.0;13.0;B02
4765;201400003286;0;7;0;0.0;2.0;8.0;1.0;A01
4766;201400003286;0;7;0;0.0;2.0;2.0;19.0;B02
4767;201400003287;0;7;0;0.0;2.0;3.0;1.0;B02
4768;201400003287;0;7;0;0.0;2.0;3.0;13.0;A01
4769;201400003289;0;10;0;0.0;9.0;6.0;2.0;C03
4770;201400003289;0;7;0;0.0;2.0;1.0;13.0;A01
4771;201400003289;0;14;0;0.0;2.0;3.0;1.0;B02
4772;201400003290;0;7;0;0.0;1.0;7.0;1.0;A01
4773;201400003291;0;10;0;0.0;2.0;3.0;1.0;B02
4774;201400003291;0;14;0;0.0;2.0;3.0;13.0;A01
4775;201400003292;0;7;0;0.0;2.0;3.0;19.0;A01
4776;201400003292;0;33;0;0.0;2.0;1.0;1.0;B02
4777;201400003293;0;7;0;0.0;2.0;1.0;17.0;B02
4778;201400003293;0;7;0;0.0;2.0;1.0;5.0;A01
4779;201400003293;0;7;0;14.0;0.0;3.0;2.0;C03
4780;201400003294;0;7;0;0.0;2.0;1.0;2.0;A01
4781;201400003294;0;7;0;0.0;2.0;4.0;15.0;B02
4782;201400003294;0;7;0;0.0;2.0;1.0;1.0;C03
4783;201400003295;0;33;0;0.0;2.0;3.0;1.0;B02
4784;201400003295;0;7;0;0.0;2.0;3.0;13.0;A01
4785;201400003296;0;7;0;0.0;2.0;7.0;1.0;B02
4786;201400003296;0;30;0;0.0;2.0;1.0;1.0;A01
4787;201400003297;0;14;0;0.0;2.0;1.0;1.0;A01
4788;201400003297;0;32;0;0.0;2.0;7.0;15.0;B02
4789;201400003298;0;7;0;0.0;2.0;1.0;6.0;A01
4790;201400003298;0;7;0;0.0;2.0;6.0;1.0;B02
4791;201400003299;0;7;0;6.0;0.0;1.0;14.0;A01
4792;201400003300;0;7;0;2.0;0.0;1.0;16.0;A01
4793;201400003301;0;30;0;0.0;0.0;0.0;1.0;A01
4794;201400003302;0;10;0;0.0;9.0;2.0;1.0;A01
4795;201400003302;0;1;0;8.0;0.0;4.0;1.0;B02
4796;201400003303;0;7;0;1.0;0.0;3.0;13.0;A01
4797;201400003304;0;7;0;0.0;1.0;1.0;1.0;A01
4798;201400003305;0;7;0;0.0;2.0;1.0;15.0;A01
4799;201400003305;0;7;0;0.0;2.0;1.0;1.0;B02
4800;201400003306;0;7;0;0.0;2.0;2.0;15.0;B02
4801;201400003306;0;2;0;0.0;2.0;7.0;1.0;A01
4802;201400003307;0;7;0;2.0;0.0;8.0;1.0;A01
4803;201400003308;0;17;0;6.0;0.0;1.0;1.0;A01
4804;201400003309;0;33;0;0.0;2.0;1.0;17.0;B02
4805;201400003309;0;21;0;0.0;2.0;3.0;15.0;A01
4806;201400003310;0;2;0;0.0;2.0;1.0;1.0;A01
4807;201400003310;0;10;0;0.0;2.0;3.0;20.0;B02
4808;201400003311;0;7;0;16.0;0.0;3.0;1.0;A01
4809;201400003312;0;7;0;0.0;2.0;3.0;1.0;B02
4810;201400003312;0;7;0;0.0;2.0;8.0;19.0;A01
4811;201400003313;0;7;0;0.0;2.0;8.0;1.0;A01
4812;201400003313;0;10;0;0.0;2.0;1.0;19.0;B02
4813;201400003314;0;7;0;2.0;0.0;7.0;13.0;A01
4814;201400003315;0;7;0;8.0;0.0;1.0;1.0;A01
4815;201400003316;0;10;0;0.0;2.0;3.0;1.0;B02
4816;201400003316;0;7;0;0.0;2.0;3.0;13.0;A01
4817;201400003317;0;7;0;0.0;2.0;3.0;13.0;A01
4818;201400003317;0;17;0;0.0;2.0;3.0;2.0;B02
4819;201400003318;0;1;0;0.0;2.0;1.0;1.0;B02
4820;201400003318;0;7;0;0.0;2.0;1.0;13.0;A01
4821;201400003319;0;7;0;0.0;0.0;8.0;0.0;A01
4822;201400003319;0;7;0;0.0;2.0;1.0;0.0;B02
4823;201400003320;0;7;0;0.0;2.0;3.0;1.0;B02
4824;201400003320;0;7;0;0.0;2.0;2.0;13.0;A01
4825;201400003321;0;7;0;0.0;2.0;2.0;1.0;C03
4826;201400003321;0;7;0;0.0;2.0;3.0;1.0;B02
4827;201400003321;0;7;0;0.0;2.0;3.0;13.0;A01
4828;201400003322;0;7;0;1.0;0.0;0.0;23.0;C03
4829;201400003322;0;30;0;0.0;2.0;1.0;13.0;A01
4830;201400003322;0;7;0;0.0;2.0;3.0;1.0;B02
4831;201400003323;0;7;0;0.0;2.0;2.0;1.0;B02
4832;201400003323;0;7;0;0.0;0.0;3.0;19.0;A01
4833;201400003324;0;33;0;0.0;2.0;1.0;1.0;B02
4834;201400003324;0;7;0;0.0;2.0;8.0;15.0;A01
4835;201400003325;0;1;0;0.0;2.0;8.0;1.0;D04
4836;201400003325;0;1;0;0.0;2.0;8.0;1.0;B02
4837;201400003325;0;1;0;0.0;0.0;0.0;1.0;C03
4838;201400003325;0;7;0;0.0;2.0;1.0;15.0;A01
4839;201400003325;0;1;0;0.0;2.0;1.0;1.0;E05
4840;201400003325;0;1;0;0.0;2.0;1.0;1.0;F06
4841;201400003327;0;7;0;13.0;0.0;1.0;14.0;A01
4842;201400003328;0;7;0;6.0;0.0;1.0;1.0;A01
4843;201400003329;0;7;0;0.0;2.0;3.0;19.0;B02
4844;201400003329;0;7;0;0.0;2.0;1.0;1.0;A01
4845;201400003330;0;7;0;2.0;0.0;3.0;1.0;A01
4846;201400003331;0;7;0;0.0;2.0;7.0;1.0;A01
4847;201400003331;0;7;0;0.0;2.0;1.0;1.0;B02
4848;201400003332;0;7;0;0.0;2.0;1.0;1.0;B02
4849;201400003332;0;7;0;0.0;2.0;8.0;9.0;A01
4850;201400003333;0;7;0;0.0;2.0;4.0;23.0;B02
4851;201400003333;0;7;0;0.0;0.0;1.0;1.0;C03
4852;201400003333;0;7;0;14.0;0.0;1.0;1.0;A01
4853;201400003334;0;3;0;0.0;0.0;0.0;1.0;A01
4854;201400003335;0;31;0;0.0;2.0;6.0;16.0;A01
4855;201400003335;0;30;0;0.0;2.0;1.0;1.0;B02
4856;201400003336;0;7;0;0.0;2.0;1.0;1.0;A01
4857;201400003336;0;21;0;0.0;0.0;4.0;1.0;B02
4858;201400003337;0;31;0;0.0;0.0;1.0;1.0;A01
4859;201400003338;0;10;0;0.0;2.0;7.0;13.0;A01
4860;201400003338;0;7;0;0.0;2.0;1.0;1.0;B02
4861;201400003339;0;1;0;0.0;2.0;8.0;1.0;B02
4862;201400003339;1;7;0;0.0;2.0;7.0;17.0;A01
4863;201400003340;0;7;0;0.0;2.0;3.0;13.0;A01
4864;201400003340;0;7;0;0.0;2.0;3.0;1.0;B02
4865;201400003342;0;7;0;15.0;0.0;2.0;1.0;A01
4866;201400003344;0;7;0;0.0;2.0;1.0;1.0;B02
4867;201400003344;2;10;0;0.0;2.0;1.0;13.0;A01
4868;201400003345;0;7;0;2.0;0.0;1.0;1.0;A01
4869;201400003346;0;7;0;2.0;0.0;2.0;1.0;A01
4870;201400003347;0;7;0;0.0;2.0;3.0;15.0;A01
4871;201400003347;0;7;0;0.0;2.0;2.0;1.0;B02
4872;201400003348;0;7;0;0.0;2.0;2.0;1.0;A01
4873;201400003348;0;1;0;0.0;2.0;4.0;1.0;B02
4874;201400003349;0;2;0;0.0;2.0;3.0;1.0;B02
4875;201400003349;0;7;0;0.0;9.0;2.0;19.0;A01
4876;201400003350;0;7;0;0.0;2.0;1.0;1.0;B02
4877;201400003350;0;14;0;0.0;2.0;2.0;15.0;A01
4878;201400003351;0;10;0;0.0;2.0;3.0;13.0;B02
4879;201400003351;0;33;0;0.0;2.0;1.0;13.0;A01
4880;201400003352;0;7;0;0.0;2.0;2.0;1.0;A01
4881;201400003352;0;33;0;0.0;2.0;7.0;0.0;B02
4882;201400003353;0;7;0;2.0;0.0;9.0;1.0;A01
4883;201400003354;0;7;0;2.0;0.0;2.0;14.0;A01
4884;201400003355;0;7;0;16.0;0.0;9.0;1.0;A01
4885;201400003356;0;7;0;0.0;2.0;1.0;1.0;B02
4886;201400003356;0;7;0;0.0;2.0;7.0;1.0;A01
4887;201400003357;0;7;0;0.0;2.0;1.0;13.0;A01
4888;201400003357;0;7;0;0.0;2.0;1.0;1.0;B02
4889;201400003358;0;10;0;0.0;2.0;7.0;1.0;A01
4890;201400003358;0;10;0;0.0;2.0;1.0;1.0;B02
4891;201400003359;0;7;0;2.0;0.0;9.0;0.0;A01
4892;201400003361;0;7;0;0.0;2.0;3.0;13.0;B02
4893;201400003361;0;7;0;0.0;2.0;3.0;1.0;A01
4894;201400003362;0;7;0;0.0;2.0;1.0;1.0;B02
4895;201400003362;0;7;0;0.0;2.0;6.0;1.0;C03
4896;201400003362;0;7;0;0.0;2.0;1.0;13.0;A01
4897;201400003364;0;7;0;0.0;2.0;1.0;1.0;B02
4898;201400003364;0;7;0;0.0;2.0;1.0;13.0;A01
4899;201400003365;0;7;0;0.0;2.0;2.0;15.0;B02
4900;201400003365;0;33;0;0.0;2.0;1.0;1.0;A01
4901;201400003366;0;7;0;0.0;2.0;8.0;1.0;B02
4902;201400003366;0;30;0;0.0;2.0;1.0;13.0;A01
4903;201400003367;0;7;0;0.0;1.0;4.0;4.0;A01
4904;201400003368;0;7;0;6.0;0.0;1.0;1.0;A01
4905;201400003369;0;7;0;0.0;2.0;1.0;2.0;A01
4906;201400003369;0;1;0;0.0;0.0;0.0;0.0;B02
4907;201400003370;0;7;0;0.0;2.0;1.0;13.0;B02
4908;201400003370;0;7;0;0.0;2.0;4.0;1.0;E05
4909;201400003370;0;7;0;0.0;2.0;4.0;1.0;D04
4910;201400003370;1;7;0;0.0;0.0;0.0;0.0;A01
4911;201400003370;0;7;0;0.0;2.0;3.0;1.0;C03
4912;201400003371;0;7;0;6.0;0.0;1.0;1.0;A01
4913;201400003372;0;21;0;0.0;2.0;5.0;15.0;B02
4914;201400003372;0;10;0;0.0;2.0;1.0;18.0;A01
4915;201400003373;0;30;0;0.0;2.0;1.0;1.0;A01
4916;201400003373;0;30;0;0.0;2.0;1.0;1.0;B02
4917;201400003374;0;30;0;0.0;0.0;0.0;1.0;A01
4918;201400003374;0;21;0;0.0;0.0;0.0;1.0;B02
4919;201400003375;0;7;0;0.0;0.0;3.0;19.0;A01
4920;201400003375;0;7;0;0.0;0.0;2.0;1.0;B02
4921;201400003376;0;7;0;0.0;2.0;3.0;13.0;A01
4922;201400003376;0;7;0;0.0;2.0;3.0;1.0;B02
4923;201400003377;0;7;0;0.0;2.0;1.0;2.0;C03
4924;201400003377;0;7;0;0.0;2.0;5.0;2.0;B02
4925;201400003377;0;7;0;0.0;2.0;1.0;2.0;A01
4926;201400003378;0;7;0;6.0;0.0;1.0;1.0;A01
4927;201400003380;0;17;0;3.0;0.0;2.0;1.0;A01
4928;201400003381;0;7;0;6.0;0.0;3.0;1.0;A01
4929;201400003381;0;7;0;1.0;1.0;1.0;1.0;B02
4930;201400003384;0;10;0;0.0;2.0;2.0;17.0;A01
4931;201400003384;0;7;0;0.0;2.0;2.0;1.0;B02
4932;201400003385;0;7;0;0.0;2.0;8.0;1.0;A01
4933;201400003385;0;7;0;0.0;2.0;1.0;19.0;B02
4934;201400003386;0;7;0;2.0;0.0;1.0;13.0;A01
4935;201400003387;0;7;0;0.0;2.0;1.0;13.0;A01
4936;201400003387;0;7;0;0.0;2.0;5.0;21.0;C03
4937;201400003388;0;33;0;13.0;0.0;2.0;1.0;A01
4938;201400003389;0;7;0;0.0;2.0;6.0;1.0;B02
4939;201400003389;0;30;0;0.0;2.0;1.0;1.0;A01
4940;201400003390;0;7;0;13.0;0.0;1.0;1.0;A01
4941;201400003391;0;7;0;0.0;2.0;1.0;13.0;A01
4942;201400003391;0;10;0;0.0;2.0;3.0;1.0;B02
4943;201400003392;0;7;0;0.0;1.0;2.0;21.0;A01
4944;201400003393;0;30;0;9.0;0.0;1.0;13.0;A01
4945;201400003394;0;7;0;0.0;2.0;2.0;13.0;A01
4946;201400003394;0;7;0;0.0;2.0;1.0;1.0;B02
4947;201400003395;0;10;0;0.0;2.0;8.0;19.0;A01
4948;201400003395;0;15;0;0.0;2.0;1.0;1.0;B02
4949;201400003396;0;7;0;0.0;2.0;1.0;1.0;A01
4950;201400003396;0;7;0;0.0;2.0;4.0;1.0;B02
4951;201400003397;0;7;0;0.0;2.0;3.0;9.0;A01
4952;201400003397;0;33;0;0.0;2.0;7.0;1.0;B02
4953;201400003398;0;7;0;0.0;2.0;3.0;1.0;A01
4954;201400003398;0;10;0;0.0;2.0;1.0;1.0;B02
4955;201400003399;0;7;0;0.0;0.0;3.0;13.0;A01
4956;201400003400;0;7;0;2.0;0.0;9.0;14.0;A01
4957;201400003401;0;33;0;0.0;0.0;0.0;17.0;A01
4958;201400003402;0;7;0;2.0;0.0;3.0;13.0;A01
4959;201400003403;0;10;0;0.0;2.0;1.0;13.0;A01
4960;201400003403;0;7;0;0.0;2.0;3.0;1.0;B02
4961;201400003404;0;14;0;0.0;2.0;3.0;13.0;A01
4962;201400003404;0;7;0;0.0;2.0;3.0;1.0;B02
4963;201400003405;0;10;0;0.0;2.0;3.0;13.0;B02
4964;201400003405;0;13;0;13.0;0.0;3.0;1.0;A01
4965;201400003408;0;7;0;0.0;2.0;3.0;1.0;A01
4966;201400003408;0;7;0;0.0;2.0;3.0;1.0;B02
4967;201400003409;0;7;0;0.0;2.0;3.0;1.0;B02
4968;201400003409;0;7;0;0.0;2.0;3.0;1.0;A01
4969;201400003410;0;7;0;13.0;0.0;7.0;1.0;A01
4970;201400003411;0;7;0;8.0;0.0;8.0;1.0;A01
4971;201400003412;0;7;0;0.0;2.0;3.0;1.0;A01
4972;201400003412;0;7;0;0.0;2.0;3.0;1.0;B02
4973;201400003414;0;7;0;13.0;0.0;3.0;1.0;A01
4974;201400003415;0;14;0;0.0;2.0;3.0;1.0;B02
4975;201400003415;0;7;0;0.0;2.0;3.0;9.0;A01
4976;201400003416;0;7;0;0.0;2.0;2.0;1.0;B02
4977;201400003416;0;10;0;0.0;2.0;1.0;1.0;A01
4978;201400003417;0;10;0;0.0;2.0;3.0;1.0;A01
4979;201400003417;0;7;0;0.0;2.0;3.0;1.0;B02
4980;201400003418;0;10;0;13.0;0.0;1.0;14.0;A01
4981;201400003419;0;7;0;0.0;2.0;8.0;1.0;B02
4982;201400003419;0;17;0;0.0;2.0;6.0;1.0;C03
4983;201400003419;0;17;0;0.0;2.0;0.0;1.0;A01
4984;201400003420;0;7;0;0.0;1.0;0.0;21.0;A01
4985;201400003421;0;7;0;0.0;0.0;1.0;1.0;B02
4986;201400003421;0;7;0;0.0;2.0;1.0;13.0;A01
4987;201400003422;0;7;0;0.0;2.0;3.0;20.0;A01
4988;201400003422;0;30;0;0.0;2.0;6.0;17.0;B02
4989;201400003424;0;7;0;13.0;0.0;0.0;13.0;A01
4990;201400003425;0;2;0;0.0;2.0;1.0;5.0;A01
4991;201400003425;0;10;0;0.0;2.0;5.0;1.0;B02
4992;201400003426;0;7;0;0.0;2.0;1.0;1.0;A01
4993;201400003426;0;7;0;0.0;2.0;1.0;13.0;B02
4994;201400003427;0;7;0;2.0;0.0;1.0;1.0;A01
4995;201400003428;0;7;0;0.0;2.0;2.0;15.0;A01
4996;201400003428;0;33;0;0.0;2.0;1.0;1.0;B02
4997;201400003429;0;14;0;0.0;2.0;1.0;1.0;B02
4998;201400003429;0;7;0;0.0;2.0;8.0;19.0;A01
4999;201400003430;0;33;0;0.0;2.0;1.0;18.0;A01
5000;201400003430;0;7;0;0.0;0.0;5.0;15.0;B02
5001;201400003431;0;7;0;0.0;0.0;4.0;23.0;C03
5002;201400003431;0;7;0;14.0;0.0;1.0;1.0;A01
5003;201400003431;0;7;0;14.0;0.0;4.0;23.0;B02
5004;201400003432;0;7;0;0.0;2.0;4.0;1.0;A01
5005;201400003432;0;7;0;0.0;2.0;3.0;1.0;B02
5006;201400003433;0;10;0;0.0;2.0;2.0;15.0;B02
5007;201400003433;0;7;0;0.0;2.0;1.0;1.0;A01
5008;201400003434;0;31;0;0.0;0.0;0.0;1.0;A01
5009;201400003435;0;7;0;2.0;0.0;3.0;1.0;A01
5010;201400003436;0;7;0;0.0;2.0;2.0;21.0;A01
5011;201400003437;0;30;0;13.0;0.0;2.0;1.0;A01
5012;201400003438;0;7;0;0.0;0.0;6.0;1.0;A01
5013;201400003439;0;7;0;0.0;2.0;3.0;13.0;A01
5014;201400003439;0;7;0;0.0;2.0;3.0;13.0;B02
5015;201400003440;0;7;0;0.0;2.0;1.0;13.0;A01
5016;201400003440;0;7;0;0.0;2.0;3.0;0.0;B02
5017;201400003441;0;7;0;2.0;0.0;7.0;1.0;A01
5018;201400003443;0;7;0;0.0;2.0;1.0;1.0;B02
5019;201400003443;0;7;0;0.0;0.0;7.0;13.0;A01
5020;201400003444;0;10;0;0.0;2.0;1.0;21.0;A01
5021;201400003444;0;10;0;0.0;2.0;1.0;13.0;B02
5022;201400003445;0;7;0;0.0;2.0;7.0;15.0;A01
5023;201400003445;0;7;0;0.0;2.0;2.0;1.0;B02
5024;201400003446;0;33;0;0.0;0.0;0.0;0.0;A01
5025;201400003447;0;7;0;13.0;0.0;9.0;0.0;A01
5026;201400003448;0;10;0;6.0;1.0;3.0;1.0;A01
5027;201400003449;0;7;0;0.0;2.0;1.0;0.0;A01
5028;201400003449;0;7;0;0.0;2.0;1.0;0.0;B02
5029;201400003450;0;31;0;0.0;2.0;1.0;1.0;B02
5030;201400003450;0;7;0;0.0;2.0;3.0;15.0;A01
5031;201400003451;0;7;0;0.0;2.0;2.0;1.0;B02
5032;201400003451;0;7;0;0.0;2.0;3.0;10.0;A01
5033;201400003453;0;2;0;0.0;2.0;1.0;1.0;A01
5034;201400003453;0;7;0;0.0;2.0;2.0;19.0;B01
5035;201400003455;0;7;0;0.0;0.0;8.0;1.0;B02
5036;201400003455;0;7;0;0.0;2.0;8.0;1.0;A01
5037;201400003456;0;7;0;0.0;1.0;2.0;1.0;A01
5038;201400003458;0;7;0;2.0;0.0;2.0;1.0;A01
5039;201400003461;0;7;0;0.0;2.0;2.0;5.0;A01
5040;201400003461;0;2;0;0.0;2.0;1.0;1.0;C03
5041;201400003461;0;7;0;0.0;2.0;3.0;1.0;B02
5042;201400003462;0;7;0;0.0;2.0;3.0;13.0;A01
5043;201400003463;0;7;0;0.0;1.0;5.0;4.0;A01
5044;201400003464;0;7;0;0.0;2.0;1.0;1.0;C03
5045;201400003464;0;7;0;0.0;2.0;1.0;1.0;D04
5046;201400003464;0;15;0;0.0;2.0;3.0;1.0;B02
5047;201400003464;0;17;0;0.0;2.0;8.0;1.0;A01
5048;201400003465;0;7;0;0.0;2.0;1.0;1.0;A01
5049;201400003465;0;7;0;0.0;1.0;4.0;23.0;B02
5050;201400003466;0;10;0;0.0;2.0;3.0;1.0;A01
5051;201400003466;0;7;0;0.0;2.0;3.0;1.0;B02
5052;201400003467;0;2;0;0.0;1.0;0.0;1.0;A01
5053;201400003468;0;1;0;0.0;5.0;1.0;1.0;A01
5054;201400003469;0;7;0;0.0;2.0;1.0;2.0;A01
5055;201400003469;0;7;0;0.0;2.0;4.0;2.0;B02
5056;201400003470;0;10;0;0.0;2.0;5.0;15.0;A01
5057;201400003470;0;31;0;0.0;2.0;1.0;2.0;B02
5058;201400003471;0;7;0;0.0;2.0;1.0;13.0;B02
5059;201400003471;0;1;0;0.0;2.0;0.0;0.0;A01
5060;201400003472;0;7;0;0.0;2.0;1.0;1.0;A01
5061;201400003472;0;7;0;0.0;2.0;3.0;1.0;B02
5062;201400003473;0;2;0;0.0;2.0;1.0;1.0;B02
5063;201400003473;0;10;0;0.0;2.0;2.0;16.0;A01
5064;201400003474;0;7;0;0.0;9.0;7.0;15.0;A01
5065;201400003474;0;1;0;0.0;2.0;8.0;1.0;B02
5066;201400003475;0;10;0;0.0;2.0;1.0;1.0;B02
5067;201400003475;0;7;0;0.0;2.0;1.0;13.0;A01
5068;201400003476;0;7;0;2.0;0.0;1.0;1.0;A01
5069;201400003477;0;7;0;0.0;2.0;8.0;20.0;A01
5070;201400003477;0;2;0;0.0;2.0;8.0;17.0;B02
5071;201400003478;0;30;0;2.0;0.0;1.0;1.0;A01
5072;201400003479;0;31;0;0.0;0.0;1.0;13.0;A01
5073;201400003479;0;7;0;0.0;0.0;3.0;0.0;B02
5074;201400003480;0;7;0;16.0;0.0;8.0;20.0;A01
5075;201400003481;0;7;0;0.0;1.0;3.0;1.0;A01
5076;201400003482;0;7;0;0.0;2.0;1.0;12.0;A01
5077;201400003482;0;7;0;0.0;2.0;1.0;1.0;B02
5078;201400003483;0;7;0;13.0;0.0;2.0;1.0;A01
5079;201400003484;0;7;0;2.0;0.0;1.0;13.0;A01
5080;201400003485;0;33;0;8.0;0.0;1.0;1.0;A01
5081;201400003486;0;7;0;0.0;2.0;3.0;9.0;A01
5082;201400003486;0;99;0;0.0;2.0;2.0;1.0;B02
5083;201400003487;0;10;0;0.0;2.0;5.0;1.0;A01
5084;201400003487;0;30;0;0.0;2.0;3.0;15.0;B02
5085;201400003489;0;7;0;0.0;1.0;7.0;1.0;A01
5086;201400003490;0;7;0;0.0;2.0;1.0;1.0;B02
5087;201400003490;0;7;0;0.0;2.0;8.0;19.0;A01
5088;201400003491;0;7;0;13.0;0.0;1.0;14.0;A01
5089;201400003492;0;2;0;0.0;2.0;1.0;13.0;A01
5090;201400003492;0;7;0;0.0;2.0;3.0;21.0;B02
5091;201400003493;0;33;0;0.0;0.0;3.0;0.0;B02
5092;201400003493;0;14;0;0.0;2.0;3.0;0.0;A01
5093;201400003494;0;10;0;0.0;2.0;6.0;2.0;B02
5094;201400003494;0;2;0;0.0;2.0;1.0;21.0;A01
5095;201400003495;0;7;0;13.0;0.0;1.0;1.0;A01
5096;201400003496;0;7;0;0.0;2.0;2.0;15.0;B02
5097;201400003496;0;7;0;0.0;2.0;1.0;1.0;A01
5098;201400003497;0;30;0;0.0;2.0;1.0;1.0;A01
5099;201400003497;0;30;0;0.0;2.0;4.0;1.0;B02
5100;201400003498;0;7;0;0.0;0.0;0.0;1.0;B02
5101;201400003498;0;7;0;0.0;2.0;1.0;1.0;A01
5102;201400003499;0;30;0;13.0;0.0;1.0;1.0;A01
5103;201400003500;0;7;0;0.0;2.0;3.0;17.0;A01
5104;201400003500;0;7;0;0.0;2.0;3.0;21.0;B02
5105;201400003502;0;7;0;0.0;2.0;3.0;1.0;B02
5106;201400003502;0;30;0;0.0;2.0;1.0;13.0;A01
5107;201400003504;0;14;0;13.0;2.0;6.0;1.0;B02
5108;201400003504;0;7;0;0.0;2.0;1.0;19.0;A01
5109;201400003505;0;7;0;0.0;1.0;1.0;1.0;A01
5110;201400003506;0;34;0;0.0;2.0;1.0;1.0;A01
5111;201400003506;0;7;0;0.0;2.0;8.0;15.0;B02
5112;201400003508;0;7;0;0.0;2.0;1.0;15.0;A01
5113;201400003508;0;1;0;0.0;2.0;1.0;1.0;B02
5114;201400003509;0;7;0;3.0;6.0;8.0;21.0;A01
5115;201400003510;0;7;0;0.0;2.0;1.0;1.0;B02
5116;201400003510;0;7;0;0.0;2.0;1.0;13.0;A01
5117;201400003511;0;14;0;13.0;0.0;2.0;1.0;A01
5118;201400003512;0;33;0;0.0;2.0;1.0;17.0;B02
5119;201400003512;0;7;0;0.0;2.0;6.0;17.0;A01
5120;201400003513;0;7;0;8.0;0.0;1.0;0.0;A01
5121;201400003514;0;7;0;0.0;2.0;8.0;17.0;A01
5122;201400003514;0;33;0;0.0;2.0;7.0;17.0;B02
5123;201400003515;0;33;0;0.0;0.0;0.0;2.0;A01
5124;201400003516;0;7;0;0.0;2.0;1.0;13.0;B02
5125;201400003516;0;14;0;0.0;2.0;1.0;2.0;A01
5126;201400003517;0;7;0;0.0;2.0;2.0;19.0;A01
5127;201400003517;0;7;0;0.0;2.0;3.0;1.0;B02
5128;201400003518;0;7;0;13.0;0.0;1.0;13.0;A01
5129;201400003519;0;7;0;0.0;2.0;5.0;15.0;B02
5130;201400003519;0;7;0;0.0;2.0;1.0;1.0;A01
5131;201400003519;0;7;0;0.0;0.0;1.0;1.0;C03
5132;201400003520;0;1;0;0.0;2.0;1.0;0.0;E05
5133;201400003520;0;1;0;0.0;2.0;1.0;13.0;C03
5134;201400003520;0;1;0;0.0;2.0;1.0;13.0;D04
5135;201400003520;0;7;0;0.0;2.0;3.0;1.0;B02
5136;201400003520;0;1;0;0.0;2.0;1.0;13.0;A01
5137;201400003523;0;7;0;8.0;0.0;8.0;1.0;A01
5138;201400003524;0;7;0;2.0;0.0;1.0;1.0;A01
5139;201400003526;0;7;0;0.0;2.0;1.0;13.0;A01
5140;201400003526;0;7;0;0.0;0.0;3.0;1.0;B02
5141;201400003526;0;7;0;0.0;2.0;1.0;2.0;C03
5142;201400003527;0;7;0;0.0;1.0;1.0;1.0;A01
5143;201400003529;0;7;0;0.0;2.0;3.0;13.0;A01
5144;201400003529;0;7;0;0.0;2.0;3.0;1.0;B02
5145;201400003530;0;1;0;0.0;2.0;1.0;1.0;B02
5146;201400003530;0;7;0;0.0;2.0;1.0;15.0;A01
5147;201400003531;0;7;0;0.0;2.0;1.0;1.0;B02
5148;201400003531;0;7;0;0.0;2.0;8.0;15.0;A01
5149;201400003532;0;7;0;0.0;0.0;1.0;1.0;B02
5150;201400003532;0;30;0;0.0;0.0;8.0;1.0;A01
5151;201400003533;0;33;0;0.0;2.0;1.0;1.0;B02
5152;201400003533;0;7;0;0.0;2.0;5.0;19.0;A01
5153;201400003534;0;30;0;0.0;2.0;7.0;6.0;A01
5154;201400003534;0;7;0;0.0;2.0;3.0;1.0;B02
5155;201400003535;0;7;0;0.0;0.0;1.0;1.0;B02
5156;201400003535;0;7;0;0.0;0.0;1.0;5.0;A01
5157;201400003536;0;99;0;0.0;0.0;1.0;1.0;A01
5158;201400003537;0;33;0;0.0;2.0;1.0;1.0;A01
5159;201400003537;0;7;0;0.0;2.0;5.0;15.0;B02
5160;201400003538;0;33;0;0.0;1.0;1.0;17.0;A01
5161;201400003539;0;7;0;0.0;2.0;8.0;15.0;B02
5162;201400003539;0;7;0;0.0;2.0;7.0;17.0;A01
5163;201400003540;0;7;0;0.0;2.0;2.0;0.0;A01
5164;201400003540;0;33;0;0.0;2.0;1.0;3.0;B02
5165;201400003541;0;7;0;0.0;1.0;1.0;1.0;A01
5166;201400003542;0;7;0;0.0;0.0;0.0;1.0;A01
5167;201400003543;0;7;0;0.0;0.0;6.0;1.0;B02
5168;201400003543;0;33;0;0.0;2.0;1.0;12.0;A01
5169;201400003544;0;7;0;0.0;1.0;7.0;1.0;A01
5170;201400003545;0;1;0;0.0;2.0;1.0;1.0;A01
5171;201400003545;0;10;0;0.0;0.0;3.0;19.0;B02
5172;201400003546;0;7;0;0.0;2.0;1.0;15.0;A01
5173;201400003546;0;33;0;0.0;2.0;1.0;1.0;B02
5174;201400003547;0;32;0;0.0;2.0;1.0;1.0;A01
5175;201400003547;0;7;0;0.0;2.0;7.0;15.0;B02