;Num_Acc;senc;catv;occutc;obs;obsm;choc;manv;num_veh
6464;201400004481;0;10;0;0.0;2.0;7.0;17.0;A01
6465;201400004481;0;1;0;0.0;2.0;3.0;15.0;B02
6466;201400004482;0;7;0;0.0;2.0;3.0;1.0;B02
6467;201400004482;0;33;0;0.0;2.0;1.0;17.0;A01
6468;201400004484;0;17;0;0.0;2.0;3.0;1.0;B02
6469;201400004484;0;31;0;0.0;2.0;1.0;5.0;A01
6470;201400004485;0;7;0;0.0;1.0;1.0;17.0;A01
6471;201400004486;0;7;0;0.0;2.0;3.0;13.0;A01
6472;201400004486;0;7;0;0.0;2.0;1.0;1.0;B02
6473;201400004487;0;10;0;0.0;2.0;1.0;1.0;A01
6474;201400004487;0;7;0;0.0;2.0;8.0;1.0;B01
6475;201400004488;0;7;0;0.0;2.0;1.0;13.0;A01
6476;201400004488;0;7;0;0.0;2.0;8.0;1.0;B02
6477;201400004489;0;7;0;2.0;0.0;3.0;13.0;A01
6478;201400004490;0;33;0;0.0;0.0;7.0;1.0;A01
6479;201400004491;0;7;0;0.0;0.0;2.0;1.0;A01
6480;201400004492;0;7;0;0.0;2.0;1.0;1.0;A01
6481;201400004492;0;7;0;0.0;2.0;1.0;1.0;B02
6482;201400004493;0;7;0;0.0;2.0;1.0;21.0;B02
6483;201400004493;0;7;0;0.0;2.0;3.0;1.0;A01
6484;201400004494;0;14;0;0.0;2.0;2.0;1.0;A01
6485;201400004494;0;1;0;0.0;2.0;8.0;19.0;B02
6486;201400004495;0;7;0;0.0;2.0;1.0;1.0;B02
6487;201400004495;0;7;0;0.0;2.0;3.0;1.0;A01
6488;201400004496;0;7;0;13.0;0.0;1.0;13.0;A01
6489;201400004497;0;7;0;0.0;2.0;3.0;13.0;A01
6490;201400004497;0;7;0;0.0;2.0;3.0;1.0;B02
6491;201400004498;0;15;0;2.0;0.0;3.0;1.0;A01
6492;201400004499;0;7;0;6.0;0.0;2.0;14.0;A01
6493;201400004500;0;7;0;0.0;1.0;1.0;1.0;A01
6494;201400004501;0;7;0;6.0;0.0;1.0;14.0;A01
6495;201400004503;0;7;0;0.0;0.0;3.0;13.0;A01
6496;201400004504;0;2;0;0.0;2.0;1.0;1.0;B02
6497;201400004504;0;7;0;0.0;2.0;0.0;19.0;A01
6498;201400004505;0;7;0;0.0;2.0;1.0;1.0;A01
6499;201400004505;0;1;0;0.0;2.0;7.0;15.0;B02
6500;201400004506;0;30;0;0.0;2.0;1.0;13.0;A01
6501;201400004506;0;7;0;0.0;2.0;1.0;0.0;B02
6502;201400004508;0;33;0;0.0;0.0;4.0;23.0;A01
6503;201400004508;0;10;0;0.0;2.0;2.0;1.0;B02
6504;201400004509;0;7;0;0.0;2.0;7.0;1.0;A01
6505;201400004509;0;7;0;0.0;2.0;2.0;1.0;B02
6506;201400004510;0;33;0;0.0;0.0;1.0;21.0;A01
6507;201400004511;0;14;0;2.0;0.0;9.0;1.0;A01
6508;201400004512;0;7;0;0.0;0.0;3.0;9.0;A01
6509;201400004512;0;2;0;0.0;0.0;7.0;2.0;B02
6510;201400004513;0;7;0;0.0;2.0;6.0;15.0;B02
6511;201400004513;0;33;0;0.0;2.0;1.0;17.0;A01
6512;201400004514;0;7;0;1.0;0.0;2.0;1.0;A01
6513;201400004515;0;7;0;0.0;0.0;0.0;17.0;A01
6514;201400004517;0;7;0;2.0;0.0;1.0;0.0;A01
6515;201400004518;0;33;0;0.0;0.0;1.0;2.0;A01
6516;201400004519;0;7;0;0.0;2.0;1.0;1.0;C03
6517;201400004519;0;7;0;0.0;2.0;1.0;1.0;A01
6518;201400004519;0;10;0;0.0;2.0;1.0;1.0;B02
6519;201400004520;0;33;0;0.0;0.0;0.0;14.0;A01
6520;201400004521;0;7;0;0.0;0.0;2.0;0.0;B02
6521;201400004521;0;7;0;0.0;0.0;3.0;9.0;A01
6522;201400004522;0;7;0;0.0;2.0;1.0;1.0;B02
6523;201400004522;0;7;0;0.0;2.0;7.0;13.0;A01
6524;201400004523;0;7;0;0.0;2.0;2.0;2.0;A01
6525;201400004523;0;1;0;0.0;2.0;4.0;1.0;B02
6526;201400004524;0;33;0;0.0;2.0;3.0;1.0;B02
6527;201400004524;0;7;0;0.0;2.0;3.0;15.0;A01
6528;201400004525;0;33;0;13.0;0.0;1.0;1.0;A01
6529;201400004526;0;7;0;0.0;2.0;3.0;10.0;A01
6530;201400004526;0;31;0;0.0;2.0;1.0;1.0;B02
6531;201400004527;0;7;0;0.0;0.0;0.0;11.0;B02
6532;201400004527;0;33;0;0.0;2.0;7.0;11.0;A01
6533;201400004528;0;7;0;13.0;0.0;2.0;1.0;A01
6534;201400004529;0;7;0;0.0;2.0;1.0;1.0;B02
6535;201400004529;0;7;0;0.0;2.0;1.0;13.0;A01
6536;201400004530;0;7;0;0.0;2.0;3.0;1.0;B02
6537;201400004530;0;7;0;0.0;2.0;2.0;1.0;A01
6538;201400004531;0;7;0;2.0;0.0;1.0;17.0;A01
6539;201400004532;0;7;0;0.0;2.0;1.0;1.0;A01
6540;201400004532;0;7;0;0.0;2.0;1.0;1.0;B02
6541;201400004534;0;2;0;0.0;2.0;1.0;1.0;B02
6542;201400004534;0;20;0;0.0;2.0;3.0;15.0;A01
6543;201400004535;0;7;0;0.0;0.0;5.0;2.0;B02
6544;201400004535;0;33;0;0.0;2.0;1.0;2.0;A01
6545;201400004536;0;7;0;0.0;2.0;1.0;13.0;A01
6546;201400004536;0;7;0;0.0;2.0;1.0;1.0;B02
6547;201400004537;0;30;0;0.0;2.0;1.0;1.0;A01
6548;201400004537;0;7;0;0.0;2.0;8.0;19.0;B02
6549;201400004538;0;10;0;2.0;0.0;3.0;1.0;A01
6550;201400004539;0;7;0;0.0;2.0;1.0;1.0;B02
6551;201400004539;0;7;0;0.0;2.0;1.0;13.0;A01
6552;201400004540;0;7;0;2.0;0.0;9.0;1.0;A01
6553;201400004541;0;2;0;0.0;2.0;1.0;1.0;A01
6554;201400004541;0;7;0;0.0;9.0;3.0;1.0;B02
6555;201400004542;0;7;0;13.0;0.0;1.0;13.0;A01
6556;201400004543;0;7;0;0.0;0.0;1.0;5.0;A01
6557;201400004544;0;7;0;8.0;0.0;0.0;0.0;A01
6558;201400004545;0;7;0;3.0;1.0;1.0;19.0;A01
6559;201400004546;0;7;0;13.0;0.0;1.0;0.0;A01
6560;201400004547;0;10;0;1.0;0.0;2.0;1.0;A01
6561;201400004548;0;10;0;0.0;2.0;2.0;1.0;B02
6562;201400004548;0;15;0;0.0;2.0;2.0;17.0;A01
6563;201400004549;0;7;0;0.0;2.0;1.0;1.0;A01
6564;201400004549;0;1;0;0.0;2.0;8.0;16.0;B02
6565;201400004550;0;7;0;0.0;2.0;1.0;1.0;B02
6566;201400004550;0;7;0;0.0;2.0;7.0;13.0;A01
6567;201400004551;0;33;0;0.0;2.0;1.0;2.0;B02
6568;201400004551;0;7;0;0.0;2.0;4.0;2.0;A01
6569;201400004553;0;13;0;0.0;2.0;3.0;1.0;B02
6570;201400004553;0;7;0;0.0;2.0;3.0;17.0;A01
6571;201400004554;0;3;0;0.0;1.0;3.0;15.0;A01
6572;201400004555;0;2;0;8.0;0.0;0.0;1.0;A01
6573;201400004556;0;10;0;0.0;1.0;4.0;4.0;A01
6574;201400004557;0;14;0;0.0;2.0;3.0;1.0;B02
6575;201400004557;0;7;0;0.0;2.0;3.0;5.0;A01
6576;201400004558;0;30;0;0.0;2.0;8.0;16.0;A01
6577;201400004558;0;10;0;0.0;2.0;1.0;2.0;B02
6578;201400004559;0;7;0;0.0;2.0;5.0;13.0;A01
6579;201400004559;0;7;0;0.0;2.0;1.0;1.0;B02
6580;201400004560;0;7;0;0.0;2.0;1.0;13.0;B02
6581;201400004560;0;7;0;0.0;2.0;1.0;14.0;A01
6582;201400004561;0;7;0;0.0;0.0;1.0;2.0;B02
6583;201400004561;0;7;0;0.0;0.0;4.0;23.0;A01
6584;201400004563;0;7;0;6.0;0.0;1.0;1.0;A01
6585;201400004564;0;7;0;0.0;0.0;3.0;1.0;B02
6586;201400004565;0;7;0;0.0;2.0;3.0;13.0;A01
6587;201400004565;0;7;0;0.0;2.0;3.0;1.0;B02
6588;201400004566;0;10;0;0.0;1.0;1.0;1.0;A01
6589;201400004567;0;1;0;0.0;9.0;8.0;19.0;A01
6590;201400004567;0;39;0;0.0;4.0;2.0;1.0;B02
6591;201400004568;0;7;0;0.0;2.0;1.0;1.0;A01
6592;201400004568;0;7;0;0.0;0.0;4.0;15.0;B02
6593;201400004569;0;7;0;0.0;2.0;1.0;0.0;D04
6594;201400004569;0;7;0;0.0;2.0;8.0;1.0;B02
6595;201400004569;0;7;0;0.0;2.0;1.0;1.0;C03
6596;201400004569;0;15;0;0.0;2.0;7.0;14.0;A01
6597;201400004570;0;7;0;0.0;0.0;1.0;13.0;A01
6598;201400004571;0;7;0;0.0;0.0;0.0;1.0;A01
6599;201400004572;0;7;0;0.0;2.0;1.0;1.0;A01
6600;201400004572;0;7;0;0.0;2.0;1.0;1.0;B02
6601;201400004574;0;10;0;13.0;0.0;1.0;1.0;A01
6602;201400004575;0;30;0;0.0;0.0;7.0;1.0;A01
6603;201400004576;0;15;0;0.0;9.0;1.0;9.0;A01
6604;201400004576;0;1;0;0.0;0.0;8.0;5.0;B02
6605;201400004577;0;7;0;0.0;1.0;3.0;1.0;A01
6606;201400004578;0;30;0;0.0;0.0;5.0;1.0;B02
6607;201400004578;0;7;0;0.0;2.0;3.0;2.0;A01
6608;201400004580;0;30;0;0.0;9.0;1.0;1.0;A01
6609;201400004580;0;1;0;0.0;2.0;8.0;19.0;B02
6610;201400004581;0;7;0;3.0;0.0;2.0;1.0;A01
6611;201400004582;0;30;0;0.0;2.0;1.0;2.0;B02
6612;201400004582;0;7;0;0.0;0.0;6.0;15.0;A01
6613;201400004583;0;7;0;6.0;0.0;3.0;1.0;A01
6614;201400004584;0;7;0;0.0;1.0;3.0;1.0;A01
6615;201400004585;0;21;0;0.0;2.0;4.0;15.0;B02
6616;201400004585;0;31;0;0.0;2.0;1.0;18.0;A01
6617;201400004586;0;7;0;0.0;2.0;1.0;1.0;C03
6618;201400004586;0;7;0;0.0;2.0;1.0;1.0;B02
6619;201400004586;0;7;0;0.0;2.0;1.0;13.0;A01
6620;201400004586;0;7;0;0.0;0.0;0.0;1.0;D04
6621;201400004587;0;7;0;0.0;1.0;2.0;21.0;A01
6622;201400004588;0;7;0;13.0;0.0;8.0;1.0;A01
6623;201400004589;0;7;0;0.0;1.0;1.0;1.0;A01
6624;201400004590;0;7;0;2.0;0.0;9.0;1.0;A01
6625;201400004591;0;33;0;0.0;2.0;1.0;0.0;A01
6626;201400004591;0;7;0;0.0;2.0;2.0;1.0;C03
6627;201400004591;0;7;0;0.0;2.0;1.0;1.0;B02
6628;201400004592;0;7;0;0.0;2.0;3.0;1.0;A01
6629;201400004592;0;30;0;0.0;2.0;3.0;1.0;B02
6630;201400004593;0;7;0;0.0;2.0;2.0;1.0;B02
6631;201400004593;0;7;0;0.0;2.0;3.0;16.0;A01
6632;201400004594;0;37;29;1.0;0.0;1.0;14.0;A01
6633;201400004595;0;7;0;0.0;1.0;3.0;1.0;A01
6634;201400004596;0;7;0;0.0;1.0;7.0;14.0;A01
6635;201400004597;0;10;0;0.0;0.0;1.0;1.0;B02
6636;201400004597;0;33;0;0.0;0.0;1.0;13.0;A01
6637;201400004598;0;33;0;0.0;2.0;1.0;1.0;B02
6638;201400004598;0;7;0;0.0;2.0;3.0;15.0;A01
6639;201400004599;0;7;0;0.0;2.0;3.0;17.0;A01
6640;201400004599;0;30;0;0.0;2.0;3.0;1.0;B02
6641;201400004600;0;2;0;0.0;2.0;1.0;1.0;B02
6642;201400004600;0;7;0;0.0;0.0;8.0;10.0;A01
6643;201400004601;0;7;0;0.0;2.0;3.0;15.0;A01
6644;201400004601;0;30;0;0.0;2.0;1.0;1.0;B02
6645;201400004602;0;30;0;8.0;0.0;8.0;1.0;A01
6646;201400004603;0;7;0;0.0;2.0;1.0;5.0;B02
6647;201400004603;0;7;0;0.0;2.0;1.0;1.0;A01
6648;201400004604;0;33;0;0.0;2.0;1.0;17.0;B02
6649;201400004604;0;7;0;0.0;2.0;6.0;15.0;A01
6650;201400004605;0;7;0;0.0;2.0;7.0;14.0;A01
6651;201400004605;0;31;0;13.0;2.0;8.0;18.0;B02
6652;201400004607;0;31;0;12.0;0.0;0.0;21.0;A01
6653;201400004608;0;7;0;0.0;2.0;8.0;13.0;A01
6654;201400004608;0;7;0;0.0;2.0;1.0;1.0;B02
6655;201400004609;0;7;0;0.0;0.0;3.0;1.0;A01
6656;201400004609;0;7;0;0.0;0.0;3.0;1.0;B02
6657;201400004611;0;7;0;0.0;2.0;3.0;1.0;B02
6658;201400004611;0;7;0;0.0;2.0;1.0;15.0;A01
6659;201400004612;0;33;0;0.0;6.0;1.0;1.0;A01
6660;201400004613;0;31;0;0.0;0.0;0.0;1.0;A01
6661;201400004614;0;10;0;0.0;2.0;3.0;15.0;B02
6662;201400004614;0;7;0;0.0;2.0;7.0;17.0;A01
6663;201400004615;0;7;0;0.0;2.0;1.0;1.0;B02
6664;201400004615;0;7;0;0.0;2.0;1.0;1.0;C03
6665;201400004615;0;7;0;0.0;2.0;1.0;13.0;A01
6666;201400004616;0;7;0;14.0;0.0;1.0;15.0;A01
6667;201400004616;0;7;0;14.0;0.0;3.0;1.0;B02
6668;201400004617;0;3;0;0.0;2.0;6.0;15.0;A01
6669;201400004617;0;7;0;0.0;2.0;2.0;1.0;B02
6670;201400004618;0;1;0;1.0;0.0;2.0;1.0;A01
6671;201400004618;0;7;0;0.0;0.0;6.0;23.0;B02
6672;201400004619;0;33;0;0.0;2.0;3.0;1.0;B02
6673;201400004619;0;21;0;0.0;2.0;6.0;1.0;A01
6674;201400004620;0;33;0;0.0;0.0;1.0;1.0;A01
6675;201400004621;0;33;0;0.0;0.0;0.0;17.0;A01
6676;201400004621;0;33;0;0.0;0.0;0.0;21.0;B02
6677;201400004622;0;7;0;0.0;0.0;2.0;1.0;B02
6678;201400004622;0;7;0;0.0;0.0;3.0;19.0;A01
6679;201400004623;0;30;0;16.0;0.0;2.0;1.0;A01
6680;201400004624;0;7;0;0.0;2.0;3.0;1.0;B02
6681;201400004624;0;10;0;0.0;2.0;3.0;13.0;A01
6682;201400004625;0;33;0;0.0;2.0;9.0;17.0;A01
6683;201400004625;0;10;0;0.0;2.0;6.0;15.0;B02
6684;201400004626;0;33;0;0.0;2.0;1.0;2.0;A01
6685;201400004626;0;7;0;0.0;0.0;4.0;1.0;B02
6686;201400004628;0;7;0;0.0;2.0;3.0;13.0;A01
6687;201400004628;0;17;0;0.0;2.0;3.0;1.0;B02
6688;201400004629;0;7;0;0.0;2.0;8.0;1.0;A01
6689;201400004629;0;33;0;0.0;2.0;8.0;1.0;B02
6690;201400004630;0;7;0;0.0;2.0;1.0;1.0;A01
6691;201400004630;0;7;0;0.0;2.0;2.0;15.0;B02
6692;201400004631;0;7;0;0.0;2.0;3.0;1.0;A01
6693;201400004631;0;7;0;0.0;2.0;3.0;17.0;B02
6694;201400004632;0;10;0;0.0;1.0;2.0;2.0;A01
6695;201400004634;0;7;0;0.0;2.0;2.0;15.0;A01
6696;201400004634;0;7;0;0.0;2.0;1.0;1.0;B02
6697;201400004635;0;10;0;0.0;2.0;3.0;1.0;B02
6698;201400004635;0;7;0;0.0;2.0;2.0;20.0;A01
6699;201400004636;0;2;0;0.0;2.0;1.0;1.0;B01
6700;201400004636;0;10;0;0.0;2.0;1.0;1.0;A01
6701;201400004637;0;7;0;0.0;1.0;2.0;1.0;A01
6702;201400004638;0;7;0;0.0;0.0;7.0;1.0;B02
6703;201400004638;0;7;0;0.0;0.0;1.0;1.0;A01
6704;201400004639;0;7;0;0.0;0.0;9.0;13.0;A01
6705;201400004640;0;33;0;13.0;0.0;8.0;1.0;A01
6706;201400004641;0;7;0;0.0;1.0;2.0;18.0;A01
6707;201400004642;0;7;0;2.0;0.0;9.0;13.0;A01
6708;201400004643;0;7;0;15.0;0.0;1.0;13.0;A01
6709;201400004644;0;7;0;9.0;0.0;1.0;14.0;A01
6710;201400004645;0;7;0;0.0;2.0;3.0;1.0;A01
6711;201400004645;0;7;0;0.0;0.0;6.0;16.0;B02
6712;201400004646;0;7;0;6.0;0.0;8.0;1.0;A01
6713;201400004647;0;7;0;0.0;2.0;3.0;17.0;A01
6714;201400004647;0;2;0;0.0;2.0;1.0;1.0;B02
6715;201400004648;0;7;0;0.0;2.0;3.0;15.0;A01
6716;201400004648;0;1;0;0.0;2.0;1.0;1.0;B02
6717;201400004649;0;7;0;3.0;0.0;9.0;14.0;A01
6718;201400004650;0;7;0;0.0;0.0;4.0;1.0;B02
6719;201400004650;0;7;0;0.0;2.0;1.0;2.0;A01
6720;201400004651;0;7;0;0.0;2.0;8.0;15.0;A01
6721;201400004651;0;33;0;0.0;2.0;1.0;1.0;B02
6722;201400004652;1;7;0;0.0;1.0;2.0;1.0;A01
6723;201400004653;0;30;0;0.0;2.0;1.0;17.0;A01
6724;201400004653;0;7;0;0.0;2.0;1.0;1.0;B02
6725;201400004654;0;10;0;0.0;2.0;6.0;19.0;A01
6726;201400004654;0;30;0;0.0;2.0;0.0;0.0;B02
6727;201400004655;0;7;0;16.0;0.0;0.0;13.0;A01
6728;201400004656;0;30;0;8.0;0.0;0.0;1.0;A01
6729;201400004657;0;10;0;0.0;2.0;2.0;1.0;A01
6730;201400004657;0;7;0;0.0;2.0;3.0;1.0;B02
6731;201400004658;0;7;0;0.0;2.0;1.0;1.0;C03
6732;201400004658;0;10;0;0.0;2.0;5.0;15.0;A01
6733;201400004658;0;7;0;0.0;2.0;2.0;1.0;B02
6734;201400004659;0;7;0;0.0;0.0;7.0;21.0;B02
6735;201400004659;0;7;0;0.0;0.0;1.0;1.0;A01
6736;201400004660;0;7;0;0.0;2.0;2.0;1.0;B02
6737;201400004660;0;7;0;0.0;2.0;1.0;19.0;A01
6738;201400004661;0;33;0;0.0;2.0;1.0;1.0;A01
6739;201400004661;0;7;0;0.0;2.0;5.0;19.0;B02
6740;201400004662;0;7;0;0.0;2.0;7.0;17.0;A01
6741;201400004662;0;1;0;0.0;2.0;8.0;1.0;B02
6742;201400004663;0;10;0;2.0;0.0;3.0;14.0;A01
6743;201400004664;0;7;0;0.0;2.0;1.0;1.0;B02
6744;201400004664;0;7;0;14.0;0.0;1.0;1.0;C03
6745;201400004664;0;7;0;0.0;2.0;1.0;13.0;A01
6746;201400004665;0;7;0;12.0;0.0;9.0;1.0;A01
6747;201400004666;0;7;0;0.0;1.0;2.0;15.0;A01
6748;201400004667;0;7;0;2.0;0.0;2.0;1.0;A01
6749;201400004668;0;33;0;0.0;2.0;8.0;1.0;A01
6750;201400004668;0;7;0;0.0;2.0;3.0;9.0;B02
6751;201400004670;0;33;0;0.0;0.0;1.0;1.0;A01
6752;201400004671;0;33;0;13.0;0.0;1.0;1.0;A01
6753;201400004672;0;7;0;13.0;0.0;1.0;1.0;A01
6754;201400004673;0;33;0;13.0;0.0;1.0;1.0;A01
6755;201400004674;0;7;0;0.0;2.0;5.0;15.0;A01
6756;201400004674;0;31;0;0.0;2.0;1.0;1.0;B02
6757;201400004675;0;31;0;0.0;0.0;8.0;1.0;A01
6758;201400004676;0;1;0;13.0;0.0;1.0;1.0;A01
6759;201400004677;0;30;0;0.0;0.0;0.0;14.0;A01
6760;201400004678;0;1;0;0.0;2.0;1.0;5.0;B02
6761;201400004678;0;10;0;0.0;9.0;8.0;5.0;A01
6762;201400004680;0;33;0;0.0;0.0;8.0;14.0;A01
6763;201400004681;0;33;0;0.0;0.0;8.0;1.0;A01
6764;201400004683;0;7;0;0.0;2.0;3.0;1.0;B02
6765;201400004683;0;33;0;0.0;9.0;3.0;1.0;C03
6766;201400004683;0;33;0;0.0;2.0;1.0;17.0;A01
6767;201400004684;0;7;0;6.0;2.0;3.0;1.0;A01
6768;201400004684;0;14;0;0.0;2.0;3.0;1.0;B02
6769;201400004685;1;7;0;0.0;1.0;8.0;9.0;A01
6770;201400004686;0;7;0;0.0;1.0;1.0;1.0;A01
6771;201400004687;0;33;0;0.0;0.0;7.0;1.0;A01
6772;201400004688;0;7;0;0.0;1.0;6.0;1.0;A01
6773;201400004689;0;7;0;0.0;2.0;2.0;15.0;A01
6774;201400004689;0;33;0;0.0;2.0;1.0;1.0;B02
6775;201400004690;0;7;0;0.0;2.0;3.0;5.0;A01
6776;201400004690;0;7;0;0.0;2.0;3.0;0.0;B02
6777;201400004691;0;7;0;0.0;2.0;1.0;1.0;B02
6778;201400004691;0;7;0;0.0;2.0;1.0;5.0;A01
6779;201400004692;0;10;0;0.0;2.0;2.0;1.0;A01
6780;201400004692;0;1;0;0.0;2.0;8.0;19.0;B02
6781;201400004693;0;7;0;13.0;0.0;9.0;14.0;A01
6782;201400004694;0;7;0;0.0;2.0;1.0;1.0;B02
6783;201400004694;0;7;0;0.0;2.0;1.0;13.0;A01
6784;201400004695;0;7;0;13.0;1.0;9.0;1.0;A01
6785;201400004696;0;10;0;0.0;2.0;1.0;1.0;B02
6786;201400004696;0;7;0;0.0;0.0;0.0;4.0;C03
6787;201400004696;0;10;0;0.0;2.0;1.0;13.0;A01
6788;201400004697;1;7;0;0.0;1.0;2.0;1.0;A01
6789;201400004698;0;7;0;0.0;2.0;8.0;15.0;B02
6790;201400004698;0;34;0;0.0;2.0;3.0;21.0;A01
6791;201400004699;0;33;0;0.0;2.0;1.0;1.0;B02
6792;201400004699;0;7;0;0.0;2.0;2.0;15.0;A01
6793;201400004700;0;7;0;0.0;2.0;3.0;1.0;A01
6794;201400004700;0;7;0;0.0;2.0;3.0;1.0;B02
6795;201400004701;0;30;0;0.0;2.0;7.0;1.0;A01
6796;201400004701;0;7;0;0.0;2.0;1.0;9.0;B02
6797;201400004702;0;7;0;0.0;2.0;2.0;1.0;A01
6798;201400004702;0;30;0;0.0;2.0;8.0;9.0;B02
6799;201400004703;0;7;0;8.0;0.0;9.0;1.0;A01
6800;201400004704;0;7;0;0.0;2.0;1.0;1.0;B02
6801;201400004704;0;7;0;0.0;2.0;1.0;1.0;C03
6802;201400004704;0;7;0;0.0;2.0;1.0;13.0;A01
6803;201400004706;0;1;0;0.0;2.0;1.0;1.0;B02
6804;201400004706;0;10;0;0.0;2.0;3.0;13.0;A01
6805;201400004707;0;7;0;0.0;1.0;1.0;1.0;A01
6806;201400004708;0;10;0;0.0;2.0;1.0;2.0;A01
6807;201400004708;0;7;0;0.0;2.0;4.0;15.0;B02
6808;201400004709;0;33;0;0.0;2.0;3.0;1.0;B02
6809;201400004709;0;7;0;0.0;2.0;7.0;9.0;A01
6810;201400004710;0;10;0;0.0;1.0;1.0;1.0;A01
6811;201400004711;0;33;0;0.0;1.0;1.0;1.0;A01
6812;201400004712;0;7;0;0.0;2.0;7.0;1.0;A01
6813;201400004712;0;7;0;0.0;2.0;3.0;16.0;B02
6814;201400004713;0;10;0;0.0;1.0;3.0;1.0;A01
6815;201400004714;0;33;0;0.0;2.0;1.0;1.0;B02
6816;201400004714;0;7;0;0.0;2.0;8.0;15.0;A01
6817;201400004715;0;33;0;0.0;2.0;1.0;1.0;A01
6818;201400004715;0;7;0;0.0;2.0;3.0;9.0;B02
6819;201400004716;0;7;0;0.0;2.0;8.0;1.0;B02
6820;201400004716;0;7;0;0.0;2.0;3.0;13.0;A01
6821;201400004717;0;1;0;0.0;2.0;1.0;2.0;A01
6822;201400004717;0;7;0;0.0;9.0;5.0;4.0;B02
6823;201400004718;0;10;0;0.0;2.0;5.0;15.0;A01
6824;201400004718;0;1;0;0.0;2.0;1.0;1.0;B02
6825;201400004719;0;10;0;0.0;1.0;1.0;1.0;A01
6826;201400004720;0;7;0;0.0;2.0;1.0;17.0;A01
6827;201400004720;0;7;0;0.0;0.0;6.0;15.0;B02
6828;201400004721;0;2;0;0.0;2.0;1.0;19.0;B02
6829;201400004721;0;7;0;0.0;0.0;7.0;15.0;A01
6830;201400004722;0;14;0;10.0;0.0;2.0;1.0;A01
6831;201400004723;0;33;0;2.0;0.0;7.0;0.0;A01
6832;201400004724;0;7;0;16.0;0.0;0.0;15.0;A01
6833;201400004724;0;31;0;14.0;0.0;8.0;15.0;B02
6834;201400004726;0;7;0;0.0;2.0;1.0;1.0;B02
6835;201400004726;0;33;0;0.0;2.0;1.0;13.0;A01
6836;201400004727;0;7;0;0.0;2.0;3.0;5.0;A01
6837;201400004727;0;14;0;0.0;2.0;3.0;0.0;B02
6838;201400004728;0;1;0;0.0;0.0;0.0;1.0;A01
6839;201400004729;0;33;0;0.0;0.0;7.0;1.0;A01
6840;201400004730;2;10;0;13.0;0.0;2.0;1.0;A01
6841;201400004731;0;7;0;2.0;0.0;2.0;1.0;A01
6842;201400004732;0;10;0;10.0;0.0;1.0;1.0;A01
6843;201400004733;0;33;0;12.0;0.0;0.0;6.0;A01
6844;201400004734;0;1;0;0.0;2.0;1.0;1.0;B02
6845;201400004734;0;7;0;0.0;0.0;7.0;15.0;A01
6846;201400004735;0;7;0;0.0;1.0;1.0;1.0;A01
6847;201400004736;0;20;0;0.0;1.0;1.0;1.0;A01
6848;201400004737;0;7;0;2.0;0.0;1.0;1.0;B02
6849;201400004737;0;10;0;0.0;0.0;0.0;15.0;A01
6850;201400004738;0;2;0;0.0;2.0;8.0;13.0;A01
6851;201400004738;0;7;0;0.0;2.0;8.0;0.0;B02
6852;201400004739;0;21;0;0.0;2.0;8.0;15.0;A01
6853;201400004739;0;30;0;0.0;2.0;1.0;17.0;B02
6854;201400004740;0;7;0;6.0;0.0;1.0;1.0;A01
6855;201400004741;0;7;0;0.0;1.0;3.0;0.0;A01
6856;201400004742;0;7;0;6.0;0.0;7.0;1.0;A01
6857;201400004743;0;7;0;0.0;2.0;3.0;15.0;A01
6858;201400004743;0;30;0;0.0;1.0;8.0;1.0;B02
6859;201400004744;0;7;0;0.0;2.0;1.0;1.0;A01
6860;201400004744;0;10;0;0.0;2.0;8.0;15.0;B02
6861;201400004745;0;36;0;0.0;2.0;3.0;21.0;B02
6862;201400004745;0;33;0;0.0;2.0;1.0;21.0;A01
6863;201400004746;0;33;0;0.0;2.0;1.0;13.0;A01
6864;201400004746;0;10;0;0.0;2.0;2.0;1.0;B02
6865;201400004747;0;33;0;5.0;0.0;9.0;2.0;A01
6866;201400004748;0;7;0;0.0;2.0;3.0;15.0;A01
6867;201400004748;0;2;0;0.0;2.0;1.0;1.0;B02
6868;201400004749;0;7;0;0.0;2.0;3.0;5.0;A01
6869;201400004749;0;14;0;0.0;2.0;3.0;1.0;B02
6870;201400004750;0;7;0;13.0;0.0;1.0;1.0;A01
6871;201400004751;0;7;0;0.0;2.0;7.0;13.0;A01
6872;201400004751;0;7;0;0.0;2.0;1.0;1.0;B02
6873;201400004752;0;33;0;8.0;0.0;1.0;14.0;A01
6874;201400004753;0;10;0;0.0;2.0;1.0;1.0;A01
6875;201400004753;0;2;0;0.0;2.0;7.0;1.0;B02
6876;201400004754;0;31;0;0.0;2.0;1.0;1.0;A01
6877;201400004754;0;7;0;0.0;2.0;3.0;1.0;B02
6878;201400004755;0;33;0;0.0;0.0;9.0;1.0;A01
6879;201400004756;0;7;0;0.0;1.0;1.0;1.0;A01
6880;201400004757;0;7;0;0.0;2.0;8.0;15.0;A01
6881;201400004757;0;33;0;0.0;2.0;1.0;1.0;B02
6882;201400004758;0;33;0;0.0;2.0;1.0;17.0;A01
6883;201400004758;0;10;0;0.0;2.0;3.0;1.0;B02
6884;201400004759;0;7;0;10.0;0.0;2.0;1.0;A01
6885;201400004760;0;7;0;2.0;0.0;1.0;1.0;A01
6886;201400004761;0;7;0;0.0;0.0;1.0;2.0;A01
6887;201400004762;0;7;0;13.0;0.0;9.0;13.0;A01
6888;201400004763;0;7;0;0.0;2.0;1.0;1.0;A01
6889;201400004763;0;2;0;0.0;2.0;1.0;1.0;B02
6890;201400004764;0;7;0;0.0;1.0;1.0;2.0;A01
6891;201400004765;0;38;1;0.0;2.0;3.0;1.0;A01
6892;201400004765;0;7;0;0.0;2.0;8.0;15.0;B02