;Num_Acc;senc;catv;occutc;obs;obsm;choc;manv;num_veh
6893;201400004766;0;7;0;0.0;2.0;3.0;17.0;A01
6894;201400004766;0;7;0;0.0;2.0;3.0;1.0;B02
6895;201400004767;0;10;0;0.0;1.0;2.0;1.0;A01
6896;201400004768;0;10;0;0.0;2.0;1.0;1.0;B01
6897;201400004768;0;7;0;6.0;1.0;6.0;9.0;A01
6898;201400004769;0;1;0;0.0;2.0;1.0;19.0;B01
6899;201400004769;0;7;0;0.0;2.0;8.0;1.0;A01
6900;201400004770;0;7;0;0.0;1.0;3.0;1.0;A01
6901;201400004771;0;7;0;0.0;1.0;1.0;1.0;A01
6902;201400004772;0;1;0;0.0;2.0;1.0;9.0;A01
6903;201400004772;0;10;0;0.0;2.0;2.0;1.0;B01
6904;201400004773;0;7;0;0.0;1.0;1.0;20.0;A01
6905;201400004774;0;7;0;0.0;1.0;2.0;1.0;A01
6906;201400004775;0;30;0;0.0;2.0;1.0;1.0;B01
6907;201400004775;0;7;0;0.0;2.0;3.0;15.0;A01
6908;201400004776;0;3;0;0.0;1.0;1.0;15.0;A01
6909;201400004777;0;7;0;1.0;2.0;2.0;1.0;A01
6910;201400004777;0;7;0;0.0;2.0;1.0;1.0;B01
6911;201400004779;0;7;0;0.0;1.0;2.0;1.0;A01
6912;201400004780;0;7;0;0.0;2.0;4.0;23.0;B01
6913;201400004780;0;10;0;0.0;2.0;1.0;1.0;A01
6914;201400004780;0;7;0;0.0;2.0;4.0;15.0;C01
6915;201400004781;0;7;0;0.0;1.0;1.0;1.0;A01
6916;201400004782;0;7;0;0.0;1.0;3.0;1.0;A01
6917;201400004783;0;7;0;0.0;2.0;3.0;15.0;A01
6918;201400004783;0;1;0;0.0;2.0;7.0;1.0;B02
6919;201400004784;0;7;0;0.0;1.0;1.0;1.0;A01
6920;201400004785;0;7;0;0.0;2.0;3.0;1.0;B01
6921;201400004785;0;7;0;0.0;2.0;2.0;20.0;A01
6922;201400004786;0;33;0;3.0;0.0;2.0;1.0;A01
6923;201400004787;0;7;0;0.0;2.0;6.0;15.0;B01
6924;201400004787;0;33;0;0.0;2.0;1.0;17.0;A01
6925;201400004788;0;37;3;0.0;2.0;3.0;1.0;B01
6926;201400004788;0;7;0;0.0;2.0;1.0;13.0;A01
6927;201400004789;0;7;0;0.0;1.0;1.0;1.0;A01
6928;201400004790;0;7;0;0.0;1.0;1.0;1.0;A01
6929;201400004791;0;7;0;0.0;1.0;2.0;1.0;A01
6930;201400004793;0;7;0;0.0;2.0;3.0;20.0;A01
6931;201400004793;0;33;0;0.0;2.0;1.0;1.0;B01
6932;201400004795;0;7;0;2.0;0.0;2.0;1.0;A01
6933;201400004796;0;7;0;6.0;0.0;2.0;14.0;A01
6934;201400004797;0;1;0;0.0;0.0;0.0;1.0;A01
6935;201400004797;0;15;0;0.0;0.0;0.0;1.0;B02
6936;201400004798;0;33;0;0.0;2.0;3.0;13.0;A01
6937;201400004798;0;7;0;0.0;2.0;8.0;1.0;B02
6938;201400004799;0;34;0;0.0;2.0;3.0;2.0;A01
6939;201400004799;0;34;0;0.0;2.0;5.0;1.0;B02
6940;201400004800;0;7;0;7.0;2.0;3.0;13.0;A01
6941;201400004800;0;7;0;0.0;2.0;3.0;1.0;B02
6942;201400004803;0;2;0;0.0;2.0;1.0;1.0;A01
6943;201400004803;0;10;0;0.0;2.0;7.0;15.0;B02
6944;201400004804;0;36;0;14.0;0.0;1.0;1.0;A01
6945;201400004805;0;33;0;0.0;2.0;1.0;1.0;A01
6946;201400004805;0;7;0;0.0;2.0;2.0;1.0;B02
6947;201400004806;0;7;0;2.0;0.0;2.0;1.0;A01
6948;201400004807;0;10;0;0.0;1.0;1.0;15.0;A01
6949;201400004808;0;10;0;0.0;2.0;7.0;1.0;B01
6950;201400004808;0;30;0;0.0;2.0;8.0;18.0;A01
6951;201400004809;0;7;0;0.0;1.0;7.0;1.0;A01
6952;201400004810;0;7;0;0.0;2.0;3.0;24.0;B01
6953;201400004810;0;7;0;1.0;0.0;3.0;13.0;A01
6954;201400004811;0;7;0;0.0;1.0;1.0;1.0;A01
6955;201400004813;0;7;0;0.0;1.0;1.0;1.0;A01
6956;201400004814;0;1;0;0.0;2.0;1.0;5.0;B01
6957;201400004814;0;7;0;0.0;2.0;3.0;1.0;A01
6958;201400004815;0;33;0;0.0;2.0;1.0;1.0;B01
6959;201400004815;0;7;0;0.0;2.0;1.0;15.0;A01
6960;201400004817;0;33;0;0.0;2.0;1.0;2.0;A01
6961;201400004817;0;7;0;0.0;2.0;8.0;9.0;B01
6962;201400004818;0;7;0;0.0;1.0;6.0;4.0;A01
6963;201400004819;0;31;0;0.0;2.0;1.0;1.0;B01
6964;201400004819;0;7;0;0.0;2.0;5.0;15.0;A01
6965;201400004820;0;7;0;0.0;1.0;1.0;1.0;A01
6966;201400004821;0;7;0;0.0;1.0;5.0;1.0;A01
6967;201400004822;0;15;0;0.0;0.0;8.0;13.0;A01
6968;201400004823;0;35;0;6.0;0.0;3.0;13.0;A01
6969;201400004824;0;7;0;0.0;2.0;2.0;15.0;A01
6970;201400004824;0;33;0;0.0;2.0;1.0;1.0;B01
6971;201400004825;0;10;0;0.0;1.0;4.0;4.0;A01
6972;201400004826;0;33;0;0.0;2.0;1.0;1.0;B02
6973;201400004826;0;7;0;0.0;0.0;3.0;15.0;A01
6974;201400004827;0;10;0;0.0;2.0;3.0;1.0;B02
6975;201400004827;0;7;0;0.0;2.0;3.0;5.0;D04
6976;201400004827;0;7;0;0.0;2.0;3.0;1.0;A01
6977;201400004827;0;7;0;0.0;2.0;3.0;1.0;C03
6978;201400004828;0;17;0;0.0;2.0;5.0;21.0;A01
6979;201400004828;0;1;0;0.0;2.0;8.0;2.0;B02
6980;201400004829;0;36;0;8.0;0.0;1.0;0.0;A01
6981;201400004830;0;7;0;0.0;2.0;1.0;13.0;A01
6982;201400004830;0;7;0;0.0;2.0;1.0;1.0;B02
6983;201400004831;0;31;0;13.0;0.0;8.0;13.0;A01
6984;201400004831;0;33;0;0.0;2.0;7.0;1.0;B02
6985;201400004832;0;38;0;0.0;2.0;3.0;6.0;A01
6986;201400004832;0;7;0;0.0;1.0;2.0;1.0;B02
6987;201400004833;0;7;0;0.0;2.0;0.0;15.0;B02
6988;201400004833;0;31;0;12.0;2.0;0.0;13.0;A01
6989;201400004834;0;7;0;0.0;2.0;2.0;13.0;A01
6990;201400004834;0;30;0;0.0;2.0;1.0;1.0;B02
6991;201400004835;0;1;0;0.0;2.0;8.0;1.0;A01
6992;201400004835;0;10;0;0.0;2.0;2.0;1.0;B02
6993;201400004836;0;34;0;6.0;0.0;2.0;1.0;A01
6994;201400004837;0;2;0;12.0;0.0;7.0;14.0;A01
6995;201400004838;0;33;0;0.0;2.0;1.0;2.0;A01
6996;201400004838;0;7;0;0.0;0.0;6.0;15.0;B02
6997;201400004840;0;21;0;0.0;2.0;3.0;15.0;B02
6998;201400004840;0;1;0;0.0;2.0;1.0;1.0;A01
6999;201400004841;0;33;0;16.0;0.0;1.0;13.0;A01
7000;201400004842;2;7;0;0.0;2.0;8.0;15.0;A01
7001;201400004842;0;33;0;0.0;2.0;1.0;17.0;B02
7002;201400004843;0;15;0;0.0;2.0;5.0;17.0;A01
7003;201400004843;0;1;0;0.0;2.0;8.0;1.0;B02
7004;201400004844;0;7;0;0.0;2.0;3.0;13.0;A01
7005;201400004844;0;7;0;0.0;2.0;3.0;21.0;B02
7006;201400004845;0;7;0;0.0;0.0;2.0;13.0;B02
7007;201400004845;0;7;0;0.0;0.0;2.0;13.0;A01
7008;201400004846;0;7;0;13.0;0.0;2.0;1.0;A01
7009;201400004847;0;7;0;0.0;2.0;1.0;15.0;A01
7010;201400004847;0;1;0;0.0;2.0;1.0;1.0;B02
7011;201400004848;0;10;0;0.0;2.0;1.0;13.0;A01
7012;201400004848;0;7;0;0.0;2.0;1.0;1.0;B02
7013;201400004849;0;7;0;2.0;0.0;9.0;1.0;A01
7014;201400004850;0;7;0;0.0;2.0;3.0;17.0;A01
7015;201400004850;0;33;0;0.0;2.0;3.0;1.0;B02
7016;201400004851;0;7;0;0.0;1.0;2.0;13.0;A01
7017;201400004853;0;30;0;0.0;2.0;1.0;9.0;B02
7018;201400004853;0;7;0;0.0;2.0;2.0;1.0;A01
7019;201400004854;0;10;0;13.0;0.0;3.0;0.0;A01
7020;201400004855;0;7;0;2.0;0.0;8.0;1.0;A01
7021;201400004856;0;7;0;13.0;0.0;1.0;0.0;A01
7022;201400004857;0;2;0;0.0;9.0;7.0;1.0;A01
7023;201400004858;0;33;0;0.0;0.0;8.0;13.0;A01
7024;201400004858;0;7;0;0.0;0.0;8.0;1.0;B02
7025;201400004859;0;33;0;8.0;0.0;1.0;1.0;A01
7026;201400004860;0;7;0;0.0;2.0;3.0;13.0;A01
7027;201400004860;0;7;0;0.0;2.0;8.0;2.0;B02
7028;201400004861;0;33;0;0.0;2.0;1.0;1.0;A01
7029;201400004861;0;7;0;0.0;2.0;3.0;19.0;B02
7030;201400004862;0;7;0;0.0;2.0;3.0;1.0;B02
7031;201400004862;0;7;0;0.0;2.0;3.0;15.0;A01
7032;201400004863;0;7;0;0.0;2.0;8.0;1.0;C03
7033;201400004863;0;15;0;0.0;2.0;2.0;1.0;B02
7034;201400004863;0;7;0;0.0;2.0;3.0;13.0;A01
7035;201400004864;0;33;0;0.0;0.0;3.0;1.0;A01
7036;201400004865;0;33;0;0.0;2.0;1.0;17.0;A01
7037;201400004865;0;7;0;0.0;2.0;1.0;1.0;B02
7038;201400004866;0;7;0;13.0;0.0;1.0;1.0;A01
7039;201400004867;0;33;0;0.0;1.0;3.0;1.0;A01
7040;201400004868;0;30;0;0.0;2.0;1.0;1.0;B02
7041;201400004868;0;7;0;0.0;2.0;7.0;15.0;A01
7042;201400004869;0;1;0;0.0;2.0;2.0;1.0;B02
7043;201400004869;0;14;0;0.0;2.0;1.0;15.0;A01
7044;201400004870;0;7;0;0.0;2.0;7.0;13.0;A01
7045;201400004870;0;7;0;0.0;2.0;1.0;1.0;B02
7046;201400004871;0;33;0;0.0;2.0;1.0;1.0;B02
7047;201400004871;0;7;0;0.0;2.0;2.0;10.0;A01
7048;201400004872;0;7;0;0.0;2.0;8.0;5.0;A01
7049;201400004872;0;10;0;0.0;2.0;1.0;1.0;B02
7050;201400004873;0;33;0;0.0;2.0;1.0;1.0;B02
7051;201400004873;0;10;0;0.0;2.0;3.0;15.0;A01
7052;201400004874;0;7;0;0.0;2.0;3.0;1.0;A01
7053;201400004874;0;10;0;0.0;2.0;3.0;23.0;B02
7054;201400004875;0;7;0;0.0;0.0;4.0;15.0;A01
7055;201400004875;0;7;0;0.0;2.0;1.0;2.0;B02
7056;201400004876;0;33;0;0.0;0.0;2.0;1.0;A01
7057;201400004877;0;7;0;0.0;2.0;1.0;1.0;C03
7058;201400004877;0;7;0;0.0;2.0;4.0;23.0;A01
7059;201400004877;0;7;0;0.0;2.0;4.0;23.0;B02
7060;201400004878;0;7;0;0.0;2.0;1.0;13.0;A01
7061;201400004878;0;7;0;0.0;2.0;1.0;1.0;B02
7062;201400004879;0;7;0;16.0;0.0;3.0;2.0;A01
7063;201400004880;0;33;0;5.0;0.0;1.0;1.0;A01
7064;201400004881;0;7;0;2.0;0.0;2.0;0.0;A01
7065;201400004882;0;1;0;0.0;2.0;3.0;1.0;A01
7066;201400004882;1;7;0;0.0;2.0;2.0;17.0;B01
7067;201400004883;0;2;0;1.0;0.0;1.0;14.0;A01
7068;201400004883;0;7;0;0.0;2.0;6.0;24.0;B01
7069;201400004884;0;7;0;0.0;1.0;1.0;1.0;A01
7070;201400004885;0;7;0;2.0;0.0;6.0;17.0;A01
7071;201400004886;0;7;0;0.0;2.0;1.0;16.0;A01
7072;201400004886;0;1;0;0.0;2.0;7.0;1.0;B01
7073;201400004887;0;14;0;0.0;2.0;1.0;1.0;B01
7074;201400004887;0;7;0;0.0;2.0;7.0;9.0;A01
7075;201400004888;0;7;0;0.0;2.0;0.0;1.0;B01
7076;201400004888;0;7;0;0.0;2.0;1.0;15.0;A01
7077;201400004889;0;2;0;8.0;0.0;1.0;14.0;A01
7078;201400004891;1;7;0;0.0;1.0;3.0;1.0;A01
7079;201400004892;0;7;0;0.0;2.0;1.0;13.0;A01
7080;201400004892;0;7;0;0.0;0.0;2.0;1.0;C03
7081;201400004892;0;7;0;0.0;2.0;3.0;1.0;B02
7082;201400004893;0;2;0;0.0;1.0;0.0;1.0;A01
7083;201400004894;0;30;0;0.0;2.0;1.0;1.0;B01
7084;201400004894;0;7;0;0.0;2.0;2.0;15.0;A01
7085;201400004895;0;38;2;0.0;1.0;5.0;20.0;A01
7086;201400004896;0;30;0;0.0;0.0;0.0;1.0;A01
7087;201400004898;0;7;0;0.0;0.0;8.0;15.0;A01
7088;201400004898;0;10;0;6.0;2.0;1.0;15.0;B02
7089;201400004899;0;7;0;0.0;2.0;8.0;1.0;B02
7090;201400004899;0;33;0;0.0;2.0;2.0;16.0;A01
7091;201400004900;0;7;0;2.0;0.0;1.0;14.0;A01
7092;201400004901;0;7;0;0.0;2.0;3.0;1.0;A01
7093;201400004901;0;7;0;0.0;2.0;2.0;16.0;B02
7094;201400004902;0;10;0;0.0;1.0;1.0;1.0;A01
7095;201400004903;0;1;0;0.0;2.0;1.0;19.0;B02
7096;201400004903;0;7;0;0.0;9.0;2.0;1.0;A01
7097;201400004905;0;33;0;2.0;0.0;1.0;1.0;A01
7098;201400004907;0;33;0;0.0;0.0;4.0;1.0;B02
7099;201400004907;0;33;0;0.0;2.0;1.0;17.0;A01
7100;201400004908;0;7;0;0.0;2.0;1.0;5.0;A01
7101;201400004908;0;7;0;0.0;2.0;1.0;1.0;B02
7102;201400004909;0;33;0;0.0;6.0;1.0;1.0;A01
7103;201400004910;0;7;0;2.0;0.0;1.0;0.0;A01
7104;201400004911;0;33;0;9.0;0.0;1.0;1.0;A01
7105;201400004912;0;33;0;0.0;2.0;1.0;1.0;A01
7106;201400004912;0;7;0;0.0;2.0;2.0;6.0;B02
7107;201400004914;0;7;0;2.0;0.0;3.0;17.0;A01
7108;201400004915;0;10;0;13.0;0.0;1.0;0.0;A01
7109;201400004916;0;7;0;0.0;2.0;6.0;13.0;A01
7110;201400004916;0;7;0;0.0;2.0;3.0;1.0;B02
7111;201400004918;0;33;0;0.0;2.0;1.0;17.0;A01
7112;201400004918;0;7;0;0.0;2.0;8.0;15.0;B02
7113;201400004919;0;7;0;0.0;2.0;2.0;1.0;A01
7114;201400004919;0;33;0;0.0;2.0;7.0;16.0;B02
7115;201400004920;0;7;0;0.0;0.0;1.0;14.0;A01
7116;201400004921;0;10;0;0.0;1.0;3.0;1.0;A01
7117;201400004922;0;7;0;0.0;2.0;1.0;1.0;B02
7118;201400004922;0;10;0;3.0;2.0;1.0;1.0;A01
7119;201400004923;0;30;0;13.0;0.0;2.0;0.0;A01
7120;201400004924;0;10;0;0.0;2.0;3.0;1.0;B02
7121;201400004924;0;7;0;0.0;2.0;6.0;13.0;A01
7122;201400004925;0;33;0;0.0;2.0;7.0;13.0;A01
7123;201400004925;0;7;0;0.0;2.0;1.0;1.0;B02
7124;201400004926;0;7;0;8.0;0.0;6.0;1.0;A01
7125;201400004928;0;14;0;6.0;0.0;3.0;1.0;A01
7126;201400004929;0;7;0;6.0;0.0;1.0;13.0;A01
7127;201400004930;0;7;0;0.0;1.0;3.0;1.0;A01
7128;201400004931;0;7;0;0.0;2.0;7.0;1.0;A01
7129;201400004931;0;7;0;0.0;2.0;1.0;19.0;B02
7130;201400004932;0;10;0;0.0;2.0;1.0;1.0;B02
7131;201400004932;0;7;0;0.0;2.0;7.0;1.0;A01
7132;201400004933;0;7;0;0.0;2.0;3.0;23.0;C03
7133;201400004933;2;7;0;0.0;2.0;1.0;13.0;A01
7134;201400004933;0;7;0;0.0;2.0;3.0;15.0;B02
7135;201400004934;0;7;0;8.0;0.0;2.0;13.0;A01
7136;201400004935;0;7;0;6.0;0.0;2.0;14.0;A01
7137;201400004936;0;7;0;0.0;2.0;8.0;1.0;A01
7138;201400004936;0;2;0;0.0;2.0;1.0;19.0;B02
7139;201400004937;0;7;0;0.0;0.0;6.0;15.0;B02
7140;201400004937;0;33;0;0.0;2.0;1.0;2.0;A01
7141;201400004938;0;20;0;8.0;0.0;2.0;0.0;A01
7142;201400004939;0;7;0;0.0;2.0;8.0;15.0;B02
7143;201400004939;0;10;0;0.0;2.0;1.0;1.0;A01
7144;201400004940;0;7;0;0.0;1.0;1.0;1.0;A01
7145;201400004941;0;7;0;0.0;2.0;3.0;13.0;A01
7146;201400004941;0;10;0;0.0;2.0;3.0;1.0;B02
7147;201400004942;0;7;0;0.0;2.0;1.0;1.0;B02
7148;201400004942;0;7;0;0.0;2.0;8.0;15.0;A01
7149;201400004943;0;7;0;0.0;2.0;3.0;13.0;A01
7150;201400004943;0;7;0;0.0;2.0;3.0;1.0;B02
7151;201400004943;0;7;0;0.0;2.0;3.0;1.0;C03
7152;201400004944;0;1;0;0.0;6.0;1.0;1.0;A01
7153;201400004946;0;7;0;13.0;0.0;1.0;6.0;A01
7154;201400004947;0;33;0;16.0;0.0;0.0;1.0;A01
7155;201400004948;0;1;0;0.0;2.0;1.0;1.0;B02
7156;201400004948;0;7;0;0.0;9.0;2.0;15.0;A01
7157;201400004949;0;7;0;13.0;0.0;1.0;1.0;A01
7158;201400004950;0;7;0;0.0;2.0;3.0;17.0;A01
7159;201400004950;0;2;0;0.0;2.0;3.0;1.0;B02
7160;201400004951;0;7;0;6.0;0.0;1.0;1.0;A01
7161;201400004952;0;7;0;6.0;0.0;0.0;1.0;A01
7162;201400004953;0;7;0;13.0;0.0;9.0;1.0;A01
7163;201400004954;0;30;0;0.0;0.0;8.0;0.0;A01
7164;201400004955;0;7;0;0.0;0.0;8.0;1.0;A01
7165;201400004955;0;15;0;0.0;0.0;3.0;1.0;B02
7166;201400004956;0;33;0;0.0;0.0;8.0;1.0;A01
7167;201400004957;0;7;0;0.0;2.0;3.0;13.0;A01
7168;201400004957;0;7;0;0.0;2.0;3.0;1.0;B02
7169;201400004958;0;7;0;6.0;0.0;1.0;1.0;A01
7170;201400004960;0;7;0;0.0;2.0;1.0;1.0;B02
7171;201400004960;0;7;0;0.0;2.0;1.0;13.0;A01
7172;201400004961;0;7;0;9.0;0.0;1.0;1.0;A01
7173;201400004962;0;10;0;0.0;2.0;3.0;1.0;A01
7174;201400004962;0;15;0;0.0;2.0;3.0;1.0;C03
7175;201400004962;0;7;0;0.0;2.0;9.0;15.0;B02
7176;201400004963;0;7;0;0.0;2.0;1.0;15.0;A01
7177;201400004963;0;7;0;0.0;2.0;1.0;1.0;B02
7178;201400004964;0;2;0;0.0;0.0;1.0;14.0;A01
7179;201400004965;0;7;0;0.0;2.0;7.0;0.0;B02
7180;201400004965;0;7;0;0.0;2.0;8.0;0.0;A01
7181;201400004966;0;7;0;6.0;0.0;1.0;6.0;A01
7182;201400004967;0;7;0;0.0;2.0;8.0;15.0;B02
7183;201400004967;0;7;0;0.0;2.0;2.0;17.0;A01
7184;201400004968;0;33;0;0.0;2.0;3.0;5.0;A01
7185;201400004968;0;7;0;0.0;2.0;3.0;1.0;B02
7186;201400004969;0;7;0;0.0;2.0;1.0;15.0;A01
7187;201400004969;0;33;0;0.0;2.0;1.0;1.0;B02
7188;201400004970;0;7;0;0.0;2.0;3.0;15.0;A01
7189;201400004970;0;7;0;0.0;2.0;3.0;1.0;B02
7190;201400004971;0;7;0;0.0;2.0;2.0;19.0;A01
7191;201400004972;0;30;0;0.0;2.0;1.0;1.0;A01
7192;201400004972;0;7;0;0.0;2.0;2.0;15.0;B02
7193;201400004973;0;31;0;0.0;2.0;1.0;1.0;A01
7194;201400004973;0;7;0;0.0;2.0;1.0;15.0;B02
7195;201400004974;0;7;0;6.0;0.0;1.0;1.0;A01
7196;201400004975;0;7;0;13.0;0.0;9.0;1.0;A01
7197;201400004976;0;14;0;0.0;2.0;3.0;0.0;A01
7198;201400004976;0;7;0;0.0;0.0;2.0;5.0;B02
7199;201400004977;0;7;0;0.0;1.0;0.0;1.0;A01
7200;201400004978;0;7;0;0.0;0.0;2.0;17.0;A01
7201;201400004978;0;7;0;0.0;0.0;8.0;2.0;B02
7202;201400004979;0;10;0;0.0;2.0;3.0;1.0;B02
7203;201400004979;0;33;0;0.0;2.0;1.0;20.0;A01
7204;201400004980;0;7;0;0.0;2.0;2.0;1.0;B02
7205;201400004980;0;7;0;0.0;2.0;1.0;19.0;A01
7206;201400004981;0;7;0;0.0;2.0;3.0;1.0;A01
7207;201400004981;0;14;0;0.0;2.0;3.0;1.0;B02
7208;201400004982;0;30;0;0.0;0.0;4.0;1.0;B02
7209;201400004982;1;7;0;0.0;2.0;2.0;1.0;A01
7210;201400004984;0;7;0;0.0;2.0;3.0;15.0;A01
7211;201400004984;0;1;0;0.0;2.0;1.0;1.0;B02
7212;201400004985;0;7;0;0.0;0.0;1.0;0.0;A01
7213;201400004986;0;7;0;2.0;0.0;1.0;19.0;A01
7214;201400004987;0;7;0;0.0;1.0;2.0;21.0;A01
7215;201400004988;0;7;0;0.0;1.0;1.0;1.0;A01
7216;201400004989;0;7;0;0.0;2.0;7.0;15.0;A01
7217;201400004989;0;2;0;0.0;2.0;1.0;1.0;B02
7218;201400004990;0;7;0;0.0;1.0;4.0;4.0;A01
7219;201400004991;0;7;0;0.0;2.0;2.0;15.0;A01
7220;201400004991;0;31;0;0.0;2.0;3.0;1.0;B02
7221;201400004992;0;7;0;0.0;1.0;2.0;1.0;A01
7222;201400004993;0;7;0;8.0;0.0;1.0;13.0;A01
7223;201400004994;0;31;0;0.0;0.0;7.0;1.0;A01
7224;201400004995;0;7;0;0.0;0.0;3.0;1.0;B02
7225;201400004995;0;7;0;0.0;0.0;2.0;17.0;A01
7226;201400004995;0;7;0;0.0;0.0;0.0;1.0;C03
7227;201400004996;0;7;0;0.0;2.0;5.0;15.0;A01
7228;201400004996;0;33;0;0.0;2.0;1.0;1.0;B02
7229;201400004997;0;7;0;0.0;1.0;2.0;2.0;A01
7230;201400004998;0;30;0;0.0;2.0;1.0;1.0;B02
7231;201400004998;0;21;0;0.0;2.0;8.0;9.0;A01
7232;201400004999;0;7;0;15.0;0.0;5.0;1.0;A01
7233;201400004999;0;7;0;0.0;0.0;3.0;1.0;B02
7234;201400005000;0;33;0;0.0;2.0;2.0;17.0;A01
7235;201400005000;0;21;0;0.0;2.0;6.0;15.0;B02
7236;201400005001;0;7;0;2.0;0.0;8.0;2.0;A01
7237;201400005002;0;30;0;0.0;2.0;1.0;15.0;B02
7238;201400005002;0;7;0;0.0;2.0;3.0;1.0;A01
7239;201400005003;0;30;0;0.0;2.0;1.0;1.0;B02
7240;201400005003;0;7;0;0.0;2.0;3.0;19.0;A01
7241;201400005004;0;7;0;0.0;2.0;3.0;1.0;C03
7242;201400005004;0;7;0;2.0;2.0;2.0;5.0;A01
7243;201400005004;0;7;0;0.0;2.0;6.0;1.0;B02
7244;201400005005;0;7;0;0.0;1.0;1.0;1.0;A01
7245;201400005006;0;10;0;0.0;2.0;7.0;15.0;A01
7246;201400005006;0;33;0;0.0;2.0;1.0;1.0;B02
7247;201400005007;0;33;0;8.0;0.0;1.0;1.0;A01
7248;201400005008;0;1;0;0.0;2.0;7.0;1.0;B02
7249;201400005008;0;7;0;0.0;9.0;3.0;9.0;A01
7250;201400005009;0;7;0;2.0;0.0;1.0;1.0;A01
7251;201400005010;0;7;0;0.0;2.0;1.0;17.0;A01
7252;201400005010;0;7;0;0.0;2.0;1.0;1.0;B02
7253;201400005010;0;10;0;0.0;2.0;1.0;1.0;C03
7254;201400005011;0;32;0;0.0;2.0;3.0;16.0;B02
7255;201400005011;0;10;0;0.0;2.0;1.0;1.0;A01
7256;201400005013;0;7;0;0.0;1.0;1.0;20.0;A01
7257;201400005014;0;7;0;0.0;2.0;3.0;1.0;B02
7258;201400005014;0;7;0;0.0;2.0;3.0;13.0;A01
7259;201400005015;0;7;0;4.0;0.0;2.0;1.0;A01
7260;201400005016;0;30;0;0.0;2.0;1.0;14.0;A01
7261;201400005016;0;7;0;0.0;2.0;3.0;1.0;B02
7262;201400005017;0;7;0;0.0;2.0;1.0;1.0;A01
7263;201400005017;0;7;0;0.0;2.0;1.0;21.0;B02
7264;201400005018;0;30;0;0.0;0.0;8.0;0.0;A01
7265;201400005018;0;2;0;2.0;0.0;7.0;0.0;B02
7266;201400005019;0;34;0;12.0;2.0;3.0;5.0;A01
7267;201400005019;0;7;0;0.0;2.0;3.0;1.0;B02
7268;201400005020;0;7;0;0.0;2.0;3.0;19.0;A01
7269;201400005020;0;7;0;0.0;2.0;2.0;1.0;B02
7270;201400005021;0;7;0;0.0;2.0;1.0;1.0;A01
7271;201400005021;0;7;0;6.0;2.0;7.0;1.0;B02
7272;201400005022;0;7;0;8.0;0.0;2.0;13.0;A01
7273;201400005023;0;30;0;0.0;0.0;7.0;1.0;A01
7274;201400005024;0;10;0;0.0;2.0;1.0;1.0;B02
7275;201400005024;0;7;0;0.0;2.0;2.0;17.0;A01
7276;201400005025;0;7;0;0.0;2.0;1.0;1.0;A01
7277;201400005025;0;10;0;0.0;2.0;8.0;19.0;B02
7278;201400005026;0;7;0;0.0;0.0;1.0;1.0;A01
7279;201400005026;0;7;0;0.0;0.0;7.0;19.0;B02
7280;201400005027;0;30;0;0.0;2.0;1.0;1.0;B02
7281;201400005027;0;7;0;0.0;2.0;3.0;15.0;A01
7282;201400005028;0;7;0;16.0;0.0;2.0;1.0;A01
7283;201400005029;0;7;0;0.0;2.0;7.0;15.0;A01
7284;201400005029;0;7;0;0.0;2.0;1.0;13.0;B02
7285;201400005029;0;7;0;0.0;2.0;1.0;1.0;C03
7286;201400005030;0;7;0;0.0;2.0;2.0;1.0;A01
7287;201400005030;0;7;0;0.0;2.0;3.0;15.0;B02
7288;201400005031;0;7;0;0.0;1.0;5.0;2.0;A01
7289;201400005032;0;7;0;6.0;0.0;3.0;1.0;A01
7290;201400005033;0;3;0;0.0;2.0;1.0;1.0;B02
7291;201400005033;0;7;0;0.0;2.0;1.0;1.0;A01
7292;201400005034;0;7;0;0.0;2.0;1.0;5.0;A01
7293;201400005034;0;7;0;0.0;2.0;1.0;1.0;B02
7294;201400005036;0;15;0;0.0;2.0;1.0;1.0;A01
7295;201400005036;0;7;0;0.0;2.0;1.0;13.0;B02
7296;201400005037;0;7;0;16.0;0.0;9.0;1.0;A01
7297;201400005038;0;33;0;13.0;0.0;1.0;1.0;A01
7298;201400005039;0;7;0;15.0;2.0;2.0;15.0;A01
7299;201400005039;0;7;0;0.0;2.0;1.0;1.0;B02
7300;201400005040;0;7;0;3.0;0.0;1.0;1.0;A01
7301;201400005041;0;7;0;3.0;2.0;1.0;13.0;A01
7302;201400005041;0;7;0;0.0;2.0;1.0;1.0;B02
7303;201400005042;0;7;0;0.0;2.0;3.0;1.0;A01
7304;201400005042;0;7;0;0.0;2.0;3.0;1.0;B02
7305;201400005043;0;7;0;13.0;0.0;1.0;2.0;A01
7306;201400005044;0;33;0;16.0;0.0;0.0;0.0;A01
7307;201400005045;0;33;0;0.0;2.0;1.0;1.0;B02
7308;201400005045;0;7;0;0.0;0.0;6.0;1.0;A01
7309;201400005046;0;7;0;0.0;2.0;1.0;1.0;A01
7310;201400005046;0;7;0;0.0;0.0;8.0;1.0;B02
7311;201400005047;0;99;0;0.0;1.0;1.0;16.0;A01
7312;201400005048;0;31;0;0.0;0.0;1.0;1.0;A01
7313;201400005049;1;7;0;0.0;1.0;2.0;1.0;A01
7314;201400005050;0;33;0;0.0;2.0;0.0;1.0;A01
7315;201400005051;0;7;0;6.0;0.0;1.0;14.0;A01
7316;201400005052;0;7;0;0.0;1.0;1.0;1.0;A01
7317;201400005053;0;1;0;6.0;0.0;1.0;1.0;A01
7318;201400005054;0;7;0;0.0;2.0;6.0;19.0;A01
7319;201400005054;0;7;0;0.0;2.0;3.0;14.0;B02
7320;201400005055;0;10;0;1.0;2.0;8.0;1.0;A01
7321;201400005055;0;7;0;1.0;2.0;1.0;15.0;B02