;Num_Acc;senc;catv;occutc;obs;obsm;choc;manv;num_veh
8179;201400005604;0;14;0;0.0;2.0;1.0;2.0;A01
8180;201400005604;0;7;0;3.0;0.0;4.0;2.0;B02
8181;201400005604;0;7;0;0.0;2.0;4.0;2.0;C03
8182;201400005604;0;7;0;0.0;0.0;4.0;2.0;D04
8183;201400005605;0;7;0;0.0;2.0;3.0;13.0;A01
8184;201400005605;0;7;0;0.0;2.0;3.0;1.0;B02
8185;201400005605;0;7;0;0.0;2.0;3.0;21.0;C03
8186;201400005606;0;7;0;0.0;2.0;1.0;1.0;A01
8187;201400005606;0;7;0;0.0;2.0;4.0;1.0;B02
8188;201400005606;0;7;0;0.0;2.0;4.0;1.0;C03
8189;201400005608;0;7;0;0.0;2.0;1.0;5.0;A01
8190;201400005608;0;7;0;0.0;2.0;1.0;1.0;B02
8191;201400005610;0;7;0;6.0;0.0;1.0;1.0;A01
8192;201400005611;0;7;0;0.0;2.0;2.0;15.0;A01
8193;201400005611;0;7;0;0.0;2.0;3.0;1.0;B02
8194;201400005612;0;33;0;0.0;2.0;1.0;1.0;A01
8195;201400005612;0;7;0;0.0;2.0;5.0;1.0;B02
8196;201400005613;0;7;0;0.0;1.0;1.0;15.0;A01
8197;201400005614;0;33;0;13.0;0.0;1.0;1.0;A01
8198;201400005615;0;7;0;0.0;0.0;1.0;1.0;A01
8199;201400005615;0;2;0;0.0;0.0;8.0;15.0;B01
8200;201400005616;0;7;0;13.0;0.0;1.0;13.0;A01
8201;201400005617;0;7;0;0.0;2.0;3.0;13.0;A01
8202;201400005617;0;15;0;0.0;2.0;3.0;1.0;B02
8203;201400005618;0;7;0;0.0;2.0;3.0;13.0;A01
8204;201400005618;0;7;0;0.0;2.0;3.0;1.0;B02
8205;201400005618;0;7;0;14.0;0.0;1.0;1.0;C03
8206;201400005618;0;7;0;0.0;2.0;1.0;0.0;D04
8207;201400005619;0;2;0;0.0;2.0;1.0;1.0;A01
8208;201400005619;0;21;0;0.0;2.0;4.0;23.0;B02
8209;201400005620;0;7;0;0.0;2.0;1.0;13.0;A01
8210;201400005620;0;30;0;0.0;2.0;1.0;1.0;B02
8211;201400005621;0;33;0;3.0;0.0;3.0;1.0;A01
8212;201400005622;0;7;0;2.0;0.0;7.0;1.0;A01
8213;201400005623;0;15;0;4.0;0.0;1.0;6.0;A01
8214;201400005624;0;7;0;0.0;0.0;6.0;17.0;A01
8215;201400005624;0;33;0;0.0;0.0;1.0;17.0;B02
8216;201400005625;0;7;0;0.0;9.0;2.0;1.0;A01
8217;201400005625;0;1;0;0.0;0.0;4.0;1.0;B02
8218;201400005626;0;7;0;0.0;0.0;9.0;14.0;A01
8219;201400005627;0;33;0;1.0;2.0;1.0;17.0;A01
8220;201400005627;0;7;0;0.0;2.0;3.0;15.0;B02
8221;201400005627;0;7;0;1.0;2.0;1.0;0.0;C03
8222;201400005628;0;33;0;0.0;2.0;1.0;1.0;B01
8223;201400005628;0;21;0;0.0;2.0;7.0;19.0;A01
8224;201400005630;0;7;0;16.0;0.0;9.0;0.0;A01
8225;201400005632;0;7;0;0.0;0.0;9.0;17.0;A01
8226;201400005633;0;17;0;0.0;2.0;6.0;15.0;A01
8227;201400005633;0;7;0;0.0;2.0;1.0;1.0;B02
8228;201400005634;0;7;0;0.0;0.0;4.0;19.0;A01
8229;201400005634;0;33;0;0.0;2.0;1.0;21.0;B02
8230;201400005635;0;21;0;0.0;2.0;3.0;1.0;A01
8231;201400005635;0;99;0;0.0;2.0;3.0;16.0;B02
8232;201400005636;0;7;0;0.0;2.0;2.0;1.0;A01
8233;201400005636;0;2;0;0.0;2.0;1.0;1.0;B02
8234;201400005637;0;2;0;0.0;2.0;3.0;5.0;A01
8235;201400005637;0;7;0;0.0;2.0;3.0;1.0;B02
8236;201400005638;0;14;0;0.0;1.0;2.0;1.0;A01
8237;201400005640;0;33;0;0.0;6.0;1.0;1.0;A01
8238;201400005641;0;7;0;0.0;2.0;3.0;19.0;A01
8239;201400005641;0;2;0;0.0;2.0;1.0;0.0;B02
8240;201400005641;0;7;0;0.0;2.0;2.0;0.0;C03
8241;201400005642;0;7;0;0.0;2.0;1.0;1.0;A01
8242;201400005642;0;7;0;0.0;2.0;1.0;1.0;B02
8243;201400005642;0;7;0;0.0;2.0;3.0;1.0;C03
8244;201400005642;0;7;0;0.0;2.0;8.0;21.0;D04
8245;201400005642;0;7;0;0.0;9.0;1.0;1.0;E05
8246;201400005643;0;7;0;0.0;2.0;3.0;1.0;A01
8247;201400005643;0;7;0;3.0;2.0;3.0;0.0;B02
8248;201400005644;0;7;0;0.0;2.0;3.0;13.0;A01
8249;201400005644;0;14;0;0.0;2.0;3.0;1.0;B02
8250;201400005645;0;31;0;0.0;0.0;8.0;0.0;A01
8251;201400005647;0;7;0;2.0;0.0;3.0;0.0;A01
8252;201400005649;0;33;0;0.0;2.0;1.0;1.0;A01
8253;201400005649;0;7;0;0.0;2.0;7.0;15.0;B02
8254;201400005650;0;33;0;0.0;2.0;1.0;17.0;A01
8255;201400005650;0;7;0;0.0;0.0;6.0;2.0;B02
8256;201400005651;0;33;0;0.0;2.0;3.0;1.0;A01
8257;201400005651;0;7;0;0.0;0.0;6.0;19.0;B02
8258;201400005652;0;33;0;14.0;0.0;0.0;0.0;A01
8259;201400005653;0;7;0;0.0;1.0;1.0;1.0;A01
8260;201400005654;0;30;0;0.0;0.0;0.0;15.0;A01
8261;201400005655;0;33;0;3.0;0.0;8.0;1.0;A01
8262;201400005656;0;33;0;13.0;0.0;8.0;21.0;A01
8263;201400005657;0;7;0;0.0;0.0;0.0;15.0;A01
8264;201400005657;0;7;0;14.0;0.0;2.0;1.0;B02
8265;201400005657;0;14;0;0.0;2.0;1.0;23.0;C03
8266;201400005658;0;7;0;0.0;2.0;2.0;9.0;A01
8267;201400005658;0;30;0;0.0;2.0;1.0;9.0;B02
8268;201400005659;0;31;0;0.0;0.0;8.0;21.0;A01
8269;201400005660;0;7;0;0.0;2.0;3.0;1.0;A01
8270;201400005660;0;30;0;0.0;2.0;3.0;1.0;B02
8271;201400005661;0;2;0;0.0;5.0;8.0;1.0;A01
8272;201400005662;0;7;0;0.0;2.0;2.0;17.0;A01
8273;201400005662;0;2;0;0.0;0.0;2.0;1.0;B02
8274;201400005663;0;7;0;8.0;2.0;7.0;0.0;A01
8275;201400005663;0;36;0;0.0;2.0;3.0;5.0;B02
8276;201400005665;0;7;0;13.0;0.0;2.0;1.0;A01
8277;201400005666;0;33;0;6.0;1.0;1.0;1.0;A01
8278;201400005668;0;7;0;0.0;2.0;3.0;1.0;A01
8279;201400005668;0;10;0;0.0;2.0;3.0;1.0;B02
8280;201400005669;0;7;0;0.0;0.0;1.0;13.0;A01
8281;201400005670;0;7;0;2.0;0.0;2.0;1.0;A01
8282;201400005671;0;7;0;0.0;2.0;8.0;1.0;A01
8283;201400005671;0;10;0;0.0;2.0;2.0;1.0;B02
8284;201400005672;0;7;0;0.0;1.0;1.0;1.0;A01
8285;201400005674;0;7;0;6.0;0.0;3.0;1.0;A01
8286;201400005675;0;30;0;16.0;0.0;0.0;1.0;A01
8287;201400005676;0;1;0;0.0;2.0;1.0;15.0;A01
8288;201400005676;0;7;0;0.0;9.0;1.0;1.0;B02
8289;201400005677;0;3;0;0.0;1.0;2.0;15.0;A01
8290;201400005678;0;7;0;13.0;0.0;2.0;17.0;A01
8291;201400005679;0;10;0;0.0;2.0;8.0;15.0;A01
8292;201400005679;0;33;0;0.0;2.0;1.0;17.0;B02
8293;201400005680;0;7;0;2.0;0.0;1.0;14.0;A01
8294;201400005681;0;7;0;0.0;2.0;1.0;1.0;B02
8295;201400005681;0;7;0;0.0;2.0;2.0;5.0;A01
8296;201400005681;0;7;0;0.0;2.0;8.0;1.0;C03
8297;201400005683;0;7;0;2.0;0.0;1.0;13.0;A01
8298;201400005684;0;7;0;0.0;0.0;4.0;1.0;A01
8299;201400005685;0;7;0;0.0;2.0;1.0;15.0;A01
8300;201400005685;0;7;0;0.0;2.0;1.0;1.0;B02
8301;201400005686;0;7;0;0.0;2.0;1.0;1.0;B02
8302;201400005686;0;7;0;0.0;2.0;7.0;13.0;A01
8303;201400005688;0;7;0;0.0;2.0;5.0;15.0;A01
8304;201400005688;0;7;0;0.0;2.0;2.0;1.0;B02
8305;201400005689;0;36;0;13.0;0.0;1.0;1.0;A01
8306;201400005690;0;99;0;16.0;0.0;1.0;1.0;A01
8307;201400005691;0;7;0;0.0;0.0;2.0;1.0;A01
8308;201400005692;0;7;0;3.0;0.0;1.0;0.0;A01
8309;201400005693;0;7;0;0.0;1.0;3.0;16.0;A01
8310;201400005694;0;10;0;0.0;1.0;4.0;4.0;A01
8311;201400005695;0;10;0;0.0;2.0;7.0;15.0;A01
8312;201400005695;0;33;0;0.0;2.0;1.0;1.0;B02
8313;201400005696;0;7;0;3.0;2.0;1.0;13.0;A01
8314;201400005696;0;10;0;0.0;2.0;1.0;1.0;C03
8315;201400005696;0;15;0;0.0;2.0;3.0;1.0;B02
8316;201400005697;0;7;0;2.0;0.0;1.0;1.0;A01
8317;201400005698;0;7;0;0.0;2.0;5.0;5.0;A01
8318;201400005698;0;7;0;0.0;2.0;3.0;1.0;B02
8319;201400005699;0;7;0;0.0;2.0;7.0;1.0;A01
8320;201400005699;0;7;0;0.0;2.0;1.0;15.0;B02
8321;201400005700;0;7;0;13.0;0.0;1.0;1.0;A01
8322;201400005701;0;7;0;0.0;2.0;1.0;0.0;B02
8323;201400005701;0;7;0;0.0;2.0;1.0;13.0;A01
8324;201400005703;0;30;0;0.0;0.0;0.0;1.0;A01
8325;201400005704;0;7;0;0.0;2.0;3.0;15.0;B02
8326;201400005704;0;33;0;0.0;2.0;2.0;1.0;A01
8327;201400005705;0;7;0;2.0;0.0;2.0;1.0;A01
8328;201400005706;0;7;0;8.0;0.0;1.0;14.0;A01
8329;201400005707;0;10;0;2.0;0.0;2.0;1.0;A01
8330;201400005708;0;31;0;16.0;0.0;1.0;1.0;A01
8331;201400005709;0;7;0;0.0;1.0;3.0;2.0;A01
8332;201400005710;0;7;0;0.0;1.0;3.0;1.0;A01
8333;201400005711;0;7;0;0.0;2.0;3.0;1.0;B02
8334;201400005711;0;7;0;0.0;2.0;3.0;1.0;A01
8335;201400005712;0;7;0;3.0;6.0;3.0;1.0;A01
8336;201400005713;0;7;0;13.0;0.0;3.0;1.0;A01
8337;201400005714;0;7;0;2.0;0.0;1.0;1.0;A01
8338;201400005715;0;7;0;0.0;2.0;2.0;1.0;A01
8339;201400005715;0;7;0;0.0;2.0;1.0;9.0;B02
8340;201400005717;0;7;0;0.0;2.0;4.0;0.0;A01
8341;201400005717;0;14;0;0.0;2.0;1.0;0.0;B02
8342;201400005718;0;31;0;13.0;0.0;3.0;2.0;A01
8343;201400005719;0;7;0;0.0;2.0;3.0;1.0;B02
8344;201400005719;0;7;0;0.0;2.0;2.0;13.0;A01
8345;201400005720;0;15;0;3.0;0.0;2.0;1.0;A01
8346;201400005721;0;7;0;5.0;0.0;2.0;1.0;A01
8347;201400005722;0;7;0;0.0;0.0;2.0;0.0;A01
8348;201400005722;0;1;0;0.0;0.0;0.0;0.0;B02
8349;201400005723;0;7;0;0.0;1.0;6.0;20.0;A01
8350;201400005724;0;7;0;6.0;0.0;3.0;1.0;A01
8351;201400005725;0;7;0;13.0;0.0;2.0;1.0;A01
8352;201400005726;0;7;0;0.0;2.0;2.0;13.0;A01
8353;201400005726;0;7;0;0.0;2.0;3.0;1.0;B02
8354;201400005727;0;7;0;10.0;0.0;2.0;14.0;A01
8355;201400005728;0;7;0;0.0;2.0;1.0;13.0;A01
8356;201400005728;0;10;0;0.0;2.0;1.0;1.0;B02
8357;201400005729;0;7;0;2.0;0.0;3.0;1.0;A01
8358;201400005730;0;7;0;2.0;0.0;1.0;14.0;A01
8359;201400005731;0;30;0;0.0;1.0;2.0;1.0;A01
8360;201400005732;0;7;0;8.0;0.0;1.0;1.0;A01
8361;201400005733;0;14;0;13.0;0.0;7.0;1.0;A01
8362;201400005735;0;7;0;0.0;2.0;3.0;13.0;A01
8363;201400005735;0;7;0;1.0;2.0;3.0;1.0;B02
8364;201400005736;0;15;0;0.0;2.0;7.0;21.0;B01
8365;201400005736;0;7;0;13.0;2.0;6.0;1.0;A02
8366;201400005737;0;36;0;0.0;0.0;9.0;15.0;A01
8367;201400005738;0;7;0;7.0;0.0;7.0;14.0;A01
8368;201400005739;0;7;0;0.0;2.0;1.0;13.0;A01
8369;201400005739;0;7;0;0.0;2.0;3.0;1.0;B02
8370;201400005740;0;7;0;0.0;2.0;3.0;1.0;B02
8371;201400005740;0;7;0;0.0;2.0;7.0;13.0;A01
8372;201400005742;0;7;0;0.0;2.0;7.0;13.0;A01
8373;201400005742;0;14;0;0.0;2.0;3.0;1.0;B02
8374;201400005743;0;33;0;0.0;2.0;1.0;1.0;B02
8375;201400005743;0;7;0;0.0;2.0;5.0;15.0;A01
8376;201400005744;0;10;0;0.0;2.0;9.0;1.0;A01
8377;201400005744;0;7;0;0.0;2.0;3.0;1.0;B02
8378;201400005745;0;7;0;0.0;2.0;3.0;17.0;A01
8379;201400005745;0;7;0;0.0;2.0;3.0;1.0;B02
8380;201400005746;0;7;0;2.0;0.0;9.0;1.0;A01
8381;201400005747;0;35;0;2.0;0.0;1.0;1.0;A01
8382;201400005748;0;7;0;0.0;2.0;5.0;1.0;B02
8383;201400005748;0;30;0;0.0;2.0;1.0;15.0;A01
8384;201400005750;0;7;0;0.0;2.0;7.0;13.0;A01
8385;201400005750;0;7;0;0.0;2.0;1.0;1.0;B02
8386;201400005751;0;7;0;13.0;0.0;8.0;21.0;A01
8387;201400005752;0;7;0;2.0;0.0;7.0;1.0;A01
8388;201400005753;0;7;0;13.0;0.0;1.0;1.0;A01
8389;201400005754;0;2;0;0.0;2.0;1.0;13.0;A01
8390;201400005754;0;7;0;0.0;2.0;2.0;1.0;B02
8391;201400005755;0;7;0;2.0;0.0;8.0;1.0;A01
8392;201400005756;0;33;0;0.0;2.0;1.0;1.0;B02
8393;201400005756;0;7;0;0.0;2.0;8.0;15.0;A01
8394;201400005757;0;7;0;2.0;0.0;3.0;1.0;A01
8395;201400005758;0;36;0;2.0;0.0;1.0;1.0;A01
8396;201400005759;0;7;0;13.0;0.0;2.0;14.0;A01
8397;201400005760;0;15;0;0.0;2.0;2.0;17.0;B02
8398;201400005760;0;7;0;6.0;2.0;8.0;17.0;A01
8399;201400005761;0;7;0;0.0;2.0;1.0;17.0;A01
8400;201400005761;0;10;0;0.0;2.0;1.0;1.0;B02
8401;201400005762;0;33;0;0.0;2.0;1.0;13.0;A01
8402;201400005762;0;7;0;0.0;2.0;1.0;1.0;B02
8403;201400005763;0;7;0;0.0;1.0;1.0;1.0;A01
8404;201400005764;0;7;0;13.0;0.0;2.0;1.0;A01
8405;201400005765;0;7;0;0.0;2.0;2.0;15.0;A01
8406;201400005765;0;30;0;0.0;2.0;1.0;1.0;B02
8407;201400005766;0;7;0;15.0;0.0;1.0;1.0;A01
8408;201400005767;0;10;0;0.0;2.0;1.0;1.0;B02
8409;201400005767;0;7;0;8.0;2.0;2.0;15.0;A01
8410;201400005767;0;7;0;0.0;2.0;3.0;2.0;C03
8411;201400005768;0;14;0;0.0;2.0;3.0;1.0;B02
8412;201400005768;0;7;0;0.0;2.0;8.0;13.0;A01
8413;201400005769;0;7;0;0.0;2.0;2.0;15.0;A01
8414;201400005769;0;30;0;0.0;2.0;1.0;1.0;B02
8415;201400005770;0;2;0;0.0;2.0;1.0;13.0;A01
8416;201400005770;0;36;0;0.0;2.0;1.0;1.0;B02
8417;201400005771;0;7;0;16.0;0.0;9.0;1.0;A01
8418;201400005772;0;7;0;0.0;2.0;7.0;13.0;A01
8419;201400005772;0;7;0;0.0;2.0;2.0;1.0;B02
8420;201400005773;0;7;0;0.0;2.0;1.0;1.0;B02
8421;201400005773;0;7;0;0.0;2.0;8.0;15.0;A01
8422;201400005774;0;7;0;0.0;2.0;2.0;15.0;A01
8423;201400005774;0;7;0;0.0;2.0;2.0;1.0;B02
8424;201400005775;0;33;0;6.0;0.0;1.0;1.0;A01
8425;201400005776;0;7;0;0.0;2.0;4.0;15.0;B02
8426;201400005776;0;7;0;0.0;2.0;1.0;2.0;A01
8427;201400005777;0;7;0;13.0;0.0;3.0;1.0;A01
8428;201400005778;0;33;0;0.0;2.0;1.0;1.0;B02
8429;201400005778;0;7;0;0.0;2.0;5.0;15.0;A01
8430;201400005779;0;2;0;1.0;0.0;1.0;21.0;A01
8431;201400005780;0;30;0;0.0;2.0;1.0;13.0;A01
8432;201400005780;0;7;0;0.0;2.0;1.0;1.0;B02
8433;201400005781;0;99;0;0.0;2.0;1.0;1.0;A01
8434;201400005781;0;1;0;0.0;2.0;1.0;1.0;B01
8435;201400005782;0;7;0;0.0;2.0;1.0;1.0;B02
8436;201400005782;0;7;0;0.0;2.0;2.0;15.0;A01
8437;201400005784;0;30;0;0.0;2.0;1.0;17.0;A01
8438;201400005784;0;7;0;0.0;2.0;3.0;15.0;B02
8439;201400005785;0;7;0;0.0;2.0;2.0;1.0;B02
8440;201400005785;0;7;0;0.0;2.0;3.0;13.0;A01
8441;201400005786;0;7;0;2.0;0.0;3.0;1.0;A01
8442;201400005787;0;14;0;0.0;2.0;3.0;1.0;B02
8443;201400005787;0;7;0;0.0;2.0;8.0;15.0;A01
8444;201400005790;0;7;0;8.0;0.0;3.0;1.0;A01
8445;201400005791;0;33;0;0.0;0.0;8.0;1.0;A01
8446;201400005793;0;7;0;4.0;2.0;2.0;15.0;A01
8447;201400005793;0;30;0;0.0;0.0;8.0;1.0;B01
8448;201400005794;1;7;0;0.0;2.0;3.0;1.0;A01
8449;201400005794;0;2;0;0.0;2.0;1.0;1.0;B01
8450;201400005795;0;7;0;6.0;2.0;9.0;1.0;A01
8451;201400005795;0;7;0;0.0;2.0;1.0;1.0;B01
8452;201400005796;0;2;0;0.0;2.0;1.0;1.0;A01
8453;201400005796;0;7;0;0.0;9.0;3.0;2.0;B01
8454;201400005797;0;7;0;0.0;9.0;1.0;16.0;A01
8455;201400005797;0;2;0;0.0;2.0;1.0;1.0;B01
8456;201400005798;0;10;0;0.0;1.0;5.0;4.0;A01
8457;201400005799;0;10;0;0.0;1.0;2.0;16.0;A01
8458;201400005800;0;10;0;0.0;1.0;1.0;1.0;A01
8459;201400005801;0;7;0;0.0;1.0;2.0;1.0;A01
8460;201400005802;0;7;0;2.0;0.0;0.0;2.0;A01
8461;201400005805;0;37;1;0.0;2.0;2.0;15.0;A01
8462;201400005805;0;7;0;0.0;0.0;1.0;1.0;B01
8463;201400005806;0;1;0;0.0;0.0;4.0;1.0;B01
8464;201400005806;0;7;0;0.0;9.0;0.0;9.0;A01
8465;201400005807;0;2;0;1.0;0.0;0.0;0.0;A01
8466;201400005808;0;7;0;0.0;1.0;2.0;1.0;A01
8467;201400005809;0;7;0;0.0;1.0;2.0;14.0;A01
8468;201400005810;0;7;0;0.0;2.0;1.0;15.0;A01
8469;201400005810;0;33;0;0.0;0.0;1.0;1.0;B01
8470;201400005813;0;2;0;0.0;1.0;1.0;1.0;A01
8471;201400005814;0;2;0;6.0;0.0;1.0;1.0;A01
8472;201400005815;0;7;0;0.0;2.0;2.0;15.0;A01
8473;201400005815;0;7;0;0.0;2.0;1.0;2.0;B01
8474;201400005816;0;31;0;6.0;0.0;1.0;1.0;A01
8475;201400005817;0;10;0;16.0;0.0;9.0;1.0;A01
8476;201400005818;0;2;0;0.0;0.0;1.0;16.0;B01
8477;201400005818;0;7;0;0.0;2.0;2.0;15.0;A01
8478;201400005819;1;33;0;12.0;0.0;0.0;1.0;Z01
8479;201400005820;0;10;0;0.0;2.0;1.0;1.0;A01
8480;201400005820;0;33;0;0.0;0.0;4.0;1.0;B01
8481;201400005822;0;33;0;0.0;2.0;1.0;2.0;B01
8482;201400005822;0;7;0;0.0;2.0;1.0;15.0;A01
8483;201400005823;1;99;0;0.0;1.0;2.0;0.0;A01
8484;201400005824;0;7;0;0.0;1.0;3.0;2.0;A01
8485;201400005825;0;7;0;0.0;2.0;1.0;0.0;A01
8486;201400005825;0;7;0;0.0;2.0;2.0;2.0;B01
8487;201400005826;0;32;0;1.0;1.0;1.0;2.0;A01
8488;201400005827;0;10;0;0.0;0.0;0.0;0.0;B01
8489;201400005827;0;33;0;12.0;0.0;1.0;0.0;A01
8490;201400005828;0;7;0;0.0;2.0;1.0;15.0;A01
8491;201400005828;0;33;0;0.0;2.0;1.0;17.0;B01
8492;201400005829;0;1;0;0.0;2.0;8.0;0.0;A01
8493;201400005829;0;7;0;0.0;9.0;8.0;0.0;B01
8494;201400005830;0;33;0;0.0;2.0;1.0;1.0;B01
8495;201400005830;0;7;0;0.0;0.0;2.0;0.0;A01
8496;201400005831;0;7;0;0.0;2.0;1.0;15.0;A01
8497;201400005831;0;33;0;0.0;2.0;1.0;0.0;B01
8498;201400005832;0;7;0;0.0;2.0;1.0;13.0;A01
8499;201400005832;0;7;0;0.0;2.0;1.0;1.0;B01
8500;201400005833;0;7;0;0.0;1.0;1.0;1.0;A01
8501;201400005834;0;7;0;3.0;2.0;0.0;17.0;A01
8502;201400005834;0;7;0;0.0;2.0;0.0;13.0;B01
8503;201400005835;0;33;0;0.0;1.0;1.0;1.0;A01
8504;201400005836;0;2;0;0.0;0.0;1.0;17.0;A01
8505;201400005836;0;7;0;0.0;2.0;1.0;2.0;B01
8506;201400005836;0;7;0;0.0;2.0;3.0;2.0;C01
8507;201400005837;0;7;0;0.0;2.0;3.0;15.0;A01
8508;201400005837;0;7;0;0.0;2.0;8.0;1.0;B02
8509;201400005839;0;1;0;0.0;2.0;1.0;1.0;B02
8510;201400005839;0;7;0;0.0;2.0;7.0;9.0;A01
8511;201400005841;0;7;0;0.0;1.0;3.0;16.0;A01
8512;201400005842;0;2;0;0.0;0.0;0.0;0.0;A01
8513;201400005843;0;7;0;0.0;1.0;3.0;15.0;A01
8514;201400005844;0;14;0;0.0;1.0;1.0;1.0;A01
8515;201400005845;0;7;0;0.0;2.0;8.0;9.0;A01
8516;201400005845;0;7;0;0.0;2.0;1.0;1.0;B02
8517;201400005846;2;7;0;0.0;2.0;1.0;13.0;A01
8518;201400005846;0;7;0;0.0;2.0;1.0;1.0;B02
8519;201400005847;0;7;0;0.0;2.0;3.0;10.0;A01
8520;201400005847;0;33;0;0.0;0.0;1.0;13.0;B02
8521;201400005849;0;7;0;0.0;0.0;4.0;1.0;B02
8522;201400005849;0;7;0;0.0;2.0;1.0;2.0;A01
8523;201400005850;0;7;0;0.0;2.0;3.0;15.0;A01
8524;201400005850;0;1;0;0.0;2.0;1.0;1.0;B02
8525;201400005851;0;7;0;0.0;2.0;2.0;19.0;A01
8526;201400005851;0;33;0;0.0;2.0;1.0;1.0;B02
8527;201400005852;0;33;0;0.0;2.0;1.0;1.0;B02
8528;201400005852;0;7;0;0.0;2.0;1.0;10.0;A01
8529;201400005853;0;7;0;0.0;2.0;1.0;13.0;A01
8530;201400005853;0;7;0;0.0;2.0;1.0;2.0;C03
8531;201400005853;0;7;0;0.0;2.0;1.0;1.0;B02
8532;201400005854;0;7;0;9.0;0.0;2.0;19.0;A01
8533;201400005855;0;7;0;0.0;1.0;2.0;1.0;A01
8534;201400005856;0;7;0;0.0;2.0;1.0;2.0;A01
8535;201400005856;0;7;0;0.0;0.0;4.0;2.0;D04
8536;201400005856;0;7;0;0.0;0.0;4.0;2.0;B02
8537;201400005856;0;7;0;0.0;0.0;4.0;2.0;C03
8538;201400005858;0;7;0;0.0;2.0;1.0;1.0;B02
8539;201400005858;0;7;0;0.0;2.0;1.0;16.0;A01
8540;201400005859;0;7;0;0.0;2.0;8.0;2.0;B02
8541;201400005859;0;33;0;0.0;2.0;7.0;2.0;A01
8542;201400005860;0;7;0;0.0;2.0;4.0;23.0;C03
8543;201400005860;0;7;0;0.0;2.0;1.0;23.0;A01
8544;201400005860;0;7;0;0.0;2.0;4.0;23.0;B02
8545;201400005860;0;7;0;0.0;0.0;4.0;0.0;D04
8546;201400005861;0;7;0;1.0;0.0;1.0;13.0;A01
8547;201400005863;0;7;0;2.0;0.0;1.0;1.0;A01
8548;201400005864;0;7;0;0.0;2.0;3.0;1.0;B02
8549;201400005864;0;33;0;0.0;2.0;1.0;13.0;A01
8550;201400005866;0;38;0;0.0;2.0;1.0;1.0;B02
8551;201400005866;0;7;0;0.0;2.0;1.0;13.0;A01
8552;201400005867;0;7;0;2.0;0.0;3.0;14.0;A01
8553;201400005869;0;2;0;12.0;0.0;1.0;1.0;A01
8554;201400005870;0;7;0;2.0;0.0;8.0;1.0;A01
8555;201400005871;0;14;0;0.0;1.0;2.0;2.0;A01
8556;201400005873;0;7;0;0.0;2.0;1.0;1.0;A01
8557;201400005873;0;7;0;8.0;0.0;4.0;15.0;B02
8558;201400005875;0;7;0;0.0;2.0;8.0;10.0;A01
8559;201400005875;0;10;0;0.0;2.0;2.0;1.0;B02
8560;201400005876;0;7;0;2.0;0.0;1.0;17.0;A01
8561;201400005877;0;33;0;0.0;2.0;1.0;13.0;A01
8562;201400005877;0;7;0;0.0;2.0;8.0;1.0;B02
8563;201400005878;0;7;0;0.0;1.0;3.0;1.0;A01
8564;201400005879;0;7;0;13.0;0.0;1.0;13.0;A01
8565;201400005881;0;7;0;6.0;0.0;3.0;0.0;A01
8566;201400005882;0;3;0;0.0;0.0;9.0;15.0;A01
8567;201400005883;0;7;0;0.0;2.0;1.0;1.0;B02
8568;201400005883;0;7;0;0.0;2.0;1.0;13.0;A01
8569;201400005884;0;7;0;0.0;1.0;2.0;1.0;A01
8570;201400005885;0;7;0;0.0;1.0;1.0;17.0;A01
8571;201400005886;0;31;0;0.0;0.0;1.0;1.0;A01
8572;201400005887;0;7;0;1.0;0.0;8.0;19.0;A01
8573;201400005888;0;10;0;0.0;2.0;3.0;1.0;B02
8574;201400005888;0;7;0;0.0;2.0;1.0;1.0;A01
8575;201400005889;0;7;0;0.0;0.0;1.0;0.0;A01
8576;201400005889;0;7;0;0.0;0.0;5.0;0.0;B02
8577;201400005890;0;14;0;16.0;0.0;1.0;15.0;A01
8578;201400005891;0;33;0;13.0;0.0;1.0;14.0;A01
8579;201400005892;0;7;0;0.0;2.0;3.0;1.0;B02
8580;201400005892;0;33;0;0.0;2.0;1.0;17.0;A01
8581;201400005893;0;7;0;0.0;2.0;2.0;13.0;A01
8582;201400005893;0;17;0;0.0;2.0;2.0;1.0;B02
8583;201400005894;0;7;0;0.0;0.0;0.0;0.0;A01
8584;201400005895;0;33;0;0.0;0.0;0.0;0.0;A01
8585;201400005896;0;33;0;6.0;0.0;1.0;13.0;A01
8586;201400005897;0;7;0;0.0;2.0;1.0;5.0;A01
8587;201400005897;0;10;0;0.0;2.0;1.0;1.0;B02
8588;201400005897;0;7;0;0.0;2.0;3.0;1.0;C03
8589;201400005898;0;10;0;2.0;0.0;1.0;17.0;A01
8590;201400005899;0;7;0;0.0;1.0;2.0;1.0;A01
8591;201400005900;0;7;0;8.0;0.0;7.0;1.0;A01
8592;201400005901;0;7;0;13.0;0.0;1.0;1.0;A01
8593;201400005902;0;7;0;2.0;0.0;1.0;1.0;A01
8594;201400005903;0;7;0;0.0;0.0;8.0;10.0;A01
8595;201400005903;0;10;0;0.0;2.0;2.0;2.0;B02
8596;201400005904;0;30;0;0.0;2.0;8.0;1.0;B02
8597;201400005904;0;7;0;0.0;2.0;3.0;15.0;A01
8598;201400005905;0;33;0;0.0;0.0;0.0;1.0;A01
8599;201400005906;0;7;0;0.0;2.0;3.0;10.0;A01
8600;201400005906;0;31;0;0.0;2.0;2.0;1.0;B02
8601;201400005907;0;7;0;0.0;1.0;2.0;1.0;A01
8602;201400005909;0;31;0;0.0;2.0;1.0;1.0;B02
8603;201400005909;0;7;0;0.0;2.0;6.0;10.0;A01
8604;201400005910;0;7;0;13.0;0.0;8.0;1.0;A01
8605;201400005913;0;7;0;0.0;1.0;2.0;1.0;A01
8606;201400005914;0;7;0;0.0;1.0;2.0;14.0;A01
8607;201400005915;0;7;0;13.0;0.0;0.0;1.0;A01
8608;201400005917;0;7;0;6.0;0.0;3.0;0.0;A01