;Num_Acc;senc;catv;occutc;obs;obsm;choc;manv;num_veh
8609;201400005918;0;7;0;0.0;0.0;1.0;1.0;A01
8610;201400005919;0;10;0;0.0;1.0;2.0;1.0;A01
8611;201400005920;0;7;0;0.0;2.0;3.0;1.0;B02
8612;201400005920;0;7;0;0.0;0.0;3.0;13.0;A01
8613;201400005921;0;7;0;0.0;0.0;1.0;13.0;A01
8614;201400005921;0;7;0;0.0;2.0;3.0;21.0;C03
8615;201400005921;0;7;0;0.0;2.0;1.0;1.0;B02
8616;201400005922;0;2;0;0.0;0.0;1.0;13.0;A01
8617;201400005922;0;7;0;0.0;0.0;1.0;0.0;B02
8618;201400005923;0;7;0;8.0;0.0;2.0;1.0;A01
8619;201400005924;0;21;0;0.0;2.0;3.0;23.0;B02
8620;201400005924;0;7;0;0.0;2.0;2.0;21.0;A01
8621;201400005925;0;33;0;0.0;0.0;1.0;1.0;A01
8622;201400005927;0;14;0;0.0;0.0;9.0;0.0;A01
8623;201400005928;0;7;0;13.0;0.0;1.0;16.0;A01
8624;201400005929;0;7;0;2.0;0.0;1.0;13.0;A01
8625;201400005930;0;7;0;0.0;2.0;1.0;1.0;A01
8626;201400005930;0;10;0;0.0;2.0;1.0;1.0;B02
8627;201400005930;0;7;0;0.0;2.0;6.0;1.0;C03
8628;201400005931;0;1;0;0.0;0.0;5.0;1.0;B02
8629;201400005931;0;7;0;0.0;9.0;1.0;1.0;A01
8630;201400005932;0;7;0;0.0;2.0;2.0;13.0;B02
8631;201400005932;0;30;0;0.0;2.0;2.0;5.0;A01
8632;201400005934;0;7;0;0.0;2.0;7.0;1.0;B02
8633;201400005934;0;33;0;0.0;2.0;8.0;12.0;A01
8634;201400005935;0;7;0;13.0;0.0;3.0;1.0;A01
8635;201400005936;0;7;0;0.0;2.0;3.0;9.0;A01
8636;201400005936;0;30;0;0.0;2.0;7.0;1.0;B02
8637;201400005937;0;30;0;0.0;2.0;8.0;1.0;A01
8638;201400005937;0;7;0;0.0;2.0;8.0;15.0;B02
8639;201400005938;0;7;0;0.0;0.0;0.0;1.0;A01
8640;201400005939;0;21;0;8.0;0.0;7.0;15.0;A01
8641;201400005940;0;7;0;0.0;2.0;3.0;13.0;A01
8642;201400005940;0;7;0;0.0;2.0;1.0;1.0;C03
8643;201400005940;0;10;0;0.0;2.0;0.0;1.0;B02
8644;201400005941;0;7;0;0.0;1.0;3.0;13.0;A01
8645;201400005942;1;7;0;0.0;1.0;0.0;0.0;A01
8646;201400005944;0;7;0;0.0;2.0;1.0;0.0;A01
8647;201400005944;0;30;0;0.0;2.0;8.0;0.0;B02
8648;201400005945;0;7;0;0.0;2.0;5.0;17.0;A01
8649;201400005945;0;1;0;0.0;2.0;1.0;2.0;B02
8650;201400005946;0;7;0;0.0;1.0;2.0;1.0;A01
8651;201400005947;0;36;0;0.0;2.0;8.0;1.0;A01
8652;201400005947;0;7;0;0.0;2.0;1.0;1.0;B02
8653;201400005948;0;14;0;0.0;2.0;3.0;1.0;B02
8654;201400005948;0;7;0;0.0;2.0;3.0;1.0;A01
8655;201400005949;0;2;0;0.0;2.0;1.0;1.0;B02
8656;201400005949;0;7;0;0.0;2.0;2.0;5.0;A01
8657;201400005950;0;7;0;0.0;2.0;2.0;17.0;A01
8658;201400005950;0;33;0;0.0;2.0;1.0;1.0;C03
8659;201400005950;0;33;0;0.0;2.0;1.0;1.0;B02
8660;201400005951;0;7;0;4.0;2.0;1.0;5.0;A01
8661;201400005951;0;20;0;0.0;2.0;3.0;1.0;B02
8662;201400005952;0;7;0;2.0;0.0;1.0;1.0;A01
8663;201400005953;0;33;0;0.0;2.0;1.0;1.0;A01
8664;201400005953;0;7;0;0.0;0.0;6.0;15.0;B02
8665;201400005955;0;7;0;2.0;0.0;2.0;1.0;A01
8666;201400005956;0;10;0;0.0;2.0;2.0;1.0;B02
8667;201400005956;0;10;0;0.0;2.0;3.0;13.0;A01
8668;201400005957;0;33;0;0.0;2.0;1.0;1.0;B02
8669;201400005957;0;7;0;0.0;2.0;3.0;9.0;A01
8670;201400005958;0;7;0;0.0;2.0;1.0;13.0;A01
8671;201400005958;0;7;0;0.0;2.0;3.0;1.0;B02
8672;201400005959;0;10;0;0.0;2.0;2.0;21.0;B02
8673;201400005959;0;7;0;0.0;2.0;2.0;13.0;A01
8674;201400005960;0;7;0;0.0;0.0;3.0;0.0;B02
8675;201400005960;0;7;0;0.0;0.0;3.0;13.0;A01
8676;201400005961;0;7;0;0.0;2.0;2.0;15.0;A01
8677;201400005961;0;7;0;0.0;2.0;1.0;1.0;B02
8678;201400005961;0;7;0;0.0;2.0;1.0;1.0;C03
8679;201400005962;0;31;0;0.0;0.0;7.0;1.0;A01
8680;201400005963;0;10;0;0.0;2.0;1.0;1.0;C03
8681;201400005963;0;7;0;0.0;2.0;4.0;1.0;A01
8682;201400005963;0;15;0;0.0;2.0;1.0;1.0;B02
8683;201400005964;0;7;0;8.0;0.0;2.0;1.0;A01
8684;201400005965;0;2;0;0.0;2.0;8.0;13.0;A01
8685;201400005965;0;99;0;0.0;2.0;1.0;1.0;B02
8686;201400005966;0;7;0;0.0;1.0;2.0;1.0;A01
8687;201400005967;0;7;0;0.0;2.0;1.0;1.0;B02
8688;201400005967;0;7;0;0.0;2.0;1.0;1.0;A01
8689;201400005968;0;7;0;2.0;0.0;7.0;1.0;A01
8690;201400005969;0;10;0;0.0;2.0;5.0;2.0;A01
8691;201400005969;0;1;0;0.0;2.0;1.0;2.0;B02
8692;201400005970;0;7;0;0.0;0.0;1.0;0.0;A01
8693;201400005972;0;7;0;0.0;0.0;6.0;2.0;A01
8694;201400005973;0;7;0;0.0;2.0;3.0;15.0;A01
8695;201400005973;0;10;0;0.0;2.0;3.0;1.0;B02
8696;201400005974;0;7;0;0.0;2.0;8.0;15.0;A01
8697;201400005974;0;7;0;0.0;2.0;1.0;1.0;B02
8698;201400005976;0;7;0;13.0;0.0;3.0;2.0;A01
8699;201400005977;0;7;0;0.0;0.0;0.0;1.0;A01
8700;201400005978;0;14;0;12.0;0.0;8.0;0.0;A01
8701;201400005979;0;7;0;0.0;2.0;8.0;0.0;B02
8702;201400005979;0;7;0;0.0;2.0;8.0;1.0;A01
8703;201400005981;0;7;0;8.0;0.0;3.0;13.0;A01
8704;201400005982;0;7;0;0.0;1.0;1.0;16.0;A01
8705;201400005983;0;7;0;0.0;2.0;6.0;2.0;B02
8706;201400005983;0;7;0;0.0;0.0;1.0;2.0;D04
8707;201400005983;0;7;0;0.0;2.0;1.0;17.0;A01
8708;201400005983;0;7;0;0.0;2.0;1.0;2.0;C03
8709;201400005984;0;37;0;0.0;2.0;3.0;1.0;B02
8710;201400005984;0;7;0;0.0;2.0;3.0;13.0;A01
8711;201400005985;0;7;0;0.0;1.0;2.0;1.0;A01
8712;201400005986;0;30;0;0.0;2.0;1.0;13.0;A01
8713;201400005986;0;10;0;0.0;0.0;8.0;15.0;B02
8714;201400005987;0;31;0;0.0;1.0;0.0;1.0;A01
8715;201400005988;0;1;0;1.0;0.0;1.0;1.0;B02
8716;201400005988;0;7;0;1.0;0.0;8.0;1.0;A01
8717;201400005989;0;7;0;0.0;2.0;3.0;23.0;B02
8718;201400005989;0;7;0;0.0;2.0;1.0;16.0;A01
8719;201400005990;0;7;0;0.0;2.0;3.0;15.0;A01
8720;201400005990;0;30;0;0.0;2.0;1.0;1.0;B02
8721;201400005991;0;7;0;2.0;0.0;2.0;1.0;A01
8722;201400005992;0;2;0;0.0;2.0;1.0;2.0;A01
8723;201400005992;0;7;0;0.0;2.0;4.0;2.0;B02
8724;201400005993;0;7;0;0.0;1.0;1.0;1.0;A01
8725;201400005994;0;7;0;0.0;1.0;1.0;1.0;A01
8726;201400005995;0;7;0;0.0;2.0;1.0;1.0;B02
8727;201400005995;0;7;0;0.0;0.0;1.0;13.0;A01
8728;201400005996;0;7;0;0.0;1.0;2.0;19.0;A01
8729;201400005998;0;7;0;2.0;1.0;1.0;19.0;A01
8730;201400006000;0;33;0;0.0;2.0;1.0;1.0;A01
8731;201400006000;0;7;0;0.0;2.0;3.0;15.0;B02
8732;201400006002;0;7;0;3.0;2.0;1.0;1.0;B02
8733;201400006002;0;7;0;1.0;2.0;1.0;13.0;A01
8734;201400006003;0;7;0;13.0;0.0;1.0;1.0;A01
8735;201400006004;0;99;0;13.0;0.0;1.0;1.0;A01
8736;201400006005;0;7;0;0.0;2.0;1.0;1.0;A01
8737;201400006005;0;7;0;0.0;2.0;3.0;1.0;B01
8738;201400006006;0;7;0;0.0;2.0;2.0;15.0;A01
8739;201400006006;0;7;0;0.0;2.0;1.0;1.0;B01
8740;201400006007;0;2;0;0.0;2.0;1.0;2.0;A01
8741;201400006007;0;10;0;0.0;2.0;4.0;1.0;B01
8742;201400006009;0;7;0;0.0;2.0;8.0;20.0;A01
8743;201400006009;0;7;0;1.0;2.0;2.0;1.0;B01
8744;201400006010;0;7;0;1.0;2.0;1.0;1.0;B01
8745;201400006010;0;7;0;1.0;2.0;7.0;1.0;A01
8746;201400006012;0;7;0;0.0;2.0;1.0;9.0;A01
8747;201400006012;0;1;0;0.0;2.0;7.0;1.0;B01
8748;201400006013;0;7;0;0.0;2.0;2.0;1.0;B01
8749;201400006013;0;7;0;0.0;2.0;3.0;9.0;A01
8750;201400006014;0;7;0;0.0;2.0;1.0;2.0;A01
8751;201400006014;0;7;0;0.0;1.0;4.0;1.0;B01
8752;201400006015;0;2;0;0.0;2.0;1.0;1.0;B01
8753;201400006015;0;7;0;0.0;2.0;3.0;9.0;A01
8754;201400006016;0;2;0;0.0;0.0;8.0;1.0;A01
8755;201400006017;0;7;0;0.0;1.0;1.0;1.0;A01
8756;201400006018;0;31;0;0.0;0.0;8.0;1.0;B01
8757;201400006018;0;7;0;0.0;0.0;0.0;9.0;A01
8758;201400006019;0;2;0;0.0;0.0;7.0;1.0;A01
8759;201400006020;0;7;0;0.0;2.0;2.0;12.0;A01
8760;201400006020;0;33;0;0.0;2.0;1.0;1.0;B01
8761;201400006021;0;1;0;0.0;0.0;8.0;1.0;A01
8762;201400006022;0;7;0;0.0;2.0;2.0;1.0;B01
8763;201400006022;0;7;0;0.0;2.0;5.0;9.0;A01
8764;201400006023;0;7;0;0.0;2.0;3.0;9.0;A01
8765;201400006023;0;1;0;0.0;2.0;1.0;1.0;B01
8766;201400006024;0;7;0;8.0;0.0;1.0;13.0;A01
8767;201400006025;0;2;0;0.0;0.0;8.0;1.0;A01
8768;201400006026;0;2;0;0.0;0.0;7.0;13.0;A01
8769;201400006027;0;7;0;0.0;2.0;6.0;10.0;A01
8770;201400006027;0;7;0;0.0;2.0;1.0;1.0;B01
8771;201400006028;0;7;0;0.0;1.0;2.0;1.0;A01
8772;201400006029;0;7;0;0.0;1.0;1.0;15.0;A01
8773;201400006031;0;7;0;0.0;2.0;8.0;1.0;A01
8774;201400006031;0;7;0;0.0;2.0;1.0;1.0;B01
8775;201400006032;0;7;0;0.0;2.0;2.0;16.0;A01
8776;201400006032;0;1;0;0.0;2.0;1.0;1.0;B01
8777;201400006033;0;31;0;0.0;2.0;7.0;17.0;A01
8778;201400006033;0;10;0;0.0;0.0;8.0;1.0;B01
8779;201400006034;0;7;0;11.0;2.0;4.0;17.0;A01
8780;201400006034;0;7;0;0.0;2.0;1.0;1.0;B01
8781;201400006035;0;7;0;0.0;2.0;3.0;9.0;A01
8782;201400006035;0;7;0;11.0;2.0;2.0;1.0;B01
8783;201400006036;0;7;0;0.0;2.0;1.0;9.0;A01
8784;201400006036;0;7;0;1.0;2.0;8.0;1.0;B01
8785;201400006037;1;1;0;0.0;1.0;1.0;1.0;Z01
8786;201400006038;0;33;0;0.0;0.0;8.0;14.0;A01
8787;201400006039;0;7;0;12.0;2.0;2.0;14.0;A01
8788;201400006039;0;7;0;0.0;2.0;1.0;1.0;B01
8789;201400006041;0;10;0;0.0;1.0;7.0;1.0;A01
8790;201400006042;1;99;0;0.0;2.0;5.0;12.0;Z01
8791;201400006042;0;33;0;0.0;2.0;8.0;1.0;A01
8792;201400006043;0;7;0;0.0;2.0;2.0;2.0;A01
8793;201400006043;0;7;0;0.0;0.0;6.0;23.0;B01
8794;201400006044;0;7;0;0.0;1.0;1.0;15.0;A01
8795;201400006045;0;7;0;15.0;1.0;1.0;13.0;A01
8796;201400006045;0;7;0;0.0;2.0;2.0;23.0;B01
8797;201400006046;0;7;0;1.0;0.0;1.0;14.0;A01
8798;201400006047;0;2;0;0.0;0.0;7.0;14.0;A01
8799;201400006048;0;7;0;0.0;1.0;1.0;15.0;A01
8800;201400006049;0;10;0;0.0;2.0;2.0;1.0;A01
8801;201400006049;0;10;0;1.0;2.0;3.0;1.0;B01
8802;201400006051;0;7;0;0.0;1.0;1.0;1.0;A01
8803;201400006052;0;33;0;0.0;2.0;1.0;1.0;B01
8804;201400006052;2;30;0;0.0;2.0;6.0;9.0;A01
8805;201400006053;0;7;0;0.0;2.0;8.0;9.0;A01
8806;201400006053;0;30;0;0.0;2.0;1.0;1.0;B01
8807;201400006054;0;30;0;0.0;2.0;1.0;1.0;B01
8808;201400006054;0;7;0;0.0;2.0;3.0;16.0;A01
8809;201400006055;0;7;0;0.0;2.0;2.0;13.0;A01
8810;201400006055;0;2;0;0.0;2.0;3.0;15.0;B01
8811;201400006056;0;30;0;0.0;2.0;2.0;1.0;A01
8812;201400006056;0;7;0;0.0;2.0;3.0;1.0;B01
8813;201400006057;0;2;0;0.0;2.0;1.0;15.0;A01
8814;201400006057;0;7;0;0.0;2.0;1.0;1.0;B01
8815;201400006058;0;7;0;13.0;0.0;8.0;13.0;A01
8816;201400006059;0;7;0;0.0;2.0;2.0;15.0;A01
8817;201400006059;0;7;0;0.0;2.0;1.0;1.0;B01
8818;201400006060;0;10;0;0.0;1.0;4.0;4.0;A01
8819;201400006061;0;7;0;6.0;0.0;4.0;13.0;A01
8820;201400006062;0;7;0;2.0;0.0;8.0;13.0;A01
8821;201400006063;0;7;0;0.0;2.0;2.0;1.0;A01
8822;201400006063;0;7;0;0.0;2.0;5.0;15.0;B01
8823;201400006065;0;2;0;0.0;2.0;6.0;15.0;A01
8824;201400006065;1;7;0;0.0;2.0;3.0;9.0;Z01
8825;201400006067;0;7;0;13.0;0.0;0.0;13.0;A01
8826;201400006069;0;2;0;3.0;0.0;1.0;14.0;A01
8827;201400006070;0;7;0;0.0;2.0;8.0;9.0;A01
8828;201400006070;0;32;0;0.0;2.0;1.0;1.0;B01
8829;201400006072;0;7;0;0.0;2.0;1.0;1.0;A01
8830;201400006072;0;1;0;0.0;2.0;8.0;1.0;B01
8831;201400006073;0;7;0;1.0;0.0;2.0;14.0;A01
8832;201400006074;1;7;0;0.0;2.0;2.0;1.0;Z01
8833;201400006074;0;30;0;0.0;2.0;1.0;1.0;A01
8834;201400006075;0;10;0;0.0;1.0;1.0;1.0;A01
8835;201400006076;0;7;0;0.0;1.0;1.0;1.0;A01
8836;201400006077;0;1;0;0.0;1.0;1.0;1.0;A01
8837;201400006078;0;7;0;0.0;1.0;1.0;1.0;A01
8838;201400006079;0;7;0;14.0;0.0;1.0;2.0;A01
8839;201400006079;0;7;0;0.0;0.0;4.0;23.0;B01
8840;201400006080;0;7;0;13.0;2.0;3.0;13.0;A01
8841;201400006080;0;17;0;0.0;2.0;8.0;1.0;B01
8842;201400006081;0;7;0;0.0;1.0;1.0;1.0;A01
8843;201400006082;0;7;0;0.0;2.0;6.0;9.0;A01
8844;201400006082;0;7;0;0.0;2.0;3.0;1.0;B01
8845;201400006084;0;7;0;2.0;0.0;1.0;1.0;A01
8846;201400006085;0;7;0;0.0;2.0;1.0;0.0;B02
8847;201400006085;0;13;0;0.0;2.0;8.0;1.0;A01
8848;201400006086;0;36;0;1.0;0.0;3.0;1.0;A01
8849;201400006087;0;31;0;0.0;2.0;1.0;13.0;B02
8850;201400006087;0;7;0;0.0;2.0;3.0;1.0;A01
8851;201400006088;0;33;0;0.0;2.0;1.0;13.0;A01
8852;201400006088;0;21;0;0.0;2.0;3.0;1.0;B02
8853;201400006089;0;7;0;2.0;0.0;9.0;1.0;A01
8854;201400006090;0;7;0;2.0;0.0;2.0;13.0;A01
8855;201400006091;0;7;0;2.0;0.0;7.0;1.0;A01
8856;201400006093;0;7;0;0.0;2.0;4.0;15.0;A01
8857;201400006093;0;7;0;0.0;2.0;1.0;2.0;B02
8858;201400006095;0;7;0;0.0;1.0;1.0;1.0;A01
8859;201400006096;0;7;0;0.0;1.0;2.0;0.0;A01
8860;201400006097;0;7;0;0.0;2.0;1.0;1.0;B02
8861;201400006097;0;7;0;0.0;2.0;1.0;13.0;A01
8862;201400006098;0;7;0;2.0;0.0;9.0;1.0;A01
8863;201400006099;0;7;0;0.0;2.0;2.0;12.0;A01
8864;201400006099;0;7;0;0.0;2.0;6.0;1.0;B02
8865;201400006100;0;7;0;13.0;0.0;2.0;14.0;A01
8866;201400006101;0;33;0;0.0;2.0;2.0;1.0;A01
8867;201400006101;0;7;0;0.0;2.0;3.0;1.0;B02
8868;201400006102;0;10;0;0.0;2.0;2.0;17.0;B02
8869;201400006102;0;15;0;0.0;0.0;6.0;1.0;A01
8870;201400006103;0;7;0;2.0;0.0;4.0;1.0;A01
8871;201400006106;0;7;0;2.0;9.0;3.0;17.0;A01
8872;201400006107;0;7;0;13.0;0.0;3.0;13.0;A01
8873;201400006108;0;7;0;0.0;2.0;1.0;1.0;B02
8874;201400006108;0;7;0;0.0;2.0;1.0;13.0;A01
8875;201400006108;0;7;0;0.0;2.0;1.0;1.0;C03
8876;201400006109;0;17;0;0.0;5.0;1.0;1.0;B02
8877;201400006109;0;15;0;13.0;0.0;7.0;1.0;A01
8878;201400006111;0;14;0;6.0;2.0;2.0;1.0;B02
8879;201400006111;0;10;0;0.0;2.0;1.0;1.0;A01
8880;201400006112;0;7;0;0.0;2.0;3.0;15.0;A01
8881;201400006112;0;1;0;0.0;2.0;1.0;1.0;B02
8882;201400006113;0;7;0;13.0;0.0;2.0;1.0;A01
8883;201400006114;0;7;0;0.0;2.0;3.0;15.0;A01
8884;201400006114;0;7;0;0.0;2.0;2.0;1.0;B02
8885;201400006115;0;7;0;2.0;0.0;1.0;13.0;A01
8886;201400006116;0;7;0;2.0;0.0;1.0;14.0;A01
8887;201400006118;0;7;0;0.0;2.0;3.0;1.0;B02
8888;201400006118;0;7;0;0.0;2.0;1.0;13.0;A01
8889;201400006119;0;7;0;2.0;0.0;1.0;1.0;A01
8890;201400006120;0;7;0;0.0;1.0;1.0;1.0;A01
8891;201400006121;0;7;0;0.0;2.0;3.0;15.0;A01
8892;201400006121;0;33;0;0.0;2.0;8.0;0.0;B02
8893;201400006122;0;30;0;0.0;1.0;1.0;1.0;A01
8894;201400006123;0;7;0;0.0;2.0;1.0;1.0;B02
8895;201400006123;0;7;0;0.0;2.0;7.0;19.0;A01
8896;201400006125;0;33;0;0.0;6.0;0.0;21.0;A01
8897;201400006127;0;7;0;0.0;0.0;3.0;1.0;A01
8898;201400006128;0;36;0;0.0;0.0;9.0;0.0;A01
8899;201400006129;0;7;0;2.0;0.0;1.0;1.0;A01
8900;201400006130;0;33;0;1.0;0.0;1.0;1.0;A01
8901;201400006131;0;7;0;0.0;0.0;1.0;1.0;A01
8902;201400006133;0;7;0;0.0;2.0;1.0;13.0;A01
8903;201400006133;0;7;0;0.0;2.0;1.0;1.0;B02
8904;201400006134;0;7;0;13.0;0.0;3.0;1.0;A01
8905;201400006135;0;13;0;2.0;0.0;1.0;14.0;A01
8906;201400006136;0;7;0;0.0;2.0;7.0;15.0;A01
8907;201400006136;0;33;0;0.0;2.0;1.0;1.0;B02
8908;201400006138;0;7;0;13.0;0.0;2.0;1.0;A01
8909;201400006139;0;7;0;0.0;9.0;2.0;15.0;A01
8910;201400006139;0;1;0;0.0;2.0;1.0;1.0;B02
8911;201400006140;0;33;0;0.0;2.0;1.0;21.0;A01
8912;201400006140;0;7;0;0.0;2.0;6.0;19.0;B02
8913;201400006141;0;7;0;0.0;1.0;2.0;1.0;A01
8914;201400006142;0;32;0;9.0;0.0;7.0;2.0;A01
8915;201400006144;0;7;0;0.0;0.0;3.0;1.0;B02
8916;201400006144;0;7;0;0.0;0.0;2.0;13.0;A01
8917;201400006145;0;33;0;0.0;6.0;0.0;21.0;A01
8918;201400006146;0;7;0;0.0;2.0;2.0;2.0;A01
8919;201400006146;0;1;0;0.0;2.0;5.0;2.0;B02
8920;201400006147;0;7;0;13.0;0.0;1.0;1.0;A01
8921;201400006148;0;7;0;13.0;0.0;9.0;1.0;A01
8922;201400006149;0;7;0;0.0;0.0;1.0;1.0;A01
8923;201400006150;0;7;0;13.0;0.0;8.0;1.0;A01
8924;201400006151;0;14;0;0.0;0.0;1.0;1.0;A01
8925;201400006151;0;7;0;0.0;0.0;1.0;1.0;B02
8926;201400006152;0;7;0;6.0;0.0;1.0;1.0;A01
8927;201400006153;0;33;0;0.0;0.0;1.0;1.0;A01
8928;201400006154;0;35;0;0.0;2.0;4.0;1.0;A01
8929;201400006154;0;21;0;0.0;2.0;1.0;1.0;B02
8930;201400006155;0;14;0;3.0;2.0;1.0;13.0;A01
8931;201400006155;0;7;0;0.0;2.0;1.0;1.0;B02
8932;201400006157;0;7;0;2.0;0.0;3.0;1.0;A01
8933;201400006158;0;7;0;3.0;0.0;2.0;1.0;B02
8934;201400006158;0;7;0;0.0;2.0;2.0;1.0;A01
8935;201400006160;0;7;0;13.0;0.0;2.0;1.0;A01
8936;201400006161;0;7;0;3.0;0.0;3.0;1.0;A01
8937;201400006163;0;7;0;0.0;2.0;3.0;13.0;A01
8938;201400006163;0;7;0;0.0;2.0;3.0;1.0;B02
8939;201400006163;0;7;0;0.0;2.0;1.0;1.0;C03
8940;201400006164;0;30;0;0.0;2.0;1.0;17.0;A01
8941;201400006164;0;30;0;0.0;0.0;8.0;15.0;B02
8942;201400006165;0;33;0;0.0;2.0;1.0;1.0;A01
8943;201400006165;0;7;0;0.0;2.0;3.0;1.0;B02
8944;201400006166;0;7;0;0.0;2.0;3.0;14.0;A01
8945;201400006166;0;33;0;0.0;2.0;1.0;1.0;C03
8946;201400006166;0;33;0;0.0;2.0;1.0;1.0;D04
8947;201400006166;0;33;0;0.0;2.0;1.0;1.0;B02
8948;201400006169;0;21;0;0.0;0.0;3.0;9.0;A01
8949;201400006169;0;7;0;0.0;2.0;3.0;1.0;B02
8950;201400006170;0;7;0;0.0;0.0;1.0;0.0;A01
8951;201400006171;0;7;0;0.0;2.0;2.0;13.0;A01
8952;201400006171;0;7;0;0.0;2.0;1.0;1.0;B02
8953;201400006172;0;7;0;0.0;0.0;4.0;9.0;A01
8954;201400006172;0;7;0;0.0;2.0;1.0;1.0;B02
8955;201400006173;0;7;0;0.0;2.0;3.0;13.0;A01
8956;201400006173;0;7;0;0.0;2.0;3.0;1.0;B02
8957;201400006175;0;7;0;0.0;0.0;3.0;1.0;B02
8958;201400006175;0;3;0;0.0;2.0;3.0;13.0;A01
8959;201400006176;0;15;0;0.0;9.0;3.0;4.0;A01
8960;201400006176;0;39;40;0.0;2.0;1.0;1.0;B02
8961;201400006177;0;33;0;0.0;2.0;1.0;1.0;A01
8962;201400006177;0;33;0;0.0;2.0;1.0;13.0;B02
8963;201400006178;0;7;0;0.0;0.0;7.0;0.0;A01
8964;201400006178;0;7;0;0.0;2.0;1.0;1.0;B02
8965;201400006180;0;7;0;0.0;2.0;1.0;1.0;A01
8966;201400006180;0;7;0;0.0;2.0;1.0;1.0;B02
8967;201400006181;0;7;0;0.0;4.0;8.0;1.0;A01
8968;201400006181;0;39;1;0.0;2.0;1.0;1.0;B02
8969;201400006182;0;10;0;0.0;2.0;3.0;0.0;B02
8970;201400006182;0;7;0;0.0;2.0;3.0;13.0;A01
8971;201400006183;0;2;0;1.0;0.0;1.0;2.0;A01
8972;201400006183;0;7;0;0.0;0.0;4.0;23.0;B02
8973;201400006184;0;7;0;0.0;2.0;3.0;13.0;A01
8974;201400006184;0;15;0;0.0;2.0;3.0;1.0;B02
8975;201400006185;0;7;0;16.0;0.0;9.0;1.0;A01
8976;201400006186;0;7;0;1.0;1.0;3.0;21.0;A01
8977;201400006187;0;30;0;0.0;9.0;1.0;1.0;A01
8978;201400006188;0;7;0;9.0;0.0;2.0;1.0;A01
8979;201400006189;0;7;0;0.0;0.0;2.0;0.0;A01
8980;201400006189;0;33;0;0.0;0.0;1.0;0.0;B02
8981;201400006190;0;2;0;0.0;0.0;6.0;0.0;A01
8982;201400006190;0;7;0;0.0;0.0;3.0;13.0;B02
8983;201400006191;0;15;0;0.0;0.0;6.0;1.0;B02
8984;201400006191;0;7;0;0.0;0.0;1.0;1.0;A01
8985;201400006192;0;7;0;0.0;1.0;1.0;2.0;A01
8986;201400006193;0;1;0;0.0;2.0;4.0;1.0;A01
8987;201400006193;1;10;0;0.0;2.0;2.0;1.0;B02
8988;201400006194;0;7;0;8.0;0.0;1.0;1.0;A01
8989;201400006195;0;7;0;0.0;1.0;7.0;1.0;A01
8990;201400006196;0;7;0;0.0;2.0;1.0;1.0;A01
8991;201400006196;0;7;0;0.0;2.0;1.0;15.0;B02
8992;201400006197;0;7;0;0.0;2.0;1.0;1.0;A01
8993;201400006197;0;7;0;0.0;2.0;1.0;1.0;B02
8994;201400006198;0;7;0;0.0;2.0;5.0;1.0;A01
8995;201400006198;0;1;0;0.0;2.0;1.0;15.0;B02
8996;201400006199;0;33;0;0.0;2.0;1.0;2.0;A01
8997;201400006199;0;7;0;0.0;0.0;4.0;15.0;B02
8998;201400006200;0;7;0;1.0;0.0;1.0;1.0;A01
8999;201400006201;0;7;0;13.0;0.0;1.0;13.0;A01
9000;201400006202;0;7;0;0.0;2.0;1.0;5.0;A01
9001;201400006202;0;7;0;0.0;2.0;1.0;1.0;B02
9002;201400006203;0;15;0;0.0;0.0;4.0;23.0;A01
9003;201400006203;0;7;0;0.0;2.0;1.0;1.0;B02
9004;201400006204;0;7;0;0.0;2.0;2.0;1.0;A01
9005;201400006204;0;7;0;10.0;2.0;2.0;13.0;B02
9006;201400006205;0;33;0;0.0;2.0;2.0;17.0;A01
9007;201400006205;0;7;0;0.0;2.0;3.0;15.0;B02
9008;201400006206;0;7;0;13.0;0.0;2.0;1.0;A01
9009;201400006207;0;30;0;1.0;0.0;2.0;14.0;A01
9010;201400006207;0;7;0;0.0;2.0;2.0;0.0;B02
9011;201400006208;0;17;0;0.0;2.0;3.0;1.0;B02
9012;201400006208;0;7;0;0.0;2.0;8.0;9.0;A01
9013;201400006209;0;7;0;0.0;1.0;3.0;1.0;A01
9014;201400006210;0;7;0;0.0;9.0;7.0;17.0;A01
9015;201400006210;0;1;0;0.0;2.0;8.0;1.0;B02
9016;201400006211;0;7;0;0.0;2.0;1.0;2.0;A01
9017;201400006211;0;20;0;0.0;2.0;4.0;2.0;B02
9018;201400006212;0;7;0;13.0;0.0;3.0;13.0;A01
9019;201400006213;0;33;0;13.0;0.0;1.0;1.0;A01
9020;201400006214;0;7;0;0.0;2.0;7.0;15.0;A01
9021;201400006214;0;7;0;0.0;2.0;8.0;1.0;B02
9022;201400006215;0;33;0;12.0;0.0;1.0;0.0;A01
9023;201400006216;0;7;0;6.0;0.0;3.0;1.0;A01
9024;201400006217;0;7;0;3.0;0.0;1.0;1.0;A01
9025;201400006218;0;30;0;0.0;2.0;1.0;17.0;A01
9026;201400006218;0;7;0;0.0;2.0;6.0;15.0;B02
9027;201400006219;0;7;0;2.0;0.0;1.0;14.0;A01
9028;201400006220;0;7;0;0.0;0.0;0.0;1.0;A01
9029;201400006221;0;30;0;0.0;0.0;8.0;21.0;A01
9030;201400006222;0;33;0;13.0;0.0;8.0;1.0;A01
9031;201400006223;0;7;0;2.0;0.0;7.0;1.0;A01
9032;201400006224;0;7;0;13.0;0.0;1.0;14.0;A01
9033;201400006225;0;7;0;0.0;2.0;7.0;17.0;A01
9034;201400006225;0;7;0;0.0;2.0;1.0;1.0;B02
9035;201400006226;0;7;0;13.0;0.0;1.0;1.0;A01
9036;201400006227;0;7;0;13.0;0.0;1.0;19.0;A01
9037;201400006228;0;7;0;0.0;2.0;7.0;15.0;A01