;Num_Acc;senc;catv;occutc;obs;obsm;choc;manv;num_veh
9038;201400006228;0;7;0;0.0;2.0;1.0;1.0;B02
9039;201400006230;0;7;0;0.0;2.0;1.0;13.0;A01
9040;201400006230;0;7;0;0.0;2.0;3.0;1.0;B02
9041;201400006231;0;7;0;0.0;2.0;1.0;2.0;A01
9042;201400006231;0;7;0;0.0;4.0;4.0;23.0;B02
9043;201400006231;0;39;1;0.0;2.0;1.0;1.0;C03
9044;201400006232;0;7;0;0.0;2.0;1.0;13.0;A01
9045;201400006232;0;7;0;0.0;2.0;1.0;1.0;B02
9046;201400006233;0;7;0;0.0;2.0;2.0;15.0;A01
9047;201400006233;0;33;0;0.0;2.0;1.0;1.0;B02
9048;201400006234;0;2;0;0.0;2.0;1.0;1.0;A01
9049;201400006234;0;7;0;0.0;2.0;8.0;15.0;B02
9050;201400006235;0;10;0;6.0;0.0;2.0;13.0;A01
9051;201400006236;0;7;0;0.0;2.0;2.0;15.0;A01
9052;201400006236;0;31;0;0.0;2.0;7.0;1.0;B02
9053;201400006237;0;7;0;13.0;0.0;3.0;13.0;A01
9054;201400006238;0;7;0;0.0;2.0;2.0;5.0;A01
9055;201400006238;0;7;0;0.0;2.0;2.0;21.0;B02
9056;201400006239;0;7;0;0.0;1.0;4.0;23.0;A01
9057;201400006240;0;7;0;8.0;0.0;0.0;14.0;A01
9058;201400006241;0;7;0;0.0;2.0;8.0;15.0;A01
9059;201400006241;0;17;0;0.0;2.0;3.0;1.0;B02
9060;201400006242;0;33;0;0.0;2.0;1.0;17.0;A01
9061;201400006242;0;7;0;0.0;2.0;3.0;15.0;B02
9062;201400006243;0;7;0;0.0;2.0;1.0;13.0;A01
9063;201400006243;0;14;0;0.0;2.0;2.0;1.0;B02
9064;201400006244;0;7;0;0.0;2.0;1.0;1.0;A01
9065;201400006244;0;7;0;0.0;2.0;2.0;15.0;B02
9066;201400006245;0;7;0;0.0;2.0;3.0;13.0;A01
9067;201400006245;0;7;0;0.0;2.0;3.0;1.0;B02
9068;201400006247;0;30;0;0.0;2.0;1.0;13.0;A01
9069;201400006247;0;7;0;0.0;2.0;2.0;21.0;B02
9070;201400006248;0;7;0;0.0;1.0;4.0;20.0;A01
9071;201400006249;0;7;0;0.0;0.0;2.0;1.0;A01
9072;201400006249;0;31;0;0.0;2.0;1.0;1.0;B02
9073;201400006250;0;7;0;0.0;9.0;3.0;9.0;A01
9074;201400006250;0;1;0;0.0;2.0;1.0;1.0;B02
9075;201400006252;0;7;0;0.0;2.0;1.0;15.0;A01
9076;201400006252;0;7;0;0.0;2.0;3.0;1.0;B02
9077;201400006253;0;7;0;1.0;0.0;1.0;1.0;A01
9078;201400006254;0;7;0;0.0;0.0;0.0;1.0;A01
9079;201400006255;0;7;0;0.0;2.0;1.0;1.0;A01
9080;201400006255;0;2;0;0.0;2.0;7.0;1.0;B02
9081;201400006257;0;7;0;0.0;0.0;8.0;9.0;A01
9082;201400006257;0;1;0;0.0;2.0;7.0;9.0;B02
9083;201400006258;0;10;0;0.0;2.0;1.0;16.0;A01
9084;201400006258;0;31;0;0.0;2.0;7.0;1.0;B02
9085;201400006259;0;1;0;0.0;2.0;3.0;15.0;A01
9086;201400006259;0;37;1;0.0;9.0;5.0;1.0;B02
9087;201400006260;0;7;0;0.0;0.0;6.0;23.0;A01
9088;201400006260;0;7;0;0.0;2.0;1.0;1.0;B02
9089;201400006260;0;7;0;0.0;2.0;9.0;21.0;C03
9090;201400006262;0;7;0;0.0;2.0;3.0;13.0;A01
9091;201400006262;0;7;0;0.0;2.0;3.0;1.0;B02
9092;201400006263;0;7;0;0.0;2.0;2.0;15.0;A01
9093;201400006263;0;1;0;0.0;2.0;1.0;1.0;B02
9094;201400006264;0;7;0;0.0;2.0;3.0;11.0;A01
9095;201400006264;0;10;0;0.0;2.0;3.0;1.0;B02
9096;201400006265;0;33;0;0.0;2.0;1.0;13.0;A01
9097;201400006265;0;33;0;0.0;2.0;1.0;1.0;B02
9098;201400006265;0;33;0;0.0;2.0;8.0;1.0;C03
9099;201400006266;1;7;0;0.0;1.0;2.0;1.0;B02
9100;201400006268;0;7;0;0.0;2.0;7.0;13.0;A01
9101;201400006268;0;7;0;0.0;2.0;1.0;1.0;B02
9102;201400006269;0;7;0;0.0;1.0;2.0;1.0;A01
9103;201400006270;0;10;0;10.0;0.0;8.0;1.0;A01
9104;201400006271;0;7;0;13.0;0.0;1.0;1.0;A01
9105;201400006273;0;33;0;0.0;2.0;1.0;13.0;A01
9106;201400006273;0;7;0;0.0;2.0;3.0;21.0;B02
9107;201400006274;0;7;0;0.0;2.0;3.0;1.0;B02
9108;201400006274;0;33;0;0.0;2.0;3.0;1.0;A01
9109;201400006275;0;7;0;2.0;0.0;3.0;1.0;A01
9110;201400006276;0;7;0;13.0;0.0;1.0;0.0;A01
9111;201400006277;0;31;0;0.0;0.0;3.0;0.0;A01
9112;201400006277;0;33;0;0.0;0.0;2.0;0.0;B02
9113;201400006278;0;10;0;0.0;2.0;8.0;16.0;A01
9114;201400006278;0;33;0;0.0;2.0;1.0;1.0;B02
9115;201400006279;0;33;0;2.0;0.0;1.0;1.0;A01
9116;201400006280;0;7;0;13.0;0.0;1.0;13.0;A01
9117;201400006281;0;7;0;0.0;2.0;1.0;1.0;B02
9118;201400006281;0;7;0;0.0;0.0;5.0;19.0;A01
9119;201400006282;0;7;0;0.0;1.0;3.0;1.0;A01
9120;201400006283;0;7;0;2.0;0.0;1.0;14.0;A01
9121;201400006284;0;33;0;2.0;0.0;1.0;1.0;A01
9122;201400006285;0;7;0;0.0;2.0;3.0;13.0;A01
9123;201400006285;0;31;0;0.0;2.0;1.0;1.0;B02
9124;201400006286;0;7;0;0.0;0.0;7.0;15.0;A01
9125;201400006286;0;33;0;0.0;2.0;1.0;1.0;B02
9126;201400006287;0;31;0;0.0;2.0;1.0;2.0;B02
9127;201400006287;0;31;0;0.0;2.0;4.0;1.0;A01
9128;201400006288;0;7;0;0.0;1.0;7.0;1.0;A01
9129;201400006289;0;3;0;0.0;1.0;1.0;11.0;A01
9130;201400006291;0;7;0;0.0;1.0;1.0;19.0;A01
9131;201400006292;0;7;0;0.0;2.0;2.0;1.0;A01
9132;201400006292;0;10;0;0.0;0.0;3.0;10.0;B02
9133;201400006293;0;7;0;0.0;2.0;1.0;0.0;A01
9134;201400006293;0;7;0;0.0;2.0;3.0;0.0;B02
9135;201400006294;0;33;0;3.0;0.0;2.0;1.0;A01
9136;201400006295;0;10;0;0.0;2.0;1.0;1.0;A01
9137;201400006295;0;37;0;0.0;2.0;4.0;23.0;B02
9138;201400006296;0;7;0;2.0;0.0;3.0;13.0;A01
9139;201400006297;1;7;0;2.0;0.0;2.0;1.0;A01
9140;201400006298;0;14;0;0.0;0.0;4.0;23.0;C03
9141;201400006298;0;7;0;0.0;0.0;4.0;23.0;B02
9142;201400006298;0;7;0;14.0;0.0;1.0;1.0;A01
9143;201400006299;0;30;0;0.0;0.0;7.0;16.0;A01
9144;201400006300;0;1;0;0.0;2.0;1.0;1.0;A01
9145;201400006300;0;7;0;0.0;9.0;1.0;15.0;B02
9146;201400006300;0;31;0;0.0;9.0;1.0;1.0;C03
9147;201400006301;0;7;0;0.0;2.0;2.0;1.0;A01
9148;201400006301;0;99;0;0.0;0.0;8.0;1.0;B02
9149;201400006302;0;7;0;0.0;9.0;3.0;2.0;C03
9150;201400006302;0;7;0;0.0;0.0;5.0;2.0;B02
9151;201400006302;0;30;0;0.0;2.0;1.0;2.0;A01
9152;201400006303;0;2;0;0.0;2.0;7.0;1.0;B02
9153;201400006303;0;7;0;0.0;2.0;7.0;5.0;A01
9154;201400006304;0;10;0;0.0;2.0;3.0;1.0;A01
9155;201400006304;0;7;0;0.0;2.0;3.0;1.0;B02
9156;201400006305;0;2;0;0.0;0.0;0.0;1.0;A01
9157;201400006306;0;7;0;0.0;1.0;1.0;1.0;A01
9158;201400006307;0;7;0;0.0;2.0;1.0;1.0;A01
9159;201400006307;0;7;0;0.0;2.0;1.0;19.0;B02
9160;201400006310;0;3;0;0.0;2.0;3.0;1.0;A01
9161;201400006310;0;7;0;0.0;2.0;3.0;1.0;B02
9162;201400006311;0;7;0;2.0;6.0;3.0;21.0;A01
9163;201400006312;0;7;0;0.0;0.0;9.0;17.0;B02
9164;201400006312;0;7;0;0.0;2.0;8.0;1.0;A01
9165;201400006314;0;33;0;0.0;2.0;1.0;1.0;A01
9166;201400006314;0;7;0;0.0;0.0;4.0;15.0;B02
9167;201400006315;0;7;0;0.0;2.0;1.0;2.0;B02
9168;201400006315;0;7;0;0.0;0.0;4.0;23.0;A01
9169;201400006316;0;7;0;0.0;2.0;2.0;16.0;A01
9170;201400006316;0;7;0;0.0;2.0;2.0;1.0;B02
9171;201400006317;0;7;0;0.0;2.0;1.0;13.0;A01
9172;201400006317;0;7;0;0.0;2.0;3.0;1.0;B02
9173;201400006318;0;1;0;0.0;0.0;0.0;0.0;B02
9174;201400006318;0;7;0;0.0;2.0;3.0;1.0;A01
9175;201400006319;0;7;0;2.0;0.0;8.0;1.0;A01
9176;201400006320;0;7;0;2.0;2.0;1.0;1.0;A01
9177;201400006321;0;7;0;0.0;2.0;2.0;1.0;A01
9178;201400006321;0;7;0;2.0;0.0;8.0;15.0;B02
9179;201400006322;0;7;0;0.0;2.0;2.0;9.0;A01
9180;201400006322;0;31;0;0.0;2.0;1.0;0.0;B02
9181;201400006323;0;7;0;13.0;0.0;1.0;1.0;A01
9182;201400006324;0;7;0;0.0;0.0;3.0;1.0;B02
9183;201400006324;0;7;0;0.0;0.0;3.0;13.0;A01
9184;201400006325;0;31;0;8.0;0.0;1.0;2.0;A01
9185;201400006327;0;1;0;12.0;2.0;8.0;5.0;B02
9186;201400006327;0;7;0;0.0;9.0;1.0;1.0;A01
9187;201400006328;0;30;0;14.0;0.0;1.0;13.0;A01
9188;201400006329;0;1;0;0.0;2.0;1.0;1.0;A01
9189;201400006329;0;7;0;0.0;2.0;2.0;1.0;B02
9190;201400006330;0;33;0;0.0;6.0;1.0;1.0;A01
9191;201400006331;0;7;0;6.0;0.0;1.0;13.0;A01
9192;201400006332;1;31;0;0.0;2.0;1.0;12.0;A01
9193;201400006332;0;1;0;0.0;2.0;1.0;1.0;B02
9194;201400006333;0;7;0;0.0;0.0;0.0;1.0;A01
9195;201400006333;0;7;0;0.0;2.0;7.0;21.0;B02
9196;201400006334;0;7;0;0.0;2.0;1.0;0.0;B02
9197;201400006334;0;7;0;0.0;6.0;1.0;21.0;A01
9198;201400006335;0;7;0;0.0;2.0;3.0;15.0;A01
9199;201400006335;0;30;0;0.0;2.0;1.0;17.0;B02
9200;201400006336;0;7;0;0.0;1.0;8.0;15.0;A01
9201;201400006337;0;30;0;8.0;2.0;2.0;17.0;A01
9202;201400006337;0;7;0;0.0;2.0;3.0;15.0;B02
9203;201400006338;0;2;0;0.0;2.0;1.0;1.0;A01
9204;201400006338;0;7;0;0.0;2.0;3.0;15.0;B02
9205;201400006339;0;33;0;0.0;2.0;1.0;17.0;A01
9206;201400006339;0;7;0;0.0;2.0;1.0;13.0;B02
9207;201400006340;0;7;0;0.0;2.0;1.0;2.0;A01
9208;201400006340;0;10;0;0.0;2.0;3.0;1.0;C03
9209;201400006340;0;7;0;0.0;2.0;4.0;13.0;B02
9210;201400006341;0;17;0;0.0;2.0;8.0;0.0;E05
9211;201400006341;0;7;0;0.0;2.0;8.0;1.0;B02
9212;201400006341;0;7;0;0.0;2.0;1.0;1.0;C03
9213;201400006341;0;17;0;0.0;0.0;8.0;0.0;D04
9214;201400006341;0;7;0;0.0;2.0;1.0;13.0;A01
9215;201400006343;0;1;0;0.0;2.0;4.0;2.0;B02
9216;201400006343;0;7;0;0.0;2.0;2.0;2.0;A01
9217;201400006344;0;33;0;12.0;0.0;7.0;16.0;A01
9218;201400006345;0;33;0;0.0;0.0;8.0;1.0;A01
9219;201400006346;0;7;0;2.0;0.0;2.0;14.0;A01
9220;201400006347;0;33;0;0.0;0.0;2.0;16.0;A01
9221;201400006348;0;7;0;13.0;0.0;2.0;17.0;A01
9222;201400006349;0;20;0;13.0;0.0;2.0;1.0;A01
9223;201400006350;0;7;0;0.0;9.0;7.0;1.0;A01
9224;201400006350;0;1;0;0.0;2.0;8.0;1.0;B02
9225;201400006351;0;33;0;0.0;0.0;8.0;1.0;A01
9226;201400006352;0;7;0;0.0;2.0;1.0;5.0;B02
9227;201400006352;0;7;0;0.0;2.0;7.0;5.0;A01
9228;201400006353;0;7;0;0.0;2.0;1.0;1.0;B02
9229;201400006353;0;2;0;0.0;2.0;8.0;19.0;A01
9230;201400006354;0;7;0;0.0;2.0;1.0;21.0;B02
9231;201400006354;0;7;0;0.0;2.0;1.0;13.0;A01
9232;201400006356;0;7;0;0.0;2.0;1.0;1.0;B02
9233;201400006356;0;7;0;0.0;2.0;1.0;13.0;A01
9234;201400006357;0;33;0;0.0;0.0;7.0;16.0;A01
9235;201400006358;0;33;0;0.0;0.0;3.0;0.0;A01
9236;201400006359;0;33;0;0.0;0.0;3.0;1.0;A01
9237;201400006360;0;7;0;1.0;1.0;2.0;1.0;A01
9238;201400006361;0;7;0;0.0;1.0;3.0;15.0;A01
9239;201400006362;0;30;0;0.0;1.0;1.0;2.0;A01
9240;201400006363;0;7;0;0.0;2.0;1.0;1.0;B02
9241;201400006363;0;7;0;0.0;2.0;1.0;1.0;A01
9242;201400006364;0;30;0;0.0;2.0;1.0;1.0;B02
9243;201400006364;0;10;0;0.0;2.0;6.0;1.0;A01
9244;201400006365;0;7;0;0.0;9.0;2.0;2.0;A01
9245;201400006365;0;1;0;0.0;0.0;4.0;1.0;B02
9246;201400006366;0;7;0;0.0;2.0;8.0;1.0;B02
9247;201400006366;0;1;0;0.0;2.0;1.0;16.0;A01
9248;201400006367;0;7;0;0.0;0.0;6.0;16.0;B02
9249;201400006367;0;30;0;0.0;2.0;1.0;2.0;A01
9250;201400006368;0;7;0;16.0;2.0;3.0;1.0;B02
9251;201400006368;0;7;0;0.0;2.0;3.0;13.0;A01
9252;201400006369;0;30;0;0.0;0.0;0.0;0.0;A01
9253;201400006370;0;7;0;6.0;0.0;1.0;1.0;A01
9254;201400006371;0;7;0;0.0;1.0;3.0;15.0;A01
9255;201400006372;0;33;0;0.0;0.0;1.0;13.0;A01
9256;201400006373;0;30;0;0.0;2.0;1.0;13.0;B02
9257;201400006373;0;7;0;0.0;2.0;1.0;1.0;A01
9258;201400006374;0;7;0;0.0;2.0;1.0;5.0;A01
9259;201400006374;0;7;0;0.0;2.0;1.0;1.0;B02
9260;201400006376;0;2;0;0.0;2.0;1.0;15.0;A01
9261;201400006376;0;10;0;0.0;2.0;1.0;1.0;B02
9262;201400006379;0;7;0;0.0;2.0;3.0;1.0;B02
9263;201400006379;0;1;0;0.0;2.0;1.0;1.0;A01
9264;201400006380;0;33;0;3.0;0.0;8.0;1.0;A01
9265;201400006381;0;33;0;0.0;0.0;7.0;1.0;A01
9266;201400006382;0;7;0;0.0;2.0;2.0;1.0;A01
9267;201400006382;0;2;0;0.0;2.0;1.0;15.0;B02
9268;201400006383;0;33;0;13.0;0.0;8.0;1.0;A01
9269;201400006384;0;7;0;0.0;2.0;3.0;13.0;A01
9270;201400006384;0;33;0;0.0;2.0;1.0;1.0;B02
9271;201400006384;0;33;0;0.0;2.0;1.0;1.0;C03
9272;201400006385;0;7;0;9.0;0.0;1.0;19.0;A01
9273;201400006386;0;7;0;0.0;2.0;1.0;1.0;A01
9274;201400006386;0;2;0;0.0;2.0;1.0;1.0;B02
9275;201400006387;0;1;0;0.0;0.0;8.0;1.0;B02
9276;201400006387;0;7;0;0.0;0.0;0.0;1.0;A01
9277;201400006388;0;7;0;0.0;1.0;3.0;1.0;A01
9278;201400006389;0;7;0;0.0;0.0;8.0;15.0;B02
9279;201400006389;0;1;0;0.0;2.0;1.0;1.0;C03
9280;201400006389;0;33;0;8.0;2.0;2.0;17.0;A01
9281;201400006390;0;30;0;0.0;2.0;1.0;17.0;A01
9282;201400006390;0;7;0;0.0;2.0;6.0;1.0;B02
9283;201400006391;0;7;0;16.0;0.0;9.0;1.0;A01
9284;201400006392;0;3;0;2.0;0.0;1.0;1.0;A01
9285;201400006392;0;7;0;0.0;2.0;3.0;13.0;B02
9286;201400006392;0;7;0;0.0;2.0;3.0;1.0;C03
9287;201400006393;0;7;0;0.0;2.0;8.0;0.0;B02
9288;201400006393;0;7;0;0.0;2.0;8.0;13.0;A01
9289;201400006394;0;31;0;0.0;2.0;1.0;1.0;B02
9290;201400006394;0;7;0;0.0;2.0;3.0;1.0;A01
9291;201400006395;0;7;0;0.0;2.0;7.0;1.0;A01
9292;201400006395;0;7;0;0.0;2.0;1.0;19.0;B02
9293;201400006396;0;1;0;0.0;2.0;6.0;1.0;A01
9294;201400006397;0;7;0;13.0;0.0;3.0;14.0;A01
9295;201400006398;0;33;0;11.0;0.0;1.0;1.0;A01
9296;201400006399;0;33;0;0.0;2.0;3.0;13.0;A01
9297;201400006399;0;33;0;0.0;2.0;3.0;1.0;B02
9298;201400006400;0;33;0;0.0;2.0;3.0;13.0;A01
9299;201400006400;0;33;0;0.0;2.0;3.0;1.0;B02
9300;201400006401;0;10;0;0.0;2.0;7.0;15.0;B02
9301;201400006401;0;1;0;0.0;2.0;1.0;1.0;A01
9302;201400006402;0;10;0;0.0;2.0;7.0;15.0;B02
9303;201400006402;0;1;0;0.0;2.0;1.0;1.0;A01
9304;201400006403;0;7;0;0.0;2.0;7.0;19.0;A01
9305;201400006403;0;7;0;0.0;2.0;2.0;1.0;B02
9306;201400006405;0;7;0;0.0;2.0;1.0;13.0;A01
9307;201400006405;0;17;0;0.0;2.0;3.0;1.0;B02
9308;201400006406;0;7;0;0.0;1.0;2.0;2.0;A01
9309;201400006407;0;10;0;0.0;1.0;2.0;1.0;A01
9310;201400006408;0;7;0;0.0;1.0;1.0;1.0;A01
9311;201400006409;0;7;0;0.0;2.0;3.0;1.0;A01
9312;201400006409;0;1;0;0.0;0.0;6.0;19.0;B02
9313;201400006410;0;33;0;0.0;2.0;1.0;1.0;A01
9314;201400006410;0;7;0;0.0;0.0;7.0;15.0;B02
9315;201400006411;0;7;0;2.0;0.0;1.0;16.0;A01
9316;201400006412;0;33;0;0.0;2.0;1.0;13.0;A01
9317;201400006412;0;7;0;0.0;2.0;3.0;1.0;B02
9318;201400006413;0;7;0;13.0;0.0;1.0;0.0;A01
9319;201400006414;0;7;0;2.0;0.0;3.0;1.0;A01
9320;201400006415;0;7;0;0.0;2.0;3.0;0.0;C03
9321;201400006415;0;7;0;0.0;2.0;3.0;13.0;A01
9322;201400006415;0;7;0;0.0;2.0;3.0;0.0;B02
9323;201400006416;0;14;0;0.0;2.0;1.0;0.0;A01
9324;201400006416;0;7;0;0.0;2.0;1.0;0.0;B02
9325;201400006417;0;7;0;2.0;0.0;1.0;13.0;A01
9326;201400006418;0;7;0;2.0;0.0;7.0;13.0;A01
9327;201400006419;0;7;0;0.0;2.0;8.0;1.0;A01
9328;201400006419;0;33;0;0.0;2.0;1.0;1.0;C03
9329;201400006419;0;33;0;0.0;2.0;9.0;21.0;B02
9330;201400006420;0;7;0;0.0;2.0;3.0;1.0;B02
9331;201400006420;0;14;0;0.0;2.0;3.0;13.0;A01
9332;201400006421;0;7;0;0.0;2.0;4.0;1.0;C03
9333;201400006421;0;7;0;0.0;2.0;1.0;1.0;D04
9334;201400006421;0;7;0;0.0;2.0;4.0;1.0;B02
9335;201400006421;0;7;0;0.0;0.0;4.0;1.0;A01
9336;201400006422;0;7;0;2.0;0.0;1.0;1.0;A01
9337;201400006423;0;33;0;0.0;2.0;1.0;1.0;A01
9338;201400006423;0;21;0;0.0;2.0;6.0;15.0;B02
9339;201400006424;0;33;0;13.0;0.0;1.0;1.0;A01
9340;201400006425;0;7;0;0.0;0.0;6.0;1.0;A01
9341;201400006425;0;33;0;0.0;0.0;1.0;1.0;B02
9342;201400006426;0;7;0;0.0;2.0;3.0;1.0;B02
9343;201400006426;0;10;0;0.0;2.0;3.0;1.0;A01
9344;201400006427;0;7;0;0.0;9.0;6.0;1.0;B02
9345;201400006427;0;34;0;0.0;2.0;3.0;1.0;A01
9346;201400006428;0;7;0;0.0;2.0;3.0;13.0;A01
9347;201400006428;0;7;0;0.0;2.0;3.0;0.0;B02
9348;201400006429;0;14;0;0.0;2.0;2.0;1.0;B02
9349;201400006429;0;7;0;0.0;2.0;3.0;19.0;A01
9350;201400006430;0;7;0;10.0;0.0;1.0;1.0;A01
9351;201400006431;0;7;0;0.0;2.0;3.0;1.0;A01
9352;201400006431;0;2;0;0.0;2.0;1.0;1.0;B02
9353;201400006432;0;7;0;0.0;2.0;1.0;16.0;A01
9354;201400006432;0;1;0;0.0;2.0;3.0;19.0;B02
9355;201400006433;0;7;0;0.0;2.0;1.0;2.0;A01
9356;201400006433;0;7;0;0.0;2.0;4.0;2.0;B02
9357;201400006434;0;10;0;0.0;2.0;3.0;21.0;B02
9358;201400006434;0;7;0;0.0;2.0;2.0;19.0;A01
9359;201400006435;0;7;0;0.0;2.0;1.0;1.0;B02
9360;201400006435;0;7;0;0.0;2.0;1.0;13.0;A01
9361;201400006436;0;33;0;0.0;0.0;0.0;1.0;A01
9362;201400006437;0;7;0;2.0;0.0;1.0;13.0;A01
9363;201400006438;0;7;0;2.0;2.0;4.0;14.0;B02
9364;201400006438;0;7;0;0.0;2.0;1.0;2.0;A01
9365;201400006439;0;7;0;13.0;0.0;1.0;1.0;A01
9366;201400006440;0;33;0;0.0;2.0;1.0;21.0;B02
9367;201400006440;0;7;0;0.0;2.0;3.0;15.0;A01
9368;201400006442;0;33;0;0.0;0.0;8.0;0.0;A01
9369;201400006444;0;7;0;0.0;0.0;9.0;14.0;A01
9370;201400006445;0;30;0;0.0;2.0;1.0;1.0;A01
9371;201400006445;0;7;0;0.0;2.0;4.0;23.0;B02
9372;201400006446;0;7;0;2.0;0.0;8.0;1.0;A01
9373;201400006447;0;7;0;0.0;0.0;1.0;1.0;A01
9374;201400006448;0;7;0;0.0;0.0;5.0;15.0;A01
9375;201400006448;0;2;0;0.0;2.0;1.0;0.0;B02
9376;201400006449;0;7;0;13.0;0.0;1.0;1.0;A01
9377;201400006450;0;33;0;6.0;0.0;1.0;1.0;A01
9378;201400006451;0;7;0;0.0;1.0;3.0;1.0;A01
9379;201400006452;0;7;0;0.0;2.0;3.0;15.0;B02
9380;201400006452;0;33;0;0.0;2.0;1.0;1.0;A01
9381;201400006453;0;30;0;0.0;2.0;4.0;23.0;A01
9382;201400006453;0;30;0;1.0;2.0;1.0;1.0;B02
9383;201400006453;0;30;0;0.0;2.0;1.0;1.0;C03
9384;201400006454;0;7;0;0.0;2.0;1.0;13.0;A01
9385;201400006454;0;15;0;0.0;2.0;3.0;1.0;B02
9386;201400006455;0;7;0;0.0;0.0;0.0;0.0;A01
9387;201400006457;0;7;0;0.0;6.0;0.0;14.0;A01
9388;201400006459;0;7;0;0.0;0.0;0.0;1.0;A01
9389;201400006460;0;7;0;0.0;1.0;3.0;1.0;A01
9390;201400006461;0;7;0;0.0;1.0;5.0;4.0;A01
9391;201400006462;0;1;0;0.0;2.0;2.0;19.0;A01
9392;201400006462;0;7;0;0.0;2.0;1.0;1.0;B02
9393;201400006463;0;7;0;0.0;2.0;3.0;1.0;A01
9394;201400006463;0;14;0;0.0;2.0;3.0;13.0;B02
9395;201400006465;0;7;0;8.0;0.0;7.0;0.0;A01
9396;201400006466;0;1;0;0.0;0.0;0.0;0.0;B02
9397;201400006467;0;7;0;0.0;0.0;1.0;1.0;B02
9398;201400006467;0;7;0;0.0;2.0;3.0;11.0;A01
9399;201400006468;0;7;0;0.0;1.0;7.0;1.0;A01
9400;201400006469;0;33;0;0.0;2.0;1.0;1.0;A01
9401;201400006469;0;1;0;0.0;2.0;4.0;1.0;B02
9402;201400006470;0;7;0;0.0;2.0;1.0;5.0;A01
9403;201400006470;0;7;0;0.0;2.0;1.0;1.0;B02
9404;201400006471;0;1;0;0.0;2.0;1.0;19.0;A01
9405;201400006471;0;10;0;0.0;2.0;3.0;1.0;B02
9406;201400006472;0;7;0;0.0;2.0;2.0;1.0;A01
9407;201400006472;0;7;0;0.0;2.0;3.0;1.0;B02
9408;201400006473;0;33;0;0.0;2.0;1.0;1.0;A01
9409;201400006473;0;7;0;0.0;2.0;3.0;1.0;B02
9410;201400006474;0;30;0;0.0;1.0;4.0;1.0;B02
9411;201400006474;0;30;0;0.0;2.0;1.0;21.0;A01
9412;201400006475;0;7;0;0.0;2.0;3.0;1.0;B02
9413;201400006475;0;7;0;0.0;2.0;1.0;1.0;A01
9414;201400006476;0;7;0;0.0;2.0;3.0;1.0;B02
9415;201400006476;0;7;0;0.0;2.0;1.0;19.0;A01
9416;201400006477;0;33;0;7.0;0.0;2.0;1.0;A01
9417;201400006478;0;7;0;0.0;1.0;2.0;1.0;A01
9418;201400006479;0;33;0;0.0;0.0;0.0;0.0;A01
9419;201400006480;0;33;0;3.0;0.0;7.0;15.0;A01
9420;201400006481;0;33;0;0.0;2.0;9.0;1.0;A01
9421;201400006481;0;7;0;0.0;2.0;1.0;1.0;B02
9422;201400006482;0;1;0;0.0;0.0;2.0;1.0;A01
9423;201400006483;0;14;0;0.0;1.0;2.0;2.0;A01
9424;201400006484;0;1;0;0.0;2.0;8.0;13.0;A01
9425;201400006484;0;15;0;0.0;2.0;7.0;17.0;B02
9426;201400006485;0;7;0;0.0;2.0;1.0;13.0;A01
9427;201400006485;0;7;0;0.0;2.0;3.0;1.0;B02
9428;201400006486;0;7;0;0.0;1.0;6.0;4.0;A01
9429;201400006487;0;7;0;0.0;2.0;3.0;9.0;A01
9430;201400006487;0;2;0;0.0;2.0;7.0;1.0;B02
9431;201400006488;0;7;0;2.0;0.0;2.0;1.0;A01
9432;201400006489;0;30;0;15.0;0.0;1.0;1.0;A01
9433;201400006490;0;10;0;8.0;2.0;2.0;17.0;A01
9434;201400006490;0;7;0;0.0;0.0;6.0;1.0;B02
9435;201400006491;0;10;0;2.0;0.0;1.0;1.0;A01
9436;201400006492;0;7;0;0.0;1.0;3.0;1.0;A01
9437;201400006493;0;7;0;0.0;2.0;3.0;13.0;A01
9438;201400006493;0;7;0;0.0;2.0;3.0;1.0;B02
9439;201400006494;0;7;0;2.0;0.0;1.0;1.0;A01
9440;201400006495;0;10;0;0.0;2.0;3.0;1.0;A01
9441;201400006495;0;7;0;0.0;2.0;2.0;1.0;B02
9442;201400006496;0;7;0;13.0;0.0;1.0;1.0;A01
9443;201400006497;0;7;0;0.0;1.0;1.0;1.0;A01
9444;201400006498;0;7;0;0.0;2.0;1.0;13.0;A01
9445;201400006498;0;10;0;0.0;2.0;3.0;1.0;B02
9446;201400006498;0;7;0;0.0;2.0;8.0;1.0;C03
9447;201400006499;0;15;0;0.0;2.0;1.0;21.0;B02
9448;201400006499;0;7;0;0.0;2.0;1.0;13.0;A01
9449;201400006500;0;7;0;0.0;1.0;8.0;20.0;A01
9450;201400006501;0;33;0;0.0;2.0;1.0;13.0;A01
9451;201400006501;0;7;0;0.0;2.0;3.0;1.0;B02
9452;201400006502;0;7;0;2.0;0.0;9.0;14.0;A01
9453;201400006503;0;7;0;0.0;2.0;5.0;15.0;A01
9454;201400006503;0;33;0;0.0;2.0;1.0;1.0;B02
9455;201400006504;0;33;0;0.0;0.0;0.0;1.0;A01
9456;201400006506;0;33;0;0.0;2.0;1.0;1.0;A01
9457;201400006506;0;7;0;0.0;2.0;1.0;1.0;B02
9458;201400006507;0;33;0;6.0;0.0;1.0;1.0;A01
9459;201400006508;0;7;0;0.0;2.0;0.0;1.0;A01
9460;201400006508;0;7;0;0.0;2.0;3.0;16.0;B02
9461;201400006509;0;7;0;4.0;0.0;3.0;1.0;A01
9462;201400006510;0;17;0;0.0;1.0;2.0;15.0;A01
9463;201400006511;0;30;0;0.0;2.0;7.0;1.0;A01
9464;201400006511;0;7;0;0.0;2.0;3.0;15.0;B02
9465;201400006512;0;3;0;2.0;0.0;1.0;19.0;A01
9466;201400006513;0;7;0;0.0;2.0;3.0;13.0;A01
9467;201400006513;0;7;0;0.0;2.0;3.0;21.0;B02