;Num_Acc;senc;catv;occutc;obs;obsm;choc;manv;num_veh
9468;201400006514;0;1;0;0.0;2.0;1.0;1.0;A01
9469;201400006514;0;7;0;0.0;2.0;6.0;15.0;B02
9470;201400006515;0;10;0;0.0;1.0;3.0;1.0;A01
9471;201400006516;0;7;0;0.0;2.0;6.0;19.0;A01
9472;201400006516;0;2;0;0.0;2.0;1.0;1.0;B02
9473;201400006517;0;7;0;0.0;1.0;3.0;1.0;A01
9474;201400006518;0;31;0;0.0;0.0;7.0;1.0;A01
9475;201400006519;0;33;0;0.0;2.0;1.0;13.0;A01
9476;201400006519;0;7;0;0.0;2.0;3.0;1.0;B02
9477;201400006520;0;7;0;2.0;0.0;1.0;1.0;A01
9478;201400006521;0;7;0;0.0;1.0;7.0;1.0;A01
9479;201400006522;0;30;0;9.0;0.0;1.0;1.0;A01
9480;201400006523;0;7;0;8.0;0.0;6.0;1.0;A01
9481;201400006524;0;33;0;0.0;2.0;8.0;1.0;A01
9482;201400006524;0;7;0;0.0;2.0;8.0;1.0;B02
9483;201400006525;0;7;0;2.0;0.0;1.0;14.0;A01
9484;201400006526;0;7;0;16.0;0.0;0.0;1.0;A01
9485;201400006527;0;7;0;2.0;0.0;1.0;14.0;A01
9486;201400006528;0;33;0;0.0;0.0;0.0;1.0;A01
9487;201400006529;0;7;0;2.0;0.0;3.0;14.0;A01
9488;201400006530;0;33;0;0.0;0.0;1.0;1.0;A01
9489;201400006531;0;7;0;2.0;0.0;1.0;14.0;A01
9490;201400006532;0;33;0;13.0;0.0;2.0;1.0;A01
9491;201400006533;0;30;0;0.0;0.0;0.0;1.0;A01
9492;201400006534;0;7;0;13.0;0.0;3.0;21.0;A01
9493;201400006535;0;7;0;2.0;0.0;3.0;1.0;A01
9494;201400006536;0;7;0;7.0;0.0;1.0;14.0;A01
9495;201400006537;0;7;0;6.0;0.0;1.0;13.0;A01
9496;201400006538;0;7;0;0.0;1.0;3.0;21.0;A01
9497;201400006539;0;31;0;14.0;0.0;1.0;13.0;A01
9498;201400006540;0;7;0;0.0;2.0;1.0;13.0;A01
9499;201400006540;0;37;1;0.0;2.0;1.0;1.0;B02
9500;201400006541;0;7;0;0.0;2.0;1.0;13.0;A01
9501;201400006541;0;14;0;0.0;2.0;1.0;1.0;B02
9502;201400006542;0;7;0;2.0;0.0;1.0;16.0;A01
9503;201400006543;0;2;0;0.0;2.0;3.0;9.0;A01
9504;201400006543;0;7;0;0.0;2.0;1.0;1.0;B02
9505;201400006544;0;7;0;0.0;2.0;3.0;13.0;A01
9506;201400006544;0;14;0;0.0;2.0;3.0;1.0;B02
9507;201400006545;0;7;0;2.0;0.0;1.0;14.0;A01
9508;201400006546;0;7;0;0.0;2.0;1.0;13.0;A01
9509;201400006546;0;7;0;0.0;2.0;1.0;1.0;B02
9510;201400006547;0;7;0;0.0;2.0;2.0;2.0;A01
9511;201400006547;0;1;0;0.0;2.0;3.0;19.0;B02
9512;201400006548;0;7;0;0.0;2.0;3.0;19.0;B02
9513;201400006548;0;30;0;0.0;2.0;1.0;1.0;A01
9514;201400006549;0;2;0;0.0;2.0;1.0;1.0;A01
9515;201400006549;1;7;0;0.0;2.0;7.0;15.0;A02
9516;201400006550;0;14;0;0.0;2.0;2.0;1.0;B02
9517;201400006550;0;7;0;0.0;2.0;8.0;15.0;A01
9518;201400006551;0;7;0;0.0;2.0;2.0;1.0;A01
9519;201400006551;0;2;0;0.0;2.0;8.0;1.0;B02
9520;201400006552;0;7;0;0.0;1.0;7.0;1.0;A01
9521;201400006555;0;1;0;0.0;0.0;7.0;1.0;B02
9522;201400006555;0;7;0;0.0;2.0;3.0;9.0;A01
9523;201400006556;0;7;0;0.0;2.0;7.0;6.0;A01
9524;201400006556;0;2;0;0.0;2.0;1.0;1.0;B02
9525;201400006557;0;2;0;0.0;2.0;3.0;1.0;B02
9526;201400006557;0;7;0;0.0;2.0;3.0;13.0;A01
9527;201400006559;0;7;0;0.0;2.0;2.0;15.0;B02
9528;201400006559;0;30;0;0.0;2.0;1.0;1.0;A01
9529;201400006560;0;7;0;7.0;0.0;1.0;1.0;A01
9530;201400006561;0;7;0;0.0;1.0;2.0;1.0;A01
9531;201400006562;0;10;0;0.0;2.0;2.0;15.0;A01
9532;201400006562;0;34;0;0.0;2.0;8.0;1.0;B02
9533;201400006563;0;7;0;0.0;1.0;3.0;1.0;A01
9534;201400006564;0;1;0;0.0;2.0;1.0;1.0;A01
9535;201400006564;0;7;0;0.0;2.0;3.0;1.0;B01
9536;201400006565;0;7;0;0.0;2.0;3.0;1.0;A01
9537;201400006565;0;7;0;0.0;2.0;3.0;1.0;B02
9538;201400006566;0;7;0;0.0;2.0;3.0;1.0;A01
9539;201400006566;0;7;0;0.0;2.0;6.0;1.0;B02
9540;201400006567;0;7;0;0.0;2.0;3.0;1.0;A01
9541;201400006567;0;7;0;0.0;2.0;3.0;1.0;B02
9542;201400006568;0;10;0;0.0;2.0;2.0;2.0;A01
9543;201400006568;0;33;0;0.0;0.0;4.0;15.0;B02
9544;201400006569;0;7;0;0.0;2.0;8.0;15.0;A01
9545;201400006569;0;7;0;0.0;2.0;1.0;1.0;B02
9546;201400006570;0;7;0;0.0;2.0;2.0;1.0;A01
9547;201400006570;0;1;0;0.0;0.0;4.0;1.0;B02
9548;201400006572;0;33;0;13.0;0.0;1.0;0.0;A01
9549;201400006573;0;33;0;13.0;0.0;1.0;13.0;A01
9550;201400006574;0;7;0;0.0;2.0;1.0;15.0;B02
9551;201400006574;0;33;0;0.0;0.0;8.0;1.0;A01
9552;201400006575;0;1;0;0.0;2.0;1.0;19.0;A01
9553;201400006575;0;7;0;0.0;2.0;7.0;1.0;B02
9554;201400006576;0;7;0;1.0;1.0;2.0;14.0;A01
9555;201400006577;0;30;0;2.0;0.0;1.0;0.0;A01
9556;201400006580;0;7;0;0.0;2.0;1.0;1.0;B02
9557;201400006580;0;7;0;0.0;2.0;8.0;15.0;A01
9558;201400006581;0;7;0;13.0;0.0;2.0;13.0;A01
9559;201400006582;0;7;0;0.0;1.0;2.0;1.0;A01
9560;201400006583;0;33;0;6.0;2.0;3.0;13.0;A01
9561;201400006583;0;7;0;0.0;2.0;6.0;1.0;B02
9562;201400006585;0;20;0;2.0;0.0;9.0;13.0;A01
9563;201400006586;0;7;0;3.0;0.0;9.0;1.0;A01
9564;201400006587;0;7;0;0.0;1.0;5.0;1.0;A01
9565;201400006588;0;7;0;0.0;2.0;5.0;20.0;A01
9566;201400006588;0;33;0;0.0;2.0;1.0;1.0;B02
9567;201400006589;0;7;0;0.0;2.0;3.0;2.0;A01
9568;201400006589;0;33;0;0.0;0.0;5.0;2.0;B02
9569;201400006590;0;7;0;0.0;1.0;3.0;1.0;A01
9570;201400006591;0;7;0;4.0;2.0;2.0;13.0;A01
9571;201400006591;0;17;0;0.0;2.0;9.0;1.0;B02
9572;201400006592;0;7;0;0.0;2.0;2.0;9.0;B02
9573;201400006592;0;1;0;0.0;2.0;1.0;1.0;A01
9574;201400006593;0;7;0;0.0;1.0;1.0;1.0;A01
9575;201400006594;0;33;0;0.0;2.0;1.0;13.0;A01
9576;201400006594;0;7;0;0.0;2.0;1.0;1.0;B02
9577;201400006595;0;33;0;14.0;0.0;1.0;1.0;A01
9578;201400006596;0;7;0;0.0;2.0;3.0;1.0;A01
9579;201400006596;0;1;0;0.0;2.0;1.0;13.0;B02
9580;201400006597;0;7;0;0.0;4.0;1.0;5.0;A01
9581;201400006597;0;39;3;0.0;2.0;1.0;1.0;B02
9582;201400006598;0;33;0;2.0;0.0;1.0;1.0;A01
9583;201400006599;0;10;0;0.0;2.0;1.0;1.0;A01
9584;201400006599;0;1;0;0.0;2.0;4.0;1.0;B02
9585;201400006600;0;7;0;2.0;0.0;5.0;1.0;A01
9586;201400006601;0;31;0;0.0;2.0;1.0;15.0;A01
9587;201400006601;0;7;0;0.0;2.0;7.0;1.0;B02
9588;201400006603;0;10;0;0.0;2.0;3.0;15.0;A01
9589;201400006603;0;31;0;0.0;2.0;1.0;1.0;B02
9590;201400006604;0;21;0;0.0;2.0;7.0;17.0;A01
9591;201400006604;0;1;0;0.0;2.0;1.0;2.0;B02
9592;201400006605;0;17;0;0.0;2.0;3.0;1.0;B02
9593;201400006605;0;7;0;0.0;2.0;3.0;13.0;A01
9594;201400006606;0;1;0;0.0;2.0;7.0;1.0;B02
9595;201400006606;0;1;0;0.0;2.0;2.0;0.0;C03
9596;201400006606;0;7;0;0.0;2.0;3.0;16.0;A01
9597;201400006607;0;7;0;0.0;2.0;3.0;13.0;B01
9598;201400006607;0;7;0;0.0;2.0;6.0;21.0;C02
9599;201400006607;0;7;0;0.0;2.0;3.0;1.0;A03
9600;201400006609;0;7;0;0.0;2.0;1.0;1.0;B02
9601;201400006609;0;7;0;0.0;2.0;1.0;15.0;A01
9602;201400006610;0;7;0;1.0;0.0;1.0;1.0;A01
9603;201400006611;0;7;0;0.0;2.0;2.0;13.0;A01
9604;201400006611;0;7;0;0.0;2.0;3.0;1.0;B02
9605;201400006612;0;21;0;0.0;2.0;6.0;15.0;B02
9606;201400006612;0;2;0;0.0;2.0;1.0;17.0;A01
9607;201400006613;0;7;0;2.0;0.0;1.0;1.0;A01
9608;201400006614;0;7;0;2.0;0.0;1.0;13.0;A01
9609;201400006616;0;7;0;0.0;2.0;1.0;17.0;A01
9610;201400006616;0;7;0;0.0;2.0;1.0;1.0;B02
9611;201400006616;0;15;0;0.0;2.0;8.0;1.0;C03
9612;201400006617;0;7;0;0.0;2.0;1.0;13.0;A01
9613;201400006617;0;7;0;0.0;9.0;6.0;1.0;C03
9614;201400006617;0;17;0;0.0;2.0;3.0;1.0;B02
9615;201400006618;0;7;0;0.0;2.0;4.0;16.0;B02
9616;201400006618;0;33;0;0.0;2.0;1.0;2.0;A01
9617;201400006619;0;15;0;0.0;0.0;0.0;17.0;A01
9618;201400006619;0;1;0;12.0;0.0;1.0;1.0;B02
9619;201400006620;0;7;0;1.0;0.0;1.0;14.0;D04
9620;201400006620;0;7;0;0.0;2.0;4.0;24.0;C03
9621;201400006620;0;10;0;0.0;2.0;3.0;13.0;A01
9622;201400006620;0;7;0;1.0;0.0;1.0;1.0;E05
9623;201400006620;0;15;0;0.0;2.0;4.0;24.0;F06
9624;201400006620;0;7;0;0.0;2.0;3.0;1.0;B02
9625;201400006621;0;7;0;0.0;1.0;1.0;1.0;A01
9626;201400006622;0;15;0;0.0;2.0;3.0;1.0;B02
9627;201400006622;0;7;0;0.0;2.0;3.0;13.0;A01
9628;201400006623;0;7;0;0.0;2.0;3.0;1.0;B02
9629;201400006623;0;7;0;0.0;2.0;2.0;1.0;A01
9630;201400006624;0;7;0;0.0;1.0;5.0;20.0;A01
9631;201400006625;0;7;0;0.0;2.0;7.0;1.0;A01
9632;201400006625;0;14;0;0.0;2.0;1.0;0.0;B02
9633;201400006626;0;7;0;0.0;2.0;1.0;1.0;A01
9634;201400006626;0;16;0;0.0;2.0;7.0;19.0;B02
9635;201400006627;0;33;0;0.0;2.0;1.0;1.0;B02
9636;201400006627;0;7;0;0.0;2.0;6.0;15.0;A01
9637;201400006628;0;2;0;0.0;2.0;1.0;1.0;A01
9638;201400006628;0;7;0;0.0;2.0;4.0;15.0;B02
9639;201400006629;0;7;0;0.0;2.0;1.0;1.0;B02
9640;201400006629;0;7;0;0.0;2.0;1.0;0.0;A01
9641;201400006630;0;7;0;0.0;2.0;8.0;21.0;B02
9642;201400006630;0;7;0;0.0;2.0;1.0;21.0;C03
9643;201400006630;0;17;0;0.0;2.0;1.0;13.0;A01
9644;201400006630;0;7;0;0.0;2.0;0.0;21.0;D04
9645;201400006631;0;31;0;0.0;0.0;8.0;21.0;A01
9646;201400006633;0;33;0;0.0;2.0;1.0;1.0;B02
9647;201400006633;0;7;0;0.0;2.0;5.0;15.0;A01
9648;201400006634;0;7;0;2.0;0.0;1.0;1.0;A01
9649;201400006635;0;33;0;0.0;0.0;9.0;1.0;A01
9650;201400006636;0;10;0;0.0;2.0;5.0;15.0;B02
9651;201400006636;0;33;0;0.0;2.0;1.0;1.0;A01
9652;201400006637;0;33;0;0.0;2.0;1.0;1.0;A01
9653;201400006637;0;7;0;0.0;2.0;3.0;19.0;B02
9654;201400006638;0;7;0;0.0;2.0;1.0;2.0;A01
9655;201400006638;0;7;0;6.0;2.0;4.0;2.0;B02
9656;201400006639;0;10;0;1.0;0.0;1.0;1.0;A01
9657;201400006639;0;10;0;0.0;0.0;4.0;24.0;B02
9658;201400006640;0;7;0;3.0;0.0;1.0;1.0;A01
9659;201400006641;0;2;0;0.0;2.0;1.0;1.0;A01
9660;201400006641;0;7;0;0.0;2.0;3.0;17.0;B02
9661;201400006642;0;7;0;0.0;2.0;1.0;1.0;B02
9662;201400006642;0;7;0;0.0;2.0;1.0;15.0;A01
9663;201400006643;0;7;0;0.0;1.0;7.0;1.0;A01
9664;201400006644;0;7;0;0.0;2.0;2.0;1.0;B02
9665;201400006644;0;15;0;0.0;2.0;3.0;1.0;A01
9666;201400006645;0;7;0;2.0;0.0;1.0;10.0;A01
9667;201400006646;0;7;0;0.0;0.0;8.0;1.0;B02
9668;201400006646;0;7;0;0.0;2.0;3.0;16.0;A01
9669;201400006649;0;7;0;2.0;0.0;1.0;1.0;A01
9670;201400006650;0;14;0;0.0;2.0;2.0;1.0;B02
9671;201400006650;0;7;0;0.0;2.0;6.0;1.0;A01
9672;201400006651;0;7;0;0.0;2.0;1.0;19.0;A01
9673;201400006651;0;7;0;0.0;2.0;3.0;1.0;B02
9674;201400006652;0;7;0;0.0;0.0;2.0;1.0;A01
9675;201400006653;0;10;0;0.0;2.0;3.0;1.0;B02
9676;201400006653;0;7;0;0.0;2.0;3.0;13.0;A01
9677;201400006654;0;7;0;13.0;0.0;1.0;14.0;A01
9678;201400006655;0;7;0;2.0;0.0;3.0;1.0;A01
9679;201400006656;0;7;0;0.0;2.0;1.0;15.0;B02
9680;201400006656;0;7;0;0.0;2.0;1.0;1.0;A01
9681;201400006656;0;15;0;0.0;2.0;2.0;1.0;C03
9682;201400006657;0;7;0;2.0;0.0;8.0;13.0;A01
9683;201400006658;0;7;0;0.0;0.0;4.0;0.0;A01
9684;201400006658;0;7;0;0.0;2.0;1.0;1.0;B02
9685;201400006659;0;7;0;2.0;0.0;1.0;1.0;A01
9686;201400006660;0;2;0;0.0;0.0;0.0;1.0;A01
9687;201400006661;0;14;0;0.0;2.0;3.0;1.0;A01
9688;201400006661;0;7;0;0.0;2.0;7.0;19.0;B02
9689;201400006662;0;7;0;0.0;1.0;2.0;15.0;A01
9690;201400006663;0;7;0;2.0;0.0;3.0;1.0;A01
9691;201400006664;0;3;0;0.0;0.0;4.0;1.0;A01
9692;201400006664;0;7;0;0.0;2.0;2.0;1.0;B02
9693;201400006665;0;7;0;6.0;0.0;2.0;1.0;A01
9694;201400006666;0;7;0;2.0;2.0;1.0;13.0;A01
9695;201400006666;0;7;0;0.0;2.0;1.0;1.0;B02
9696;201400006667;0;7;0;0.0;2.0;3.0;1.0;A01
9697;201400006667;0;31;0;0.0;2.0;1.0;1.0;B02
9698;201400006668;0;7;0;0.0;2.0;1.0;1.0;A01
9699;201400006668;0;1;0;0.0;2.0;3.0;19.0;B02
9700;201400006669;0;10;0;0.0;2.0;8.0;17.0;B02
9701;201400006669;0;7;0;0.0;2.0;3.0;9.0;A01
9702;201400006671;0;17;0;0.0;2.0;6.0;23.0;B02
9703;201400006671;0;17;0;1.0;0.0;2.0;1.0;A01
9704;201400006672;0;7;0;0.0;2.0;8.0;19.0;A01
9705;201400006672;0;7;0;0.0;2.0;1.0;1.0;B02
9706;201400006673;0;14;0;13.0;0.0;3.0;1.0;A01
9707;201400006674;0;10;0;0.0;2.0;1.0;1.0;A01
9708;201400006674;0;7;0;0.0;2.0;1.0;13.0;B02
9709;201400006675;0;33;0;7.0;0.0;1.0;14.0;A01
9710;201400006676;0;7;0;0.0;2.0;1.0;1.0;B02
9711;201400006676;0;7;0;0.0;2.0;1.0;1.0;A01
9712;201400006677;0;7;0;0.0;1.0;1.0;16.0;A01
9713;201400006678;0;33;0;13.0;0.0;8.0;14.0;A01
9714;201400006679;0;7;0;0.0;2.0;3.0;21.0;B02
9715;201400006679;0;7;0;0.0;2.0;3.0;21.0;C03
9716;201400006679;0;7;0;3.0;2.0;2.0;5.0;A01
9717;201400006680;0;31;0;13.0;0.0;2.0;1.0;A01
9718;201400006681;0;7;0;13.0;1.0;2.0;0.0;A01
9719;201400006682;0;7;0;0.0;1.0;1.0;1.0;A01
9720;201400006682;0;14;0;0.0;1.0;6.0;21.0;B02
9721;201400006683;0;33;0;0.0;2.0;1.0;1.0;B02
9722;201400006683;0;7;0;16.0;2.0;5.0;19.0;A01
9723;201400006684;0;7;0;0.0;2.0;3.0;1.0;B02
9724;201400006684;0;7;0;0.0;2.0;3.0;13.0;A01
9725;201400006685;0;7;0;0.0;2.0;1.0;17.0;A01
9726;201400006685;0;7;0;0.0;2.0;1.0;1.0;B02
9727;201400006685;0;7;0;0.0;2.0;8.0;1.0;C03
9728;201400006686;0;7;0;0.0;2.0;1.0;13.0;A01
9729;201400006686;0;7;0;0.0;2.0;1.0;1.0;B02
9730;201400006687;0;10;0;0.0;2.0;2.0;1.0;B02
9731;201400006687;0;30;0;0.0;2.0;1.0;15.0;A01
9732;201400006688;0;7;0;13.0;0.0;1.0;1.0;A01
9733;201400006689;0;7;0;0.0;2.0;3.0;1.0;B02
9734;201400006689;0;7;0;0.0;2.0;3.0;1.0;A01
9735;201400006690;0;7;0;0.0;0.0;0.0;0.0;A01
9736;201400006691;0;7;0;0.0;2.0;2.0;2.0;A01
9737;201400006691;0;1;0;0.0;2.0;4.0;2.0;B02
9738;201400006692;0;10;0;2.0;0.0;1.0;1.0;A01
9739;201400006693;0;33;0;7.0;0.0;1.0;0.0;A01
9740;201400006694;0;7;0;0.0;2.0;1.0;1.0;A01
9741;201400006694;0;7;0;0.0;2.0;2.0;19.0;B02
9742;201400006695;0;7;0;0.0;2.0;2.0;15.0;B02
9743;201400006695;0;7;0;0.0;2.0;3.0;1.0;A01
9744;201400006696;0;33;0;0.0;0.0;1.0;1.0;A01
9745;201400006697;0;33;0;0.0;2.0;1.0;17.0;B02
9746;201400006697;0;14;0;0.0;0.0;6.0;15.0;A01
9747;201400006698;0;31;0;0.0;2.0;1.0;17.0;A01
9748;201400006698;0;10;0;0.0;2.0;8.0;15.0;B02
9749;201400006699;0;7;0;0.0;2.0;1.0;1.0;B02
9750;201400006699;0;7;0;0.0;2.0;8.0;19.0;A01
9751;201400006700;0;7;0;0.0;0.0;0.0;0.0;A01
9752;201400006701;0;7;0;2.0;0.0;2.0;1.0;A01
9753;201400006702;0;7;0;13.0;0.0;2.0;0.0;A01
9754;201400006703;0;36;0;0.0;0.0;0.0;2.0;A01
9755;201400006704;0;10;0;0.0;0.0;3.0;13.0;B02
9756;201400006704;0;15;0;0.0;2.0;3.0;1.0;A01
9757;201400006705;0;7;0;0.0;2.0;1.0;1.0;B02
9758;201400006705;0;7;0;0.0;2.0;1.0;19.0;A01
9759;201400006706;0;7;0;0.0;1.0;1.0;1.0;A01
9760;201400006707;0;7;0;12.0;0.0;2.0;1.0;A01
9761;201400006708;0;7;0;0.0;1.0;2.0;16.0;A01
9762;201400006709;0;7;0;0.0;2.0;1.0;1.0;B02
9763;201400006709;0;7;0;0.0;2.0;8.0;19.0;A01
9764;201400006710;0;7;0;0.0;0.0;9.0;1.0;A01
9765;201400006711;0;33;0;0.0;0.0;0.0;1.0;A01
9766;201400006714;0;7;0;0.0;0.0;0.0;14.0;A01
9767;201400006715;0;17;0;0.0;4.0;7.0;1.0;A01
9768;201400006715;0;39;0;0.0;2.0;1.0;1.0;B02
9769;201400006716;0;10;0;0.0;2.0;1.0;1.0;B02
9770;201400006716;0;7;0;0.0;2.0;2.0;13.0;A01
9771;201400006717;0;7;0;0.0;2.0;3.0;1.0;B02
9772;201400006717;0;7;0;0.0;2.0;2.0;13.0;A01
9773;201400006718;0;7;0;13.0;0.0;3.0;0.0;A01
9774;201400006720;0;7;0;0.0;0.0;0.0;19.0;A01
9775;201400006721;0;7;0;0.0;2.0;1.0;15.0;A02
9776;201400006721;0;7;0;0.0;2.0;2.0;1.0;B01
9777;201400006722;0;7;0;0.0;2.0;3.0;1.0;B02
9778;201400006722;0;7;0;0.0;2.0;1.0;13.0;A01
9779;201400006723;0;7;0;13.0;0.0;1.0;1.0;A01
9780;201400006724;0;7;0;2.0;0.0;9.0;14.0;A01
9781;201400006725;0;7;0;0.0;0.0;1.0;0.0;B02
9782;201400006725;0;7;0;0.0;1.0;1.0;1.0;A01
9783;201400006726;0;33;0;13.0;0.0;1.0;21.0;A01
9784;201400006728;0;15;0;0.0;1.0;7.0;16.0;A01
9785;201400006729;0;7;0;0.0;2.0;1.0;2.0;C03
9786;201400006729;0;7;0;0.0;1.0;1.0;1.0;A01
9787;201400006729;0;7;0;0.0;2.0;2.0;2.0;B02
9788;201400006730;0;7;0;0.0;2.0;3.0;21.0;C03
9789;201400006730;0;7;0;0.0;0.0;0.0;11.0;A01
9790;201400006730;0;14;0;0.0;2.0;3.0;1.0;B02
9791;201400006731;0;7;0;6.0;0.0;1.0;1.0;A01
9792;201400006732;0;7;0;0.0;2.0;1.0;18.0;A01
9793;201400006732;0;7;0;0.0;2.0;1.0;1.0;B02
9794;201400006733;0;7;0;0.0;2.0;3.0;15.0;A01
9795;201400006733;0;30;0;0.0;2.0;1.0;1.0;B02
9796;201400006734;0;33;0;0.0;2.0;1.0;1.0;A01
9797;201400006734;0;7;0;0.0;0.0;6.0;20.0;B02
9798;201400006735;0;7;0;2.0;0.0;2.0;14.0;A01
9799;201400006736;0;7;0;0.0;0.0;1.0;13.0;A01
9800;201400006737;0;7;0;16.0;0.0;1.0;1.0;A01
9801;201400006739;0;7;0;16.0;0.0;9.0;1.0;A01
9802;201400006742;0;36;0;1.0;0.0;1.0;10.0;A01
9803;201400006743;0;7;0;13.0;0.0;3.0;1.0;A01
9804;201400006744;0;7;0;0.0;2.0;1.0;2.0;A01
9805;201400006744;0;7;0;0.0;2.0;4.0;1.0;B02
9806;201400006746;0;7;0;0.0;2.0;7.0;1.0;A01
9807;201400006746;0;7;0;0.0;2.0;3.0;23.0;B02
9808;201400006746;0;7;0;0.0;2.0;1.0;1.0;C03
9809;201400006747;0;7;0;0.0;2.0;1.0;1.0;B02
9810;201400006747;0;36;0;0.0;2.0;8.0;9.0;A01
9811;201400006748;0;7;0;0.0;2.0;8.0;6.0;A01
9812;201400006748;0;7;0;0.0;2.0;1.0;1.0;B02
9813;201400006749;0;7;0;0.0;0.0;4.0;23.0;A01
9814;201400006749;0;7;0;1.0;0.0;1.0;11.0;B02
9815;201400006751;0;7;0;0.0;0.0;6.0;19.0;A01
9816;201400006751;0;7;0;0.0;2.0;1.0;1.0;B02
9817;201400006752;0;7;0;0.0;0.0;6.0;23.0;A01
9818;201400006752;0;10;0;1.0;0.0;2.0;1.0;B02
9819;201400006753;0;33;0;0.0;2.0;1.0;1.0;B02
9820;201400006753;0;7;0;0.0;2.0;8.0;15.0;A01
9821;201400006754;0;7;0;13.0;0.0;2.0;1.0;A01
9822;201400006755;0;7;0;0.0;2.0;1.0;1.0;A01
9823;201400006755;0;7;0;0.0;2.0;4.0;23.0;B02
9824;201400006756;0;7;0;8.0;0.0;2.0;1.0;A01
9825;201400006757;0;7;0;8.0;0.0;1.0;1.0;A01
9826;201400006758;0;7;0;1.0;0.0;2.0;16.0;A01
9827;201400006759;0;7;0;13.0;0.0;9.0;1.0;A01
9828;201400006760;0;7;0;0.0;2.0;3.0;0.0;A01
9829;201400006760;0;7;0;0.0;2.0;1.0;0.0;B02
9830;201400006761;0;2;0;3.0;0.0;8.0;0.0;A01
9831;201400006763;0;10;0;0.0;2.0;3.0;1.0;A01
9832;201400006763;0;7;0;0.0;2.0;3.0;1.0;B02
9833;201400006764;0;7;0;12.0;2.0;7.0;1.0;B02
9834;201400006764;0;7;0;12.0;2.0;8.0;19.0;A01
9835;201400006765;0;33;0;0.0;2.0;1.0;13.0;A01
9836;201400006765;0;7;0;0.0;2.0;3.0;1.0;B02
9837;201400006766;0;7;0;13.0;0.0;0.0;1.0;A01
9838;201400006767;0;7;0;0.0;0.0;7.0;1.0;B02
9839;201400006767;0;7;0;0.0;2.0;1.0;19.0;A01
9840;201400006768;0;7;0;0.0;2.0;2.0;19.0;A01
9841;201400006768;0;7;0;0.0;2.0;1.0;1.0;B02
9842;201400006769;0;7;0;0.0;0.0;0.0;0.0;A01
9843;201400006770;0;7;0;0.0;2.0;3.0;13.0;A01
9844;201400006770;0;7;0;0.0;2.0;0.0;1.0;B02
9845;201400006771;0;14;0;0.0;0.0;8.0;0.0;A01
9846;201400006772;0;7;0;0.0;2.0;3.0;1.0;B02
9847;201400006772;0;7;0;0.0;2.0;3.0;13.0;A01
9848;201400006773;0;7;0;15.0;0.0;1.0;1.0;A01
9849;201400006774;0;7;0;0.0;1.0;0.0;15.0;A01
9850;201400006775;0;33;0;0.0;0.0;0.0;1.0;A01
9851;201400006776;0;33;0;9.0;0.0;1.0;1.0;A01
9852;201400006777;0;7;0;0.0;1.0;6.0;15.0;A01
9853;201400006779;0;7;0;0.0;2.0;3.0;13.0;A01
9854;201400006779;0;15;0;0.0;2.0;2.0;1.0;B02
9855;201400006781;0;7;0;13.0;0.0;9.0;1.0;A01
9856;201400006782;0;7;0;2.0;0.0;1.0;1.0;A01
9857;201400006783;0;33;0;0.0;2.0;2.0;17.0;A01
9858;201400006783;0;7;0;0.0;0.0;3.0;15.0;B02
9859;201400006784;0;7;0;2.0;0.0;1.0;0.0;A01
9860;201400006785;0;10;0;0.0;9.0;1.0;1.0;A01
9861;201400006785;0;1;0;0.0;2.0;8.0;1.0;B02
9862;201400006786;0;7;0;8.0;0.0;1.0;1.0;A01
9863;201400006787;0;2;0;0.0;0.0;0.0;1.0;A01
9864;201400006788;0;7;0;0.0;1.0;2.0;1.0;A01
9865;201400006789;0;7;0;0.0;1.0;3.0;0.0;A01
9866;201400006790;0;10;0;15.0;0.0;1.0;1.0;A01
9867;201400006791;0;7;0;2.0;0.0;1.0;1.0;A01
9868;201400006792;0;7;0;5.0;0.0;1.0;1.0;A01
9869;201400006793;0;7;0;8.0;0.0;1.0;21.0;A01
9870;201400006794;0;7;0;0.0;0.0;0.0;1.0;A01
9871;201400006795;0;7;0;0.0;2.0;1.0;5.0;A01
9872;201400006795;0;7;0;0.0;2.0;1.0;1.0;B02
9873;201400006796;0;7;0;0.0;0.0;2.0;1.0;A01
9874;201400006797;0;30;0;12.0;0.0;1.0;1.0;A01
9875;201400006798;0;3;0;0.0;2.0;5.0;1.0;A01
9876;201400006798;1;7;0;0.0;2.0;2.0;15.0;B02
9877;201400006799;0;7;0;6.0;0.0;3.0;1.0;A01
9878;201400006800;0;7;0;16.0;0.0;1.0;1.0;A01
9879;201400006801;0;7;0;2.0;0.0;3.0;14.0;A01
9880;201400006802;0;7;0;0.0;0.0;9.0;21.0;A01
9881;201400006803;0;7;0;2.0;0.0;1.0;14.0;A01
9882;201400006804;0;7;0;0.0;2.0;2.0;15.0;A01
9883;201400006804;0;7;0;0.0;2.0;1.0;1.0;B02
9884;201400006804;0;7;0;0.0;2.0;2.0;15.0;C03
9885;201400006805;0;7;0;0.0;0.0;1.0;1.0;A01
9886;201400006806;0;30;0;0.0;2.0;8.0;17.0;A01
9887;201400006806;0;17;0;0.0;0.0;8.0;1.0;B02
9888;201400006807;0;7;0;0.0;2.0;1.0;5.0;A01
9889;201400006807;0;7;0;0.0;2.0;1.0;1.0;B02
9890;201400006809;0;7;0;0.0;2.0;3.0;1.0;B02
9891;201400006809;0;32;0;0.0;2.0;1.0;5.0;A01
9892;201400006810;0;7;0;0.0;0.0;7.0;19.0;B02
9893;201400006810;0;7;0;0.0;2.0;1.0;1.0;A01
9894;201400006811;0;7;0;0.0;1.0;2.0;1.0;A01
9895;201400006812;0;7;0;0.0;2.0;7.0;19.0;B02
9896;201400006812;0;7;0;0.0;2.0;1.0;1.0;A01