;Num_Acc;senc;catv;occutc;obs;obsm;choc;manv;num_veh
10738;201400007401;0;7;0;0.0;2.0;1.0;1.0;B02
10739;201400007402;0;7;0;2.0;0.0;1.0;14.0;A01
10740;201400007404;0;7;0;0.0;2.0;1.0;16.0;A01
10741;201400007404;0;1;0;0.0;2.0;9.0;15.0;B02
10742;201400007405;0;33;0;0.0;0.0;1.0;1.0;A01
10743;201400007406;0;7;0;0.0;2.0;3.0;1.0;A01
10744;201400007406;0;7;0;0.0;2.0;3.0;13.0;B02
10745;201400007407;0;7;0;0.0;1.0;1.0;1.0;A01
10746;201400007408;0;7;0;0.0;1.0;1.0;1.0;A01
10747;201400007409;0;30;0;0.0;0.0;1.0;0.0;A01
10748;201400007409;0;10;0;0.0;0.0;0.0;0.0;B02
10749;201400007410;0;7;0;0.0;2.0;1.0;1.0;B02
10750;201400007410;0;7;0;0.0;2.0;1.0;13.0;A01
10751;201400007411;0;7;0;15.0;0.0;2.0;1.0;A01
10752;201400007412;0;7;0;0.0;2.0;1.0;1.0;B02
10753;201400007412;0;7;0;0.0;2.0;7.0;1.0;A01
10754;201400007414;0;7;0;0.0;2.0;1.0;5.0;A01
10755;201400007414;0;7;0;0.0;2.0;1.0;1.0;B02
10756;201400007415;0;33;0;0.0;2.0;1.0;1.0;A01
10757;201400007415;0;7;0;0.0;2.0;3.0;19.0;B02
10758;201400007416;0;1;0;16.0;0.0;2.0;1.0;A01
10759;201400007417;0;7;0;2.0;0.0;5.0;1.0;A01
10760;201400007418;0;7;0;0.0;2.0;2.0;15.0;A01
10761;201400007418;0;31;0;0.0;2.0;1.0;1.0;B02
10762;201400007419;0;7;0;16.0;0.0;9.0;1.0;A01
10763;201400007420;0;34;0;0.0;0.0;0.0;0.0;A01
10764;201400007422;0;7;0;0.0;2.0;1.0;1.0;C03
10765;201400007422;0;7;0;0.0;2.0;3.0;13.0;A01
10766;201400007422;0;15;0;0.0;2.0;6.0;1.0;B02
10767;201400007423;0;14;0;13.0;0.0;7.0;1.0;A01
10768;201400007424;0;7;0;13.0;0.0;1.0;2.0;A01
10769;201400007425;0;10;0;0.0;2.0;2.0;1.0;B02
10770;201400007425;0;10;0;0.0;2.0;3.0;13.0;A01
10771;201400007426;0;1;0;0.0;0.0;0.0;0.0;B02
10772;201400007426;0;7;0;0.0;9.0;2.0;0.0;A01
10773;201400007428;0;33;0;0.0;2.0;1.0;19.0;A01
10774;201400007428;0;7;0;0.0;2.0;3.0;1.0;B02
10775;201400007429;0;10;0;2.0;0.0;3.0;1.0;A01
10776;201400007430;0;33;0;0.0;2.0;9.0;21.0;B02
10777;201400007430;0;7;0;0.0;0.0;6.0;2.0;A01
10778;201400007431;0;7;0;0.0;0.0;3.0;0.0;B02
10779;201400007431;0;7;0;0.0;0.0;3.0;1.0;A01
10780;201400007432;0;7;0;0.0;2.0;2.0;1.0;B02
10781;201400007432;0;30;0;0.0;2.0;2.0;13.0;A01
10782;201400007433;0;7;0;0.0;1.0;1.0;1.0;A01
10783;201400007434;0;7;0;0.0;2.0;2.0;1.0;B02
10784;201400007434;0;7;0;0.0;2.0;3.0;19.0;A01
10785;201400007436;0;7;0;0.0;2.0;1.0;0.0;B02
10786;201400007436;0;7;0;0.0;2.0;1.0;13.0;A01
10787;201400007437;0;7;0;0.0;2.0;1.0;1.0;B02
10788;201400007437;0;7;0;0.0;2.0;7.0;13.0;A01
10789;201400007438;0;7;0;0.0;2.0;1.0;1.0;B02
10790;201400007438;0;7;0;0.0;2.0;1.0;13.0;A01
10791;201400007440;0;7;0;0.0;0.0;0.0;1.0;B02
10792;201400007440;0;7;0;0.0;0.0;0.0;17.0;A01
10793;201400007441;0;10;0;0.0;1.0;1.0;15.0;A01
10794;201400007442;0;7;0;8.0;0.0;1.0;13.0;A01
10795;201400007444;0;7;0;0.0;2.0;1.0;13.0;A01
10796;201400007444;0;7;0;0.0;2.0;1.0;1.0;B02
10797;201400007445;0;7;0;0.0;2.0;3.0;13.0;A01
10798;201400007445;0;7;0;0.0;0.0;3.0;1.0;B02
10799;201400007447;0;7;0;0.0;2.0;6.0;0.0;B02
10800;201400007447;0;7;0;0.0;2.0;1.0;1.0;A01
10801;201400007450;0;33;0;0.0;0.0;7.0;1.0;A01
10802;201400007452;1;7;0;0.0;2.0;1.0;1.0;A01
10803;201400007452;0;2;0;0.0;2.0;6.0;1.0;B02
10804;201400007453;0;7;0;0.0;2.0;1.0;9.0;A01
10805;201400007453;0;1;0;0.0;2.0;6.0;1.0;B02
10806;201400007454;0;10;0;0.0;0.0;1.0;1.0;B02
10807;201400007454;0;7;0;0.0;0.0;7.0;1.0;A01
10808;201400007455;0;7;0;10.0;0.0;2.0;1.0;A01
10809;201400007456;0;7;0;0.0;2.0;1.0;1.0;B02
10810;201400007456;0;7;0;0.0;2.0;7.0;13.0;A01
10811;201400007457;0;7;0;0.0;1.0;7.0;1.0;A01
10812;201400007458;0;7;0;2.0;0.0;8.0;1.0;A01
10813;201400007459;0;38;9;0.0;2.0;3.0;1.0;B02
10814;201400007459;0;7;0;0.0;2.0;1.0;1.0;A01
10815;201400007460;0;7;0;0.0;1.0;2.0;1.0;A01
10816;201400007461;0;7;0;13.0;0.0;3.0;15.0;A01
10817;201400007462;0;10;0;0.0;2.0;3.0;19.0;A01
10818;201400007462;0;7;0;0.0;2.0;1.0;1.0;B02
10819;201400007463;0;7;0;0.0;2.0;4.0;2.0;C03
10820;201400007463;0;7;0;0.0;2.0;4.0;23.0;B02
10821;201400007463;0;7;0;0.0;2.0;1.0;2.0;A01
10822;201400007463;0;17;0;0.0;2.0;5.0;15.0;D04
10823;201400007464;0;7;0;6.0;0.0;1.0;13.0;A01
10824;201400007465;0;7;0;12.0;0.0;1.0;1.0;A01
10825;201400007466;0;10;0;0.0;0.0;4.0;15.0;B02
10826;201400007466;0;31;0;0.0;2.0;1.0;2.0;A01
10827;201400007467;0;7;0;9.0;0.0;2.0;1.0;A01
10828;201400007469;0;33;0;0.0;0.0;8.0;14.0;A01
10829;201400007470;0;33;0;0.0;0.0;0.0;15.0;A01
10830;201400007471;0;7;0;0.0;2.0;1.0;1.0;C03
10831;201400007471;0;7;0;0.0;2.0;5.0;1.0;B02
10832;201400007471;0;7;0;0.0;2.0;1.0;13.0;A01
10833;201400007472;0;7;0;0.0;2.0;1.0;1.0;B02
10834;201400007472;0;7;0;0.0;2.0;8.0;13.0;A01
10835;201400007473;0;7;0;0.0;2.0;1.0;13.0;A01
10836;201400007473;0;10;0;0.0;2.0;3.0;1.0;B02
10837;201400007473;0;7;0;0.0;2.0;1.0;1.0;C03
10838;201400007474;0;7;0;13.0;0.0;0.0;13.0;A01
10839;201400007475;0;7;0;0.0;0.0;0.0;0.0;A01
10840;201400007475;0;30;0;0.0;1.0;3.0;1.0;B02
10841;201400007476;0;7;0;0.0;2.0;1.0;1.0;B02
10842;201400007476;0;7;0;0.0;2.0;1.0;13.0;A01
10843;201400007477;0;7;0;0.0;1.0;2.0;1.0;A01
10844;201400007478;0;7;0;13.0;0.0;1.0;1.0;A01
10845;201400007479;0;7;0;0.0;1.0;1.0;1.0;A01
10846;201400007480;0;7;0;0.0;2.0;9.0;17.0;A01
10847;201400007480;0;7;0;0.0;2.0;3.0;1.0;B02
10848;201400007480;0;10;0;0.0;2.0;1.0;1.0;C03
10849;201400007481;0;33;0;13.0;0.0;1.0;1.0;A01
10850;201400007482;0;7;0;0.0;2.0;1.0;1.0;B02
10851;201400007482;0;7;0;0.0;2.0;7.0;13.0;A01
10852;201400007484;0;7;0;0.0;2.0;4.0;0.0;C03
10853;201400007484;0;7;0;0.0;2.0;1.0;2.0;A01
10854;201400007484;0;7;0;0.0;2.0;4.0;0.0;B02
10855;201400007485;0;7;0;3.0;0.0;9.0;1.0;A01
10856;201400007486;0;7;0;0.0;1.0;3.0;2.0;A01
10857;201400007487;0;7;0;0.0;2.0;8.0;15.0;A01
10858;201400007487;0;32;0;0.0;2.0;1.0;17.0;B01
10859;201400007488;0;7;0;;2.0;1.0;2.0;B02
10860;201400007488;0;7;0;;2.0;1.0;11.0;A01
10861;201400007489;0;32;0;0.0;2.0;8.0;1.0;A01
10862;201400007489;0;7;0;0.0;2.0;3.0;15.0;B01
10863;201400007490;0;7;0;0.0;0.0;8.0;21.0;A01
10864;201400007490;0;7;0;0.0;0.0;3.0;13.0;C01
10865;201400007490;0;7;0;0.0;0.0;0.0;0.0;D01
10866;201400007490;0;7;0;0.0;0.0;0.0;17.0;B01
10867;201400007491;0;7;0;0.0;0.0;4.0;0.0;B01
10868;201400007491;0;7;0;0.0;2.0;1.0;2.0;C01
10869;201400007491;0;7;0;0.0;2.0;4.0;23.0;A01
10870;201400007492;0;7;0;0.0;2.0;3.0;1.0;B02
10871;201400007492;0;7;0;0.0;2.0;1.0;13.0;A01
10872;201400007492;0;15;0;0.0;2.0;3.0;1.0;C03
10873;201400007493;0;15;0;0.0;2.0;2.0;2.0;B02
10874;201400007493;0;7;0;0.0;2.0;8.0;10.0;A01
10875;201400007494;0;7;0;0.0;2.0;3.0;1.0;B02
10876;201400007494;0;10;0;0.0;2.0;3.0;13.0;A01
10877;201400007494;0;7;0;0.0;2.0;3.0;1.0;C03
10878;201400007495;0;7;0;0.0;6.0;9.0;21.0;A01
10879;201400007496;0;7;0;0.0;2.0;3.0;1.0;C03
10880;201400007496;0;33;0;0.0;2.0;1.0;17.0;A01
10881;201400007496;0;7;0;0.0;2.0;3.0;1.0;B02
10882;201400007497;0;30;0;7.0;0.0;1.0;13.0;A01
10883;201400007498;0;7;0;13.0;2.0;3.0;1.0;A01
10884;201400007498;0;7;0;0.0;2.0;3.0;1.0;B02
10885;201400007499;0;7;0;0.0;0.0;3.0;13.0;A01
10886;201400007499;0;7;0;0.0;0.0;3.0;1.0;B02
10887;201400007500;0;7;0;0.0;2.0;8.0;1.0;B02
10888;201400007500;0;7;0;0.0;2.0;3.0;13.0;A01
10889;201400007500;0;7;0;0.0;2.0;1.0;1.0;C03
10890;201400007501;0;7;0;0.0;0.0;0.0;1.0;A01
10891;201400007502;0;7;0;0.0;1.0;2.0;1.0;A01
10892;201400007503;0;33;0;0.0;1.0;1.0;1.0;A01
10893;201400007504;0;7;0;0.0;2.0;8.0;1.0;A01
10894;201400007504;0;1;0;0.0;2.0;8.0;1.0;B02
10895;201400007505;0;7;0;13.0;0.0;2.0;1.0;A01
10896;201400007506;0;7;0;0.0;2.0;6.0;17.0;B02
10897;201400007506;0;15;0;0.0;0.0;2.0;17.0;A01
10898;201400007507;0;7;0;0.0;2.0;1.0;1.0;B02
10899;201400007507;0;7;0;0.0;2.0;2.0;15.0;A01
10900;201400007509;0;33;0;0.0;0.0;0.0;15.0;A01
10901;201400007510;0;17;0;13.0;0.0;3.0;21.0;A01
10902;201400007511;0;33;0;8.0;0.0;9.0;1.0;A01
10903;201400007512;0;7;0;0.0;2.0;3.0;13.0;A01
10904;201400007512;0;7;0;0.0;2.0;3.0;1.0;B02
10905;201400007513;0;7;0;0.0;2.0;1.0;1.0;A01
10906;201400007513;0;7;0;0.0;2.0;2.0;19.0;B02
10907;201400007514;0;33;0;8.0;0.0;1.0;17.0;A01
10908;201400007515;0;33;0;0.0;2.0;1.0;1.0;B02
10909;201400007515;0;7;0;0.0;2.0;1.0;15.0;A01
10910;201400007516;0;7;0;0.0;2.0;1.0;13.0;A01
10911;201400007516;0;7;0;0.0;2.0;1.0;1.0;B02
10912;201400007517;0;17;0;0.0;2.0;4.0;1.0;B02
10913;201400007517;0;17;0;3.0;2.0;1.0;1.0;A01
10914;201400007518;0;7;0;0.0;2.0;1.0;17.0;A01
10915;201400007518;0;7;0;0.0;2.0;1.0;1.0;C03
10916;201400007518;0;7;0;0.0;2.0;1.0;1.0;B02
10917;201400007519;0;33;0;0.0;0.0;0.0;1.0;A01
10918;201400007520;0;14;0;4.0;0.0;1.0;1.0;A01
10919;201400007521;0;33;0;11.0;0.0;1.0;0.0;A01
10920;201400007522;0;7;0;0.0;5.0;1.0;1.0;A01
10921;201400007523;0;1;0;0.0;2.0;5.0;19.0;B02
10922;201400007523;0;7;0;0.0;9.0;2.0;1.0;A01
10923;201400007524;0;7;0;0.0;1.0;2.0;1.0;A01
10924;201400007525;0;33;0;0.0;2.0;1.0;1.0;B02
10925;201400007525;0;7;0;0.0;0.0;7.0;15.0;A01
10926;201400007526;0;7;0;0.0;1.0;2.0;1.0;A01
10927;201400007527;0;7;0;14.0;0.0;1.0;21.0;A01
10928;201400007527;0;7;0;0.0;2.0;6.0;23.0;B02
10929;201400007528;0;7;0;0.0;2.0;3.0;1.0;B02
10930;201400007528;0;33;0;0.0;2.0;3.0;13.0;A01
10931;201400007529;0;33;0;13.0;0.0;1.0;1.0;A01
10932;201400007530;0;7;0;6.0;0.0;7.0;1.0;A01
10933;201400007531;0;7;0;0.0;9.0;1.0;0.0;B02
10934;201400007531;0;1;0;0.0;2.0;1.0;0.0;A01
10935;201400007532;0;7;0;0.0;2.0;1.0;1.0;B02
10936;201400007532;0;7;0;0.0;2.0;1.0;5.0;A01
10937;201400007533;0;7;0;0.0;1.0;3.0;1.0;A01
10938;201400007534;0;7;0;0.0;2.0;1.0;1.0;A01
10939;201400007534;0;7;0;0.0;2.0;1.0;0.0;B02
10940;201400007536;0;7;0;0.0;2.0;2.0;17.0;A01
10941;201400007536;0;15;0;0.0;0.0;6.0;2.0;B02
10942;201400007536;0;7;0;3.0;0.0;1.0;21.0;C03
10943;201400007537;0;33;0;0.0;2.0;0.0;18.0;A01
10944;201400007537;0;17;0;0.0;2.0;7.0;1.0;B02
10945;201400007538;0;7;0;0.0;2.0;1.0;1.0;B02
10946;201400007538;0;30;0;0.0;2.0;1.0;1.0;A01
10947;201400007539;0;30;0;0.0;2.0;1.0;13.0;A01
10948;201400007539;0;99;0;0.0;2.0;8.0;1.0;B02
10949;201400007540;0;7;0;0.0;2.0;3.0;13.0;A01
10950;201400007540;0;7;0;0.0;2.0;3.0;1.0;B02
10951;201400007541;0;10;0;0.0;0.0;9.0;1.0;A01
10952;201400007542;0;7;0;0.0;9.0;7.0;9.0;B02
10953;201400007542;0;1;0;0.0;2.0;3.0;15.0;A01
10954;201400007543;0;7;0;0.0;1.0;2.0;1.0;A01
10955;201400007544;0;7;0;0.0;1.0;7.0;1.0;A01
10956;201400007546;0;7;0;0.0;2.0;1.0;1.0;B02
10957;201400007546;0;7;0;0.0;2.0;1.0;1.0;C03
10958;201400007546;0;7;0;0.0;2.0;1.0;13.0;A01
10959;201400007547;0;7;0;0.0;2.0;3.0;1.0;A01
10960;201400007547;0;7;0;0.0;2.0;3.0;13.0;B02
10961;201400007548;0;7;0;13.0;0.0;1.0;1.0;A01
10962;201400007549;0;17;0;0.0;2.0;2.0;1.0;B02
10963;201400007549;0;30;0;0.0;2.0;1.0;19.0;A01
10964;201400007550;0;33;0;0.0;6.0;1.0;1.0;A01
10965;201400007552;0;10;0;8.0;2.0;1.0;2.0;A01
10966;201400007552;0;1;0;0.0;2.0;0.0;2.0;B02
10967;201400007553;0;10;0;6.0;1.0;5.0;16.0;A01
10968;201400007554;0;33;0;0.0;0.0;3.0;23.0;B02
10969;201400007554;0;31;0;0.0;2.0;1.0;2.0;A01
10970;201400007556;0;7;0;0.0;9.0;1.0;1.0;A01
10971;201400007556;0;1;0;0.0;2.0;8.0;19.0;B02
10972;201400007557;0;7;0;0.0;0.0;9.0;1.0;A01
10973;201400007558;0;7;0;0.0;1.0;2.0;1.0;A01
10974;201400007559;0;2;0;0.0;1.0;1.0;1.0;A01
10975;201400007560;0;31;0;0.0;0.0;8.0;1.0;A01
10976;201400007561;0;7;0;2.0;0.0;5.0;1.0;A01
10977;201400007562;0;7;0;13.0;0.0;3.0;1.0;A01
10978;201400007563;0;7;0;1.0;0.0;7.0;13.0;A01
10979;201400007564;0;7;0;2.0;2.0;9.0;1.0;B02
10980;201400007564;2;7;0;0.0;2.0;1.0;1.0;A01
10981;201400007566;0;31;0;0.0;0.0;8.0;1.0;A01
10982;201400007567;0;7;0;2.0;0.0;8.0;1.0;A01
10983;201400007568;0;7;0;13.0;0.0;1.0;1.0;A01
10984;201400007569;0;7;0;8.0;0.0;1.0;14.0;A01
10985;201400007570;0;7;0;0.0;2.0;1.0;6.0;A01
10986;201400007570;0;7;0;0.0;2.0;1.0;11.0;B02
10987;201400007572;0;33;0;0.0;2.0;1.0;1.0;B02
10988;201400007572;0;7;0;0.0;2.0;2.0;15.0;A01
10989;201400007573;0;7;0;0.0;1.0;1.0;17.0;A01
10990;201400007574;0;7;0;0.0;2.0;7.0;1.0;A01
10991;201400007574;0;7;0;0.0;2.0;2.0;0.0;B02
10992;201400007574;0;7;0;0.0;2.0;1.0;0.0;C03
10993;201400007575;0;7;0;0.0;2.0;3.0;1.0;A01
10994;201400007575;0;7;0;0.0;2.0;3.0;1.0;B02
10995;201400007576;0;10;0;0.0;2.0;3.0;1.0;C03
10996;201400007576;0;99;0;0.0;2.0;0.0;14.0;B02
10997;201400007576;0;16;0;0.0;2.0;0.0;14.0;A01
10998;201400007576;0;7;0;0.0;2.0;3.0;1.0;D04
10999;201400007578;0;7;0;0.0;2.0;3.0;1.0;B02
11000;201400007578;0;7;0;0.0;2.0;3.0;13.0;A01
11001;201400007579;0;7;0;0.0;2.0;1.0;1.0;B02
11002;201400007579;0;7;0;0.0;2.0;5.0;13.0;A01
11003;201400007580;0;14;0;0.0;2.0;3.0;1.0;A01
11004;201400007580;0;10;0;0.0;2.0;1.0;21.0;B02
11005;201400007580;0;7;0;0.0;0.0;3.0;2.0;C03
11006;201400007582;0;2;0;0.0;0.0;8.0;1.0;A01
11007;201400007583;0;7;0;0.0;2.0;3.0;1.0;B02
11008;201400007583;0;33;0;0.0;9.0;1.0;13.0;A01
11009;201400007584;0;33;0;0.0;2.0;1.0;1.0;B02
11010;201400007584;0;7;0;0.0;2.0;2.0;15.0;A01
11011;201400007585;0;7;0;0.0;2.0;3.0;1.0;B02
11012;201400007585;0;33;0;0.0;2.0;1.0;13.0;A01
11013;201400007586;0;31;0;0.0;2.0;1.0;13.0;B02
11014;201400007586;0;33;0;0.0;2.0;1.0;1.0;A01
11015;201400007587;0;7;0;0.0;2.0;7.0;1.0;B02
11016;201400007587;0;1;0;0.0;2.0;1.0;19.0;A01
11017;201400007588;0;7;0;2.0;0.0;2.0;13.0;A01
11018;201400007589;0;7;0;2.0;0.0;3.0;1.0;A01
11019;201400007590;0;7;0;2.0;0.0;2.0;1.0;A01
11020;201400007591;0;10;0;4.0;0.0;3.0;13.0;A01
11021;201400007592;0;7;0;4.0;0.0;3.0;13.0;A01
11022;201400007592;0;17;0;0.0;0.0;8.0;1.0;B02
11023;201400007593;0;7;0;3.0;0.0;3.0;14.0;A01
11024;201400007594;0;7;0;2.0;0.0;3.0;14.0;A01
11025;201400007596;0;33;0;0.0;2.0;1.0;1.0;B02
11026;201400007596;0;7;0;0.0;2.0;5.0;12.0;A01
11027;201400007597;0;7;0;0.0;2.0;2.0;17.0;A01
11028;201400007597;0;15;0;0.0;2.0;8.0;17.0;B02
11029;201400007598;0;15;0;0.0;0.0;8.0;1.0;C03
11030;201400007598;0;33;0;0.0;2.0;3.0;1.0;A01
11031;201400007598;0;7;0;0.0;0.0;5.0;1.0;B02
11032;201400007599;0;7;0;4.0;2.0;1.0;17.0;A01
11033;201400007599;0;7;0;4.0;2.0;7.0;1.0;B02
11034;201400007600;0;7;0;3.0;2.0;5.0;1.0;A01
11035;201400007600;0;7;0;0.0;2.0;3.0;14.0;B02
11036;201400007601;0;7;0;0.0;0.0;4.0;2.0;C03
11037;201400007601;0;7;0;1.0;0.0;1.0;2.0;A01
11038;201400007601;0;7;0;1.0;0.0;4.0;2.0;B02
11039;201400007602;0;7;0;0.0;2.0;2.0;19.0;A01
11040;201400007602;0;7;0;0.0;2.0;1.0;1.0;B02
11041;201400007603;0;33;0;0.0;2.0;1.0;2.0;A01
11042;201400007603;0;33;0;0.0;0.0;4.0;0.0;B02
11043;201400007604;0;33;0;0.0;0.0;1.0;0.0;A01
11044;201400007605;0;7;0;8.0;2.0;7.0;1.0;A01
11045;201400007605;0;7;0;0.0;2.0;1.0;19.0;B02
11046;201400007606;0;33;0;13.0;0.0;1.0;1.0;A01
11047;201400007607;0;7;0;0.0;2.0;1.0;13.0;A01
11048;201400007607;0;7;0;0.0;2.0;1.0;1.0;B02
11049;201400007608;0;10;0;0.0;2.0;1.0;11.0;A01
11050;201400007608;0;2;0;0.0;2.0;1.0;0.0;B02
11051;201400007609;0;7;0;0.0;2.0;3.0;13.0;A01
11052;201400007609;0;7;0;0.0;2.0;3.0;1.0;B02
11053;201400007611;0;7;0;0.0;2.0;8.0;19.0;A01
11054;201400007611;0;7;0;0.0;2.0;1.0;1.0;B02
11055;201400007612;0;7;0;0.0;2.0;1.0;12.0;A01
11056;201400007612;0;17;0;0.0;2.0;6.0;1.0;B02
11057;201400007613;0;7;0;0.0;2.0;3.0;0.0;A01
11058;201400007613;0;7;0;0.0;2.0;3.0;21.0;B02
11059;201400007614;0;7;0;0.0;2.0;1.0;13.0;A01
11060;201400007614;0;7;0;0.0;2.0;8.0;1.0;B02
11061;201400007614;0;7;0;0.0;2.0;1.0;1.0;C03
11062;201400007615;0;10;0;0.0;2.0;1.0;1.0;A01
11063;201400007615;0;7;0;0.0;2.0;1.0;1.0;B02
11064;201400007615;0;7;0;0.0;0.0;6.0;1.0;C03
11065;201400007616;0;7;0;0.0;2.0;3.0;13.0;A01
11066;201400007616;0;7;0;0.0;2.0;3.0;21.0;B02
11067;201400007616;0;7;0;0.0;2.0;1.0;21.0;C03
11068;201400007617;0;2;0;0.0;2.0;1.0;5.0;A01
11069;201400007617;0;7;0;0.0;2.0;1.0;1.0;B02
11070;201400007618;0;10;0;0.0;2.0;3.0;2.0;A01
11071;201400007618;0;7;0;0.0;2.0;5.0;15.0;B02
11072;201400007619;0;7;0;3.0;0.0;1.0;14.0;A01
11073;201400007620;0;2;0;0.0;2.0;1.0;17.0;A01
11074;201400007620;0;7;0;0.0;2.0;8.0;11.0;B02
11075;201400007622;0;7;0;0.0;0.0;8.0;10.0;A01
11076;201400007622;0;10;0;0.0;2.0;2.0;1.0;B02
11077;201400007623;0;7;0;0.0;2.0;5.0;17.0;A01
11078;201400007623;0;10;0;0.0;2.0;6.0;1.0;B02
11079;201400007623;0;17;0;0.0;2.0;4.0;1.0;C03
11080;201400007623;0;7;0;0.0;2.0;3.0;1.0;D04
11081;201400007624;0;33;0;0.0;0.0;4.0;1.0;A01
11082;201400007625;0;10;0;3.0;0.0;1.0;14.0;A01
11083;201400007628;0;2;0;0.0;2.0;6.0;17.0;A01
11084;201400007628;0;7;0;0.0;2.0;7.0;15.0;B02
11085;201400007629;0;7;0;0.0;2.0;6.0;15.0;A01
11086;201400007629;0;33;0;0.0;2.0;7.0;1.0;B02
11087;201400007630;0;33;0;4.0;0.0;0.0;1.0;A01
11088;201400007631;0;7;0;0.0;0.0;1.0;1.0;A01
11089;201400007632;0;10;0;0.0;2.0;6.0;13.0;A01
11090;201400007632;0;33;0;0.0;2.0;7.0;17.0;B02
11091;201400007635;0;7;0;0.0;2.0;3.0;15.0;A01
11092;201400007635;0;7;0;0.0;2.0;1.0;2.0;B02
11093;201400007636;0;10;0;0.0;2.0;1.0;2.0;A01
11094;201400007636;0;7;0;0.0;2.0;1.0;0.0;B02
11095;201400007637;0;33;0;0.0;0.0;0.0;1.0;A01
11096;201400007638;0;7;0;0.0;2.0;3.0;21.0;A01
11097;201400007638;0;7;0;0.0;2.0;5.0;15.0;B02
11098;201400007638;0;10;0;0.0;2.0;8.0;21.0;C03
11099;201400007639;0;7;0;0.0;2.0;1.0;1.0;A01
11100;201400007641;0;7;0;0.0;2.0;7.0;15.0;A01
11101;201400007641;0;7;0;0.0;2.0;1.0;1.0;B02
11102;201400007642;0;7;0;0.0;2.0;3.0;13.0;A01
11103;201400007642;0;7;0;0.0;2.0;3.0;1.0;B02
11104;201400007643;0;31;0;6.0;0.0;1.0;0.0;A01
11105;201400007644;0;7;0;0.0;2.0;1.0;19.0;A01
11106;201400007644;0;7;0;0.0;2.0;3.0;1.0;B02
11107;201400007645;0;33;0;0.0;2.0;1.0;21.0;A01
11108;201400007646;0;7;0;2.0;0.0;3.0;13.0;A01
11109;201400007647;0;7;0;0.0;2.0;1.0;9.0;A01
11110;201400007647;0;10;0;0.0;2.0;1.0;1.0;B02
11111;201400007648;0;7;0;0.0;1.0;2.0;1.0;A01
11112;201400007649;0;7;0;0.0;2.0;8.0;5.0;A01
11113;201400007649;0;7;0;0.0;2.0;8.0;5.0;B02
11114;201400007650;0;33;0;0.0;0.0;1.0;21.0;A01
11115;201400007651;0;7;0;0.0;2.0;2.0;14.0;A01
11116;201400007651;0;14;0;0.0;2.0;6.0;1.0;B02
11117;201400007652;0;10;0;13.0;0.0;2.0;17.0;A01
11118;201400007654;0;7;0;6.0;0.0;1.0;1.0;A01
11119;201400007655;0;10;0;8.0;0.0;7.0;1.0;A01
11120;201400007656;0;7;0;8.0;0.0;8.0;1.0;A01
11121;201400007657;0;7;0;0.0;2.0;1.0;15.0;A01
11122;201400007657;0;33;0;0.0;2.0;1.0;1.0;B02
11123;201400007659;0;7;0;0.0;2.0;1.0;1.0;A01
11124;201400007659;0;7;0;0.0;2.0;1.0;1.0;B02
11125;201400007660;0;7;0;5.0;0.0;1.0;14.0;A01
11126;201400007661;0;7;0;0.0;2.0;1.0;17.0;A01
11127;201400007661;0;7;0;0.0;2.0;6.0;0.0;B02
11128;201400007661;0;7;0;0.0;2.0;1.0;5.0;C03
11129;201400007662;0;7;0;0.0;2.0;7.0;19.0;A01
11130;201400007662;0;7;0;0.0;2.0;1.0;1.0;B02
11131;201400007663;0;7;0;0.0;2.0;1.0;13.0;A01
11132;201400007663;0;7;0;0.0;2.0;1.0;1.0;B02
11133;201400007664;0;14;0;0.0;2.0;1.0;1.0;B02
11134;201400007664;0;7;0;0.0;2.0;2.0;1.0;A01
11135;201400007665;0;33;0;0.0;2.0;1.0;1.0;B02
11136;201400007665;0;7;0;0.0;2.0;3.0;15.0;A01
11137;201400007667;0;33;0;2.0;0.0;1.0;13.0;A01
11138;201400007668;0;33;0;0.0;2.0;2.0;1.0;B02
11139;201400007668;0;7;0;0.0;2.0;3.0;1.0;C03
11140;201400007668;0;10;0;0.0;2.0;2.0;13.0;A01
11141;201400007669;0;7;0;0.0;2.0;8.0;19.0;A01
11142;201400007669;0;7;0;0.0;2.0;1.0;0.0;B02
11143;201400007670;0;7;0;0.0;2.0;2.0;0.0;A01
11144;201400007670;0;7;0;0.0;2.0;8.0;19.0;B02
11145;201400007671;0;10;0;0.0;2.0;1.0;1.0;A01
11146;201400007671;0;7;0;0.0;2.0;1.0;1.0;B02
11147;201400007672;0;7;0;0.0;2.0;3.0;13.0;A01
11148;201400007672;0;10;0;0.0;2.0;1.0;1.0;B02
11149;201400007673;0;7;0;2.0;0.0;3.0;2.0;A01
11150;201400007674;0;7;0;0.0;2.0;1.0;13.0;A01
11151;201400007674;0;7;0;0.0;2.0;1.0;1.0;B02
11152;201400007675;0;7;0;11.0;0.0;2.0;1.0;A01
11153;201400007676;0;7;0;13.0;0.0;9.0;1.0;A01
11154;201400007677;0;33;0;0.0;2.0;1.0;1.0;A01
11155;201400007677;0;17;0;0.0;2.0;6.0;19.0;B02
11156;201400007678;0;10;0;0.0;2.0;3.0;1.0;A01
11157;201400007678;0;38;0;0.0;2.0;3.0;1.0;B02