;Num_Acc;senc;catv;occutc;obs;obsm;choc;manv;num_veh
11158;201400007679;0;7;0;13.0;0.0;1.0;13.0;A01
11159;201400007680;0;37;0;0.0;0.0;3.0;1.0;C03
11160;201400007680;0;33;0;0.0;2.0;1.0;2.0;A01
11161;201400007680;0;7;0;0.0;2.0;4.0;2.0;B02
11162;201400007681;0;14;0;0.0;2.0;1.0;2.0;B02
11163;201400007681;0;7;0;0.0;0.0;4.0;0.0;A01
11164;201400007682;0;7;0;0.0;5.0;3.0;1.0;A01
11165;201400007682;0;7;0;14.0;5.0;3.0;0.0;B02
11166;201400007682;0;7;0;0.0;5.0;8.0;0.0;C03
11167;201400007682;0;7;0;0.0;5.0;8.0;0.0;D04
11168;201400007682;0;7;0;0.0;5.0;2.0;0.0;E05
11169;201400007683;0;7;0;6.0;0.0;3.0;6.0;A01
11170;201400007684;0;31;0;0.0;2.0;1.0;2.0;B02
11171;201400007684;0;10;0;0.0;2.0;6.0;15.0;A01
11172;201400007685;0;10;0;0.0;2.0;4.0;2.0;B02
11173;201400007685;0;10;0;0.0;2.0;4.0;2.0;A01
11174;201400007686;0;7;0;0.0;0.0;9.0;2.0;A01
11175;201400007687;0;7;0;0.0;1.0;3.0;13.0;A01
11176;201400007688;0;33;0;0.0;2.0;1.0;1.0;B02
11177;201400007688;0;7;0;0.0;2.0;7.0;9.0;A01
11178;201400007689;0;1;0;0.0;0.0;4.0;0.0;B02
11179;201400007689;0;7;0;0.0;9.0;1.0;2.0;A01
11180;201400007690;0;7;0;0.0;2.0;1.0;1.0;C03
11181;201400007690;0;7;0;0.0;2.0;4.0;1.0;B02
11182;201400007690;1;7;0;0.0;0.0;0.0;5.0;A01
11183;201400007691;0;33;0;0.0;2.0;2.0;21.0;A01
11184;201400007691;0;10;0;0.0;2.0;3.0;15.0;B02
11185;201400007692;0;7;0;0.0;2.0;1.0;1.0;B02
11186;201400007692;0;7;0;0.0;2.0;7.0;1.0;A01
11187;201400007693;0;7;0;0.0;1.0;2.0;1.0;A01
11188;201400007694;0;7;0;0.0;2.0;6.0;1.0;B02
11189;201400007694;0;7;0;0.0;2.0;2.0;3.0;A01
11190;201400007695;0;38;0;0.0;1.0;2.0;1.0;A01
11191;201400007696;0;7;0;0.0;0.0;3.0;10.0;A01
11192;201400007696;0;33;0;0.0;2.0;1.0;2.0;B02
11193;201400007697;0;7;0;0.0;0.0;1.0;1.0;B02
11194;201400007697;0;7;0;0.0;0.0;7.0;1.0;A01
11195;201400007698;0;7;0;13.0;0.0;1.0;1.0;A01
11196;201400007699;0;7;0;0.0;2.0;1.0;2.0;A01
11197;201400007699;0;7;0;0.0;0.0;0.0;0.0;B02
11198;201400007700;0;7;0;8.0;0.0;1.0;1.0;A01
11199;201400007701;0;33;0;13.0;0.0;1.0;1.0;A01
11200;201400007702;0;10;0;0.0;2.0;2.0;15.0;A01
11201;201400007702;0;34;0;0.0;2.0;1.0;1.0;B02
11202;201400007703;0;33;0;0.0;2.0;1.0;17.0;A01
11203;201400007703;0;15;0;0.0;2.0;6.0;2.0;B02
11204;201400007703;0;7;0;0.0;2.0;1.0;1.0;C03
11205;201400007704;0;33;0;6.0;0.0;8.0;21.0;A01
11206;201400007705;0;7;0;0.0;2.0;2.0;1.0;B02
11207;201400007705;0;33;0;0.0;2.0;1.0;13.0;A01
11208;201400007707;0;13;0;0.0;2.0;1.0;24.0;B02
11209;201400007707;0;7;0;1.0;0.0;7.0;19.0;A01
11210;201400007708;0;10;0;0.0;2.0;2.0;15.0;A01
11211;201400007708;0;31;0;0.0;2.0;1.0;1.0;B02
11212;201400007709;0;7;0;0.0;2.0;3.0;13.0;A01
11213;201400007709;0;7;0;0.0;2.0;1.0;2.0;C03
11214;201400007709;0;7;0;0.0;2.0;9.0;21.0;B02
11215;201400007710;0;7;0;0.0;2.0;1.0;13.0;A01
11216;201400007710;0;7;0;0.0;2.0;1.0;13.0;B02
11217;201400007711;0;7;0;0.0;1.0;3.0;15.0;A01
11218;201400007712;0;7;0;0.0;2.0;3.0;15.0;A01
11219;201400007712;0;34;0;0.0;2.0;1.0;1.0;B02
11220;201400007713;0;7;0;0.0;2.0;2.0;0.0;B02
11221;201400007713;0;33;0;0.0;2.0;8.0;0.0;A01
11222;201400007714;0;7;0;2.0;0.0;1.0;14.0;A01
11223;201400007716;0;7;0;0.0;9.0;8.0;15.0;A01
11224;201400007716;0;1;0;0.0;2.0;1.0;1.0;B02
11225;201400007717;0;7;0;0.0;2.0;9.0;15.0;A01
11226;201400007717;0;7;0;0.0;2.0;1.0;0.0;B02
11227;201400007717;0;7;0;0.0;2.0;3.0;0.0;C03
11228;201400007719;0;7;0;0.0;2.0;8.0;1.0;B02
11229;201400007719;0;7;0;15.0;0.0;2.0;13.0;A01
11230;201400007720;0;33;0;8.0;0.0;1.0;1.0;A01
11231;201400007721;0;7;0;0.0;2.0;8.0;19.0;A01
11232;201400007721;0;33;0;0.0;2.0;1.0;1.0;B02
11233;201400007722;0;7;0;16.0;0.0;9.0;1.0;A01
11234;201400007723;0;10;0;0.0;2.0;3.0;15.0;A01
11235;201400007723;0;7;0;0.0;2.0;3.0;1.0;B02
11236;201400007724;0;7;0;1.0;0.0;1.0;14.0;A01
11237;201400007725;0;7;0;0.0;0.0;6.0;0.0;A01
11238;201400007725;0;14;0;0.0;0.0;1.0;0.0;B02
11239;201400007727;0;7;0;16.0;0.0;7.0;1.0;A01
11240;201400007728;0;7;0;0.0;2.0;3.0;1.0;B02
11241;201400007728;0;7;0;0.0;2.0;2.0;9.0;A01
11242;201400007729;0;7;0;13.0;0.0;2.0;1.0;A01
11243;201400007731;0;7;0;0.0;2.0;1.0;0.0;B02
11244;201400007731;0;7;0;0.0;2.0;1.0;0.0;A01
11245;201400007733;0;7;0;0.0;2.0;1.0;1.0;B02
11246;201400007733;0;7;0;0.0;2.0;3.0;16.0;A01
11247;201400007734;0;33;0;0.0;2.0;1.0;1.0;A01
11248;201400007734;0;7;0;0.0;2.0;3.0;15.0;B02
11249;201400007735;0;1;0;0.0;0.0;4.0;2.0;A01
11250;201400007735;0;1;0;0.0;0.0;4.0;2.0;B02
11251;201400007735;1;7;0;0.0;2.0;1.0;2.0;C03
11252;201400007736;0;14;0;0.0;1.0;2.0;1.0;A01
11253;201400007738;0;7;0;0.0;2.0;1.0;15.0;A01
11254;201400007738;0;33;0;0.0;2.0;1.0;1.0;B02
11255;201400007739;0;20;0;0.0;2.0;8.0;1.0;C03
11256;201400007739;0;10;0;0.0;2.0;3.0;1.0;B02
11257;201400007739;0;7;0;0.0;2.0;3.0;17.0;A01
11258;201400007740;0;7;0;0.0;2.0;2.0;15.0;A01
11259;201400007740;0;15;0;0.0;2.0;3.0;1.0;B02
11260;201400007741;0;10;0;0.0;2.0;5.0;1.0;A01
11261;201400007741;0;7;0;0.0;2.0;3.0;19.0;B02
11262;201400007742;0;31;0;0.0;2.0;1.0;1.0;A01
11263;201400007742;0;7;0;0.0;2.0;7.0;15.0;B02
11264;201400007743;0;7;0;0.0;2.0;2.0;1.0;A01
11265;201400007743;0;7;0;0.0;2.0;3.0;1.0;B02
11266;201400007744;0;33;0;3.0;0.0;7.0;1.0;A01
11267;201400007745;0;33;0;0.0;0.0;8.0;1.0;A01
11268;201400007748;0;1;0;0.0;0.0;6.0;11.0;B02
11269;201400007748;0;7;0;0.0;9.0;2.0;13.0;A01
11270;201400007749;0;32;0;0.0;2.0;1.0;1.0;B02
11271;201400007749;0;7;0;0.0;2.0;8.0;15.0;A01
11272;201400007750;0;10;0;2.0;0.0;3.0;1.0;A01
11273;201400007751;0;7;0;2.0;0.0;1.0;0.0;A01
11274;201400007752;0;7;0;0.0;2.0;2.0;1.0;B02
11275;201400007752;0;7;0;0.0;2.0;3.0;19.0;A01
11276;201400007753;0;10;0;0.0;2.0;3.0;19.0;A01
11277;201400007753;0;33;0;0.0;2.0;1.0;17.0;B02
11278;201400007754;0;7;0;2.0;0.0;7.0;0.0;A01
11279;201400007755;0;7;0;2.0;0.0;1.0;1.0;A01
11280;201400007756;0;10;0;0.0;2.0;3.0;13.0;B02
11281;201400007756;0;7;0;0.0;2.0;3.0;1.0;A01
11282;201400007757;0;33;0;0.0;0.0;1.0;0.0;B02
11283;201400007757;0;7;0;2.0;0.0;2.0;0.0;A01
11284;201400007758;0;7;0;0.0;1.0;1.0;1.0;A01
11285;201400007759;0;33;0;0.0;2.0;1.0;13.0;A01
11286;201400007759;0;7;0;0.0;2.0;3.0;1.0;B02
11287;201400007760;0;7;0;0.0;2.0;6.0;13.0;A01
11288;201400007760;0;33;0;0.0;2.0;2.0;17.0;B02
11289;201400007761;0;7;0;0.0;2.0;3.0;17.0;A01
11290;201400007761;0;33;0;0.0;2.0;2.0;17.0;B02
11291;201400007762;0;7;0;6.0;0.0;1.0;14.0;A01
11292;201400007763;0;31;0;0.0;2.0;1.0;13.0;A01
11293;201400007763;0;7;0;0.0;2.0;3.0;1.0;B02
11294;201400007764;0;7;0;0.0;2.0;3.0;19.0;A01
11295;201400007764;0;33;0;0.0;2.0;1.0;1.0;B02
11296;201400007765;0;7;0;0.0;2.0;3.0;1.0;A01
11297;201400007765;0;31;0;0.0;2.0;5.0;19.0;B02
11298;201400007766;0;34;0;0.0;2.0;1.0;13.0;A01
11299;201400007766;0;33;0;0.0;2.0;3.0;1.0;B02
11300;201400007767;0;7;0;0.0;1.0;1.0;1.0;A01
11301;201400007768;0;7;0;0.0;2.0;3.0;2.0;A01
11302;201400007768;0;30;0;0.0;2.0;1.0;1.0;B02
11303;201400007769;0;7;0;0.0;9.0;2.0;1.0;A01
11304;201400007769;0;1;0;0.0;2.0;4.0;1.0;B02
11305;201400007771;0;7;0;0.0;1.0;2.0;17.0;A01
11306;201400007772;0;33;0;0.0;2.0;1.0;1.0;B02
11307;201400007772;0;7;0;0.0;2.0;7.0;15.0;A01
11308;201400007773;0;1;0;0.0;2.0;4.0;1.0;B02
11309;201400007773;0;7;0;0.0;2.0;2.0;1.0;A01
11310;201400007774;0;20;0;0.0;2.0;3.0;1.0;B02
11311;201400007774;0;10;0;0.0;2.0;3.0;13.0;A01
11312;201400007775;0;7;0;0.0;2.0;1.0;5.0;A01
11313;201400007775;0;7;0;0.0;2.0;1.0;13.0;B02
11314;201400007777;0;7;0;0.0;1.0;6.0;4.0;A01
11315;201400007778;0;7;0;0.0;2.0;1.0;15.0;A01
11316;201400007778;0;2;0;0.0;2.0;7.0;1.0;B02
11317;201400007779;0;7;0;0.0;2.0;2.0;1.0;B02
11318;201400007779;0;33;0;0.0;2.0;7.0;13.0;A01
11319;201400007781;0;7;0;0.0;2.0;1.0;1.0;C03
11320;201400007781;0;7;0;0.0;2.0;1.0;5.0;A01
11321;201400007781;0;7;0;0.0;2.0;3.0;1.0;B02
11322;201400007782;0;2;0;0.0;2.0;1.0;13.0;A01
11323;201400007782;0;7;0;0.0;2.0;3.0;1.0;B02
11324;201400007783;0;7;0;0.0;2.0;1.0;15.0;A01
11325;201400007783;0;2;0;0.0;2.0;7.0;1.0;B02
11326;201400007784;0;33;0;0.0;2.0;8.0;5.0;A01
11327;201400007784;0;7;0;0.0;2.0;8.0;5.0;B02
11328;201400007785;0;10;0;0.0;2.0;3.0;1.0;B02
11329;201400007785;0;33;0;0.0;2.0;6.0;13.0;A01
11330;201400007787;0;7;0;0.0;2.0;3.0;1.0;B02
11331;201400007787;0;7;0;0.0;2.0;7.0;13.0;A01
11332;201400007788;0;7;0;0.0;0.0;1.0;1.0;A01
11333;201400007789;0;7;0;0.0;1.0;1.0;3.0;A01
11334;201400007790;0;33;0;1.0;0.0;8.0;19.0;A01
11335;201400007791;0;36;0;8.0;0.0;1.0;1.0;A01
11336;201400007793;0;7;0;0.0;1.0;3.0;0.0;A01
11337;201400007794;0;7;0;0.0;1.0;3.0;19.0;A01
11338;201400007795;1;7;0;0.0;1.0;2.0;2.0;A01
11339;201400007796;0;7;0;8.0;0.0;6.0;13.0;A01
11340;201400007797;0;10;0;0.0;2.0;7.0;19.0;A01
11341;201400007797;0;33;0;0.0;2.0;1.0;1.0;B02
11342;201400007798;0;38;0;0.0;2.0;0.0;1.0;A01
11343;201400007798;0;7;0;0.0;0.0;0.0;15.0;B02
11344;201400007799;0;33;0;0.0;2.0;1.0;2.0;A01
11345;201400007799;0;10;0;0.0;2.0;4.0;23.0;B02
11346;201400007800;0;7;0;0.0;2.0;9.0;14.0;A01
11347;201400007800;0;2;0;0.0;0.0;1.0;2.0;B02
11348;201400007801;0;7;0;1.0;1.0;1.0;20.0;A01
11349;201400007802;0;14;0;0.0;2.0;1.0;1.0;A01
11350;201400007802;0;14;0;0.0;2.0;4.0;2.0;B02
11351;201400007803;0;7;0;0.0;1.0;2.0;17.0;A01
11352;201400007804;0;7;0;0.0;0.0;0.0;20.0;A01
11353;201400007806;0;7;0;0.0;2.0;4.0;1.0;B02
11354;201400007806;0;7;0;0.0;2.0;1.0;17.0;A01
11355;201400007807;0;14;0;2.0;0.0;2.0;1.0;A01
11356;201400007808;0;7;0;0.0;2.0;3.0;9.0;B02
11357;201400007808;0;17;0;0.0;2.0;2.0;1.0;A01
11358;201400007808;0;7;0;0.0;2.0;1.0;1.0;C03
11359;201400007810;0;10;0;0.0;0.0;3.0;15.0;A01
11360;201400007810;0;7;0;0.0;0.0;7.0;17.0;B02
11361;201400007811;0;34;0;0.0;2.0;1.0;17.0;B02
11362;201400007811;0;10;0;0.0;0.0;3.0;10.0;A01
11363;201400007812;0;7;0;6.0;0.0;7.0;1.0;A01
11364;201400007813;0;33;0;0.0;2.0;1.0;1.0;A01
11365;201400007813;0;7;0;0.0;2.0;5.0;15.0;B02
11366;201400007814;0;3;0;0.0;2.0;1.0;1.0;B02
11367;201400007814;0;7;0;0.0;2.0;1.0;13.0;A01
11368;201400007815;0;7;0;2.0;0.0;1.0;17.0;A01
11369;201400007816;0;21;0;0.0;0.0;4.0;2.0;B02
11370;201400007816;0;7;0;0.0;2.0;1.0;2.0;A01
11371;201400007816;0;7;0;0.0;2.0;3.0;2.0;C03
11372;201400007817;0;32;0;0.0;0.0;3.0;1.0;A01
11373;201400007817;0;32;0;0.0;2.0;3.0;1.0;B02
11374;201400007818;0;10;0;8.0;2.0;1.0;1.0;A01
11375;201400007818;0;7;0;0.0;2.0;3.0;1.0;B02
11376;201400007820;0;7;0;0.0;1.0;3.0;1.0;A01
11377;201400007821;0;33;0;0.0;2.0;1.0;1.0;A01
11378;201400007821;0;7;0;0.0;2.0;3.0;16.0;B02
11379;201400007822;0;7;0;0.0;2.0;8.0;21.0;C03
11380;201400007822;0;7;0;0.0;2.0;1.0;1.0;B02
11381;201400007822;0;7;0;0.0;2.0;1.0;13.0;A01
11382;201400007823;0;7;0;0.0;2.0;3.0;1.0;A01
11383;201400007823;0;7;0;0.0;2.0;3.0;1.0;B02
11384;201400007824;0;7;0;2.0;0.0;8.0;1.0;A01
11385;201400007825;0;33;0;0.0;2.0;1.0;21.0;A01
11386;201400007825;0;7;0;0.0;2.0;3.0;15.0;B02
11387;201400007826;0;33;0;0.0;2.0;1.0;1.0;A01
11388;201400007826;0;7;0;0.0;2.0;1.0;1.0;B02
11389;201400007827;0;7;0;2.0;0.0;1.0;0.0;A01
11390;201400007828;1;7;0;0.0;1.0;7.0;1.0;A01
11391;201400007829;0;7;0;0.0;2.0;1.0;5.0;A01
11392;201400007829;0;7;0;0.0;2.0;1.0;1.0;B02
11393;201400007830;0;7;0;0.0;0.0;7.0;14.0;A01
11394;201400007831;0;7;0;0.0;2.0;4.0;23.0;B02
11395;201400007831;0;7;0;0.0;2.0;1.0;1.0;D04
11396;201400007831;0;7;0;0.0;2.0;1.0;1.0;C03
11397;201400007831;0;15;0;0.0;2.0;3.0;1.0;A01
11398;201400007832;0;7;0;6.0;0.0;1.0;13.0;A01
11399;201400007833;0;7;0;2.0;0.0;2.0;14.0;A01
11400;201400007834;0;7;0;0.0;9.0;1.0;1.0;C03
11401;201400007834;0;7;0;0.0;2.0;3.0;13.0;A01
11402;201400007834;0;7;0;0.0;2.0;3.0;1.0;B02
11403;201400007835;0;7;0;8.0;0.0;1.0;14.0;A01
11404;201400007836;0;7;0;0.0;1.0;3.0;1.0;A01
11405;201400007837;0;7;0;0.0;2.0;1.0;1.0;B02
11406;201400007837;0;15;0;0.0;0.0;3.0;13.0;A01
11407;201400007838;0;7;0;2.0;0.0;1.0;1.0;A01
11408;201400007839;0;7;0;13.0;0.0;9.0;1.0;A01
11409;201400007840;0;13;0;0.0;9.0;2.0;14.0;A01
11410;201400007840;0;1;0;0.0;2.0;6.0;1.0;B02
11411;201400007842;0;7;0;2.0;0.0;8.0;15.0;A01
11412;201400007843;0;7;0;0.0;2.0;1.0;2.0;C03
11413;201400007843;0;7;0;0.0;2.0;3.0;1.0;B02
11414;201400007843;0;7;0;0.0;2.0;3.0;17.0;A01
11415;201400007844;0;7;0;13.0;0.0;9.0;1.0;A01
11416;201400007845;0;33;0;8.0;2.0;3.0;1.0;A01
11417;201400007845;0;10;0;0.0;2.0;3.0;15.0;B02
11418;201400007846;0;10;0;0.0;1.0;5.0;4.0;A01
11419;201400007848;0;7;0;6.0;2.0;1.0;17.0;A01
11420;201400007848;0;1;0;0.0;2.0;1.0;1.0;B02
11421;201400007849;0;7;0;10.0;0.0;1.0;13.0;A01
11422;201400007849;0;20;0;0.0;2.0;1.0;1.0;B02
11423;201400007850;0;7;0;0.0;0.0;4.0;0.0;A01
11424;201400007850;0;7;0;0.0;2.0;1.0;2.0;B02
11425;201400007851;0;7;0;6.0;0.0;2.0;1.0;A01
11426;201400007852;0;7;0;0.0;0.0;0.0;13.0;A01
11427;201400007853;0;7;0;13.0;0.0;9.0;1.0;A01
11428;201400007854;0;7;0;13.0;0.0;9.0;1.0;A01
11429;201400007855;0;7;0;0.0;0.0;1.0;19.0;A01
11430;201400007855;0;33;0;0.0;2.0;1.0;1.0;B02
11431;201400007856;0;7;0;2.0;0.0;2.0;21.0;A01
11432;201400007857;0;33;0;2.0;0.0;1.0;1.0;A01
11433;201400007858;0;33;0;4.0;0.0;3.0;13.0;A01
11434;201400007860;0;7;0;0.0;0.0;0.0;0.0;A01
11435;201400007861;0;7;0;0.0;0.0;2.0;1.0;C03
11436;201400007861;0;7;0;0.0;0.0;1.0;1.0;B02
11437;201400007861;0;33;0;0.0;0.0;1.0;1.0;A01
11438;201400007862;0;33;0;0.0;0.0;1.0;13.0;A01
11439;201400007862;0;33;0;0.0;0.0;8.0;1.0;B02
11440;201400007863;0;7;0;0.0;2.0;1.0;15.0;A01
11441;201400007863;0;7;0;0.0;2.0;1.0;1.0;B02
11442;201400007864;0;7;0;13.0;0.0;9.0;6.0;A01
11443;201400007865;0;7;0;0.0;1.0;0.0;1.0;A01
11444;201400007866;0;10;0;0.0;1.0;2.0;1.0;A01
11445;201400007867;0;7;0;0.0;2.0;2.0;1.0;B02
11446;201400007867;0;7;0;0.0;2.0;3.0;15.0;A01
11447;201400007868;0;7;0;0.0;0.0;3.0;13.0;A01
11448;201400007868;0;7;0;0.0;0.0;3.0;1.0;B02
11449;201400007869;0;10;0;0.0;0.0;3.0;15.0;A01
11450;201400007869;0;7;0;0.0;0.0;1.0;1.0;B02
11451;201400007870;0;7;0;0.0;0.0;3.0;1.0;C03
11452;201400007870;0;33;0;0.0;2.0;8.0;1.0;A01
11453;201400007870;0;7;0;0.0;0.0;8.0;1.0;B02
11454;201400007871;0;33;0;0.0;0.0;0.0;13.0;A01
11455;201400007872;0;1;0;0.0;2.0;1.0;13.0;A01
11456;201400007872;0;7;0;0.0;0.0;3.0;15.0;B02
11457;201400007873;0;7;0;0.0;2.0;3.0;1.0;A01
11458;201400007873;0;15;0;0.0;2.0;3.0;1.0;B02
11459;201400007874;0;7;0;0.0;2.0;2.0;19.0;A01
11460;201400007874;0;33;0;0.0;2.0;8.0;1.0;B02
11461;201400007875;0;7;0;0.0;0.0;1.0;13.0;A01
11462;201400007875;0;7;0;0.0;0.0;1.0;1.0;B02
11463;201400007876;0;10;0;6.0;0.0;2.0;1.0;A01
11464;201400007877;0;33;0;0.0;0.0;0.0;21.0;B02
11465;201400007877;0;33;0;0.0;0.0;7.0;0.0;A01
11466;201400007878;0;33;0;0.0;2.0;8.0;0.0;C03
11467;201400007878;0;33;0;0.0;2.0;1.0;0.0;B02
11468;201400007878;0;7;0;0.0;2.0;3.0;13.0;A01
11469;201400007879;0;7;0;0.0;0.0;0.0;13.0;A01
11470;201400007880;0;7;0;2.0;0.0;9.0;17.0;A01
11471;201400007882;0;10;0;0.0;0.0;0.0;1.0;A01
11472;201400007882;0;33;0;0.0;2.0;0.0;1.0;B02
11473;201400007883;0;33;0;3.0;0.0;8.0;16.0;A01
11474;201400007884;0;31;0;16.0;0.0;7.0;1.0;A01
11475;201400007885;0;33;0;0.0;0.0;7.0;17.0;A01
11476;201400007885;0;33;0;0.0;2.0;1.0;1.0;B02
11477;201400007886;0;33;0;0.0;0.0;3.0;15.0;A01
11478;201400007887;0;33;0;0.0;0.0;8.0;1.0;A01
11479;201400007889;0;33;0;0.0;0.0;8.0;1.0;A01
11480;201400007890;0;7;0;0.0;2.0;3.0;1.0;B02
11481;201400007890;0;33;0;0.0;2.0;1.0;1.0;A01
11482;201400007891;0;7;0;0.0;2.0;3.0;1.0;B02
11483;201400007891;0;7;0;0.0;2.0;3.0;13.0;A01
11484;201400007892;0;33;0;0.0;2.0;1.0;17.0;A01
11485;201400007892;0;7;0;0.0;2.0;2.0;1.0;B02
11486;201400007893;0;7;0;0.0;2.0;3.0;2.0;A01
11487;201400007893;0;7;0;0.0;0.0;5.0;15.0;B02
11488;201400007894;0;7;0;13.0;2.0;1.0;13.0;A01
11489;201400007894;0;7;0;0.0;2.0;1.0;1.0;B02
11490;201400007895;0;1;0;0.0;0.0;0.0;0.0;A01
11491;201400007896;0;7;0;2.0;0.0;1.0;1.0;A01
11492;201400007897;2;7;0;0.0;0.0;1.0;1.0;A01
11493;201400007897;0;7;0;0.0;2.0;4.0;2.0;B02
11494;201400007897;0;10;0;0.0;0.0;4.0;2.0;C03
11495;201400007898;0;7;0;0.0;2.0;3.0;13.0;A01
11496;201400007898;0;7;0;0.0;2.0;8.0;1.0;B02
11497;201400007898;0;10;0;0.0;2.0;8.0;21.0;C03
11498;201400007899;0;7;0;2.0;0.0;1.0;13.0;A01
11499;201400007900;0;7;0;0.0;2.0;1.0;1.0;A01
11500;201400007900;0;7;0;0.0;2.0;9.0;1.0;B02
11501;201400007901;0;10;0;0.0;2.0;2.0;18.0;A01
11502;201400007901;0;33;0;0.0;0.0;5.0;2.0;B02
11503;201400007902;0;33;0;6.0;0.0;2.0;1.0;A01
11504;201400007903;0;7;0;2.0;0.0;1.0;1.0;A01
11505;201400007904;0;7;0;0.0;0.0;1.0;13.0;A01
11506;201400007905;0;33;0;0.0;0.0;7.0;1.0;A01
11507;201400007906;0;33;0;3.0;0.0;8.0;1.0;A01
11508;201400007907;0;7;0;5.0;0.0;1.0;1.0;A01
11509;201400007908;0;7;0;13.0;0.0;9.0;13.0;A01
11510;201400007909;0;7;0;13.0;0.0;8.0;1.0;A01
11511;201400007910;0;7;0;2.0;0.0;5.0;1.0;A01
11512;201400007911;0;15;0;0.0;2.0;3.0;1.0;B01
11513;201400007911;0;7;0;0.0;2.0;3.0;13.0;A02
11514;201400007912;0;7;0;2.0;2.0;3.0;1.0;B02
11515;201400007912;0;7;0;0.0;2.0;1.0;1.0;C03
11516;201400007912;0;7;0;0.0;2.0;3.0;13.0;A01
11517;201400007913;0;1;0;0.0;2.0;1.0;5.0;A01
11518;201400007913;0;7;0;0.0;9.0;1.0;1.0;B02
11519;201400007914;0;7;0;0.0;2.0;1.0;1.0;A01
11520;201400007914;0;7;0;0.0;2.0;8.0;19.0;B02
11521;201400007915;0;7;0;8.0;2.0;1.0;1.0;A01
11522;201400007915;0;7;0;0.0;2.0;2.0;1.0;B02
11523;201400007916;0;7;0;0.0;2.0;2.0;6.0;A01
11524;201400007916;0;33;0;0.0;2.0;1.0;1.0;B02
11525;201400007916;0;7;0;0.0;9.0;8.0;23.0;C03
11526;201400007917;0;7;0;0.0;1.0;2.0;1.0;A01
11527;201400007918;0;7;0;0.0;2.0;2.0;15.0;A01
11528;201400007918;0;30;0;0.0;2.0;1.0;1.0;B02
11529;201400007919;0;7;0;0.0;2.0;3.0;1.0;A01
11530;201400007919;0;7;0;0.0;2.0;3.0;13.0;B02
11531;201400007920;0;10;0;2.0;0.0;8.0;13.0;A01
11532;201400007921;0;33;0;0.0;0.0;0.0;1.0;A01
11533;201400007922;0;7;0;2.0;0.0;1.0;13.0;A01
11534;201400007923;0;33;0;0.0;2.0;1.0;1.0;A01
11535;201400007923;0;7;0;0.0;2.0;1.0;1.0;B02
11536;201400007924;0;33;0;8.0;0.0;1.0;1.0;A01
11537;201400007925;0;33;0;13.0;0.0;2.0;1.0;A01
11538;201400007926;0;10;0;0.0;2.0;3.0;15.0;A01
11539;201400007926;0;1;0;0.0;2.0;1.0;1.0;B02
11540;201400007927;0;33;0;0.0;2.0;1.0;1.0;A01
11541;201400007927;0;7;0;0.0;0.0;4.0;9.0;B02
11542;201400007928;0;33;0;0.0;2.0;1.0;1.0;A01
11543;201400007928;0;7;0;0.0;2.0;1.0;1.0;B02
11544;201400007928;0;7;0;0.0;2.0;3.0;9.0;C03
11545;201400007929;0;7;0;2.0;0.0;1.0;14.0;A01
11546;201400007930;0;33;0;9.0;0.0;9.0;17.0;A01
11547;201400007931;0;10;0;0.0;2.0;3.0;1.0;A01
11548;201400007931;0;10;0;0.0;2.0;3.0;1.0;B02
11549;201400007932;1;7;0;0.0;1.0;2.0;1.0;A01
11550;201400007933;0;33;0;0.0;0.0;9.0;1.0;A01
11551;201400007936;0;7;0;2.0;0.0;1.0;13.0;A01
11552;201400007937;0;7;0;0.0;0.0;8.0;9.0;A01
11553;201400007937;0;14;0;0.0;0.0;2.0;1.0;B02
11554;201400007938;0;7;0;0.0;2.0;7.0;15.0;A01
11555;201400007938;0;1;0;0.0;2.0;1.0;1.0;B02
11556;201400007939;0;7;0;0.0;2.0;1.0;13.0;A01
11557;201400007939;0;10;0;0.0;2.0;3.0;1.0;B02
11558;201400007940;0;7;0;13.0;0.0;9.0;13.0;A01
11559;201400007941;0;30;0;3.0;0.0;1.0;14.0;A01
11560;201400007942;0;36;0;13.0;0.0;9.0;13.0;A01
11561;201400007943;0;7;0;2.0;0.0;1.0;13.0;A01
11562;201400007944;0;7;0;13.0;0.0;9.0;14.0;A01
11563;201400007945;0;7;0;0.0;2.0;3.0;1.0;A01
11564;201400007945;0;7;0;0.0;2.0;1.0;1.0;B02
11565;201400007946;0;7;0;0.0;1.0;3.0;1.0;A01
11566;201400007947;0;7;0;0.0;2.0;2.0;1.0;A01
11567;201400007947;0;21;0;0.0;;6.0;1.0;B02
11568;201400007948;0;33;0;0.0;0.0;1.0;1.0;A01
11569;201400007949;0;7;0;0.0;1.0;1.0;15.0;A01
11570;201400007950;0;7;0;0.0;;8.0;1.0;B02
11571;201400007950;0;10;0;0.0;2.0;3.0;13.0;A01
11572;201400007953;0;1;0;0.0;2.0;1.0;13.0;A01
11573;201400007953;0;1;0;0.0;2.0;1.0;1.0;B02
11574;201400007953;0;14;0;0.0;2.0;1.0;1.0;C03
11575;201400007954;0;3;0;0.0;2.0;3.0;13.0;A01
11576;201400007954;0;7;0;0.0;0.0;3.0;1.0;B02
11577;201400007955;0;7;0;16.0;0.0;9.0;21.0;A01