;Num_Acc;senc;catv;occutc;obs;obsm;choc;manv;num_veh
11578;201400007956;0;7;0;0.0;0.0;3.0;1.0;A01
11579;201400007957;0;30;0;0.0;2.0;1.0;5.0;A01
11580;201400007957;0;7;0;0.0;2.0;3.0;2.0;B02
11581;201400007959;0;7;0;0.0;;3.0;15.0;A01
11582;201400007959;0;33;0;0.0;2.0;1.0;1.0;B02
11583;201400007960;0;7;0;0.0;2.0;2.0;13.0;A01
11584;201400007960;0;7;0;0.0;2.0;3.0;1.0;B02
11585;201400007960;0;7;0;0.0;2.0;1.0;1.0;C03
11586;201400007961;0;7;0;2.0;0.0;1.0;1.0;A01
11587;201400007962;0;7;0;13.0;0.0;1.0;1.0;A01
11588;201400007963;0;7;0;13.0;0.0;2.0;1.0;A01
11589;201400007965;0;7;0;13.0;0.0;1.0;1.0;A01
11590;201400007966;0;7;0;16.0;0.0;0.0;0.0;A01
11591;201400007967;0;7;0;2.0;0.0;1.0;1.0;A01
11592;201400007968;0;7;0;0.0;2.0;1.0;5.0;A01
11593;201400007968;0;7;0;0.0;;1.0;1.0;B02
11594;201400007969;0;7;0;0.0;2.0;1.0;17.0;A01
11595;201400007969;0;7;0;0.0;;1.0;1.0;B02
11596;201400007971;0;7;0;0.0;2.0;2.0;1.0;A01
11597;201400007971;0;7;0;0.0;2.0;3.0;1.0;B02
11598;201400007972;0;33;0;0.0;0.0;0.0;0.0;A01
11599;201400007973;0;1;0;0.0;0.0;4.0;1.0;B02
11600;201400007973;2;7;0;0.0;2.0;2.0;1.0;A01
11601;201400007974;0;7;0;16.0;0.0;0.0;13.0;A01
11602;201400007975;0;7;0;0.0;2.0;3.0;16.0;A01
11603;201400007975;0;7;0;0.0;;1.0;1.0;B02
11604;201400007976;0;7;0;2.0;0.0;1.0;1.0;A01
11605;201400007977;0;7;0;13.0;0.0;9.0;1.0;A01
11606;201400007978;0;33;0;0.0;0.0;7.0;1.0;A01
11607;201400007979;0;7;0;0.0;;5.0;1.0;A01
11608;201400007979;0;31;0;0.0;2.0;2.0;14.0;B02
11609;201400007980;0;7;0;1.0;0.0;1.0;2.0;A01
11610;201400007980;0;7;0;0.0;;4.0;23.0;B02
11611;201400007982;0;7;0;0.0;2.0;1.0;1.0;A01
11612;201400007982;0;7;0;0.0;;1.0;0.0;B02
11613;201400007983;0;7;0;0.0;;3.0;1.0;B02
11614;201400007983;0;7;0;0.0;2.0;2.0;1.0;A01
11615;201400007984;0;30;0;0.0;2.0;1.0;5.0;B02
11616;201400007984;0;7;0;0.0;2.0;2.0;17.0;A01
11617;201400007985;0;7;0;2.0;0.0;1.0;0.0;A01
11618;201400007986;0;7;0;0.0;2.0;2.0;9.0;B02
11619;201400007986;0;7;0;0.0;2.0;2.0;1.0;A01
11620;201400007987;0;7;0;0.0;2.0;6.0;17.0;A01
11621;201400007987;0;33;0;0.0;2.0;3.0;17.0;B02
11622;201400007988;0;7;0;0.0;2.0;3.0;1.0;A01
11623;201400007988;0;7;0;0.0;2.0;3.0;1.0;B02
11624;201400007989;0;7;0;0.0;1.0;4.0;4.0;A01
11625;201400007990;0;7;0;0.0;2.0;5.0;16.0;A01
11626;201400007990;0;7;0;0.0;2.0;3.0;2.0;B02
11627;201400007991;0;33;0;0.0;2.0;1.0;1.0;A01
11628;201400007991;0;13;0;0.0;2.0;6.0;9.0;B02
11629;201400007992;0;10;0;0.0;1.0;1.0;1.0;A01
11630;201400007993;0;33;0;2.0;0.0;1.0;13.0;A01
11631;201400007994;0;31;0;0.0;5.0;1.0;1.0;A01
11632;201400007995;0;14;0;4.0;0.0;7.0;1.0;A01
11633;201400007996;0;7;0;0.0;0.0;4.0;1.0;A01
11634;201400007996;0;1;0;0.0;2.0;1.0;1.0;B02
11635;201400007997;0;33;0;13.0;0.0;8.0;1.0;A01
11636;201400007999;0;34;0;0.0;0.0;0.0;1.0;A01
11637;201400008000;0;7;0;0.0;0.0;5.0;15.0;A01
11638;201400008000;0;30;0;0.0;2.0;1.0;1.0;B02
11639;201400008001;0;10;0;16.0;0.0;0.0;1.0;A01
11640;201400008002;0;7;0;0.0;2.0;3.0;1.0;C03
11641;201400008002;0;7;0;0.0;2.0;9.0;1.0;A01
11642;201400008002;0;7;0;0.0;2.0;9.0;1.0;B02
11643;201400008003;0;7;0;0.0;2.0;3.0;1.0;A01
11644;201400008003;0;17;0;0.0;2.0;2.0;1.0;B02
11645;201400008004;0;32;0;4.0;0.0;2.0;14.0;A01
11646;201400008005;0;3;0;0.0;0.0;1.0;13.0;B02
11647;201400008005;0;7;0;0.0;2.0;3.0;1.0;A01
11648;201400008006;0;30;0;15.0;1.0;1.0;21.0;A01
11649;201400008007;0;30;0;0.0;2.0;1.0;1.0;A01
11650;201400008008;0;7;0;0.0;2.0;1.0;0.0;C03
11651;201400008008;0;7;0;0.0;0.0;1.0;0.0;A01
11652;201400008008;0;7;0;0.0;2.0;1.0;5.0;B02
11653;201400008009;0;7;0;13.0;0.0;1.0;1.0;A01
11654;201400008010;0;7;0;0.0;9.0;3.0;9.0;B02
11655;201400008010;0;1;0;0.0;2.0;3.0;9.0;A01
11656;201400008011;0;33;0;0.0;0.0;1.0;1.0;B02
11657;201400008011;0;7;0;0.0;0.0;5.0;15.0;A01
11658;201400008012;0;7;0;0.0;0.0;0.0;2.0;A01
11659;201400008012;0;1;0;0.0;2.0;8.0;2.0;B02
11660;201400008013;0;14;0;4.0;0.0;7.0;1.0;A01
11661;201400008014;0;34;0;0.0;2.0;1.0;1.0;A01
11662;201400008014;0;7;0;0.0;2.0;1.0;15.0;B02
11663;201400008015;0;30;0;0.0;2.0;1.0;13.0;B02
11664;201400008015;0;7;0;0.0;2.0;1.0;13.0;A01
11665;201400008016;0;31;0;0.0;2.0;8.0;15.0;A01
11666;201400008016;0;7;0;0.0;2.0;1.0;17.0;B02
11667;201400008017;0;7;0;0.0;9.0;8.0;15.0;A01
11668;201400008017;0;33;0;0.0;2.0;1.0;1.0;B02
11669;201400008018;0;10;0;0.0;2.0;3.0;20.0;A01
11670;201400008018;0;30;0;0.0;2.0;0.0;17.0;B02
11671;201400008019;0;7;0;0.0;2.0;3.0;0.0;B02
11672;201400008019;0;33;0;0.0;2.0;1.0;1.0;A01
11673;201400008020;0;31;0;0.0;0.0;8.0;21.0;A01
11674;201400008021;0;7;0;0.0;2.0;3.0;15.0;A01
11675;201400008021;0;33;0;0.0;2.0;1.0;1.0;B02
11676;201400008022;0;7;0;0.0;2.0;2.0;1.0;A01
11677;201400008022;0;7;0;0.0;2.0;3.0;1.0;B02
11678;201400008023;0;33;0;0.0;2.0;1.0;1.0;B02
11679;201400008023;0;7;0;0.0;2.0;1.0;13.0;A01
11680;201400008024;0;30;0;0.0;0.0;0.0;0.0;A01
11681;201400008025;0;7;0;0.0;9.0;8.0;0.0;A01
11682;201400008025;0;1;0;1.0;0.0;1.0;1.0;C03
11683;201400008025;0;33;0;0.0;9.0;1.0;1.0;D04
11684;201400008025;0;1;0;1.0;0.0;1.0;1.0;B02
11685;201400008026;0;33;0;0.0;1.0;2.0;2.0;A01
11686;201400008027;0;7;0;0.0;0.0;0.0;0.0;A01
11687;201400008028;0;7;0;0.0;2.0;6.0;0.0;A01
11688;201400008028;0;7;0;0.0;2.0;1.0;1.0;B02
11689;201400008029;0;1;0;13.0;0.0;0.0;1.0;A01
11690;201400008030;0;33;0;0.0;0.0;0.0;1.0;A01
11691;201400008031;0;33;0;3.0;0.0;2.0;1.0;A01
11692;201400008032;0;21;0;0.0;2.0;7.0;2.0;B02
11693;201400008032;0;7;0;0.0;2.0;3.0;2.0;A01
11694;201400008033;0;1;0;2.0;0.0;0.0;1.0;A01
11695;201400008035;0;7;0;13.0;0.0;9.0;13.0;A01
11696;201400008036;0;7;0;2.0;0.0;1.0;14.0;A01
11697;201400008037;0;1;0;0.0;2.0;1.0;1.0;A01
11698;201400008037;0;7;0;0.0;2.0;7.0;19.0;B02
11699;201400008038;0;31;0;0.0;0.0;1.0;2.0;A01
11700;201400008039;0;10;0;0.0;1.0;1.0;1.0;A01
11701;201400008040;0;33;0;10.0;0.0;7.0;1.0;A01
11702;201400008041;0;30;0;0.0;2.0;1.0;1.0;B02
11703;201400008041;0;7;0;0.0;0.0;3.0;9.0;A01
11704;201400008042;0;7;0;0.0;2.0;1.0;1.0;B02
11705;201400008042;0;7;0;0.0;2.0;1.0;13.0;A01
11706;201400008043;0;7;0;0.0;1.0;2.0;17.0;A01
11707;201400008044;0;7;0;2.0;0.0;1.0;1.0;A01
11708;201400008045;0;33;0;0.0;0.0;8.0;1.0;A01
11709;201400008047;0;7;0;0.0;2.0;3.0;1.0;B02
11710;201400008047;0;7;0;0.0;2.0;1.0;13.0;A01
11711;201400008048;0;33;0;10.0;0.0;1.0;1.0;A01
11712;201400008049;0;33;0;0.0;2.0;8.0;13.0;A01
11713;201400008049;0;7;0;0.0;2.0;8.0;1.0;B02
11714;201400008050;0;33;0;13.0;0.0;2.0;1.0;A01
11715;201400008051;0;10;0;6.0;0.0;1.0;1.0;A01
11716;201400008052;0;15;0;0.0;1.0;2.0;1.0;A01
11717;201400008053;0;7;0;13.0;0.0;2.0;1.0;A01
11718;201400008054;0;32;0;0.0;2.0;1.0;1.0;B02
11719;201400008054;0;7;0;0.0;2.0;8.0;9.0;A01
11720;201400008055;0;7;0;0.0;0.0;8.0;17.0;A01
11721;201400008055;0;33;0;0.0;0.0;8.0;1.0;B02
11722;201400008056;0;3;0;0.0;2.0;3.0;0.0;A01
11723;201400008056;0;34;0;0.0;2.0;8.0;0.0;B02
11724;201400008057;0;31;0;0.0;2.0;1.0;17.0;A01
11725;201400008057;0;33;0;0.0;2.0;1.0;1.0;B02
11726;201400008058;0;33;0;1.0;0.0;7.0;14.0;A01
11727;201400008059;0;1;0;0.0;2.0;1.0;1.0;C03
11728;201400008059;0;1;0;0.0;2.0;1.0;1.0;B02
11729;201400008059;0;7;0;13.0;2.0;9.0;1.0;A01
11730;201400008060;0;33;0;6.0;0.0;2.0;1.0;A01
11731;201400008061;0;7;0;0.0;2.0;1.0;5.0;B02
11732;201400008061;0;7;0;0.0;2.0;1.0;17.0;A01
11733;201400008062;0;7;0;0.0;0.0;0.0;0.0;B02
11734;201400008062;0;7;0;0.0;2.0;6.0;2.0;A01
11735;201400008062;0;7;0;0.0;0.0;0.0;0.0;C03
11736;201400008062;0;7;0;0.0;2.0;3.0;0.0;D04
11737;201400008063;0;7;0;0.0;2.0;3.0;15.0;A01
11738;201400008063;0;33;0;0.0;2.0;1.0;1.0;B02
11739;201400008064;0;10;0;5.0;0.0;0.0;0.0;A01
11740;201400008065;0;33;0;0.0;2.0;1.0;5.0;A01
11741;201400008065;0;10;0;0.0;2.0;1.0;1.0;B02
11742;201400008066;0;32;0;0.0;2.0;3.0;1.0;A01
11743;201400008066;0;7;0;0.0;2.0;3.0;1.0;B02
11744;201400008067;0;7;0;13.0;2.0;3.0;13.0;A01
11745;201400008068;0;7;0;0.0;2.0;1.0;1.0;B02
11746;201400008068;0;7;0;0.0;0.0;1.0;13.0;A01
11747;201400008069;0;7;0;0.0;2.0;7.0;13.0;B02
11748;201400008069;0;7;0;0.0;2.0;1.0;1.0;A01
11749;201400008070;0;33;0;3.0;0.0;1.0;1.0;A01
11750;201400008071;0;7;0;0.0;0.0;3.0;1.0;A01
11751;201400008072;0;7;0;0.0;2.0;3.0;13.0;A01
11752;201400008072;0;7;0;0.0;2.0;3.0;1.0;B02
11753;201400008073;0;13;0;0.0;2.0;1.0;1.0;B02
11754;201400008073;0;10;0;0.0;2.0;5.0;19.0;A01
11755;201400008074;0;7;0;0.0;2.0;1.0;15.0;A01
11756;201400008074;0;10;0;0.0;2.0;1.0;1.0;B02
11757;201400008075;0;7;0;0.0;2.0;1.0;1.0;B02
11758;201400008075;0;7;0;0.0;2.0;8.0;19.0;A01
11759;201400008076;0;7;0;8.0;0.0;1.0;2.0;A01
11760;201400008078;0;7;0;0.0;2.0;6.0;1.0;B02
11761;201400008078;0;7;0;0.0;2.0;2.0;15.0;A01
11762;201400008078;0;10;0;0.0;2.0;1.0;1.0;C03
11763;201400008079;0;32;0;1.0;0.0;1.0;0.0;A01
11764;201400008080;0;7;0;0.0;2.0;1.0;23.0;C03
11765;201400008080;0;7;0;0.0;2.0;1.0;1.0;B02
11766;201400008080;0;7;0;0.0;2.0;3.0;9.0;A01
11767;201400008081;0;14;0;0.0;2.0;9.0;21.0;A01
11768;201400008082;0;10;0;0.0;2.0;3.0;19.0;A01
11769;201400008082;0;7;0;0.0;0.0;7.0;1.0;B02
11770;201400008083;0;7;0;6.0;0.0;3.0;5.0;A01
11771;201400008084;0;31;0;0.0;2.0;1.0;1.0;B02
11772;201400008084;0;7;0;0.0;2.0;3.0;17.0;A01
11773;201400008085;0;33;0;0.0;2.0;1.0;17.0;A01
11774;201400008085;0;7;0;0.0;2.0;6.0;15.0;B02
11775;201400008086;0;33;0;2.0;0.0;3.0;16.0;A01
11776;201400008087;0;1;0;0.0;0.0;0.0;1.0;A01
11777;201400008088;0;33;0;2.0;0.0;1.0;21.0;A01
11778;201400008090;0;33;0;0.0;2.0;1.0;17.0;A01
11779;201400008090;0;33;0;0.0;2.0;1.0;1.0;B02
11780;201400008091;0;33;0;3.0;0.0;0.0;15.0;A01
11781;201400008092;0;7;0;0.0;2.0;3.0;1.0;A01
11782;201400008092;0;7;0;0.0;2.0;8.0;19.0;B02
11783;201400008093;0;32;0;2.0;0.0;7.0;14.0;A01
11784;201400008094;0;30;0;0.0;2.0;1.0;2.0;B02
11785;201400008094;0;14;0;0.0;2.0;5.0;4.0;A01
11786;201400008095;0;7;0;0.0;2.0;3.0;1.0;B02
11787;201400008095;0;30;0;0.0;2.0;8.0;17.0;A01
11788;201400008096;0;32;0;0.0;0.0;1.0;0.0;B02
11789;201400008096;0;7;0;0.0;0.0;6.0;0.0;A01
11790;201400008097;0;7;0;6.0;1.0;1.0;1.0;A01
11791;201400008098;0;33;0;0.0;0.0;2.0;1.0;A01
11792;201400008099;0;7;0;0.0;2.0;8.0;1.0;B02
11793;201400008099;0;7;0;0.0;2.0;3.0;13.0;A01
11794;201400008100;0;33;0;13.0;0.0;7.0;17.0;A01
11795;201400008101;0;34;0;0.0;2.0;1.0;13.0;A01
11796;201400008101;0;7;0;0.0;2.0;1.0;1.0;B02
11797;201400008102;0;7;0;0.0;1.0;4.0;4.0;A01
11798;201400008103;0;7;0;1.0;2.0;1.0;1.0;A01
11799;201400008103;0;7;0;2.0;2.0;4.0;1.0;C03
11800;201400008104;0;14;0;0.0;1.0;7.0;1.0;A01
11801;201400008105;0;33;0;0.0;2.0;1.0;1.0;B02
11802;201400008105;0;7;0;0.0;2.0;8.0;22.0;A01
11803;201400008106;0;7;0;0.0;2.0;3.0;1.0;A01
11804;201400008106;0;7;0;0.0;2.0;3.0;1.0;B02
11805;201400008107;0;7;0;0.0;2.0;3.0;1.0;B02
11806;201400008107;0;7;0;0.0;2.0;3.0;13.0;A01
11807;201400008108;0;7;0;0.0;0.0;2.0;15.0;A01
11808;201400008108;0;33;0;0.0;2.0;1.0;1.0;B02
11809;201400008109;0;7;0;0.0;2.0;3.0;2.0;A01
11810;201400008109;0;7;0;0.0;0.0;5.0;20.0;B02
11811;201400008110;0;7;0;13.0;0.0;9.0;1.0;A01
11812;201400008111;1;14;0;0.0;1.0;2.0;1.0;A01
11813;201400008112;0;7;0;1.0;0.0;1.0;14.0;A01
11814;201400008112;0;32;0;0.0;0.0;4.0;24.0;B02
11815;201400008113;0;7;0;2.0;0.0;2.0;1.0;A01
11816;201400008114;1;7;0;0.0;1.0;8.0;1.0;A01
11817;201400008115;0;7;0;0.0;2.0;2.0;0.0;A01
11818;201400008115;0;33;0;0.0;2.0;1.0;13.0;B02
11819;201400008116;0;7;0;0.0;2.0;3.0;1.0;B02
11820;201400008116;0;15;0;0.0;2.0;1.0;13.0;A01
11821;201400008117;0;7;0;0.0;2.0;3.0;1.0;B02
11822;201400008117;0;7;0;0.0;2.0;3.0;13.0;A01
11823;201400008118;0;34;0;0.0;0.0;1.0;1.0;A01
11824;201400008119;0;7;0;2.0;0.0;1.0;1.0;A01
11825;201400008120;0;7;0;0.0;1.0;2.0;1.0;A01
11826;201400008121;0;7;0;0.0;1.0;2.0;1.0;A01
11827;201400008122;0;10;0;0.0;2.0;2.0;1.0;A01
11828;201400008122;0;7;0;0.0;0.0;8.0;16.0;B02
11829;201400008123;0;10;0;13.0;0.0;7.0;0.0;A01
11830;201400008124;0;7;0;0.0;2.0;1.0;13.0;A01
11831;201400008124;0;7;0;0.0;2.0;1.0;1.0;B02
11832;201400008125;0;7;0;0.0;2.0;2.0;15.0;A01
11833;201400008125;0;33;0;0.0;2.0;1.0;1.0;B02
11834;201400008126;0;15;0;0.0;0.0;0.0;0.0;A01
11835;201400008126;0;1;0;0.0;0.0;0.0;0.0;B02
11836;201400008129;0;7;0;0.0;2.0;1.0;1.0;B02
11837;201400008129;2;7;0;0.0;2.0;8.0;15.0;A01
11838;201400008130;0;10;0;0.0;0.0;8.0;17.0;A01
11839;201400008130;0;33;0;0.0;0.0;7.0;14.0;B02
11840;201400008131;0;7;0;0.0;2.0;3.0;1.0;B02
11841;201400008131;0;7;0;0.0;0.0;3.0;5.0;A01
11842;201400008132;0;3;0;13.0;0.0;1.0;1.0;A01
11843;201400008133;0;1;0;0.0;0.0;6.0;13.0;B02
11844;201400008133;0;33;0;0.0;9.0;2.0;17.0;A01
11845;201400008134;0;7;0;0.0;0.0;2.0;11.0;A01
11846;201400008134;0;7;0;0.0;2.0;6.0;1.0;B02
11847;201400008135;0;33;0;0.0;2.0;7.0;1.0;B02
11848;201400008135;0;7;0;0.0;2.0;7.0;15.0;A01
11849;201400008136;0;7;0;0.0;2.0;2.0;13.0;B02
11850;201400008136;0;7;0;0.0;2.0;2.0;1.0;A01
11851;201400008137;0;10;0;2.0;0.0;1.0;1.0;A01
11852;201400008138;0;1;0;0.0;0.0;0.0;1.0;A01
11853;201400008139;0;10;0;0.0;0.0;9.0;13.0;A01
11854;201400008142;0;7;0;3.0;0.0;2.0;1.0;A01
11855;201400008143;0;7;0;13.0;2.0;2.0;1.0;A01
11856;201400008143;0;7;0;0.0;2.0;1.0;1.0;B02
11857;201400008144;0;33;0;0.0;2.0;1.0;1.0;A01
11858;201400008144;0;7;0;0.0;2.0;3.0;15.0;B02
11859;201400008145;0;7;0;0.0;0.0;8.0;1.0;A01
11860;201400008146;0;34;0;0.0;2.0;1.0;2.0;B02
11861;201400008146;0;10;0;0.0;2.0;4.0;2.0;A01
11862;201400008147;0;33;0;0.0;0.0;7.0;1.0;A01
11863;201400008148;0;33;0;13.0;0.0;2.0;1.0;A01
11864;201400008149;0;33;0;13.0;0.0;2.0;13.0;A01
11865;201400008150;0;33;0;0.0;0.0;1.0;1.0;A01
11866;201400008151;0;7;0;0.0;2.0;3.0;1.0;B02
11867;201400008151;0;33;0;0.0;2.0;1.0;13.0;A01
11868;201400008152;0;33;0;0.0;2.0;1.0;1.0;B02
11869;201400008152;0;10;0;0.0;0.0;8.0;9.0;A01
11870;201400008153;0;7;0;2.0;0.0;1.0;0.0;A01
11871;201400008154;0;7;0;0.0;2.0;3.0;1.0;A01
11872;201400008154;0;99;0;0.0;2.0;1.0;19.0;B02
11873;201400008155;0;7;0;13.0;0.0;2.0;1.0;A01
11874;201400008156;0;7;0;2.0;0.0;2.0;1.0;A01
11875;201400008157;0;99;0;13.0;0.0;1.0;14.0;A01
11876;201400008158;0;7;0;0.0;2.0;3.0;17.0;A01
11877;201400008158;0;7;0;0.0;2.0;8.0;1.0;B02
11878;201400008158;0;10;0;0.0;9.0;3.0;1.0;C03
11879;201400008158;0;7;0;0.0;2.0;3.0;1.0;D04
11880;201400008159;0;7;0;0.0;2.0;3.0;1.0;B02
11881;201400008159;0;7;0;0.0;2.0;8.0;1.0;A01
11882;201400008160;0;7;0;0.0;1.0;2.0;1.0;A01
11883;201400008161;0;31;0;0.0;2.0;1.0;1.0;A01
11884;201400008161;0;7;0;0.0;0.0;4.0;1.0;B02
11885;201400008162;0;34;0;0.0;0.0;0.0;1.0;A01
11886;201400008163;0;7;0;0.0;2.0;3.0;0.0;B02
11887;201400008163;0;7;0;0.0;2.0;3.0;15.0;A01
11888;201400008165;0;33;0;0.0;0.0;7.0;1.0;A01
11889;201400008166;0;33;0;0.0;0.0;9.0;17.0;A01
11890;201400008167;0;7;0;1.0;0.0;3.0;13.0;A01
11891;201400008169;0;13;0;0.0;0.0;6.0;1.0;A01
11892;201400008169;0;10;0;0.0;2.0;1.0;1.0;C03
11893;201400008169;0;7;0;0.0;2.0;2.0;17.0;B02
11894;201400008170;0;7;0;0.0;2.0;1.0;1.0;A01
11895;201400008170;0;7;0;0.0;0.0;8.0;19.0;B02
11896;201400008172;0;7;0;0.0;0.0;0.0;15.0;A01
11897;201400008172;0;7;0;1.0;0.0;9.0;1.0;B02
11898;201400008172;0;10;0;0.0;0.0;1.0;24.0;C03
11899;201400008173;0;7;0;0.0;0.0;4.0;23.0;A01
11900;201400008173;0;15;0;0.0;2.0;1.0;2.0;C03
11901;201400008173;0;10;0;0.0;2.0;4.0;23.0;B02
11902;201400008174;0;7;0;0.0;1.0;3.0;1.0;A01
11903;201400008175;0;33;0;6.0;0.0;1.0;1.0;A01
11904;201400008176;0;33;0;0.0;2.0;1.0;1.0;A01
11905;201400008176;0;7;0;0.0;0.0;8.0;15.0;B02
11906;201400008178;0;7;0;0.0;2.0;2.0;13.0;A01
11907;201400008178;0;7;0;0.0;2.0;3.0;1.0;B02
11908;201400008179;0;33;0;0.0;2.0;1.0;15.0;A01
11909;201400008179;0;10;0;0.0;2.0;7.0;1.0;B02
11910;201400008180;0;30;0;0.0;2.0;7.0;1.0;A01
11911;201400008180;0;7;0;0.0;2.0;3.0;15.0;B02
11912;201400008181;0;33;0;13.0;0.0;1.0;1.0;A01
11913;201400008182;0;10;0;13.0;0.0;3.0;2.0;A01
11914;201400008184;0;33;0;0.0;2.0;1.0;2.0;B02
11915;201400008184;0;7;0;0.0;0.0;8.0;10.0;A01
11916;201400008185;0;7;0;13.0;0.0;1.0;1.0;A01
11917;201400008186;0;7;0;0.0;2.0;2.0;2.0;A01
11918;201400008186;0;1;0;0.0;2.0;8.0;16.0;B02
11919;201400008187;0;7;0;0.0;1.0;1.0;1.0;A01
11920;201400008188;0;10;0;0.0;2.0;1.0;1.0;A01
11921;201400008188;0;7;0;0.0;2.0;1.0;13.0;B02
11922;201400008189;0;33;0;0.0;2.0;1.0;2.0;B02
11923;201400008189;0;10;0;0.0;2.0;4.0;2.0;A01
11924;201400008190;0;7;0;1.0;0.0;2.0;1.0;A01
11925;201400008191;0;33;0;0.0;2.0;1.0;1.0;B02
11926;201400008191;0;10;0;0.0;2.0;1.0;15.0;A01
11927;201400008192;0;33;0;0.0;2.0;1.0;10.0;A01
11928;201400008192;0;10;0;0.0;2.0;2.0;2.0;B02
11929;201400008193;0;33;0;0.0;0.0;0.0;1.0;A01
11930;201400008194;0;2;0;0.0;2.0;1.0;1.0;B02
11931;201400008194;0;7;0;0.0;2.0;2.0;15.0;A01
11932;201400008195;0;14;0;0.0;0.0;2.0;2.0;A01
11933;201400008195;0;1;0;0.0;0.0;8.0;2.0;B02
11934;201400008196;0;7;0;0.0;2.0;2.0;1.0;A01
11935;201400008198;0;7;0;0.0;1.0;6.0;0.0;A01
11936;201400008199;0;7;0;0.0;2.0;3.0;5.0;B02
11937;201400008199;0;2;0;0.0;2.0;1.0;1.0;A01
11938;201400008200;0;30;0;5.0;0.0;1.0;1.0;A01
11939;201400008201;0;7;0;2.0;0.0;2.0;14.0;A01
11940;201400008202;0;7;0;0.0;2.0;1.0;15.0;B02
11941;201400008202;0;33;0;0.0;2.0;1.0;1.0;A01
11942;201400008203;0;33;0;0.0;2.0;1.0;13.0;A01
11943;201400008203;0;7;0;0.0;2.0;1.0;13.0;B02
11944;201400008206;0;10;0;0.0;2.0;7.0;1.0;C03
11945;201400008206;0;31;0;0.0;2.0;9.0;17.0;A01
11946;201400008206;0;7;0;0.0;2.0;3.0;1.0;B02
11947;201400008207;0;34;0;0.0;2.0;8.0;19.0;A01
11948;201400008207;0;7;0;0.0;2.0;1.0;1.0;B02
11949;201400008208;0;33;0;0.0;2.0;1.0;17.0;A01
11950;201400008208;0;7;0;0.0;2.0;1.0;1.0;B02
11951;201400008209;0;33;0;0.0;2.0;4.0;1.0;B02
11952;201400008209;0;7;0;0.0;2.0;1.0;1.0;A01
11953;201400008210;0;34;0;0.0;2.0;2.0;3.0;B02
11954;201400008210;0;7;0;0.0;2.0;8.0;1.0;A01
11955;201400008211;0;7;0;0.0;2.0;1.0;1.0;B02
11956;201400008211;0;7;0;0.0;2.0;1.0;13.0;A01
11957;201400008212;0;31;0;13.0;0.0;2.0;14.0;A01
11958;201400008213;0;2;0;3.0;0.0;7.0;1.0;A01
11959;201400008214;0;1;0;0.0;2.0;7.0;2.0;B02
11960;201400008214;0;7;0;0.0;2.0;3.0;2.0;A01
11961;201400008215;0;30;0;0.0;2.0;1.0;1.0;B02
11962;201400008215;0;7;0;0.0;2.0;6.0;10.0;A01
11963;201400008216;0;7;0;0.0;9.0;4.0;1.0;B02
11964;201400008216;0;1;0;0.0;2.0;1.0;1.0;A01
11965;201400008217;0;31;0;0.0;2.0;1.0;1.0;B02
11966;201400008217;0;7;0;0.0;2.0;8.0;19.0;A01
11967;201400008218;0;7;0;0.0;2.0;3.0;1.0;B02
11968;201400008218;0;7;0;0.0;2.0;3.0;13.0;A01
11969;201400008219;0;7;0;0.0;2.0;4.0;16.0;A01
11970;201400008219;0;31;0;0.0;2.0;3.0;21.0;B02
11971;201400008220;0;31;0;13.0;0.0;1.0;14.0;A01
11972;201400008222;0;7;0;0.0;2.0;8.0;15.0;B02
11973;201400008222;0;33;0;0.0;2.0;1.0;17.0;A01
11974;201400008223;0;7;0;0.0;2.0;7.0;13.0;A01
11975;201400008223;0;1;0;0.0;2.0;7.0;1.0;B02
11976;201400008224;0;33;0;1.0;2.0;3.0;2.0;A01
11977;201400008225;0;33;0;0.0;2.0;1.0;17.0;B02
11978;201400008225;0;34;0;0.0;2.0;1.0;17.0;A01
11979;201400008226;0;7;0;0.0;1.0;2.0;1.0;A01
11980;201400008227;0;7;0;0.0;1.0;2.0;1.0;A01
11981;201400008228;0;14;0;0.0;2.0;4.0;1.0;A01
11982;201400008228;0;33;0;0.0;2.0;1.0;1.0;B02
11983;201400008229;0;32;0;0.0;2.0;1.0;5.0;A01
11984;201400008229;0;7;0;0.0;2.0;1.0;1.0;B02
11985;201400008230;0;33;0;0.0;2.0;1.0;2.0;B02
11986;201400008230;0;7;0;0.0;0.0;4.0;0.0;A01
11987;201400008231;0;7;0;0.0;2.0;2.0;16.0;A01
11988;201400008231;0;31;0;0.0;2.0;1.0;1.0;B02
11989;201400008232;0;33;0;0.0;0.0;1.0;0.0;B02
11990;201400008232;0;7;0;0.0;0.0;2.0;0.0;A01
11991;201400008233;0;33;0;4.0;0.0;1.0;1.0;A01
11992;201400008234;0;7;0;0.0;2.0;1.0;1.0;A01
11993;201400008234;0;10;0;0.0;2.0;1.0;1.0;C03
11994;201400008234;0;10;0;0.0;2.0;1.0;1.0;B02
11995;201400008235;0;31;0;0.0;2.0;3.0;1.0;B02
11996;201400008235;0;7;0;0.0;2.0;7.0;10.0;A01