;Num_Acc;senc;catv;occutc;obs;obsm;choc;manv;num_veh
12417;201400008528;0;7;0;0.0;1.0;1.0;1.0;A01
12418;201400008529;0;7;0;13.0;0.0;2.0;1.0;A01
12419;201400008530;1;7;0;0.0;2.0;2.0;1.0;A01
12420;201400008530;0;1;0;0.0;0.0;4.0;1.0;C03
12421;201400008530;0;1;0;0.0;0.0;4.0;1.0;B02
12422;201400008531;0;7;0;0.0;2.0;3.0;1.0;A01
12423;201400008531;0;31;0;0.0;2.0;8.0;1.0;B02
12424;201400008532;0;7;0;0.0;2.0;1.0;9.0;A01
12425;201400008532;0;7;0;6.0;2.0;8.0;1.0;B02
12426;201400008533;0;7;0;0.0;2.0;7.0;0.0;A01
12427;201400008533;0;1;0;0.0;2.0;0.0;15.0;B02
12428;201400008534;0;7;0;0.0;2.0;2.0;2.0;B02
12429;201400008534;0;7;0;0.0;2.0;3.0;7.0;A01
12430;201400008535;0;7;0;0.0;1.0;2.0;1.0;A01
12431;201400008536;0;7;0;0.0;2.0;8.0;21.0;A01
12432;201400008536;0;10;0;13.0;0.0;7.0;1.0;C03
12433;201400008536;0;7;0;0.0;2.0;3.0;1.0;B02
12434;201400008537;0;33;0;10.0;0.0;2.0;1.0;A01
12435;201400008538;0;10;0;0.0;2.0;3.0;1.0;B02
12436;201400008538;0;30;0;0.0;2.0;1.0;13.0;A01
12437;201400008539;0;2;0;0.0;0.0;1.0;13.0;A01
12438;201400008539;0;7;0;0.0;0.0;1.0;1.0;B02
12439;201400008540;0;7;0;0.0;2.0;1.0;1.0;B02
12440;201400008540;0;7;0;0.0;2.0;7.0;19.0;A01
12441;201400008541;0;33;0;0.0;2.0;1.0;0.0;B02
12442;201400008541;0;7;0;0.0;2.0;3.0;15.0;A01
12443;201400008542;0;7;0;5.0;0.0;1.0;19.0;A01
12444;201400008543;0;30;0;13.0;0.0;1.0;17.0;A01
12445;201400008544;0;7;0;0.0;2.0;3.0;9.0;A01
12446;201400008544;0;2;0;0.0;2.0;1.0;9.0;B02
12447;201400008545;0;7;0;0.0;1.0;2.0;1.0;A01
12448;201400008546;0;7;0;13.0;0.0;1.0;1.0;A01
12449;201400008547;0;31;0;0.0;2.0;1.0;2.0;A01
12450;201400008547;0;7;0;0.0;2.0;4.0;23.0;B02
12451;201400008549;0;7;0;0.0;0.0;3.0;0.0;B02
12452;201400008549;0;32;0;0.0;2.0;1.0;2.0;A01
12453;201400008550;0;7;0;2.0;2.0;1.0;1.0;A01
12454;201400008551;0;7;0;0.0;2.0;7.0;17.0;A01
12455;201400008551;0;7;0;0.0;2.0;1.0;1.0;B02
12456;201400008552;0;7;0;0.0;2.0;1.0;1.0;B02
12457;201400008552;0;7;0;0.0;2.0;1.0;13.0;A01
12458;201400008553;0;7;0;0.0;2.0;1.0;13.0;A01
12459;201400008553;0;7;0;0.0;2.0;1.0;1.0;B02
12460;201400008554;0;33;0;0.0;2.0;1.0;1.0;B02
12461;201400008554;0;7;0;0.0;2.0;7.0;15.0;A01
12462;201400008556;0;31;0;0.0;2.0;1.0;3.0;B02
12463;201400008556;0;7;0;0.0;2.0;3.0;9.0;A01
12464;201400008557;0;10;0;0.0;0.0;2.0;1.0;B02
12465;201400008557;0;1;0;0.0;0.0;4.0;1.0;A01
12466;201400008558;0;7;0;5.0;0.0;9.0;13.0;A01
12467;201400008559;0;2;0;6.0;0.0;1.0;1.0;A01
12468;201400008560;0;15;0;13.0;0.0;8.0;1.0;A01
12469;201400008561;0;10;0;1.0;0.0;1.0;14.0;A01
12470;201400008561;0;15;0;0.0;0.0;4.0;24.0;B02
12471;201400008562;0;7;0;2.0;0.0;2.0;0.0;A01
12472;201400008564;0;33;0;0.0;0.0;1.0;0.0;A01
12473;201400008565;0;33;0;16.0;0.0;0.0;1.0;A01
12474;201400008566;0;7;0;0.0;2.0;3.0;13.0;A01
12475;201400008566;0;7;0;0.0;2.0;1.0;21.0;B02
12476;201400008567;0;31;0;0.0;2.0;4.0;1.0;B02
12477;201400008567;0;7;0;0.0;2.0;3.0;1.0;A01
12478;201400008568;0;7;0;0.0;1.0;1.0;1.0;A01
12479;201400008569;0;7;0;2.0;0.0;2.0;1.0;A01
12480;201400008570;0;33;0;2.0;0.0;7.0;1.0;A01
12481;201400008571;0;7;0;0.0;1.0;2.0;1.0;A01
12482;201400008572;0;7;0;0.0;1.0;1.0;1.0;A01
12483;201400008573;0;33;0;0.0;0.0;8.0;1.0;A01
12484;201400008573;0;10;0;0.0;0.0;3.0;1.0;B02
12485;201400008574;0;7;0;2.0;0.0;1.0;1.0;A01
12486;201400008575;0;2;0;5.0;0.0;1.0;1.0;A01
12487;201400008576;0;1;0;0.0;2.0;1.0;1.0;B02
12488;201400008576;0;10;0;0.0;2.0;4.0;4.0;A01
12489;201400008577;0;31;0;13.0;0.0;1.0;13.0;A01
12490;201400008578;0;7;0;0.0;6.0;1.0;13.0;A01
12491;201400008579;0;14;0;8.0;0.0;9.0;13.0;A01
12492;201400008581;0;7;0;2.0;0.0;1.0;5.0;A01
12493;201400008582;0;30;0;0.0;2.0;1.0;13.0;A01
12494;201400008582;0;7;0;0.0;2.0;1.0;23.0;B02
12495;201400008583;0;7;0;6.0;0.0;1.0;1.0;A01
12496;201400008584;0;7;0;0.0;2.0;3.0;1.0;B02
12497;201400008584;0;7;0;0.0;2.0;3.0;13.0;A01
12498;201400008585;0;7;0;13.0;0.0;1.0;13.0;A01
12499;201400008586;0;7;0;13.0;0.0;1.0;1.0;A01
12500;201400008587;0;2;0;13.0;0.0;7.0;2.0;A01
12501;201400008588;0;7;0;0.0;1.0;1.0;1.0;A01
12502;201400008590;0;10;0;0.0;2.0;2.0;16.0;B02
12503;201400008590;0;30;0;0.0;2.0;1.0;1.0;A01
12504;201400008591;0;7;0;0.0;2.0;9.0;1.0;C03
12505;201400008591;0;7;0;0.0;2.0;1.0;1.0;B02
12506;201400008591;0;10;0;0.0;2.0;1.0;1.0;D04
12507;201400008591;0;7;0;0.0;2.0;1.0;5.0;A01
12508;201400008592;0;7;0;6.0;0.0;1.0;1.0;A01
12509;201400008593;0;7;0;6.0;0.0;1.0;0.0;A01
12510;201400008594;0;7;0;6.0;0.0;3.0;1.0;A01
12511;201400008595;0;2;0;0.0;2.0;1.0;13.0;A01
12512;201400008595;0;7;0;0.0;2.0;1.0;1.0;B02
12513;201400008596;0;33;0;13.0;0.0;1.0;1.0;A01
12514;201400008597;0;7;0;0.0;0.0;0.0;1.0;A01
12515;201400008598;0;7;0;2.0;0.0;7.0;1.0;A01
12516;201400008599;0;7;0;0.0;2.0;2.0;1.0;B02
12517;201400008599;0;7;0;0.0;2.0;3.0;19.0;A01
12518;201400008600;0;1;0;0.0;2.0;4.0;2.0;B02
12519;201400008600;0;10;0;0.0;2.0;1.0;2.0;A01
12520;201400008603;0;7;0;0.0;2.0;3.0;16.0;A01
12521;201400008603;0;33;0;0.0;2.0;3.0;1.0;B02
12522;201400008604;0;7;0;0.0;2.0;8.0;17.0;A01
12523;201400008604;0;33;0;0.0;2.0;7.0;17.0;B02
12524;201400008605;0;7;0;2.0;0.0;1.0;13.0;A01
12525;201400008606;0;7;0;0.0;0.0;9.0;1.0;A01
12526;201400008607;0;7;0;0.0;2.0;8.0;1.0;A01
12527;201400008607;0;7;0;0.0;2.0;2.0;5.0;C03
12528;201400008607;0;15;0;0.0;2.0;2.0;1.0;B02
12529;201400008608;0;31;0;2.0;0.0;1.0;1.0;A01
12530;201400008609;0;33;0;0.0;0.0;2.0;0.0;A01
12531;201400008610;0;33;0;1.0;0.0;1.0;1.0;A01
12532;201400008610;0;7;0;0.0;0.0;5.0;0.0;B02
12533;201400008612;0;7;0;0.0;4.0;4.0;19.0;A01
12534;201400008612;0;39;0;1.0;0.0;1.0;1.0;B02
12535;201400008613;0;7;0;0.0;2.0;7.0;6.0;A01
12536;201400008613;0;7;0;0.0;2.0;1.0;1.0;B02
12537;201400008614;0;10;0;8.0;0.0;2.0;14.0;A01
12538;201400008615;0;7;0;0.0;2.0;1.0;1.0;B02
12539;201400008615;0;7;0;0.0;2.0;1.0;13.0;A01
12540;201400008616;0;7;0;13.0;0.0;1.0;1.0;A01
12541;201400008617;0;14;0;0.0;2.0;8.0;1.0;B02
12542;201400008617;0;10;0;0.0;2.0;3.0;13.0;A01
12543;201400008618;0;7;0;0.0;2.0;1.0;1.0;A01
12544;201400008618;0;14;0;0.0;2.0;3.0;0.0;B02
12545;201400008619;0;7;0;0.0;2.0;3.0;13.0;A01
12546;201400008619;0;7;0;0.0;2.0;3.0;1.0;B02
12547;201400008620;0;2;0;0.0;0.0;7.0;0.0;B02
12548;201400008620;0;7;0;0.0;0.0;0.0;19.0;A01
12549;201400008621;0;7;0;0.0;2.0;1.0;1.0;B02
12550;201400008621;0;7;0;0.0;2.0;1.0;1.0;C03
12551;201400008621;0;7;0;0.0;2.0;1.0;13.0;A01
12552;201400008622;0;7;0;0.0;1.0;1.0;1.0;A01
12553;201400008623;0;7;0;0.0;2.0;2.0;1.0;A01
12554;201400008623;0;2;0;0.0;2.0;1.0;15.0;B02
12555;201400008624;0;14;0;0.0;2.0;1.0;1.0;A01
12556;201400008624;0;2;0;0.0;2.0;4.0;9.0;B02
12557;201400008625;0;7;0;0.0;2.0;1.0;1.0;A01
12558;201400008625;0;7;0;0.0;2.0;7.0;19.0;B02
12559;201400008626;0;7;0;0.0;0.0;1.0;1.0;A01
12560;201400008626;0;1;0;0.0;0.0;4.0;1.0;B02
12561;201400008627;0;7;0;2.0;0.0;1.0;14.0;A01
12562;201400008628;0;33;0;0.0;0.0;1.0;1.0;A01
12563;201400008629;0;7;0;2.0;0.0;2.0;1.0;A01
12564;201400008630;0;7;0;0.0;0.0;0.0;1.0;A01
12565;201400008631;0;7;0;13.0;0.0;1.0;19.0;A01
12566;201400008632;0;7;0;0.0;2.0;3.0;13.0;A01
12567;201400008632;0;7;0;0.0;2.0;3.0;1.0;B02
12568;201400008633;0;1;0;0.0;0.0;0.0;1.0;A01
12569;201400008634;0;7;0;2.0;0.0;2.0;14.0;A01
12570;201400008635;0;36;0;13.0;0.0;2.0;1.0;A01
12571;201400008636;0;33;0;0.0;0.0;0.0;1.0;A01
12572;201400008637;0;30;0;0.0;2.0;3.0;1.0;A01
12573;201400008637;0;7;0;0.0;2.0;3.0;1.0;B02
12574;201400008638;0;7;0;13.0;0.0;1.0;13.0;A01
12575;201400008639;0;7;0;0.0;2.0;1.0;1.0;B02
12576;201400008639;0;7;0;0.0;2.0;7.0;13.0;A01
12577;201400008640;0;7;0;0.0;2.0;1.0;19.0;B02
12578;201400008640;0;7;0;0.0;2.0;7.0;1.0;A01
12579;201400008641;0;7;0;0.0;1.0;1.0;2.0;A01
12580;201400008642;0;7;0;0.0;9.0;3.0;1.0;A01
12581;201400008642;0;1;0;0.0;2.0;6.0;1.0;B02
12582;201400008643;0;7;0;0.0;2.0;1.0;13.0;A01
12583;201400008643;0;7;0;0.0;2.0;1.0;1.0;B02
12584;201400008645;0;7;0;0.0;2.0;3.0;5.0;A01
12585;201400008645;0;7;0;0.0;2.0;3.0;1.0;B02
12586;201400008646;0;10;0;0.0;9.0;2.0;1.0;A01
12587;201400008646;0;1;0;0.0;2.0;8.0;15.0;B02
12588;201400008647;0;15;0;0.0;2.0;1.0;1.0;A01
12589;201400008647;0;3;0;0.0;2.0;4.0;23.0;B02
12590;201400008648;0;1;0;0.0;2.0;7.0;1.0;B02
12591;201400008648;0;7;0;0.0;2.0;1.0;1.0;A01
12592;201400008649;0;7;0;0.0;2.0;1.0;0.0;B02
12593;201400008649;0;7;0;0.0;2.0;1.0;0.0;A01
12594;201400008650;0;33;0;13.0;0.0;7.0;1.0;A01
12595;201400008651;0;2;0;0.0;2.0;1.0;1.0;B02
12596;201400008651;0;7;0;0.0;2.0;5.0;15.0;A01
12597;201400008653;0;7;0;0.0;2.0;1.0;1.0;A01
12598;201400008653;0;10;0;0.0;2.0;1.0;1.0;B02
12599;201400008654;0;14;0;0.0;2.0;5.0;16.0;A01
12600;201400008654;0;33;0;0.0;0.0;1.0;1.0;B02
12601;201400008656;0;10;0;0.0;0.0;9.0;1.0;A01
12602;201400008657;0;7;0;0.0;1.0;1.0;0.0;A01
12603;201400008658;0;7;0;0.0;2.0;4.0;2.0;B02
12604;201400008658;0;7;0;9.0;2.0;1.0;2.0;A01
12605;201400008659;0;7;0;0.0;2.0;1.0;13.0;A01
12606;201400008659;0;7;0;0.0;2.0;1.0;1.0;B02
12607;201400008660;0;10;0;0.0;1.0;4.0;4.0;A01
12608;201400008661;0;33;0;14.0;0.0;8.0;0.0;A01
12609;201400008662;0;7;0;6.0;0.0;1.0;5.0;A01
12610;201400008663;0;10;0;0.0;2.0;1.0;5.0;A01
12611;201400008663;0;10;0;0.0;2.0;3.0;21.0;B02
12612;201400008663;0;10;0;0.0;2.0;3.0;0.0;C03
12613;201400008664;0;7;0;0.0;2.0;1.0;0.0;B02
12614;201400008664;0;7;0;0.0;2.0;1.0;13.0;A01
12615;201400008665;0;7;0;0.0;2.0;1.0;13.0;A01
12616;201400008665;0;13;0;0.0;2.0;1.0;1.0;B02
12617;201400008667;0;15;0;0.0;1.0;0.0;15.0;A01
12618;201400008668;0;7;0;0.0;2.0;1.0;1.0;A01
12619;201400008668;0;30;0;0.0;2.0;8.0;19.0;B02
12620;201400008669;0;7;0;13.0;0.0;9.0;1.0;A01
12621;201400008670;0;7;0;13.0;0.0;8.0;1.0;A01
12622;201400008671;0;30;0;14.0;0.0;1.0;1.0;A01
12623;201400008672;0;7;0;0.0;2.0;0.0;0.0;B02
12624;201400008672;0;7;0;0.0;2.0;0.0;0.0;A01
12625;201400008673;0;33;0;0.0;6.0;1.0;1.0;A01
12626;201400008674;0;2;0;0.0;2.0;8.0;15.0;B02
12627;201400008674;0;7;0;0.0;2.0;2.0;17.0;A01
12628;201400008675;0;33;0;0.0;2.0;1.0;13.0;A01
12629;201400008675;0;7;0;0.0;2.0;3.0;21.0;B02
12630;201400008676;0;7;0;0.0;2.0;2.0;19.0;A01
12631;201400008676;0;33;0;0.0;2.0;1.0;1.0;B02
12632;201400008677;0;7;0;0.0;2.0;0.0;0.0;B02
12633;201400008677;0;7;0;0.0;2.0;0.0;1.0;A01
12634;201400008678;0;33;0;0.0;2.0;1.0;1.0;B02
12635;201400008678;0;7;0;0.0;2.0;8.0;15.0;A01
12636;201400008679;0;10;0;0.0;2.0;8.0;1.0;A01
12637;201400008679;0;33;0;0.0;2.0;1.0;1.0;B02
12638;201400008680;0;7;0;0.0;2.0;3.0;1.0;A01
12639;201400008680;0;7;0;0.0;2.0;3.0;1.0;B02
12640;201400008681;0;7;0;0.0;2.0;1.0;1.0;B02
12641;201400008681;0;7;0;0.0;2.0;2.0;15.0;A01
12642;201400008682;0;7;0;0.0;2.0;3.0;1.0;B02
12643;201400008682;0;7;0;0.0;2.0;3.0;5.0;A01
12644;201400008683;0;7;0;13.0;0.0;1.0;1.0;A01
12645;201400008684;0;7;0;10.0;0.0;1.0;0.0;A01
12646;201400008685;0;7;0;0.0;0.0;1.0;1.0;A01
12647;201400008686;0;7;0;0.0;2.0;1.0;1.0;B02
12648;201400008686;0;7;0;0.0;2.0;1.0;13.0;A01
12649;201400008687;0;7;0;0.0;2.0;6.0;15.0;A01
12650;201400008687;0;33;0;0.0;2.0;5.0;21.0;B02
12651;201400008688;0;7;0;13.0;0.0;9.0;14.0;A01
12652;201400008689;0;14;0;2.0;0.0;1.0;1.0;A01
12653;201400008690;0;7;0;0.0;2.0;3.0;16.0;A01
12654;201400008690;0;1;0;0.0;2.0;7.0;2.0;B02
12655;201400008691;0;7;0;0.0;2.0;8.0;19.0;A01
12656;201400008691;0;7;0;0.0;2.0;1.0;1.0;B02
12657;201400008692;0;7;0;0.0;2.0;1.0;1.0;A01
12658;201400008692;0;3;0;0.0;0.0;6.0;9.0;B02
12659;201400008693;0;31;0;0.0;2.0;1.0;16.0;A01
12660;201400008693;0;7;0;0.0;2.0;6.0;15.0;B02
12661;201400008694;0;10;0;13.0;0.0;2.0;1.0;A01
12662;201400008695;0;7;0;0.0;9.0;2.0;17.0;A01
12663;201400008695;0;1;0;0.0;2.0;8.0;1.0;B02
12664;201400008696;0;7;0;0.0;2.0;3.0;13.0;A01
12665;201400008696;0;7;0;0.0;2.0;8.0;1.0;B02
12666;201400008697;0;14;0;0.0;0.0;4.0;23.0;B02
12667;201400008697;0;7;0;1.0;0.0;1.0;14.0;A01
12668;201400008699;0;31;0;13.0;0.0;8.0;1.0;A01
12669;201400008700;0;7;0;0.0;2.0;2.0;19.0;A01
12670;201400008700;0;7;0;0.0;2.0;1.0;0.0;B02
12671;201400008701;0;7;0;13.0;0.0;9.0;1.0;A01
12672;201400008702;0;31;0;0.0;2.0;2.0;17.0;B02
12673;201400008702;0;7;0;0.0;2.0;3.0;1.0;A01
12674;201400008703;0;7;0;0.0;2.0;1.0;17.0;A01
12675;201400008703;0;7;0;0.0;2.0;1.0;1.0;B02
12676;201400008704;0;7;0;0.0;1.0;8.0;1.0;A01
12677;201400008706;0;31;0;12.0;0.0;1.0;1.0;A01
12678;201400008708;0;33;0;0.0;2.0;1.0;17.0;B02
12679;201400008708;0;7;0;0.0;2.0;3.0;10.0;A01
12680;201400008709;1;7;0;0.0;1.0;1.0;1.0;A01
12681;201400008711;0;7;0;0.0;2.0;3.0;1.0;A01
12682;201400008711;0;7;0;0.0;2.0;3.0;1.0;B02
12683;201400008712;0;2;0;0.0;0.0;8.0;0.0;B02
12684;201400008712;0;7;0;0.0;0.0;8.0;2.0;A01
12685;201400008713;0;7;0;0.0;2.0;3.0;9.0;B02
12686;201400008713;0;1;0;0.0;2.0;7.0;1.0;A01
12687;201400008714;0;33;0;0.0;0.0;1.0;1.0;A01
12688;201400008715;0;7;0;0.0;2.0;1.0;1.0;A01
12689;201400008715;0;31;0;0.0;2.0;1.0;1.0;B02
12690;201400008716;0;7;0;0.0;2.0;2.0;2.0;A01
12691;201400008716;0;31;0;0.0;0.0;6.0;2.0;B02
12692;201400008717;0;31;0;0.0;0.0;7.0;1.0;A01
12693;201400008717;0;7;0;0.0;2.0;3.0;1.0;B02
12694;201400008718;0;7;0;0.0;2.0;8.0;1.0;A01
12695;201400008718;0;30;0;0.0;2.0;8.0;1.0;B02
12696;201400008719;0;10;0;0.0;2.0;1.0;1.0;B02
12697;201400008719;0;7;0;0.0;2.0;1.0;1.0;A01
12698;201400008720;0;7;0;0.0;2.0;1.0;1.0;A01
12699;201400008720;0;1;0;0.0;2.0;8.0;19.0;B02
12700;201400008721;0;7;0;0.0;2.0;3.0;1.0;B02
12701;201400008721;0;33;0;0.0;2.0;1.0;1.0;A01
12702;201400008722;0;7;0;0.0;2.0;1.0;13.0;A01
12703;201400008722;0;7;0;0.0;2.0;1.0;1.0;B02
12704;201400008723;0;7;0;0.0;6.0;0.0;14.0;A01
12705;201400008724;0;7;0;0.0;2.0;1.0;1.0;A01
12706;201400008724;0;7;0;0.0;2.0;5.0;0.0;B02
12707;201400008725;0;7;0;13.0;0.0;1.0;13.0;A01
12708;201400008726;0;33;0;2.0;0.0;1.0;1.0;A01
12709;201400008728;0;10;0;0.0;2.0;3.0;1.0;B02
12710;201400008728;0;33;0;0.0;2.0;1.0;13.0;A01
12711;201400008729;0;7;0;0.0;1.0;2.0;16.0;A01
12712;201400008730;0;7;0;0.0;0.0;6.0;15.0;A01
12713;201400008730;0;31;0;0.0;0.0;1.0;17.0;B02
12714;201400008731;0;31;0;13.0;0.0;1.0;14.0;A01
12715;201400008732;0;7;0;13.0;0.0;1.0;1.0;A01
12716;201400008733;0;7;0;0.0;2.0;2.0;1.0;B02
12717;201400008733;0;7;0;0.0;2.0;2.0;13.0;A01
12718;201400008734;0;33;0;13.0;0.0;1.0;1.0;A01
12719;201400008735;0;1;0;0.0;0.0;8.0;10.0;A01
12720;201400008735;0;31;0;0.0;9.0;1.0;1.0;B02
12721;201400008736;0;14;0;6.0;0.0;2.0;14.0;A01
12722;201400008737;0;33;0;0.0;2.0;1.0;2.0;A01
12723;201400008737;0;15;0;0.0;2.0;6.0;2.0;B02
12724;201400008738;0;7;0;0.0;2.0;3.0;13.0;A01
12725;201400008738;0;7;0;0.0;2.0;3.0;1.0;B02
12726;201400008739;0;7;0;0.0;0.0;1.0;1.0;B02
12727;201400008739;0;7;0;0.0;2.0;1.0;13.0;A01
12728;201400008740;0;2;0;0.0;2.0;7.0;17.0;B02
12729;201400008740;1;7;0;0.0;2.0;0.0;15.0;A01
12730;201400008741;0;7;0;0.0;2.0;6.0;1.0;B02
12731;201400008741;0;33;0;0.0;2.0;3.0;16.0;A01
12732;201400008742;0;33;0;0.0;2.0;3.0;1.0;A01
12733;201400008742;1;15;0;0.0;0.0;6.0;19.0;B02
12734;201400008743;0;14;0;0.0;0.0;3.0;1.0;B02
12735;201400008743;0;33;0;0.0;2.0;2.0;1.0;A01
12736;201400008745;0;33;0;13.0;0.0;1.0;1.0;A01
12737;201400008746;0;7;0;0.0;2.0;3.0;1.0;B02
12738;201400008746;1;7;0;0.0;2.0;0.0;0.0;Z01
12739;201400008747;0;7;0;0.0;2.0;7.0;19.0;B02
12740;201400008747;0;7;0;0.0;2.0;1.0;1.0;A01
12741;201400008748;0;7;0;0.0;2.0;3.0;1.0;A01
12742;201400008748;0;7;0;0.0;2.0;3.0;0.0;B02
12743;201400008749;0;7;0;0.0;1.0;3.0;19.0;A01
12744;201400008750;0;7;0;0.0;2.0;1.0;13.0;A01
12745;201400008750;0;7;0;0.0;2.0;1.0;1.0;B02
12746;201400008751;0;7;0;0.0;2.0;2.0;1.0;B02
12747;201400008751;0;7;0;0.0;2.0;3.0;19.0;A01
12748;201400008752;0;7;0;0.0;2.0;1.0;5.0;A01
12749;201400008752;0;33;0;0.0;0.0;8.0;1.0;B02
12750;201400008753;0;10;0;0.0;2.0;3.0;1.0;D04
12751;201400008753;0;7;0;0.0;2.0;3.0;13.0;B02
12752;201400008753;0;10;0;0.0;2.0;1.0;1.0;C03
12753;201400008753;0;15;0;0.0;2.0;0.0;1.0;A01
12754;201400008754;0;14;0;0.0;2.0;2.0;19.0;A01
12755;201400008754;0;2;0;0.0;2.0;1.0;1.0;B02
12756;201400008755;0;10;0;6.0;0.0;3.0;1.0;A01
12757;201400008756;0;7;0;2.0;0.0;1.0;1.0;A01
12758;201400008757;0;7;0;8.0;0.0;7.0;19.0;A01
12759;201400008757;0;39;0;0.0;2.0;1.0;1.0;B02
12760;201400008758;0;10;0;0.0;1.0;3.0;10.0;A01
12761;201400008759;0;10;0;0.0;2.0;3.0;1.0;A01
12762;201400008759;0;10;0;0.0;2.0;2.0;19.0;B02
12763;201400008761;0;7;0;6.0;0.0;2.0;1.0;A01
12764;201400008762;0;10;0;0.0;2.0;3.0;1.0;A01
12765;201400008762;0;7;0;0.0;2.0;7.0;13.0;B02
12766;201400008763;0;10;0;0.0;2.0;3.0;1.0;B02
12767;201400008763;0;7;0;0.0;2.0;1.0;13.0;A01
12768;201400008764;0;7;0;0.0;2.0;3.0;13.0;A01
12769;201400008764;0;7;0;0.0;2.0;3.0;1.0;B02
12770;201400008765;0;7;0;13.0;0.0;1.0;0.0;A01
12771;201400008766;0;1;0;0.0;0.0;6.0;1.0;B02
12772;201400008766;0;7;0;0.0;0.0;2.0;1.0;A01
12773;201400008767;1;7;0;0.0;2.0;6.0;15.0;A01
12774;201400008767;0;31;0;0.0;2.0;1.0;1.0;B02
12775;201400008768;0;7;0;0.0;1.0;1.0;1.0;A01
12776;201400008769;0;7;0;0.0;0.0;0.0;1.0;A01
12777;201400008770;0;7;0;0.0;2.0;1.0;13.0;A01
12778;201400008770;0;7;0;0.0;2.0;1.0;1.0;B02
12779;201400008771;0;15;0;0.0;2.0;1.0;1.0;B02
12780;201400008771;0;7;0;0.0;2.0;3.0;13.0;A01
12781;201400008772;0;7;0;2.0;0.0;8.0;14.0;A01
12782;201400008773;0;31;0;0.0;0.0;0.0;1.0;A01
12783;201400008774;0;10;0;0.0;0.0;2.0;15.0;A01
12784;201400008774;0;2;0;0.0;2.0;1.0;13.0;B02
12785;201400008775;0;14;0;0.0;2.0;1.0;1.0;B02
12786;201400008775;0;7;0;0.0;2.0;8.0;9.0;A01
12787;201400008777;0;10;0;2.0;0.0;8.0;0.0;A01
12788;201400008778;0;7;0;0.0;2.0;1.0;1.0;B02
12789;201400008778;0;7;0;0.0;2.0;6.0;19.0;A01
12790;201400008779;0;7;0;0.0;2.0;1.0;1.0;B02
12791;201400008779;0;7;0;0.0;2.0;2.0;15.0;A01
12792;201400008780;0;7;0;8.0;0.0;9.0;2.0;A01
12793;201400008781;0;7;0;11.0;0.0;1.0;13.0;A01
12794;201400008782;0;10;0;13.0;0.0;1.0;1.0;A01
12795;201400008783;0;7;0;0.0;0.0;0.0;0.0;A01
12796;201400008783;0;14;0;0.0;0.0;0.0;0.0;B02
12797;201400008784;0;7;0;0.0;2.0;1.0;9.0;A01
12798;201400008784;0;7;0;0.0;2.0;7.0;0.0;B02
12799;201400008786;0;31;0;0.0;0.0;7.0;1.0;A01
12800;201400008788;0;7;0;0.0;9.0;9.0;1.0;A01
12801;201400008789;0;7;0;0.0;2.0;1.0;2.0;A01
12802;201400008789;0;7;0;0.0;2.0;4.0;2.0;B02
12803;201400008789;0;10;0;0.0;2.0;4.0;2.0;C03
12804;201400008790;0;7;0;2.0;0.0;3.0;1.0;A01
12805;201400008791;0;7;0;2.0;0.0;1.0;2.0;A01
12806;201400008792;0;7;0;0.0;2.0;6.0;1.0;B02
12807;201400008792;0;2;0;0.0;2.0;1.0;1.0;A01
12808;201400008793;0;1;0;0.0;0.0;1.0;0.0;A01
12809;201400008794;0;7;0;0.0;0.0;2.0;0.0;A01
12810;201400008795;0;10;0;0.0;2.0;2.0;14.0;B02
12811;201400008795;0;30;0;0.0;2.0;3.0;1.0;A01
12812;201400008797;0;7;0;16.0;0.0;1.0;0.0;A01
12813;201400008798;0;31;0;0.0;2.0;1.0;1.0;B02
12814;201400008798;0;7;0;0.0;0.0;7.0;15.0;A01
12815;201400008799;0;38;0;0.0;2.0;1.0;0.0;B02
12816;201400008799;0;7;0;0.0;2.0;1.0;0.0;A01
12817;201400008800;0;7;0;0.0;2.0;6.0;15.0;B02
12818;201400008800;0;33;0;0.0;2.0;1.0;17.0;A01
12819;201400008801;0;7;0;0.0;2.0;1.0;1.0;B02
12820;201400008801;0;30;0;0.0;2.0;8.0;19.0;A01
12821;201400008802;0;33;0;0.0;2.0;1.0;13.0;A01
12822;201400008802;0;7;0;0.0;2.0;1.0;1.0;B02
12823;201400008803;0;14;0;13.0;0.0;9.0;1.0;A01
12824;201400008806;0;7;0;0.0;2.0;2.0;15.0;A01
12825;201400008806;0;33;0;0.0;2.0;1.0;1.0;B02
12826;201400008807;0;7;0;0.0;9.0;8.0;0.0;B02
12827;201400008807;0;1;0;0.0;2.0;1.0;0.0;A01
12828;201400008808;0;7;0;6.0;0.0;2.0;1.0;A01
12829;201400008809;0;7;0;13.0;0.0;3.0;1.0;A01
12830;201400008810;0;30;0;0.0;2.0;1.0;1.0;B02
12831;201400008810;0;7;0;0.0;2.0;3.0;1.0;A01
12832;201400008811;0;7;0;0.0;2.0;1.0;1.0;B02
12833;201400008811;0;33;0;0.0;2.0;1.0;1.0;A01
12834;201400008812;0;7;0;0.0;9.0;0.0;1.0;A01
12835;201400008813;0;7;0;6.0;0.0;1.0;1.0;A01
12836;201400008814;0;33;0;0.0;2.0;1.0;1.0;B02