;Num_Acc;senc;catv;occutc;obs;obsm;choc;manv;num_veh
12837;201400008814;0;7;0;0.0;2.0;3.0;11.0;A01
12838;201400008815;0;7;0;0.0;2.0;2.0;13.0;A01
12839;201400008815;0;7;0;0.0;9.0;1.0;1.0;B02
12840;201400008816;0;7;0;0.0;2.0;3.0;13.0;A01
12841;201400008816;0;7;0;0.0;2.0;3.0;0.0;B02
12842;201400008817;0;7;0;14.0;1.0;1.0;1.0;A01
12843;201400008818;0;31;0;0.0;2.0;1.0;1.0;B02
12844;201400008818;0;7;0;0.0;2.0;2.0;15.0;A01
12845;201400008819;0;7;0;0.0;1.0;8.0;1.0;A01
12846;201400008820;0;7;0;0.0;2.0;2.0;1.0;A01
12847;201400008820;0;33;0;0.0;2.0;1.0;2.0;B02
12848;201400008822;0;7;0;13.0;0.0;2.0;1.0;A01
12849;201400008823;0;34;0;0.0;6.0;1.0;1.0;A01
12850;201400008824;0;7;0;0.0;2.0;4.0;13.0;A01
12851;201400008824;0;7;0;0.0;2.0;1.0;1.0;B02
12852;201400008826;0;7;0;0.0;2.0;8.0;15.0;B02
12853;201400008826;0;7;0;0.0;2.0;1.0;1.0;A01
12854;201400008827;0;10;0;0.0;0.0;1.0;14.0;A01
12855;201400008828;0;7;0;13.0;0.0;3.0;0.0;A01
12856;201400008829;0;7;0;0.0;2.0;1.0;17.0;A01
12857;201400008829;0;7;0;0.0;2.0;1.0;1.0;B02
12858;201400008831;0;33;0;0.0;0.0;8.0;0.0;A01
12859;201400008832;0;31;0;0.0;0.0;8.0;1.0;A01
12860;201400008833;0;1;0;0.0;2.0;2.0;15.0;A01
12861;201400008833;0;7;0;0.0;2.0;3.0;1.0;B02
12862;201400008834;0;1;0;0.0;2.0;8.0;15.0;B02
12863;201400008834;0;7;0;0.0;2.0;7.0;17.0;A01
12864;201400008835;0;7;0;2.0;0.0;2.0;14.0;A01
12865;201400008836;0;14;0;2.0;0.0;8.0;1.0;A01
12866;201400008839;0;7;0;0.0;2.0;3.0;13.0;A01
12867;201400008839;0;7;0;0.0;2.0;3.0;1.0;B02
12868;201400008839;0;7;0;0.0;2.0;1.0;1.0;C03
12869;201400008840;0;33;0;13.0;0.0;2.0;1.0;A01
12870;201400008841;0;7;0;8.0;0.0;1.0;16.0;A01
12871;201400008843;0;31;0;0.0;2.0;1.0;1.0;B02
12872;201400008843;0;30;0;0.0;0.0;4.0;15.0;A01
12873;201400008845;0;7;0;6.0;0.0;1.0;1.0;A01
12874;201400008846;0;10;0;0.0;2.0;1.0;1.0;A01
12875;201400008846;0;15;0;0.0;2.0;3.0;1.0;B02
12876;201400008847;0;10;0;0.0;1.0;1.0;1.0;A01
12877;201400008848;0;31;0;0.0;2.0;1.0;1.0;C03
12878;201400008848;0;7;0;0.0;2.0;3.0;17.0;A01
12879;201400008848;0;31;0;0.0;2.0;1.0;1.0;B02
12880;201400008849;0;7;0;6.0;0.0;1.0;1.0;A01
12881;201400008850;0;7;0;0.0;0.0;0.0;1.0;A01
12882;201400008851;0;14;0;0.0;2.0;1.0;1.0;B02
12883;201400008851;0;7;0;0.0;2.0;7.0;15.0;A01
12884;201400008851;0;7;0;0.0;2.0;8.0;23.0;C03
12885;201400008852;0;33;0;0.0;2.0;1.0;13.0;A01
12886;201400008852;0;7;0;0.0;2.0;8.0;1.0;B02
12887;201400008853;0;36;0;13.0;0.0;3.0;13.0;A01
12888;201400008854;0;7;0;0.0;2.0;2.0;1.0;B02
12889;201400008854;0;7;0;0.0;2.0;3.0;5.0;A01
12890;201400008855;0;7;0;0.0;2.0;2.0;1.0;B02
12891;201400008855;0;7;0;0.0;2.0;3.0;13.0;A01
12892;201400008856;0;7;0;13.0;0.0;1.0;13.0;A01
12893;201400008857;0;33;0;0.0;2.0;1.0;2.0;B02
12894;201400008857;0;7;0;0.0;2.0;6.0;13.0;A01
12895;201400008858;0;7;0;0.0;1.0;2.0;1.0;A01
12896;201400008860;0;7;0;0.0;2.0;3.0;0.0;B02
12897;201400008860;0;7;0;0.0;2.0;3.0;13.0;A01
12898;201400008861;0;33;0;7.0;0.0;1.0;1.0;A01
12899;201400008862;0;17;0;0.0;2.0;6.0;1.0;B02
12900;201400008862;0;7;0;0.0;2.0;1.0;13.0;A01
12901;201400008863;0;33;0;13.0;0.0;9.0;1.0;A01
12902;201400008864;0;7;0;0.0;2.0;3.0;1.0;B02
12903;201400008864;0;7;0;0.0;2.0;2.0;1.0;A01
12904;201400008866;0;7;0;13.0;0.0;1.0;15.0;A01
12905;201400008867;0;7;0;0.0;1.0;3.0;1.0;A01
12906;201400008868;0;7;0;0.0;2.0;6.0;1.0;B02
12907;201400008868;0;7;0;0.0;2.0;3.0;13.0;A01
12908;201400008869;0;33;0;0.0;2.0;1.0;1.0;B02
12909;201400008869;0;7;0;0.0;2.0;1.0;19.0;A01
12910;201400008870;0;7;0;0.0;2.0;8.0;1.0;A01
12911;201400008870;0;10;0;0.0;2.0;1.0;1.0;B02
12912;201400008871;0;7;0;0.0;0.0;8.0;1.0;A01
12913;201400008872;0;10;0;9.0;0.0;2.0;1.0;A01
12914;201400008873;0;7;0;0.0;2.0;1.0;1.0;B02
12915;201400008873;0;7;0;0.0;2.0;1.0;13.0;A01
12916;201400008875;0;1;0;0.0;0.0;0.0;1.0;A01
12917;201400008876;0;7;0;1.0;0.0;1.0;13.0;A01
12918;201400008878;0;10;0;0.0;1.0;4.0;4.0;A01
12919;201400008879;0;7;0;10.0;0.0;1.0;0.0;A01
12920;201400008880;0;33;0;0.0;2.0;0.0;1.0;B02
12921;201400008880;0;7;0;0.0;0.0;0.0;13.0;A01
12922;201400008881;0;7;0;0.0;2.0;1.0;1.0;A01
12923;201400008881;0;1;0;0.0;2.0;8.0;11.0;B02
12924;201400008882;0;7;0;0.0;2.0;7.0;11.0;A01
12925;201400008882;0;7;0;0.0;2.0;1.0;1.0;B02
12926;201400008883;0;33;0;0.0;2.0;2.0;1.0;B02
12927;201400008883;0;33;0;0.0;2.0;2.0;13.0;A01
12928;201400008885;0;7;0;0.0;2.0;1.0;0.0;A01
12929;201400008885;0;7;0;0.0;2.0;1.0;21.0;B02
12930;201400008886;0;7;0;0.0;2.0;3.0;1.0;B02
12931;201400008886;0;33;0;0.0;2.0;1.0;13.0;A01
12932;201400008887;0;1;0;0.0;2.0;1.0;1.0;B02
12933;201400008887;0;14;0;0.0;9.0;9.0;21.0;A01
12934;201400008889;0;7;0;10.0;0.0;1.0;1.0;A01
12935;201400008891;0;7;0;0.0;2.0;3.0;1.0;B02
12936;201400008891;0;7;0;0.0;2.0;3.0;13.0;A01
12937;201400008891;0;7;0;0.0;2.0;1.0;1.0;C03
12938;201400008892;0;7;0;2.0;0.0;9.0;1.0;A01
12939;201400008893;0;33;0;0.0;2.0;1.0;13.0;A01
12940;201400008893;0;7;0;0.0;2.0;3.0;1.0;B02
12941;201400008894;0;7;0;13.0;0.0;2.0;1.0;A01
12942;201400008896;0;7;0;0.0;2.0;1.0;15.0;A01
12943;201400008896;0;33;0;0.0;2.0;1.0;1.0;B02
12944;201400008897;0;7;0;0.0;1.0;7.0;1.0;A01
12945;201400008898;0;7;0;13.0;0.0;5.0;1.0;A01
12946;201400008899;0;33;0;0.0;0.0;1.0;21.0;A01
12947;201400008900;0;7;0;6.0;0.0;1.0;0.0;A01
12948;201400008902;0;33;0;13.0;0.0;9.0;1.0;A01
12949;201400008903;0;7;0;0.0;0.0;9.0;1.0;A01
12950;201400008904;0;2;0;10.0;0.0;7.0;1.0;A01
12951;201400008905;0;7;0;0.0;2.0;1.0;1.0;C03
12952;201400008905;0;7;0;0.0;2.0;3.0;1.0;A01
12953;201400008905;0;7;0;0.0;2.0;8.0;1.0;B02
12954;201400008906;0;7;0;0.0;2.0;1.0;17.0;A01
12955;201400008906;0;7;0;0.0;2.0;4.0;17.0;B02
12956;201400008907;0;7;0;0.0;2.0;3.0;1.0;B02
12957;201400008907;0;7;0;0.0;2.0;2.0;1.0;A01
12958;201400008908;0;7;0;13.0;0.0;1.0;1.0;A01
12959;201400008911;0;33;0;2.0;0.0;9.0;1.0;A01
12960;201400008912;0;7;0;0.0;2.0;5.0;2.0;B02
12961;201400008912;0;30;0;0.0;2.0;1.0;2.0;A01
12962;201400008913;0;10;0;6.0;0.0;7.0;14.0;A01
12963;201400008914;0;7;0;13.0;0.0;1.0;13.0;A01
12964;201400008915;0;7;0;0.0;1.0;1.0;1.0;A01
12965;201400008916;0;7;0;2.0;0.0;3.0;13.0;A01
12966;201400008917;0;7;0;0.0;2.0;1.0;1.0;B02
12967;201400008917;0;7;0;0.0;2.0;2.0;15.0;A01
12968;201400008919;0;7;0;0.0;2.0;3.0;1.0;B02
12969;201400008919;0;1;0;0.0;2.0;7.0;1.0;A01
12970;201400008920;0;7;0;0.0;2.0;6.0;15.0;A01
12971;201400008920;0;2;0;0.0;2.0;1.0;13.0;B02
12972;201400008921;0;7;0;7.0;0.0;1.0;1.0;A01
12973;201400008922;0;33;0;0.0;2.0;0.0;17.0;B02
12974;201400008922;0;7;0;0.0;9.0;0.0;1.0;A01
12975;201400008924;0;30;0;4.0;0.0;8.0;13.0;A01
12976;201400008925;0;7;0;2.0;0.0;7.0;16.0;A01
12977;201400008926;0;33;0;12.0;0.0;2.0;1.0;A01
12978;201400008927;0;33;0;0.0;2.0;1.0;2.0;A01
12979;201400008927;0;7;0;0.0;0.0;6.0;19.0;B02
12980;201400008929;0;7;0;0.0;2.0;3.0;13.0;A01
12981;201400008929;0;7;0;0.0;2.0;3.0;1.0;B02
12982;201400008930;0;7;0;3.0;0.0;8.0;1.0;A01
12983;201400008930;0;32;0;0.0;2.0;1.0;17.0;C03
12984;201400008930;2;7;0;0.0;2.0;3.0;1.0;B02
12985;201400008931;0;30;0;0.0;2.0;1.0;1.0;B02
12986;201400008931;0;7;0;0.0;2.0;7.0;21.0;A01
12987;201400008931;0;7;0;14.0;0.0;1.0;1.0;C03
12988;201400008932;0;31;0;0.0;2.0;2.0;1.0;B02
12989;201400008932;0;7;0;0.0;2.0;8.0;15.0;A01
12990;201400008933;0;3;0;0.0;2.0;3.0;13.0;B02
12991;201400008933;0;7;0;0.0;2.0;3.0;21.0;A01
12992;201400008934;0;7;0;0.0;2.0;3.0;15.0;B02
12993;201400008934;0;33;0;0.0;2.0;7.0;1.0;A01
12994;201400008935;0;7;0;0.0;1.0;5.0;4.0;A01
12995;201400008936;0;7;0;0.0;2.0;2.0;1.0;A01
12996;201400008936;0;32;0;0.0;2.0;3.0;1.0;B02
12997;201400008937;0;33;0;0.0;0.0;1.0;1.0;A01
12998;201400008938;0;7;0;0.0;2.0;3.0;1.0;B02
12999;201400008938;0;7;0;0.0;2.0;3.0;13.0;A01
13000;201400008940;0;33;0;0.0;0.0;1.0;17.0;B02
13001;201400008940;0;7;0;0.0;0.0;8.0;15.0;A01
13002;201400008941;0;7;0;13.0;0.0;3.0;1.0;A01
13003;201400008942;0;7;0;0.0;9.0;7.0;17.0;A01
13004;201400008942;0;1;0;0.0;0.0;8.0;1.0;B02
13005;201400008943;0;2;0;0.0;2.0;1.0;1.0;B02
13006;201400008943;0;7;0;0.0;2.0;6.0;1.0;C03
13007;201400008943;0;7;0;0.0;2.0;3.0;17.0;A01
13008;201400008944;0;33;0;0.0;2.0;1.0;17.0;B02
13009;201400008944;0;7;0;0.0;0.0;6.0;15.0;A01
13010;201400008945;0;37;0;0.0;1.0;1.0;1.0;A01
13011;201400008946;0;7;0;13.0;0.0;5.0;13.0;A01
13012;201400008947;0;7;0;0.0;2.0;0.0;13.0;A01
13013;201400008947;0;7;0;0.0;2.0;3.0;1.0;B02
13014;201400008948;0;7;0;0.0;1.0;3.0;1.0;A01
13015;201400008949;0;10;0;0.0;2.0;8.0;1.0;B02
13016;201400008949;0;30;0;0.0;2.0;1.0;1.0;A01
13017;201400008950;0;31;0;0.0;0.0;1.0;1.0;A01
13018;201400008951;0;2;0;0.0;2.0;1.0;0.0;B02
13019;201400008951;0;34;0;0.0;2.0;1.0;0.0;A01
13020;201400008952;0;7;0;0.0;1.0;1.0;1.0;A01
13021;201400008953;0;7;0;2.0;0.0;1.0;1.0;A01
13022;201400008954;0;7;0;0.0;2.0;3.0;15.0;B02
13023;201400008954;0;7;0;0.0;2.0;7.0;17.0;A01
13024;201400008955;0;10;0;0.0;2.0;1.0;1.0;B02
13025;201400008955;0;7;0;0.0;2.0;1.0;13.0;A01
13026;201400008955;0;7;0;0.0;2.0;1.0;1.0;C03
13027;201400008956;0;7;0;2.0;0.0;3.0;1.0;A01
13028;201400008957;0;7;0;0.0;2.0;2.0;1.0;B02
13029;201400008957;0;7;0;0.0;2.0;1.0;17.0;A01
13030;201400008958;0;7;0;0.0;5.0;1.0;1.0;B02
13031;201400008958;0;7;0;0.0;5.0;1.0;1.0;A01
13032;201400008959;0;7;0;0.0;2.0;6.0;4.0;A01
13033;201400008959;0;2;0;0.0;2.0;1.0;1.0;B02
13034;201400008960;0;7;0;2.0;0.0;3.0;1.0;A01
13035;201400008961;0;1;0;0.0;2.0;1.0;15.0;C03
13036;201400008961;0;7;0;0.0;9.0;1.0;2.0;A01
13037;201400008961;0;7;0;0.0;0.0;4.0;0.0;B02
13038;201400008962;0;7;0;0.0;2.0;8.0;10.0;A01
13039;201400008962;0;34;0;0.0;2.0;1.0;1.0;B02
13040;201400008963;0;7;0;0.0;2.0;8.0;13.0;A01
13041;201400008963;0;7;0;0.0;2.0;1.0;1.0;B02
13042;201400008964;0;30;0;0.0;2.0;8.0;1.0;A01
13043;201400008964;0;7;0;0.0;2.0;1.0;12.0;B02
13044;201400008965;0;14;0;0.0;2.0;3.0;1.0;B02
13045;201400008965;0;7;0;0.0;2.0;3.0;14.0;A01
13046;201400008967;0;7;0;0.0;2.0;8.0;15.0;A01
13047;201400008967;0;7;0;0.0;2.0;1.0;1.0;B02
13048;201400008968;1;99;0;0.0;2.0;0.0;0.0;Z01
13049;201400008968;0;1;0;0.0;2.0;1.0;23.0;B02
13050;201400008969;0;7;0;0.0;2.0;1.0;1.0;A01
13051;201400008969;0;7;0;0.0;2.0;1.0;13.0;B02
13052;201400008970;0;31;0;11.0;0.0;1.0;17.0;A01
13053;201400008971;0;21;0;0.0;0.0;8.0;15.0;A01
13054;201400008971;0;33;0;0.0;2.0;1.0;17.0;B02
13055;201400008972;0;7;0;0.0;2.0;1.0;5.0;A01
13056;201400008972;0;7;0;0.0;2.0;1.0;1.0;B02
13057;201400008973;0;7;0;8.0;0.0;4.0;4.0;A01
13058;201400008974;0;7;0;0.0;0.0;8.0;15.0;C03
13059;201400008974;0;33;0;0.0;2.0;1.0;1.0;A01
13060;201400008974;0;33;0;14.0;0.0;1.0;1.0;B02
13061;201400008975;0;7;0;6.0;0.0;9.0;1.0;A01
13062;201400008977;0;7;0;0.0;2.0;3.0;10.0;A01
13063;201400008977;0;15;0;0.0;2.0;1.0;1.0;B02
13064;201400008978;0;33;0;13.0;0.0;1.0;1.0;A01
13065;201400008979;0;7;0;0.0;2.0;2.0;1.0;B02
13066;201400008979;0;33;0;3.0;2.0;2.0;1.0;A01
13067;201400008980;0;33;0;0.0;2.0;1.0;1.0;C03
13068;201400008980;0;7;0;0.0;2.0;8.0;1.0;B02
13069;201400008980;0;7;0;0.0;2.0;3.0;13.0;A01
13070;201400008981;0;7;0;0.0;2.0;3.0;15.0;A01
13071;201400008981;0;2;0;0.0;2.0;1.0;17.0;B02
13072;201400008983;0;30;0;0.0;1.0;1.0;2.0;A01
13073;201400008984;0;33;0;0.0;2.0;1.0;1.0;B02
13074;201400008984;0;7;0;0.0;2.0;1.0;5.0;A01
13075;201400008985;0;7;0;0.0;0.0;0.0;0.0;A01
13076;201400008986;0;7;0;1.0;1.0;1.0;14.0;A01
13077;201400008987;0;7;0;0.0;2.0;6.0;13.0;A01
13078;201400008987;0;14;0;0.0;2.0;6.0;1.0;B02
13079;201400008987;0;21;0;0.0;2.0;3.0;1.0;C03
13080;201400008988;0;33;0;3.0;0.0;0.0;1.0;A01
13081;201400008989;0;10;0;0.0;1.0;2.0;1.0;A01
13082;201400008990;0;7;0;0.0;2.0;1.0;21.0;A01
13083;201400008990;0;14;0;0.0;2.0;1.0;21.0;B02
13084;201400008991;0;7;0;0.0;0.0;4.0;2.0;B02
13085;201400008991;0;7;0;0.0;0.0;1.0;2.0;A01
13086;201400008992;0;7;0;0.0;2.0;2.0;15.0;A01
13087;201400008992;0;7;0;0.0;2.0;1.0;1.0;B02
13088;201400008993;0;7;0;0.0;2.0;3.0;13.0;A01
13089;201400008993;0;7;0;0.0;2.0;3.0;1.0;B02
13090;201400008994;0;33;0;0.0;2.0;1.0;1.0;B02
13091;201400008994;0;7;0;0.0;2.0;7.0;15.0;A01
13092;201400008996;0;7;0;0.0;2.0;1.0;1.0;A01
13093;201400008996;0;10;0;0.0;2.0;7.0;19.0;B02
13094;201400008997;0;7;0;0.0;2.0;1.0;1.0;B02
13095;201400008997;0;7;0;0.0;2.0;2.0;11.0;A01
13096;201400008998;0;10;0;1.0;1.0;2.0;1.0;A01
13097;201400008999;0;7;0;6.0;0.0;3.0;17.0;A01
13098;201400009000;0;33;0;0.0;2.0;9.0;1.0;A01
13099;201400009000;0;7;0;0.0;2.0;3.0;1.0;B02
13100;201400009000;0;7;0;0.0;2.0;2.0;1.0;C03
13101;201400009001;0;1;0;0.0;2.0;1.0;1.0;A01
13102;201400009001;0;10;0;0.0;2.0;8.0;9.0;B02
13103;201400009003;0;7;0;0.0;2.0;8.0;1.0;A01
13104;201400009003;0;33;0;0.0;2.0;8.0;1.0;B02
13105;201400009004;0;7;0;0.0;2.0;5.0;15.0;A01
13106;201400009004;0;33;0;0.0;2.0;1.0;1.0;B02
13107;201400009005;0;7;0;0.0;2.0;1.0;13.0;A01
13108;201400009005;0;7;0;0.0;2.0;1.0;1.0;B02
13109;201400009006;0;14;0;0.0;2.0;2.0;15.0;A01
13110;201400009006;0;33;0;0.0;2.0;1.0;14.0;B02
13111;201400009007;0;7;0;0.0;2.0;3.0;1.0;A01
13112;201400009007;0;7;0;0.0;2.0;6.0;1.0;B02
13113;201400009007;0;7;0;0.0;2.0;1.0;1.0;C03
13114;201400009008;0;7;0;0.0;2.0;3.0;1.0;A01
13115;201400009008;0;7;0;0.0;2.0;1.0;1.0;B02
13116;201400009008;0;7;0;0.0;2.0;3.0;1.0;C03
13117;201400009009;0;7;0;0.0;2.0;8.0;15.0;A01
13118;201400009009;0;33;0;0.0;2.0;8.0;1.0;B02
13119;201400009010;0;10;0;0.0;2.0;7.0;17.0;A01
13120;201400009010;0;31;0;0.0;2.0;8.0;2.0;B02
13121;201400009011;0;7;0;0.0;2.0;1.0;1.0;A01
13122;201400009011;0;7;0;0.0;2.0;1.0;1.0;B02
13123;201400009012;0;7;0;0.0;0.0;7.0;15.0;A01
13124;201400009012;0;31;0;0.0;2.0;1.0;1.0;B02
13125;201400009013;0;7;0;0.0;2.0;1.0;15.0;A01
13126;201400009013;0;7;0;6.0;2.0;8.0;1.0;B02
13127;201400009014;0;2;0;1.0;0.0;1.0;1.0;A01
13128;201400009014;0;10;0;0.0;0.0;4.0;20.0;B02
13129;201400009015;0;1;0;14.0;0.0;1.0;1.0;A01
13130;201400009016;0;33;0;10.0;0.0;1.0;0.0;A01
13131;201400009017;0;33;0;10.0;0.0;7.0;1.0;A01
13132;201400009018;0;7;0;0.0;2.0;1.0;10.0;A01
13133;201400009018;0;33;0;0.0;2.0;1.0;1.0;B02
13134;201400009019;0;33;0;0.0;2.0;8.0;1.0;A01
13135;201400009019;0;33;0;0.0;2.0;8.0;1.0;B02
13136;201400009020;0;31;0;0.0;2.0;1.0;13.0;A01
13137;201400009020;0;7;0;0.0;2.0;3.0;0.0;B02
13138;201400009021;0;10;0;0.0;2.0;7.0;15.0;A01
13139;201400009021;0;33;0;0.0;2.0;1.0;1.0;B02
13140;201400009022;0;7;0;15.0;0.0;3.0;1.0;A01
13141;201400009023;0;36;0;13.0;0.0;0.0;1.0;A01
13142;201400009024;0;34;0;0.0;0.0;7.0;18.0;A01
13143;201400009025;0;10;0;3.0;0.0;2.0;0.0;A01
13144;201400009026;0;7;0;0.0;2.0;6.0;23.0;A01
13145;201400009026;0;33;0;0.0;2.0;1.0;2.0;B02
13146;201400009028;0;7;0;2.0;0.0;3.0;1.0;A01
13147;201400009030;0;17;0;2.0;0.0;1.0;1.0;A01
13148;201400009031;0;7;0;0.0;1.0;1.0;1.0;A01
13149;201400009032;0;30;0;12.0;0.0;8.0;19.0;A01
13150;201400009033;0;7;0;6.0;0.0;1.0;1.0;A01
13151;201400009034;0;30;0;0.0;0.0;0.0;0.0;A01
13152;201400009035;0;2;0;0.0;2.0;2.0;9.0;A01
13153;201400009037;0;33;0;6.0;0.0;1.0;1.0;A01
13154;201400009039;0;2;0;0.0;2.0;1.0;0.0;A01
13155;201400009039;0;7;0;0.0;2.0;3.0;0.0;B02
13156;201400009040;0;7;0;0.0;2.0;1.0;0.0;A01
13157;201400009040;0;7;0;0.0;2.0;1.0;5.0;B02
13158;201400009041;0;10;0;0.0;2.0;2.0;15.0;A01
13159;201400009041;0;33;0;0.0;2.0;1.0;13.0;B02
13160;201400009043;0;7;0;0.0;0.0;9.0;0.0;A01
13161;201400009044;0;7;0;0.0;1.0;3.0;1.0;A01
13162;201400009045;0;7;0;0.0;2.0;2.0;15.0;A01
13163;201400009045;0;33;0;0.0;2.0;1.0;1.0;B02
13164;201400009046;0;1;0;0.0;2.0;1.0;16.0;A01
13165;201400009046;0;7;0;0.0;2.0;3.0;9.0;B02
13166;201400009047;0;7;0;0.0;2.0;3.0;13.0;A01
13167;201400009047;0;7;0;0.0;2.0;3.0;1.0;B02
13168;201400009048;0;7;0;0.0;2.0;2.0;15.0;A01
13169;201400009048;0;7;0;0.0;2.0;2.0;1.0;B02
13170;201400009049;0;7;0;0.0;2.0;1.0;13.0;A01
13171;201400009049;0;7;0;0.0;2.0;1.0;13.0;B02
13172;201400009050;0;1;0;13.0;0.0;0.0;1.0;A01
13173;201400009052;0;7;0;0.0;2.0;3.0;17.0;A01
13174;201400009052;0;7;0;0.0;0.0;3.0;1.0;B02
13175;201400009053;0;10;0;0.0;2.0;3.0;13.0;A01
13176;201400009053;0;10;0;0.0;2.0;3.0;1.0;B02
13177;201400009054;0;33;0;0.0;2.0;8.0;1.0;A01
13178;201400009054;0;7;0;0.0;2.0;3.0;1.0;B02
13179;201400009055;0;10;0;0.0;9.0;2.0;2.0;A01
13180;201400009055;0;10;0;0.0;9.0;2.0;2.0;B02
13181;201400009055;0;1;0;0.0;2.0;3.0;2.0;C03
13182;201400009056;0;7;0;0.0;0.0;3.0;15.0;A01
13183;201400009056;0;34;0;0.0;0.0;8.0;0.0;B02
13184;201400009057;0;7;0;0.0;0.0;1.0;14.0;A01
13185;201400009058;0;7;0;0.0;0.0;1.0;2.0;A01
13186;201400009059;0;33;0;2.0;0.0;1.0;1.0;A01
13187;201400009061;0;7;0;0.0;2.0;2.0;1.0;A01
13188;201400009061;0;7;0;0.0;2.0;3.0;15.0;C03
13189;201400009062;0;7;0;0.0;2.0;7.0;13.0;A01
13190;201400009062;0;7;0;0.0;2.0;1.0;1.0;B02
13191;201400009063;0;7;0;13.0;0.0;9.0;13.0;A01
13192;201400009063;0;7;0;0.0;2.0;3.0;1.0;B02
13193;201400009064;0;14;0;0.0;2.0;0.0;1.0;D04
13194;201400009064;0;7;0;0.0;2.0;3.0;1.0;B02
13195;201400009064;0;7;0;0.0;2.0;3.0;13.0;A01
13196;201400009064;0;10;0;0.0;2.0;3.0;1.0;C03
13197;201400009065;0;7;0;6.0;0.0;1.0;1.0;A01
13198;201400009066;0;7;0;13.0;0.0;1.0;13.0;A01
13199;201400009067;0;7;0;1.0;0.0;1.0;1.0;A01
13200;201400009067;0;7;0;0.0;2.0;4.0;24.0;B02
13201;201400009068;0;7;0;0.0;2.0;3.0;17.0;A01
13202;201400009068;0;10;0;0.0;2.0;3.0;0.0;B02
13203;201400009069;0;7;0;0.0;0.0;2.0;1.0;A01
13204;201400009070;0;7;0;0.0;2.0;1.0;1.0;B02
13205;201400009070;0;34;0;0.0;2.0;1.0;13.0;A01
13206;201400009071;0;7;0;10.0;0.0;9.0;13.0;A01
13207;201400009072;0;7;0;0.0;1.0;3.0;1.0;A01
13208;201400009073;0;33;0;0.0;2.0;1.0;17.0;A01
13209;201400009073;0;7;0;0.0;2.0;1.0;0.0;B02
13210;201400009074;0;7;0;6.0;0.0;1.0;19.0;A01
13211;201400009075;0;3;0;0.0;2.0;3.0;13.0;B02
13212;201400009075;0;7;0;0.0;2.0;3.0;1.0;A01
13213;201400009076;0;7;0;0.0;2.0;3.0;17.0;A01
13214;201400009076;0;7;0;0.0;2.0;3.0;1.0;B02
13215;201400009077;0;33;0;0.0;2.0;1.0;1.0;B02
13216;201400009077;0;10;0;0.0;2.0;2.0;1.0;A01
13217;201400009078;0;33;0;0.0;2.0;1.0;1.0;A01
13218;201400009078;0;7;0;0.0;2.0;7.0;15.0;B02
13219;201400009079;0;34;0;0.0;2.0;1.0;13.0;A01
13220;201400009079;0;7;0;0.0;2.0;3.0;1.0;B02
13221;201400009080;0;33;0;0.0;2.0;1.0;1.0;A01
13222;201400009080;0;10;0;0.0;2.0;2.0;15.0;B02
13223;201400009081;0;30;0;0.0;0.0;1.0;0.0;A01
13224;201400009082;0;7;0;0.0;2.0;5.0;13.0;A01
13225;201400009082;0;10;0;0.0;2.0;1.0;1.0;B02
13226;201400009083;0;7;0;0.0;2.0;3.0;15.0;A01
13227;201400009083;0;34;0;0.0;2.0;1.0;1.0;B02
13228;201400009084;0;2;0;0.0;0.0;7.0;13.0;A01
13229;201400009085;0;7;0;6.0;0.0;2.0;1.0;A01
13230;201400009086;0;7;0;0.0;2.0;1.0;13.0;A01
13231;201400009086;0;7;0;0.0;2.0;1.0;1.0;B02
13232;201400009087;0;33;0;0.0;2.0;1.0;17.0;A01
13233;201400009087;0;7;0;0.0;2.0;8.0;15.0;B02
13234;201400009088;0;7;0;0.0;1.0;3.0;1.0;A01
13235;201400009089;0;31;0;0.0;2.0;1.0;11.0;B02
13236;201400009089;0;7;0;0.0;2.0;1.0;1.0;A01
13237;201400009090;0;31;0;0.0;2.0;1.0;1.0;A01
13238;201400009090;0;7;0;0.0;2.0;1.0;1.0;B02
13239;201400009091;0;31;0;0.0;2.0;1.0;1.0;B02
13240;201400009091;0;10;0;0.0;2.0;7.0;11.0;A01
13241;201400009092;0;33;0;0.0;2.0;1.0;1.0;A01
13242;201400009092;0;7;0;0.0;2.0;7.0;19.0;B02
13243;201400009094;0;7;0;0.0;2.0;4.0;2.0;B02
13244;201400009094;0;7;0;0.0;2.0;1.0;2.0;A01
13245;201400009095;0;7;0;0.0;1.0;2.0;15.0;A01
13246;201400009096;0;7;0;2.0;0.0;1.0;1.0;A01
13247;201400009097;0;30;0;0.0;0.0;1.0;1.0;A01
13248;201400009098;0;7;0;1.0;0.0;3.0;2.0;A01
13249;201400009099;0;14;0;0.0;0.0;1.0;1.0;A01
13250;201400009100;0;7;0;16.0;0.0;1.0;1.0;A01
13251;201400009101;0;33;0;0.0;2.0;1.0;1.0;A01
13252;201400009101;0;10;0;0.0;2.0;1.0;1.0;B02
13253;201400009102;0;10;0;16.0;0.0;9.0;1.0;A01
13254;201400009104;0;7;0;0.0;2.0;1.0;13.0;A01
13255;201400009104;0;7;0;0.0;2.0;1.0;1.0;B02