;Num_Acc;senc;catv;occutc;obs;obsm;choc;manv;num_veh
14937;201400010214;0;7;0;0.0;2.0;4.0;23.0;B01
14938;201400010215;0;33;0;0.0;1.0;1.0;1.0;A01
14939;201400010216;0;14;0;0.0;2.0;1.0;2.0;A01
14940;201400010216;0;7;0;0.0;2.0;4.0;23.0;B01
14941;201400010217;0;30;0;0.0;2.0;1.0;1.0;A01
14942;201400010217;0;7;0;0.0;2.0;2.0;15.0;B01
14943;201400010218;0;7;0;1.0;0.0;0.0;1.0;A01
14944;201400010219;0;10;0;0.0;2.0;2.0;15.0;A01
14945;201400010219;0;33;0;0.0;2.0;1.0;1.0;B01
14946;201400010220;0;7;0;0.0;2.0;1.0;2.0;A01
14947;201400010220;0;7;0;0.0;2.0;4.0;23.0;B01
14948;201400010221;0;1;0;0.0;2.0;8.0;1.0;B01
14949;201400010221;0;7;0;0.0;2.0;1.0;9.0;A01
14950;201400010223;0;30;0;0.0;2.0;1.0;1.0;A01
14951;201400010223;0;7;0;0.0;2.0;3.0;1.0;B01
14952;201400010224;0;7;0;0.0;2.0;4.0;2.0;C01
14953;201400010224;0;10;0;0.0;2.0;1.0;2.0;A01
14954;201400010224;0;7;0;0.0;2.0;4.0;2.0;B01
14955;201400010225;0;7;0;0.0;2.0;8.0;1.0;B01
14956;201400010225;0;30;0;0.0;2.0;7.0;17.0;A01
14957;201400010226;0;30;0;0.0;0.0;0.0;1.0;B01
14958;201400010226;0;7;0;8.0;0.0;2.0;1.0;A01
14959;201400010227;0;7;0;0.0;2.0;0.0;15.0;A01
14960;201400010227;0;32;0;0.0;2.0;1.0;13.0;B01
14961;201400010228;0;7;0;0.0;1.0;1.0;9.0;A01
14962;201400010229;0;7;0;0.0;2.0;8.0;15.0;A01
14963;201400010229;0;33;0;1.0;2.0;1.0;17.0;B01
14964;201400010230;0;33;0;0.0;2.0;1.0;16.0;A01
14965;201400010230;0;7;0;0.0;2.0;3.0;1.0;B01
14966;201400010231;0;7;0;0.0;1.0;1.0;15.0;A01
14967;201400010233;0;7;0;0.0;2.0;8.0;13.0;A01
14968;201400010233;0;30;0;0.0;2.0;7.0;1.0;B01
14969;201400010234;0;7;0;0.0;2.0;3.0;9.0;A01
14970;201400010234;0;33;0;0.0;2.0;7.0;1.0;B01
14971;201400010235;1;7;0;0.0;2.0;7.0;14.0;A01
14972;201400010235;0;32;0;0.0;2.0;8.0;1.0;B01
14973;201400010236;0;7;0;0.0;2.0;2.0;12.0;A01
14974;201400010236;0;7;0;0.0;2.0;6.0;1.0;B01
14975;201400010237;0;7;0;0.0;2.0;1.0;2.0;A01
14976;201400010237;0;7;0;0.0;2.0;4.0;23.0;B01
14977;201400010237;0;7;0;0.0;2.0;4.0;23.0;C01
14978;201400010238;0;10;0;1.0;0.0;4.0;4.0;A01
14979;201400010238;0;33;0;0.0;2.0;8.0;24.0;B01
14980;201400010239;0;7;0;0.0;2.0;3.0;1.0;B01
14981;201400010239;0;7;0;0.0;2.0;1.0;1.0;A01
14982;201400010240;0;7;0;0.0;2.0;1.0;2.0;A01
14983;201400010240;0;7;0;0.0;2.0;4.0;23.0;B01
14984;201400010241;0;10;0;0.0;2.0;3.0;15.0;A01
14985;201400010241;0;33;0;0.0;2.0;2.0;17.0;B01
14986;201400010242;0;7;0;0.0;2.0;3.0;13.0;A01
14987;201400010242;0;10;0;0.0;2.0;1.0;1.0;B01
14988;201400010243;0;31;0;0.0;2.0;1.0;1.0;B01
14989;201400010243;0;7;0;0.0;2.0;3.0;15.0;A01
14990;201400010245;0;33;0;0.0;2.0;8.0;13.0;A01
14991;201400010245;0;7;0;0.0;2.0;8.0;1.0;B01
14992;201400010246;0;10;0;0.0;2.0;2.0;15.0;A01
14993;201400010246;0;33;0;0.0;2.0;1.0;1.0;B01
14994;201400010247;0;7;0;16.0;0.0;0.0;0.0;A01
14995;201400010248;0;7;0;0.0;2.0;4.0;2.0;B01
14996;201400010248;0;7;0;0.0;2.0;1.0;2.0;A01
14997;201400010249;0;31;0;0.0;2.0;1.0;1.0;A01
14998;201400010249;0;7;0;0.0;2.0;4.0;16.0;B01
14999;201400010250;0;7;0;0.0;1.0;4.0;4.0;A01
15000;201400010251;0;30;0;0.0;2.0;1.0;1.0;B01
15001;201400010251;0;7;0;0.0;2.0;5.0;16.0;A01
15002;201400010252;0;33;0;0.0;2.0;1.0;2.0;A01
15003;201400010252;0;10;0;0.0;2.0;4.0;23.0;B01
15004;201400010253;0;30;0;0.0;2.0;1.0;1.0;A01
15005;201400010253;0;7;0;0.0;2.0;8.0;1.0;B01
15006;201400010255;0;7;0;0.0;2.0;4.0;2.0;B01
15007;201400010255;0;7;0;0.0;2.0;1.0;2.0;A01
15008;201400010256;0;7;0;0.0;2.0;7.0;1.0;B01
15009;201400010256;0;1;0;0.0;2.0;8.0;13.0;A01
15010;201400010257;0;7;0;0.0;1.0;2.0;1.0;A01
15011;201400010258;0;7;0;0.0;2.0;5.0;19.0;A01
15012;201400010258;0;33;0;0.0;2.0;1.0;1.0;B01
15013;201400010259;0;33;0;0.0;2.0;8.0;1.0;B01
15014;201400010259;0;7;0;0.0;2.0;2.0;9.0;A01
15015;201400010260;0;7;0;0.0;2.0;2.0;16.0;A01
15016;201400010260;0;1;0;0.0;2.0;1.0;18.0;B01
15017;201400010261;0;31;0;0.0;2.0;1.0;1.0;B01
15018;201400010261;0;7;0;0.0;2.0;8.0;15.0;A01
15019;201400010262;0;7;0;0.0;1.0;1.0;1.0;A01
15020;201400010263;0;30;0;0.0;2.0;1.0;1.0;B01
15021;201400010263;0;7;0;0.0;2.0;8.0;15.0;A01
15022;201400010265;0;7;0;0.0;0.0;0.0;11.0;A01
15023;201400010265;0;33;0;0.0;0.0;0.0;1.0;B01
15024;201400010266;0;33;0;0.0;2.0;1.0;1.0;B01
15025;201400010266;0;7;0;0.0;2.0;5.0;9.0;A01
15026;201400010268;0;7;0;0.0;2.0;6.0;9.0;A01
15027;201400010268;0;33;0;0.0;2.0;1.0;1.0;B01
15028;201400010269;0;7;0;0.0;2.0;1.0;2.0;A01
15029;201400010269;0;7;0;0.0;2.0;4.0;2.0;B01
15030;201400010270;0;7;0;0.0;1.0;1.0;1.0;A01
15031;201400010271;0;7;0;0.0;2.0;2.0;15.0;A01
15032;201400010271;0;33;0;0.0;2.0;1.0;1.0;B01
15033;201400010272;0;30;0;0.0;2.0;1.0;2.0;A01
15034;201400010272;0;10;0;0.0;2.0;4.0;2.0;B01
15035;201400010273;0;10;0;0.0;1.0;2.0;1.0;A01
15036;201400010274;0;30;0;0.0;2.0;2.0;15.0;A01
15037;201400010274;0;7;0;0.0;2.0;1.0;1.0;B01
15038;201400010276;2;7;0;1.0;2.0;1.0;1.0;A01
15039;201400010276;0;10;0;0.0;2.0;7.0;15.0;B01
15040;201400010278;0;30;0;0.0;1.0;1.0;1.0;A01
15041;201400010279;0;30;0;0.0;1.0;1.0;1.0;A01
15042;201400010281;0;10;0;0.0;2.0;4.0;23.0;C01
15043;201400010281;0;7;0;0.0;2.0;1.0;2.0;A01
15044;201400010281;0;7;0;0.0;2.0;4.0;23.0;B01
15045;201400010282;0;7;0;0.0;1.0;1.0;1.0;A01
15046;201400010283;0;7;0;0.0;1.0;1.0;15.0;A01
15047;201400010284;0;7;0;0.0;2.0;1.0;5.0;A01
15048;201400010284;0;32;0;0.0;2.0;2.0;1.0;B01
15049;201400010285;0;7;0;0.0;2.0;1.0;1.0;B01
15050;201400010285;0;7;0;8.0;2.0;9.0;13.0;A01
15051;201400010286;0;7;0;0.0;2.0;0.0;9.0;A01
15052;201400010286;0;30;0;0.0;2.0;0.0;1.0;B01
15053;201400010287;0;33;0;0.0;2.0;4.0;1.0;B01
15054;201400010287;0;7;0;0.0;2.0;1.0;1.0;A01
15055;201400010289;0;7;0;0.0;1.0;1.0;1.0;A01
15056;201400010290;0;13;0;0.0;1.0;1.0;15.0;A01
15057;201400010291;0;10;0;0.0;2.0;1.0;1.0;A01
15058;201400010291;0;7;0;0.0;2.0;4.0;1.0;C01
15059;201400010291;0;7;0;0.0;2.0;4.0;1.0;B01
15060;201400010292;0;7;0;0.0;1.0;1.0;1.0;A01
15061;201400010293;0;34;0;0.0;2.0;1.0;1.0;B01
15062;201400010293;0;13;0;0.0;2.0;7.0;15.0;A01
15063;201400010294;0;7;0;0.0;1.0;2.0;1.0;A01
15064;201400010295;0;7;0;0.0;2.0;1.0;0.0;A01
15065;201400010295;0;7;0;0.0;2.0;3.0;1.0;C01
15066;201400010295;0;10;0;0.0;2.0;8.0;1.0;B01
15067;201400010296;0;7;0;0.0;1.0;1.0;0.0;A01
15068;201400010297;0;34;0;0.0;1.0;1.0;1.0;A01
15069;201400010298;0;31;0;0.0;1.0;1.0;1.0;A01
15070;201400010300;0;30;0;0.0;2.0;1.0;17.0;A01
15071;201400010300;0;7;0;0.0;2.0;6.0;15.0;B01
15072;201400010301;0;32;0;0.0;2.0;1.0;1.0;B01
15073;201400010301;0;7;0;0.0;2.0;2.0;15.0;A01
15074;201400010303;0;31;0;0.0;1.0;1.0;1.0;A01
15075;201400010304;0;1;0;0.0;2.0;1.0;0.0;B01
15076;201400010304;0;30;0;0.0;2.0;1.0;1.0;A01
15077;201400010305;0;7;0;0.0;2.0;1.0;9.0;A01
15078;201400010305;0;30;0;0.0;2.0;1.0;1.0;B01
15079;201400010306;0;3;0;0.0;2.0;4.0;1.0;A01
15080;201400010308;0;7;0;0.0;1.0;1.0;1.0;A01
15081;201400010309;0;30;0;0.0;2.0;7.0;17.0;B01
15082;201400010309;0;7;0;0.0;2.0;1.0;0.0;A01
15083;201400010310;0;37;1;0.0;1.0;1.0;1.0;A01
15084;201400010311;0;32;0;0.0;1.0;1.0;0.0;A01
15085;201400010312;0;7;0;0.0;1.0;1.0;0.0;A01
15086;201400010313;0;7;0;0.0;1.0;1.0;1.0;A01
15087;201400010314;0;7;0;0.0;2.0;2.0;21.0;A01
15088;201400010314;0;32;0;0.0;2.0;8.0;23.0;B01
15089;201400010315;0;32;0;0.0;2.0;1.0;1.0;B01
15090;201400010315;0;7;0;0.0;2.0;1.0;0.0;A01
15091;201400010316;0;2;0;0.0;1.0;1.0;1.0;A01
15092;201400010317;0;7;0;0.0;2.0;1.0;1.0;A01
15093;201400010317;0;30;0;0.0;2.0;1.0;1.0;B01
15094;201400010318;0;34;0;8.0;0.0;1.0;0.0;A01
15095;201400010319;0;7;0;0.0;1.0;1.0;1.0;A01
15096;201400010320;0;7;0;0.0;1.0;2.0;16.0;A01
15097;201400010321;0;7;0;0.0;1.0;3.0;0.0;A01
15098;201400010322;0;7;0;0.0;1.0;4.0;4.0;A01
15099;201400010323;0;7;0;0.0;2.0;1.0;1.0;A01
15100;201400010323;0;7;0;0.0;2.0;6.0;23.0;B01
15101;201400010324;0;7;0;0.0;2.0;1.0;1.0;A01
15102;201400010324;0;33;0;0.0;2.0;1.0;1.0;B01
15103;201400010325;0;2;0;0.0;1.0;1.0;1.0;A01
15104;201400010326;0;7;0;0.0;1.0;1.0;0.0;A01
15105;201400010327;0;7;0;0.0;1.0;1.0;1.0;A01
15106;201400010328;0;30;0;0.0;1.0;1.0;1.0;A01
15107;201400010329;0;33;0;0.0;2.0;1.0;1.0;A01
15108;201400010329;0;7;0;0.0;2.0;2.0;1.0;B01
15109;201400010330;0;33;0;0.0;2.0;1.0;1.0;B01
15110;201400010330;0;7;0;0.0;2.0;6.0;0.0;A01
15111;201400010331;0;7;0;0.0;2.0;3.0;9.0;A01
15112;201400010331;0;7;0;0.0;2.0;1.0;1.0;B01
15113;201400010332;0;7;0;0.0;1.0;1.0;15.0;A01
15114;201400010333;0;7;0;0.0;2.0;0.0;15.0;B01
15115;201400010333;0;34;0;5.0;2.0;1.0;17.0;A01
15116;201400010334;0;7;0;0.0;1.0;1.0;0.0;A01
15117;201400010335;0;2;0;0.0;2.0;1.0;0.0;A01
15118;201400010335;0;7;0;0.0;2.0;0.0;20.0;B01
15119;201400010337;0;7;0;0.0;1.0;1.0;1.0;A01
15120;201400010338;0;33;0;0.0;2.0;1.0;1.0;B01
15121;201400010338;0;99;0;0.0;2.0;7.0;15.0;A01
15122;201400010339;0;7;0;0.0;1.0;1.0;1.0;A01
15123;201400010340;0;7;0;0.0;2.0;4.0;1.0;B01
15124;201400010340;0;7;0;0.0;2.0;1.0;1.0;A01
15125;201400010341;0;1;0;0.0;2.0;1.0;17.0;B01
15126;201400010341;0;7;0;0.0;9.0;3.0;15.0;A01
15127;201400010342;0;37;1;0.0;2.0;1.0;1.0;B01
15128;201400010342;0;2;0;0.0;2.0;3.0;11.0;A01
15129;201400010343;0;7;0;0.0;2.0;7.0;16.0;A01
15130;201400010343;0;2;0;0.0;2.0;8.0;1.0;B01
15131;201400010344;0;34;0;0.0;2.0;1.0;1.0;B01
15132;201400010344;0;7;0;0.0;2.0;2.0;16.0;A01
15133;201400010345;0;7;0;0.0;2.0;3.0;9.0;B01
15134;201400010345;0;2;0;0.0;2.0;1.0;17.0;A01
15135;201400010346;0;1;0;0.0;2.0;1.0;0.0;B01
15136;201400010346;0;7;0;0.0;2.0;3.0;1.0;A01
15137;201400010347;0;7;0;0.0;0.0;5.0;0.0;A01
15138;201400010348;0;7;0;0.0;2.0;2.0;15.0;A01
15139;201400010348;0;32;0;0.0;2.0;1.0;1.0;B01
15140;201400010349;0;7;0;0.0;2.0;1.0;1.0;A01
15141;201400010349;0;7;0;0.0;2.0;4.0;1.0;B01
15142;201400010349;0;7;0;0.0;2.0;4.0;1.0;C01
15143;201400010350;0;7;0;0.0;2.0;1.0;15.0;A01
15144;201400010350;0;7;0;0.0;2.0;1.0;1.0;B01
15145;201400010351;0;1;0;0.0;1.0;1.0;1.0;A01
15146;201400010352;0;7;0;0.0;1.0;2.0;1.0;A01
15147;201400010353;0;7;0;0.0;2.0;3.0;0.0;A01
15148;201400010353;0;30;0;0.0;2.0;1.0;1.0;B01
15149;201400010354;0;1;0;0.0;1.0;1.0;0.0;A01
15150;201400010356;0;7;0;0.0;2.0;3.0;1.0;A01
15151;201400010356;0;33;0;0.0;2.0;1.0;1.0;B01
15152;201400010357;0;7;0;0.0;2.0;1.0;15.0;A01
15153;201400010357;0;34;0;0.0;2.0;1.0;1.0;B01
15154;201400010358;0;2;0;0.0;9.0;1.0;0.0;A01
15155;201400010358;0;7;0;0.0;2.0;8.0;0.0;B01
15156;201400010359;0;30;0;0.0;1.0;1.0;1.0;A01
15157;201400010359;0;7;0;0.0;2.0;1.0;1.0;B01
15158;201400010361;0;2;0;0.0;2.0;1.0;1.0;A01
15159;201400010362;0;7;0;0.0;2.0;2.0;15.0;A01
15160;201400010362;0;2;0;0.0;2.0;1.0;1.0;B01
15161;201400010363;0;7;0;0.0;1.0;1.0;0.0;A01
15162;201400010364;0;2;0;0.0;2.0;1.0;17.0;A01
15163;201400010364;0;7;0;0.0;2.0;7.0;1.0;B01
15164;201400010365;0;1;0;0.0;2.0;7.0;11.0;B01
15165;201400010365;0;10;0;0.0;2.0;7.0;1.0;A01
15166;201400010367;0;7;0;0.0;2.0;1.0;1.0;A01
15167;201400010367;0;1;0;0.0;2.0;1.0;0.0;B01
15168;201400010368;0;7;0;0.0;1.0;1.0;1.0;A01
15169;201400010369;0;7;0;0.0;2.0;1.0;0.0;A01
15170;201400010369;0;30;0;0.0;2.0;1.0;0.0;B01
15171;201400010370;0;7;0;0.0;2.0;3.0;9.0;A01
15172;201400010370;0;2;0;0.0;2.0;1.0;1.0;B01
15173;201400010371;0;7;0;0.0;2.0;1.0;0.0;A01
15174;201400010371;0;1;0;0.0;2.0;5.0;0.0;B01
15175;201400010372;0;7;0;0.0;2.0;8.0;9.0;A01
15176;201400010372;0;32;0;0.0;2.0;1.0;1.0;B01
15177;201400010373;0;7;0;0.0;0.0;4.0;1.0;B01
15178;201400010373;0;7;0;0.0;2.0;4.0;1.0;A01
15179;201400010374;0;7;0;0.0;1.0;1.0;15.0;A01
15180;201400010375;0;7;0;0.0;2.0;2.0;9.0;A01
15181;201400010375;0;33;0;0.0;2.0;1.0;0.0;B01
15182;201400010376;0;7;0;0.0;2.0;4.0;1.0;A01
15183;201400010376;0;32;0;0.0;2.0;1.0;1.0;B01
15184;201400010377;0;7;0;0.0;2.0;1.0;0.0;B01
15185;201400010377;0;33;0;0.0;2.0;4.0;0.0;A01
15186;201400010378;0;7;0;0.0;2.0;8.0;20.0;B01
15187;201400010378;0;34;0;0.0;2.0;1.0;17.0;A01
15188;201400010379;0;33;0;0.0;2.0;1.0;1.0;B01
15189;201400010379;0;7;0;0.0;2.0;1.0;10.0;A01
15190;201400010380;0;7;0;0.0;2.0;2.0;15.0;A01
15191;201400010380;0;7;0;0.0;2.0;1.0;0.0;B01
15192;201400010381;0;7;0;0.0;1.0;4.0;1.0;A01
15193;201400010383;0;33;0;0.0;2.0;1.0;0.0;A01
15194;201400010383;0;7;0;0.0;2.0;8.0;0.0;B01
15195;201400010384;0;30;0;0.0;2.0;7.0;1.0;B01
15196;201400010384;0;7;0;0.0;2.0;1.0;1.0;A01
15197;201400010385;0;7;0;0.0;1.0;1.0;16.0;A01
15198;201400010386;0;7;0;0.0;2.0;2.0;15.0;B01
15199;201400010386;0;7;0;0.0;2.0;1.0;1.0;C01
15200;201400010386;0;7;0;0.0;2.0;1.0;1.0;A01
15201;201400010387;0;7;0;0.0;1.0;1.0;1.0;A01
15202;201400010388;0;7;0;0.0;1.0;1.0;0.0;A01
15203;201400010389;0;7;0;0.0;2.0;2.0;16.0;A01
15204;201400010389;0;34;0;0.0;2.0;1.0;16.0;B01
15205;201400010390;0;7;0;0.0;2.0;7.0;15.0;A01
15206;201400010390;0;2;0;0.0;2.0;1.0;1.0;B01
15207;201400010391;0;7;0;0.0;1.0;1.0;0.0;A01
15208;201400010392;0;7;0;0.0;2.0;2.0;15.0;A01
15209;201400010392;0;2;0;0.0;2.0;1.0;1.0;B01
15210;201400010393;0;7;0;0.0;1.0;1.0;1.0;A01
15211;201400010394;0;7;0;9.0;1.0;1.0;1.0;A01
15212;201400010395;0;7;0;0.0;1.0;1.0;1.0;A01
15213;201400010396;0;2;0;0.0;2.0;1.0;1.0;B01
15214;201400010396;0;7;0;0.0;2.0;5.0;9.0;A01
15215;201400010397;0;7;0;0.0;1.0;1.0;0.0;A01
15216;201400010398;0;2;0;0.0;2.0;1.0;18.0;A01
15217;201400010398;0;7;0;0.0;2.0;4.0;20.0;B01
15218;201400010399;0;34;0;0.0;2.0;1.0;0.0;A01
15219;201400010399;0;32;0;0.0;2.0;1.0;0.0;B01
15220;201400010400;0;7;0;0.0;1.0;1.0;15.0;A01
15221;201400010401;0;7;0;0.0;1.0;1.0;16.0;A01
15222;201400010402;0;7;0;0.0;2.0;1.0;9.0;A01
15223;201400010402;0;33;0;0.0;2.0;1.0;1.0;B01
15224;201400010403;0;7;0;0.0;1.0;1.0;15.0;A01
15225;201400010404;0;7;0;0.0;2.0;2.0;15.0;A01
15226;201400010404;0;2;0;0.0;2.0;1.0;1.0;B01
15227;201400010405;0;32;0;0.0;2.0;1.0;1.0;B01
15228;201400010405;0;7;0;0.0;2.0;1.0;1.0;A01
15229;201400010406;0;7;0;0.0;1.0;2.0;1.0;A01
15230;201400010409;0;7;0;0.0;2.0;7.0;16.0;A01
15231;201400010409;0;1;0;0.0;2.0;1.0;1.0;B01
15232;201400010410;0;30;0;0.0;2.0;2.0;1.0;A01
15233;201400010410;0;7;0;0.0;2.0;2.0;15.0;B01
15234;201400010412;0;2;0;0.0;2.0;1.0;17.0;B01
15235;201400010412;0;10;0;0.0;2.0;3.0;15.0;A01
15236;201400010413;0;7;0;0.0;1.0;1.0;0.0;A01
15237;201400010414;0;2;0;0.0;2.0;1.0;1.0;B01
15238;201400010414;0;7;0;0.0;2.0;7.0;1.0;A01
15239;201400010415;0;31;0;0.0;2.0;1.0;0.0;B01
15240;201400010415;0;7;0;0.0;2.0;3.0;5.0;A01
15241;201400010416;0;7;0;0.0;2.0;8.0;0.0;A01
15242;201400010416;0;32;0;0.0;2.0;1.0;0.0;B01
15243;201400010417;0;7;0;0.0;2.0;4.0;1.0;B01
15244;201400010417;0;32;0;0.0;2.0;0.0;1.0;A01
15245;201400010418;0;37;10;0.0;1.0;2.0;1.0;A01
15246;201400010419;0;7;0;0.0;1.0;1.0;1.0;A01
15247;201400010421;0;7;0;0.0;2.0;1.0;1.0;A01
15248;201400010421;0;7;0;0.0;2.0;1.0;0.0;B01
15249;201400010422;0;33;0;0.0;1.0;1.0;0.0;A01
15250;201400010423;0;1;0;0.0;2.0;1.0;0.0;C01
15251;201400010423;0;7;0;0.0;2.0;8.0;22.0;A01
15252;201400010423;0;1;0;0.0;2.0;1.0;1.0;B01
15253;201400010424;0;7;0;0.0;1.0;1.0;0.0;A01
15254;201400010425;0;32;0;0.0;2.0;1.0;1.0;B01
15255;201400010425;0;7;0;0.0;2.0;1.0;0.0;A01
15256;201400010426;0;7;0;0.0;1.0;1.0;1.0;A01
15257;201400010427;0;7;0;0.0;1.0;1.0;1.0;A01
15258;201400010428;0;7;0;0.0;1.0;1.0;1.0;A01
15259;201400010429;0;2;0;0.0;2.0;1.0;17.0;B01
15260;201400010429;0;7;0;0.0;2.0;8.0;15.0;A01
15261;201400010430;0;2;0;0.0;1.0;1.0;1.0;A01
15262;201400010432;0;7;0;0.0;2.0;7.0;9.0;A01
15263;201400010432;0;32;0;0.0;2.0;1.0;1.0;B01
15264;201400010433;0;3;0;0.0;2.0;1.0;0.0;A01
15265;201400010433;0;33;0;0.0;2.0;1.0;0.0;B01
15266;201400010434;0;7;0;0.0;2.0;1.0;1.0;A01
15267;201400010434;0;2;0;0.0;2.0;8.0;9.0;B01
15268;201400010435;0;7;0;0.0;0.0;0.0;0.0;B01
15269;201400010435;0;32;0;0.0;0.0;0.0;1.0;A01
15270;201400010436;0;7;0;0.0;2.0;1.0;1.0;A01
15271;201400010436;0;7;0;0.0;2.0;8.0;1.0;B01
15272;201400010437;0;17;0;0.0;1.0;4.0;1.0;A01
15273;201400010438;0;7;0;0.0;2.0;1.0;0.0;B01
15274;201400010438;0;30;0;0.0;2.0;1.0;1.0;A01
15275;201400010439;0;30;0;0.0;2.0;1.0;1.0;B01
15276;201400010439;0;7;0;0.0;2.0;1.0;0.0;A01
15277;201400010440;0;2;0;0.0;2.0;7.0;9.0;A01
15278;201400010440;0;34;0;0.0;2.0;1.0;1.0;B01
15279;201400010441;0;7;0;0.0;1.0;1.0;1.0;A01
15280;201400010442;0;2;0;0.0;2.0;1.0;1.0;A01
15281;201400010442;0;7;0;0.0;2.0;1.0;1.0;B01
15282;201400010444;0;32;0;0.0;2.0;1.0;1.0;A01
15283;201400010444;0;7;0;0.0;2.0;6.0;23.0;B01
15284;201400010445;0;7;0;0.0;2.0;1.0;0.0;A01
15285;201400010445;0;33;0;0.0;2.0;1.0;0.0;B01
15286;201400010446;0;7;0;0.0;2.0;4.0;1.0;B01
15287;201400010446;0;32;0;0.0;2.0;1.0;1.0;A01
15288;201400010447;0;33;0;0.0;1.0;1.0;1.0;A01
15289;201400010448;0;34;0;0.0;2.0;0.0;1.0;B01
15290;201400010448;0;7;0;0.0;2.0;4.0;4.0;A01
15291;201400010449;0;2;0;4.0;0.0;1.0;0.0;A01
15292;201400010450;0;7;0;0.0;2.0;1.0;1.0;B01
15293;201400010450;0;7;0;0.0;2.0;8.0;15.0;A01
15294;201400010451;0;7;0;0.0;1.0;1.0;1.0;A01
15295;201400010452;0;7;0;0.0;2.0;0.0;0.0;A01
15296;201400010452;0;32;0;0.0;2.0;5.0;1.0;B01
15297;201400010453;0;37;1;0.0;1.0;5.0;1.0;A01
15298;201400010454;0;7;0;0.0;1.0;1.0;1.0;A01
15299;201400010455;0;33;0;0.0;2.0;1.0;1.0;B01
15300;201400010455;0;7;0;0.0;2.0;1.0;0.0;A01
15301;201400010456;0;7;0;0.0;2.0;3.0;15.0;A01
15302;201400010456;0;32;0;0.0;2.0;7.0;16.0;B01
15303;201400010457;1;7;0;0.0;1.0;1.0;13.0;A01
15304;201400010458;0;7;0;0.0;1.0;1.0;0.0;A01
15305;201400010459;0;30;0;0.0;2.0;1.0;0.0;B01
15306;201400010459;0;7;0;0.0;2.0;4.0;0.0;A01
15307;201400010460;0;7;0;0.0;0.0;4.0;0.0;B01
15308;201400010460;0;13;0;0.0;2.0;1.0;1.0;A01
15309;201400010461;0;10;0;0.0;1.0;2.0;1.0;A01
15310;201400010462;0;7;0;0.0;1.0;1.0;1.0;A01
15311;201400010463;0;7;0;0.0;1.0;4.0;2.0;A01
15312;201400010464;0;30;0;0.0;2.0;1.0;0.0;B01
15313;201400010464;0;7;0;0.0;2.0;1.0;0.0;A01
15314;201400010465;0;30;0;0.0;2.0;1.0;1.0;B01
15315;201400010465;0;7;0;0.0;2.0;1.0;1.0;A01
15316;201400010466;0;33;0;0.0;2.0;0.0;1.0;B01
15317;201400010466;0;7;0;8.0;0.0;0.0;2.0;A01
15318;201400010467;0;33;0;0.0;2.0;1.0;1.0;B01
15319;201400010467;0;7;0;0.0;0.0;2.0;5.0;A01
15320;201400010468;0;33;0;0.0;2.0;1.0;1.0;B01
15321;201400010468;0;2;0;0.0;2.0;1.0;5.0;A01
15322;201400010469;0;1;0;0.0;0.0;4.0;1.0;A01
15323;201400010470;0;2;0;0.0;1.0;0.0;1.0;A01
15324;201400010471;0;2;0;0.0;2.0;1.0;1.0;A01
15325;201400010471;0;7;0;0.0;2.0;1.0;0.0;B01
15326;201400010472;0;32;0;0.0;2.0;1.0;17.0;A01
15327;201400010472;0;7;0;0.0;2.0;8.0;15.0;B01
15328;201400010473;0;7;0;0.0;9.0;0.0;1.0;B01
15329;201400010473;0;30;0;0.0;2.0;1.0;1.0;A01
15330;201400010474;0;7;0;0.0;2.0;1.0;10.0;A01
15331;201400010474;0;30;0;0.0;2.0;1.0;1.0;B01
15332;201400010475;0;7;0;0.0;1.0;7.0;1.0;A01
15333;201400010476;0;7;0;0.0;1.0;1.0;15.0;A01
15334;201400010477;0;7;0;0.0;2.0;3.0;1.0;B01
15335;201400010477;0;2;0;0.0;2.0;7.0;9.0;A01
15336;201400010479;0;33;0;15.0;0.0;1.0;1.0;A01
15337;201400010480;0;33;0;0.0;2.0;4.0;15.0;B01
15338;201400010480;0;2;0;0.0;2.0;1.0;16.0;A01
15339;201400010481;0;31;0;0.0;2.0;1.0;1.0;B01
15340;201400010481;0;7;0;0.0;2.0;2.0;15.0;A01
15341;201400010482;0;30;0;0.0;2.0;1.0;0.0;B01
15342;201400010482;0;7;0;0.0;2.0;4.0;0.0;A01
15343;201400010483;0;7;0;0.0;1.0;1.0;1.0;A01
15344;201400010484;0;7;0;0.0;2.0;4.0;20.0;A01
15345;201400010484;0;2;0;0.0;2.0;1.0;2.0;B01
15346;201400010485;0;7;0;0.0;2.0;3.0;1.0;A01
15347;201400010485;0;37;1;0.0;2.0;1.0;1.0;B01
15348;201400010486;0;7;0;0.0;1.0;2.0;1.0;A01
15349;201400010488;0;2;0;0.0;2.0;3.0;3.0;A01
15350;201400010488;0;14;0;0.0;2.0;2.0;1.0;B01
15351;201400010489;0;1;0;0.0;9.0;1.0;1.0;B01
15352;201400010489;0;7;0;0.0;2.0;1.0;0.0;A01
15353;201400010490;0;2;0;0.0;2.0;1.0;1.0;A01
15354;201400010490;0;7;0;0.0;2.0;4.0;1.0;B01
15355;201400010491;0;7;0;0.0;1.0;2.0;0.0;A01
15356;201400010492;0;7;0;0.0;2.0;0.0;0.0;A01
15357;201400010492;0;30;0;0.0;2.0;0.0;0.0;B01