;Num_Acc;senc;catv;occutc;obs;obsm;choc;manv;num_veh
16619;201400011301;0;2;0;0.0;2.0;1.0;1.0;B01
16620;201400011302;0;7;0;0.0;2.0;1.0;1.0;A01
16621;201400011302;0;2;0;0.0;2.0;3.0;0.0;B01
16622;201400011303;0;2;0;0.0;2.0;0.0;1.0;B01
16623;201400011303;1;7;0;0.0;2.0;0.0;16.0;A01
16624;201400011304;0;7;0;0.0;2.0;3.0;15.0;A01
16625;201400011304;0;31;0;0.0;2.0;1.0;1.0;B01
16626;201400011305;0;7;0;0.0;1.0;1.0;15.0;A01
16627;201400011306;0;7;0;0.0;2.0;2.0;1.0;B01
16628;201400011306;2;7;0;1.0;2.0;1.0;1.0;A02
16629;201400011307;0;2;0;0.0;2.0;1.0;5.0;A01
16630;201400011307;0;7;0;0.0;2.0;1.0;1.0;B01
16631;201400011308;0;2;0;1.0;0.0;1.0;1.0;B01
16632;201400011309;0;2;0;0.0;1.0;1.0;17.0;A01
16633;201400011310;0;7;0;0.0;2.0;3.0;0.0;A01
16634;201400011310;0;38;1;0.0;2.0;3.0;1.0;B01
16635;201400011311;0;7;0;0.0;1.0;1.0;1.0;A01
16636;201400011312;0;7;0;0.0;2.0;1.0;1.0;A01
16637;201400011312;0;7;0;7.0;2.0;8.0;7.0;B01
16638;201400011313;0;7;0;0.0;2.0;3.0;13.0;A01
16639;201400011313;0;31;0;0.0;2.0;9.0;1.0;B01
16640;201400011314;0;2;0;0.0;2.0;9.0;1.0;B01
16641;201400011314;0;33;0;0.0;2.0;3.0;1.0;A01
16642;201400011315;0;7;0;0.0;2.0;5.0;1.0;A01
16643;201400011315;0;7;0;0.0;2.0;1.0;1.0;B01
16644;201400011316;0;7;0;0.0;2.0;3.0;1.0;B01
16645;201400011316;0;7;0;0.0;2.0;2.0;15.0;A01
16646;201400011317;0;32;0;0.0;2.0;0.0;1.0;A01
16647;201400011317;0;7;0;0.0;2.0;5.0;1.0;B01
16648;201400011318;0;7;0;0.0;2.0;6.0;1.0;B01
16649;201400011318;0;32;0;0.0;2.0;1.0;21.0;A01
16650;201400011319;0;7;0;0.0;2.0;2.0;15.0;A01
16651;201400011319;0;33;0;0.0;2.0;1.0;21.0;B01
16652;201400011320;0;33;0;0.0;2.0;1.0;1.0;A01
16653;201400011320;0;7;0;0.0;2.0;4.0;2.0;B01
16654;201400011321;0;7;0;0.0;2.0;8.0;10.0;A01
16655;201400011321;0;31;0;0.0;2.0;1.0;21.0;B01
16656;201400011322;0;7;0;0.0;1.0;2.0;16.0;A01
16657;201400011323;0;7;0;0.0;2.0;5.0;1.0;B01
16658;201400011323;0;2;0;0.0;2.0;1.0;9.0;A01
16659;201400011324;0;7;0;0.0;2.0;4.0;4.0;A01
16660;201400011324;0;31;0;0.0;2.0;8.0;15.0;B01
16661;201400011325;0;31;0;0.0;2.0;1.0;1.0;B01
16662;201400011325;0;7;0;0.0;2.0;4.0;1.0;A01
16663;201400011326;0;7;0;0.0;2.0;6.0;1.0;B01
16664;201400011326;0;31;0;0.0;2.0;1.0;1.0;A01
16665;201400011327;0;14;0;0.0;2.0;1.0;1.0;A01
16666;201400011327;0;10;0;0.0;2.0;4.0;1.0;C01
16667;201400011327;0;2;0;0.0;2.0;4.0;1.0;D01
16668;201400011327;0;7;0;0.0;2.0;4.0;1.0;B01
16669;201400011328;0;7;0;0.0;2.0;2.0;16.0;B01
16670;201400011328;0;2;0;0.0;2.0;7.0;1.0;A01
16671;201400011329;0;7;0;0.0;1.0;2.0;1.0;A01
16672;201400011330;0;7;0;0.0;1.0;1.0;1.0;A01
16673;201400011331;0;7;0;0.0;2.0;1.0;9.0;A01
16674;201400011331;0;33;0;0.0;2.0;1.0;1.0;B01
16675;201400011332;0;10;0;0.0;2.0;4.0;2.0;B01
16676;201400011332;0;31;0;0.0;2.0;1.0;1.0;A01
16677;201400011333;0;7;0;0.0;2.0;1.0;1.0;A01
16678;201400011333;0;32;0;0.0;2.0;7.0;1.0;B01
16679;201400011334;0;7;0;0.0;2.0;1.0;1.0;A01
16680;201400011334;0;2;0;0.0;2.0;4.0;2.0;B01
16681;201400011335;0;30;0;0.0;2.0;1.0;1.0;B01
16682;201400011335;0;7;0;0.0;2.0;1.0;15.0;A01
16683;201400011336;0;33;0;0.0;1.0;1.0;17.0;A01
16684;201400011338;0;7;0;0.0;2.0;1.0;1.0;B01
16685;201400011338;0;34;0;0.0;2.0;1.0;1.0;A01
16686;201400011340;0;7;0;0.0;2.0;8.0;1.0;A01
16687;201400011340;0;33;0;0.0;2.0;1.0;1.0;B01
16688;201400011342;0;7;0;0.0;1.0;1.0;1.0;A01
16689;201400011343;0;7;0;0.0;2.0;2.0;9.0;A01
16690;201400011343;0;31;0;1.0;2.0;1.0;17.0;B01
16691;201400011344;0;7;0;0.0;2.0;4.0;2.0;B01
16692;201400011344;0;7;0;0.0;2.0;1.0;2.0;A01
16693;201400011344;0;7;0;0.0;2.0;4.0;2.0;C01
16694;201400011345;0;15;0;0.0;2.0;7.0;1.0;B01
16695;201400011345;0;33;0;0.0;2.0;4.0;2.0;A01
16696;201400011346;0;13;0;0.0;2.0;2.0;15.0;B01
16697;201400011346;0;7;0;0.0;2.0;8.0;15.0;A01
16698;201400011347;0;30;0;0.0;2.0;1.0;1.0;B01
16699;201400011347;0;7;0;0.0;2.0;3.0;15.0;A01
16700;201400011348;0;7;0;0.0;2.0;2.0;20.0;A01
16701;201400011348;0;31;0;0.0;2.0;1.0;1.0;B01
16702;201400011349;0;32;0;0.0;1.0;1.0;1.0;A01
16703;201400011350;0;15;0;0.0;1.0;4.0;0.0;A01
16704;201400011351;0;7;0;0.0;2.0;7.0;15.0;A01
16705;201400011351;0;10;0;0.0;2.0;1.0;1.0;B01
16706;201400011352;0;13;0;0.0;2.0;1.0;1.0;A01
16707;201400011352;0;7;0;0.0;2.0;4.0;2.0;B01
16708;201400011354;0;33;0;1.0;9.0;1.0;14.0;A01
16709;201400011355;0;7;0;0.0;1.0;0.0;0.0;A01
16710;201400011356;0;7;0;0.0;2.0;1.0;1.0;A01
16711;201400011356;0;32;0;0.0;2.0;7.0;1.0;B01
16712;201400011357;0;1;0;0.0;2.0;0.0;1.0;B01
16713;201400011357;0;7;0;0.0;2.0;2.0;9.0;A01
16714;201400011358;0;7;0;0.0;2.0;2.0;15.0;A01
16715;201400011358;0;31;0;0.0;2.0;1.0;1.0;B01
16716;201400011359;0;7;0;0.0;2.0;6.0;0.0;B01
16717;201400011359;0;30;0;0.0;1.0;1.0;3.0;A01
16718;201400011360;0;7;0;1.0;2.0;7.0;20.0;B01
16719;201400011360;0;7;0;0.0;2.0;5.0;24.0;C01
16720;201400011360;0;30;0;0.0;2.0;1.0;5.0;A01
16721;201400011361;0;33;0;0.0;1.0;1.0;1.0;A01
16722;201400011362;0;10;0;0.0;1.0;4.0;4.0;A01
16723;201400011363;0;7;0;0.0;2.0;1.0;1.0;B01
16724;201400011363;0;7;0;0.0;2.0;8.0;19.0;A01
16725;201400011364;1;7;0;0.0;1.0;1.0;1.0;Z01
16726;201400011365;0;7;0;0.0;1.0;1.0;1.0;A01
16727;201400011366;0;7;0;0.0;2.0;4.0;1.0;A01
16728;201400011366;0;7;0;0.0;2.0;4.0;2.0;C01
16729;201400011366;0;7;0;0.0;2.0;1.0;2.0;D01
16730;201400011366;0;7;0;0.0;2.0;4.0;1.0;B01
16731;201400011367;0;33;0;0.0;2.0;9.0;1.0;B01
16732;201400011367;0;7;0;0.0;2.0;3.0;15.0;A01
16733;201400011368;0;31;0;0.0;2.0;1.0;1.0;B01
16734;201400011368;0;7;0;0.0;2.0;3.0;11.0;A01
16735;201400011369;0;30;0;0.0;1.0;1.0;3.0;A01
16736;201400011371;0;7;0;0.0;2.0;2.0;1.0;A01
16737;201400011371;0;33;0;0.0;2.0;8.0;1.0;B01
16738;201400011372;0;7;0;0.0;2.0;2.0;19.0;A01
16739;201400011372;0;2;0;0.0;2.0;0.0;1.0;B01
16740;201400011373;0;7;0;0.0;1.0;1.0;1.0;A01
16741;201400011373;0;7;0;0.0;2.0;2.0;1.0;B01
16742;201400011374;0;7;0;0.0;2.0;1.0;13.0;A01
16743;201400011374;0;2;0;0.0;2.0;1.0;1.0;B01
16744;201400011375;0;33;0;0.0;2.0;1.0;1.0;B01
16745;201400011375;0;7;0;0.0;2.0;7.0;19.0;A01
16746;201400011376;0;7;0;0.0;2.0;3.0;15.0;B01
16747;201400011376;0;33;0;0.0;2.0;1.0;0.0;A01
16748;201400011377;0;31;0;0.0;2.0;0.0;1.0;B01
16749;201400011377;0;7;0;0.0;2.0;0.0;15.0;A01
16750;201400011378;0;2;0;8.0;0.0;8.0;14.0;A01
16751;201400011379;0;7;0;0.0;1.0;1.0;1.0;A01
16752;201400011381;0;7;0;6.0;0.0;1.0;1.0;A01
16753;201400011382;0;33;0;6.0;0.0;1.0;0.0;A01
16754;201400011383;0;33;0;0.0;0.0;0.0;1.0;A01
16755;201400011384;0;33;0;0.0;2.0;4.0;2.0;A01
16756;201400011384;0;33;0;0.0;2.0;4.0;2.0;B01
16757;201400011385;0;2;0;0.0;2.0;8.0;1.0;A01
16758;201400011385;0;7;0;0.0;2.0;1.0;1.0;B01
16759;201400011386;0;2;0;0.0;1.0;3.0;1.0;A01
16760;201400011388;0;7;0;0.0;2.0;1.0;1.0;B01
16761;201400011388;0;7;0;0.0;2.0;1.0;5.0;A01
16762;201400011389;0;2;0;0.0;2.0;1.0;1.0;B01
16763;201400011389;0;7;0;0.0;2.0;1.0;15.0;A01
16764;201400011391;0;7;0;0.0;1.0;1.0;15.0;A01
16765;201400011392;0;7;0;0.0;1.0;1.0;1.0;C01
16766;201400011392;0;7;0;0.0;2.0;0.0;1.0;B01
16767;201400011392;0;7;0;0.0;6.0;1.0;1.0;A01
16768;201400011393;0;33;0;0.0;2.0;1.0;1.0;B01
16769;201400011393;0;7;0;0.0;2.0;7.0;15.0;A01
16770;201400011394;0;7;0;9.0;2.0;9.0;1.0;A01
16771;201400011394;0;7;0;0.0;2.0;1.0;1.0;B01
16772;201400011395;0;7;0;0.0;2.0;1.0;1.0;A01
16773;201400011395;0;7;0;0.0;2.0;4.0;2.0;B01
16774;201400011396;0;7;0;0.0;2.0;8.0;1.0;B01
16775;201400011396;0;10;0;0.0;2.0;7.0;14.0;A01
16776;201400011397;0;10;0;0.0;2.0;3.0;10.0;A01
16777;201400011397;0;2;0;0.0;2.0;1.0;1.0;B01
16778;201400011398;0;7;0;0.0;2.0;4.0;1.0;B01
16779;201400011398;0;7;0;0.0;2.0;1.0;1.0;A01
16780;201400011399;0;30;0;0.0;2.0;1.0;1.0;A01
16781;201400011399;0;7;0;0.0;2.0;0.0;1.0;B01
16782;201400011400;0;2;0;0.0;2.0;1.0;1.0;A01
16783;201400011400;0;1;0;0.0;2.0;4.0;19.0;B01
16784;201400011401;0;32;0;0.0;1.0;1.0;1.0;A01
16785;201400011403;0;38;1;0.0;2.0;1.0;2.0;A01
16786;201400011403;0;2;0;0.0;2.0;4.0;1.0;B01
16787;201400011404;0;7;0;0.0;1.0;2.0;1.0;A01
16788;201400011405;0;7;0;0.0;2.0;1.0;2.0;A01
16789;201400011405;0;30;0;0.0;2.0;4.0;2.0;B01
16790;201400011406;0;30;0;0.0;0.0;0.0;2.0;B01
16791;201400011406;0;7;0;0.0;0.0;0.0;14.0;A01
16792;201400011407;0;10;0;0.0;2.0;8.0;10.0;A01
16793;201400011407;0;2;0;0.0;2.0;1.0;2.0;B01
16794;201400011409;0;7;0;0.0;2.0;1.0;1.0;A01
16795;201400011409;0;7;0;0.0;2.0;1.0;1.0;D01
16796;201400011409;0;7;0;0.0;2.0;8.0;1.0;C01
16797;201400011409;0;7;0;0.0;2.0;1.0;1.0;B01
16798;201400011410;0;10;0;0.0;1.0;1.0;15.0;A01
16799;201400011411;0;7;0;0.0;2.0;1.0;2.0;A01
16800;201400011411;0;30;0;0.0;2.0;4.0;2.0;B01
16801;201400011412;0;10;0;0.0;1.0;0.0;15.0;A01
16802;201400011413;0;2;0;0.0;2.0;1.0;1.0;B01
16803;201400011413;0;7;0;0.0;2.0;5.0;12.0;A01
16804;201400011414;0;1;0;1.0;0.0;1.0;14.0;A01
16805;201400011415;0;7;0;0.0;2.0;8.0;9.0;A01
16806;201400011415;0;32;0;0.0;2.0;7.0;1.0;B01
16807;201400011416;0;2;0;0.0;2.0;1.0;1.0;B01
16808;201400011416;0;7;0;0.0;2.0;1.0;9.0;A01
16809;201400011417;0;17;0;0.0;2.0;3.0;1.0;B01
16810;201400011417;0;7;0;0.0;2.0;7.0;9.0;A01
16811;201400011418;0;7;0;0.0;2.0;2.0;15.0;A01
16812;201400011418;0;1;0;0.0;2.0;1.0;1.0;B01
16813;201400011419;0;7;0;0.0;1.0;1.0;1.0;A01
16814;201400011420;0;1;0;0.0;1.0;1.0;1.0;A01
16815;201400011421;0;7;0;0.0;2.0;1.0;1.0;B01
16816;201400011421;0;7;0;0.0;2.0;3.0;15.0;A01
16817;201400011422;0;40;1;0.0;1.0;2.0;1.0;A01
16818;201400011423;0;2;0;8.0;0.0;8.0;1.0;A01
16819;201400011424;0;31;0;0.0;2.0;7.0;17.0;A01
16820;201400011424;0;7;0;0.0;2.0;3.0;15.0;B01
16821;201400011425;0;30;0;0.0;2.0;1.0;1.0;A01
16822;201400011425;0;7;0;0.0;2.0;3.0;1.0;B01
16823;201400011426;0;7;0;2.0;0.0;2.0;0.0;A01
16824;201400011427;0;33;0;0.0;2.0;0.0;1.0;B01
16825;201400011427;0;2;0;0.0;2.0;0.0;16.0;A01
16826;201400011428;0;31;0;0.0;0.0;7.0;21.0;A01
16827;201400011428;0;14;0;0.0;0.0;0.0;4.0;B01
16828;201400011429;0;7;0;0.0;2.0;8.0;1.0;B01
16829;201400011429;0;31;0;0.0;2.0;1.0;1.0;A01
16830;201400011430;0;31;0;1.0;0.0;1.0;16.0;A01
16831;201400011431;0;7;0;0.0;2.0;1.0;1.0;A01
16832;201400011431;0;7;0;0.0;2.0;4.0;2.0;B01
16833;201400011432;0;10;0;0.0;1.0;2.0;1.0;A01
16834;201400011434;0;7;0;0.0;2.0;7.0;1.0;B01
16835;201400011434;0;33;0;0.0;2.0;1.0;1.0;A01
16836;201400011435;0;7;0;0.0;2.0;4.0;2.0;D01
16837;201400011435;0;7;0;0.0;2.0;4.0;2.0;B01
16838;201400011435;0;7;0;0.0;2.0;4.0;2.0;C01
16839;201400011435;0;7;0;0.0;2.0;1.0;2.0;A01
16840;201400011436;0;7;0;0.0;2.0;6.0;13.0;A01
16841;201400011436;0;33;0;6.0;2.0;2.0;1.0;B01
16842;201400011437;0;7;0;0.0;2.0;2.0;15.0;A01
16843;201400011437;0;7;0;0.0;2.0;1.0;1.0;B01
16844;201400011438;0;33;0;0.0;2.0;2.0;2.0;B01
16845;201400011438;0;7;0;0.0;2.0;3.0;13.0;A01
16846;201400011440;0;7;0;0.0;1.0;2.0;1.0;A01
16847;201400011441;0;33;0;0.0;2.0;7.0;16.0;A01
16848;201400011441;0;2;0;0.0;2.0;8.0;1.0;B01
16849;201400011442;0;7;0;0.0;2.0;3.0;15.0;B01
16850;201400011442;0;33;0;0.0;2.0;7.0;17.0;A01
16851;201400011443;0;2;0;0.0;0.0;1.0;0.0;A01
16852;201400011444;0;33;0;3.0;0.0;1.0;0.0;A01
16853;201400011446;0;7;0;0.0;2.0;1.0;2.0;A01
16854;201400011446;0;7;0;0.0;2.0;4.0;1.0;B01
16855;201400011447;0;7;0;0.0;2.0;3.0;9.0;B01
16856;201400011447;0;2;0;0.0;2.0;1.0;17.0;A01
16857;201400011449;0;7;0;0.0;1.0;1.0;1.0;A01
16858;201400011450;0;32;0;0.0;2.0;2.0;1.0;A01
16859;201400011450;0;7;0;0.0;2.0;3.0;1.0;B01
16860;201400011451;0;1;0;0.0;1.0;1.0;0.0;A01
16861;201400011452;0;31;0;0.0;2.0;1.0;1.0;B01
16862;201400011452;0;1;0;0.0;2.0;0.0;1.0;A01
16863;201400011453;0;7;0;1.0;2.0;1.0;15.0;B01
16864;201400011453;0;7;0;0.0;2.0;2.0;1.0;A01
16865;201400011454;0;7;0;0.0;2.0;1.0;15.0;A01
16866;201400011454;0;31;0;0.0;2.0;1.0;1.0;B01
16867;201400011455;0;7;0;0.0;1.0;3.0;1.0;A01
16868;201400011456;0;2;0;0.0;2.0;1.0;0.0;A01
16869;201400011456;0;7;0;0.0;2.0;4.0;2.0;B01
16870;201400011458;0;33;0;0.0;2.0;1.0;17.0;A01
16871;201400011458;0;7;0;0.0;2.0;1.0;15.0;B01
16872;201400011459;0;7;0;0.0;2.0;4.0;1.0;B01
16873;201400011459;0;7;0;0.0;2.0;1.0;1.0;A01
16874;201400011460;0;31;0;0.0;2.0;7.0;1.0;B01
16875;201400011460;0;7;0;0.0;2.0;8.0;9.0;A01
16876;201400011461;0;2;0;0.0;2.0;4.0;2.0;B01
16877;201400011461;0;7;0;0.0;2.0;3.0;2.0;A01
16878;201400011462;0;7;0;0.0;1.0;1.0;1.0;A01
16879;201400011463;0;33;0;0.0;1.0;1.0;1.0;A01
16880;201400011465;0;7;0;0.0;2.0;1.0;1.0;B01
16881;201400011465;0;7;0;0.0;2.0;7.0;15.0;A01
16882;201400011466;0;33;0;0.0;2.0;1.0;13.0;B01
16883;201400011466;0;7;0;0.0;2.0;2.0;9.0;A01
16884;201400011467;0;7;0;0.0;2.0;2.0;15.0;A01
16885;201400011467;0;7;0;0.0;2.0;1.0;1.0;B01
16886;201400011468;0;7;0;0.0;1.0;0.0;1.0;A01
16887;201400011469;0;7;0;0.0;2.0;2.0;1.0;B01
16888;201400011469;0;7;0;0.0;2.0;7.0;15.0;A01
16889;201400011470;0;31;0;0.0;2.0;1.0;1.0;B01
16890;201400011470;0;7;0;0.0;2.0;5.0;15.0;A01
16891;201400011471;0;32;0;0.0;2.0;1.0;1.0;A01
16892;201400011471;0;10;0;0.0;2.0;5.0;2.0;B01
16893;201400011472;0;2;0;0.0;2.0;1.0;1.0;B01
16894;201400011472;0;7;0;0.0;2.0;2.0;15.0;A01
16895;201400011473;0;2;0;1.0;2.0;1.0;1.0;B01
16896;201400011473;0;7;0;0.0;2.0;7.0;15.0;A01
16897;201400011474;0;7;0;0.0;1.0;2.0;1.0;A01
16898;201400011475;0;31;0;0.0;2.0;5.0;19.0;A01
16899;201400011475;0;7;0;0.0;2.0;1.0;0.0;B01
16900;201400011476;0;7;0;0.0;2.0;2.0;15.0;A01
16901;201400011476;0;2;0;0.0;2.0;1.0;1.0;B01
16902;201400011477;0;7;0;0.0;2.0;3.0;1.0;B01
16903;201400011477;0;2;0;0.0;2.0;5.0;1.0;A01
16904;201400011478;0;2;0;0.0;2.0;1.0;1.0;A01
16905;201400011478;0;14;0;0.0;2.0;5.0;2.0;B01
16906;201400011480;0;7;0;8.0;2.0;1.0;17.0;A01
16907;201400011480;0;7;0;0.0;2.0;8.0;2.0;B01
16908;201400011481;0;7;0;0.0;1.0;3.0;2.0;A01
16909;201400011483;0;7;0;0.0;2.0;2.0;1.0;B01
16910;201400011483;0;7;0;0.0;2.0;8.0;10.0;A01
16911;201400011484;0;7;0;0.0;2.0;1.0;15.0;A01
16912;201400011484;0;2;0;0.0;2.0;1.0;1.0;B01
16913;201400011485;0;10;0;0.0;2.0;3.0;1.0;B01
16914;201400011485;0;7;0;0.0;2.0;3.0;1.0;C01
16915;201400011485;0;31;0;0.0;2.0;1.0;17.0;A01
16916;201400011486;0;7;0;0.0;1.0;2.0;1.0;A01
16917;201400011487;0;10;0;0.0;1.0;1.0;1.0;A01
16918;201400011488;0;7;0;0.0;1.0;1.0;1.0;Z01
16919;201400011489;0;10;0;0.0;1.0;2.0;1.0;A01
16920;201400011490;0;7;0;1.0;0.0;2.0;1.0;A01
16921;201400011491;0;10;0;0.0;2.0;1.0;1.0;A01
16922;201400011491;0;7;0;0.0;2.0;1.0;1.0;B01
16923;201400011492;0;10;0;0.0;2.0;4.0;23.0;B01
16924;201400011492;0;32;0;0.0;2.0;1.0;2.0;A01
16925;201400011493;0;7;0;14.0;2.0;4.0;2.0;B01
16926;201400011493;0;7;0;0.0;2.0;4.0;2.0;D01
16927;201400011493;0;7;0;14.0;0.0;1.0;1.0;A01
16928;201400011493;0;7;0;0.0;2.0;1.0;1.0;C01
16929;201400011494;0;2;0;0.0;1.0;1.0;1.0;A01
16930;201400011496;0;2;0;0.0;2.0;1.0;1.0;B01
16931;201400011496;0;33;0;0.0;2.0;1.0;3.0;A01
16932;201400011497;0;2;0;0.0;2.0;1.0;2.0;A01
16933;201400011497;0;7;0;0.0;2.0;6.0;2.0;B01
16934;201400011498;0;34;0;0.0;1.0;3.0;1.0;A01
16935;201400011499;0;7;0;0.0;2.0;7.0;15.0;A01
16936;201400011499;0;7;0;0.0;2.0;1.0;1.0;B01
16937;201400011500;0;7;0;0.0;1.0;2.0;0.0;A01
16938;201400011501;0;30;0;0.0;2.0;1.0;0.0;A01
16939;201400011501;0;7;0;0.0;2.0;2.0;15.0;B01
16940;201400011502;0;2;0;0.0;0.0;8.0;1.0;A01
16941;201400011503;0;2;0;0.0;2.0;1.0;1.0;A01
16942;201400011503;0;7;0;0.0;2.0;7.0;15.0;B01
16943;201400011504;0;7;0;0.0;1.0;2.0;1.0;A01
16944;201400011505;0;2;0;0.0;1.0;1.0;1.0;A01
16945;201400011506;0;7;0;0.0;1.0;1.0;1.0;A01
16946;201400011507;0;32;0;0.0;2.0;1.0;1.0;B01
16947;201400011507;0;7;0;0.0;2.0;3.0;9.0;A01
16948;201400011508;0;2;0;0.0;1.0;3.0;0.0;A01
16949;201400011510;0;7;0;0.0;2.0;2.0;1.0;B01
16950;201400011510;0;33;0;0.0;2.0;3.0;15.0;A01
16951;201400011511;0;13;0;0.0;2.0;3.0;15.0;A01
16952;201400011511;0;2;0;0.0;2.0;1.0;1.0;B01
16953;201400011512;0;7;0;7.0;0.0;1.0;13.0;A01
16954;201400011513;0;31;0;0.0;2.0;1.0;1.0;B01
16955;201400011513;0;7;0;0.0;2.0;5.0;15.0;A01
16956;201400011514;0;34;0;0.0;2.0;1.0;18.0;A01
16957;201400011514;0;7;0;0.0;2.0;2.0;16.0;B01
16958;201400011515;0;32;0;0.0;1.0;1.0;1.0;A01
16959;201400011516;0;32;0;0.0;0.0;4.0;2.0;C01
16960;201400011516;0;7;0;0.0;2.0;5.0;3.0;A01
16961;201400011516;0;7;0;0.0;2.0;2.0;1.0;B01
16962;201400011516;0;7;0;0.0;2.0;4.0;2.0;D01
16963;201400011517;0;7;0;0.0;2.0;1.0;1.0;B01
16964;201400011517;0;30;0;0.0;2.0;2.0;15.0;A01
16965;201400011518;0;2;0;1.0;2.0;1.0;17.0;B01
16966;201400011518;0;7;0;0.0;2.0;8.0;17.0;A01
16967;201400011519;0;2;0;0.0;1.0;1.0;1.0;A01
16968;201400011520;0;31;0;0.0;2.0;4.0;2.0;B01
16969;201400011520;0;7;0;0.0;2.0;1.0;1.0;A01
16970;201400011521;0;7;0;0.0;1.0;7.0;1.0;A01
16971;201400011522;0;7;0;0.0;1.0;7.0;1.0;A01
16972;201400011523;0;7;0;0.0;1.0;4.0;4.0;A01
16973;201400011525;0;7;0;0.0;1.0;2.0;15.0;A01
16974;201400011526;0;7;0;0.0;1.0;3.0;15.0;A01
16975;201400011527;0;10;0;0.0;2.0;1.0;2.0;A01
16976;201400011527;0;7;0;3.0;2.0;4.0;2.0;B01
16977;201400011528;0;7;0;0.0;2.0;7.0;2.0;B01
16978;201400011528;0;2;0;0.0;2.0;8.0;13.0;A01
16979;201400011530;0;2;0;0.0;2.0;2.0;2.0;A01
16980;201400011530;0;7;0;0.0;0.0;6.0;23.0;B01
16981;201400011532;0;7;0;15.0;0.0;2.0;1.0;A01
16982;201400011533;0;33;0;0.0;2.0;1.0;1.0;B01
16983;201400011533;0;7;0;0.0;2.0;1.0;15.0;A01
16984;201400011534;0;7;0;0.0;2.0;3.0;5.0;A01
16985;201400011534;0;17;0;0.0;2.0;3.0;1.0;B02
16986;201400011535;0;31;0;0.0;2.0;1.0;1.0;A01
16987;201400011535;0;7;0;0.0;2.0;6.0;19.0;B02
16988;201400011536;0;33;0;4.0;0.0;7.0;2.0;A01
16989;201400011537;0;33;0;0.0;2.0;7.0;21.0;B02
16990;201400011537;0;7;0;0.0;2.0;2.0;15.0;A01
16991;201400011538;0;33;0;0.0;9.0;0.0;2.0;A01
16992;201400011539;0;7;0;13.0;0.0;1.0;1.0;A01
16993;201400011540;0;33;0;0.0;2.0;7.0;1.0;A01
16994;201400011540;0;37;0;0.0;2.0;2.0;15.0;B02
16995;201400011541;0;7;0;14.0;2.0;1.0;21.0;A01
16996;201400011541;0;14;0;0.0;2.0;3.0;1.0;C03
16997;201400011541;0;7;0;0.0;2.0;6.0;23.0;B02
16998;201400011542;0;40;0;0.0;2.0;3.0;1.0;A01
16999;201400011542;0;30;0;0.0;0.0;1.0;1.0;B02
17000;201400011543;0;7;0;0.0;2.0;3.0;13.0;A01
17001;201400011543;0;7;0;0.0;2.0;3.0;1.0;B02
17002;201400011544;0;7;0;0.0;1.0;3.0;1.0;A01
17003;201400011546;0;7;0;6.0;0.0;1.0;0.0;A01
17004;201400011547;0;7;0;0.0;1.0;2.0;1.0;A01
17005;201400011548;0;7;0;0.0;2.0;7.0;19.0;A01
17006;201400011548;0;7;0;0.0;2.0;1.0;1.0;B02
17007;201400011549;0;10;0;0.0;2.0;4.0;23.0;B02
17008;201400011549;0;33;0;0.0;2.0;1.0;2.0;A01
17009;201400011551;0;7;0;6.0;0.0;1.0;13.0;A01
17010;201400011552;0;1;0;0.0;0.0;0.0;1.0;B02
17011;201400011552;0;33;0;0.0;5.0;1.0;17.0;A01
17012;201400011553;0;7;0;0.0;2.0;1.0;1.0;B02
17013;201400011553;0;7;0;0.0;2.0;1.0;13.0;A01
17014;201400011554;0;7;0;8.0;0.0;1.0;14.0;A01
17015;201400011555;0;7;0;0.0;2.0;4.0;23.0;A01
17016;201400011555;0;2;0;0.0;2.0;1.0;1.0;B02
17017;201400011556;0;7;0;0.0;2.0;1.0;21.0;B02
17018;201400011556;0;7;0;0.0;2.0;1.0;13.0;A01
17019;201400011557;0;7;0;10.0;0.0;1.0;1.0;A01
17020;201400011558;0;7;0;2.0;0.0;7.0;1.0;A01
17021;201400011559;0;7;0;0.0;2.0;1.0;5.0;A01
17022;201400011559;0;7;0;0.0;2.0;1.0;1.0;B02
17023;201400011560;0;7;0;0.0;2.0;6.0;17.0;B02
17024;201400011560;0;33;0;0.0;2.0;1.0;17.0;A01
17025;201400011561;0;33;0;0.0;2.0;1.0;0.0;B02
17026;201400011561;0;7;0;0.0;2.0;5.0;19.0;A01
17027;201400011562;0;7;0;2.0;0.0;3.0;0.0;A01
17028;201400011563;0;7;0;8.0;0.0;6.0;13.0;A01
17029;201400011564;0;7;0;0.0;2.0;2.0;15.0;A01
17030;201400011564;0;7;0;0.0;2.0;3.0;1.0;B02
17031;201400011565;0;7;0;0.0;1.0;2.0;2.0;A01
17032;201400011566;0;33;0;12.0;0.0;0.0;1.0;A01
17033;201400011567;0;7;0;6.0;0.0;3.0;0.0;A01
17034;201400011568;0;30;0;0.0;0.0;8.0;1.0;A01
17035;201400011570;0;7;0;9.0;2.0;1.0;15.0;A01
17036;201400011570;0;30;0;0.0;2.0;8.0;1.0;B01
17037;201400011572;0;2;0;0.0;2.0;1.0;21.0;B01
17038;201400011572;0;7;0;0.0;2.0;3.0;11.0;A01
17039;201400011573;0;33;0;6.0;0.0;2.0;14.0;A01