;Num_Acc;senc;catv;occutc;obs;obsm;choc;manv;num_veh
18300;201400012331;0;14;0;0.0;2.0;6.0;2.0;C03
18301;201400012332;0;7;0;0.0;2.0;1.0;1.0;B02
18302;201400012332;0;7;0;3.0;0.0;1.0;1.0;A01
18303;201400012333;0;7;0;0.0;2.0;1.0;1.0;A01
18304;201400012333;0;7;0;0.0;0.0;4.0;2.0;B02
18305;201400012333;0;7;0;0.0;2.0;1.0;2.0;C03
18306;201400012333;0;7;0;0.0;0.0;8.0;2.0;D04
18307;201400012334;0;38;0;0.0;2.0;1.0;1.0;B02
18308;201400012334;0;14;0;0.0;2.0;1.0;13.0;A01
18309;201400012335;0;34;0;0.0;2.0;1.0;17.0;A01
18310;201400012335;0;14;0;0.0;2.0;3.0;1.0;B02
18311;201400012336;0;30;0;0.0;0.0;4.0;23.0;A01
18312;201400012336;0;14;0;0.0;2.0;2.0;2.0;B02
18313;201400012337;0;10;0;0.0;2.0;3.0;13.0;A01
18314;201400012337;0;38;3;0.0;2.0;3.0;1.0;B02
18315;201400012338;0;7;0;0.0;2.0;7.0;19.0;A01
18316;201400012338;0;17;0;7.0;2.0;3.0;1.0;B02
18317;201400012340;0;7;0;3.0;0.0;1.0;1.0;A01
18318;201400012341;0;7;0;3.0;0.0;2.0;1.0;A01
18319;201400012342;0;7;0;13.0;0.0;9.0;14.0;A01
18320;201400012343;0;7;0;13.0;0.0;1.0;1.0;A01
18321;201400012344;0;7;0;3.0;0.0;1.0;1.0;A01
18322;201400012345;0;14;0;0.0;0.0;2.0;14.0;A01
18323;201400012346;0;7;0;2.0;0.0;8.0;2.0;A01
18324;201400012347;0;7;0;0.0;2.0;2.0;15.0;A01
18325;201400012347;0;33;0;0.0;2.0;1.0;1.0;B02
18326;201400012347;0;7;0;0.0;2.0;5.0;24.0;C03
18327;201400012348;0;7;0;9.0;0.0;2.0;1.0;A01
18328;201400012349;0;7;0;0.0;2.0;2.0;5.0;A01
18329;201400012349;0;7;0;0.0;2.0;1.0;1.0;B02
18330;201400012351;0;7;0;0.0;2.0;5.0;2.0;C03
18331;201400012351;0;7;0;0.0;9.0;3.0;1.0;B02
18332;201400012351;0;7;0;0.0;0.0;0.0;16.0;D04
18333;201400012351;0;33;0;0.0;2.0;1.0;2.0;A01
18334;201400012352;0;7;0;0.0;2.0;8.0;15.0;B02
18335;201400012352;0;33;0;0.0;2.0;1.0;1.0;A01
18336;201400012353;0;38;0;8.0;0.0;1.0;1.0;A01
18337;201400012354;0;33;0;0.0;2.0;1.0;0.0;B02
18338;201400012354;0;33;0;0.0;2.0;1.0;17.0;A01
18339;201400012354;0;7;0;0.0;2.0;1.0;0.0;C03
18340;201400012355;0;7;0;0.0;2.0;3.0;1.0;A01
18341;201400012355;0;33;0;0.0;2.0;3.0;13.0;B02
18342;201400012356;0;7;0;0.0;2.0;3.0;10.0;B02
18343;201400012356;0;33;0;0.0;2.0;1.0;1.0;A01
18344;201400012357;0;7;0;0.0;2.0;3.0;13.0;A01
18345;201400012357;0;33;0;0.0;2.0;1.0;1.0;B02
18346;201400012358;0;7;0;0.0;2.0;7.0;15.0;B02
18347;201400012358;0;33;0;0.0;2.0;1.0;1.0;A01
18348;201400012358;0;7;0;0.0;2.0;8.0;1.0;C03
18349;201400012359;0;3;0;0.0;2.0;3.0;13.0;A01
18350;201400012359;0;10;0;0.0;2.0;3.0;1.0;B02
18351;201400012359;0;10;0;0.0;2.0;1.0;2.0;C03
18352;201400012360;0;7;0;0.0;0.0;9.0;1.0;A01
18353;201400012361;0;17;0;8.0;0.0;2.0;14.0;A01
18354;201400012362;0;10;0;0.0;2.0;1.0;2.0;C03
18355;201400012362;0;7;0;0.0;2.0;1.0;5.0;A01
18356;201400012362;0;14;0;0.0;2.0;1.0;1.0;B02
18357;201400012363;0;7;0;0.0;0.0;0.0;0.0;A01
18358;201400012363;0;7;0;0.0;0.0;0.0;0.0;B02
18359;201400012363;0;7;0;0.0;0.0;0.0;0.0;C03
18360;201400012363;0;20;0;0.0;0.0;0.0;0.0;D04
18361;201400012364;0;7;0;0.0;0.0;4.0;0.0;B02
18362;201400012364;0;7;0;0.0;2.0;1.0;2.0;A01
18363;201400012365;0;7;0;0.0;2.0;7.0;12.0;A01
18364;201400012365;0;7;0;0.0;2.0;3.0;1.0;B02
18365;201400012366;0;17;0;0.0;2.0;2.0;12.0;A01
18366;201400012366;0;7;0;0.0;2.0;8.0;1.0;B02
18367;201400012367;0;7;0;0.0;2.0;4.0;2.0;C03
18368;201400012367;0;7;0;0.0;2.0;4.0;2.0;B02
18369;201400012367;0;7;0;0.0;2.0;1.0;2.0;A01
18370;201400012369;0;17;0;0.0;2.0;2.0;21.0;B02
18371;201400012369;0;7;0;0.0;2.0;7.0;17.0;C03
18372;201400012369;0;14;0;0.0;2.0;6.0;1.0;A01
18373;201400012370;0;14;0;0.0;2.0;1.0;1.0;A01
18374;201400012370;0;7;0;0.0;0.0;4.0;2.0;B02
18375;201400012370;0;7;0;0.0;0.0;4.0;2.0;C03
18376;201400012370;0;7;0;0.0;0.0;7.0;1.0;E05
18377;201400012370;0;7;0;0.0;0.0;8.0;2.0;G07
18378;201400012370;0;7;0;0.0;0.0;4.0;2.0;D04
18379;201400012370;0;7;0;0.0;0.0;6.0;1.0;F06
18380;201400012370;0;14;0;0.0;0.0;0.0;1.0;H08
18381;201400012370;0;10;0;0.0;0.0;0.0;2.0;I09
18382;201400012371;0;7;0;0.0;2.0;8.0;1.0;B02
18383;201400012371;0;17;0;0.0;2.0;7.0;12.0;A01
18384;201400012372;0;15;0;4.0;0.0;2.0;1.0;A01
18385;201400012373;0;7;0;0.0;2.0;7.0;1.0;B02
18386;201400012373;0;33;0;4.0;2.0;8.0;11.0;A01
18387;201400012374;0;7;0;0.0;2.0;5.0;12.0;A01
18388;201400012374;0;33;0;0.0;2.0;8.0;1.0;B02
18389;201400012375;0;10;0;0.0;2.0;1.0;1.0;D04
18390;201400012375;0;14;0;0.0;2.0;3.0;2.0;A01
18391;201400012375;0;7;0;0.0;2.0;8.0;1.0;C03
18392;201400012375;0;14;0;3.0;2.0;4.0;2.0;B02
18393;201400012376;0;7;0;0.0;2.0;4.0;2.0;C03
18394;201400012376;0;7;0;0.0;2.0;4.0;2.0;B02
18395;201400012376;0;7;0;0.0;2.0;1.0;2.0;A01
18396;201400012377;0;7;0;3.0;0.0;1.0;1.0;A01
18397;201400012378;0;7;0;4.0;0.0;1.0;1.0;A01
18398;201400012379;0;7;0;0.0;1.0;8.0;1.0;A01
18399;201400012380;0;7;0;3.0;2.0;1.0;12.0;A01
18400;201400012380;0;7;0;0.0;2.0;3.0;1.0;B02
18401;201400012380;0;10;0;0.0;2.0;1.0;1.0;C03
18402;201400012381;0;33;0;0.0;0.0;0.0;2.0;A01
18403;201400012382;0;32;0;14.0;0.0;3.0;1.0;A01
18404;201400012383;0;33;0;0.0;2.0;1.0;2.0;A01
18405;201400012383;0;7;0;0.0;0.0;4.0;2.0;B02
18406;201400012384;0;7;0;0.0;2.0;1.0;1.0;B02
18407;201400012384;0;33;0;0.0;0.0;4.0;11.0;A01
18408;201400012385;0;33;0;3.0;0.0;3.0;16.0;A01
18409;201400012386;0;15;0;0.0;2.0;2.0;12.0;A01
18410;201400012386;0;7;0;0.0;2.0;2.0;1.0;C03
18411;201400012386;0;7;0;0.0;2.0;6.0;1.0;B02
18412;201400012387;0;7;0;0.0;2.0;1.0;2.0;B02
18413;201400012387;0;7;0;0.0;2.0;1.0;1.0;C03
18414;201400012387;0;7;0;0.0;2.0;4.0;1.0;A01
18415;201400012388;0;15;0;0.0;2.0;1.0;2.0;A01
18416;201400012388;0;7;0;0.0;0.0;4.0;2.0;B02
18417;201400012389;0;7;0;0.0;2.0;4.0;2.0;B02
18418;201400012389;0;33;0;0.0;2.0;1.0;2.0;A01
18419;201400012390;0;33;0;0.0;0.0;4.0;1.0;A01
18420;201400012391;0;31;0;0.0;2.0;1.0;23.0;B02
18421;201400012391;0;17;0;0.0;2.0;4.0;4.0;A01
18422;201400012392;0;7;0;0.0;0.0;6.0;2.0;B02
18423;201400012392;0;34;0;0.0;0.0;2.0;2.0;A01
18424;201400012393;2;7;0;0.0;2.0;1.0;1.0;B02
18425;201400012393;0;7;0;0.0;2.0;4.0;0.0;C03
18426;201400012393;0;7;0;0.0;2.0;4.0;1.0;A01
18427;201400012394;0;7;0;13.0;0.0;1.0;17.0;A01
18428;201400012395;0;7;0;3.0;0.0;1.0;3.0;A01
18429;201400012396;0;14;0;0.0;0.0;4.0;2.0;B02
18430;201400012396;0;7;0;0.0;2.0;1.0;2.0;A01
18431;201400012397;0;7;0;0.0;2.0;2.0;0.0;C03
18432;201400012397;0;7;0;0.0;2.0;2.0;0.0;D04
18433;201400012397;0;7;0;1.0;0.0;1.0;1.0;A01
18434;201400012397;0;7;0;0.0;2.0;4.0;24.0;B02
18435;201400012398;0;7;0;0.0;1.0;1.0;1.0;A01
18436;201400012399;0;7;0;0.0;2.0;7.0;13.0;A01
18437;201400012399;0;7;0;0.0;2.0;1.0;1.0;B02
18438;201400012400;0;15;0;1.0;1.0;1.0;1.0;A01
18439;201400012401;0;7;0;3.0;0.0;9.0;1.0;A01
18440;201400012402;0;7;0;0.0;2.0;8.0;1.0;A01
18441;201400012402;0;14;0;0.0;0.0;5.0;1.0;B02
18442;201400012403;0;10;0;4.0;0.0;1.0;1.0;A01
18443;201400012404;0;7;0;0.0;6.0;2.0;1.0;A01
18444;201400012405;0;7;0;1.0;0.0;1.0;2.0;A01
18445;201400012405;0;7;0;0.0;0.0;4.0;24.0;B02
18446;201400012407;0;7;0;0.0;2.0;1.0;1.0;A01
18447;201400012407;0;7;0;0.0;2.0;4.0;9.0;B02
18448;201400012408;0;31;0;0.0;2.0;7.0;17.0;A01
18449;201400012408;0;7;0;0.0;2.0;8.0;15.0;B02
18450;201400012409;0;30;0;0.0;2.0;1.0;1.0;A01
18451;201400012409;0;7;0;0.0;2.0;2.0;15.0;B02
18452;201400012410;0;7;0;0.0;0.0;6.0;23.0;A01
18453;201400012410;0;10;0;0.0;2.0;3.0;15.0;B02
18454;201400012411;0;7;0;6.0;0.0;1.0;0.0;A01
18455;201400012412;0;7;0;0.0;2.0;3.0;15.0;A01
18456;201400012412;0;7;0;0.0;2.0;1.0;1.0;B02
18457;201400012413;0;7;0;2.0;0.0;1.0;1.0;A01
18458;201400012414;0;7;0;16.0;0.0;9.0;17.0;A01
18459;201400012415;0;7;0;0.0;2.0;0.0;1.0;A01
18460;201400012416;0;33;0;0.0;0.0;1.0;1.0;B02
18461;201400012416;0;7;0;0.0;0.0;6.0;6.0;A01
18462;201400012417;0;17;0;0.0;2.0;3.0;13.0;A01
18463;201400012417;0;7;0;0.0;2.0;3.0;1.0;B02
18464;201400012418;0;33;0;0.0;2.0;7.0;2.0;A01
18465;201400012418;0;33;0;0.0;2.0;8.0;23.0;B02
18466;201400012419;0;7;0;0.0;2.0;1.0;13.0;A01
18467;201400012419;0;7;0;0.0;2.0;1.0;1.0;B02
18468;201400012420;0;7;0;0.0;2.0;2.0;1.0;B02
18469;201400012420;0;7;0;0.0;2.0;0.0;0.0;A01
18470;201400012421;0;33;0;13.0;0.0;9.0;1.0;A01
18471;201400012422;0;7;0;0.0;2.0;3.0;13.0;B02
18472;201400012422;0;7;0;0.0;2.0;3.0;0.0;A01
18473;201400012423;0;7;0;13.0;0.0;9.0;1.0;A01
18474;201400012424;0;14;0;0.0;2.0;3.0;15.0;B02
18475;201400012424;0;7;0;0.0;2.0;2.0;1.0;A01
18476;201400012425;0;7;0;0.0;2.0;1.0;13.0;B02
18477;201400012425;0;7;0;0.0;2.0;1.0;1.0;A01
18478;201400012425;0;7;0;0.0;0.0;0.0;9.0;C03
18479;201400012426;0;33;0;0.0;2.0;9.0;17.0;B02
18480;201400012426;0;14;0;0.0;2.0;8.0;1.0;A01
18481;201400012427;0;7;0;0.0;1.0;1.0;1.0;A01
18482;201400012428;0;2;0;0.0;0.0;1.0;1.0;B02
18483;201400012428;0;7;0;0.0;0.0;2.0;1.0;A01
18484;201400012429;0;7;0;0.0;2.0;1.0;9.0;B02
18485;201400012429;0;7;0;1.0;2.0;5.0;1.0;A01
18486;201400012430;0;1;0;0.0;0.0;3.0;0.0;B02
18487;201400012430;0;3;0;0.0;0.0;5.0;2.0;A01
18488;201400012431;0;7;0;8.0;0.0;2.0;1.0;A01
18489;201400012433;0;33;0;0.0;2.0;1.0;21.0;B02
18490;201400012433;0;7;0;0.0;2.0;3.0;13.0;A01
18491;201400012434;0;7;0;0.0;2.0;3.0;0.0;A01
18492;201400012434;0;1;0;0.0;2.0;8.0;19.0;B02
18493;201400012436;0;10;0;0.0;2.0;1.0;13.0;A01
18494;201400012436;0;10;0;0.0;2.0;1.0;1.0;B02
18495;201400012437;0;36;0;0.0;2.0;3.0;19.0;A01
18496;201400012437;0;7;0;0.0;2.0;1.0;1.0;B02
18497;201400012437;0;7;0;0.0;2.0;1.0;1.0;C03
18498;201400012439;0;10;0;0.0;1.0;1.0;1.0;B01
18499;201400012440;0;7;0;3.0;0.0;9.0;1.0;A01
18500;201400012441;0;7;0;4.0;0.0;3.0;1.0;A01
18501;201400012442;0;7;0;0.0;2.0;1.0;14.0;A01
18502;201400012442;0;14;0;0.0;0.0;6.0;1.0;B02
18503;201400012443;0;7;0;4.0;0.0;1.0;1.0;A01
18504;201400012444;0;7;0;0.0;0.0;1.0;12.0;A01
18505;201400012445;0;7;0;0.0;0.0;1.0;1.0;A01
18506;201400012446;0;10;0;0.0;2.0;1.0;12.0;A01
18507;201400012446;0;7;0;0.0;0.0;4.0;1.0;B02
18508;201400012446;0;10;0;0.0;2.0;1.0;1.0;C03
18509;201400012448;0;7;0;4.0;2.0;1.0;1.0;A01
18510;201400012448;0;7;0;0.0;0.0;4.0;1.0;B02
18511;201400012450;0;7;0;0.0;2.0;2.0;2.0;A01
18512;201400012450;0;15;0;0.0;0.0;6.0;1.0;B02
18513;201400012451;0;7;0;13.0;0.0;1.0;14.0;A01
18514;201400012452;0;7;0;0.0;2.0;1.0;2.0;A01
18515;201400012452;0;17;0;0.0;2.0;5.0;2.0;B02
18516;201400012452;0;7;0;1.0;0.0;1.0;23.0;C03
18517;201400012453;0;17;0;0.0;2.0;1.0;1.0;A01
18518;201400012453;0;7;0;0.0;2.0;3.0;19.0;B02
18519;201400012454;0;7;0;0.0;2.0;7.0;17.0;B02
18520;201400012454;0;7;0;0.0;0.0;8.0;13.0;A01
18521;201400012455;0;7;0;13.0;0.0;1.0;14.0;A01
18522;201400012456;0;7;0;3.0;0.0;9.0;1.0;A01
18523;201400012457;0;7;0;10.0;0.0;3.0;1.0;A01
18524;201400012459;0;7;0;4.0;0.0;1.0;2.0;A01
18525;201400012460;0;7;0;0.0;0.0;9.0;1.0;A01
18526;201400012461;0;10;0;0.0;2.0;2.0;17.0;A01
18527;201400012461;0;15;0;0.0;0.0;6.0;1.0;B02
18528;201400012462;0;31;0;0.0;2.0;1.0;13.0;A01
18529;201400012462;0;14;0;0.0;2.0;1.0;1.0;B02
18530;201400012463;0;10;0;0.0;1.0;1.0;9.0;A01
18531;201400012464;0;7;0;0.0;2.0;1.0;1.0;A01
18532;201400012464;0;7;0;0.0;2.0;4.0;23.0;B01
18533;201400012466;0;36;0;0.0;2.0;1.0;1.0;B01
18534;201400012466;0;7;0;0.0;2.0;2.0;10.0;A01
18535;201400012467;0;7;0;0.0;2.0;1.0;13.0;A01
18536;201400012467;0;7;0;0.0;2.0;1.0;1.0;B01
18537;201400012468;0;7;0;0.0;1.0;4.0;1.0;A01
18538;201400012469;0;7;0;0.0;1.0;4.0;20.0;A01
18539;201400012470;0;2;0;12.0;0.0;1.0;1.0;A01
18540;201400012471;0;1;0;0.0;2.0;1.0;1.0;B02
18541;201400012471;0;7;0;0.0;2.0;1.0;1.0;A01
18542;201400012472;0;30;0;0.0;0.0;0.0;1.0;A01
18543;201400012473;0;31;0;0.0;2.0;1.0;1.0;B02
18544;201400012473;0;7;0;0.0;2.0;3.0;21.0;A01
18545;201400012474;0;10;0;0.0;2.0;3.0;1.0;A01
18546;201400012474;0;1;0;0.0;2.0;8.0;19.0;B02
18547;201400012475;0;30;0;0.0;2.0;7.0;1.0;B02
18548;201400012475;0;7;0;0.0;2.0;3.0;9.0;A01
18549;201400012476;0;7;0;0.0;0.0;3.0;15.0;A01
18550;201400012476;0;1;0;0.0;2.0;1.0;17.0;B02
18551;201400012477;0;2;0;0.0;2.0;2.0;2.0;A01
18552;201400012477;0;7;0;0.0;0.0;6.0;20.0;B01
18553;201400012478;2;7;0;6.0;2.0;1.0;0.0;A01
18554;201400012478;0;7;0;0.0;2.0;8.0;1.0;B01
18555;201400012479;0;33;0;6.0;0.0;3.0;1.0;A01
18556;201400012480;0;7;0;0.0;1.0;3.0;1.0;A01
18557;201400012481;0;31;0;0.0;2.0;1.0;1.0;B01
18558;201400012481;0;7;0;0.0;2.0;3.0;15.0;A01
18559;201400012482;0;33;0;0.0;2.0;1.0;1.0;B01
18560;201400012482;0;10;0;0.0;2.0;3.0;15.0;A01
18561;201400012483;0;7;0;0.0;1.0;2.0;1.0;A01
18562;201400012484;0;7;0;0.0;2.0;1.0;2.0;A01
18563;201400012484;0;15;0;0.0;0.0;4.0;1.0;B02
18564;201400012485;0;7;0;4.0;0.0;3.0;1.0;A01
18565;201400012486;0;14;0;3.0;0.0;3.0;13.0;A01
18566;201400012487;0;10;0;0.0;2.0;4.0;1.0;B02
18567;201400012487;0;7;0;0.0;2.0;3.0;1.0;C03
18568;201400012487;0;7;0;0.0;2.0;1.0;12.0;A01
18569;201400012488;0;7;0;0.0;0.0;4.0;2.0;B02
18570;201400012488;0;7;0;0.0;2.0;2.0;2.0;A01
18571;201400012489;0;10;0;0.0;2.0;3.0;2.0;A01
18572;201400012489;0;33;0;0.0;0.0;4.0;1.0;B02
18573;201400012490;0;7;0;0.0;2.0;7.0;2.0;A01
18574;201400012490;0;14;0;0.0;2.0;3.0;2.0;B02
18575;201400012491;0;7;0;3.0;0.0;1.0;1.0;A01
18576;201400012492;0;7;0;0.0;2.0;8.0;1.0;D04
18577;201400012492;0;7;0;0.0;2.0;1.0;1.0;B02
18578;201400012492;0;7;0;0.0;2.0;8.0;1.0;C03
18579;201400012492;0;7;0;3.0;2.0;8.0;19.0;A01
18580;201400012493;0;17;0;0.0;2.0;2.0;2.0;A01
18581;201400012493;0;7;0;0.0;0.0;6.0;2.0;B02
18582;201400012494;0;33;0;0.0;2.0;1.0;13.0;A01
18583;201400012494;0;7;0;0.0;2.0;3.0;1.0;B02
18584;201400012495;0;7;0;3.0;0.0;8.0;17.0;A01
18585;201400012495;0;7;0;0.0;4.0;1.0;1.0;B02
18586;201400012496;0;33;0;10.0;0.0;0.0;2.0;A01
18587;201400012496;0;7;0;0.0;0.0;0.0;9.0;B02
18588;201400012497;0;33;0;3.0;0.0;1.0;16.0;A01
18589;201400012498;0;10;0;0.0;2.0;1.0;2.0;A01
18590;201400012498;0;10;0;0.0;2.0;6.0;2.0;B02
18591;201400012499;0;99;0;0.0;0.0;1.0;2.0;A01
18592;201400012499;0;99;0;3.0;0.0;4.0;2.0;B02
18593;201400012500;0;7;0;0.0;0.0;9.0;17.0;A01
18594;201400012501;0;33;0;0.0;2.0;1.0;3.0;A01
18595;201400012501;0;7;0;0.0;2.0;5.0;1.0;B02
18596;201400012502;0;7;0;0.0;0.0;4.0;1.0;E05
18597;201400012502;0;7;0;0.0;2.0;4.0;1.0;C03
18598;201400012502;0;7;0;0.0;2.0;4.0;1.0;B02
18599;201400012502;0;7;0;0.0;2.0;1.0;1.0;A01
18600;201400012502;0;7;0;0.0;2.0;4.0;0.0;D04
18601;201400012503;0;7;0;3.0;0.0;1.0;0.0;A01
18602;201400012504;0;17;0;0.0;0.0;6.0;2.0;B02
18603;201400012504;0;7;0;0.0;2.0;2.0;2.0;A01
18604;201400012505;0;7;0;0.0;2.0;1.0;2.0;A01
18605;201400012505;0;7;0;0.0;0.0;4.0;13.0;B02
18606;201400012506;0;7;0;3.0;0.0;2.0;1.0;A01
18607;201400012507;0;15;0;1.0;0.0;2.0;14.0;A01
18608;201400012507;0;7;0;0.0;0.0;6.0;23.0;B02
18609;201400012508;0;2;0;2.0;0.0;1.0;0.0;A01
18610;201400012509;0;7;0;0.0;2.0;1.0;1.0;B02
18611;201400012509;0;33;0;0.0;2.0;1.0;13.0;A01
18612;201400012511;0;7;0;3.0;0.0;1.0;1.0;A01
18613;201400012512;0;7;0;0.0;2.0;1.0;1.0;A01
18614;201400012512;0;7;0;0.0;2.0;1.0;1.0;B02
18615;201400012513;0;7;0;0.0;0.0;4.0;1.0;B02
18616;201400012513;0;7;0;3.0;2.0;1.0;1.0;A01
18617;201400012514;0;38;50;16.0;0.0;2.0;1.0;A01
18618;201400012515;0;7;0;3.0;0.0;1.0;14.0;A01
18619;201400012516;0;33;0;3.0;0.0;9.0;1.0;A01
18620;201400012517;0;7;0;13.0;0.0;1.0;1.0;A01
18621;201400012518;0;38;30;0.0;0.0;0.0;1.0;A01
18622;201400012519;0;15;0;0.0;2.0;5.0;1.0;B02
18623;201400012519;0;7;0;0.0;2.0;1.0;1.0;A01
18624;201400012519;0;7;0;14.0;0.0;8.0;1.0;C03
18625;201400012520;0;7;0;0.0;2.0;1.0;2.0;A01
18626;201400012520;0;17;0;0.0;2.0;4.0;1.0;B02
18627;201400012521;0;7;0;0.0;2.0;1.0;2.0;A01
18628;201400012521;0;7;0;0.0;2.0;4.0;2.0;B02
18629;201400012522;0;7;0;0.0;0.0;4.0;1.0;A01
18630;201400012522;0;7;0;0.0;2.0;1.0;2.0;B02
18631;201400012522;0;7;0;0.0;2.0;1.0;2.0;C03
18632;201400012524;0;33;0;0.0;2.0;1.0;2.0;A01
18633;201400012524;0;7;0;0.0;2.0;4.0;1.0;B02
18634;201400012525;0;7;0;6.0;0.0;1.0;14.0;A01
18635;201400012526;0;10;0;3.0;0.0;3.0;1.0;A01
18636;201400012527;0;7;0;4.0;0.0;7.0;1.0;A01
18637;201400012528;0;7;0;0.0;0.0;1.0;2.0;A01
18638;201400012529;0;7;0;16.0;0.0;9.0;1.0;A01
18639;201400012530;0;7;0;3.0;0.0;3.0;11.0;A01
18640;201400012531;0;7;0;0.0;2.0;2.0;2.0;A01
18641;201400012531;0;7;0;0.0;0.0;6.0;2.0;B02
18642;201400012532;0;10;0;0.0;2.0;4.0;2.0;A01
18643;201400012532;0;7;0;0.0;2.0;1.0;2.0;B02
18644;201400012533;0;7;0;13.0;0.0;2.0;1.0;A01
18645;201400012535;0;7;0;0.0;2.0;3.0;1.0;A01
18646;201400012535;0;7;0;0.0;2.0;3.0;1.0;B02
18647;201400012536;0;10;0;0.0;2.0;2.0;2.0;B02
18648;201400012536;0;7;0;0.0;0.0;6.0;1.0;A01
18649;201400012537;0;7;0;0.0;0.0;3.0;1.0;A01
18650;201400012538;0;7;0;6.0;0.0;1.0;14.0;A01
18651;201400012539;0;7;0;6.0;0.0;1.0;1.0;A01
18652;201400012540;0;7;0;13.0;0.0;0.0;14.0;A01
18653;201400012541;0;7;0;3.0;0.0;7.0;13.0;A01
18654;201400012542;0;33;0;0.0;2.0;1.0;1.0;A01
18655;201400012542;0;7;0;0.0;9.0;5.0;1.0;B02
18656;201400012543;0;10;0;3.0;0.0;2.0;0.0;A01
18657;201400012544;0;10;0;3.0;0.0;3.0;13.0;A01
18658;201400012544;0;7;0;14.0;0.0;3.0;1.0;B02
18659;201400012545;0;7;0;7.0;2.0;2.0;2.0;A01
18660;201400012545;0;7;0;0.0;2.0;6.0;2.0;B02
18661;201400012546;0;7;0;0.0;2.0;3.0;2.0;A01
18662;201400012546;0;15;0;0.0;0.0;7.0;2.0;B02
18663;201400012546;0;14;0;0.0;0.0;8.0;1.0;C03
18664;201400012548;0;10;0;0.0;2.0;1.0;1.0;A01
18665;201400012548;0;14;0;0.0;0.0;6.0;1.0;B02
18666;201400012549;0;14;0;3.0;0.0;1.0;1.0;A01
18667;201400012551;0;7;0;0.0;1.0;3.0;1.0;A01
18668;201400012552;0;33;0;0.0;2.0;1.0;1.0;A01
18669;201400012552;0;33;0;0.0;2.0;1.0;1.0;B02
18670;201400012553;0;10;0;0.0;2.0;5.0;17.0;A01
18671;201400012553;0;10;0;0.0;2.0;8.0;4.0;B02
18672;201400012554;0;7;0;6.0;0.0;3.0;1.0;A01
18673;201400012555;0;7;0;3.0;0.0;1.0;1.0;A01
18674;201400012556;0;17;0;3.0;0.0;3.0;1.0;A01
18675;201400012557;0;1;0;0.0;2.0;1.0;1.0;B02
18676;201400012557;0;7;0;0.0;9.0;4.0;1.0;A01
18677;201400012558;0;7;0;0.0;0.0;4.0;15.0;A01
18678;201400012558;0;33;0;0.0;2.0;1.0;1.0;B02
18679;201400012559;0;7;0;0.0;2.0;1.0;1.0;A01
18680;201400012559;0;7;0;0.0;2.0;1.0;15.0;B02
18681;201400012560;0;7;0;8.0;0.0;1.0;1.0;A01
18682;201400012561;0;33;0;0.0;2.0;1.0;1.0;A01
18683;201400012561;0;7;0;0.0;2.0;5.0;15.0;B02
18684;201400012562;0;7;0;0.0;0.0;2.0;15.0;A01
18685;201400012562;0;1;0;0.0;2.0;1.0;1.0;B02
18686;201400012563;0;7;0;0.0;0.0;3.0;19.0;A01
18687;201400012563;0;7;0;0.0;0.0;2.0;19.0;B02
18688;201400012564;0;30;0;0.0;2.0;1.0;1.0;B02
18689;201400012564;0;10;0;0.0;2.0;2.0;15.0;A01
18690;201400012565;0;30;0;0.0;2.0;1.0;1.0;A01
18691;201400012565;0;7;0;0.0;2.0;5.0;15.0;B02
18692;201400012566;0;13;0;0.0;2.0;1.0;1.0;A01
18693;201400012566;0;7;0;0.0;2.0;8.0;15.0;B02
18694;201400012567;0;14;0;0.0;1.0;3.0;1.0;A01
18695;201400012568;0;31;0;0.0;2.0;1.0;17.0;B02
18696;201400012568;0;7;0;0.0;2.0;3.0;9.0;A01
18697;201400012569;0;7;0;0.0;2.0;6.0;1.0;B02
18698;201400012569;1;7;0;0.0;2.0;3.0;9.0;A01
18699;201400012570;0;7;0;0.0;0.0;4.0;1.0;B02
18700;201400012570;0;7;0;0.0;2.0;1.0;1.0;A01
18701;201400012571;0;7;0;0.0;9.0;8.0;15.0;B02
18702;201400012571;0;1;0;0.0;2.0;0.0;1.0;A01
18703;201400012572;0;33;0;0.0;2.0;1.0;2.0;A01
18704;201400012572;0;10;0;0.0;0.0;6.0;2.0;B02
18705;201400012574;0;7;0;0.0;0.0;6.0;21.0;A01
18706;201400012574;0;7;0;0.0;0.0;3.0;1.0;B02
18707;201400012575;0;33;0;0.0;2.0;1.0;3.0;A01
18708;201400012575;0;3;0;0.0;2.0;3.0;15.0;B02
18709;201400012576;0;33;0;0.0;2.0;1.0;1.0;B02
18710;201400012576;0;7;0;0.0;2.0;8.0;15.0;A01
18711;201400012577;0;33;0;0.0;2.0;1.0;17.0;B02
18712;201400012577;0;7;0;0.0;0.0;6.0;15.0;A01
18713;201400012579;0;1;0;0.0;2.0;1.0;0.0;A01
18714;201400012579;0;7;0;0.0;9.0;1.0;0.0;B02
18715;201400012581;0;7;0;0.0;2.0;3.0;1.0;B02
18716;201400012581;0;7;0;0.0;2.0;3.0;13.0;A01
18717;201400012582;0;7;0;14.0;0.0;1.0;11.0;C03
18718;201400012582;0;17;0;0.0;0.0;6.0;1.0;A01
18719;201400012582;0;7;0;0.0;2.0;2.0;11.0;B02
18720;201400012583;0;7;0;0.0;1.0;2.0;1.0;A01