;Num_Acc;senc;catv;occutc;obs;obsm;choc;manv;num_veh
18721;201400012584;0;7;0;13.0;0.0;1.0;14.0;A01
18722;201400012585;0;10;0;0.0;2.0;4.0;2.0;A01
18723;201400012585;0;7;0;0.0;2.0;5.0;2.0;B02
18724;201400012585;0;7;0;0.0;2.0;3.0;2.0;C03
18725;201400012586;0;7;0;0.0;0.0;5.0;2.0;A01
18726;201400012586;0;7;0;0.0;2.0;3.0;2.0;B02
18727;201400012587;0;14;0;0.0;0.0;0.0;0.0;A01
18728;201400012588;0;7;0;2.0;0.0;8.0;1.0;A01
18729;201400012589;0;7;0;0.0;2.0;6.0;1.0;A01
18730;201400012589;0;10;0;0.0;2.0;2.0;1.0;B02
18731;201400012589;0;7;0;0.0;2.0;1.0;1.0;C03
18732;201400012590;0;7;0;0.0;2.0;3.0;13.0;A01
18733;201400012590;0;7;0;0.0;2.0;2.0;1.0;B02
18734;201400012592;0;10;0;3.0;0.0;9.0;1.0;A01
18735;201400012593;0;7;0;14.0;0.0;1.0;1.0;B02
18736;201400012593;0;7;0;3.0;0.0;1.0;1.0;A01
18737;201400012594;0;7;0;4.0;0.0;1.0;1.0;A01
18738;201400012594;0;7;0;0.0;2.0;1.0;21.0;B02
18739;201400012594;0;7;0;1.0;0.0;8.0;21.0;C03
18740;201400012594;0;7;0;14.0;0.0;1.0;21.0;D04
18741;201400012595;0;17;0;14.0;1.0;2.0;1.0;B02
18742;201400012596;0;7;0;12.0;0.0;2.0;1.0;A01
18743;201400012597;0;7;0;6.0;0.0;1.0;1.0;A01
18744;201400012598;0;7;0;4.0;0.0;3.0;2.0;A01
18745;201400012599;0;7;0;4.0;0.0;1.0;9.0;A01
18746;201400012600;0;7;0;13.0;0.0;2.0;1.0;A01
18747;201400012603;0;10;0;1.0;0.0;2.0;14.0;B02
18748;201400012603;0;14;0;0.0;9.0;6.0;24.0;A01
18749;201400012604;0;7;0;4.0;2.0;1.0;1.0;A01
18750;201400012605;0;3;0;0.0;2.0;2.0;11.0;A01
18751;201400012605;0;7;0;0.0;2.0;2.0;1.0;B02
18752;201400012607;0;7;0;0.0;2.0;4.0;23.0;A01
18753;201400012607;0;7;0;0.0;2.0;9.0;23.0;B02
18754;201400012607;0;7;0;0.0;0.0;1.0;0.0;C03
18755;201400012607;0;33;0;0.0;2.0;1.0;1.0;D04
18756;201400012608;0;33;0;0.0;2.0;1.0;1.0;A01
18757;201400012608;0;7;0;0.0;2.0;6.0;15.0;B02
18758;201400012609;0;14;0;13.0;0.0;8.0;1.0;A01
18759;201400012610;0;33;0;0.0;2.0;2.0;17.0;A01
18760;201400012610;0;10;0;0.0;0.0;8.0;15.0;B02
18761;201400012611;0;30;0;12.0;0.0;1.0;1.0;A01
18762;201400012612;0;7;0;14.0;0.0;3.0;13.0;A01
18763;201400012613;0;10;0;0.0;2.0;2.0;1.0;A01
18764;201400012613;0;10;0;0.0;2.0;8.0;1.0;B02
18765;201400012614;0;2;0;0.0;0.0;0.0;0.0;A01
18766;201400012614;0;10;0;0.0;0.0;0.0;0.0;B02
18767;201400012616;0;7;0;6.0;0.0;7.0;0.0;A01
18768;201400012617;0;7;0;0.0;2.0;3.0;1.0;A01
18769;201400012617;0;7;0;0.0;2.0;3.0;13.0;B02
18770;201400012618;0;30;0;0.0;2.0;1.0;1.0;B02
18771;201400012618;0;7;0;0.0;2.0;3.0;15.0;A01
18772;201400012619;0;2;0;0.0;0.0;4.0;23.0;B02
18773;201400012619;0;7;0;0.0;2.0;3.0;2.0;A01
18774;201400012620;1;7;0;0.0;1.0;0.0;1.0;A01
18775;201400012621;0;15;0;0.0;2.0;2.0;14.0;C03
18776;201400012621;0;7;0;0.0;2.0;6.0;1.0;B02
18777;201400012621;0;10;0;0.0;2.0;7.0;1.0;A01
18778;201400012622;0;7;0;0.0;2.0;1.0;2.0;A01
18779;201400012622;0;15;0;0.0;0.0;6.0;1.0;B02
18780;201400012623;0;7;0;16.0;0.0;1.0;14.0;A01
18781;201400012624;0;17;0;4.0;0.0;3.0;13.0;A01
18782;201400012624;0;7;0;0.0;9.0;1.0;1.0;B02
18783;201400012625;0;17;0;0.0;2.0;4.0;2.0;A01
18784;201400012625;0;7;0;0.0;2.0;1.0;2.0;B02
18785;201400012626;0;10;0;0.0;0.0;6.0;1.0;B02
18786;201400012626;0;10;0;0.0;2.0;2.0;17.0;A01
18787;201400012627;0;7;0;4.0;2.0;1.0;13.0;B02
18788;201400012627;0;38;24;10.0;2.0;3.0;1.0;A01
18789;201400012628;0;7;0;2.0;2.0;1.0;21.0;A01
18790;201400012628;0;38;1;0.0;2.0;1.0;1.0;B02
18791;201400012629;0;7;0;0.0;2.0;5.0;1.0;B02
18792;201400012629;0;7;0;0.0;2.0;1.0;1.0;C03
18793;201400012629;0;7;0;0.0;2.0;8.0;13.0;A01
18794;201400012630;0;3;0;0.0;1.0;3.0;2.0;A01
18795;201400012631;0;7;0;0.0;0.0;4.0;23.0;A01
18796;201400012631;0;7;0;0.0;0.0;1.0;2.0;B02
18797;201400012632;0;2;0;0.0;2.0;1.0;1.0;A01
18798;201400012632;0;7;0;0.0;2.0;1.0;1.0;B02
18799;201400012634;0;7;0;0.0;0.0;0.0;1.0;B02
18800;201400012634;0;7;0;6.0;0.0;2.0;1.0;A01
18801;201400012635;0;2;0;0.0;2.0;7.0;1.0;B02
18802;201400012635;0;7;0;0.0;2.0;3.0;1.0;A01
18803;201400012636;0;34;0;0.0;2.0;1.0;1.0;A01
18804;201400012636;0;7;0;0.0;2.0;3.0;1.0;B02
18805;201400012637;0;7;0;0.0;2.0;3.0;1.0;B02
18806;201400012637;0;7;0;0.0;2.0;1.0;1.0;A01
18807;201400012638;0;7;0;0.0;2.0;3.0;1.0;A01
18808;201400012638;0;1;0;0.0;2.0;3.0;21.0;B02
18809;201400012639;0;7;0;0.0;1.0;0.0;0.0;A01
18810;201400012640;0;7;0;0.0;2.0;8.0;1.0;B02
18811;201400012640;0;7;0;0.0;2.0;3.0;13.0;A01
18812;201400012640;0;7;0;0.0;2.0;1.0;1.0;C03
18813;201400012641;0;7;0;13.0;0.0;1.0;2.0;A01
18814;201400012643;0;7;0;0.0;2.0;4.0;2.0;B02
18815;201400012643;0;7;0;0.0;2.0;2.0;2.0;A01
18816;201400012643;0;7;0;0.0;2.0;2.0;1.0;C03
18817;201400012645;0;33;0;16.0;0.0;9.0;1.0;A01
18818;201400012646;0;7;0;2.0;0.0;1.0;1.0;A01
18819;201400012647;0;33;0;16.0;0.0;0.0;1.0;A01
18820;201400012648;0;7;0;6.0;0.0;3.0;1.0;A01
18821;201400012649;0;1;0;0.0;2.0;1.0;2.0;A01
18822;201400012649;1;7;0;0.0;2.0;5.0;2.0;B02
18823;201400012650;0;7;0;0.0;2.0;3.0;19.0;B02
18824;201400012650;0;7;0;0.0;2.0;1.0;1.0;A01
18825;201400012651;0;7;0;0.0;2.0;8.0;16.0;B02
18826;201400012651;0;15;0;0.0;2.0;2.0;1.0;A01
18827;201400012653;0;7;0;0.0;2.0;3.0;13.0;A01
18828;201400012653;0;7;0;0.0;2.0;3.0;1.0;B02
18829;201400012654;0;7;0;6.0;0.0;3.0;1.0;A01
18830;201400012655;0;7;0;0.0;2.0;3.0;13.0;A01
18831;201400012655;0;7;0;0.0;2.0;3.0;21.0;B02
18832;201400012656;0;10;0;2.0;0.0;1.0;1.0;A01
18833;201400012657;0;15;0;0.0;2.0;1.0;1.0;A01
18834;201400012657;0;15;0;0.0;0.0;4.0;23.0;B02
18835;201400012658;0;32;0;0.0;2.0;1.0;2.0;A01
18836;201400012658;0;7;0;0.0;0.0;6.0;23.0;B02
18837;201400012659;0;31;0;0.0;2.0;1.0;1.0;A01
18838;201400012659;0;7;0;0.0;0.0;4.0;23.0;B02
18839;201400012660;0;15;0;0.0;2.0;2.0;19.0;A01
18840;201400012660;0;7;0;0.0;2.0;3.0;1.0;B02
18841;201400012661;0;1;0;13.0;0.0;0.0;1.0;A01
18842;201400012663;0;10;0;0.0;2.0;1.0;1.0;A01
18843;201400012663;0;7;0;0.0;2.0;1.0;15.0;B02
18844;201400012664;0;7;0;0.0;2.0;3.0;1.0;B02
18845;201400012664;0;7;0;0.0;2.0;3.0;13.0;A01
18846;201400012665;0;7;0;0.0;0.0;3.0;15.0;A01
18847;201400012665;0;30;0;0.0;2.0;1.0;17.0;B02
18848;201400012666;0;7;0;0.0;2.0;3.0;13.0;A01
18849;201400012666;0;7;0;0.0;0.0;3.0;1.0;B02
18850;201400012667;0;7;0;0.0;2.0;1.0;15.0;A01
18851;201400012667;0;33;0;0.0;2.0;7.0;1.0;B02
18852;201400012668;0;37;1;7.0;0.0;1.0;1.0;A01
18853;201400012669;0;33;0;0.0;2.0;1.0;2.0;A01
18854;201400012669;0;7;0;0.0;2.0;4.0;15.0;B02
18855;201400012670;0;33;0;0.0;2.0;7.0;1.0;A01
18856;201400012670;0;7;0;0.0;2.0;1.0;19.0;B02
18857;201400012671;0;1;0;0.0;1.0;1.0;1.0;A01
18858;201400012672;0;7;0;0.0;2.0;3.0;13.0;A01
18859;201400012672;0;7;0;0.0;2.0;3.0;1.0;B02
18860;201400012672;0;7;0;0.0;2.0;1.0;1.0;C03
18861;201400012673;0;7;0;0.0;2.0;8.0;1.0;B02
18862;201400012673;0;10;0;0.0;2.0;4.0;4.0;A01
18863;201400012674;0;33;0;0.0;2.0;8.0;1.0;B02
18864;201400012674;0;7;0;0.0;2.0;5.0;1.0;A01
18865;201400012676;0;10;0;0.0;2.0;8.0;15.0;A01
18866;201400012676;0;33;0;0.0;2.0;1.0;17.0;B02
18867;201400012677;0;7;0;0.0;2.0;3.0;1.0;B02
18868;201400012677;0;7;0;0.0;2.0;3.0;13.0;A01
18869;201400012678;0;33;0;0.0;2.0;1.0;2.0;B02
18870;201400012678;0;7;0;0.0;2.0;8.0;15.0;A01
18871;201400012679;0;7;0;0.0;2.0;1.0;1.0;B02
18872;201400012679;0;33;0;0.0;2.0;1.0;13.0;A01
18873;201400012680;0;33;0;0.0;2.0;1.0;1.0;A01
18874;201400012680;1;7;0;0.0;0.0;2.0;11.0;Z02
18875;201400012681;0;1;0;0.0;2.0;7.0;16.0;C03
18876;201400012681;0;10;0;0.0;9.0;1.0;1.0;A01
18877;201400012681;0;1;0;0.0;2.0;7.0;16.0;B02
18878;201400012682;0;33;0;0.0;0.0;4.0;0.0;A01
18879;201400012682;0;33;0;1.0;0.0;1.0;2.0;B02
18880;201400012683;0;33;0;0.0;0.0;3.0;1.0;B02
18881;201400012683;0;7;0;0.0;0.0;3.0;13.0;A01
18882;201400012684;0;7;0;1.0;0.0;1.0;14.0;A01
18883;201400012685;0;7;0;0.0;2.0;3.0;15.0;B02
18884;201400012685;0;33;0;0.0;2.0;1.0;17.0;A01
18885;201400012686;0;7;0;0.0;9.0;7.0;13.0;A01
18886;201400012686;0;30;0;0.0;2.0;1.0;1.0;B02
18887;201400012687;0;7;0;;1.0;1.0;1.0;A01
18888;201400012688;0;7;0;0.0;9.0;0.0;22.0;A01
18889;201400012688;0;1;0;1.0;0.0;2.0;1.0;B02
18890;201400012689;0;7;0;0.0;2.0;1.0;15.0;A01
18891;201400012689;0;30;0;0.0;2.0;1.0;1.0;B02
18892;201400012690;0;7;0;0.0;2.0;2.0;15.0;A01
18893;201400012690;0;7;0;0.0;2.0;1.0;1.0;B02
18894;201400012691;0;7;0;0.0;9.0;8.0;13.0;A01
18895;201400012691;0;33;0;0.0;2.0;1.0;3.0;B02
18896;201400012692;0;7;0;0.0;2.0;2.0;15.0;A01
18897;201400012692;0;2;0;0.0;2.0;1.0;1.0;B02
18898;201400012693;0;7;0;0.0;0.0;8.0;15.0;A01
18899;201400012693;0;30;0;0.0;0.0;1.0;1.0;B02
18900;201400012694;0;7;0;0.0;1.0;1.0;1.0;A01
18901;201400012695;0;33;0;0.0;0.0;4.0;23.0;A01
18902;201400012695;0;7;0;0.0;2.0;1.0;1.0;B02
18903;201400012696;0;7;0;0.0;2.0;1.0;1.0;B02
18904;201400012696;0;7;0;0.0;2.0;1.0;5.0;A01
18905;201400012697;0;36;0;8.0;0.0;1.0;1.0;A01
18906;201400012698;0;7;0;0.0;2.0;8.0;9.0;A01
18907;201400012698;0;33;0;0.0;2.0;1.0;1.0;B02
18908;201400012699;0;7;0;0.0;2.0;1.0;1.0;C03
18909;201400012699;0;7;0;0.0;2.0;7.0;11.0;B02
18910;201400012699;0;7;0;0.0;2.0;1.0;1.0;A01
18911;201400012700;0;10;0;0.0;2.0;4.0;23.0;B02
18912;201400012700;0;10;0;0.0;2.0;1.0;1.0;A01
18913;201400012701;0;99;0;0.0;0.0;8.0;1.0;A01
18914;201400012702;0;7;0;0.0;2.0;5.0;23.0;B02
18915;201400012702;0;31;0;0.0;2.0;3.0;1.0;A01
18916;201400012703;0;10;0;13.0;0.0;2.0;1.0;A01
18917;201400012704;0;7;0;0.0;2.0;1.0;1.0;A01
18918;201400012704;0;7;0;0.0;2.0;8.0;0.0;B02
18919;201400012705;0;33;0;0.0;2.0;7.0;17.0;B02
18920;201400012705;0;7;0;0.0;2.0;8.0;19.0;A01
18921;201400012706;0;34;0;0.0;2.0;1.0;1.0;B02
18922;201400012706;0;7;0;0.0;2.0;7.0;15.0;A01
18923;201400012707;0;7;0;0.0;2.0;3.0;13.0;A01
18924;201400012707;0;7;0;0.0;2.0;3.0;1.0;B02
18925;201400012709;0;33;0;8.0;0.0;1.0;1.0;A01
18926;201400012710;0;7;0;0.0;2.0;8.0;1.0;B02
18927;201400012710;0;7;0;0.0;2.0;3.0;13.0;A01
18928;201400012711;0;7;0;0.0;9.0;3.0;15.0;A01
18929;201400012711;0;33;0;0.0;2.0;1.0;17.0;B02
18930;201400012712;0;7;0;0.0;2.0;1.0;13.0;A01
18931;201400012712;0;7;0;0.0;2.0;1.0;1.0;B02
18932;201400012713;0;10;0;0.0;0.0;0.0;15.0;B02
18933;201400012713;0;33;0;0.0;0.0;0.0;17.0;A01
18934;201400012714;0;33;0;0.0;2.0;4.0;1.0;A01
18935;201400012714;0;7;0;0.0;2.0;1.0;2.0;B02
18936;201400012715;0;14;0;0.0;2.0;6.0;1.0;B02
18937;201400012715;0;7;0;0.0;2.0;3.0;12.0;A01
18938;201400012717;0;7;0;0.0;2.0;2.0;2.0;B02
18939;201400012717;0;30;0;0.0;2.0;3.0;9.0;A01
18940;201400012718;0;7;0;0.0;2.0;3.0;13.0;A01
18941;201400012718;0;7;0;0.0;2.0;3.0;1.0;B02
18942;201400012719;0;33;0;0.0;5.0;1.0;1.0;A01
18943;201400012720;0;7;0;0.0;2.0;6.0;13.0;A01
18944;201400012720;0;7;0;0.0;2.0;1.0;1.0;B02
18945;201400012721;0;1;0;0.0;2.0;5.0;1.0;B02
18946;201400012721;0;7;0;0.0;2.0;1.0;1.0;A01
18947;201400012722;0;30;0;6.0;0.0;8.0;13.0;A01
18948;201400012723;0;7;0;0.0;2.0;3.0;1.0;B02
18949;201400012723;0;31;0;0.0;2.0;1.0;1.0;A01
18950;201400012724;0;1;0;0.0;2.0;1.0;2.0;B02
18951;201400012724;0;7;0;0.0;2.0;3.0;9.0;A01
18952;201400012725;0;17;0;0.0;2.0;4.0;2.0;B02
18953;201400012725;0;7;0;0.0;2.0;1.0;2.0;A01
18954;201400012726;0;7;0;3.0;0.0;3.0;13.0;A01
18955;201400012727;0;7;0;4.0;0.0;3.0;1.0;A01
18956;201400012728;0;7;0;3.0;0.0;9.0;1.0;A01
18957;201400012729;0;7;0;4.0;0.0;1.0;2.0;A01
18958;201400012730;0;17;0;0.0;0.0;0.0;1.0;B02
18959;201400012730;0;7;0;0.0;2.0;1.0;2.0;A01
18960;201400012731;0;38;0;1.0;1.0;2.0;7.0;A01
18961;201400012732;0;7;0;0.0;0.0;1.0;1.0;A01
18962;201400012732;0;38;0;0.0;0.0;3.0;1.0;B02
18963;201400012733;0;7;0;4.0;0.0;2.0;14.0;A01
18964;201400012734;1;7;0;1.0;1.0;7.0;1.0;A01
18965;201400012735;0;7;0;2.0;0.0;1.0;1.0;A01
18966;201400012737;0;10;0;0.0;2.0;1.0;2.0;A01
18967;201400012737;0;7;0;0.0;2.0;4.0;2.0;B02
18968;201400012737;0;7;0;0.0;2.0;4.0;2.0;C03
18969;201400012737;0;10;0;0.0;2.0;4.0;2.0;D04
18970;201400012738;0;7;0;0.0;1.0;4.0;4.0;A01
18971;201400012739;0;7;0;0.0;2.0;3.0;1.0;A01
18972;201400012739;0;31;0;0.0;2.0;1.0;1.0;B02
18973;201400012740;0;7;0;8.0;0.0;1.0;1.0;A01
18974;201400012741;0;33;0;0.0;0.0;0.0;1.0;A01
18975;201400012742;0;7;0;0.0;1.0;3.0;1.0;A01
18976;201400012743;0;7;0;0.0;2.0;3.0;1.0;A01
18977;201400012743;0;7;0;0.0;2.0;3.0;21.0;C03
18978;201400012743;0;7;0;0.0;2.0;3.0;1.0;B02
18979;201400012744;0;7;0;0.0;1.0;3.0;0.0;A01
18980;201400012745;0;7;0;0.0;0.0;8.0;19.0;A01
18981;201400012745;0;17;0;0.0;2.0;1.0;1.0;B02
18982;201400012746;0;34;0;0.0;0.0;1.0;0.0;B02
18983;201400012746;0;10;0;0.0;0.0;0.0;9.0;A01
18984;201400012748;0;2;0;0.0;2.0;8.0;19.0;A01
18985;201400012748;0;7;0;0.0;2.0;3.0;1.0;B02
18986;201400012750;0;7;0;0.0;2.0;1.0;1.0;B02
18987;201400012750;0;7;0;0.0;2.0;4.0;2.0;A01
18988;201400012751;0;7;0;0.0;0.0;6.0;23.0;B02
18989;201400012751;0;33;0;0.0;2.0;1.0;1.0;A01
18990;201400012753;0;7;0;2.0;0.0;7.0;1.0;A01
18991;201400012754;0;7;0;0.0;2.0;3.0;1.0;B02
18992;201400012754;0;33;0;0.0;2.0;3.0;17.0;A01
18993;201400012755;0;7;0;0.0;2.0;1.0;13.0;A01
18994;201400012755;0;7;0;0.0;2.0;1.0;1.0;B02
18995;201400012756;0;7;0;0.0;2.0;1.0;1.0;B02
18996;201400012756;0;7;0;0.0;2.0;1.0;13.0;A01
18997;201400012757;0;33;0;0.0;0.0;7.0;1.0;A01
18998;201400012758;0;33;0;0.0;2.0;2.0;17.0;A01
18999;201400012758;0;7;0;0.0;2.0;8.0;15.0;B02
19000;201400012759;0;7;0;0.0;2.0;8.0;17.0;A01
19001;201400012759;0;33;0;0.0;2.0;3.0;1.0;B02
19002;201400012761;0;7;0;0.0;2.0;2.0;1.0;B02
19003;201400012761;0;33;0;0.0;2.0;1.0;13.0;A01
19004;201400012762;0;7;0;0.0;2.0;1.0;13.0;A01
19005;201400012762;0;7;0;0.0;2.0;1.0;1.0;B02
19006;201400012763;0;33;0;0.0;2.0;1.0;3.0;A01
19007;201400012763;0;7;0;0.0;2.0;4.0;1.0;B02
19008;201400012763;0;7;0;0.0;2.0;2.0;1.0;C03
19009;201400012764;0;7;0;13.0;0.0;0.0;1.0;A01
19010;201400012765;0;30;0;8.0;0.0;1.0;1.0;A01
19011;201400012766;0;21;0;13.0;0.0;0.0;21.0;A01
19012;201400012767;0;30;0;0.0;2.0;2.0;1.0;A01
19013;201400012767;0;7;0;0.0;2.0;3.0;1.0;B02
19014;201400012768;0;10;0;0.0;2.0;2.0;2.0;A01
19015;201400012768;0;1;0;0.0;0.0;4.0;2.0;B02
19016;201400012769;0;7;0;13.0;0.0;4.0;1.0;A01
19017;201400012770;0;1;0;0.0;2.0;8.0;19.0;B02
19018;201400012770;0;7;0;0.0;9.0;2.0;1.0;A01
19019;201400012771;0;10;0;0.0;1.0;2.0;1.0;A01
19020;201400012772;0;7;0;0.0;2.0;3.0;5.0;A01
19021;201400012772;0;7;0;0.0;2.0;3.0;0.0;B02
19022;201400012773;0;7;0;6.0;0.0;2.0;1.0;A01
19023;201400012774;0;7;0;0.0;0.0;9.0;1.0;A01
19024;201400012775;0;7;0;0.0;2.0;1.0;2.0;A01
19025;201400012775;0;17;0;0.0;0.0;4.0;2.0;B02
19026;201400012776;0;7;0;3.0;0.0;1.0;1.0;A01
19027;201400012777;0;7;0;3.0;0.0;2.0;1.0;A01
19028;201400012778;0;17;0;0.0;0.0;6.0;0.0;B02
19029;201400012778;0;10;0;0.0;2.0;2.0;2.0;A01
19030;201400012779;2;7;0;0.0;0.0;4.0;0.0;B02
19031;201400012779;0;33;0;0.0;2.0;1.0;2.0;A01
19032;201400012780;2;7;0;0.0;2.0;1.0;2.0;B02
19033;201400012780;0;7;0;0.0;2.0;4.0;1.0;A01
19034;201400012781;0;7;0;0.0;2.0;1.0;2.0;A01
19035;201400012781;0;7;0;0.0;0.0;4.0;1.0;B02
19036;201400012781;0;7;0;0.0;2.0;3.0;1.0;C03
19037;201400012782;0;7;0;0.0;2.0;3.0;2.0;B02
19038;201400012782;0;7;0;3.0;2.0;2.0;6.0;A01
19039;201400012783;0;7;0;0.0;0.0;1.0;5.0;A01
19040;201400012784;0;7;0;0.0;2.0;1.0;13.0;A01
19041;201400012784;0;7;0;0.0;2.0;0.0;1.0;B02
19042;201400012785;0;7;0;0.0;2.0;3.0;19.0;A01
19043;201400012785;0;7;0;0.0;2.0;1.0;1.0;B02
19044;201400012786;0;7;0;16.0;0.0;0.0;2.0;A01
19045;201400012787;0;7;0;2.0;0.0;1.0;1.0;A01
19046;201400012788;0;7;0;0.0;2.0;1.0;19.0;A01
19047;201400012788;0;7;0;0.0;2.0;3.0;1.0;B02
19048;201400012789;0;7;0;0.0;2.0;1.0;2.0;A01
19049;201400012789;0;7;0;0.0;0.0;4.0;1.0;B02
19050;201400012790;0;7;0;3.0;0.0;3.0;1.0;A01
19051;201400012791;0;7;0;3.0;0.0;5.0;12.0;A01
19052;201400012792;0;10;0;0.0;2.0;2.0;17.0;A01
19053;201400012792;0;15;0;0.0;0.0;6.0;1.0;B02
19054;201400012793;0;7;0;4.0;0.0;8.0;11.0;A01
19055;201400012794;0;7;0;3.0;2.0;9.0;23.0;A01
19056;201400012794;0;7;0;14.0;0.0;1.0;1.0;B02
19057;201400012795;0;7;0;13.0;0.0;2.0;1.0;A01
19058;201400012796;0;7;0;0.0;2.0;2.0;1.0;B02
19059;201400012796;0;7;0;0.0;2.0;6.0;11.0;A01
19060;201400012797;1;14;0;0.0;1.0;2.0;1.0;A01
19061;201400012798;0;16;0;0.0;0.0;4.0;23.0;A01
19062;201400012798;0;14;0;1.0;0.0;2.0;1.0;C03
19063;201400012799;0;7;0;0.0;0.0;4.0;1.0;B02
19064;201400012799;0;7;0;0.0;2.0;1.0;2.0;A01
19065;201400012801;0;7;0;14.0;0.0;1.0;1.0;B02
19066;201400012801;0;7;0;3.0;0.0;6.0;9.0;A01
19067;201400012802;0;1;0;0.0;2.0;7.0;5.0;A01
19068;201400012802;0;7;0;0.0;2.0;1.0;1.0;B02
19069;201400012803;0;20;0;12.0;0.0;8.0;2.0;A01
19070;201400012804;0;7;0;0.0;0.0;2.0;1.0;A01
19071;201400012805;0;7;0;0.0;2.0;2.0;1.0;A01
19072;201400012805;0;1;0;0.0;2.0;1.0;1.0;B02
19073;201400012807;0;7;0;0.0;2.0;4.0;1.0;B02
19074;201400012807;0;7;0;0.0;2.0;2.0;1.0;C03
19075;201400012807;0;7;0;0.0;2.0;1.0;1.0;A01
19076;201400012808;0;7;0;0.0;9.0;1.0;1.0;B02
19077;201400012808;0;1;0;0.0;2.0;1.0;13.0;A01
19078;201400012809;0;7;0;0.0;2.0;1.0;1.0;C03
19079;201400012809;0;7;0;0.0;2.0;3.0;1.0;B02
19080;201400012809;0;7;0;0.0;2.0;3.0;5.0;A01
19081;201400012809;0;7;0;0.0;2.0;3.0;0.0;D04
19082;201400012810;0;17;0;13.0;0.0;7.0;14.0;A02
19083;201400012811;0;7;0;3.0;0.0;9.0;1.0;A01
19084;201400012812;0;7;0;3.0;0.0;1.0;1.0;A01
19085;201400012813;0;7;0;3.0;2.0;3.0;1.0;A01
19086;201400012813;0;7;0;0.0;2.0;1.0;1.0;B02
19087;201400012814;0;7;0;3.0;0.0;3.0;13.0;A01
19088;201400012815;0;7;0;0.0;2.0;1.0;2.0;A01
19089;201400012815;0;7;0;0.0;2.0;4.0;2.0;B02
19090;201400012816;0;7;0;3.0;2.0;3.0;2.0;A01
19091;201400012816;0;7;0;0.0;2.0;7.0;2.0;B02
19092;201400012817;0;7;0;3.0;0.0;2.0;1.0;A01
19093;201400012818;0;15;0;0.0;2.0;2.0;1.0;A01
19094;201400012818;0;7;0;0.0;2.0;6.0;1.0;B02
19095;201400012818;0;7;0;0.0;2.0;1.0;1.0;C03
19096;201400012820;0;7;0;13.0;0.0;3.0;1.0;A01
19097;201400012822;0;7;0;0.0;2.0;1.0;1.0;C03
19098;201400012822;0;7;0;0.0;2.0;7.0;1.0;A01
19099;201400012822;0;7;0;0.0;2.0;1.0;23.0;B02
19100;201400012823;0;7;0;0.0;1.0;2.0;1.0;A01
19101;201400012824;0;7;0;8.0;0.0;1.0;14.0;A01
19102;201400012825;0;1;0;0.0;2.0;7.0;2.0;B02
19103;201400012825;0;10;0;0.0;2.0;8.0;2.0;A01
19104;201400012826;0;7;0;0.0;2.0;3.0;16.0;B02
19105;201400012826;0;7;0;0.0;2.0;1.0;1.0;A01
19106;201400012827;0;7;0;0.0;0.0;0.0;1.0;A01
19107;201400012828;0;7;0;0.0;2.0;1.0;1.0;B02
19108;201400012828;0;7;0;0.0;2.0;1.0;13.0;A01
19109;201400012829;0;7;0;0.0;2.0;1.0;1.0;A01
19110;201400012829;0;7;0;0.0;2.0;3.0;19.0;B02
19111;201400012832;0;7;0;0.0;2.0;1.0;2.0;A01
19112;201400012832;0;7;0;0.0;0.0;4.0;2.0;B02
19113;201400012833;0;7;0;3.0;0.0;1.0;2.0;A01
19114;201400012834;0;7;0;0.0;2.0;1.0;1.0;A01
19115;201400012834;0;14;0;0.0;2.0;4.0;0.0;B02
19116;201400012835;0;7;0;0.0;0.0;9.0;0.0;A01
19117;201400012836;0;7;0;3.0;0.0;1.0;1.0;A01
19118;201400012837;0;7;0;0.0;2.0;1.0;2.0;A01
19119;201400012837;0;15;0;0.0;2.0;4.0;2.0;B02
19120;201400012838;0;7;0;0.0;2.0;2.0;21.0;A01
19121;201400012838;0;7;0;0.0;0.0;5.0;1.0;B02
19122;201400012839;0;7;0;0.0;2.0;4.0;2.0;B02
19123;201400012839;0;7;0;0.0;2.0;1.0;2.0;A01
19124;201400012840;0;7;0;0.0;2.0;1.0;2.0;A01
19125;201400012840;0;7;0;0.0;2.0;4.0;2.0;B02
19126;201400012841;0;10;0;3.0;0.0;3.0;0.0;A01
19127;201400012841;0;7;0;0.0;2.0;1.0;0.0;B02
19128;201400012842;0;30;0;6.0;0.0;2.0;1.0;A01
19129;201400012843;2;7;0;0.0;2.0;2.0;3.0;A01
19130;201400012843;0;17;0;0.0;0.0;0.0;1.0;B02
19131;201400012845;0;7;0;1.0;0.0;1.0;1.0;A01
19132;201400012846;0;7;0;3.0;0.0;3.0;1.0;A01
19133;201400012847;0;17;0;0.0;2.0;2.0;21.0;A01
19134;201400012847;0;7;0;0.0;2.0;8.0;19.0;C03
19135;201400012849;0;7;0;3.0;0.0;1.0;1.0;A01
19136;201400012850;0;10;0;0.0;2.0;1.0;2.0;A01
19137;201400012850;0;15;0;0.0;0.0;4.0;2.0;B02
19138;201400012851;0;17;0;3.0;0.0;0.0;1.0;A01
19139;201400012851;0;15;0;16.0;0.0;0.0;1.0;B02
19140;201400012852;0;10;0;0.0;1.0;3.0;1.0;A01