;Num_Acc;senc;catv;occutc;obs;obsm;choc;manv;num_veh
19141;201400012852;0;7;0;14.0;0.0;1.0;17.0;B02
19142;201400012853;0;7;0;0.0;2.0;2.0;2.0;A01
19143;201400012853;0;7;0;0.0;2.0;6.0;1.0;B02
19144;201400012853;0;7;0;14.0;2.0;1.0;2.0;C03
19145;201400012853;0;7;0;14.0;0.0;1.0;2.0;D04
19146;201400012854;0;7;0;0.0;2.0;3.0;19.0;A01
19147;201400012854;0;7;0;0.0;2.0;6.0;23.0;B02
19148;201400012854;0;7;0;0.0;2.0;7.0;1.0;C03
19149;201400012855;0;7;0;3.0;0.0;2.0;1.0;A01
19150;201400012855;0;14;0;0.0;0.0;4.0;21.0;B02
19151;201400012855;0;7;0;0.0;2.0;1.0;21.0;C03
19152;201400012855;0;7;0;0.0;1.0;1.0;21.0;E05
19153;201400012855;0;14;0;0.0;2.0;4.0;23.0;F06
19154;201400012855;0;14;0;0.0;0.0;0.0;23.0;G07
19155;201400012855;0;7;0;0.0;2.0;4.0;23.0;H08
19156;201400012855;0;7;0;0.0;2.0;1.0;21.0;I09
19157;201400012855;0;7;0;0.0;2.0;1.0;21.0;J10
19158;201400012856;0;10;0;0.0;2.0;3.0;5.0;A01
19159;201400012856;0;7;0;0.0;2.0;8.0;1.0;B02
19160;201400012856;0;7;0;0.0;2.0;2.0;1.0;C03
19161;201400012857;0;7;0;4.0;0.0;9.0;1.0;A01
19162;201400012858;0;7;0;0.0;2.0;8.0;1.0;B02
19163;201400012858;0;17;0;0.0;2.0;1.0;1.0;A01
19164;201400012859;0;33;0;6.0;0.0;4.0;1.0;A01
19165;201400012860;0;10;0;0.0;0.0;1.0;13.0;A01
19166;201400012860;0;7;0;0.0;0.0;1.0;1.0;B02
19167;201400012861;0;33;0;13.0;0.0;1.0;0.0;A01
19168;201400012862;0;7;0;0.0;2.0;3.0;13.0;A01
19169;201400012862;0;7;0;0.0;2.0;3.0;1.0;B02
19170;201400012863;0;7;0;0.0;2.0;3.0;10.0;A01
19171;201400012863;0;2;0;0.0;2.0;1.0;1.0;B01
19172;201400012864;0;7;0;0.0;2.0;1.0;2.0;A01
19173;201400012864;0;7;0;0.0;2.0;4.0;2.0;B01
19174;201400012864;0;7;0;0.0;2.0;4.0;2.0;C01
19175;201400012866;0;7;0;0.0;0.0;1.0;2.0;A01
19176;201400012866;0;7;0;0.0;2.0;4.0;1.0;B01
19177;201400012867;0;7;0;0.0;0.0;7.0;19.0;A01
19178;201400012867;0;33;0;0.0;0.0;1.0;1.0;B01
19179;201400012868;0;30;0;0.0;1.0;1.0;1.0;A01
19180;201400012869;0;7;0;0.0;0.0;3.0;15.0;A01
19181;201400012869;0;2;0;0.0;0.0;1.0;3.0;B01
19182;201400012870;0;7;0;0.0;1.0;3.0;15.0;A01
19183;201400012871;0;10;0;0.0;1.0;1.0;1.0;A01
19184;201400012872;0;7;0;0.0;1.0;1.0;1.0;A01
19185;201400012873;0;7;0;0.0;1.0;1.0;1.0;A01
19186;201400012874;0;7;0;0.0;1.0;7.0;1.0;A01
19187;201400012875;0;7;0;0.0;0.0;2.0;16.0;A01
19188;201400012875;0;1;0;0.0;0.0;1.0;1.0;B01
19189;201400012876;0;7;0;0.0;0.0;1.0;16.0;A01
19190;201400012876;0;30;0;0.0;0.0;4.0;15.0;B01
19191;201400012877;0;14;0;0.0;0.0;5.0;0.0;A01
19192;201400012877;0;1;0;0.0;0.0;1.0;1.0;B01
19193;201400012878;0;34;0;0.0;0.0;8.0;1.0;A01
19194;201400012879;0;7;0;0.0;2.0;7.0;19.0;A01
19195;201400012879;0;7;0;0.0;2.0;1.0;0.0;B01
19196;201400012880;0;7;0;0.0;0.0;2.0;10.0;A01
19197;201400012880;0;30;0;0.0;0.0;1.0;1.0;B01
19198;201400012883;2;7;0;0.0;0.0;2.0;15.0;A01
19199;201400012883;0;10;0;0.0;0.0;3.0;1.0;B01
19200;201400012884;0;7;0;0.0;1.0;1.0;2.0;A01
19201;201400012885;0;30;0;0.0;2.0;0.0;1.0;B01
19202;201400012885;1;7;0;0.0;0.0;0.0;9.0;A01
19203;201400012886;0;7;0;0.0;6.0;9.0;21.0;A01
19204;201400012887;0;7;0;0.0;0.0;4.0;2.0;B01
19205;201400012887;0;7;0;0.0;2.0;1.0;2.0;A01
19206;201400012888;0;31;0;0.0;0.0;0.0;2.0;A01
19207;201400012888;0;7;0;0.0;0.0;0.0;2.0;B01
19208;201400012889;0;7;0;0.0;0.0;6.0;1.0;B01
19209;201400012889;0;7;0;0.0;2.0;1.0;9.0;A01
19210;201400012890;0;7;0;14.0;1.0;7.0;17.0;A01
19211;201400012891;0;7;0;0.0;1.0;1.0;1.0;A01
19212;201400012893;1;7;0;0.0;1.0;1.0;1.0;Z01
19213;201400012894;0;7;0;0.0;1.0;1.0;1.0;A01
19214;201400012895;0;7;0;0.0;2.0;7.0;1.0;B01
19215;201400012895;2;7;0;0.0;2.0;1.0;1.0;A01
19216;201400012897;0;10;0;0.0;0.0;7.0;17.0;A01
19217;201400012897;0;1;0;0.0;0.0;5.0;2.0;B01
19218;201400012898;0;7;0;0.0;0.0;8.0;24.0;A01
19219;201400012898;0;2;0;0.0;0.0;1.0;1.0;B01
19220;201400012899;0;10;0;0.0;0.0;1.0;1.0;A01
19221;201400012899;0;7;0;0.0;1.0;4.0;1.0;B01
19222;201400012900;0;7;0;0.0;0.0;1.0;13.0;A01
19223;201400012900;0;7;0;0.0;0.0;1.0;1.0;B01
19224;201400012901;0;7;0;0.0;2.0;1.0;13.0;A01
19225;201400012901;0;7;0;0.0;2.0;3.0;1.0;B01
19226;201400012903;0;7;0;0.0;2.0;8.0;1.0;A01
19227;201400012903;0;7;0;0.0;2.0;1.0;1.0;B01
19228;201400012904;0;7;0;0.0;1.0;4.0;4.0;A01
19229;201400012905;0;7;0;0.0;0.0;1.0;2.0;A01
19230;201400012905;0;7;0;0.0;0.0;4.0;2.0;B01
19231;201400012906;0;15;0;0.0;0.0;1.0;2.0;A01
19232;201400012906;0;7;0;0.0;0.0;4.0;2.0;B01
19233;201400012907;0;1;0;0.0;2.0;1.0;9.0;B01
19234;201400012907;0;7;0;0.0;0.0;0.0;0.0;A01
19235;201400012908;0;7;0;0.0;1.0;1.0;17.0;A01
19236;201400012909;0;7;0;0.0;0.0;7.0;2.0;A01
19237;201400012909;0;30;0;0.0;0.0;8.0;2.0;B01
19238;201400012910;0;7;0;0.0;1.0;1.0;1.0;A01
19239;201400012911;0;7;0;0.0;0.0;3.0;1.0;A01
19240;201400012911;0;30;0;0.0;2.0;1.0;1.0;B01
19241;201400012912;0;1;0;0.0;2.0;1.0;1.0;B01
19242;201400012912;0;7;0;0.0;2.0;3.0;1.0;A01
19243;201400012913;0;38;2;0.0;1.0;2.0;1.0;A01
19244;201400012914;0;33;0;0.0;2.0;1.0;1.0;B01
19245;201400012914;0;7;0;0.0;2.0;1.0;9.0;A01
19246;201400012915;0;7;0;0.0;1.0;8.0;1.0;A01
19247;201400012916;0;30;0;0.0;0.0;1.0;17.0;A01
19248;201400012916;0;7;0;0.0;0.0;1.0;1.0;B01
19249;201400012917;0;2;0;0.0;2.0;1.0;1.0;A01
19250;201400012917;0;7;0;0.0;0.0;4.0;23.0;B01
19251;201400012919;0;33;0;0.0;1.0;1.0;1.0;A01
19252;201400012920;0;7;0;0.0;0.0;2.0;1.0;B01
19253;201400012920;0;7;0;0.0;0.0;3.0;16.0;A01
19254;201400012921;0;7;0;0.0;2.0;1.0;1.0;B01
19255;201400012921;0;7;0;0.0;2.0;8.0;1.0;A01
19256;201400012922;0;7;0;0.0;1.0;1.0;1.0;A01
19257;201400012923;0;7;0;0.0;0.0;2.0;14.0;A01
19258;201400012923;0;2;0;0.0;0.0;6.0;1.0;B01
19259;201400012924;0;7;0;0.0;2.0;1.0;1.0;B01
19260;201400012924;0;7;0;0.0;2.0;6.0;1.0;A01
19261;201400012925;0;33;0;16.0;0.0;1.0;1.0;A01
19262;201400012926;0;7;0;0.0;0.0;6.0;15.0;A01
19263;201400012926;0;2;0;0.0;2.0;1.0;17.0;B01
19264;201400012928;0;7;0;0.0;2.0;7.0;1.0;A01
19265;201400012928;0;7;0;0.0;2.0;1.0;1.0;B01
19266;201400012929;0;30;0;0.0;1.0;1.0;1.0;A01
19267;201400012930;0;7;0;0.0;2.0;1.0;15.0;A01
19268;201400012930;0;2;0;0.0;2.0;1.0;1.0;B01
19269;201400012931;0;33;0;0.0;2.0;1.0;1.0;A01
19270;201400012931;0;1;0;0.0;0.0;8.0;19.0;B02
19271;201400012932;0;31;0;8.0;0.0;0.0;1.0;A01
19272;201400012933;0;7;0;0.0;2.0;4.0;1.0;B02
19273;201400012933;0;2;0;0.0;2.0;1.0;1.0;A01
19274;201400012934;0;1;0;0.0;2.0;1.0;0.0;B02
19275;201400012934;2;30;0;1.0;9.0;1.0;1.0;A01
19276;201400012935;0;33;0;0.0;0.0;7.0;1.0;A01
19277;201400012935;0;7;0;2.0;0.0;2.0;19.0;B02
19278;201400012936;0;1;0;0.0;2.0;5.0;6.0;A01
19279;201400012936;0;30;0;0.0;2.0;3.0;2.0;B02
19280;201400012937;0;7;0;0.0;2.0;3.0;1.0;B02
19281;201400012937;0;7;0;0.0;2.0;7.0;13.0;A01
19282;201400012938;0;7;0;2.0;0.0;1.0;1.0;A01
19283;201400012939;0;10;0;0.0;2.0;1.0;1.0;A01
19284;201400012939;0;1;0;0.0;2.0;1.0;1.0;B02
19285;201400012940;0;10;0;0.0;1.0;4.0;4.0;A01
19286;201400012941;0;1;0;0.0;1.0;7.0;1.0;A01
19287;201400012942;0;7;0;0.0;2.0;3.0;1.0;A01
19288;201400012942;0;14;0;0.0;2.0;3.0;1.0;B02
19289;201400012942;0;31;0;0.0;2.0;4.0;1.0;C03
19290;201400012943;0;7;0;0.0;2.0;2.0;1.0;A01
19291;201400012943;0;7;0;0.0;2.0;3.0;1.0;B02
19292;201400012945;0;30;0;0.0;0.0;0.0;1.0;A01
19293;201400012946;0;7;0;0.0;2.0;1.0;1.0;B02
19294;201400012946;0;7;0;0.0;2.0;2.0;15.0;A01
19295;201400012947;0;7;0;0.0;2.0;1.0;9.0;A01
19296;201400012947;0;1;0;0.0;0.0;4.0;1.0;B02
19297;201400012948;0;7;0;0.0;9.0;7.0;17.0;A01
19298;201400012948;0;1;0;0.0;2.0;8.0;1.0;B02
19299;201400012949;0;1;0;0.0;2.0;8.0;1.0;B02
19300;201400012949;0;7;0;0.0;2.0;3.0;15.0;A01
19301;201400012950;0;17;0;0.0;2.0;1.0;1.0;A01
19302;201400012950;0;10;0;0.0;2.0;8.0;15.0;B02
19303;201400012952;0;10;0;0.0;2.0;1.0;1.0;A01
19304;201400012952;0;10;0;0.0;2.0;7.0;15.0;B02
19305;201400012953;0;10;0;2.0;0.0;1.0;1.0;A01
19306;201400012954;0;33;0;0.0;2.0;1.0;17.0;A01
19307;201400012954;0;7;0;0.0;2.0;6.0;15.0;B02
19308;201400012955;0;7;0;0.0;2.0;6.0;19.0;B02
19309;201400012955;0;33;0;0.0;2.0;1.0;17.0;A01
19310;201400012956;0;7;0;0.0;2.0;1.0;15.0;A01
19311;201400012956;0;1;0;0.0;2.0;1.0;1.0;B02
19312;201400012957;0;33;0;0.0;2.0;3.0;1.0;A01
19313;201400012957;0;14;0;0.0;2.0;3.0;1.0;B02
19314;201400012958;0;33;0;0.0;2.0;1.0;2.0;B02
19315;201400012958;0;7;0;0.0;2.0;4.0;2.0;A01
19316;201400012959;0;7;0;6.0;2.0;3.0;17.0;A01
19317;201400012959;0;7;0;0.0;2.0;3.0;1.0;B02
19318;201400012960;0;30;0;6.0;0.0;7.0;1.0;A01
19319;201400012961;0;10;0;0.0;2.0;1.0;19.0;B02
19320;201400012961;0;30;0;0.0;0.0;8.0;0.0;A01
19321;201400012962;0;33;0;3.0;0.0;8.0;2.0;A01
19322;201400012963;0;7;0;4.0;2.0;1.0;2.0;A01
19323;201400012963;0;7;0;0.0;2.0;4.0;2.0;B02
19324;201400012964;0;7;0;0.0;2.0;6.0;2.0;A01
19325;201400012964;0;7;0;0.0;2.0;2.0;2.0;B02
19326;201400012966;0;7;0;1.0;0.0;2.0;2.0;A01
19327;201400012967;0;10;0;3.0;2.0;5.0;2.0;A01
19328;201400012967;0;38;62;3.0;2.0;2.0;1.0;B02
19329;201400012968;0;7;0;0.0;2.0;2.0;14.0;A01
19330;201400012968;0;15;0;0.0;2.0;6.0;1.0;B02
19331;201400012969;0;7;0;6.0;0.0;1.0;13.0;A01
19332;201400012970;0;33;0;4.0;0.0;1.0;16.0;A01
19333;201400012971;0;37;0;0.0;2.0;1.0;21.0;B02
19334;201400012971;0;10;0;0.0;2.0;3.0;5.0;A01
19335;201400012972;0;7;0;0.0;2.0;3.0;5.0;A01
19336;201400012972;0;7;0;0.0;2.0;3.0;5.0;B02
19337;201400012973;0;7;0;0.0;2.0;3.0;1.0;C03
19338;201400012973;0;38;0;0.0;2.0;1.0;1.0;B02
19339;201400012973;0;7;0;0.0;2.0;3.0;5.0;A01
19340;201400012974;0;7;0;1.0;0.0;1.0;0.0;A01
19341;201400012975;0;33;0;0.0;2.0;1.0;1.0;B02
19342;201400012975;0;7;0;0.0;2.0;7.0;15.0;A01
19343;201400012976;0;10;0;0.0;2.0;1.0;1.0;A01
19344;201400012976;0;17;0;0.0;0.0;4.0;1.0;B02
19345;201400012977;0;7;0;4.0;0.0;2.0;17.0;A01
19346;201400012978;0;7;0;4.0;0.0;2.0;1.0;A01
19347;201400012979;0;7;0;4.0;0.0;2.0;1.0;A01
19348;201400012980;0;14;0;13.0;0.0;3.0;0.0;A01
19349;201400012981;0;38;0;0.0;2.0;3.0;19.0;A01
19350;201400012981;0;7;0;0.0;2.0;2.0;1.0;B02
19351;201400012982;0;7;0;0.0;2.0;1.0;13.0;A01
19352;201400012982;0;7;0;0.0;2.0;3.0;1.0;B02
19353;201400012983;0;7;0;0.0;1.0;1.0;15.0;A01
19354;201400012984;0;33;0;3.0;0.0;8.0;21.0;A01
19355;201400012986;0;7;0;0.0;2.0;3.0;13.0;A01
19356;201400012986;0;17;0;0.0;2.0;3.0;1.0;B02
19357;201400012986;0;7;0;0.0;2.0;3.0;1.0;D04
19358;201400012987;0;10;0;1.0;0.0;1.0;1.0;A01
19359;201400012987;0;7;0;0.0;2.0;4.0;23.0;B02
19360;201400012989;0;7;0;0.0;2.0;7.0;1.0;B02
19361;201400012989;0;10;0;0.0;2.0;1.0;19.0;A01
19362;201400012990;0;10;0;0.0;2.0;2.0;1.0;B02
19363;201400012990;0;7;0;0.0;2.0;2.0;3.0;A01
19364;201400012991;0;7;0;0.0;2.0;1.0;1.0;A01
19365;201400012991;0;7;0;0.0;2.0;1.0;1.0;B02
19366;201400012992;0;7;0;0.0;2.0;3.0;1.0;A01
19367;201400012992;0;7;0;13.0;2.0;5.0;17.0;B02
19368;201400012993;0;10;0;3.0;0.0;3.0;1.0;A01
19369;201400012994;0;15;0;3.0;0.0;2.0;1.0;A01
19370;201400012995;0;34;0;0.0;0.0;7.0;17.0;A01
19371;201400012996;0;7;0;0.0;0.0;4.0;2.0;B02
19372;201400012996;0;7;0;0.0;2.0;4.0;2.0;D04
19373;201400012996;0;7;0;0.0;2.0;1.0;2.0;A01
19374;201400012996;0;10;0;0.0;2.0;4.0;2.0;C03
19375;201400012997;0;7;0;0.0;5.0;1.0;1.0;A01
19376;201400012997;0;14;0;0.0;0.0;0.0;0.0;B02
19377;201400012998;0;7;0;6.0;0.0;3.0;1.0;A01
19378;201400012999;0;7;0;3.0;0.0;1.0;1.0;A01
19379;201400013000;0;10;0;0.0;2.0;1.0;1.0;B02
19380;201400013000;0;17;0;3.0;2.0;1.0;1.0;A01
19381;201400013001;0;7;0;3.0;0.0;2.0;1.0;A01
19382;201400013002;0;7;0;0.0;1.0;4.0;20.0;A01
19383;201400013003;0;7;0;0.0;2.0;3.0;13.0;A01
19384;201400013003;0;7;0;0.0;2.0;3.0;1.0;B02
19385;201400013004;0;7;0;0.0;2.0;4.0;23.0;B02
19386;201400013004;0;7;0;0.0;2.0;4.0;23.0;C03
19387;201400013004;0;7;0;0.0;2.0;1.0;2.0;A01
19388;201400013005;0;7;0;0.0;2.0;7.0;15.0;B02
19389;201400013005;0;2;0;0.0;2.0;1.0;1.0;A01
19390;201400013006;0;7;0;13.0;2.0;1.0;17.0;A01
19391;201400013006;0;7;0;0.0;2.0;4.0;1.0;B02
19392;201400013007;2;10;0;2.0;0.0;1.0;0.0;A01
19393;201400013008;0;7;0;0.0;0.0;9.0;0.0;B02
19394;201400013008;0;15;0;0.0;2.0;1.0;0.0;A01
19395;201400013008;0;7;0;0.0;0.0;4.0;0.0;D04
19396;201400013008;0;7;0;0.0;0.0;9.0;0.0;C03
19397;201400013010;0;33;0;0.0;0.0;0.0;12.0;A01
19398;201400013011;0;7;0;0.0;0.0;8.0;10.0;A01
19399;201400013011;0;32;0;0.0;0.0;1.0;17.0;B02
19400;201400013012;0;7;0;7.0;0.0;1.0;1.0;A01
19401;201400013013;0;7;0;7.0;0.0;3.0;1.0;A01
19402;201400013014;0;14;0;0.0;2.0;1.0;2.0;A01
19403;201400013014;0;7;0;0.0;0.0;4.0;2.0;B02
19404;201400013015;0;7;0;13.0;0.0;1.0;21.0;A01
19405;201400013016;0;7;0;13.0;0.0;1.0;1.0;A01
19406;201400013017;0;10;0;0.0;2.0;1.0;2.0;A01
19407;201400013017;0;15;0;0.0;2.0;4.0;2.0;C03
19408;201400013017;0;7;0;0.0;0.0;4.0;2.0;B02
19409;201400013018;0;7;0;0.0;0.0;9.0;1.0;A01
19410;201400013019;0;33;0;3.0;0.0;1.0;17.0;A01
19411;201400013021;0;7;0;0.0;2.0;1.0;13.0;A01
19412;201400013021;0;7;0;0.0;2.0;1.0;21.0;B02
19413;201400013022;0;31;0;15.0;0.0;1.0;1.0;A01
19414;201400013023;0;33;0;0.0;2.0;1.0;1.0;A01
19415;201400013023;0;7;0;0.0;2.0;3.0;1.0;B01
19416;201400013024;0;7;0;13.0;0.0;1.0;1.0;A01
19417;201400013024;0;7;0;13.0;0.0;1.0;1.0;B01
19418;201400013025;0;7;0;0.0;2.0;1.0;17.0;A01
19419;201400013025;0;7;0;0.0;2.0;6.0;1.0;B01
19420;201400013026;0;7;0;0.0;2.0;2.0;1.0;B01
19421;201400013026;0;7;0;0.0;2.0;1.0;19.0;A01
19422;201400013028;0;7;0;9.0;0.0;0.0;0.0;A01
19423;201400013029;0;7;0;0.0;0.0;0.0;1.0;A01
19424;201400013030;0;7;0;0.0;2.0;4.0;0.0;A01
19425;201400013030;0;7;0;0.0;2.0;1.0;1.0;B01
19426;201400013031;0;7;0;0.0;0.0;9.0;1.0;A01
19427;201400013032;0;7;0;0.0;2.0;7.0;1.0;A01
19428;201400013032;0;1;0;0.0;2.0;1.0;1.0;B01
19429;201400013033;0;33;0;0.0;2.0;0.0;0.0;B01
19430;201400013033;0;10;0;0.0;0.0;5.0;0.0;A01
19431;201400013034;0;10;0;0.0;1.0;2.0;1.0;A01
19432;201400013035;0;7;0;0.0;2.0;0.0;1.0;A01
19433;201400013035;0;37;3;0.0;2.0;0.0;1.0;B01
19434;201400013036;0;7;0;0.0;0.0;0.0;0.0;A01
19435;201400013037;0;7;0;6.0;0.0;1.0;1.0;A01
19436;201400013038;0;33;0;0.0;1.0;1.0;1.0;A01
19437;201400013039;0;7;0;0.0;1.0;8.0;0.0;A01
19438;201400013040;0;7;0;0.0;2.0;1.0;1.0;A01
19439;201400013040;0;7;0;0.0;2.0;1.0;0.0;B01
19440;201400013041;0;7;0;0.0;2.0;1.0;13.0;B01
19441;201400013041;0;32;0;0.0;2.0;1.0;0.0;A01
19442;201400013042;0;33;0;0.0;0.0;0.0;0.0;A01
19443;201400013043;0;7;0;0.0;2.0;1.0;1.0;B01
19444;201400013043;0;32;0;0.0;2.0;1.0;1.0;A01
19445;201400013044;0;7;0;0.0;2.0;1.0;0.0;A01
19446;201400013044;0;30;0;0.0;2.0;0.0;0.0;B01
19447;201400013045;0;7;0;0.0;2.0;0.0;0.0;A01
19448;201400013045;0;7;0;0.0;2.0;2.0;0.0;B01
19449;201400013046;0;7;0;0.0;2.0;5.0;0.0;B01
19450;201400013046;0;10;0;0.0;2.0;5.0;0.0;A01
19451;201400013047;0;7;0;0.0;0.0;0.0;0.0;A01
19452;201400013048;1;7;0;0.0;1.0;0.0;0.0;A01
19453;201400013049;0;7;0;0.0;2.0;1.0;2.0;A01
19454;201400013049;0;7;0;0.0;2.0;4.0;0.0;B01
19455;201400013049;0;7;0;0.0;0.0;0.0;0.0;C01
19456;201400013050;0;7;0;0.0;2.0;0.0;0.0;A01
19457;201400013050;0;7;0;0.0;2.0;6.0;0.0;B01
19458;201400013051;0;7;0;0.0;2.0;2.0;0.0;A01
19459;201400013051;0;7;0;0.0;2.0;8.0;0.0;C01
19460;201400013051;0;7;0;0.0;2.0;7.0;0.0;B01
19461;201400013052;0;7;0;0.0;0.0;3.0;0.0;A01
19462;201400013053;0;7;0;0.0;2.0;1.0;1.0;A01
19463;201400013053;0;32;0;0.0;2.0;1.0;1.0;B01
19464;201400013055;0;7;0;0.0;1.0;1.0;0.0;A01
19465;201400013056;0;7;0;0.0;1.0;0.0;0.0;A01
19466;201400013057;0;7;0;0.0;2.0;1.0;0.0;B01
19467;201400013057;0;7;0;0.0;2.0;7.0;0.0;A01
19468;201400013058;0;7;0;0.0;2.0;4.0;0.0;B01
19469;201400013058;0;7;0;0.0;2.0;1.0;0.0;A01
19470;201400013059;0;33;0;0.0;2.0;0.0;15.0;B01
19471;201400013059;0;7;0;0.0;9.0;0.0;0.0;A01
19472;201400013060;0;30;0;0.0;2.0;1.0;2.0;B01
19473;201400013060;0;7;0;0.0;9.0;4.0;2.0;A01
19474;201400013061;0;7;0;0.0;2.0;0.0;0.0;B01
19475;201400013061;0;7;0;0.0;2.0;0.0;0.0;C01
19476;201400013061;0;7;0;0.0;0.0;0.0;0.0;A01
19477;201400013062;0;7;0;0.0;2.0;5.0;2.0;A01
19478;201400013062;0;1;0;0.0;2.0;1.0;2.0;B01
19479;201400013063;0;7;0;0.0;2.0;4.0;2.0;A01
19480;201400013063;0;7;0;0.0;2.0;1.0;2.0;B01
19481;201400013064;0;7;0;0.0;2.0;3.0;0.0;B01
19482;201400013064;0;7;0;0.0;2.0;2.0;0.0;A01
19483;201400013065;0;31;0;0.0;2.0;1.0;2.0;B01
19484;201400013065;0;10;0;0.0;9.0;4.0;4.0;A01
19485;201400013066;0;7;0;0.0;1.0;2.0;0.0;A01
19486;201400013067;0;7;0;0.0;2.0;3.0;0.0;B01
19487;201400013067;0;33;0;0.0;2.0;1.0;2.0;A01
19488;201400013068;0;7;0;0.0;2.0;1.0;2.0;A01
19489;201400013068;0;7;0;0.0;2.0;4.0;2.0;B01
19490;201400013069;0;7;0;0.0;1.0;0.0;0.0;A01
19491;201400013070;0;32;0;0.0;0.0;0.0;0.0;A01
19492;201400013071;0;7;0;0.0;2.0;6.0;15.0;A01
19493;201400013071;0;1;0;0.0;2.0;6.0;18.0;B01
19494;201400013072;0;7;0;0.0;2.0;2.0;16.0;A01
19495;201400013072;0;7;0;0.0;2.0;1.0;21.0;C01
19496;201400013072;0;7;0;0.0;2.0;1.0;21.0;D01
19497;201400013072;0;7;0;0.0;2.0;4.0;21.0;B01
19498;201400013073;0;7;0;0.0;2.0;0.0;1.0;B01
19499;201400013073;0;33;0;0.0;2.0;0.0;13.0;A01
19500;201400013074;0;7;0;0.0;2.0;2.0;10.0;A01
19501;201400013074;0;7;0;0.0;2.0;3.0;1.0;B01
19502;201400013078;0;7;0;0.0;5.0;9.0;21.0;A01
19503;201400013079;0;7;0;0.0;0.0;6.0;2.0;B01
19504;201400013079;0;2;0;0.0;2.0;1.0;2.0;A01
19505;201400013080;0;30;0;0.0;0.0;0.0;0.0;B01
19506;201400013080;0;7;0;0.0;0.0;0.0;0.0;A01
19507;201400013081;0;30;0;0.0;0.0;0.0;0.0;A01
19508;201400013082;0;7;0;0.0;0.0;9.0;2.0;A01
19509;201400013083;0;7;0;1.0;2.0;4.0;4.0;A01
19510;201400013083;0;7;0;1.0;2.0;4.0;0.0;B01
19511;201400013084;0;30;0;0.0;0.0;0.0;1.0;A01
19512;201400013085;0;7;0;0.0;2.0;1.0;13.0;A01
19513;201400013085;0;7;0;0.0;2.0;1.0;1.0;B01
19514;201400013086;0;1;0;0.0;0.0;0.0;0.0;A01
19515;201400013087;0;36;0;0.0;0.0;1.0;15.0;A01
19516;201400013088;0;7;0;0.0;0.0;0.0;0.0;A01
19517;201400013088;0;30;0;0.0;2.0;0.0;0.0;B01
19518;201400013089;0;7;0;0.0;2.0;3.0;0.0;B01
19519;201400013089;0;2;0;0.0;2.0;3.0;11.0;A01
19520;201400013090;0;34;0;0.0;2.0;8.0;16.0;A01
19521;201400013090;0;7;0;0.0;2.0;3.0;0.0;B01
19522;201400013092;0;3;0;0.0;9.0;1.0;2.0;A01
19523;201400013093;0;7;0;0.0;2.0;4.0;1.0;B01
19524;201400013093;0;7;0;0.0;2.0;1.0;2.0;A01
19525;201400013094;0;7;0;0.0;1.0;2.0;1.0;A01
19526;201400013095;0;3;0;0.0;9.0;9.0;1.0;A01
19527;201400013096;0;30;0;0.0;2.0;1.0;0.0;A01
19528;201400013096;0;7;0;0.0;2.0;2.0;1.0;B01
19529;201400013097;0;7;0;0.0;2.0;2.0;1.0;B01
19530;201400013097;0;7;0;0.0;2.0;3.0;1.0;A01
19531;201400013098;0;1;0;0.0;2.0;1.0;1.0;B01
19532;201400013098;0;7;0;0.0;2.0;2.0;20.0;A01
19533;201400013099;0;7;0;4.0;0.0;1.0;1.0;A01
19534;201400013100;0;30;0;0.0;2.0;8.0;19.0;B01
19535;201400013100;0;7;0;0.0;2.0;2.0;1.0;A01
19536;201400013102;0;7;0;13.0;0.0;2.0;1.0;A01
19537;201400013103;0;33;0;1.0;0.0;1.0;2.0;A01
19538;201400013103;0;7;0;0.0;0.0;4.0;23.0;B01
19539;201400013104;0;10;0;0.0;2.0;0.0;1.0;A01
19540;201400013104;0;7;0;0.0;9.0;1.0;1.0;B01
19541;201400013105;0;2;0;0.0;0.0;1.0;1.0;A01
19542;201400013106;0;33;0;0.0;0.0;0.0;0.0;A01
19543;201400013107;0;30;0;0.0;2.0;1.0;0.0;A01
19544;201400013107;0;7;0;0.0;9.0;1.0;0.0;B01
19545;201400013108;0;7;0;0.0;0.0;2.0;1.0;A01
19546;201400013109;0;33;0;0.0;2.0;1.0;0.0;B01
19547;201400013109;0;7;0;0.0;0.0;0.0;15.0;A01
19548;201400013110;0;7;0;0.0;2.0;0.0;1.0;A01
19549;201400013110;0;2;0;0.0;2.0;0.0;0.0;B01
19550;201400013111;0;7;0;0.0;2.0;3.0;2.0;A01
19551;201400013111;0;33;0;0.0;2.0;3.0;1.0;B01
19552;201400013112;0;33;0;0.0;2.0;8.0;13.0;A01
19553;201400013112;0;7;0;0.0;2.0;8.0;1.0;B01
19554;201400013113;0;7;0;0.0;2.0;1.0;10.0;A01
19555;201400013113;0;7;0;0.0;2.0;5.0;1.0;B01
19556;201400013114;0;7;0;8.0;0.0;3.0;13.0;A01
19557;201400013115;0;7;0;0.0;2.0;4.0;1.0;B01
19558;201400013115;0;7;0;0.0;2.0;1.0;1.0;A01
19559;201400013116;0;33;0;0.0;2.0;1.0;1.0;A01
19560;201400013116;0;7;0;1.0;2.0;4.0;1.0;B01
19561;201400013117;0;7;0;0.0;2.0;2.0;1.0;B01