;Num_Acc;senc;catv;occutc;obs;obsm;choc;manv;num_veh
19562;201400013117;0;7;0;0.0;2.0;1.0;1.0;A01
19563;201400013118;0;30;0;0.0;0.0;0.0;0.0;A01
19564;201400013119;0;7;0;0.0;9.0;7.0;1.0;A01
19565;201400013119;0;1;0;0.0;2.0;8.0;1.0;B01
19566;201400013120;0;7;0;0.0;2.0;1.0;1.0;A01
19567;201400013120;0;7;0;0.0;2.0;0.0;2.0;C01
19568;201400013120;0;7;0;0.0;2.0;3.0;1.0;B01
19569;201400013121;0;7;0;0.0;2.0;4.0;1.0;B01
19570;201400013121;0;7;0;0.0;2.0;1.0;2.0;A01
19571;201400013122;0;7;0;0.0;2.0;1.0;1.0;B01
19572;201400013122;0;7;0;0.0;2.0;4.0;1.0;A01
19573;201400013123;0;7;0;0.0;1.0;1.0;1.0;A01
19574;201400013125;0;7;0;0.0;1.0;0.0;1.0;A01
19575;201400013126;0;30;0;0.0;1.0;1.0;1.0;A01
19576;201400013127;0;7;0;0.0;2.0;1.0;2.0;A01
19577;201400013127;0;7;0;0.0;2.0;4.0;2.0;B01
19578;201400013128;0;7;0;0.0;2.0;1.0;1.0;B01
19579;201400013128;0;30;0;0.0;2.0;1.0;5.0;A01
19580;201400013129;0;7;0;0.0;1.0;1.0;2.0;A01
19581;201400013130;0;7;0;0.0;2.0;4.0;1.0;B01
19582;201400013130;0;30;0;0.0;2.0;1.0;1.0;A01
19583;201400013131;0;7;0;0.0;1.0;5.0;4.0;A01
19584;201400013133;0;36;0;0.0;0.0;0.0;0.0;A01
19585;201400013134;0;30;0;0.0;0.0;0.0;1.0;A01
19586;201400013135;0;33;0;0.0;0.0;0.0;1.0;A01
19587;201400013137;0;30;0;0.0;0.0;0.0;1.0;A01
19588;201400013138;0;36;0;0.0;0.0;8.0;0.0;A01
19589;201400013140;0;7;0;0.0;2.0;1.0;1.0;A01
19590;201400013140;0;7;0;0.0;2.0;2.0;1.0;B01
19591;201400013142;0;7;0;0.0;2.0;9.0;2.0;B01
19592;201400013142;0;7;0;0.0;2.0;4.0;2.0;A01
19593;201400013142;0;7;0;0.0;2.0;1.0;2.0;C01
19594;201400013143;0;30;0;0.0;2.0;2.0;0.0;A01
19595;201400013143;0;7;0;0.0;9.0;3.0;0.0;B01
19596;201400013144;0;7;0;0.0;2.0;2.0;1.0;A01
19597;201400013144;0;2;0;0.0;2.0;3.0;1.0;B01
19598;201400013145;2;7;0;14.0;0.0;1.0;1.0;A01
19599;201400013147;0;7;0;0.0;2.0;8.0;1.0;C01
19600;201400013147;0;7;0;0.0;2.0;6.0;1.0;B01
19601;201400013147;0;7;0;0.0;2.0;3.0;1.0;A01
19602;201400013148;0;7;0;0.0;2.0;8.0;2.0;B01
19603;201400013148;0;7;0;1.0;0.0;1.0;1.0;A01
19604;201400013149;0;33;0;0.0;2.0;3.0;17.0;B01
19605;201400013149;0;7;0;0.0;2.0;2.0;15.0;A01
19606;201400013150;0;31;0;0.0;2.0;1.0;5.0;A01
19607;201400013150;0;10;0;0.0;2.0;1.0;2.0;B01
19608;201400013151;0;7;0;0.0;2.0;7.0;20.0;A01
19609;201400013151;0;33;0;0.0;2.0;3.0;14.0;B01
19610;201400013152;0;7;0;2.0;0.0;1.0;19.0;A01
19611;201400013154;0;7;0;0.0;2.0;3.0;1.0;B02
19612;201400013154;0;7;0;0.0;2.0;3.0;13.0;A01
19613;201400013155;0;7;0;13.0;2.0;7.0;2.0;D04
19614;201400013155;0;7;0;0.0;2.0;1.0;2.0;C03
19615;201400013155;0;7;0;0.0;0.0;4.0;23.0;B02
19616;201400013155;0;7;0;1.0;2.0;1.0;1.0;A01
19617;201400013156;0;99;0;0.0;2.0;1.0;1.0;A01
19618;201400013156;0;15;0;0.0;2.0;6.0;1.0;B02
19619;201400013157;0;7;0;0.0;2.0;7.0;1.0;A01
19620;201400013157;0;15;0;0.0;2.0;3.0;1.0;B02
19621;201400013158;0;7;0;0.0;9.0;0.0;0.0;A01
19622;201400013158;0;33;0;0.0;9.0;1.0;2.0;B02
19623;201400013159;0;17;0;1.0;0.0;2.0;1.0;A01
19624;201400013159;0;10;0;0.0;0.0;4.0;0.0;B02
19625;201400013160;0;10;0;13.0;0.0;1.0;2.0;A01
19626;201400013162;0;7;0;3.0;0.0;3.0;0.0;A01
19627;201400013163;0;7;0;3.0;0.0;1.0;14.0;A01
19628;201400013164;0;7;0;13.0;0.0;9.0;14.0;A01
19629;201400013165;0;1;0;0.0;2.0;1.0;8.0;A01
19630;201400013165;0;7;0;0.0;2.0;5.0;15.0;B01
19631;201400013166;0;17;0;0.0;1.0;1.0;1.0;A01
19632;201400013167;0;7;0;0.0;1.0;2.0;1.0;A01
19633;201400013168;0;7;0;0.0;2.0;1.0;0.0;A01
19634;201400013168;0;1;0;0.0;2.0;8.0;0.0;B01
19635;201400013171;0;7;0;0.0;1.0;1.0;1.0;A01
19636;201400013172;0;7;0;0.0;2.0;2.0;1.0;A01
19637;201400013172;0;7;0;0.0;2.0;8.0;15.0;B01
19638;201400013173;0;7;0;9.0;0.0;3.0;14.0;A01
19639;201400013174;0;7;0;0.0;2.0;1.0;0.0;A01
19640;201400013174;0;10;0;0.0;0.0;4.0;1.0;B01
19641;201400013175;0;7;0;0.0;2.0;8.0;24.0;B01
19642;201400013175;2;7;0;1.0;0.0;7.0;21.0;A01
19643;201400013176;0;7;0;0.0;1.0;4.0;4.0;A01
19644;201400013177;0;7;0;0.0;2.0;1.0;1.0;B01
19645;201400013177;0;2;0;0.0;2.0;1.0;5.0;A01
19646;201400013178;0;7;0;0.0;2.0;2.0;15.0;A01
19647;201400013178;0;30;0;0.0;2.0;1.0;15.0;B01
19648;201400013179;0;7;0;0.0;1.0;1.0;6.0;A01
19649;201400013180;0;7;0;0.0;2.0;1.0;0.0;A01
19650;201400013180;0;7;0;0.0;0.0;4.0;0.0;B01
19651;201400013181;0;7;0;0.0;2.0;8.0;11.0;A01
19652;201400013181;0;33;0;0.0;2.0;7.0;1.0;B01
19653;201400013182;0;2;0;0.0;0.0;0.0;9.0;A01
19654;201400013183;0;30;0;0.0;2.0;1.0;1.0;B01
19655;201400013183;0;7;0;0.0;2.0;2.0;15.0;A01
19656;201400013184;0;7;0;0.0;2.0;1.0;1.0;A01
19657;201400013184;0;7;0;0.0;2.0;7.0;1.0;B01
19658;201400013185;0;2;0;0.0;0.0;1.0;0.0;B01
19659;201400013186;0;1;0;1.0;0.0;1.0;5.0;A01
19660;201400013187;0;7;0;0.0;1.0;1.0;1.0;A01
19661;201400013188;0;7;0;0.0;2.0;1.0;1.0;A01
19662;201400013188;0;7;0;0.0;2.0;1.0;1.0;B01
19663;201400013189;0;7;0;0.0;1.0;2.0;1.0;A01
19664;201400013190;0;7;0;0.0;1.0;4.0;4.0;A01
19665;201400013191;0;30;0;0.0;2.0;1.0;2.0;A01
19666;201400013191;0;7;0;0.0;2.0;3.0;11.0;B01
19667;201400013192;0;7;0;0.0;1.0;4.0;4.0;A01
19668;201400013194;0;7;0;0.0;2.0;3.0;1.0;B01
19669;201400013194;0;7;0;0.0;2.0;2.0;1.0;A01
19670;201400013195;1;7;0;0.0;2.0;1.0;1.0;A01
19671;201400013195;0;1;0;0.0;0.0;4.0;1.0;B01
19672;201400013196;0;31;0;1.0;0.0;0.0;1.0;A01
19673;201400013197;0;7;0;0.0;1.0;1.0;1.0;A01
19674;201400013198;0;7;0;0.0;2.0;4.0;2.0;B01
19675;201400013198;0;7;0;0.0;2.0;1.0;2.0;A01
19676;201400013199;0;7;0;14.0;0.0;4.0;1.0;B01
19677;201400013199;0;7;0;0.0;2.0;1.0;1.0;A01
19678;201400013200;0;7;0;0.0;1.0;2.0;1.0;A01
19679;201400013201;0;2;0;0.0;2.0;9.0;0.0;B01
19680;201400013201;0;7;0;0.0;2.0;1.0;0.0;A01
19681;201400013202;0;7;0;0.0;2.0;0.0;0.0;B01
19682;201400013202;1;7;0;0.0;2.0;0.0;0.0;A01
19683;201400013203;0;2;0;0.0;2.0;1.0;0.0;B01
19684;201400013203;1;99;0;0.0;2.0;1.0;0.0;A01
19685;201400013204;0;7;0;0.0;2.0;2.0;12.0;A01
19686;201400013204;0;30;0;0.0;2.0;6.0;21.0;B01
19687;201400013205;0;7;0;0.0;0.0;4.0;23.0;C01
19688;201400013205;0;7;0;14.0;0.0;1.0;1.0;A01
19689;201400013205;0;7;0;14.0;0.0;4.0;23.0;B01
19690;201400013206;0;1;0;0.0;0.0;4.0;1.0;B01
19691;201400013206;0;7;0;0.0;2.0;1.0;9.0;A01
19692;201400013207;0;1;0;0.0;0.0;0.0;0.0;B01
19693;201400013208;0;7;0;0.0;2.0;7.0;1.0;B01
19694;201400013208;0;7;0;0.0;2.0;1.0;9.0;A01
19695;201400013209;0;7;0;13.0;0.0;0.0;21.0;B01
19696;201400013209;1;17;0;0.0;0.0;0.0;13.0;A01
19697;201400013210;0;7;0;0.0;1.0;8.0;1.0;A01
19698;201400013211;0;32;0;9.0;0.0;1.0;1.0;A01
19699;201400013212;0;7;0;9.0;0.0;1.0;15.0;A01
19700;201400013213;0;7;0;0.0;2.0;4.0;23.0;B01
19701;201400013213;0;7;0;14.0;0.0;1.0;1.0;A01
19702;201400013213;0;7;0;0.0;2.0;7.0;1.0;C01
19703;201400013214;1;7;0;0.0;1.0;1.0;0.0;A01
19704;201400013215;0;33;0;0.0;2.0;1.0;15.0;B01
19705;201400013215;0;7;0;0.0;2.0;1.0;1.0;A01
19706;201400013216;0;7;0;0.0;2.0;1.0;1.0;C01
19707;201400013216;0;7;0;0.0;2.0;8.0;16.0;A01
19708;201400013216;0;7;0;0.0;2.0;1.0;1.0;B01
19709;201400013218;0;1;0;0.0;2.0;7.0;1.0;B01
19710;201400013218;0;7;0;0.0;2.0;1.0;9.0;A01
19711;201400013220;0;7;0;0.0;1.0;2.0;1.0;A01
19712;201400013221;0;7;0;0.0;2.0;2.0;15.0;B01
19713;201400013221;0;7;0;0.0;2.0;7.0;1.0;A01
19714;201400013222;0;7;0;0.0;1.0;1.0;0.0;A01
19715;201400013223;0;7;0;0.0;2.0;2.0;20.0;A01
19716;201400013223;0;1;0;0.0;2.0;6.0;1.0;B01
19717;201400013224;0;7;0;3.0;0.0;8.0;13.0;A01
19718;201400013225;0;7;0;0.0;1.0;1.0;0.0;A01
19719;201400013226;0;7;0;0.0;1.0;0.0;0.0;A01
19720;201400013227;0;7;0;0.0;1.0;3.0;11.0;A01
19721;201400013228;0;7;0;0.0;0.0;4.0;1.0;C01
19722;201400013228;0;7;0;0.0;2.0;1.0;0.0;A01
19723;201400013228;0;7;0;0.0;2.0;9.0;1.0;B01
19724;201400013229;0;7;0;0.0;2.0;1.0;15.0;A01
19725;201400013229;0;33;0;0.0;0.0;0.0;1.0;B01
19726;201400013230;0;30;0;0.0;0.0;0.0;0.0;A01
19727;201400013231;0;7;0;0.0;1.0;5.0;1.0;A01
19728;201400013232;0;7;0;8.0;0.0;1.0;14.0;A01
19729;201400013233;0;7;0;0.0;2.0;5.0;15.0;B01
19730;201400013233;0;7;0;0.0;2.0;2.0;21.0;A01
19731;201400013234;0;7;0;0.0;1.0;2.0;1.0;A01
19732;201400013235;0;33;0;0.0;1.0;1.0;1.0;A01
19733;201400013236;0;32;0;0.0;0.0;0.0;0.0;A01
19734;201400013236;0;7;0;0.0;0.0;0.0;0.0;B01
19735;201400013237;0;7;0;0.0;9.0;1.0;1.0;A01
19736;201400013237;0;1;0;0.0;2.0;8.0;1.0;B01
19737;201400013238;0;32;0;0.0;0.0;0.0;0.0;A01
19738;201400013239;0;7;0;0.0;2.0;1.0;1.0;B01
19739;201400013239;0;7;0;0.0;2.0;1.0;5.0;A01
19740;201400013240;0;33;0;0.0;0.0;7.0;1.0;A01
19741;201400013241;0;7;0;2.0;0.0;4.0;20.0;B01
19742;201400013241;0;14;0;0.0;2.0;1.0;1.0;A01
19743;201400013242;0;7;0;0.0;2.0;1.0;2.0;A01
19744;201400013242;0;7;0;0.0;2.0;4.0;0.0;B01
19745;201400013243;0;7;0;1.0;9.0;2.0;20.0;A01
19746;201400013244;0;7;0;0.0;2.0;8.0;9.0;A01
19747;201400013244;0;14;0;0.0;2.0;7.0;1.0;B01
19748;201400013245;0;7;0;0.0;2.0;1.0;1.0;B01
19749;201400013245;0;7;0;0.0;2.0;9.0;1.0;A01
19750;201400013245;0;7;0;0.0;0.0;4.0;1.0;C01
19751;201400013246;0;31;0;0.0;0.0;7.0;0.0;A01
19752;201400013247;0;37;1;0.0;2.0;3.0;15.0;B01
19753;201400013247;0;32;0;0.0;2.0;2.0;16.0;A01
19754;201400013248;0;7;0;0.0;2.0;1.0;10.0;A01
19755;201400013248;0;7;0;0.0;2.0;1.0;1.0;B01
19756;201400013249;0;2;0;0.0;0.0;0.0;0.0;A01
19757;201400013250;0;7;0;0.0;0.0;7.0;1.0;B01
19758;201400013250;0;7;0;0.0;2.0;8.0;11.0;A01
19759;201400013250;0;13;0;0.0;0.0;7.0;1.0;C01
19760;201400013251;0;32;0;0.0;0.0;0.0;0.0;A01
19761;201400013252;0;7;0;0.0;2.0;1.0;1.0;A01
19762;201400013252;0;1;0;0.0;2.0;7.0;0.0;B01
19763;201400013253;0;7;0;0.0;2.0;3.0;0.0;A01
19764;201400013253;0;31;0;0.0;2.0;1.0;0.0;B01
19765;201400013254;0;7;0;0.0;2.0;1.0;0.0;A01
19766;201400013254;0;7;0;0.0;2.0;8.0;0.0;B01
19767;201400013255;0;7;0;0.0;2.0;1.0;0.0;A01
19768;201400013255;0;7;0;0.0;0.0;5.0;1.0;B01
19769;201400013257;0;7;0;0.0;2.0;1.0;1.0;A01
19770;201400013257;0;1;0;0.0;2.0;8.0;19.0;B01
19771;201400013258;0;7;0;0.0;0.0;4.0;1.0;B01
19772;201400013258;0;7;0;0.0;2.0;1.0;1.0;A01
19773;201400013259;0;7;0;0.0;2.0;1.0;0.0;A01
19774;201400013259;0;7;0;0.0;2.0;1.0;1.0;B01
19775;201400013260;0;7;0;1.0;2.0;1.0;15.0;B01
19776;201400013260;0;7;0;0.0;2.0;3.0;1.0;A01
19777;201400013262;0;7;0;14.0;0.0;1.0;1.0;A01
19778;201400013262;0;7;0;0.0;0.0;4.0;23.0;B01
19779;201400013263;0;7;0;2.0;0.0;0.0;1.0;A01
19780;201400013264;0;30;0;0.0;2.0;3.0;1.0;B01
19781;201400013264;0;7;0;0.0;2.0;1.0;1.0;A01
19782;201400013265;0;7;0;0.0;0.0;4.0;1.0;B01
19783;201400013265;0;2;0;0.0;2.0;1.0;1.0;A01
19784;201400013267;0;7;0;0.0;2.0;1.0;1.0;A01
19785;201400013267;0;7;0;0.0;0.0;4.0;0.0;B01
19786;201400013268;0;7;0;0.0;2.0;1.0;2.0;A01
19787;201400013268;0;7;0;0.0;0.0;4.0;2.0;B01
19788;201400013270;0;1;0;0.0;2.0;4.0;1.0;B01
19789;201400013270;1;7;0;0.0;2.0;1.0;0.0;A01
19790;201400013271;0;7;0;8.0;2.0;8.0;1.0;B01
19791;201400013271;0;7;0;0.0;2.0;1.0;1.0;A01
19792;201400013272;0;7;0;0.0;2.0;1.0;1.0;A01
19793;201400013272;0;1;0;0.0;2.0;7.0;0.0;B01
19794;201400013273;0;7;0;0.0;2.0;7.0;23.0;B01
19795;201400013273;0;2;0;0.0;2.0;7.0;18.0;A01
19796;201400013274;0;7;0;0.0;1.0;1.0;1.0;A01
19797;201400013276;0;7;0;0.0;2.0;1.0;1.0;A01
19798;201400013276;0;7;0;0.0;0.0;4.0;1.0;B01
19799;201400013277;0;7;0;13.0;0.0;0.0;0.0;A01
19800;201400013278;0;7;0;0.0;0.0;6.0;23.0;C01
19801;201400013278;0;7;0;0.0;2.0;1.0;21.0;A01
19802;201400013278;0;7;0;0.0;2.0;1.0;1.0;B01
19803;201400013279;0;7;0;0.0;1.0;1.0;0.0;A01
19804;201400013280;0;33;0;0.0;0.0;0.0;21.0;A01
19805;201400013281;0;7;0;0.0;2.0;9.0;0.0;B01
19806;201400013281;0;7;0;0.0;2.0;4.0;1.0;C01
19807;201400013281;0;7;0;0.0;2.0;1.0;1.0;A01
19808;201400013282;0;7;0;0.0;2.0;1.0;1.0;B01
19809;201400013282;0;7;0;0.0;2.0;7.0;0.0;A01
19810;201400013283;0;32;0;0.0;2.0;1.0;21.0;A01
19811;201400013283;0;10;0;0.0;0.0;4.0;1.0;B01
19812;201400013284;0;7;0;0.0;2.0;5.0;0.0;A01
19813;201400013284;0;1;0;0.0;2.0;8.0;0.0;B01
19814;201400013285;0;10;0;0.0;2.0;7.0;1.0;A01
19815;201400013285;0;1;0;0.0;2.0;0.0;1.0;B01
19816;201400013286;0;7;0;0.0;1.0;1.0;1.0;A01
19817;201400013287;0;7;0;11.0;0.0;2.0;1.0;A01
19818;201400013288;0;7;0;0.0;2.0;1.0;1.0;A01
19819;201400013288;0;7;0;0.0;0.0;4.0;1.0;C01
19820;201400013288;0;7;0;0.0;2.0;9.0;0.0;B01
19821;201400013289;0;10;0;0.0;2.0;2.0;2.0;A01
19822;201400013289;0;17;0;0.0;0.0;6.0;2.0;B02
19823;201400013290;0;7;0;0.0;2.0;1.0;1.0;A01
19824;201400013290;0;7;0;0.0;0.0;4.0;1.0;B02
19825;201400013291;0;7;0;6.0;0.0;3.0;3.0;A01
19826;201400013292;0;15;0;0.0;1.0;3.0;1.0;A01
19827;201400013293;0;7;0;2.0;0.0;1.0;1.0;A01
19828;201400013294;0;7;0;13.0;0.0;3.0;13.0;A01
19829;201400013295;0;7;0;0.0;0.0;1.0;1.0;A01
19830;201400013295;0;33;0;0.0;2.0;1.0;17.0;B02
19831;201400013296;0;38;1;0.0;2.0;1.0;1.0;B02
19832;201400013296;0;10;0;0.0;2.0;7.0;13.0;A01
19833;201400013297;0;7;0;0.0;2.0;8.0;1.0;B02
19834;201400013297;0;7;0;0.0;2.0;5.0;17.0;A01
19835;201400013299;0;7;0;0.0;2.0;6.0;1.0;B02
19836;201400013299;0;15;0;0.0;2.0;2.0;12.0;A01
19837;201400013301;0;7;0;13.0;0.0;1.0;16.0;A01
19838;201400013302;0;33;0;0.0;0.0;0.0;1.0;A01
19839;201400013303;0;14;0;0.0;0.0;4.0;1.0;B02
19840;201400013303;0;15;0;0.0;2.0;1.0;1.0;A01
19841;201400013304;0;17;0;3.0;0.0;2.0;2.0;A01
19842;201400013305;0;17;0;0.0;2.0;4.0;1.0;B02
19843;201400013305;0;33;0;0.0;2.0;1.0;12.0;A01
19844;201400013306;0;10;0;4.0;0.0;3.0;2.0;A01
19845;201400013307;0;7;0;0.0;6.0;1.0;1.0;A01
19846;201400013309;0;7;0;0.0;0.0;0.0;0.0;A01
19847;201400013309;0;7;0;0.0;0.0;0.0;0.0;B02
19848;201400013310;0;7;0;14.0;0.0;1.0;0.0;C03
19849;201400013310;0;7;0;14.0;0.0;1.0;0.0;B02
19850;201400013310;0;7;0;14.0;0.0;7.0;0.0;D04
19851;201400013310;0;7;0;0.0;0.0;9.0;1.0;A01
19852;201400013311;0;33;0;0.0;2.0;8.0;17.0;A01
19853;201400013311;0;7;0;0.0;2.0;7.0;1.0;B02
19854;201400013312;0;7;0;13.0;0.0;1.0;1.0;A01
19855;201400013314;0;7;0;0.0;2.0;1.0;2.0;A01
19856;201400013314;0;15;0;0.0;2.0;4.0;2.0;B02
19857;201400013315;0;7;0;16.0;0.0;9.0;14.0;A01
19858;201400013318;0;7;0;13.0;0.0;2.0;0.0;A01
19859;201400013319;0;10;0;3.0;0.0;3.0;0.0;A01
19860;201400013320;0;7;0;4.0;0.0;3.0;13.0;A01
19861;201400013322;0;10;0;1.0;1.0;3.0;13.0;A01
19862;201400013323;0;7;0;0.0;2.0;2.0;15.0;A01
19863;201400013323;0;33;0;0.0;2.0;1.0;1.0;B02
19864;201400013324;0;7;0;0.0;2.0;1.0;1.0;B02
19865;201400013324;0;1;0;0.0;2.0;4.0;1.0;A01
19866;201400013325;0;7;0;0.0;2.0;3.0;17.0;A01
19867;201400013325;0;33;0;0.0;2.0;3.0;1.0;B02
19868;201400013326;0;10;0;13.0;0.0;9.0;1.0;A01
19869;201400013327;0;10;0;4.0;0.0;3.0;21.0;A01
19870;201400013328;0;7;0;0.0;2.0;2.0;14.0;A01
19871;201400013328;0;20;0;0.0;2.0;6.0;1.0;B02
19872;201400013329;0;7;0;0.0;0.0;4.0;1.0;A01
19873;201400013329;0;7;0;0.0;2.0;1.0;1.0;B02
19874;201400013330;0;7;0;0.0;9.0;3.0;21.0;A01
19875;201400013331;0;7;0;3.0;0.0;7.0;1.0;A01
19876;201400013331;0;7;0;4.0;0.0;8.0;1.0;B02
19877;201400013331;0;7;0;0.0;2.0;6.0;23.0;C03
19878;201400013332;0;7;0;13.0;0.0;1.0;1.0;A01
19879;201400013333;0;7;0;4.0;0.0;1.0;1.0;A01
19880;201400013334;0;15;0;13.0;0.0;3.0;1.0;A01
19881;201400013335;0;10;0;13.0;0.0;9.0;1.0;A01
19882;201400013336;0;10;0;4.0;0.0;2.0;1.0;A01
19883;201400013338;0;7;0;4.0;0.0;1.0;1.0;A01
19884;201400013340;0;7;0;3.0;0.0;3.0;1.0;A01
19885;201400013341;0;10;0;13.0;0.0;9.0;1.0;A01
19886;201400013342;0;7;0;13.0;0.0;1.0;1.0;A01
19887;201400013343;0;7;0;13.0;0.0;1.0;1.0;A01
19888;201400013345;0;17;0;1.0;1.0;7.0;5.0;A01
19889;201400013346;0;10;0;0.0;2.0;5.0;23.0;B02
19890;201400013346;0;7;0;1.0;0.0;3.0;3.0;A01
19891;201400013347;0;10;0;6.0;0.0;1.0;1.0;A01
19892;201400013348;0;17;0;0.0;0.0;5.0;16.0;A01
19893;201400013349;0;7;0;16.0;0.0;9.0;17.0;A01
19894;201400013350;0;7;0;0.0;2.0;3.0;1.0;B01
19895;201400013350;0;7;0;0.0;2.0;8.0;13.0;A01
19896;201400013351;0;7;0;0.0;1.0;3.0;1.0;A01
19897;201400013353;0;7;0;6.0;0.0;1.0;13.0;A01
19898;201400013354;0;7;0;0.0;2.0;2.0;1.0;A01
19899;201400013354;0;2;0;0.0;2.0;0.0;19.0;Y01
19900;201400013355;0;7;0;9.0;0.0;1.0;1.0;A01
19901;201400013358;0;7;0;0.0;2.0;1.0;1.0;B01
19902;201400013358;0;13;0;0.0;2.0;1.0;17.0;A01
19903;201400013359;0;7;0;0.0;1.0;1.0;15.0;A01
19904;201400013360;0;7;0;0.0;2.0;5.0;0.0;A01
19905;201400013360;0;7;0;0.0;2.0;3.0;1.0;B01
19906;201400013360;0;7;0;14.0;0.0;1.0;2.0;C01
19907;201400013360;0;7;0;0.0;0.0;0.0;2.0;D01
19908;201400013361;0;32;0;0.0;2.0;1.0;1.0;A01
19909;201400013361;0;7;0;0.0;0.0;5.0;1.0;B01
19910;201400013362;0;7;0;0.0;1.0;3.0;1.0;A01
19911;201400013363;0;7;0;0.0;1.0;2.0;1.0;A01
19912;201400013364;0;7;0;0.0;2.0;1.0;13.0;A01
19913;201400013364;0;7;0;0.0;2.0;1.0;1.0;B01
19914;201400013365;0;10;0;0.0;2.0;5.0;1.0;B01
19915;201400013365;0;7;0;0.0;2.0;3.0;9.0;A01
19916;201400013366;0;7;0;0.0;1.0;2.0;1.0;A01
19917;201400013367;0;7;0;0.0;2.0;3.0;15.0;A01
19918;201400013367;0;7;0;0.0;2.0;2.0;1.0;B01
19919;201400013368;0;14;0;0.0;1.0;5.0;4.0;A01
19920;201400013369;0;1;0;0.0;1.0;1.0;13.0;A01
19921;201400013370;0;10;0;0.0;2.0;3.0;9.0;A01
19922;201400013370;0;2;0;0.0;2.0;1.0;1.0;B01
19923;201400013371;0;33;0;0.0;0.0;0.0;17.0;A01
19924;201400013371;0;7;0;0.0;2.0;4.0;15.0;B01
19925;201400013372;0;2;0;0.0;2.0;1.0;1.0;B01
19926;201400013372;0;7;0;0.0;2.0;6.0;19.0;A01
19927;201400013373;0;7;0;0.0;2.0;4.0;2.0;B01
19928;201400013373;0;7;0;0.0;2.0;1.0;2.0;A01
19929;201400013374;0;7;0;0.0;2.0;2.0;15.0;A01
19930;201400013374;0;7;0;0.0;2.0;1.0;1.0;B01
19931;201400013375;0;7;0;0.0;2.0;2.0;1.0;B01
19932;201400013375;0;7;0;0.0;2.0;6.0;16.0;A01
19933;201400013376;0;7;0;0.0;2.0;6.0;2.0;B01
19934;201400013376;0;10;0;0.0;2.0;3.0;2.0;A01
19935;201400013378;0;2;0;11.0;0.0;1.0;6.0;A01
19936;201400013379;0;33;0;0.0;2.0;2.0;17.0;B01
19937;201400013379;0;7;0;0.0;2.0;3.0;15.0;A01
19938;201400013381;0;7;0;0.0;0.0;3.0;1.0;A01
19939;201400013382;0;7;0;0.0;2.0;1.0;2.0;A01
19940;201400013382;0;7;0;0.0;2.0;4.0;2.0;C01
19941;201400013382;0;7;0;0.0;2.0;4.0;2.0;B01
19942;201400013384;0;7;0;0.0;2.0;1.0;5.0;A01
19943;201400013384;0;7;0;0.0;2.0;1.0;1.0;B01
19944;201400013385;0;13;0;0.0;2.0;1.0;2.0;A01
19945;201400013385;0;14;0;0.0;2.0;4.0;2.0;B01
19946;201400013385;0;7;0;0.0;2.0;4.0;2.0;C01
19947;201400013385;0;16;0;0.0;0.0;4.0;2.0;D01
19948;201400013386;0;7;0;0.0;1.0;1.0;1.0;A01
19949;201400013387;0;7;0;0.0;2.0;3.0;1.0;B01
19950;201400013387;0;7;0;0.0;2.0;5.0;12.0;A01
19951;201400013388;0;33;0;0.0;2.0;7.0;17.0;A01
19952;201400013388;0;7;0;0.0;2.0;3.0;15.0;B01
19953;201400013389;0;7;0;0.0;0.0;1.0;19.0;A01
19954;201400013390;0;7;0;0.0;1.0;2.0;9.0;A01
19955;201400013391;0;7;0;0.0;0.0;1.0;1.0;A01
19956;201400013392;0;7;0;9.0;0.0;2.0;1.0;A01
19957;201400013393;0;7;0;0.0;2.0;1.0;2.0;A01
19958;201400013393;0;7;0;0.0;2.0;4.0;2.0;B01
19959;201400013394;0;7;0;0.0;2.0;1.0;2.0;A01
19960;201400013394;0;7;0;0.0;2.0;4.0;2.0;B01
19961;201400013395;0;32;0;0.0;2.0;1.0;1.0;B01
19962;201400013395;0;7;0;0.0;2.0;1.0;0.0;A01
19963;201400013396;0;7;0;0.0;1.0;2.0;1.0;A01
19964;201400013397;0;7;0;0.0;2.0;2.0;9.0;A01
19965;201400013397;0;30;0;0.0;2.0;1.0;1.0;B01
19966;201400013398;0;7;0;0.0;1.0;1.0;1.0;A01
19967;201400013399;0;7;0;0.0;1.0;2.0;9.0;A01
19968;201400013400;0;7;0;0.0;2.0;3.0;9.0;A01
19969;201400013400;0;32;0;0.0;2.0;1.0;1.0;B01
19970;201400013402;0;7;0;0.0;0.0;1.0;1.0;A01
19971;201400013403;0;7;0;3.0;0.0;2.0;1.0;A01
19972;201400013404;0;7;0;0.0;0.0;0.0;11.0;B02
19973;201400013404;0;10;0;3.0;2.0;3.0;17.0;A01
19974;201400013404;0;17;0;0.0;2.0;4.0;1.0;C03
19975;201400013405;0;1;0;0.0;2.0;7.0;1.0;A01
19976;201400013405;0;7;0;0.0;2.0;1.0;1.0;B02
19977;201400013406;0;33;0;0.0;2.0;8.0;1.0;B02
19978;201400013406;0;7;0;0.0;2.0;7.0;17.0;A01
19979;201400013407;0;7;0;3.0;0.0;8.0;17.0;A01
19980;201400013408;0;7;0;6.0;0.0;1.0;14.0;A01
19981;201400013409;0;7;0;4.0;0.0;3.0;17.0;A01
19982;201400013410;0;10;0;1.0;0.0;3.0;14.0;A01
19983;201400013410;0;7;0;4.0;0.0;2.0;14.0;C03