;Num_Acc;senc;catv;occutc;obs;obsm;choc;manv;num_veh
19984;201400013410;0;17;0;0.0;0.0;0.0;24.0;B02
19985;201400013411;0;7;0;3.0;0.0;9.0;1.0;A01
19986;201400013412;0;10;0;6.0;0.0;1.0;14.0;A01
19987;201400013413;0;7;0;0.0;2.0;1.0;1.0;A01
19988;201400013413;0;7;0;0.0;0.0;8.0;15.0;B02
19989;201400013414;0;10;0;0.0;2.0;1.0;1.0;B02
19990;201400013414;0;37;23;0.0;0.0;7.0;1.0;A01
19991;201400013415;0;7;0;0.0;2.0;2.0;16.0;B02
19992;201400013415;0;7;0;0.0;2.0;8.0;18.0;A01
19993;201400013416;0;14;0;0.0;1.0;3.0;1.0;A01
19994;201400013417;0;7;0;6.0;0.0;1.0;13.0;A01
19995;201400013418;0;33;0;11.0;2.0;0.0;17.0;A01
19996;201400013418;0;17;0;0.0;0.0;8.0;1.0;B02
19997;201400013419;0;15;0;0.0;2.0;1.0;1.0;A01
19998;201400013419;0;7;0;0.0;0.0;8.0;15.0;B02
19999;201400013420;0;10;0;0.0;2.0;1.0;1.0;B02
20000;201400013420;0;7;0;0.0;0.0;6.0;13.0;A01
20001;201400013421;0;7;0;3.0;0.0;8.0;0.0;A01
20002;201400013422;0;7;0;0.0;0.0;3.0;15.0;B01
20003;201400013422;0;38;0;0.0;2.0;1.0;1.0;A01
20004;201400013423;0;7;0;13.0;0.0;2.0;1.0;A01
20005;201400013424;0;7;0;0.0;2.0;2.0;17.0;A01
20006;201400013424;0;17;0;0.0;0.0;6.0;2.0;B02
20007;201400013424;0;7;0;0.0;2.0;2.0;2.0;C03
20008;201400013425;0;7;0;5.0;0.0;2.0;1.0;A01
20009;201400013426;0;10;0;0.0;2.0;2.0;17.0;A01
20010;201400013426;0;17;0;0.0;2.0;6.0;1.0;B02
20011;201400013427;0;17;0;3.0;0.0;1.0;14.0;A01
20012;201400013428;0;7;0;13.0;0.0;9.0;17.0;A01
20013;201400013429;1;7;0;0.0;1.0;0.0;0.0;A01
20014;201400013430;0;10;0;0.0;2.0;1.0;1.0;B01
20015;201400013430;0;7;0;7.0;2.0;7.0;19.0;A01
20016;201400013431;0;7;0;7.0;0.0;1.0;1.0;A01
20017;201400013432;0;7;0;0.0;1.0;2.0;16.0;A01
20018;201400013433;0;7;0;0.0;1.0;1.0;2.0;A01
20019;201400013434;0;38;1;0.0;2.0;1.0;2.0;A01
20020;201400013434;0;7;0;0.0;2.0;4.0;2.0;B01
20021;201400013434;0;7;0;0.0;2.0;4.0;2.0;C01
20022;201400013434;0;7;0;0.0;2.0;4.0;2.0;D01
20023;201400013434;0;7;0;0.0;0.0;4.0;2.0;E01
20024;201400013435;0;38;0;0.0;1.0;7.0;0.0;A01
20025;201400013436;0;7;0;0.0;2.0;8.0;11.0;A01
20026;201400013436;0;33;0;0.0;2.0;1.0;3.0;B01
20027;201400013437;0;10;0;0.0;2.0;8.0;10.0;A01
20028;201400013437;0;2;0;0.0;2.0;1.0;2.0;B01
20029;201400013438;0;30;0;1.0;0.0;1.0;0.0;A01
20030;201400013438;0;7;0;0.0;0.0;6.0;0.0;B01
20031;201400013439;0;2;0;0.0;2.0;1.0;1.0;A01
20032;201400013439;0;7;0;0.0;2.0;4.0;1.0;B01
20033;201400013440;0;2;0;0.0;1.0;1.0;0.0;A01
20034;201400013441;0;7;0;8.0;0.0;1.0;0.0;A01
20035;201400013442;0;7;0;0.0;2.0;1.0;1.0;A01
20036;201400013442;0;7;0;0.0;2.0;4.0;1.0;B01
20037;201400013443;0;7;0;0.0;2.0;3.0;13.0;A01
20038;201400013443;0;10;0;0.0;2.0;3.0;1.0;B01
20039;201400013444;0;7;0;0.0;1.0;1.0;1.0;A01
20040;201400013445;0;7;0;0.0;0.0;0.0;0.0;A01
20041;201400013446;0;33;0;0.0;2.0;1.0;2.0;A01
20042;201400013446;0;7;0;0.0;2.0;1.0;2.0;B01
20043;201400013447;0;99;0;0.0;1.0;6.0;4.0;A01
20044;201400013449;0;33;0;0.0;2.0;1.0;1.0;B01
20045;201400013449;0;7;0;0.0;2.0;1.0;15.0;A01
20046;201400013450;0;7;0;0.0;2.0;8.0;0.0;A01
20047;201400013450;0;33;0;0.0;2.0;1.0;0.0;B01
20048;201400013451;0;38;1;0.0;1.0;8.0;1.0;B01
20049;201400013451;0;7;0;0.0;2.0;7.0;23.0;A01
20050;201400013452;0;2;0;0.0;2.0;1.0;1.0;B01
20051;201400013452;0;7;0;0.0;2.0;2.0;9.0;A01
20052;201400013453;0;33;0;0.0;2.0;1.0;1.0;B01
20053;201400013453;0;7;0;0.0;2.0;3.0;9.0;A01
20054;201400013454;0;33;0;0.0;1.0;1.0;1.0;A01
20055;201400013455;0;7;0;12.0;0.0;1.0;21.0;A01
20056;201400013456;0;7;0;0.0;1.0;1.0;1.0;A01
20057;201400013457;0;7;0;15.0;0.0;1.0;15.0;A01
20058;201400013458;0;7;0;0.0;2.0;1.0;1.0;A01
20059;201400013458;0;7;0;0.0;2.0;8.0;1.0;B01
20060;201400013460;0;7;0;0.0;2.0;3.0;1.0;B01
20061;201400013460;0;7;0;0.0;2.0;3.0;13.0;A01
20062;201400013461;0;33;0;0.0;2.0;1.0;1.0;B01
20063;201400013461;0;7;0;0.0;0.0;5.0;9.0;A01
20064;201400013462;0;7;0;0.0;1.0;3.0;2.0;A01
20065;201400013464;0;7;0;0.0;1.0;8.0;9.0;A01
20066;201400013465;0;7;0;0.0;1.0;4.0;4.0;A01
20067;201400013466;0;31;0;0.0;2.0;1.0;1.0;A01
20068;201400013466;0;7;0;0.0;2.0;4.0;1.0;B01
20069;201400013467;0;7;0;8.0;0.0;8.0;1.0;A01
20070;201400013468;0;7;0;0.0;2.0;3.0;9.0;A01
20071;201400013468;0;7;0;3.0;2.0;7.0;1.0;B01
20072;201400013469;0;7;0;0.0;1.0;2.0;2.0;A01
20073;201400013470;0;7;0;0.0;2.0;6.0;1.0;B01
20074;201400013470;0;7;0;8.0;2.0;1.0;1.0;A01
20075;201400013471;0;33;0;0.0;2.0;3.0;1.0;A01
20076;201400013471;0;7;0;0.0;2.0;2.0;0.0;B01
20077;201400013472;0;33;0;0.0;0.0;0.0;0.0;A01
20078;201400013474;0;7;0;0.0;1.0;3.0;0.0;A01
20079;201400013475;0;14;0;0.0;2.0;2.0;1.0;B01
20080;201400013475;0;13;0;0.0;2.0;3.0;9.0;A01
20081;201400013476;0;7;0;0.0;0.0;6.0;23.0;B01
20082;201400013476;0;7;0;0.0;2.0;2.0;2.0;A01
20083;201400013477;0;7;0;0.0;2.0;1.0;19.0;A01
20084;201400013477;0;7;0;0.0;0.0;8.0;19.0;B01
20085;201400013478;0;7;0;0.0;2.0;1.0;1.0;B01
20086;201400013478;0;7;0;0.0;2.0;3.0;10.0;A01
20087;201400013479;0;7;0;0.0;2.0;3.0;15.0;A01
20088;201400013479;0;7;0;1.0;2.0;2.0;1.0;B01
20089;201400013481;0;7;0;0.0;0.0;0.0;0.0;A01
20090;201400013481;0;7;0;14.0;0.0;0.0;0.0;B01
20091;201400013482;0;7;0;0.0;2.0;3.0;15.0;B01
20092;201400013482;0;2;0;0.0;2.0;1.0;1.0;A01
20093;201400013483;0;33;0;0.0;0.0;1.0;21.0;A01
20094;201400013483;0;7;0;0.0;0.0;0.0;23.0;B01
20095;201400013484;0;7;0;0.0;2.0;6.0;1.0;B01
20096;201400013484;0;7;0;0.0;2.0;2.0;1.0;A01
20097;201400013485;0;7;0;0.0;1.0;7.0;9.0;A01
20098;201400013486;0;31;0;0.0;2.0;1.0;1.0;A01
20099;201400013486;0;7;0;0.0;2.0;8.0;15.0;B01
20100;201400013487;0;2;0;8.0;0.0;1.0;14.0;A01
20101;201400013488;0;7;0;0.0;1.0;2.0;2.0;A01
20102;201400013489;0;33;0;0.0;2.0;1.0;0.0;B01
20103;201400013489;0;7;0;0.0;2.0;2.0;15.0;A01
20104;201400013490;0;7;0;0.0;0.0;5.0;1.0;B01
20105;201400013490;0;7;0;0.0;2.0;2.0;2.0;A01
20106;201400013491;0;7;0;0.0;2.0;8.0;15.0;A01
20107;201400013491;0;7;0;0.0;2.0;0.0;0.0;C01
20108;201400013491;0;33;0;0.0;2.0;1.0;1.0;B01
20109;201400013492;0;7;0;13.0;2.0;1.0;2.0;B01
20110;201400013492;0;7;0;0.0;2.0;1.0;2.0;C01
20111;201400013492;0;7;0;13.0;2.0;7.0;2.0;A01
20112;201400013494;0;7;0;0.0;0.0;5.0;15.0;B01
20113;201400013494;0;31;0;0.0;2.0;1.0;0.0;A01
20114;201400013495;0;7;0;0.0;2.0;1.0;1.0;B01
20115;201400013495;0;7;0;2.0;2.0;7.0;19.0;A01
20116;201400013496;0;7;0;8.0;0.0;1.0;0.0;A01
20117;201400013497;0;7;0;6.0;0.0;1.0;21.0;A01
20118;201400013498;0;7;0;0.0;2.0;0.0;2.0;B01
20119;201400013498;0;7;0;0.0;2.0;4.0;1.0;A01
20120;201400013499;0;7;0;0.0;1.0;1.0;16.0;A01
20121;201400013500;0;33;0;0.0;2.0;1.0;17.0;A01
20122;201400013500;0;7;0;0.0;2.0;2.0;19.0;B01
20123;201400013501;0;33;0;0.0;2.0;9.0;17.0;A01
20124;201400013501;0;10;0;0.0;2.0;8.0;15.0;B01
20125;201400013502;0;7;0;0.0;2.0;3.0;9.0;A01
20126;201400013502;0;7;0;0.0;2.0;1.0;1.0;B01
20127;201400013503;0;33;0;0.0;2.0;1.0;2.0;A01
20128;201400013503;0;7;0;0.0;2.0;4.0;2.0;B01
20129;201400013505;0;7;0;0.0;2.0;3.0;1.0;A01
20130;201400013505;0;3;0;0.0;2.0;1.0;15.0;B01
20131;201400013507;0;7;0;0.0;2.0;2.0;1.0;B01
20132;201400013507;0;7;0;0.0;2.0;3.0;1.0;A01
20133;201400013508;0;7;0;0.0;1.0;3.0;1.0;A01
20134;201400013509;0;33;0;0.0;2.0;7.0;1.0;B01
20135;201400013509;0;7;0;0.0;2.0;1.0;15.0;A01
20136;201400013510;0;7;0;0.0;1.0;2.0;1.0;A01
20137;201400013512;0;7;0;1.0;1.0;1.0;2.0;A01
20138;201400013513;0;2;0;0.0;2.0;0.0;13.0;A01
20139;201400013513;0;7;0;0.0;2.0;3.0;1.0;B01
20140;201400013514;0;10;0;0.0;1.0;3.0;2.0;A01
20141;201400013515;0;7;0;0.0;1.0;1.0;1.0;A01
20142;201400013516;0;7;0;0.0;1.0;1.0;1.0;A01
20143;201400013517;0;7;0;0.0;1.0;3.0;15.0;A01
20144;201400013518;0;7;0;0.0;1.0;3.0;1.0;A01
20145;201400013519;0;2;0;0.0;0.0;0.0;2.0;A01
20146;201400013520;0;7;0;0.0;1.0;3.0;0.0;A01
20147;201400013521;0;7;0;2.0;0.0;2.0;21.0;A01
20148;201400013521;1;99;0;0.0;2.0;2.0;0.0;Z01
20149;201400013522;0;7;0;0.0;2.0;8.0;2.0;B01
20150;201400013522;0;7;0;0.0;2.0;8.0;17.0;A01
20151;201400013523;0;7;0;0.0;1.0;4.0;4.0;A01
20152;201400013524;0;7;0;0.0;2.0;3.0;1.0;A01
20153;201400013524;0;7;0;15.0;2.0;3.0;1.0;B01
20154;201400013525;0;30;0;0.0;0.0;0.0;16.0;A01
20155;201400013526;0;7;0;6.0;0.0;1.0;0.0;A01
20156;201400013527;1;10;0;0.0;1.0;2.0;1.0;Z01
20157;201400013528;0;33;0;0.0;2.0;1.0;1.0;B01
20158;201400013528;0;7;0;0.0;0.0;5.0;1.0;A01
20159;201400013529;0;7;0;0.0;2.0;4.0;1.0;A01
20160;201400013529;1;7;0;0.0;2.0;3.0;13.0;Z01
20161;201400013530;0;7;0;0.0;2.0;1.0;9.0;Z01
20162;201400013530;0;2;0;0.0;2.0;7.0;17.0;A01
20163;201400013531;0;30;0;0.0;2.0;8.0;16.0;B01
20164;201400013531;1;7;0;0.0;2.0;2.0;1.0;A01
20165;201400013532;1;7;0;0.0;1.0;3.0;5.0;A01
20166;201400013533;0;7;0;0.0;2.0;3.0;1.0;B01
20167;201400013533;0;7;0;0.0;2.0;2.0;1.0;A01
20168;201400013534;0;13;0;0.0;2.0;3.0;1.0;B01
20169;201400013534;0;7;0;0.0;0.0;6.0;14.0;A01
20170;201400013536;0;7;0;0.0;0.0;3.0;16.0;B01
20171;201400013536;0;7;0;0.0;2.0;2.0;17.0;A01
20172;201400013537;0;7;0;3.0;2.0;8.0;23.0;C01
20173;201400013537;0;15;0;0.0;2.0;7.0;1.0;B01
20174;201400013537;0;7;0;0.0;2.0;8.0;9.0;A01
20175;201400013538;0;7;0;0.0;2.0;4.0;1.0;C01
20176;201400013538;0;7;0;0.0;2.0;1.0;1.0;A01
20177;201400013538;0;7;0;0.0;2.0;4.0;1.0;B01
20178;201400013539;0;7;0;0.0;2.0;8.0;1.0;B01
20179;201400013539;0;30;0;0.0;2.0;7.0;1.0;A01
20180;201400013540;0;7;0;0.0;1.0;1.0;1.0;A01
20181;201400013542;0;2;0;0.0;5.0;1.0;1.0;A01
20182;201400013543;0;7;0;0.0;2.0;5.0;16.0;A01
20183;201400013543;0;30;0;0.0;2.0;3.0;0.0;B01
20184;201400013544;0;7;0;0.0;1.0;1.0;1.0;A01
20185;201400013545;0;7;0;0.0;2.0;8.0;2.0;A01
20186;201400013545;0;1;0;0.0;2.0;2.0;1.0;B01
20187;201400013545;0;7;0;0.0;2.0;7.0;1.0;C01
20188;201400013546;0;7;0;0.0;1.0;7.0;20.0;A01
20189;201400013547;0;1;0;0.0;1.0;8.0;1.0;A01
20190;201400013548;0;37;15;14.0;0.0;1.0;1.0;A01
20191;201400013549;0;14;0;2.0;2.0;3.0;13.0;A01
20192;201400013549;0;15;0;0.0;2.0;8.0;1.0;B01
20193;201400013550;0;7;0;0.0;1.0;3.0;1.0;A01
20194;201400013551;0;7;0;0.0;1.0;7.0;1.0;A01
20195;201400013552;1;7;0;0.0;1.0;8.0;1.0;A01
20196;201400013553;0;7;0;0.0;0.0;4.0;23.0;A01
20197;201400013553;0;7;0;0.0;2.0;1.0;2.0;B01
20198;201400013554;0;7;0;0.0;1.0;2.0;1.0;A01
20199;201400013555;0;7;0;0.0;1.0;4.0;4.0;A01
20200;201400013556;0;7;0;0.0;2.0;1.0;2.0;B01
20201;201400013556;0;7;0;0.0;0.0;4.0;23.0;A01
20202;201400013557;0;33;0;10.0;2.0;1.0;1.0;A01
20203;201400013557;0;7;0;0.0;2.0;1.0;9.0;B01
20204;201400013558;1;14;0;0.0;1.0;4.0;1.0;A01
20205;201400013559;1;99;0;0.0;1.0;0.0;0.0;Z01
20206;201400013560;0;7;0;0.0;1.0;2.0;9.0;A01
20207;201400013561;0;1;0;0.0;2.0;3.0;1.0;B01
20208;201400013561;0;7;0;0.0;9.0;7.0;16.0;A01
20209;201400013562;0;7;0;0.0;1.0;2.0;1.0;A01
20210;201400013563;0;36;0;9.0;0.0;1.0;0.0;A01
20211;201400013564;0;7;0;1.0;2.0;8.0;24.0;B01
20212;201400013564;0;7;0;1.0;0.0;3.0;13.0;A01
20213;201400013565;0;7;0;0.0;9.0;2.0;9.0;A01
20214;201400013565;0;1;0;0.0;2.0;1.0;1.0;B01
20215;201400013567;0;7;0;0.0;2.0;3.0;17.0;A01
20216;201400013567;0;33;0;0.0;2.0;1.0;1.0;B01
20217;201400013568;0;7;0;0.0;2.0;8.0;10.0;A01
20218;201400013568;0;33;0;0.0;2.0;1.0;1.0;B01
20219;201400013569;0;33;0;0.0;2.0;1.0;1.0;B01
20220;201400013569;0;7;0;0.0;9.0;3.0;0.0;C01
20221;201400013569;0;7;0;0.0;2.0;3.0;15.0;A01
20222;201400013570;0;10;0;0.0;2.0;5.0;4.0;A01
20223;201400013570;0;32;0;0.0;2.0;1.0;2.0;B01
20224;201400013571;0;7;0;0.0;2.0;4.0;23.0;A01
20225;201400013571;0;7;0;0.0;2.0;4.0;23.0;B01
20226;201400013571;1;7;0;0.0;2.0;1.0;2.0;Z01
20227;201400013572;0;33;0;0.0;0.0;7.0;0.0;A01
20228;201400013574;0;7;0;0.0;2.0;2.0;1.0;B01
20229;201400013574;0;30;0;0.0;2.0;1.0;1.0;A01
20230;201400013575;0;7;0;0.0;2.0;3.0;15.0;A01
20231;201400013575;0;2;0;0.0;2.0;2.0;18.0;B01
20232;201400013576;0;7;0;0.0;2.0;1.0;15.0;A01
20233;201400013576;0;14;0;0.0;2.0;3.0;1.0;B01
20234;201400013577;0;7;0;0.0;2.0;8.0;1.0;C01
20235;201400013577;0;7;0;0.0;2.0;8.0;1.0;B01
20236;201400013577;0;7;0;0.0;2.0;3.0;13.0;A01
20237;201400013578;0;7;0;0.0;2.0;1.0;15.0;A01
20238;201400013578;0;7;0;8.0;2.0;1.0;1.0;B01
20239;201400013579;0;7;0;0.0;2.0;3.0;5.0;A01
20240;201400013579;0;7;0;0.0;2.0;1.0;1.0;B01
20241;201400013580;0;7;0;0.0;2.0;1.0;1.0;A01
20242;201400013580;0;10;0;0.0;2.0;1.0;1.0;B01
20243;201400013581;0;7;0;0.0;0.0;8.0;15.0;A01
20244;201400013581;0;7;0;0.0;2.0;2.0;17.0;B01
20245;201400013582;0;7;0;0.0;2.0;1.0;0.0;A01
20246;201400013582;0;7;0;0.0;2.0;8.0;0.0;B01
20247;201400013583;0;7;0;0.0;2.0;1.0;2.0;A01
20248;201400013583;0;3;0;0.0;1.0;6.0;1.0;B01
20249;201400013584;0;7;0;0.0;2.0;1.0;2.0;A01
20250;201400013584;0;7;0;0.0;2.0;4.0;2.0;B01
20251;201400013584;0;7;0;0.0;0.0;4.0;2.0;C01
20252;201400013585;0;33;0;8.0;0.0;8.0;1.0;A01
20253;201400013586;0;10;0;0.0;2.0;8.0;15.0;B01
20254;201400013586;0;32;0;0.0;2.0;8.0;17.0;A01
20255;201400013587;0;1;0;0.0;2.0;0.0;0.0;B01
20256;201400013587;0;7;0;0.0;2.0;7.0;0.0;A01
20257;201400013588;0;7;0;3.0;0.0;2.0;1.0;A01
20258;201400013589;0;7;0;0.0;2.0;3.0;15.0;A01
20259;201400013589;0;33;0;0.0;2.0;3.0;1.0;B01
20260;201400013590;0;7;0;0.0;2.0;1.0;13.0;A01
20261;201400013590;0;7;0;0.0;2.0;3.0;1.0;B01
20262;201400013591;0;7;0;0.0;0.0;8.0;1.0;A01
20263;201400013591;0;1;0;0.0;2.0;1.0;1.0;B01
20264;201400013592;0;7;0;0.0;1.0;2.0;1.0;A01
20265;201400013593;0;7;0;0.0;2.0;1.0;0.0;B01
20266;201400013593;0;7;0;0.0;2.0;2.0;0.0;A01
20267;201400013594;0;7;0;0.0;2.0;1.0;1.0;A01
20268;201400013594;0;7;0;0.0;2.0;4.0;23.0;C01
20269;201400013594;0;7;0;0.0;2.0;4.0;23.0;B01
20270;201400013595;0;7;0;0.0;2.0;3.0;0.0;B01
20271;201400013595;0;7;0;0.0;2.0;5.0;0.0;A01
20272;201400013596;0;7;0;0.0;1.0;1.0;2.0;A01
20273;201400013597;0;31;0;0.0;2.0;1.0;1.0;B01
20274;201400013597;0;10;0;0.0;2.0;0.0;9.0;A01
20275;201400013598;0;1;0;0.0;0.0;0.0;0.0;A01
20276;201400013599;0;7;0;0.0;0.0;1.0;1.0;A01
20277;201400013600;1;7;0;0.0;2.0;0.0;0.0;X01
20278;201400013600;0;2;0;0.0;2.0;1.0;1.0;A01
20279;201400013601;0;31;0;0.0;2.0;8.0;1.0;B01
20280;201400013601;0;7;0;0.0;2.0;3.0;15.0;A01
20281;201400013602;0;34;0;0.0;2.0;2.0;2.0;A01
20282;201400013602;0;7;0;0.0;2.0;3.0;2.0;B01
20283;201400013603;0;7;0;0.0;1.0;3.0;1.0;A01
20284;201400013605;0;30;0;1.0;2.0;2.0;17.0;A01
20285;201400013605;0;7;0;0.0;2.0;8.0;15.0;B01
20286;201400013606;0;10;0;0.0;1.0;1.0;1.0;A01
20287;201400013607;0;34;0;0.0;2.0;3.0;0.0;A01
20288;201400013607;0;15;0;0.0;2.0;8.0;1.0;B01
20289;201400013608;0;10;0;0.0;0.0;4.0;2.0;B01
20290;201400013608;0;10;0;0.0;2.0;1.0;2.0;A01
20291;201400013611;0;7;0;0.0;2.0;3.0;15.0;A01
20292;201400013611;0;7;0;0.0;2.0;1.0;1.0;B01
20293;201400013612;0;7;0;1.0;0.0;2.0;2.0;A01
20294;201400013613;0;33;0;10.0;0.0;1.0;21.0;A01
20295;201400013614;0;33;0;0.0;0.0;7.0;0.0;A01
20296;201400013615;0;33;0;0.0;2.0;1.0;1.0;B01
20297;201400013615;0;7;0;0.0;2.0;1.0;1.0;A01
20298;201400013616;0;1;0;0.0;2.0;4.0;0.0;B01
20299;201400013616;0;7;0;0.0;2.0;3.0;9.0;A01
20300;201400013617;0;30;0;0.0;2.0;5.0;1.0;A01
20301;201400013617;0;7;0;0.0;2.0;8.0;15.0;B01
20302;201400013618;0;7;0;0.0;9.0;1.0;0.0;A01
20303;201400013618;0;1;0;0.0;0.0;0.0;0.0;B01
20304;201400013619;0;30;0;0.0;1.0;1.0;1.0;Z01
20305;201400013620;0;7;0;0.0;2.0;1.0;2.0;A01
20306;201400013620;0;7;0;0.0;0.0;4.0;2.0;B01
20307;201400013621;0;7;0;0.0;2.0;1.0;1.0;A01
20308;201400013621;0;7;0;0.0;2.0;7.0;1.0;B01
20309;201400013622;0;7;0;0.0;2.0;3.0;5.0;A01
20310;201400013622;0;7;0;0.0;2.0;1.0;0.0;B01
20311;201400013623;0;7;0;0.0;2.0;3.0;9.0;B01
20312;201400013623;0;30;0;0.0;2.0;1.0;1.0;A01
20313;201400013625;0;7;0;0.0;2.0;8.0;15.0;B01
20314;201400013625;0;7;0;0.0;2.0;3.0;1.0;A01
20315;201400013626;0;33;0;0.0;2.0;1.0;5.0;A01
20316;201400013626;0;7;0;0.0;2.0;1.0;5.0;B01
20317;201400013627;0;7;0;0.0;2.0;1.0;1.0;A01
20318;201400013627;0;7;0;0.0;2.0;4.0;16.0;B01
20319;201400013628;0;7;0;0.0;2.0;1.0;1.0;C01
20320;201400013628;0;7;0;0.0;2.0;3.0;1.0;B01
20321;201400013628;0;30;0;0.0;2.0;1.0;13.0;A01
20322;201400013629;0;20;0;0.0;1.0;4.0;4.0;A01
20323;201400013630;0;7;0;0.0;2.0;3.0;1.0;B01
20324;201400013630;0;7;0;0.0;2.0;1.0;15.0;A01
20325;201400013631;0;7;0;0.0;2.0;1.0;1.0;A01
20326;201400013631;0;7;0;0.0;2.0;9.0;1.0;B01
20327;201400013632;0;7;0;0.0;2.0;2.0;1.0;B01
20328;201400013632;0;31;0;0.0;2.0;3.0;15.0;A01
20329;201400013633;0;10;0;0.0;0.0;2.0;2.0;B01
20330;201400013633;0;7;0;0.0;2.0;3.0;2.0;A01
20331;201400013635;0;32;0;12.0;0.0;8.0;1.0;A01
20332;201400013637;0;7;0;0.0;2.0;2.0;1.0;A01
20333;201400013637;0;7;0;0.0;2.0;3.0;0.0;B01
20334;201400013638;0;7;0;0.0;2.0;3.0;15.0;A01
20335;201400013638;0;34;0;0.0;2.0;1.0;1.0;B01
20336;201400013640;0;7;0;0.0;2.0;1.0;1.0;B01
20337;201400013640;0;7;0;11.0;2.0;7.0;1.0;A01
20338;201400013641;0;33;0;0.0;2.0;1.0;1.0;B01
20339;201400013641;0;7;0;0.0;2.0;7.0;10.0;A01
20340;201400013642;0;7;0;0.0;1.0;3.0;15.0;A01
20341;201400013643;0;7;0;0.0;2.0;6.0;10.0;A01
20342;201400013643;0;7;0;0.0;2.0;2.0;2.0;B01
20343;201400013645;0;32;0;0.0;2.0;8.0;1.0;B01
20344;201400013645;0;7;0;0.0;2.0;6.0;0.0;A01
20345;201400013646;0;7;0;0.0;1.0;3.0;0.0;A01
20346;201400013647;0;34;0;0.0;2.0;4.0;2.0;B01
20347;201400013647;0;7;0;0.0;2.0;1.0;2.0;A01
20348;201400013648;0;7;0;0.0;2.0;4.0;1.0;B01
20349;201400013648;0;7;0;0.0;2.0;1.0;1.0;A01
20350;201400013650;0;33;0;0.0;2.0;1.0;2.0;B01
20351;201400013650;0;7;0;0.0;0.0;0.0;9.0;A01
20352;201400013650;0;30;0;0.0;0.0;0.0;1.0;C01
20353;201400013651;0;7;0;0.0;2.0;1.0;1.0;A01
20354;201400013651;0;7;0;0.0;2.0;4.0;1.0;B01
20355;201400013652;0;7;0;0.0;2.0;5.0;15.0;B01
20356;201400013652;0;2;0;0.0;2.0;1.0;2.0;A01
20357;201400013653;0;33;0;0.0;2.0;1.0;2.0;B01
20358;201400013653;0;7;0;0.0;2.0;8.0;15.0;A01
20359;201400013654;0;7;0;0.0;2.0;3.0;15.0;A01
20360;201400013654;0;7;0;0.0;2.0;3.0;1.0;B01
20361;201400013655;0;7;0;0.0;2.0;4.0;2.0;B01
20362;201400013655;0;30;0;0.0;2.0;1.0;2.0;A01
20363;201400013656;0;7;0;1.0;0.0;2.0;14.0;A01
20364;201400013657;0;7;0;0.0;2.0;3.0;1.0;B01
20365;201400013657;0;7;0;0.0;2.0;1.0;1.0;A01
20366;201400013657;0;7;0;0.0;2.0;3.0;23.0;C01
20367;201400013658;0;7;0;0.0;2.0;4.0;2.0;B01
20368;201400013658;0;7;0;0.0;2.0;1.0;2.0;A01
20369;201400013659;0;1;0;0.0;0.0;0.0;0.0;A01
20370;201400013661;0;30;0;0.0;2.0;3.0;1.0;B01
20371;201400013661;0;7;0;0.0;2.0;2.0;15.0;A01
20372;201400013662;0;7;0;0.0;2.0;1.0;1.0;B01
20373;201400013662;0;7;0;0.0;2.0;6.0;19.0;A01
20374;201400013663;0;7;0;0.0;2.0;1.0;2.0;B01
20375;201400013663;0;2;0;0.0;2.0;4.0;15.0;A01
20376;201400013664;0;7;0;0.0;0.0;4.0;1.0;B01
20377;201400013664;0;15;0;0.0;2.0;2.0;2.0;A01
20378;201400013665;0;7;0;0.0;2.0;3.0;2.0;A01
20379;201400013665;0;1;0;0.0;2.0;7.0;1.0;B01
20380;201400013666;0;33;0;0.0;2.0;8.0;18.0;B01
20381;201400013666;0;7;0;0.0;2.0;7.0;20.0;A01
20382;201400013668;0;37;1;0.0;2.0;1.0;2.0;A01
20383;201400013668;0;7;0;0.0;0.0;4.0;2.0;B01
20384;201400013669;0;33;0;0.0;2.0;0.0;0.0;B01
20385;201400013669;0;7;0;0.0;2.0;8.0;11.0;A01
20386;201400013670;0;7;0;1.0;2.0;4.0;2.0;B01
20387;201400013670;1;7;0;0.0;2.0;1.0;2.0;Z01
20388;201400013671;0;7;0;0.0;2.0;2.0;1.0;A01
20389;201400013671;0;34;0;0.0;2.0;6.0;1.0;B01
20390;201400013672;0;32;0;0.0;0.0;7.0;0.0;A01
20391;201400013673;1;7;0;0.0;2.0;1.0;2.0;Z01
20392;201400013673;0;7;0;0.0;2.0;4.0;2.0;B01
20393;201400013675;0;7;0;0.0;2.0;1.0;2.0;A01
20394;201400013675;0;7;0;0.0;2.0;4.0;2.0;B01
20395;201400013676;0;10;0;8.0;0.0;1.0;1.0;A01
20396;201400013677;0;30;0;0.0;2.0;5.0;2.0;B01
20397;201400013677;0;33;0;0.0;2.0;1.0;2.0;A01
20398;201400013678;0;7;0;0.0;2.0;3.0;16.0;A01
20399;201400013678;0;7;0;0.0;2.0;5.0;2.0;B01
20400;201400013678;0;7;0;0.0;2.0;4.0;2.0;C01
20401;201400013680;0;7;0;8.0;0.0;1.0;1.0;A01
20402;201400013681;0;32;0;0.0;2.0;1.0;1.0;B01
20403;201400013681;0;7;0;0.0;2.0;3.0;5.0;A01
20404;201400013682;0;7;0;0.0;5.0;4.0;2.0;B01