;Num_Acc;senc;catv;occutc;obs;obsm;choc;manv;num_veh
20826;201400013934;0;33;0;0.0;2.0;1.0;2.0;A01
20827;201400013934;0;7;0;0.0;9.0;6.0;2.0;B01
20828;201400013935;0;7;0;0.0;2.0;1.0;9.0;A01
20829;201400013935;0;31;0;0.0;2.0;7.0;1.0;B01
20830;201400013936;0;33;0;0.0;2.0;1.0;18.0;A01
20831;201400013936;0;7;0;0.0;2.0;3.0;1.0;B01
20832;201400013937;0;7;0;0.0;0.0;7.0;1.0;A01
20833;201400013938;0;33;0;0.0;0.0;1.0;1.0;A01
20834;201400013939;0;7;0;0.0;2.0;4.0;23.0;B01
20835;201400013939;0;7;0;0.0;2.0;4.0;23.0;C01
20836;201400013939;0;7;0;0.0;2.0;4.0;23.0;D01
20837;201400013939;1;10;0;0.0;2.0;1.0;23.0;Z01
20838;201400013940;0;30;0;0.0;0.0;0.0;0.0;A01
20839;201400013940;0;30;0;0.0;2.0;0.0;0.0;B01
20840;201400013941;0;7;0;0.0;2.0;3.0;11.0;A01
20841;201400013941;0;2;0;0.0;2.0;7.0;17.0;B01
20842;201400013942;0;32;0;0.0;2.0;0.0;0.0;A01
20843;201400013942;0;7;0;0.0;2.0;3.0;2.0;B01
20844;201400013943;0;30;0;0.0;2.0;1.0;9.0;A01
20845;201400013943;0;7;0;0.0;2.0;1.0;0.0;B01
20846;201400013945;0;34;0;0.0;2.0;5.0;3.0;A01
20847;201400013945;0;7;0;0.0;9.0;3.0;2.0;B01
20848;201400013947;0;7;0;0.0;1.0;1.0;0.0;A01
20849;201400013948;0;14;0;0.0;1.0;4.0;4.0;A01
20850;201400013949;0;32;0;14.0;2.0;3.0;12.0;A01
20851;201400013949;0;7;0;14.0;2.0;2.0;12.0;B01
20852;201400013950;0;7;0;0.0;2.0;8.0;2.0;A01
20853;201400013950;0;34;0;0.0;2.0;7.0;17.0;B01
20854;201400013951;1;7;0;0.0;1.0;0.0;1.0;Z01
20855;201400013953;0;7;0;0.0;2.0;1.0;15.0;A01
20856;201400013953;0;32;0;0.0;2.0;7.0;17.0;B01
20857;201400013954;0;7;0;0.0;0.0;3.0;1.0;B01
20858;201400013954;0;7;0;0.0;0.0;2.0;15.0;A01
20859;201400013955;0;32;0;0.0;1.0;1.0;1.0;A01
20860;201400013956;0;30;0;0.0;2.0;7.0;21.0;A01
20861;201400013956;1;7;0;0.0;2.0;0.0;20.0;Z01
20862;201400013957;0;30;0;0.0;0.0;7.0;2.0;A01
20863;201400013958;0;7;0;0.0;1.0;3.0;9.0;A01
20864;201400013961;0;7;0;0.0;0.0;1.0;1.0;B01
20865;201400013961;1;7;0;0.0;2.0;1.0;13.0;Z01
20866;201400013962;1;7;0;0.0;1.0;0.0;0.0;Z01
20867;201400013963;0;32;0;0.0;0.0;0.0;0.0;A01
20868;201400013964;0;30;0;0.0;0.0;0.0;2.0;A01
20869;201400013965;0;7;0;0.0;1.0;1.0;15.0;A01
20870;201400013966;0;7;0;0.0;2.0;1.0;2.0;A01
20871;201400013966;0;7;0;0.0;0.0;4.0;2.0;B01
20872;201400013967;0;7;0;0.0;2.0;2.0;1.0;B01
20873;201400013967;0;30;0;0.0;2.0;7.0;1.0;A01
20874;201400013968;0;7;0;0.0;2.0;1.0;15.0;A01
20875;201400013968;0;33;0;0.0;2.0;1.0;1.0;B01
20876;201400013969;0;7;0;0.0;2.0;3.0;1.0;A01
20877;201400013969;0;7;0;0.0;2.0;2.0;1.0;B01
20878;201400013970;0;7;0;0.0;1.0;2.0;1.0;A01
20879;201400013971;0;7;0;0.0;0.0;9.0;0.0;A01
20880;201400013972;0;7;0;0.0;2.0;3.0;15.0;A01
20881;201400013972;0;30;0;0.0;2.0;1.0;17.0;B01
20882;201400013973;0;7;0;2.0;2.0;5.0;22.0;A01
20883;201400013973;0;7;0;0.0;2.0;1.0;2.0;B01
20884;201400013974;0;7;0;0.0;1.0;0.0;0.0;A01
20885;201400013977;0;7;0;0.0;2.0;1.0;0.0;B01
20886;201400013977;0;7;0;0.0;2.0;1.0;0.0;A01
20887;201400013978;0;7;0;0.0;2.0;1.0;15.0;A01
20888;201400013978;0;7;0;0.0;2.0;4.0;1.0;B01
20889;201400013979;0;2;0;0.0;0.0;0.0;0.0;A01
20890;201400013979;1;99;0;0.0;0.0;0.0;0.0;Z01
20891;201400013980;0;7;0;0.0;2.0;1.0;9.0;A01
20892;201400013980;0;7;0;0.0;2.0;7.0;1.0;B01
20893;201400013981;0;7;0;0.0;2.0;3.0;9.0;A01
20894;201400013981;0;33;0;0.0;0.0;1.0;1.0;B01
20895;201400013982;0;7;0;0.0;2.0;3.0;2.0;B01
20896;201400013982;0;2;0;0.0;2.0;7.0;2.0;A01
20897;201400013983;0;7;0;0.0;1.0;1.0;15.0;A01
20898;201400013985;0;7;0;0.0;1.0;1.0;16.0;A01
20899;201400013986;0;7;0;0.0;2.0;1.0;1.0;B01
20900;201400013986;0;7;0;0.0;2.0;2.0;20.0;A01
20901;201400013987;0;7;0;0.0;2.0;2.0;6.0;A01
20902;201400013987;0;32;0;0.0;2.0;1.0;1.0;B01
20903;201400013989;0;34;0;0.0;1.0;5.0;0.0;A01
20904;201400013990;0;7;0;0.0;2.0;5.0;16.0;A01
20905;201400013990;0;30;0;0.0;2.0;1.0;1.0;B01
20906;201400013991;0;30;0;0.0;0.0;8.0;1.0;A01
20907;201400013992;0;30;0;0.0;1.0;8.0;17.0;A01
20908;201400013994;1;7;0;0.0;1.0;0.0;1.0;Z01
20909;201400013995;0;7;0;0.0;0.0;4.0;0.0;A01
20910;201400013995;0;7;0;0.0;0.0;0.0;0.0;B01
20911;201400013996;0;7;0;0.0;2.0;4.0;0.0;A01
20912;201400013996;0;32;0;0.0;2.0;1.0;1.0;B01
20913;201400013997;0;33;0;0.0;2.0;1.0;1.0;B01
20914;201400013997;0;7;0;0.0;2.0;6.0;15.0;A01
20915;201400013998;0;33;0;0.0;2.0;1.0;1.0;A01
20916;201400013998;0;7;0;0.0;2.0;6.0;1.0;B01
20917;201400013999;0;7;0;0.0;2.0;1.0;2.0;A01
20918;201400013999;0;7;0;0.0;2.0;4.0;2.0;B01
20919;201400014000;0;7;0;0.0;2.0;7.0;15.0;A01
20920;201400014000;0;7;0;0.0;2.0;1.0;1.0;B01
20921;201400014000;0;7;0;0.0;2.0;3.0;23.0;C01
20922;201400014001;0;7;0;0.0;2.0;1.0;1.0;A01
20923;201400014001;0;7;0;0.0;2.0;2.0;15.0;B01
20924;201400014002;0;7;0;0.0;2.0;3.0;9.0;A01
20925;201400014002;0;7;0;0.0;2.0;3.0;1.0;B01
20926;201400014003;0;7;0;0.0;2.0;1.0;2.0;A01
20927;201400014003;0;7;0;0.0;2.0;4.0;2.0;B01
20928;201400014004;0;34;0;0.0;2.0;1.0;1.0;A01
20929;201400014004;0;7;0;0.0;2.0;3.0;10.0;B01
20930;201400014005;0;7;0;0.0;2.0;3.0;2.0;A01
20931;201400014005;0;34;0;0.0;2.0;1.0;2.0;B01
20932;201400014006;0;7;0;0.0;2.0;1.0;5.0;A01
20933;201400014006;0;30;0;0.0;2.0;1.0;6.0;B01
20934;201400014007;0;7;0;15.0;0.0;1.0;1.0;A01
20935;201400014008;0;7;0;0.0;1.0;1.0;1.0;A01
20936;201400014009;0;7;0;0.0;2.0;5.0;1.0;B01
20937;201400014009;0;7;0;0.0;2.0;2.0;15.0;A01
20938;201400014010;0;7;0;1.0;0.0;1.0;1.0;A01
20939;201400014011;0;7;0;0.0;0.0;9.0;0.0;A01
20940;201400014012;0;7;0;0.0;1.0;2.0;2.0;A01
20941;201400014014;0;2;0;0.0;2.0;1.0;13.0;A01
20942;201400014014;0;7;0;0.0;2.0;1.0;1.0;B01
20943;201400014015;0;7;0;0.0;2.0;7.0;0.0;B01
20944;201400014015;0;7;0;0.0;2.0;1.0;15.0;A01
20945;201400014016;0;2;0;0.0;2.0;0.0;14.0;A01
20946;201400014016;0;7;0;0.0;9.0;3.0;1.0;B01
20947;201400014017;0;30;0;0.0;2.0;0.0;14.0;A01
20948;201400014017;0;7;0;0.0;9.0;3.0;1.0;B01
20949;201400014018;0;7;0;0.0;2.0;2.0;0.0;A01
20950;201400014018;0;32;0;0.0;2.0;1.0;2.0;B01
20951;201400014019;0;7;0;0.0;2.0;3.0;1.0;B01
20952;201400014019;0;33;0;0.0;1.0;1.0;1.0;A01
20953;201400014020;0;7;0;0.0;2.0;1.0;13.0;A01
20954;201400014020;0;7;0;0.0;0.0;0.0;13.0;B01
20955;201400014020;0;30;0;0.0;2.0;1.0;1.0;C01
20956;201400014022;0;32;0;0.0;2.0;1.0;9.0;A01
20957;201400014022;0;7;0;0.0;2.0;3.0;0.0;B01
20958;201400014023;0;7;0;2.0;0.0;3.0;0.0;A01
20959;201400014024;0;38;3;0.0;2.0;7.0;2.0;A01
20960;201400014024;0;38;2;0.0;2.0;4.0;24.0;C01
20961;201400014026;1;7;0;0.0;1.0;3.0;1.0;Z01
20962;201400014027;0;7;0;0.0;2.0;3.0;10.0;A01
20963;201400014027;0;7;0;0.0;2.0;5.0;9.0;B01
20964;201400014028;1;32;0;0.0;1.0;1.0;1.0;Z01
20965;201400014029;0;3;0;0.0;2.0;2.0;2.0;A01
20966;201400014029;0;10;0;0.0;2.0;6.0;2.0;B01
20967;201400014030;0;10;0;0.0;2.0;4.0;4.0;A01
20968;201400014030;0;7;0;0.0;2.0;1.0;23.0;B01
20969;201400014031;0;7;0;0.0;2.0;7.0;10.0;A01
20970;201400014031;0;34;0;0.0;2.0;1.0;1.0;B01
20971;201400014032;2;7;0;0.0;2.0;1.0;1.0;A01
20972;201400014032;0;7;0;0.0;2.0;8.0;1.0;B01
20973;201400014033;0;7;0;0.0;2.0;1.0;1.0;B01
20974;201400014033;1;7;0;0.0;2.0;1.0;1.0;Z01
20975;201400014034;0;7;0;13.0;0.0;1.0;1.0;A01
20976;201400014035;0;7;0;0.0;2.0;3.0;20.0;A01
20977;201400014035;0;32;0;0.0;2.0;1.0;1.0;B01
20978;201400014036;0;37;1;1.0;1.0;7.0;0.0;A01
20979;201400014038;0;32;0;0.0;2.0;0.0;2.0;A01
20980;201400014038;0;7;0;0.0;2.0;3.0;15.0;B01
20981;201400014039;0;7;0;0.0;0.0;0.0;9.0;A01
20982;201400014039;0;33;0;0.0;0.0;0.0;21.0;B01
20983;201400014040;0;34;0;0.0;2.0;2.0;2.0;A01
20984;201400014040;0;10;0;0.0;2.0;7.0;16.0;B01
20985;201400014041;0;7;0;4.0;2.0;8.0;9.0;A01
20986;201400014041;0;7;0;0.0;2.0;7.0;2.0;B01
20987;201400014042;0;7;0;0.0;2.0;7.0;11.0;A01
20988;201400014042;0;7;0;8.0;2.0;1.0;2.0;B01
20989;201400014043;1;30;0;0.0;1.0;0.0;0.0;Z01
20990;201400014044;0;2;0;0.0;2.0;1.0;0.0;A01
20991;201400014044;0;1;0;0.0;2.0;4.0;19.0;B01
20992;201400014045;0;7;0;6.0;0.0;3.0;14.0;A01
20993;201400014046;0;10;0;0.0;2.0;2.0;9.0;A01
20994;201400014046;0;32;0;0.0;2.0;8.0;2.0;B01
20995;201400014047;0;7;0;0.0;2.0;3.0;1.0;B01
20996;201400014047;0;7;0;0.0;2.0;2.0;1.0;A01
20997;201400014048;0;7;0;8.0;0.0;2.0;0.0;A01
20998;201400014049;0;7;0;0.0;2.0;5.0;10.0;A01
20999;201400014049;0;31;0;0.0;2.0;8.0;21.0;B01
21000;201400014050;0;7;0;0.0;2.0;7.0;15.0;A01
21001;201400014050;0;30;0;0.0;0.0;1.0;1.0;B01
21002;201400014051;0;7;0;0.0;2.0;4.0;1.0;B01
21003;201400014051;1;7;0;0.0;2.0;1.0;1.0;Z01
21004;201400014052;1;7;0;0.0;0.0;0.0;1.0;Z01
21005;201400014052;0;1;0;0.0;2.0;8.0;1.0;B01
21006;201400014053;0;7;0;0.0;1.0;1.0;1.0;A01
21007;201400014054;0;7;0;0.0;9.0;8.0;15.0;B01
21008;201400014054;0;1;0;0.0;2.0;1.0;17.0;A01
21009;201400014055;0;10;0;0.0;1.0;1.0;1.0;A01
21010;201400014056;1;7;0;0.0;1.0;0.0;1.0;Z01
21011;201400014057;1;30;0;0.0;1.0;0.0;0.0;Z01
21012;201400014058;0;30;0;0.0;1.0;1.0;1.0;A01
21013;201400014059;0;7;0;0.0;2.0;3.0;13.0;A01
21014;201400014059;0;7;0;0.0;2.0;3.0;0.0;B01
21015;201400014060;0;32;0;8.0;0.0;1.0;1.0;A01
21016;201400014061;0;7;0;0.0;2.0;3.0;15.0;B01
21017;201400014061;0;30;0;0.0;2.0;2.0;17.0;A01
21018;201400014062;0;7;0;0.0;1.0;1.0;1.0;A01
21019;201400014063;0;7;0;0.0;2.0;1.0;1.0;A01
21020;201400014063;0;7;0;0.0;2.0;4.0;1.0;B01
21021;201400014064;0;30;0;0.0;2.0;1.0;1.0;B01
21022;201400014064;1;7;0;0.0;2.0;0.0;1.0;Z01
21023;201400014065;0;32;0;0.0;0.0;0.0;16.0;A01
21024;201400014066;0;30;0;0.0;2.0;4.0;2.0;B01
21025;201400014066;0;7;0;0.0;2.0;1.0;2.0;A01
21026;201400014067;0;7;0;0.0;2.0;2.0;0.0;A01
21027;201400014067;0;32;0;0.0;2.0;1.0;1.0;B01
21028;201400014068;1;7;0;0.0;2.0;8.0;15.0;Z01
21029;201400014068;0;7;0;0.0;2.0;9.0;5.0;A01
21030;201400014068;0;7;0;0.0;2.0;8.0;1.0;B01
21031;201400014069;0;7;0;0.0;2.0;1.0;23.0;B01
21032;201400014069;1;7;0;0.0;0.0;4.0;4.0;Z01
21033;201400014070;0;1;0;0.0;2.0;4.0;1.0;A01
21034;201400014070;1;7;0;0.0;2.0;1.0;15.0;Z01
21035;201400014071;0;7;0;0.0;2.0;7.0;1.0;A01
21036;201400014071;0;7;0;0.0;2.0;3.0;1.0;B01
21037;201400014072;0;7;0;0.0;1.0;1.0;1.0;A01
21038;201400014073;0;7;0;0.0;1.0;5.0;1.0;A01
21039;201400014074;0;10;0;0.0;2.0;3.0;16.0;A01
21040;201400014074;0;7;0;0.0;2.0;5.0;16.0;B01
21041;201400014075;0;7;0;0.0;2.0;4.0;1.0;A01
21042;201400014075;1;33;0;0.0;0.0;0.0;0.0;Z01
21043;201400014076;0;7;0;0.0;1.0;1.0;1.0;A01
21044;201400014077;0;30;0;0.0;2.0;1.0;1.0;A01
21045;201400014077;0;7;0;0.0;0.0;0.0;16.0;B01
21046;201400014078;0;7;0;0.0;2.0;3.0;9.0;A01
21047;201400014078;0;33;0;0.0;2.0;5.0;1.0;B01
21048;201400014079;0;7;0;0.0;2.0;2.0;9.0;A01
21049;201400014079;0;30;0;0.0;2.0;7.0;5.0;B01
21050;201400014080;1;7;0;0.0;1.0;1.0;1.0;Z01
21051;201400014081;1;7;0;0.0;2.0;2.0;2.0;Z01
21052;201400014081;0;7;0;0.0;2.0;6.0;2.0;B01
21053;201400014082;0;7;0;0.0;0.0;1.0;0.0;A01
21054;201400014083;0;7;0;13.0;0.0;1.0;1.0;A01
21055;201400014084;0;7;0;0.0;2.0;8.0;10.0;A01
21056;201400014084;0;3;0;0.0;2.0;2.0;1.0;B01
21057;201400014086;0;7;0;0.0;2.0;1.0;1.0;A01
21058;201400014086;0;7;0;0.0;2.0;2.0;1.0;B01
21059;201400014087;1;7;0;0.0;1.0;0.0;1.0;Z01
21060;201400014088;0;7;0;0.0;2.0;0.0;10.0;A01
21061;201400014088;0;33;0;0.0;2.0;0.0;2.0;B01
21062;201400014089;2;7;0;0.0;2.0;1.0;2.0;A01
21063;201400014089;0;7;0;0.0;2.0;4.0;23.0;B01
21064;201400014089;0;7;0;0.0;2.0;4.0;23.0;C01
21065;201400014090;0;32;0;0.0;2.0;1.0;1.0;A01
21066;201400014090;0;7;0;0.0;2.0;2.0;12.0;B01
21067;201400014091;0;32;0;0.0;2.0;7.0;1.0;B01
21068;201400014091;0;7;0;0.0;2.0;3.0;9.0;A01
21069;201400014092;0;30;0;0.0;2.0;3.0;1.0;A01
21070;201400014092;1;7;0;0.0;0.0;0.0;0.0;Z01
21071;201400014093;1;7;0;0.0;2.0;0.0;0.0;Z01
21072;201400014093;0;7;0;0.0;2.0;4.0;2.0;A01
21073;201400014094;0;34;0;0.0;2.0;1.0;1.0;B01
21074;201400014094;0;7;0;0.0;2.0;5.0;15.0;A01
21075;201400014095;0;33;0;0.0;2.0;1.0;17.0;A01
21076;201400014095;0;7;0;0.0;2.0;8.0;13.0;B01
21077;201400014096;0;2;0;0.0;2.0;1.0;17.0;A01
21078;201400014096;0;7;0;0.0;2.0;3.0;15.0;B01
21079;201400014097;0;7;0;0.0;1.0;1.0;1.0;A01
21080;201400014098;0;7;0;0.0;2.0;1.0;2.0;A01
21081;201400014098;0;7;0;0.0;2.0;5.0;16.0;B01
21082;201400014099;0;7;0;0.0;2.0;6.0;2.0;B01
21083;201400014099;1;7;0;0.0;2.0;1.0;2.0;Z01
21084;201400014100;0;7;0;0.0;2.0;1.0;2.0;A01
21085;201400014100;0;7;0;0.0;0.0;4.0;2.0;B01
21086;201400014101;1;7;0;0.0;1.0;0.0;1.0;Z01
21087;201400014102;0;7;0;0.0;1.0;1.0;0.0;A01
21088;201400014103;0;7;0;0.0;2.0;8.0;15.0;A01
21089;201400014103;0;33;0;0.0;2.0;1.0;2.0;B01
21090;201400014105;0;7;0;0.0;2.0;3.0;9.0;A01
21091;201400014105;0;34;0;0.0;2.0;1.0;1.0;B01
21092;201400014106;0;30;0;0.0;2.0;2.0;6.0;A01
21093;201400014106;0;7;0;0.0;2.0;3.0;2.0;B01
21094;201400014107;0;7;0;0.0;2.0;4.0;4.0;A01
21095;201400014107;0;7;0;0.0;2.0;1.0;1.0;B01
21096;201400014108;0;7;0;0.0;2.0;8.0;10.0;A01
21097;201400014108;0;7;0;1.0;2.0;3.0;13.0;B01
21098;201400014108;0;7;0;0.0;2.0;3.0;1.0;C01
21099;201400014109;0;31;0;0.0;2.0;1.0;1.0;B01
21100;201400014109;0;7;0;0.0;2.0;7.0;1.0;A01
21101;201400014110;0;37;1;0.0;2.0;2.0;19.0;B01
21102;201400014110;0;7;0;0.0;2.0;1.0;1.0;A01
21103;201400014111;0;32;0;0.0;2.0;1.0;0.0;A01
21104;201400014111;0;7;0;0.0;2.0;1.0;23.0;B01
21105;201400014112;0;7;0;0.0;2.0;2.0;19.0;A01
21106;201400014112;0;32;0;0.0;2.0;8.0;1.0;B01
21107;201400014113;0;7;0;0.0;2.0;1.0;2.0;A01
21108;201400014113;0;7;0;0.0;2.0;8.0;2.0;B01
21109;201400014113;0;7;0;0.0;2.0;4.0;2.0;C01
21110;201400014114;0;34;0;0.0;2.0;3.0;0.0;A01
21111;201400014114;0;7;0;0.0;2.0;3.0;0.0;B01
21112;201400014115;1;30;0;0.0;1.0;0.0;0.0;Z01
21113;201400014116;0;7;0;0.0;0.0;1.0;1.0;B01
21114;201400014116;0;7;0;0.0;0.0;7.0;9.0;A01
21115;201400014117;0;37;44;1.0;0.0;2.0;2.0;A01
21116;201400014117;0;10;0;0.0;0.0;4.0;23.0;B01
21117;201400014118;0;10;0;0.0;2.0;1.0;2.0;A01
21118;201400014118;0;7;0;0.0;2.0;4.0;2.0;B01
21119;201400014119;0;31;0;0.0;2.0;1.0;1.0;A01
21120;201400014119;0;7;0;0.0;2.0;3.0;2.0;B01
21121;201400014120;0;7;0;0.0;2.0;3.0;1.0;B01
21122;201400014120;1;7;0;0.0;2.0;0.0;0.0;Z01
21123;201400014121;1;7;0;0.0;0.0;0.0;9.0;Z01
21124;201400014121;0;32;0;0.0;2.0;0.0;1.0;B01
21125;201400014122;0;7;0;0.0;2.0;7.0;2.0;A01
21126;201400014122;0;7;0;0.0;2.0;3.0;2.0;B01
21127;201400014123;0;7;0;14.0;0.0;8.0;2.0;A01
21128;201400014123;0;7;0;0.0;0.0;6.0;2.0;B01
21129;201400014124;0;7;0;0.0;2.0;7.0;24.0;B01
21130;201400014124;0;7;0;0.0;2.0;1.0;21.0;A01
21131;201400014126;0;7;0;0.0;2.0;6.0;12.0;B01
21132;201400014126;0;7;0;0.0;2.0;2.0;2.0;A01
21133;201400014127;0;7;0;0.0;2.0;4.0;4.0;A01
21134;201400014127;0;37;2;0.0;2.0;3.0;1.0;B01
21135;201400014128;0;33;0;0.0;2.0;1.0;2.0;A01
21136;201400014128;0;7;0;0.0;2.0;5.0;1.0;B01
21137;201400014129;0;7;0;0.0;2.0;4.0;3.0;A01
21138;201400014129;0;16;0;0.0;2.0;2.0;2.0;B01
21139;201400014129;0;7;0;0.0;2.0;6.0;2.0;C01
21140;201400014131;0;7;0;0.0;2.0;1.0;2.0;A01
21141;201400014131;0;7;0;0.0;2.0;4.0;23.0;B01
21142;201400014132;0;10;0;0.0;2.0;5.0;22.0;A01
21143;201400014132;0;7;0;0.0;2.0;3.0;2.0;B01
21144;201400014133;0;7;0;0.0;1.0;1.0;2.0;A01
21145;201400014134;0;34;0;0.0;2.0;1.0;0.0;B01
21146;201400014134;0;7;0;0.0;2.0;3.0;0.0;A01
21147;201400014136;0;7;0;0.0;2.0;3.0;1.0;B01
21148;201400014136;1;7;0;0.0;2.0;1.0;5.0;Z01
21149;201400014137;0;7;0;0.0;2.0;1.0;13.0;A01
21150;201400014137;0;7;0;0.0;2.0;3.0;1.0;B01
21151;201400014139;1;7;0;0.0;2.0;1.0;0.0;Z01
21152;201400014139;0;7;0;0.0;2.0;4.0;1.0;A01
21153;201400014140;0;31;0;0.0;2.0;7.0;2.0;B01
21154;201400014140;0;7;0;0.0;2.0;8.0;9.0;A01
21155;201400014141;0;7;0;0.0;2.0;3.0;1.0;A01
21156;201400014141;0;7;0;0.0;2.0;2.0;1.0;B01
21157;201400014142;0;31;0;0.0;1.0;1.0;1.0;A01
21158;201400014143;1;13;0;0.0;1.0;1.0;0.0;Z01
21159;201400014144;0;32;0;0.0;1.0;1.0;1.0;A01
21160;201400014145;0;7;0;0.0;2.0;3.0;10.0;A01
21161;201400014145;0;32;0;0.0;2.0;1.0;17.0;B01
21162;201400014148;0;34;0;0.0;2.0;1.0;1.0;B01
21163;201400014148;0;7;0;0.0;2.0;8.0;9.0;A01
21164;201400014149;0;7;0;0.0;2.0;5.0;1.0;A01
21165;201400014149;1;7;0;0.0;2.0;1.0;1.0;Z01
21166;201400014150;0;7;0;0.0;2.0;7.0;16.0;B01
21167;201400014150;0;33;0;0.0;2.0;3.0;1.0;A01
21168;201400014152;0;34;0;0.0;0.0;0.0;1.0;A01
21169;201400014153;0;7;0;0.0;2.0;2.0;0.0;B01
21170;201400014153;0;2;0;0.0;2.0;6.0;0.0;A01
21171;201400014157;0;7;0;0.0;2.0;7.0;9.0;A01
21172;201400014157;0;31;0;0.0;2.0;7.0;17.0;B01
21173;201400014158;0;7;0;0.0;2.0;1.0;2.0;A01
21174;201400014158;0;7;0;0.0;2.0;4.0;2.0;B01
21175;201400014159;0;7;0;0.0;2.0;1.0;9.0;A01
21176;201400014159;0;31;0;0.0;2.0;2.0;1.0;B01
21177;201400014160;0;7;0;0.0;2.0;1.0;2.0;A01
21178;201400014160;0;7;0;0.0;2.0;4.0;2.0;B01
21179;201400014160;0;7;0;0.0;2.0;1.0;2.0;C01
21180;201400014161;0;34;0;0.0;0.0;1.0;1.0;A01
21181;201400014163;0;33;0;0.0;2.0;1.0;5.0;A01
21182;201400014163;0;7;0;0.0;2.0;3.0;9.0;B01
21183;201400014164;0;7;0;0.0;2.0;1.0;2.0;A01
21184;201400014164;0;2;0;0.0;2.0;4.0;2.0;B01
21185;201400014165;0;7;0;0.0;9.0;1.0;16.0;A01
21186;201400014166;0;7;0;0.0;2.0;5.0;5.0;A01
21187;201400014166;0;7;0;0.0;2.0;2.0;1.0;B01
21188;201400014167;0;7;0;0.0;2.0;1.0;2.0;A01
21189;201400014167;0;7;0;0.0;2.0;4.0;2.0;B01
21190;201400014168;0;30;0;0.0;2.0;1.0;1.0;A01
21191;201400014168;0;7;0;0.0;2.0;3.0;15.0;B01
21192;201400014169;0;32;0;0.0;2.0;1.0;17.0;A01
21193;201400014169;0;7;0;0.0;2.0;3.0;0.0;B01
21194;201400014170;0;7;0;0.0;2.0;1.0;9.0;A01
21195;201400014170;0;32;0;0.0;2.0;1.0;0.0;B01
21196;201400014171;0;33;0;0.0;2.0;1.0;17.0;A01
21197;201400014171;0;7;0;0.0;2.0;2.0;1.0;B01
21198;201400014172;0;7;0;0.0;2.0;3.0;9.0;B01
21199;201400014172;0;7;0;0.0;2.0;3.0;21.0;A01
21200;201400014173;0;7;0;0.0;2.0;1.0;1.0;A01
21201;201400014173;0;7;0;0.0;2.0;8.0;1.0;B01
21202;201400014174;0;7;0;0.0;2.0;5.0;1.0;B01
21203;201400014174;0;2;0;0.0;2.0;1.0;2.0;A01
21204;201400014175;0;7;0;0.0;2.0;3.0;1.0;B01
21205;201400014175;0;7;0;0.0;2.0;1.0;1.0;A01
21206;201400014176;0;7;0;0.0;0.0;1.0;0.0;A01
21207;201400014177;0;7;0;0.0;2.0;3.0;1.0;A01
21208;201400014177;0;33;0;0.0;2.0;1.0;1.0;B01
21209;201400014178;0;33;0;0.0;2.0;1.0;2.0;A01
21210;201400014178;0;7;0;0.0;2.0;4.0;1.0;B01
21211;201400014179;0;7;0;0.0;2.0;2.0;1.0;B01
21212;201400014179;1;7;0;0.0;2.0;0.0;1.0;Z01
21213;201400014181;0;7;0;0.0;2.0;1.0;1.0;A01
21214;201400014181;0;7;0;0.0;2.0;4.0;1.0;B01
21215;201400014182;0;7;0;0.0;2.0;8.0;15.0;B01
21216;201400014182;0;7;0;0.0;2.0;3.0;1.0;A01
21217;201400014183;0;10;0;0.0;0.0;0.0;17.0;A01
21218;201400014183;0;32;0;0.0;0.0;0.0;17.0;B01
21219;201400014184;0;7;0;0.0;2.0;1.0;0.0;A01
21220;201400014184;0;7;0;0.0;2.0;4.0;1.0;B01
21221;201400014185;0;33;0;0.0;2.0;1.0;2.0;B01
21222;201400014185;1;7;0;0.0;0.0;4.0;2.0;Z01
21223;201400014186;0;7;0;0.0;2.0;7.0;1.0;B01
21224;201400014186;0;7;0;0.0;2.0;0.0;5.0;A01
21225;201400014187;0;7;0;0.0;2.0;3.0;1.0;A01
21226;201400014187;0;7;0;0.0;2.0;2.0;1.0;B01
21227;201400014189;1;7;0;0.0;2.0;3.0;15.0;Z01
21228;201400014189;0;2;0;0.0;2.0;1.0;1.0;B01
21229;201400014190;0;7;0;0.0;2.0;1.0;2.0;A01
21230;201400014190;0;7;0;0.0;2.0;4.0;1.0;B01
21231;201400014191;0;34;0;0.0;2.0;1.0;1.0;A01
21232;201400014191;0;7;0;0.0;2.0;6.0;23.0;B01
21233;201400014192;0;7;0;0.0;2.0;1.0;15.0;A01
21234;201400014192;0;33;0;0.0;2.0;8.0;17.0;B01
21235;201400014194;0;7;0;0.0;1.0;1.0;1.0;A01
21236;201400014195;0;33;0;0.0;1.0;4.0;4.0;A01
21237;201400014196;0;7;0;0.0;2.0;8.0;22.0;A01
21238;201400014196;0;30;0;0.0;2.0;7.0;1.0;B01
21239;201400014197;0;7;0;0.0;2.0;1.0;15.0;A01
21240;201400014197;0;34;0;0.0;2.0;1.0;1.0;B01
21241;201400014198;0;7;0;0.0;2.0;3.0;9.0;A01
21242;201400014198;0;2;0;0.0;2.0;1.0;1.0;B01
21243;201400014200;0;30;0;0.0;2.0;1.0;2.0;A01
21244;201400014200;0;32;0;0.0;2.0;6.0;2.0;B01
21245;201400014201;1;7;0;0.0;1.0;1.0;0.0;Z01
21246;201400014202;0;7;0;0.0;2.0;4.0;0.0;B01