;Num_Acc;senc;catv;occutc;obs;obsm;choc;manv;num_veh
21247;201400014202;0;7;0;0.0;1.0;1.0;1.0;A01
21248;201400014204;0;7;0;0.0;2.0;1.0;2.0;A01
21249;201400014204;0;7;0;0.0;2.0;5.0;1.0;B01
21250;201400014205;0;7;0;0.0;2.0;3.0;15.0;B01
21251;201400014205;0;33;0;0.0;2.0;5.0;17.0;A01
21252;201400014207;0;7;0;0.0;2.0;3.0;9.0;A01
21253;201400014207;0;7;0;0.0;2.0;2.0;0.0;B01
21254;201400014209;0;33;0;0.0;0.0;7.0;0.0;A01
21255;201400014210;0;30;0;0.0;2.0;1.0;1.0;B01
21256;201400014210;0;7;0;0.0;1.0;7.0;16.0;A01
21257;201400014211;0;7;0;0.0;2.0;9.0;17.0;A01
21258;201400014211;0;7;0;0.0;2.0;1.0;1.0;B01
21259;201400014212;0;7;0;0.0;2.0;1.0;9.0;A01
21260;201400014212;0;30;0;0.0;2.0;9.0;1.0;B01
21261;201400014213;0;7;0;0.0;2.0;5.0;16.0;A01
21262;201400014213;0;33;0;0.0;2.0;3.0;16.0;B01
21263;201400014215;0;7;0;0.0;2.0;1.0;2.0;A01
21264;201400014215;0;7;0;0.0;2.0;4.0;2.0;C01
21265;201400014215;0;7;0;0.0;2.0;4.0;2.0;B01
21266;201400014217;0;7;0;0.0;2.0;5.0;1.0;B01
21267;201400014217;0;30;0;0.0;2.0;1.0;1.0;A01
21268;201400014218;0;33;0;10.0;0.0;1.0;0.0;A01
21269;201400014219;0;2;0;14.0;0.0;3.0;18.0;A01
21270;201400014219;0;10;0;0.0;0.0;5.0;23.0;B01
21271;201400014220;0;33;0;1.0;0.0;2.0;1.0;A01
21272;201400014221;0;32;0;0.0;2.0;5.0;23.0;A01
21273;201400014221;1;7;0;0.0;2.0;4.0;0.0;Z01
21274;201400014222;0;7;0;0.0;2.0;7.0;9.0;A01
21275;201400014222;0;7;0;0.0;2.0;2.0;1.0;B01
21276;201400014223;0;7;0;0.0;2.0;3.0;17.0;A01
21277;201400014223;0;34;0;0.0;2.0;7.0;17.0;B01
21278;201400014224;0;7;0;0.0;2.0;1.0;2.0;A01
21279;201400014224;0;7;0;0.0;2.0;4.0;2.0;B01
21280;201400014225;0;33;0;0.0;2.0;3.0;1.0;B01
21281;201400014225;0;7;0;0.0;2.0;6.0;15.0;A01
21282;201400014226;1;7;0;0.0;2.0;1.0;2.0;Z01
21283;201400014226;0;7;0;0.0;2.0;4.0;2.0;A01
21284;201400014227;0;10;0;0.0;2.0;8.0;15.0;A01
21285;201400014227;0;1;0;0.0;2.0;1.0;1.0;B01
21286;201400014229;0;33;0;0.0;2.0;1.0;2.0;B01
21287;201400014229;1;7;0;0.0;2.0;4.0;4.0;Z01
21288;201400014230;1;99;0;0.0;2.0;2.0;0.0;Z01
21289;201400014230;0;34;0;0.0;2.0;1.0;0.0;B01
21290;201400014232;0;7;0;0.0;2.0;1.0;2.0;A01
21291;201400014232;0;7;0;0.0;2.0;4.0;2.0;B01
21292;201400014233;0;7;0;0.0;1.0;2.0;0.0;A01
21293;201400014234;0;34;0;0.0;2.0;7.0;0.0;A01
21294;201400014234;0;7;0;0.0;2.0;1.0;1.0;B01
21295;201400014235;0;7;0;0.0;2.0;0.0;1.0;A01
21296;201400014235;0;7;0;0.0;2.0;7.0;1.0;B01
21297;201400014236;0;7;0;0.0;2.0;1.0;2.0;A01
21298;201400014236;0;7;0;0.0;2.0;4.0;2.0;B01
21299;201400014237;0;31;0;0.0;2.0;0.0;17.0;A01
21300;201400014237;0;7;0;0.0;2.0;0.0;1.0;C01
21301;201400014237;0;7;0;0.0;2.0;8.0;1.0;B01
21302;201400014238;0;7;0;0.0;2.0;1.0;1.0;B01
21303;201400014238;0;7;0;0.0;2.0;3.0;16.0;A01
21304;201400014239;1;7;0;0.0;1.0;3.0;1.0;Z01
21305;201400014240;0;7;0;0.0;2.0;1.0;2.0;A01
21306;201400014240;0;7;0;0.0;2.0;4.0;2.0;B01
21307;201400014240;0;7;0;0.0;2.0;4.0;2.0;C01
21308;201400014241;0;34;0;0.0;2.0;1.0;1.0;B01
21309;201400014241;0;7;0;0.0;2.0;1.0;9.0;A01
21310;201400014242;0;7;0;0.0;4.0;6.0;1.0;B01
21311;201400014242;0;7;0;0.0;2.0;1.0;1.0;C01
21312;201400014242;0;7;0;0.0;2.0;1.0;15.0;A01
21313;201400014243;0;17;0;0.0;1.0;6.0;1.0;A01
21314;201400014244;0;3;0;1.0;0.0;2.0;14.0;A01
21315;201400014245;0;7;0;0.0;2.0;1.0;9.0;A01
21316;201400014245;0;33;0;0.0;2.0;3.0;2.0;B01
21317;201400014246;0;7;0;0.0;1.0;1.0;5.0;A01
21318;201400014247;0;30;0;0.0;2.0;1.0;17.0;A01
21319;201400014247;0;7;0;0.0;2.0;6.0;9.0;B01
21320;201400014248;0;40;0;0.0;2.0;2.0;1.0;B01
21321;201400014248;0;7;0;0.0;4.0;8.0;1.0;A01
21322;201400014250;0;1;0;0.0;2.0;7.0;17.0;B01
21323;201400014250;0;7;0;0.0;2.0;8.0;17.0;A01
21324;201400014251;0;7;0;0.0;2.0;5.0;16.0;B01
21325;201400014251;0;2;0;0.0;2.0;1.0;7.0;A01
21326;201400014252;0;7;0;0.0;1.0;7.0;15.0;A01
21327;201400014253;0;7;0;0.0;2.0;3.0;15.0;A01
21328;201400014253;0;31;0;0.0;2.0;1.0;1.0;B01
21329;201400014254;0;7;0;0.0;2.0;1.0;2.0;A01
21330;201400014254;0;7;0;0.0;2.0;4.0;1.0;B01
21331;201400014255;0;33;0;0.0;2.0;1.0;2.0;A01
21332;201400014255;0;30;0;0.0;2.0;4.0;2.0;B01
21333;201400014256;0;7;0;0.0;1.0;4.0;4.0;A01
21334;201400014257;0;30;0;0.0;2.0;1.0;1.0;B01
21335;201400014257;0;7;0;0.0;2.0;1.0;15.0;A01
21336;201400014258;0;7;0;0.0;2.0;1.0;1.0;A01
21337;201400014258;0;7;0;0.0;2.0;1.0;1.0;B01
21338;201400014259;0;7;0;0.0;0.0;9.0;1.0;A01
21339;201400014260;0;7;0;0.0;2.0;5.0;1.0;A01
21340;201400014260;0;32;0;0.0;2.0;1.0;1.0;B01
21341;201400014261;0;7;0;0.0;2.0;8.0;0.0;B01
21342;201400014261;0;7;0;0.0;2.0;7.0;0.0;A01
21343;201400014262;0;7;0;0.0;2.0;5.0;2.0;B01
21344;201400014262;0;7;0;0.0;2.0;1.0;2.0;A01
21345;201400014263;0;7;0;0.0;2.0;3.0;5.0;A01
21346;201400014263;0;7;0;0.0;2.0;6.0;0.0;B01
21347;201400014263;0;7;0;0.0;2.0;7.0;5.0;C01
21348;201400014264;0;7;0;0.0;2.0;5.0;1.0;B01
21349;201400014264;0;7;0;1.0;2.0;5.0;2.0;C01
21350;201400014264;0;7;0;0.0;2.0;2.0;2.0;A01
21351;201400014265;0;33;0;0.0;2.0;1.0;1.0;B01
21352;201400014265;0;7;0;0.0;2.0;7.0;15.0;A01
21353;201400014266;0;2;0;0.0;2.0;3.0;12.0;A01
21354;201400014266;0;32;0;0.0;2.0;3.0;13.0;B01
21355;201400014267;0;13;0;0.0;2.0;6.0;1.0;B01
21356;201400014267;0;7;0;0.0;2.0;0.0;13.0;A01
21357;201400014269;1;7;0;0.0;1.0;0.0;0.0;Z01
21358;201400014270;0;33;0;0.0;2.0;1.0;2.0;A01
21359;201400014270;0;7;0;0.0;2.0;4.0;2.0;B01
21360;201400014271;0;7;0;0.0;2.0;8.0;15.0;A01
21361;201400014271;0;32;0;0.0;2.0;1.0;17.0;B01
21362;201400014272;0;7;0;0.0;1.0;2.0;2.0;A01
21363;201400014275;0;7;0;0.0;2.0;2.0;16.0;B01
21364;201400014275;0;30;0;0.0;2.0;1.0;5.0;A01
21365;201400014276;0;2;0;14.0;0.0;8.0;1.0;A01
21366;201400014277;0;7;0;0.0;1.0;3.0;1.0;A01
21367;201400014278;0;2;0;0.0;2.0;1.0;1.0;B01
21368;201400014278;0;7;0;0.0;2.0;3.0;11.0;A01
21369;201400014279;0;7;0;0.0;2.0;2.0;1.0;A01
21370;201400014279;1;7;0;0.0;2.0;0.0;9.0;Z01
21371;201400014280;0;10;0;1.0;0.0;3.0;0.0;A01
21372;201400014280;0;7;0;0.0;2.0;6.0;0.0;B01
21373;201400014281;0;7;0;0.0;2.0;2.0;15.0;A01
21374;201400014281;1;7;0;0.0;2.0;4.0;0.0;Z01
21375;201400014282;0;2;0;0.0;0.0;0.0;2.0;A01
21376;201400014283;0;7;0;10.0;0.0;9.0;1.0;A01
21377;201400014284;0;33;0;0.0;2.0;1.0;1.0;A01
21378;201400014284;0;7;0;0.0;2.0;3.0;19.0;B01
21379;201400014285;0;7;0;0.0;2.0;3.0;19.0;B01
21380;201400014285;0;32;0;0.0;2.0;1.0;17.0;A01
21381;201400014286;0;32;0;0.0;2.0;1.0;1.0;B01
21382;201400014286;0;7;0;0.0;2.0;3.0;10.0;A01
21383;201400014287;0;7;0;0.0;1.0;2.0;1.0;A01
21384;201400014288;0;1;0;0.0;2.0;8.0;1.0;B01
21385;201400014288;0;37;1;0.0;2.0;2.0;14.0;A01
21386;201400014290;0;7;0;0.0;2.0;3.0;10.0;A01
21387;201400014290;0;30;0;0.0;2.0;2.0;2.0;B01
21388;201400014291;0;10;0;0.0;2.0;2.0;10.0;A01
21389;201400014291;0;31;0;0.0;2.0;1.0;1.0;B01
21390;201400014292;0;7;0;0.0;2.0;1.0;2.0;B01
21391;201400014292;0;7;0;0.0;2.0;4.0;2.0;A01
21392;201400014293;0;15;0;0.0;1.0;8.0;1.0;A01
21393;201400014295;0;30;0;0.0;2.0;0.0;17.0;A01
21394;201400014295;0;7;0;0.0;2.0;3.0;15.0;B01
21395;201400014296;0;30;0;0.0;2.0;1.0;0.0;A01
21396;201400014296;0;7;0;0.0;2.0;5.0;1.0;B01
21397;201400014297;0;34;0;0.0;1.0;1.0;1.0;A01
21398;201400014298;0;10;0;0.0;2.0;2.0;1.0;B01
21399;201400014298;0;30;0;0.0;2.0;1.0;1.0;A01
21400;201400014299;0;7;0;0.0;2.0;3.0;11.0;A01
21401;201400014299;0;33;0;0.0;2.0;7.0;1.0;B01
21402;201400014300;0;7;0;12.0;0.0;2.0;1.0;A01
21403;201400014301;0;7;0;0.0;2.0;1.0;15.0;A01
21404;201400014301;0;7;0;0.0;2.0;7.0;1.0;B01
21405;201400014302;0;7;0;0.0;1.0;7.0;15.0;A01
21406;201400014303;0;7;0;0.0;2.0;7.0;1.0;B01
21407;201400014303;0;7;0;0.0;2.0;1.0;13.0;A01
21408;201400014304;1;99;0;0.0;0.0;0.0;0.0;Z01
21409;201400014304;0;32;0;0.0;2.0;3.0;0.0;A01
21410;201400014305;0;7;0;0.0;2.0;1.0;17.0;A01
21411;201400014305;0;7;0;0.0;2.0;8.0;1.0;B01
21412;201400014306;0;30;0;0.0;1.0;2.0;1.0;A01
21413;201400014307;0;30;0;0.0;2.0;1.0;1.0;B01
21414;201400014307;0;7;0;0.0;2.0;3.0;15.0;A01
21415;201400014308;0;34;0;0.0;2.0;7.0;1.0;B01
21416;201400014308;0;7;0;0.0;2.0;3.0;9.0;A01
21417;201400014309;0;17;0;0.0;2.0;4.0;2.0;B01
21418;201400014309;0;10;0;0.0;2.0;2.0;2.0;A01
21419;201400014310;0;37;2;0.0;2.0;1.0;1.0;B01
21420;201400014310;0;7;0;0.0;2.0;3.0;13.0;A01
21421;201400014311;0;7;0;0.0;2.0;3.0;9.0;A01
21422;201400014311;0;34;0;0.0;2.0;2.0;1.0;B01
21423;201400014312;0;32;0;15.0;0.0;1.0;1.0;A01
21424;201400014313;0;7;0;0.0;2.0;6.0;4.0;A01
21425;201400014313;0;7;0;0.0;2.0;3.0;1.0;B01
21426;201400014314;0;7;0;0.0;1.0;2.0;14.0;A01
21427;201400014318;0;7;0;0.0;2.0;7.0;1.0;B01
21428;201400014318;0;37;1;8.0;2.0;2.0;1.0;A01
21429;201400014319;0;7;0;0.0;2.0;1.0;13.0;A01
21430;201400014319;0;7;0;0.0;2.0;7.0;1.0;B01
21431;201400014320;0;7;0;0.0;2.0;6.0;1.0;B01
21432;201400014320;1;7;0;0.0;2.0;1.0;1.0;Z01
21433;201400014321;0;33;0;0.0;2.0;7.0;2.0;B01
21434;201400014321;0;7;0;0.0;2.0;3.0;9.0;A01
21435;201400014322;0;7;0;0.0;1.0;3.0;1.0;A01
21436;201400014323;0;7;0;0.0;2.0;8.0;23.0;C01
21437;201400014323;0;1;0;0.0;2.0;1.0;0.0;B01
21438;201400014323;0;34;0;0.0;2.0;2.0;0.0;A01
21439;201400014324;0;7;0;0.0;2.0;8.0;1.0;B01
21440;201400014324;0;7;0;0.0;2.0;3.0;1.0;D01
21441;201400014324;0;7;0;0.0;2.0;3.0;23.0;C01
21442;201400014324;0;7;0;0.0;2.0;1.0;9.0;A01
21443;201400014325;0;7;0;11.0;0.0;1.0;0.0;A01
21444;201400014326;0;33;0;2.0;0.0;8.0;0.0;A01
21445;201400014327;0;10;0;0.0;2.0;7.0;2.0;A01
21446;201400014327;0;32;0;0.0;2.0;4.0;18.0;B01
21447;201400014328;0;7;0;0.0;2.0;2.0;2.0;A01
21448;201400014328;1;7;0;0.0;2.0;1.0;0.0;Z01
21449;201400014330;0;7;0;0.0;2.0;3.0;13.0;A01
21450;201400014330;0;33;0;0.0;2.0;1.0;1.0;B01
21451;201400014331;0;7;0;0.0;1.0;1.0;11.0;A01
21452;201400014333;0;7;0;0.0;2.0;4.0;2.0;C01
21453;201400014333;0;7;0;0.0;2.0;4.0;2.0;B01
21454;201400014333;0;7;0;0.0;2.0;1.0;2.0;A01
21455;201400014334;0;7;0;0.0;2.0;3.0;1.0;D01
21456;201400014334;0;10;0;0.0;2.0;0.0;1.0;F02
21457;201400014334;0;33;0;0.0;2.0;1.0;1.0;B01
21458;201400014334;0;2;0;0.0;2.0;8.0;1.0;C01
21459;201400014334;0;7;0;0.0;2.0;2.0;9.0;A01
21460;201400014334;0;7;0;0.0;2.0;2.0;1.0;E01
21461;201400014335;1;7;0;0.0;2.0;2.0;15.0;Z01
21462;201400014335;0;32;0;0.0;2.0;1.0;1.0;A01
21463;201400014336;0;7;0;0.0;2.0;8.0;10.0;A01
21464;201400014336;0;34;0;0.0;2.0;1.0;1.0;B01
21465;201400014337;0;34;0;0.0;2.0;7.0;1.0;B01
21466;201400014337;2;7;0;0.0;2.0;2.0;0.0;Z01
21467;201400014338;1;7;0;0.0;0.0;7.0;0.0;Z01
21468;201400014338;0;7;0;0.0;2.0;1.0;1.0;B01
21469;201400014339;0;32;0;0.0;2.0;1.0;2.0;A01
21470;201400014339;0;10;0;0.0;2.0;4.0;2.0;B01
21471;201400014340;0;37;1;0.0;9.0;2.0;1.0;B01
21472;201400014340;0;1;0;0.0;2.0;8.0;3.0;A01
21473;201400014341;0;7;0;0.0;2.0;1.0;2.0;A01
21474;201400014341;0;7;0;0.0;2.0;4.0;2.0;B01
21475;201400014342;0;7;0;0.0;2.0;2.0;1.0;A01
21476;201400014342;0;32;0;0.0;2.0;8.0;1.0;B01
21477;201400014343;0;7;0;0.0;1.0;1.0;1.0;A01
21478;201400014344;0;34;0;0.0;2.0;1.0;17.0;A01
21479;201400014344;0;7;0;0.0;2.0;6.0;15.0;B01
21480;201400014345;0;30;0;0.0;0.0;0.0;21.0;A01
21481;201400014346;0;32;0;0.0;2.0;2.0;1.0;B01
21482;201400014346;0;7;0;0.0;2.0;3.0;11.0;A01
21483;201400014347;0;7;0;0.0;2.0;6.0;15.0;A01
21484;201400014347;0;30;0;0.0;2.0;1.0;17.0;B01
21485;201400014348;0;7;0;1.0;0.0;1.0;19.0;A01
21486;201400014349;0;37;1;0.0;1.0;2.0;8.0;A01
21487;201400014350;0;7;0;0.0;2.0;5.0;1.0;B01
21488;201400014350;0;7;0;0.0;2.0;8.0;11.0;A01
21489;201400014351;0;7;0;0.0;2.0;5.0;1.0;B01
21490;201400014351;0;7;0;0.0;2.0;1.0;21.0;A01
21491;201400014352;0;7;0;0.0;1.0;3.0;1.0;A01
21492;201400014353;0;14;0;0.0;2.0;8.0;1.0;A01
21493;201400014353;0;37;2;0.0;2.0;4.0;15.0;B01
21494;201400014354;0;30;0;0.0;2.0;1.0;17.0;A01
21495;201400014354;0;7;0;0.0;2.0;0.0;9.0;B01
21496;201400014355;0;2;0;0.0;2.0;1.0;1.0;B01
21497;201400014355;0;7;0;0.0;2.0;3.0;10.0;A01
21498;201400014356;0;7;0;0.0;1.0;1.0;0.0;A01
21499;201400014357;0;7;0;0.0;2.0;1.0;15.0;A01
21500;201400014357;0;32;0;0.0;2.0;1.0;1.0;B01
21501;201400014358;0;7;0;0.0;2.0;1.0;19.0;A01
21502;201400014359;0;7;0;0.0;1.0;4.0;4.0;A01
21503;201400014360;0;30;0;0.0;2.0;1.0;1.0;B01
21504;201400014360;0;7;0;0.0;2.0;2.0;15.0;A01
21505;201400014361;0;7;0;0.0;2.0;2.0;1.0;B01
21506;201400014361;0;7;0;0.0;2.0;3.0;21.0;A01
21507;201400014362;0;7;0;0.0;2.0;2.0;2.0;A01
21508;201400014362;0;7;0;0.0;2.0;6.0;16.0;B01
21509;201400014363;0;32;0;0.0;2.0;5.0;1.0;B01
21510;201400014363;0;7;0;0.0;2.0;1.0;9.0;A01
21511;201400014364;0;31;0;0.0;2.0;4.0;2.0;B01
21512;201400014364;0;7;0;0.0;2.0;1.0;2.0;A01
21513;201400014365;0;7;0;0.0;2.0;1.0;2.0;A01
21514;201400014365;0;7;0;0.0;2.0;4.0;2.0;B01
21515;201400014366;0;37;1;0.0;1.0;2.0;1.0;A01
21516;201400014367;0;7;0;0.0;2.0;4.0;2.0;B01
21517;201400014367;0;15;0;0.0;2.0;1.0;2.0;A01
21518;201400014368;0;37;1;0.0;2.0;1.0;2.0;A01
21519;201400014368;0;7;0;0.0;2.0;4.0;2.0;B01
21520;201400014369;0;33;0;0.0;2.0;7.0;1.0;B01
21521;201400014369;0;7;0;0.0;2.0;3.0;9.0;A01
21522;201400014369;0;7;0;0.0;2.0;8.0;1.0;C01
21523;201400014370;0;7;0;0.0;1.0;3.0;1.0;A01
21524;201400014372;0;7;0;0.0;2.0;1.0;1.0;B01
21525;201400014372;0;7;0;0.0;2.0;5.0;2.0;A01
21526;201400014373;0;7;0;2.0;0.0;1.0;0.0;A01
21527;201400014374;0;7;0;0.0;1.0;1.0;2.0;A01
21528;201400014375;0;30;0;0.0;2.0;1.0;1.0;A01
21529;201400014375;0;33;0;0.0;2.0;7.0;9.0;B01
21530;201400014376;0;7;0;0.0;1.0;1.0;1.0;A01
21531;201400014377;0;33;0;12.0;0.0;1.0;0.0;A01
21532;201400014378;0;7;0;0.0;2.0;3.0;1.0;B01
21533;201400014378;0;10;0;0.0;5.0;7.0;12.0;A01
21534;201400014379;0;7;0;0.0;2.0;8.0;1.0;A01
21535;201400014379;0;32;0;0.0;2.0;1.0;1.0;B01
21536;201400014381;0;30;0;0.0;1.0;1.0;21.0;A01
21537;201400014382;0;10;0;0.0;2.0;7.0;9.0;A01
21538;201400014382;0;7;0;0.0;2.0;8.0;18.0;B01
21539;201400014383;0;7;0;0.0;2.0;2.0;0.0;A01
21540;201400014383;0;34;0;0.0;2.0;3.0;1.0;B01
21541;201400014384;1;7;0;0.0;2.0;4.0;15.0;Z01
21542;201400014384;0;7;0;0.0;2.0;1.0;2.0;A01
21543;201400014384;0;7;0;0.0;2.0;4.0;2.0;B01
21544;201400014385;0;33;0;0.0;0.0;0.0;1.0;A01
21545;201400014386;0;7;0;0.0;1.0;0.0;1.0;A01
21546;201400014387;0;7;0;1.0;0.0;8.0;9.0;A01
21547;201400014387;0;7;0;0.0;0.0;1.0;1.0;B01
21548;201400014388;0;7;0;0.0;2.0;5.0;23.0;B01
21549;201400014388;0;30;0;0.0;2.0;1.0;1.0;A01
21550;201400014389;0;2;0;0.0;2.0;1.0;0.0;A01
21551;201400014389;0;1;0;0.0;2.0;0.0;0.0;B01
21552;201400014390;0;34;0;8.0;0.0;9.0;0.0;A01
21553;201400014390;0;7;0;0.0;0.0;0.0;0.0;B01
21554;201400014391;1;32;0;0.0;1.0;0.0;0.0;Z01
21555;201400014392;0;33;0;0.0;2.0;3.0;1.0;A01
21556;201400014392;0;7;0;0.0;2.0;5.0;1.0;B01
21557;201400014393;0;7;0;0.0;2.0;3.0;0.0;A01
21558;201400014393;0;31;0;0.0;2.0;0.0;13.0;B01
21559;201400014394;0;7;0;0.0;2.0;2.0;1.0;B01
21560;201400014394;0;10;0;0.0;2.0;3.0;19.0;A01
21561;201400014395;1;7;0;0.0;1.0;0.0;15.0;Z01
21562;201400014396;0;7;0;0.0;2.0;8.0;0.0;A01
21563;201400014396;1;7;0;0.0;2.0;2.0;0.0;Z01
21564;201400014397;0;7;0;0.0;1.0;0.0;0.0;A01
21565;201400014398;0;7;0;0.0;2.0;1.0;1.0;A01
21566;201400014398;0;7;0;0.0;2.0;4.0;1.0;B01
21567;201400014399;0;32;0;0.0;9.0;8.0;1.0;A01
21568;201400014400;0;7;0;0.0;2.0;0.0;13.0;A01
21569;201400014400;0;7;0;0.0;2.0;8.0;1.0;B01
21570;201400014401;0;7;0;0.0;2.0;1.0;1.0;B01
21571;201400014401;0;7;0;0.0;2.0;6.0;15.0;A01
21572;201400014402;1;7;0;0.0;2.0;0.0;15.0;Z01
21573;201400014402;0;31;0;0.0;2.0;1.0;1.0;B01
21574;201400014403;0;30;0;2.0;2.0;1.0;17.0;A01
21575;201400014403;0;7;0;0.0;2.0;3.0;15.0;B01
21576;201400014404;0;7;0;0.0;2.0;2.0;12.0;A01
21577;201400014404;0;7;0;0.0;2.0;6.0;23.0;B01
21578;201400014405;0;7;0;0.0;2.0;1.0;16.0;A01
21579;201400014405;0;33;0;0.0;2.0;1.0;16.0;B01
21580;201400014406;0;7;0;0.0;2.0;2.0;1.0;B01
21581;201400014406;0;7;0;0.0;2.0;8.0;1.0;A01
21582;201400014407;0;7;0;0.0;2.0;7.0;1.0;C01
21583;201400014407;0;33;0;0.0;2.0;7.0;17.0;A01
21584;201400014407;0;7;0;0.0;2.0;8.0;24.0;B01
21585;201400014408;0;32;0;0.0;2.0;1.0;1.0;B01
21586;201400014408;0;7;0;0.0;2.0;3.0;9.0;A01
21587;201400014409;0;7;0;0.0;2.0;5.0;1.0;B01
21588;201400014409;0;7;0;0.0;2.0;3.0;1.0;A01
21589;201400014410;0;33;0;0.0;1.0;7.0;14.0;A01
21590;201400014411;0;7;0;0.0;2.0;6.0;22.0;A01
21591;201400014411;0;30;0;0.0;2.0;1.0;17.0;B01
21592;201400014412;0;33;0;0.0;2.0;1.0;1.0;B01
21593;201400014412;0;30;0;0.0;2.0;1.0;0.0;A01
21594;201400014413;0;7;0;0.0;2.0;4.0;23.0;A01
21595;201400014413;1;7;0;0.0;2.0;1.0;1.0;Z01
21596;201400014415;0;30;0;0.0;0.0;0.0;1.0;A01
21597;201400014416;0;32;0;0.0;2.0;1.0;0.0;B01
21598;201400014416;0;34;0;0.0;2.0;7.0;15.0;A01
21599;201400014417;0;7;0;0.0;2.0;3.0;1.0;B01
21600;201400014417;0;32;0;0.0;0.0;9.0;17.0;A01
21601;201400014418;0;7;0;0.0;2.0;3.0;10.0;A01
21602;201400014418;0;34;0;0.0;2.0;1.0;1.0;B01
21603;201400014419;0;33;0;0.0;2.0;7.0;0.0;B01
21604;201400014419;0;7;0;0.0;2.0;3.0;10.0;A01
21605;201400014420;0;7;0;8.0;1.0;6.0;1.0;B01
21606;201400014420;0;7;0;0.0;2.0;3.0;1.0;A01
21607;201400014421;1;7;0;0.0;2.0;3.0;0.0;Z01
21608;201400014421;0;99;0;0.0;2.0;1.0;1.0;B01
21609;201400014422;0;7;0;0.0;2.0;3.0;15.0;B01
21610;201400014422;0;33;0;0.0;2.0;3.0;15.0;A01
21611;201400014423;0;30;0;0.0;2.0;1.0;2.0;A01
21612;201400014423;0;10;0;0.0;2.0;4.0;15.0;B01
21613;201400014424;0;7;0;0.0;1.0;1.0;1.0;A01
21614;201400014425;0;10;0;0.0;2.0;3.0;10.0;A01
21615;201400014425;0;32;0;0.0;2.0;1.0;2.0;B01
21616;201400014426;0;7;0;0.0;2.0;7.0;1.0;A01
21617;201400014426;0;7;0;0.0;2.0;3.0;15.0;B01
21618;201400014427;0;7;0;0.0;2.0;1.0;5.0;A01
21619;201400014427;0;31;0;0.0;2.0;1.0;1.0;B01
21620;201400014429;0;7;0;0.0;2.0;3.0;15.0;B01
21621;201400014429;0;32;0;0.0;2.0;1.0;2.0;A01
21622;201400014430;0;34;0;0.0;0.0;0.0;0.0;A01
21623;201400014432;0;7;0;0.0;1.0;1.0;1.0;A01
21624;201400014433;0;7;0;0.0;1.0;2.0;1.0;A01
21625;201400014434;0;7;0;0.0;2.0;1.0;1.0;A01
21626;201400014434;0;7;0;0.0;2.0;4.0;1.0;B01
21627;201400014435;0;7;0;0.0;2.0;4.0;2.0;B01
21628;201400014435;0;7;0;0.0;2.0;1.0;2.0;A01
21629;201400014436;0;7;0;0.0;1.0;1.0;1.0;A01
21630;201400014437;0;2;0;0.0;2.0;1.0;17.0;A01
21631;201400014437;0;7;0;0.0;2.0;3.0;11.0;B01
21632;201400014438;0;2;0;0.0;2.0;8.0;0.0;A01
21633;201400014438;1;7;0;0.0;2.0;1.0;0.0;Z01
21634;201400014440;0;30;0;0.0;0.0;0.0;0.0;A01
21635;201400014441;0;7;0;0.0;2.0;1.0;1.0;B01
21636;201400014441;0;33;0;0.0;2.0;1.0;13.0;A01
21637;201400014442;0;31;0;0.0;1.0;1.0;14.0;A01
21638;201400014443;0;33;0;0.0;0.0;1.0;0.0;A01
21639;201400014444;1;7;0;0.0;2.0;1.0;19.0;Z01
21640;201400014444;0;30;0;0.0;2.0;8.0;1.0;B01
21641;201400014445;0;7;0;0.0;1.0;1.0;1.0;A01
21642;201400014446;0;7;0;0.0;2.0;1.0;1.0;B01
21643;201400014446;0;7;0;0.0;2.0;8.0;19.0;A01
21644;201400014447;0;7;0;0.0;2.0;3.0;1.0;A01
21645;201400014447;0;7;0;0.0;2.0;2.0;15.0;B01
21646;201400014448;0;33;0;0.0;2.0;3.0;1.0;B01
21647;201400014448;0;7;0;0.0;2.0;3.0;15.0;A01
21648;201400014449;0;34;0;0.0;2.0;1.0;1.0;B01
21649;201400014449;0;7;0;0.0;2.0;2.0;15.0;A01
21650;201400014450;0;7;0;0.0;1.0;1.0;1.0;A01
21651;201400014451;0;7;0;0.0;2.0;3.0;1.0;A01
21652;201400014451;0;10;0;0.0;2.0;6.0;1.0;B01
21653;201400014452;0;7;0;0.0;2.0;2.0;9.0;A01
21654;201400014452;0;33;0;0.0;2.0;1.0;1.0;B01
21655;201400014453;0;7;0;0.0;2.0;9.0;9.0;A01
21656;201400014453;0;7;0;0.0;2.0;5.0;1.0;B01
21657;201400014454;0;33;0;0.0;1.0;1.0;1.0;A01
21658;201400014455;0;7;0;0.0;2.0;3.0;2.0;C01
21659;201400014455;0;7;0;0.0;2.0;3.0;9.0;B01
21660;201400014455;0;30;0;0.0;2.0;1.0;2.0;A01
21661;201400014456;0;7;0;0.0;2.0;3.0;1.0;B01
21662;201400014456;0;7;0;0.0;2.0;2.0;3.0;A01
21663;201400014457;0;40;0;0.0;1.0;1.0;1.0;A01
21664;201400014458;0;3;0;0.0;2.0;4.0;1.0;B01
21665;201400014458;0;3;0;0.0;2.0;1.0;2.0;A01
21666;201400014459;0;7;0;0.0;1.0;1.0;15.0;A01
21667;201400014460;0;7;0;0.0;1.0;2.0;1.0;A01