;Num_Acc;senc;catv;occutc;obs;obsm;choc;manv;num_veh
21668;201400014461;0;7;0;0.0;1.0;6.0;1.0;A01
21669;201400014462;1;7;0;0.0;1.0;0.0;0.0;Z01
21670;201400014463;0;7;0;0.0;1.0;1.0;1.0;A01
21671;201400014464;0;33;0;0.0;2.0;1.0;1.0;B01
21672;201400014464;0;7;0;0.0;2.0;4.0;9.0;A01
21673;201400014465;0;31;0;0.0;9.0;3.0;17.0;A01
21674;201400014466;0;7;0;0.0;2.0;4.0;2.0;B01
21675;201400014466;0;30;0;0.0;2.0;1.0;2.0;A01
21676;201400014467;0;34;0;0.0;2.0;7.0;17.0;A01
21677;201400014467;0;7;0;0.0;2.0;8.0;1.0;B01
21678;201400014468;0;30;0;0.0;2.0;1.0;2.0;A01
21679;201400014468;0;7;0;0.0;2.0;4.0;2.0;B01
21680;201400014469;0;30;0;0.0;2.0;1.0;1.0;A01
21681;201400014469;0;7;0;0.0;2.0;4.0;1.0;B01
21682;201400014470;0;30;0;0.0;2.0;0.0;0.0;B01
21683;201400014471;0;30;0;0.0;2.0;1.0;1.0;B01
21684;201400014471;0;7;0;0.0;2.0;1.0;13.0;A01
21685;201400014472;0;30;0;0.0;2.0;7.0;1.0;B01
21686;201400014472;0;7;0;0.0;2.0;3.0;15.0;A01
21687;201400014473;0;34;0;0.0;2.0;1.0;5.0;A01
21688;201400014473;0;33;0;0.0;2.0;1.0;1.0;B01
21689;201400014474;0;7;0;0.0;2.0;1.0;2.0;A01
21690;201400014474;0;7;0;0.0;2.0;4.0;2.0;B01
21691;201400014475;0;7;0;0.0;2.0;3.0;15.0;B01
21692;201400014475;0;30;0;0.0;2.0;1.0;1.0;A01
21693;201400014476;0;7;0;0.0;2.0;6.0;15.0;B01
21694;201400014476;0;30;0;0.0;2.0;1.0;17.0;A01
21695;201400014477;0;1;0;1.0;0.0;3.0;1.0;A01
21696;201400014478;0;7;0;0.0;2.0;8.0;9.0;A01
21697;201400014478;0;30;0;0.0;2.0;1.0;1.0;B01
21698;201400014479;1;7;0;0.0;1.0;0.0;1.0;Z01
21699;201400014480;0;2;0;0.0;0.0;1.0;1.0;A01
21700;201400014481;0;7;0;0.0;0.0;6.0;0.0;A01
21701;201400014482;1;99;0;0.0;1.0;1.0;15.0;Z01
21702;201400014483;1;7;0;0.0;2.0;1.0;1.0;Z01
21703;201400014483;0;7;0;0.0;2.0;7.0;1.0;B01
21704;201400014484;0;7;0;0.0;1.0;1.0;16.0;A01
21705;201400014485;0;34;0;0.0;9.0;7.0;1.0;A01
21706;201400014487;0;34;0;0.0;0.0;3.0;21.0;A01
21707;201400014489;0;7;0;0.0;2.0;1.0;2.0;A01
21708;201400014489;1;7;0;0.0;2.0;1.0;2.0;Z01
21709;201400014489;0;7;0;0.0;2.0;4.0;2.0;B01
21710;201400014490;0;7;0;0.0;2.0;1.0;1.0;B01
21711;201400014490;0;7;0;0.0;2.0;7.0;15.0;A01
21712;201400014491;0;7;0;0.0;2.0;1.0;1.0;A01
21713;201400014491;0;33;0;1.0;2.0;1.0;1.0;B01
21714;201400014492;0;33;0;0.0;2.0;1.0;1.0;B01
21715;201400014492;0;7;0;0.0;2.0;8.0;15.0;A01
21716;201400014493;0;30;0;0.0;2.0;1.0;1.0;B01
21717;201400014493;0;30;0;0.0;2.0;7.0;1.0;A01
21718;201400014494;0;30;0;0.0;2.0;1.0;2.0;A01
21719;201400014494;0;30;0;0.0;2.0;4.0;2.0;B01
21720;201400014497;1;30;0;0.0;1.0;1.0;1.0;Z01
21721;201400014498;0;7;0;0.0;2.0;6.0;15.0;B01
21722;201400014498;0;30;0;0.0;2.0;2.0;2.0;A01
21723;201400014499;0;7;0;0.0;2.0;2.0;23.0;B01
21724;201400014499;0;33;0;0.0;2.0;7.0;21.0;A01
21725;201400014500;0;7;0;2.0;0.0;3.0;0.0;A01
21726;201400014501;0;7;0;0.0;1.0;1.0;1.0;A01
21727;201400014502;0;7;0;0.0;2.0;1.0;1.0;B01
21728;201400014502;0;31;0;0.0;2.0;1.0;1.0;A01
21729;201400014504;0;32;0;0.0;2.0;1.0;1.0;B01
21730;201400014504;0;7;0;0.0;2.0;3.0;15.0;A01
21731;201400014505;0;7;0;0.0;2.0;4.0;1.0;B01
21732;201400014505;0;10;0;0.0;2.0;1.0;1.0;A01
21733;201400014506;0;17;0;0.0;2.0;4.0;4.0;A01
21734;201400014506;0;7;0;0.0;2.0;8.0;1.0;B01
21735;201400014507;0;34;0;0.0;1.0;1.0;13.0;A01
21736;201400014508;0;32;0;0.0;2.0;1.0;0.0;B01
21737;201400014508;0;7;0;0.0;2.0;0.0;0.0;A01
21738;201400014509;0;7;0;0.0;2.0;4.0;1.0;B01
21739;201400014509;0;30;0;0.0;2.0;1.0;1.0;A01
21740;201400014510;1;3;0;0.0;1.0;0.0;0.0;Z01
21741;201400014512;0;7;0;0.0;2.0;1.0;1.0;B01
21742;201400014512;0;7;0;0.0;2.0;2.0;15.0;A01
21743;201400014513;0;7;0;0.0;2.0;8.0;1.0;B01
21744;201400014513;0;7;0;0.0;2.0;1.0;15.0;A01
21745;201400014514;0;33;0;0.0;2.0;4.0;2.0;B01
21746;201400014514;0;37;1;0.0;2.0;1.0;2.0;A01
21747;201400014516;0;7;0;0.0;2.0;1.0;1.0;A01
21748;201400014516;0;7;0;0.0;2.0;1.0;1.0;B01
21749;201400014517;0;32;0;0.0;2.0;3.0;1.0;A01
21750;201400014517;0;1;0;0.0;2.0;4.0;19.0;B01
21751;201400014518;0;32;0;0.0;2.0;2.0;2.0;B01
21752;201400014518;0;7;0;0.0;2.0;3.0;15.0;A01
21753;201400014519;0;32;0;0.0;2.0;3.0;2.0;A01
21754;201400014519;0;7;0;0.0;2.0;6.0;1.0;B01
21755;201400014520;0;33;0;0.0;0.0;9.0;1.0;A01
21756;201400014521;0;30;0;0.0;2.0;1.0;15.0;B01
21757;201400014521;0;7;0;0.0;2.0;2.0;9.0;A01
21758;201400014522;0;32;0;0.0;2.0;2.0;1.0;A01
21759;201400014522;1;7;0;0.0;2.0;3.0;15.0;Z01
21760;201400014523;0;7;0;0.0;2.0;3.0;2.0;B01
21761;201400014523;0;7;0;0.0;2.0;2.0;21.0;A01
21762;201400014524;0;2;0;0.0;0.0;8.0;1.0;A01
21763;201400014525;0;10;0;0.0;2.0;1.0;1.0;A01
21764;201400014525;0;7;0;0.0;2.0;4.0;1.0;B01
21765;201400014526;0;7;0;0.0;2.0;1.0;1.0;B01
21766;201400014526;2;7;0;0.0;4.0;1.0;15.0;A01
21767;201400014527;0;34;0;0.0;2.0;1.0;1.0;B01
21768;201400014527;0;2;0;0.0;2.0;1.0;15.0;A01
21769;201400014528;0;34;0;0.0;2.0;1.0;2.0;A01
21770;201400014528;0;7;0;0.0;2.0;5.0;2.0;B01
21771;201400014529;0;32;0;0.0;2.0;7.0;17.0;A01
21772;201400014529;0;7;0;0.0;2.0;3.0;13.0;B01
21773;201400014530;0;31;0;0.0;2.0;7.0;17.0;A01
21774;201400014530;0;7;0;0.0;2.0;6.0;15.0;B01
21775;201400014532;0;2;0;0.0;0.0;7.0;1.0;A01
21776;201400014533;0;7;0;0.0;1.0;1.0;1.0;A01
21777;201400014534;0;33;0;0.0;2.0;1.0;1.0;B01
21778;201400014534;0;7;0;0.0;2.0;3.0;10.0;A01
21779;201400014535;0;32;0;0.0;2.0;8.0;1.0;B01
21780;201400014535;0;7;0;0.0;2.0;3.0;9.0;A01
21781;201400014536;0;7;0;0.0;2.0;4.0;1.0;B01
21782;201400014536;0;7;0;0.0;2.0;1.0;1.0;A01
21783;201400014538;1;10;0;0.0;2.0;0.0;9.0;Z01
21784;201400014538;0;32;0;0.0;2.0;7.0;1.0;B01
21785;201400014539;0;7;0;0.0;1.0;1.0;16.0;A01
21786;201400014540;0;2;0;0.0;1.0;1.0;1.0;A01
21787;201400014541;0;7;0;0.0;2.0;8.0;9.0;A01
21788;201400014541;0;7;0;0.0;2.0;1.0;1.0;B01
21789;201400014542;0;7;0;0.0;1.0;6.0;1.0;A01
21790;201400014543;1;7;0;0.0;2.0;0.0;1.0;Z01
21791;201400014543;0;30;0;0.0;2.0;1.0;1.0;B01
21792;201400014544;0;33;0;0.0;2.0;8.0;1.0;B01
21793;201400014544;0;34;0;0.0;2.0;1.0;14.0;A01
21794;201400014545;0;7;0;0.0;2.0;1.0;1.0;B01
21795;201400014545;0;30;0;0.0;2.0;2.0;1.0;A01
21796;201400014546;0;7;0;0.0;2.0;3.0;8.0;A01
21797;201400014546;0;34;0;0.0;2.0;2.0;1.0;B01
21798;201400014547;0;7;0;0.0;2.0;4.0;2.0;B01
21799;201400014547;0;7;0;0.0;2.0;1.0;1.0;A01
21800;201400014549;0;7;0;0.0;2.0;1.0;15.0;A01
21801;201400014549;0;2;0;0.0;2.0;8.0;1.0;B01
21802;201400014550;0;7;0;0.0;1.0;4.0;1.0;A01
21803;201400014551;0;10;0;0.0;2.0;4.0;1.0;B01
21804;201400014551;0;7;0;0.0;2.0;1.0;2.0;A01
21805;201400014552;0;30;0;1.0;0.0;1.0;11.0;A01
21806;201400014552;1;7;0;0.0;2.0;4.0;24.0;Z01
21807;201400014553;0;7;0;0.0;2.0;3.0;1.0;A01
21808;201400014553;0;7;0;0.0;2.0;2.0;1.0;B01
21809;201400014554;0;34;0;0.0;2.0;7.0;0.0;B01
21810;201400014554;0;34;0;0.0;2.0;1.0;0.0;A01
21811;201400014555;0;7;0;0.0;2.0;3.0;9.0;B01
21812;201400014555;0;7;0;0.0;2.0;1.0;9.0;A01
21813;201400014556;0;7;0;0.0;1.0;3.0;1.0;A01
21814;201400014557;1;7;0;0.0;2.0;0.0;1.0;Z01
21815;201400014557;0;7;0;0.0;2.0;3.0;1.0;B01
21816;201400014559;0;7;0;0.0;2.0;1.0;2.0;B01
21817;201400014559;0;7;0;0.0;2.0;4.0;2.0;A01
21818;201400014560;0;7;0;0.0;2.0;1.0;11.0;A01
21819;201400014560;0;7;0;0.0;2.0;1.0;1.0;B01
21820;201400014561;0;7;0;0.0;2.0;8.0;1.0;A01
21821;201400014561;0;7;0;0.0;2.0;6.0;1.0;B01
21822;201400014562;0;32;0;0.0;2.0;3.0;1.0;A01
21823;201400014562;0;7;0;0.0;2.0;4.0;11.0;B01
21824;201400014563;0;7;0;0.0;2.0;1.0;1.0;A01
21825;201400014563;0;7;0;0.0;2.0;4.0;23.0;B01
21826;201400014564;0;34;0;0.0;2.0;2.0;21.0;A01
21827;201400014564;1;7;0;0.0;2.0;3.0;1.0;Z01
21828;201400014565;0;32;0;12.0;0.0;1.0;0.0;A01
21829;201400014566;1;7;0;0.0;2.0;0.0;1.0;Z01
21830;201400014566;0;30;0;0.0;2.0;7.0;1.0;A01
21831;201400014567;0;7;0;0.0;2.0;0.0;0.0;A01
21832;201400014567;0;1;0;0.0;2.0;0.0;0.0;B01
21833;201400014568;0;7;0;1.0;2.0;1.0;1.0;B01
21834;201400014568;0;7;0;0.0;2.0;1.0;5.0;A01
21835;201400014571;0;7;0;0.0;1.0;3.0;1.0;A01
21836;201400014572;0;7;0;0.0;2.0;1.0;1.0;B01
21837;201400014572;0;7;0;0.0;2.0;1.0;5.0;A01
21838;201400014573;0;10;0;0.0;2.0;1.0;1.0;A01
21839;201400014573;0;37;12;0.0;2.0;2.0;1.0;B01
21840;201400014574;0;7;0;0.0;2.0;1.0;2.0;A01
21841;201400014574;0;7;0;0.0;2.0;4.0;1.0;B01
21842;201400014576;0;7;0;0.0;2.0;1.0;1.0;A01
21843;201400014576;0;7;0;0.0;2.0;2.0;1.0;B01
21844;201400014577;0;30;0;0.0;2.0;1.0;1.0;A01
21845;201400014577;0;7;0;0.0;2.0;4.0;1.0;B01
21846;201400014578;0;7;0;0.0;2.0;4.0;2.0;B01
21847;201400014578;0;7;0;0.0;2.0;5.0;2.0;C01
21848;201400014578;0;7;0;0.0;2.0;1.0;2.0;A01
21849;201400014578;0;7;0;0.0;2.0;4.0;2.0;D01
21850;201400014579;0;7;0;0.0;2.0;3.0;24.0;B01
21851;201400014579;0;7;0;1.0;0.0;2.0;2.0;A01
21852;201400014580;0;7;0;8.0;0.0;1.0;15.0;A01
21853;201400014581;1;7;0;0.0;1.0;0.0;0.0;Z01
21854;201400014582;0;7;0;0.0;2.0;1.0;1.0;A01
21855;201400014582;0;7;0;0.0;2.0;4.0;1.0;B01
21856;201400014583;1;7;0;0.0;1.0;0.0;1.0;Z01
21857;201400014584;0;7;0;0.0;2.0;2.0;1.0;B01
21858;201400014584;0;7;0;0.0;2.0;2.0;20.0;A01
21859;201400014585;2;7;0;6.0;0.0;1.0;0.0;A01
21860;201400014586;0;2;0;12.0;0.0;0.0;14.0;A01
21861;201400014587;0;34;0;0.0;2.0;0.0;15.0;B01
21862;201400014587;0;30;0;0.0;2.0;3.0;21.0;A01
21863;201400014588;0;7;0;0.0;2.0;5.0;19.0;B01
21864;201400014588;0;7;0;0.0;2.0;1.0;2.0;A01
21865;201400014589;1;7;0;0.0;1.0;0.0;0.0;Z01
21866;201400014590;0;30;0;0.0;2.0;1.0;1.0;B01
21867;201400014590;0;7;0;0.0;2.0;3.0;13.0;A01
21868;201400014591;0;7;0;0.0;1.0;1.0;1.0;A01
21869;201400014592;0;7;0;0.0;2.0;4.0;2.0;B01
21870;201400014592;0;7;0;0.0;2.0;1.0;2.0;A01
21871;201400014593;0;7;0;0.0;1.0;1.0;1.0;A01
21872;201400014594;0;7;0;0.0;2.0;7.0;1.0;B01
21873;201400014594;0;7;0;0.0;2.0;1.0;16.0;A01
21874;201400014595;0;7;0;0.0;2.0;2.0;15.0;A01
21875;201400014595;0;7;0;0.0;2.0;1.0;2.0;C01
21876;201400014595;0;30;0;0.0;2.0;1.0;1.0;B01
21877;201400014596;0;7;0;0.0;2.0;3.0;15.0;A01
21878;201400014596;0;7;0;0.0;2.0;3.0;1.0;B01
21879;201400014597;0;7;0;0.0;1.0;0.0;1.0;A01
21880;201400014598;0;15;0;0.0;2.0;1.0;1.0;A01
21881;201400014598;0;7;0;0.0;2.0;8.0;1.0;B01
21882;201400014599;0;7;0;0.0;2.0;2.0;1.0;A01
21883;201400014599;0;7;0;0.0;2.0;4.0;15.0;B01
21884;201400014600;0;7;0;0.0;2.0;4.0;2.0;C01
21885;201400014600;0;7;0;0.0;2.0;1.0;2.0;A01
21886;201400014600;0;7;0;0.0;2.0;4.0;2.0;B01
21887;201400014601;0;7;0;15.0;0.0;1.0;1.0;A01
21888;201400014602;0;32;0;0.0;2.0;1.0;1.0;B01
21889;201400014602;0;7;0;0.0;2.0;7.0;1.0;A01
21890;201400014603;0;32;0;0.0;2.0;1.0;17.0;A01
21891;201400014603;0;7;0;0.0;2.0;8.0;15.0;B01
21892;201400014604;0;7;0;0.0;2.0;8.0;9.0;A01
21893;201400014604;0;32;0;0.0;2.0;1.0;10.0;B01
21894;201400014605;1;7;0;0.0;2.0;4.0;15.0;Z01
21895;201400014605;0;2;0;0.0;2.0;1.0;0.0;A01
21896;201400014606;0;30;0;0.0;2.0;7.0;2.0;B01
21897;201400014606;0;7;0;0.0;2.0;3.0;2.0;A01
21898;201400014607;0;1;0;0.0;2.0;1.0;1.0;A01
21899;201400014607;0;7;0;0.0;2.0;8.0;22.0;B01
21900;201400014608;0;33;0;0.0;2.0;3.0;2.0;A01
21901;201400014608;0;10;0;0.0;2.0;7.0;15.0;B01
21902;201400014609;0;7;0;0.0;2.0;7.0;15.0;B01
21903;201400014609;0;34;0;0.0;2.0;0.0;1.0;A01
21904;201400014610;0;7;0;13.0;0.0;8.0;13.0;A01
21905;201400014611;0;7;0;0.0;1.0;1.0;1.0;A01
21906;201400014612;0;7;0;0.0;1.0;2.0;1.0;A01
21907;201400014613;0;31;0;0.0;2.0;2.0;1.0;A01
21908;201400014614;0;33;0;4.0;0.0;2.0;0.0;A01
21909;201400014615;0;7;0;0.0;2.0;1.0;2.0;A01
21910;201400014615;0;37;1;0.0;2.0;4.0;2.0;B01
21911;201400014616;0;32;0;0.0;9.0;2.0;1.0;A01
21912;201400014617;0;32;0;0.0;2.0;8.0;9.0;A01
21913;201400014617;0;32;0;0.0;2.0;0.0;1.0;B01
21914;201400014618;0;34;0;0.0;9.0;8.0;1.0;A01
21915;201400014619;0;7;0;0.0;2.0;3.0;23.0;C01
21916;201400014619;0;7;0;0.0;2.0;3.0;1.0;B01
21917;201400014619;0;7;0;0.0;2.0;2.0;9.0;A01
21918;201400014620;0;32;0;0.0;2.0;4.0;1.0;B01
21919;201400014620;1;7;0;0.0;2.0;1.0;1.0;Z01
21920;201400014621;0;7;0;0.0;2.0;1.0;2.0;A01
21921;201400014621;0;33;0;0.0;2.0;4.0;23.0;B01
21922;201400014622;0;7;0;0.0;2.0;1.0;12.0;A01
21923;201400014622;0;7;0;0.0;2.0;4.0;24.0;B01
21924;201400014623;0;7;0;0.0;2.0;7.0;16.0;A01
21925;201400014623;0;37;30;0.0;2.0;3.0;1.0;B01
21926;201400014624;0;7;0;0.0;1.0;1.0;1.0;A01
21927;201400014625;0;7;0;0.0;2.0;4.0;23.0;B01
21928;201400014625;0;33;0;0.0;2.0;1.0;2.0;A01
21929;201400014626;0;7;0;0.0;2.0;3.0;9.0;B01
21930;201400014626;0;33;0;0.0;2.0;1.0;1.0;A01
21931;201400014627;0;32;0;0.0;2.0;1.0;1.0;B01
21932;201400014627;0;7;0;0.0;2.0;3.0;15.0;A01
21933;201400014628;0;31;0;0.0;1.0;1.0;1.0;A01
21934;201400014629;0;7;0;0.0;2.0;1.0;15.0;B01
21935;201400014629;0;30;0;0.0;2.0;1.0;18.0;A01
21936;201400014630;0;7;0;0.0;1.0;3.0;1.0;A01
21937;201400014631;0;32;0;0.0;2.0;8.0;1.0;A01
21938;201400014631;0;30;0;0.0;2.0;3.0;1.0;B01
21939;201400014632;0;34;0;0.0;2.0;1.0;1.0;A01
21940;201400014632;0;7;0;0.0;2.0;6.0;15.0;B01
21941;201400014633;0;7;0;0.0;2.0;1.0;2.0;A01
21942;201400014633;0;7;0;0.0;2.0;4.0;1.0;B01
21943;201400014634;0;7;0;0.0;2.0;3.0;9.0;B01
21944;201400014634;0;33;0;0.0;2.0;1.0;3.0;A01
21945;201400014635;0;7;0;0.0;2.0;3.0;15.0;B01
21946;201400014635;0;34;0;0.0;2.0;1.0;17.0;A01
21947;201400014636;0;7;0;1.0;0.0;1.0;14.0;A01
21948;201400014637;0;7;0;0.0;1.0;3.0;1.0;A01
21949;201400014638;1;7;0;0.0;2.0;1.0;13.0;Z01
21950;201400014638;0;2;0;0.0;2.0;1.0;21.0;A01
21951;201400014639;0;32;0;0.0;2.0;7.0;17.0;B01
21952;201400014639;0;7;0;0.0;2.0;1.0;15.0;A01
21953;201400014640;0;7;0;0.0;2.0;1.0;1.0;A01
21954;201400014640;0;7;0;0.0;2.0;4.0;1.0;B01
21955;201400014641;0;7;0;0.0;1.0;1.0;1.0;A01
21956;201400014642;0;7;0;0.0;2.0;3.0;1.0;B01
21957;201400014642;0;2;0;0.0;2.0;1.0;1.0;A01
21958;201400014643;0;37;10;0.0;1.0;2.0;7.0;A01
21959;201400014644;0;7;0;8.0;2.0;3.0;1.0;B01
21960;201400014644;0;7;0;0.0;2.0;1.0;1.0;A01
21961;201400014646;0;33;0;0.0;2.0;8.0;2.0;A01
21962;201400014646;0;7;0;0.0;2.0;2.0;2.0;B01
21963;201400014647;0;7;0;0.0;1.0;1.0;15.0;A01
21964;201400014648;1;7;0;0.0;1.0;7.0;0.0;Z01
21965;201400014649;0;7;0;0.0;2.0;4.0;0.0;B01
21966;201400014649;0;7;0;0.0;2.0;1.0;2.0;A01
21967;201400014650;0;7;0;0.0;2.0;7.0;15.0;A01
21968;201400014650;0;2;0;0.0;2.0;1.0;1.0;B01
21969;201400014651;0;7;0;0.0;2.0;4.0;15.0;B01
21970;201400014651;0;7;0;0.0;2.0;3.0;1.0;A01
21971;201400014652;0;33;0;0.0;2.0;1.0;1.0;B01
21972;201400014652;0;7;0;0.0;2.0;2.0;1.0;A01
21973;201400014653;0;32;0;0.0;9.0;1.0;1.0;A01
21974;201400014653;0;1;0;0.0;2.0;4.0;14.0;B01
21975;201400014654;0;7;0;0.0;0.0;0.0;1.0;B01
21976;201400014654;0;7;0;0.0;2.0;1.0;1.0;A01
21977;201400014655;0;10;0;0.0;2.0;6.0;1.0;C01
21978;201400014655;0;30;0;0.0;2.0;2.0;0.0;A01
21979;201400014655;0;7;0;0.0;2.0;2.0;0.0;B01
21980;201400014656;0;7;0;0.0;2.0;3.0;15.0;A01
21981;201400014656;0;33;0;0.0;2.0;3.0;0.0;B01
21982;201400014657;0;7;0;0.0;2.0;3.0;2.0;A01
21983;201400014657;0;32;0;0.0;2.0;4.0;2.0;B01
21984;201400014658;0;7;0;0.0;1.0;5.0;0.0;A01
21985;201400014659;0;7;0;0.0;2.0;1.0;2.0;A01
21986;201400014659;0;7;0;0.0;2.0;4.0;2.0;B01
21987;201400014660;0;7;0;0.0;2.0;6.0;2.0;B01
21988;201400014660;0;34;0;0.0;2.0;1.0;2.0;A01
21989;201400014661;1;7;0;0.0;1.0;1.0;0.0;Z01
21990;201400014662;0;10;0;0.0;2.0;2.0;2.0;B01
21991;201400014662;0;7;0;0.0;2.0;3.0;9.0;A01
21992;201400014664;0;2;0;0.0;2.0;6.0;2.0;A01
21993;201400014664;0;7;0;0.0;2.0;6.0;2.0;B01
21994;201400014665;0;2;0;1.0;0.0;7.0;1.0;A01
21995;201400014666;0;2;0;0.0;2.0;1.0;1.0;A01
21996;201400014666;0;1;0;0.0;2.0;4.0;15.0;B01
21997;201400014667;0;32;0;0.0;2.0;7.0;1.0;A01
21998;201400014667;0;7;0;0.0;2.0;3.0;1.0;B01
21999;201400014668;0;7;0;0.0;2.0;1.0;1.0;B01
22000;201400014668;0;7;0;0.0;2.0;4.0;1.0;A01
22001;201400014669;0;7;0;0.0;2.0;1.0;1.0;A01
22002;201400014669;0;7;0;0.0;2.0;1.0;1.0;B01
22003;201400014670;0;7;0;13.0;0.0;1.0;1.0;A01
22004;201400014672;0;2;0;2.0;0.0;1.0;0.0;A01
22005;201400014673;0;32;0;0.0;2.0;1.0;1.0;B01
22006;201400014673;0;7;0;0.0;2.0;0.0;9.0;A01
22007;201400014674;0;7;0;0.0;2.0;3.0;15.0;A01
22008;201400014674;0;30;0;0.0;2.0;1.0;1.0;B01
22009;201400014675;0;32;0;1.0;2.0;3.0;0.0;A01
22010;201400014675;0;7;0;15.0;2.0;3.0;9.0;B01
22011;201400014676;0;30;0;0.0;1.0;1.0;1.0;A01
22012;201400014677;1;7;0;0.0;2.0;2.0;0.0;Z01
22013;201400014677;0;2;0;0.0;2.0;6.0;1.0;A01
22014;201400014678;0;32;0;0.0;2.0;1.0;1.0;B01
22015;201400014678;0;7;0;0.0;2.0;1.0;1.0;A01
22016;201400014679;0;7;0;0.0;2.0;4.0;2.0;B01
22017;201400014679;0;2;0;0.0;2.0;1.0;2.0;A01
22018;201400014680;0;32;0;0.0;2.0;1.0;2.0;A01
22019;201400014680;0;7;0;0.0;2.0;6.0;15.0;B01
22020;201400014681;0;7;0;0.0;2.0;6.0;1.0;B01
22021;201400014681;0;30;0;0.0;2.0;1.0;17.0;A01
22022;201400014682;0;7;0;0.0;2.0;8.0;0.0;A01
22023;201400014682;0;7;0;0.0;2.0;8.0;1.0;B01
22024;201400014683;0;33;0;0.0;2.0;4.0;17.0;B01
22025;201400014683;0;7;0;0.0;2.0;3.0;15.0;A01
22026;201400014684;0;7;0;0.0;1.0;1.0;1.0;A01
22027;201400014686;0;10;0;0.0;1.0;2.0;4.0;A01
22028;201400014687;0;7;0;0.0;2.0;1.0;1.0;B01
22029;201400014687;0;7;0;0.0;2.0;7.0;19.0;A01
22030;201400014688;0;7;0;0.0;1.0;4.0;4.0;A01
22031;201400014689;0;7;0;0.0;2.0;1.0;1.0;A01
22032;201400014689;0;7;0;0.0;2.0;8.0;1.0;B01
22033;201400014690;0;7;0;0.0;2.0;1.0;2.0;A01
22034;201400014690;0;7;0;0.0;2.0;4.0;2.0;C01
22035;201400014690;0;32;0;0.0;2.0;4.0;2.0;B01
22036;201400014691;0;7;0;0.0;2.0;2.0;20.0;A01
22037;201400014691;0;32;0;0.0;2.0;7.0;1.0;B01
22038;201400014692;0;34;0;0.0;1.0;3.0;0.0;A01
22039;201400014693;0;7;0;0.0;2.0;1.0;2.0;A01
22040;201400014693;0;7;0;0.0;2.0;6.0;24.0;B01
22041;201400014695;1;7;0;0.0;1.0;1.0;0.0;Z01
22042;201400014696;0;33;0;6.0;0.0;9.0;1.0;A01
22043;201400014697;0;7;0;0.0;2.0;4.0;2.0;B01
22044;201400014697;0;7;0;0.0;2.0;1.0;2.0;A01
22045;201400014698;0;33;0;0.0;2.0;1.0;3.0;B01
22046;201400014698;0;7;0;0.0;2.0;8.0;10.0;A01
22047;201400014699;0;7;0;0.0;2.0;7.0;15.0;A01
22048;201400014699;0;7;0;0.0;2.0;1.0;1.0;B01
22049;201400014700;0;7;0;0.0;1.0;3.0;16.0;A01
22050;201400014701;0;7;0;0.0;2.0;2.0;0.0;A01
22051;201400014701;0;7;0;0.0;2.0;3.0;0.0;B01
22052;201400014702;0;7;0;0.0;2.0;4.0;2.0;B01
22053;201400014702;0;7;0;0.0;2.0;1.0;2.0;A01
22054;201400014703;0;7;0;1.0;0.0;1.0;15.0;A01
22055;201400014704;0;7;0;0.0;2.0;3.0;15.0;A01
22056;201400014704;0;7;0;0.0;2.0;2.0;1.0;B01
22057;201400014705;0;7;0;0.0;1.0;1.0;1.0;A01
22058;201400014707;0;7;0;0.0;2.0;1.0;2.0;B01
22059;201400014707;0;7;0;0.0;2.0;1.0;2.0;A01
22060;201400014707;0;7;0;0.0;2.0;4.0;2.0;C01
22061;201400014708;1;7;0;1.0;0.0;7.0;0.0;Z01
22062;201400014708;0;7;0;1.0;0.0;8.0;24.0;B01
22063;201400014709;0;7;0;0.0;1.0;2.0;1.0;A01
22064;201400014710;0;7;0;2.0;1.0;3.0;1.0;A01
22065;201400014711;0;7;0;0.0;2.0;1.0;2.0;A01
22066;201400014711;0;7;0;0.0;0.0;4.0;23.0;C01
22067;201400014711;0;7;0;0.0;2.0;4.0;23.0;B01
22068;201400014712;0;34;0;0.0;2.0;3.0;7.0;A01
22069;201400014712;0;32;0;0.0;2.0;7.0;9.0;B01
22070;201400014713;0;32;0;0.0;2.0;1.0;18.0;A01
22071;201400014713;0;7;0;0.0;2.0;2.0;16.0;B01
22072;201400014714;0;32;0;0.0;2.0;1.0;17.0;A01
22073;201400014714;0;7;0;0.0;2.0;3.0;15.0;B01
22074;201400014715;1;7;0;0.0;0.0;0.0;13.0;Z01
22075;201400014715;0;34;0;0.0;0.0;2.0;21.0;B01
22076;201400014716;0;2;0;0.0;1.0;1.0;1.0;A01
22077;201400014717;0;10;0;0.0;2.0;1.0;2.0;A01
22078;201400014717;0;7;0;0.0;2.0;4.0;2.0;B01
22079;201400014718;1;7;0;0.0;0.0;0.0;0.0;Z01
22080;201400014718;0;34;0;0.0;2.0;4.0;0.0;A01
22081;201400014719;0;7;0;0.0;2.0;4.0;16.0;B01
22082;201400014719;0;7;0;0.0;2.0;1.0;2.0;A01
22083;201400014720;0;30;0;0.0;2.0;1.0;21.0;A01
22084;201400014720;0;7;0;0.0;2.0;3.0;0.0;B01
22085;201400014720;1;30;0;0.0;2.0;4.0;0.0;C01
22086;201400014721;0;7;0;0.0;2.0;1.0;5.0;A01
22087;201400014721;0;7;0;0.0;2.0;1.0;1.0;B01
22088;201400014722;0;7;0;0.0;2.0;4.0;23.0;C01