;Num_Acc;senc;catv;occutc;obs;obsm;choc;manv;num_veh
22509;201400014978;0;7;0;0.0;2.0;4.0;16.0;B01
22510;201400014978;0;37;2;0.0;2.0;1.0;2.0;A01
22511;201400014979;0;7;0;0.0;2.0;8.0;15.0;A01
22512;201400014979;0;7;0;0.0;2.0;8.0;1.0;B01
22513;201400014980;0;33;0;0.0;2.0;1.0;1.0;B01
22514;201400014980;0;7;0;0.0;2.0;2.0;0.0;A01
22515;201400014981;0;2;0;0.0;2.0;1.0;15.0;B01
22516;201400014981;0;7;0;0.0;2.0;8.0;15.0;A01
22517;201400014982;0;7;0;0.0;2.0;3.0;1.0;A01
22518;201400014982;0;7;0;0.0;2.0;1.0;1.0;B01
22519;201400014983;0;7;0;0.0;1.0;6.0;4.0;A01
22520;201400014984;2;30;0;0.0;2.0;1.0;5.0;A01
22521;201400014984;0;7;0;0.0;2.0;1.0;21.0;B01
22522;201400014985;0;2;0;0.0;2.0;8.0;0.0;A01
22523;201400014985;0;7;0;0.0;2.0;7.0;1.0;B01
22524;201400014986;0;2;0;0.0;9.0;0.0;0.0;A01
22525;201400014987;0;7;0;0.0;2.0;4.0;0.0;B01
22526;201400014987;0;7;0;0.0;2.0;1.0;0.0;A01
22527;201400014988;1;7;0;0.0;2.0;1.0;2.0;Z01
22528;201400014988;0;32;0;0.0;2.0;4.0;23.0;A01
22529;201400014989;0;33;0;0.0;2.0;7.0;2.0;A01
22530;201400014989;0;7;0;0.0;2.0;8.0;15.0;B01
22531;201400014990;0;7;0;0.0;1.0;1.0;1.0;A01
22532;201400014991;0;2;0;0.0;2.0;1.0;17.0;A01
22533;201400014991;0;7;0;0.0;2.0;3.0;15.0;B01
22534;201400014992;0;31;0;0.0;2.0;1.0;1.0;B01
22535;201400014992;0;7;0;0.0;2.0;5.0;15.0;A01
22536;201400014993;0;30;0;0.0;2.0;0.0;14.0;B01
22537;201400014993;0;7;0;0.0;2.0;5.0;16.0;A01
22538;201400014994;0;33;0;0.0;1.0;0.0;1.0;A01
22539;201400014995;0;7;0;0.0;1.0;2.0;1.0;A01
22540;201400014996;0;7;0;0.0;2.0;4.0;23.0;B01
22541;201400014996;0;7;0;0.0;2.0;1.0;2.0;A01
22542;201400014997;1;7;0;0.0;1.0;0.0;15.0;Z01
22543;201400014998;1;30;0;0.0;1.0;1.0;1.0;Z01
22544;201400014999;0;7;0;0.0;2.0;2.0;1.0;B01
22545;201400014999;0;32;0;0.0;2.0;1.0;9.0;A01
22546;201400015000;0;7;0;0.0;2.0;2.0;9.0;A01
22547;201400015000;0;34;0;0.0;2.0;2.0;1.0;B01
22548;201400015001;0;7;0;0.0;1.0;2.0;1.0;A01
22549;201400015002;0;7;0;0.0;1.0;2.0;1.0;A01
22550;201400015003;0;99;0;8.0;0.0;1.0;0.0;A01
22551;201400015004;0;7;0;0.0;2.0;3.0;2.0;B01
22552;201400015004;0;32;0;0.0;2.0;1.0;2.0;A01
22553;201400015005;0;32;0;0.0;2.0;2.0;1.0;A01
22554;201400015005;0;7;0;0.0;2.0;8.0;15.0;B01
22555;201400015006;0;7;0;0.0;2.0;2.0;15.0;A01
22556;201400015006;0;32;0;0.0;2.0;8.0;1.0;B01
22557;201400015007;0;7;0;0.0;1.0;1.0;1.0;A01
22558;201400015010;0;7;0;0.0;2.0;2.0;12.0;A01
22559;201400015010;0;32;0;0.0;2.0;3.0;12.0;B01
22560;201400015012;0;7;0;0.0;2.0;1.0;20.0;B01
22561;201400015012;0;30;0;0.0;2.0;1.0;17.0;A01
22562;201400015013;1;7;0;0.0;2.0;1.0;2.0;Z01
22563;201400015013;0;7;0;0.0;2.0;4.0;23.0;B01
22564;201400015013;0;7;0;0.0;2.0;4.0;23.0;C01
22565;201400015014;0;7;0;0.0;2.0;2.0;15.0;A01
22566;201400015014;0;7;0;0.0;2.0;1.0;1.0;B01
22567;201400015015;0;10;0;0.0;2.0;1.0;2.0;A01
22568;201400015015;0;7;0;0.0;2.0;4.0;21.0;B01
22569;201400015016;0;7;0;0.0;1.0;3.0;1.0;A01
22570;201400015017;0;7;0;0.0;2.0;7.0;9.0;A01
22571;201400015017;0;34;0;0.0;2.0;5.0;1.0;B01
22572;201400015018;0;7;0;0.0;2.0;1.0;15.0;B01
22573;201400015018;0;7;0;0.0;2.0;3.0;1.0;A01
22574;201400015019;0;7;0;0.0;2.0;1.0;1.0;B01
22575;201400015019;0;7;0;0.0;2.0;8.0;9.0;A01
22576;201400015020;0;33;0;0.0;2.0;7.0;17.0;B01
22577;201400015020;0;7;0;0.0;2.0;0.0;15.0;A01
22578;201400015021;0;7;0;0.0;2.0;4.0;2.0;B01
22579;201400015021;0;7;0;0.0;2.0;1.0;2.0;A01
22580;201400015022;0;33;0;0.0;1.0;3.0;17.0;A01
22581;201400015023;1;2;0;0.0;2.0;0.0;0.0;Z01
22582;201400015023;0;34;0;0.0;2.0;2.0;2.0;B01
22583;201400015024;0;32;0;0.0;2.0;1.0;16.0;A01
22584;201400015024;0;7;0;0.0;2.0;2.0;19.0;B01
22585;201400015025;1;7;0;0.0;2.0;1.0;2.0;Z01
22586;201400015025;0;7;0;0.0;2.0;4.0;1.0;A01
22587;201400015026;0;7;0;0.0;2.0;4.0;2.0;B01
22588;201400015026;0;7;0;0.0;2.0;1.0;2.0;A01
22589;201400015027;0;31;0;0.0;2.0;1.0;2.0;A01
22590;201400015027;0;32;0;0.0;2.0;6.0;2.0;B01
22591;201400015028;0;7;0;0.0;2.0;5.0;4.0;A01
22592;201400015028;0;7;0;0.0;2.0;1.0;0.0;B01
22593;201400015029;1;7;0;0.0;1.0;2.0;16.0;Z01
22594;201400015030;0;7;0;0.0;2.0;2.0;12.0;A01
22595;201400015030;0;34;0;0.0;2.0;6.0;1.0;B01
22596;201400015031;0;7;0;15.0;0.0;2.0;21.0;A01
22597;201400015032;0;7;0;0.0;2.0;1.0;2.0;A01
22598;201400015032;0;7;0;0.0;2.0;4.0;2.0;B01
22599;201400015033;1;7;0;0.0;1.0;0.0;0.0;Z01
22600;201400015034;0;7;0;0.0;2.0;3.0;0.0;A01
22601;201400015034;0;7;0;0.0;2.0;3.0;1.0;B01
22602;201400015035;0;7;0;0.0;2.0;2.0;1.0;A01
22603;201400015035;0;7;0;0.0;0.0;3.0;1.0;B01
22604;201400015036;0;10;0;0.0;2.0;4.0;2.0;B01
22605;201400015036;0;7;0;0.0;2.0;1.0;2.0;A01
22606;201400015036;0;7;0;0.0;2.0;4.0;18.0;C01
22607;201400015037;1;30;0;0.0;1.0;0.0;1.0;Z01
22608;201400015038;0;7;0;0.0;2.0;1.0;2.0;A01
22609;201400015038;0;7;0;0.0;2.0;4.0;2.0;B01
22610;201400015039;0;7;0;0.0;2.0;1.0;2.0;A01
22611;201400015039;0;7;0;0.0;2.0;4.0;2.0;B01
22612;201400015040;0;7;0;0.0;2.0;8.0;10.0;A01
22613;201400015040;0;33;0;0.0;2.0;0.0;2.0;B01
22614;201400015042;0;7;0;0.0;2.0;4.0;1.0;C01
22615;201400015042;0;7;0;0.0;2.0;4.0;2.0;B01
22616;201400015042;0;7;0;0.0;2.0;1.0;1.0;A01
22617;201400015043;1;7;0;0.0;2.0;1.0;16.0;Z01
22618;201400015043;0;7;0;0.0;2.0;8.0;1.0;B01
22619;201400015044;0;33;0;0.0;2.0;0.0;13.0;A01
22620;201400015044;0;7;0;0.0;2.0;8.0;1.0;B01
22621;201400015045;0;7;0;0.0;1.0;1.0;1.0;A01
22622;201400015046;0;10;0;0.0;2.0;7.0;9.0;A01
22623;201400015046;0;2;0;0.0;2.0;1.0;16.0;B01
22624;201400015047;0;30;0;0.0;2.0;8.0;19.0;B01
22625;201400015047;0;37;1;0.0;2.0;1.0;1.0;A01
22626;201400015048;0;7;0;0.0;2.0;5.0;15.0;B01
22627;201400015048;0;3;0;0.0;2.0;3.0;1.0;A01
22628;201400015049;0;33;0;0.0;0.0;7.0;16.0;A01
22629;201400015050;0;7;0;0.0;2.0;1.0;1.0;A01
22630;201400015050;0;7;0;0.0;2.0;4.0;2.0;B01
22631;201400015051;0;7;0;0.0;1.0;1.0;1.0;A01
22632;201400015052;0;32;0;0.0;2.0;1.0;1.0;B01
22633;201400015052;0;2;0;0.0;2.0;1.0;16.0;A01
22634;201400015054;0;7;0;0.0;1.0;1.0;1.0;A01
22635;201400015055;0;7;0;0.0;2.0;2.0;1.0;B01
22636;201400015055;0;30;0;0.0;2.0;6.0;13.0;A01
22637;201400015056;0;32;0;0.0;2.0;7.0;17.0;A01
22638;201400015056;0;7;0;0.0;2.0;3.0;10.0;B01
22639;201400015057;0;7;0;0.0;2.0;3.0;20.0;A01
22640;201400015057;0;33;0;0.0;2.0;2.0;1.0;B01
22641;201400015058;0;7;0;0.0;2.0;1.0;1.0;A01
22642;201400015058;0;7;0;0.0;2.0;4.0;1.0;B01
22643;201400015059;0;7;0;0.0;2.0;3.0;23.0;B01
22644;201400015059;0;33;0;0.0;2.0;1.0;1.0;A01
22645;201400015061;0;3;0;0.0;1.0;2.0;1.0;A01
22646;201400015062;0;7;0;0.0;2.0;5.0;15.0;C01
22647;201400015062;0;7;0;0.0;2.0;1.0;9.0;A01
22648;201400015062;0;33;0;0.0;2.0;2.0;15.0;B01
22649;201400015063;0;7;0;0.0;2.0;1.0;2.0;C01
22650;201400015063;0;7;0;0.0;2.0;4.0;21.0;A01
22651;201400015063;0;7;0;0.0;2.0;1.0;2.0;D01
22652;201400015063;0;7;0;0.0;2.0;1.0;2.0;B01
22653;201400015064;0;7;0;0.0;2.0;3.0;15.0;B01
22654;201400015064;0;7;0;0.0;2.0;2.0;15.0;A01
22655;201400015065;0;7;0;0.0;2.0;3.0;9.0;A01
22656;201400015065;0;2;0;0.0;2.0;7.0;1.0;B01
22657;201400015066;0;7;0;8.0;2.0;1.0;1.0;B01
22658;201400015066;0;7;0;8.0;2.0;2.0;15.0;A01
22659;201400015067;0;33;0;0.0;2.0;1.0;1.0;A01
22660;201400015067;0;33;0;0.0;2.0;4.0;1.0;B01
22661;201400015068;0;31;0;0.0;1.0;1.0;1.0;A01
22662;201400015069;0;7;0;0.0;2.0;5.0;1.0;B01
22663;201400015069;0;33;0;0.0;2.0;1.0;3.0;A01
22664;201400015070;0;32;0;0.0;9.0;0.0;1.0;A01
22665;201400015071;0;30;0;0.0;2.0;3.0;17.0;A01
22666;201400015071;0;7;0;0.0;2.0;8.0;15.0;B01
22667;201400015072;0;7;0;0.0;2.0;3.0;15.0;A01
22668;201400015072;0;31;0;0.0;2.0;1.0;1.0;B01
22669;201400015073;0;7;0;0.0;2.0;7.0;2.0;B01
22670;201400015073;0;32;0;8.0;2.0;1.0;2.0;A01
22671;201400015074;0;7;0;0.0;2.0;6.0;1.0;B01
22672;201400015074;0;7;0;0.0;2.0;1.0;1.0;C01
22673;201400015074;0;7;0;0.0;2.0;1.0;13.0;A01
22674;201400015075;0;7;0;0.0;2.0;4.0;1.0;B01
22675;201400015075;0;33;0;0.0;2.0;1.0;1.0;A01
22676;201400015076;0;7;0;0.0;2.0;4.0;2.0;C01
22677;201400015076;0;7;0;0.0;2.0;1.0;2.0;A01
22678;201400015076;0;7;0;0.0;2.0;4.0;2.0;B01
22679;201400015077;0;7;0;0.0;2.0;6.0;15.0;A01
22680;201400015077;0;34;0;0.0;2.0;1.0;2.0;B01
22681;201400015078;0;7;0;0.0;1.0;4.0;4.0;A01
22682;201400015079;0;34;0;14.0;0.0;8.0;1.0;A01
22683;201400015081;0;7;0;0.0;0.0;2.0;9.0;A01
22684;201400015081;0;30;0;0.0;2.0;0.0;1.0;B01
22685;201400015082;0;33;0;0.0;1.0;1.0;1.0;A01
22686;201400015084;0;7;0;0.0;2.0;4.0;15.0;B01
22687;201400015084;0;7;0;0.0;2.0;1.0;2.0;A01
22688;201400015085;0;7;0;0.0;2.0;1.0;2.0;A01
22689;201400015085;0;7;0;0.0;2.0;4.0;2.0;B01
22690;201400015086;1;33;0;0.0;1.0;1.0;1.0;Z01
22691;201400015087;0;7;0;0.0;2.0;1.0;1.0;A01
22692;201400015087;0;7;0;0.0;2.0;3.0;1.0;B01
22693;201400015088;0;7;0;0.0;2.0;2.0;1.0;B01
22694;201400015088;0;7;0;0.0;2.0;3.0;9.0;A01
22695;201400015089;0;33;0;0.0;2.0;1.0;2.0;A01
22696;201400015089;0;7;0;0.0;2.0;3.0;2.0;B01
22697;201400015090;0;32;0;0.0;5.0;1.0;1.0;A01
22698;201400015091;0;7;0;0.0;2.0;3.0;13.0;A01
22699;201400015091;0;32;0;0.0;2.0;8.0;1.0;B01
22700;201400015092;1;7;0;0.0;1.0;1.0;1.0;Z01
22701;201400015093;0;7;0;0.0;2.0;3.0;1.0;A01
22702;201400015093;0;7;0;0.0;2.0;3.0;1.0;B01
22703;201400015094;0;30;0;0.0;1.0;3.0;3.0;A01
22704;201400015094;1;30;0;0.0;2.0;0.0;1.0;Z01
22705;201400015095;0;10;0;0.0;2.0;1.0;2.0;A01
22706;201400015095;0;7;0;0.0;2.0;4.0;2.0;B01
22707;201400015096;0;7;0;0.0;2.0;1.0;2.0;A01
22708;201400015096;1;30;0;0.0;2.0;9.0;17.0;Z01
22709;201400015096;0;7;0;0.0;2.0;6.0;2.0;B01
22710;201400015096;0;7;0;0.0;2.0;3.0;1.0;C01
22711;201400015097;0;1;0;0.0;2.0;8.0;1.0;B01
22712;201400015097;1;7;0;0.0;2.0;0.0;17.0;Z01
22713;201400015098;2;7;0;0.0;2.0;2.0;10.0;Z01
22714;201400015098;0;7;0;0.0;2.0;2.0;1.0;B01
22715;201400015099;0;7;0;0.0;1.0;5.0;1.0;A01
22716;201400015100;1;7;0;0.0;1.0;0.0;1.0;Z01
22717;201400015101;1;30;0;0.0;1.0;1.0;1.0;Z01
22718;201400015102;0;33;0;0.0;1.0;1.0;1.0;A01
22719;201400015103;0;7;0;0.0;2.0;4.0;0.0;B01
22720;201400015103;0;34;0;0.0;2.0;4.0;1.0;C01
22721;201400015103;0;7;0;0.0;2.0;1.0;1.0;A01
22722;201400015103;0;7;0;0.0;2.0;4.0;1.0;D01
22723;201400015104;0;7;0;0.0;1.0;2.0;1.0;A01
22724;201400015105;0;7;0;0.0;2.0;6.0;1.0;B01
22725;201400015105;1;7;0;0.0;2.0;0.0;1.0;Z01
22726;201400015107;0;7;0;0.0;0.0;4.0;1.0;B01
22727;201400015107;0;7;0;0.0;2.0;1.0;2.0;A01
22728;201400015108;0;31;0;0.0;2.0;1.0;17.0;A01
22729;201400015108;0;7;0;0.0;2.0;1.0;1.0;B01
22730;201400015108;0;10;0;0.0;2.0;3.0;1.0;C01
22731;201400015109;0;7;0;0.0;2.0;3.0;1.0;B01
22732;201400015109;0;10;0;0.0;2.0;5.0;12.0;A01
22733;201400015110;0;7;0;1.0;2.0;3.0;10.0;A01
22734;201400015110;0;2;0;0.0;2.0;1.0;1.0;B01
22735;201400015112;0;7;0;0.0;2.0;5.0;15.0;A01
22736;201400015112;0;7;0;0.0;2.0;1.0;1.0;B01
22737;201400015113;0;7;0;0.0;1.0;1.0;11.0;A01
22738;201400015114;0;7;0;0.0;2.0;1.0;2.0;A01
22739;201400015114;0;7;0;0.0;2.0;4.0;2.0;B01
22740;201400015114;0;7;0;0.0;2.0;4.0;2.0;C01
22741;201400015115;0;33;0;0.0;2.0;1.0;0.0;B01
22742;201400015115;0;7;0;0.0;2.0;1.0;0.0;A01
22743;201400015116;0;7;0;0.0;2.0;1.0;1.0;B01
22744;201400015116;0;7;0;0.0;2.0;1.0;5.0;A01
22745;201400015117;0;7;0;0.0;1.0;1.0;1.0;A01
22746;201400015119;0;7;0;0.0;2.0;2.0;2.0;A01
22747;201400015119;0;7;0;0.0;2.0;6.0;2.0;B01
22748;201400015120;0;30;0;0.0;2.0;0.0;9.0;A01
22749;201400015120;0;7;0;0.0;2.0;3.0;1.0;B01
22750;201400015122;0;7;0;12.0;2.0;1.0;13.0;A01
22751;201400015122;0;7;0;0.0;2.0;1.0;1.0;B01
22752;201400015124;0;32;0;0.0;0.0;4.0;0.0;A01
22753;201400015125;0;7;0;0.0;2.0;5.0;16.0;B01
22754;201400015125;0;37;7;0.0;2.0;3.0;7.0;A01
22755;201400015126;0;33;0;0.0;2.0;1.0;1.0;B01
22756;201400015126;0;7;0;0.0;2.0;1.0;14.0;A01
22757;201400015127;0;2;0;0.0;1.0;3.0;1.0;A01
22758;201400015128;0;7;0;0.0;2.0;5.0;15.0;A01
22759;201400015128;0;32;0;0.0;2.0;1.0;18.0;B01
22760;201400015129;0;7;0;0.0;2.0;3.0;1.0;A01
22761;201400015129;0;7;0;0.0;2.0;2.0;1.0;B01
22762;201400015131;0;7;0;0.0;2.0;3.0;1.0;B01
22763;201400015131;0;32;0;0.0;2.0;1.0;1.0;A01
22764;201400015132;0;37;1;0.0;2.0;2.0;1.0;B01
22765;201400015132;1;7;0;0.0;2.0;1.0;19.0;Z01
22766;201400015133;0;33;0;14.0;9.0;0.0;1.0;A01
22767;201400015134;0;37;1;0.0;2.0;2.0;2.0;A01
22768;201400015134;0;7;0;0.0;2.0;6.0;2.0;B01
22769;201400015135;0;7;0;0.0;1.0;4.0;23.0;B01
22770;201400015135;0;7;0;0.0;2.0;1.0;2.0;A01
22771;201400015136;0;31;0;0.0;2.0;1.0;1.0;B01
22772;201400015136;0;7;0;0.0;2.0;3.0;9.0;A01
22773;201400015137;0;7;0;0.0;2.0;8.0;17.0;B01
22774;201400015137;0;2;0;0.0;2.0;7.0;17.0;A01
22775;201400015138;0;7;0;0.0;2.0;6.0;17.0;A01
22776;201400015138;0;34;0;0.0;2.0;1.0;21.0;B01
22777;201400015139;0;7;0;0.0;2.0;3.0;1.0;A01
22778;201400015139;0;7;0;0.0;2.0;3.0;1.0;B01
22779;201400015140;0;33;0;0.0;2.0;4.0;1.0;B01
22780;201400015140;1;7;0;0.0;2.0;1.0;2.0;Z01
22781;201400015141;0;2;0;0.0;0.0;0.0;1.0;A01
22782;201400015142;0;7;0;0.0;2.0;4.0;23.0;B01
22783;201400015142;0;7;0;0.0;2.0;1.0;2.0;A01
22784;201400015144;1;30;0;0.0;2.0;0.0;0.0;Z01
22785;201400015144;0;7;0;0.0;2.0;6.0;11.0;A01
22786;201400015145;0;30;0;12.0;0.0;7.0;1.0;A01
22787;201400015146;0;7;0;0.0;2.0;3.0;2.0;B01
22788;201400015146;0;7;0;0.0;2.0;3.0;2.0;A01
22789;201400015147;0;7;0;0.0;2.0;4.0;15.0;B01
22790;201400015147;0;33;0;0.0;2.0;1.0;1.0;A01
22791;201400015148;0;7;0;0.0;2.0;8.0;1.0;B01
22792;201400015148;0;7;0;0.0;2.0;8.0;1.0;A01
22793;201400015149;0;7;0;0.0;2.0;0.0;15.0;A01
22794;201400015149;0;34;0;0.0;2.0;2.0;1.0;B01
22795;201400015150;0;7;0;0.0;1.0;1.0;1.0;A01
22796;201400015151;0;33;0;0.0;2.0;1.0;21.0;A01
22797;201400015151;0;32;0;0.0;2.0;4.0;15.0;B01
22798;201400015152;0;14;0;0.0;2.0;1.0;11.0;A01
22799;201400015152;0;33;0;0.0;2.0;1.0;1.0;B01
22800;201400015153;1;7;0;0.0;1.0;0.0;1.0;Z01
22801;201400015154;0;7;0;0.0;2.0;1.0;2.0;A01
22802;201400015154;0;7;0;0.0;2.0;4.0;1.0;B01
22803;201400015155;1;7;0;0.0;2.0;7.0;1.0;Z01
22804;201400015155;0;7;0;0.0;2.0;1.0;1.0;B01
22805;201400015156;0;30;0;0.0;2.0;4.0;1.0;B01
22806;201400015156;1;7;0;0.0;2.0;1.0;2.0;Z01
22807;201400015157;1;7;0;0.0;2.0;8.0;10.0;Z01
22808;201400015157;0;34;0;0.0;2.0;1.0;1.0;B01
22809;201400015158;1;7;0;0.0;2.0;1.0;1.0;Z01
22810;201400015158;0;30;0;0.0;2.0;8.0;1.0;B01
22811;201400015159;0;7;0;0.0;1.0;1.0;1.0;A01
22812;201400015160;0;32;0;0.0;2.0;5.0;1.0;B01
22813;201400015160;0;7;0;0.0;2.0;3.0;9.0;A01
22814;201400015161;0;30;0;0.0;2.0;8.0;1.0;B01
22815;201400015161;1;10;0;0.0;2.0;1.0;1.0;Z01
22816;201400015162;0;7;0;0.0;2.0;8.0;23.0;B01
22817;201400015162;1;7;0;0.0;2.0;0.0;1.0;Z01
22818;201400015162;0;7;0;0.0;2.0;7.0;1.0;A01
22819;201400015163;0;7;0;0.0;2.0;1.0;15.0;A01
22820;201400015163;0;34;0;0.0;2.0;1.0;1.0;B01
22821;201400015164;0;7;0;0.0;2.0;1.0;1.0;B01
22822;201400015164;0;7;0;0.0;2.0;1.0;11.0;A01
22823;201400015166;0;7;0;0.0;2.0;1.0;2.0;A01
22824;201400015166;0;14;0;0.0;2.0;4.0;1.0;B01
22825;201400015167;0;7;0;0.0;2.0;3.0;15.0;B01
22826;201400015167;0;7;0;0.0;2.0;2.0;9.0;A01
22827;201400015168;0;7;0;0.0;2.0;7.0;1.0;A01
22828;201400015168;0;7;0;0.0;2.0;1.0;1.0;B01
22829;201400015169;0;33;0;0.0;2.0;3.0;1.0;A01
22830;201400015169;0;7;0;0.0;2.0;3.0;9.0;B01
22831;201400015170;0;33;0;4.0;0.0;1.0;13.0;A01
22832;201400015171;0;7;0;0.0;2.0;1.0;1.0;A01
22833;201400015171;0;7;0;0.0;2.0;4.0;1.0;B01
22834;201400015172;0;34;0;14.0;0.0;9.0;1.0;A01
22835;201400015174;0;10;0;0.0;2.0;3.0;9.0;A01
22836;201400015174;0;7;0;0.0;2.0;7.0;1.0;B01
22837;201400015175;0;7;0;0.0;2.0;7.0;1.0;B01
22838;201400015175;0;30;0;0.0;2.0;1.0;1.0;A01
22839;201400015176;0;7;0;0.0;2.0;1.0;1.0;A01
22840;201400015176;0;2;0;0.0;2.0;1.0;1.0;B01
22841;201400015177;0;7;0;1.0;0.0;2.0;14.0;A01
22842;201400015179;0;7;0;0.0;2.0;2.0;15.0;B01
22843;201400015179;0;30;0;0.0;2.0;1.0;1.0;A01
22844;201400015180;0;30;0;0.0;2.0;7.0;15.0;A01
22845;201400015180;0;7;0;0.0;2.0;8.0;15.0;B01
22846;201400015181;0;2;0;12.0;0.0;1.0;1.0;A01
22847;201400015182;0;1;0;0.0;2.0;7.0;0.0;B01
22848;201400015182;1;7;0;0.0;2.0;8.0;9.0;Z01
22849;201400015183;0;7;0;0.0;2.0;8.0;13.0;A01
22850;201400015183;0;3;0;0.0;2.0;3.0;1.0;B01
22851;201400015184;0;31;0;0.0;2.0;8.0;15.0;A01
22852;201400015184;0;33;0;0.0;2.0;1.0;2.0;B01
22853;201400015185;0;7;0;0.0;2.0;2.0;10.0;A01
22854;201400015185;0;34;0;0.0;2.0;1.0;0.0;B01
22855;201400015186;0;30;0;0.0;2.0;1.0;1.0;A01
22856;201400015186;0;7;0;0.0;2.0;3.0;16.0;B01
22857;201400015187;0;32;0;15.0;0.0;1.0;1.0;A01
22858;201400015188;0;7;0;0.0;2.0;3.0;13.0;A01
22859;201400015188;0;33;0;0.0;2.0;1.0;1.0;B01
22860;201400015189;0;33;0;0.0;2.0;7.0;19.0;A01
22861;201400015190;0;7;0;0.0;1.0;0.0;12.0;A01
22862;201400015191;0;32;0;0.0;1.0;1.0;1.0;A01
22863;201400015192;0;10;0;0.0;1.0;1.0;1.0;A01
22864;201400015193;0;7;0;0.0;2.0;4.0;23.0;A01
22865;201400015193;1;7;0;0.0;2.0;1.0;2.0;Z01
22866;201400015194;0;7;0;0.0;1.0;1.0;1.0;A01
22867;201400015195;0;7;0;0.0;2.0;1.0;2.0;A01
22868;201400015195;0;30;0;0.0;2.0;4.0;2.0;B01
22869;201400015196;2;30;0;0.0;2.0;1.0;1.0;Z01
22870;201400015196;0;7;0;0.0;2.0;3.0;1.0;B01
22871;201400015197;0;30;0;0.0;2.0;3.0;18.0;A01
22872;201400015197;0;7;0;0.0;2.0;5.0;18.0;B01
22873;201400015198;0;34;0;0.0;2.0;6.0;21.0;B01
22874;201400015198;0;7;0;0.0;2.0;6.0;23.0;A01
22875;201400015201;0;7;0;0.0;1.0;0.0;15.0;A01
22876;201400015202;0;32;0;0.0;2.0;1.0;2.0;A01
22877;201400015202;0;1;0;0.0;2.0;4.0;2.0;B01
22878;201400015203;0;32;0;0.0;0.0;0.0;21.0;B01
22879;201400015203;1;7;0;0.0;0.0;0.0;1.0;Z01
22880;201400015204;0;3;0;0.0;2.0;8.0;1.0;A01
22881;201400015204;1;13;0;0.0;2.0;0.0;0.0;Z01
22882;201400015205;0;7;0;0.0;2.0;3.0;17.0;A01
22883;201400015205;0;7;0;0.0;2.0;3.0;16.0;B01
22884;201400015206;0;10;0;0.0;2.0;6.0;1.0;B01
22885;201400015206;0;32;0;0.0;2.0;1.0;17.0;A01
22886;201400015207;0;7;0;0.0;2.0;8.0;10.0;A01
22887;201400015207;0;7;0;0.0;2.0;2.0;1.0;B01
22888;201400015208;0;30;0;0.0;2.0;2.0;1.0;A01
22889;201400015208;0;7;0;0.0;2.0;2.0;1.0;B01
22890;201400015209;0;7;0;0.0;2.0;5.0;1.0;B01
22891;201400015209;0;2;0;0.0;2.0;1.0;2.0;A01
22892;201400015210;0;7;0;0.0;1.0;4.0;4.0;A01
22893;201400015211;0;7;0;0.0;2.0;4.0;2.0;B01
22894;201400015211;0;7;0;0.0;2.0;1.0;2.0;A01
22895;201400015211;0;7;0;0.0;2.0;4.0;2.0;C01
22896;201400015212;0;7;0;0.0;1.0;1.0;1.0;A01
22897;201400015213;0;7;0;0.0;2.0;8.0;15.0;B01
22898;201400015213;0;32;0;0.0;2.0;1.0;3.0;A01
22899;201400015214;0;7;0;0.0;2.0;1.0;1.0;A01
22900;201400015214;0;7;0;0.0;2.0;6.0;1.0;B01
22901;201400015215;1;7;0;0.0;2.0;1.0;2.0;Z01
22902;201400015215;0;30;0;0.0;2.0;4.0;1.0;B01
22903;201400015216;0;7;0;0.0;2.0;1.0;15.0;A01
22904;201400015216;0;7;0;0.0;2.0;1.0;1.0;B01
22905;201400015217;0;13;0;0.0;2.0;6.0;1.0;B01
22906;201400015217;0;2;0;0.0;2.0;0.0;5.0;A01
22907;201400015218;0;7;0;0.0;2.0;5.0;15.0;A01
22908;201400015218;0;7;0;0.0;2.0;1.0;1.0;B01
22909;201400015219;0;7;0;0.0;1.0;6.0;4.0;A01
22910;201400015220;0;31;0;0.0;2.0;1.0;1.0;A01
22911;201400015220;0;7;0;0.0;2.0;7.0;10.0;B01
22912;201400015221;0;7;0;0.0;2.0;4.0;2.0;B01
22913;201400015221;0;7;0;0.0;2.0;1.0;2.0;A01
22914;201400015222;0;7;0;0.0;2.0;3.0;16.0;A01
22915;201400015222;0;7;0;0.0;2.0;3.0;16.0;B01
22916;201400015223;0;34;0;0.0;2.0;1.0;1.0;B01
22917;201400015223;0;7;0;0.0;2.0;3.0;9.0;A01
22918;201400015225;0;7;0;0.0;2.0;5.0;15.0;A01
22919;201400015225;0;33;0;0.0;2.0;1.0;1.0;B01
22920;201400015226;0;7;0;0.0;2.0;3.0;1.0;B01
22921;201400015226;0;30;0;0.0;2.0;7.0;9.0;A01
22922;201400015227;0;7;0;0.0;2.0;6.0;1.0;B01
22923;201400015227;0;7;0;0.0;2.0;1.0;12.0;A01
22924;201400015228;0;32;0;0.0;2.0;7.0;1.0;B01
22925;201400015228;0;32;0;0.0;2.0;0.0;0.0;C01
22926;201400015228;1;7;0;0.0;2.0;8.0;11.0;Z01
22927;201400015229;0;30;0;0.0;2.0;1.0;15.0;B01
22928;201400015229;0;30;0;0.0;2.0;1.0;17.0;A01
22929;201400015231;0;7;0;0.0;1.0;2.0;1.0;A01