;Num_Acc;senc;catv;occutc;obs;obsm;choc;manv;num_veh
23351;201400015506;0;7;0;0.0;2.0;2.0;17.0;A01
23352;201400015507;0;30;0;0.0;2.0;1.0;1.0;B01
23353;201400015507;0;7;0;0.0;2.0;3.0;4.0;A01
23354;201400015508;0;33;0;0.0;1.0;1.0;13.0;A01
23355;201400015509;0;7;0;0.0;9.0;3.0;13.0;A01
23356;201400015509;0;1;0;0.0;2.0;1.0;1.0;B01
23357;201400015511;0;7;0;0.0;2.0;2.0;12.0;A01
23358;201400015511;0;32;0;0.0;2.0;4.0;1.0;B01
23359;201400015512;1;7;0;0.0;2.0;2.0;0.0;Z01
23360;201400015512;0;33;0;0.0;2.0;8.0;11.0;A01
23361;201400015513;0;34;0;0.0;2.0;3.0;1.0;B01
23362;201400015513;0;7;0;0.0;2.0;3.0;15.0;A01
23363;201400015514;0;7;0;2.0;0.0;3.0;13.0;A01
23364;201400015515;0;7;0;0.0;2.0;2.0;1.0;B01
23365;201400015515;0;1;0;0.0;2.0;8.0;13.0;A01
23366;201400015516;1;33;0;0.0;1.0;1.0;1.0;Z01
23367;201400015517;1;7;0;0.0;1.0;1.0;1.0;Z01
23368;201400015518;0;7;0;6.0;0.0;3.0;0.0;A01
23369;201400015519;0;7;0;0.0;2.0;3.0;1.0;B01
23370;201400015519;0;30;0;0.0;2.0;2.0;17.0;A01
23371;201400015520;0;32;0;0.0;1.0;1.0;1.0;A01
23372;201400015521;0;7;0;1.0;0.0;2.0;1.0;A01
23373;201400015522;0;30;0;0.0;2.0;2.0;1.0;B01
23374;201400015522;1;30;0;0.0;2.0;1.0;5.0;Z01
23375;201400015524;0;30;0;0.0;2.0;1.0;1.0;B01
23376;201400015524;0;7;0;0.0;2.0;3.0;10.0;A01
23377;201400015525;0;7;0;0.0;2.0;3.0;2.0;B01
23378;201400015525;0;33;0;0.0;2.0;4.0;2.0;C01
23379;201400015525;0;33;0;0.0;2.0;5.0;2.0;A01
23380;201400015526;0;7;0;9.0;0.0;7.0;1.0;A01
23381;201400015527;0;7;0;0.0;2.0;2.0;9.0;A01
23382;201400015527;0;7;0;0.0;2.0;8.0;1.0;B01
23383;201400015528;0;32;0;0.0;1.0;1.0;17.0;A01
23384;201400015529;1;7;0;0.0;1.0;1.0;1.0;Z01
23385;201400015530;0;33;0;0.0;2.0;2.0;1.0;A01
23386;201400015530;0;7;0;0.0;2.0;6.0;1.0;B01
23387;201400015533;0;7;0;0.0;2.0;3.0;7.0;B01
23388;201400015533;0;7;0;0.0;2.0;2.0;12.0;A01
23389;201400015534;0;7;0;0.0;2.0;4.0;2.0;B01
23390;201400015534;0;7;0;0.0;2.0;4.0;24.0;C01
23391;201400015534;0;33;0;0.0;2.0;1.0;2.0;A01
23392;201400015535;0;33;0;0.0;0.0;1.0;1.0;A01
23393;201400015536;1;7;0;0.0;1.0;1.0;1.0;Z01
23394;201400015538;0;7;0;0.0;2.0;0.0;1.0;B01
23395;201400015538;0;33;0;0.0;2.0;8.0;13.0;A01
23396;201400015539;0;7;0;0.0;2.0;1.0;2.0;A01
23397;201400015539;0;7;0;0.0;2.0;4.0;1.0;B01
23398;201400015540;0;7;0;0.0;1.0;2.0;1.0;A01
23399;201400015541;0;7;0;8.0;0.0;1.0;1.0;A01
23400;201400015542;1;32;0;0.0;2.0;1.0;1.0;Z01
23401;201400015542;0;7;0;0.0;2.0;6.0;20.0;B01
23402;201400015543;0;7;0;0.0;1.0;1.0;1.0;A01
23403;201400015544;0;32;0;0.0;2.0;0.0;21.0;B01
23404;201400015544;0;7;0;0.0;2.0;0.0;10.0;A01
23405;201400015545;0;34;0;0.0;2.0;8.0;9.0;A01
23406;201400015545;0;7;0;0.0;2.0;2.0;1.0;B01
23407;201400015546;0;7;0;6.0;0.0;1.0;1.0;A01
23408;201400015547;0;7;0;0.0;1.0;1.0;1.0;A01
23409;201400015548;1;7;0;0.0;1.0;1.0;1.0;Z01
23410;201400015549;0;40;0;0.0;1.0;1.0;1.0;A01
23411;201400015550;0;7;0;0.0;2.0;1.0;1.0;B01
23412;201400015550;0;7;0;0.0;2.0;7.0;15.0;A01
23413;201400015551;0;7;0;0.0;2.0;1.0;1.0;B01
23414;201400015551;1;7;0;0.0;2.0;7.0;15.0;Z01
23415;201400015552;0;7;0;0.0;1.0;7.0;1.0;A01
23416;201400015553;0;7;0;0.0;2.0;4.0;1.0;B01
23417;201400015553;1;7;0;0.0;2.0;1.0;2.0;Z01
23418;201400015554;1;2;0;0.0;1.0;1.0;1.0;Z01
23419;201400015556;0;7;0;0.0;1.0;1.0;15.0;A01
23420;201400015557;0;7;0;0.0;2.0;2.0;14.0;B01
23421;201400015557;0;34;0;0.0;2.0;3.0;14.0;A01
23422;201400015558;0;7;0;0.0;2.0;3.0;9.0;A01
23423;201400015558;0;7;0;0.0;2.0;1.0;1.0;B01
23424;201400015559;0;33;0;8.0;0.0;1.0;0.0;A01
23425;201400015560;0;20;0;0.0;2.0;4.0;1.0;B01
23426;201400015560;0;7;0;0.0;2.0;1.0;1.0;A01
23427;201400015561;0;7;0;0.0;2.0;4.0;2.0;B01
23428;201400015561;0;33;0;0.0;2.0;1.0;2.0;A01
23429;201400015562;0;7;0;0.0;2.0;2.0;1.0;B01
23430;201400015562;1;7;0;0.0;2.0;1.0;10.0;Z01
23431;201400015563;0;7;0;0.0;2.0;1.0;2.0;A01
23432;201400015563;0;7;0;0.0;2.0;4.0;2.0;C01
23433;201400015563;0;34;0;0.0;2.0;4.0;2.0;B01
23434;201400015564;0;7;0;0.0;2.0;1.0;1.0;B01
23435;201400015564;0;7;0;0.0;2.0;3.0;15.0;A01
23436;201400015566;0;7;0;0.0;2.0;1.0;2.0;A01
23437;201400015566;0;7;0;0.0;2.0;4.0;2.0;B01
23438;201400015567;0;34;0;0.0;2.0;2.0;1.0;A01
23439;201400015567;0;7;0;0.0;2.0;3.0;15.0;B01
23440;201400015568;0;7;0;0.0;1.0;1.0;1.0;A01
23441;201400015569;0;33;0;0.0;2.0;1.0;1.0;B01
23442;201400015569;0;7;0;0.0;2.0;1.0;15.0;A01
23443;201400015570;1;7;0;0.0;1.0;1.0;1.0;Z01
23444;201400015571;0;7;0;0.0;2.0;1.0;2.0;A01
23445;201400015571;0;7;0;0.0;2.0;4.0;2.0;B01
23446;201400015572;0;7;0;0.0;2.0;1.0;23.0;B01
23447;201400015572;0;10;0;0.0;2.0;4.0;4.0;A01
23448;201400015573;0;7;0;0.0;2.0;7.0;15.0;A01
23449;201400015573;0;32;0;0.0;2.0;1.0;1.0;B01
23450;201400015574;0;30;0;0.0;2.0;1.0;1.0;B01
23451;201400015574;0;7;0;0.0;2.0;2.0;1.0;A01
23452;201400015576;0;7;0;0.0;1.0;2.0;15.0;A01
23453;201400015577;0;33;0;0.0;2.0;1.0;1.0;B01
23454;201400015577;0;7;0;0.0;2.0;2.0;15.0;A01
23455;201400015578;1;7;0;0.0;1.0;1.0;1.0;Z01
23456;201400015579;0;7;0;0.0;1.0;0.0;1.0;A01
23457;201400015580;0;7;0;0.0;2.0;3.0;13.0;B01
23458;201400015580;0;7;0;0.0;2.0;1.0;13.0;A01
23459;201400015581;0;32;0;0.0;0.0;7.0;0.0;A01
23460;201400015582;0;30;0;0.0;2.0;0.0;0.0;B01
23461;201400015582;0;7;0;0.0;2.0;0.0;0.0;A01
23462;201400015583;0;32;0;0.0;2.0;1.0;21.0;B01
23463;201400015583;0;7;0;0.0;2.0;7.0;9.0;A01
23464;201400015584;0;30;0;0.0;2.0;7.0;2.0;B01
23465;201400015584;0;7;0;0.0;2.0;3.0;15.0;A01
23466;201400015585;0;7;0;0.0;1.0;2.0;15.0;A01
23467;201400015586;0;30;0;0.0;2.0;4.0;1.0;B01
23468;201400015586;0;7;0;0.0;2.0;4.0;19.0;A01
23469;201400015587;0;7;0;0.0;1.0;4.0;4.0;A01
23470;201400015588;0;33;0;0.0;2.0;2.0;17.0;A01
23471;201400015588;0;7;0;0.0;0.0;3.0;15.0;B01
23472;201400015589;0;33;0;0.0;1.0;7.0;1.0;A01
23473;201400015591;1;7;0;0.0;2.0;0.0;1.0;Z01
23474;201400015591;0;34;0;0.0;2.0;0.0;0.0;B01
23475;201400015593;0;7;0;0.0;2.0;4.0;23.0;B01
23476;201400015593;0;7;0;0.0;2.0;4.0;23.0;C01
23477;201400015593;0;7;0;0.0;2.0;1.0;2.0;A01
23478;201400015594;0;33;0;0.0;1.0;6.0;1.0;A01
23479;201400015595;0;30;0;0.0;0.0;0.0;1.0;A01
23480;201400015596;0;30;0;0.0;0.0;8.0;1.0;A01
23481;201400015597;0;7;0;0.0;2.0;6.0;2.0;A01
23482;201400015597;0;34;0;0.0;2.0;1.0;2.0;B01
23483;201400015598;0;33;0;0.0;1.0;1.0;1.0;A01
23484;201400015599;0;7;0;0.0;1.0;1.0;1.0;A01
23485;201400015600;0;7;0;0.0;2.0;1.0;1.0;B01
23486;201400015600;0;7;0;0.0;2.0;1.0;1.0;A01
23487;201400015601;0;33;0;0.0;2.0;1.0;1.0;B01
23488;201400015601;0;7;0;0.0;2.0;2.0;15.0;A01
23489;201400015603;0;7;0;0.0;1.0;2.0;1.0;A01
23490;201400015604;0;7;0;0.0;2.0;1.0;2.0;A01
23491;201400015604;0;7;0;0.0;2.0;4.0;2.0;B01
23492;201400015605;0;10;0;0.0;2.0;3.0;1.0;B01
23493;201400015605;0;30;0;0.0;2.0;1.0;1.0;A01
23494;201400015606;0;33;0;0.0;0.0;8.0;9.0;A01
23495;201400015607;0;34;0;0.0;0.0;9.0;1.0;A01
23496;201400015609;0;7;0;0.0;2.0;1.0;2.0;A01
23497;201400015609;0;7;0;0.0;2.0;4.0;23.0;C01
23498;201400015609;0;7;0;0.0;2.0;4.0;2.0;B01
23499;201400015610;0;30;0;0.0;2.0;7.0;1.0;A01
23500;201400015610;0;7;0;0.0;2.0;1.0;1.0;B01
23501;201400015611;0;7;0;0.0;1.0;1.0;1.0;A01
23502;201400015612;0;7;0;6.0;0.0;1.0;1.0;A01
23503;201400015613;0;7;0;9.0;0.0;1.0;1.0;A01
23504;201400015614;0;30;0;0.0;0.0;0.0;0.0;A01
23505;201400015615;0;7;0;0.0;2.0;1.0;15.0;A01
23506;201400015615;0;32;0;0.0;2.0;1.0;1.0;B01
23507;201400015616;0;30;0;0.0;2.0;1.0;17.0;A01
23508;201400015616;0;7;0;0.0;2.0;8.0;15.0;B01
23509;201400015617;0;7;0;0.0;2.0;8.0;10.0;A01
23510;201400015617;0;7;0;0.0;2.0;1.0;2.0;B01
23511;201400015618;0;7;0;0.0;2.0;1.0;1.0;A01
23512;201400015618;0;7;0;0.0;2.0;4.0;2.0;B01
23513;201400015619;1;7;0;0.0;1.0;1.0;1.0;Z01
23514;201400015620;1;7;0;0.0;2.0;2.0;1.0;Z01
23515;201400015620;0;30;0;0.0;2.0;4.0;1.0;A01
23516;201400015622;0;33;0;0.0;2.0;8.0;1.0;B01
23517;201400015622;0;7;0;0.0;2.0;1.0;15.0;A01
23518;201400015624;0;7;0;0.0;2.0;6.0;11.0;A01
23519;201400015624;0;15;0;0.0;2.0;2.0;1.0;B01
23520;201400015625;0;33;0;0.0;2.0;2.0;1.0;B01
23521;201400015625;0;10;0;0.0;2.0;3.0;9.0;A01
23522;201400015626;1;7;0;0.0;1.0;0.0;1.0;Z01
23523;201400015627;0;7;0;0.0;2.0;2.0;1.0;A01
23524;201400015627;0;1;0;0.0;2.0;2.0;1.0;B01
23525;201400015628;0;32;0;0.0;1.0;1.0;1.0;A01
23526;201400015629;0;7;0;0.0;2.0;2.0;1.0;A01
23527;201400015629;0;7;0;0.0;2.0;1.0;1.0;B01
23528;201400015630;1;33;0;1.0;1.0;0.0;1.0;Z01
23529;201400015631;0;7;0;0.0;1.0;3.0;1.0;A01
23530;201400015632;0;7;0;1.0;0.0;1.0;21.0;A01
23531;201400015633;0;33;0;0.0;2.0;2.0;17.0;B01
23532;201400015633;0;7;0;0.0;2.0;3.0;10.0;A01
23533;201400015634;1;7;0;0.0;2.0;1.0;12.0;Z01
23534;201400015634;0;7;0;0.0;2.0;4.0;23.0;C01
23535;201400015634;0;7;0;0.0;2.0;4.0;23.0;B01
23536;201400015634;1;7;0;0.0;2.0;4.0;23.0;A01
23537;201400015635;0;7;0;8.0;0.0;1.0;0.0;A01
23538;201400015636;0;34;0;0.0;2.0;2.0;17.0;B01
23539;201400015636;0;7;0;0.0;2.0;6.0;15.0;A01
23540;201400015637;0;7;0;0.0;2.0;8.0;11.0;A01
23541;201400015637;0;33;0;0.0;2.0;2.0;1.0;B01
23542;201400015638;0;7;0;0.0;2.0;6.0;15.0;A01
23543;201400015638;0;34;0;0.0;2.0;1.0;1.0;B01
23544;201400015639;0;30;0;0.0;2.0;1.0;1.0;B01
23545;201400015639;0;7;0;0.0;2.0;3.0;15.0;A01
23546;201400015640;0;7;0;0.0;1.0;2.0;1.0;A01
23547;201400015641;0;7;0;0.0;2.0;1.0;15.0;B01
23548;201400015641;0;7;0;0.0;2.0;1.0;1.0;A01
23549;201400015642;0;7;0;1.0;0.0;9.0;1.0;A01
23550;201400015643;0;7;0;0.0;2.0;1.0;2.0;A01
23551;201400015643;0;7;0;0.0;2.0;4.0;2.0;B01
23552;201400015644;1;7;0;0.0;2.0;1.0;9.0;Z01
23553;201400015644;0;2;0;0.0;2.0;5.0;1.0;B01
23554;201400015645;1;7;0;0.0;1.0;1.0;1.0;Z01
23555;201400015646;0;7;0;0.0;1.0;1.0;1.0;A01
23556;201400015647;0;7;0;0.0;0.0;0.0;1.0;A01
23557;201400015648;0;30;0;0.0;2.0;0.0;18.0;B01
23558;201400015648;0;7;0;0.0;2.0;2.0;14.0;A01
23559;201400015649;0;7;0;0.0;1.0;2.0;1.0;A01
23560;201400015650;0;7;0;0.0;2.0;4.0;13.0;A01
23561;201400015650;0;7;0;0.0;2.0;1.0;1.0;B01
23562;201400015651;0;7;0;0.0;1.0;4.0;4.0;A01
23563;201400015652;0;32;0;8.0;0.0;8.0;0.0;A01
23564;201400015653;0;7;0;0.0;2.0;3.0;13.0;A01
23565;201400015653;0;7;0;0.0;2.0;8.0;1.0;B01
23566;201400015654;0;7;0;0.0;2.0;1.0;2.0;A01
23567;201400015654;0;10;0;0.0;2.0;4.0;1.0;D01
23568;201400015654;0;7;0;0.0;2.0;4.0;2.0;C01
23569;201400015654;0;7;0;0.0;2.0;4.0;1.0;B01
23570;201400015655;0;7;0;0.0;1.0;2.0;16.0;A01
23571;201400015656;0;7;0;15.0;0.0;1.0;1.0;A01
23572;201400015657;0;33;0;0.0;2.0;0.0;7.0;A01
23573;201400015657;1;7;0;0.0;2.0;0.0;7.0;Z01
23574;201400015658;0;7;0;3.0;5.0;2.0;21.0;A01
23575;201400015659;0;7;0;0.0;2.0;1.0;1.0;B01
23576;201400015659;0;7;0;0.0;2.0;1.0;13.0;A01
23577;201400015660;0;7;0;0.0;2.0;2.0;1.0;B01
23578;201400015660;0;7;0;0.0;2.0;8.0;10.0;A01
23579;201400015661;0;7;0;0.0;2.0;1.0;1.0;A01
23580;201400015661;0;7;0;0.0;2.0;4.0;2.0;B01
23581;201400015662;0;30;0;0.0;1.0;2.0;1.0;A01
23582;201400015663;0;7;0;0.0;2.0;5.0;15.0;B01
23583;201400015663;0;31;0;0.0;2.0;2.0;1.0;A01
23584;201400015664;0;7;0;0.0;1.0;0.0;20.0;A01
23585;201400015665;0;7;0;0.0;2.0;3.0;9.0;A01
23586;201400015665;0;2;0;0.0;2.0;7.0;1.0;B01
23587;201400015666;0;7;0;0.0;1.0;1.0;15.0;A01
23588;201400015668;0;1;0;0.0;2.0;0.0;1.0;B01
23589;201400015668;0;7;0;0.0;2.0;5.0;9.0;A01
23590;201400015669;0;33;0;0.0;2.0;1.0;1.0;B01
23591;201400015669;0;7;0;0.0;2.0;8.0;9.0;A01
23592;201400015670;0;30;0;0.0;0.0;8.0;15.0;A01
23593;201400015671;0;7;0;0.0;2.0;1.0;9.0;A01
23594;201400015671;0;30;0;0.0;2.0;1.0;1.0;B01
23595;201400015672;0;7;0;0.0;2.0;8.0;15.0;B01
23596;201400015672;0;32;0;0.0;2.0;1.0;1.0;A01
23597;201400015673;0;20;0;0.0;2.0;6.0;1.0;B01
23598;201400015673;0;32;0;0.0;2.0;1.0;2.0;A01
23599;201400015674;0;7;0;0.0;1.0;1.0;1.0;A01
23600;201400015675;0;33;0;1.0;0.0;1.0;1.0;A01
23601;201400015676;0;1;0;0.0;1.0;4.0;1.0;A01
23602;201400015679;0;7;0;0.0;2.0;1.0;1.0;A01
23603;201400015679;0;7;0;0.0;2.0;2.0;1.0;B01
23604;201400015680;0;7;0;0.0;2.0;3.0;0.0;A01
23605;201400015680;0;7;0;0.0;2.0;2.0;15.0;B01
23606;201400015681;0;7;0;0.0;2.0;5.0;24.0;C01
23607;201400015681;0;7;0;0.0;2.0;3.0;9.0;A01
23608;201400015681;0;7;0;1.0;2.0;1.0;1.0;B01
23609;201400015682;0;7;0;0.0;1.0;1.0;1.0;A01
23610;201400015684;0;32;0;0.0;2.0;4.0;23.0;B01
23611;201400015684;0;7;0;0.0;2.0;3.0;2.0;A01
23612;201400015685;0;30;0;0.0;2.0;1.0;2.0;A01
23613;201400015685;0;34;0;0.0;2.0;4.0;2.0;B01
23614;201400015687;0;7;0;0.0;2.0;7.0;19.0;A01
23615;201400015687;0;33;0;0.0;2.0;1.0;1.0;B01
23616;201400015688;0;7;0;1.0;2.0;8.0;1.0;B01
23617;201400015688;1;30;0;0.0;2.0;1.0;9.0;Z01
23618;201400015689;0;37;1;0.0;2.0;3.0;1.0;A01
23619;201400015689;0;34;0;0.0;2.0;1.0;1.0;B01
23620;201400015690;0;1;0;0.0;1.0;2.0;1.0;A01
23621;201400015691;0;1;0;0.0;1.0;2.0;1.0;A01
23622;201400015692;0;34;0;8.0;0.0;1.0;1.0;A01
23623;201400015693;0;31;0;0.0;2.0;6.0;1.0;B01
23624;201400015693;0;7;0;0.0;2.0;1.0;1.0;A01
23625;201400015694;1;7;0;0.0;1.0;4.0;0.0;Z01
23626;201400015695;0;34;0;0.0;0.0;2.0;12.0;B01
23627;201400015695;0;10;0;0.0;2.0;0.0;15.0;A01
23628;201400015696;0;7;0;0.0;2.0;0.0;15.0;B01
23629;201400015696;0;32;0;0.0;2.0;0.0;1.0;A01
23630;201400015698;0;2;0;0.0;1.0;1.0;0.0;A01
23631;201400015699;0;33;0;0.0;2.0;1.0;17.0;A01
23632;201400015699;0;7;0;0.0;2.0;3.0;15.0;B01
23633;201400015700;0;30;0;0.0;2.0;7.0;2.0;A01
23634;201400015700;0;7;0;0.0;2.0;3.0;2.0;B01
23635;201400015702;0;7;0;0.0;2.0;4.0;2.0;B01
23636;201400015702;0;7;0;0.0;2.0;1.0;1.0;A01
23637;201400015703;0;7;0;0.0;1.0;0.0;1.0;A01
23638;201400015706;0;32;0;0.0;2.0;1.0;1.0;A01
23639;201400015706;0;10;0;0.0;2.0;7.0;14.0;B01
23640;201400015707;0;7;0;0.0;1.0;2.0;1.0;A01
23641;201400015709;0;7;0;0.0;2.0;7.0;15.0;B01
23642;201400015709;0;13;0;0.0;2.0;1.0;1.0;A01
23643;201400015710;1;7;0;0.0;2.0;4.0;0.0;Z01
23644;201400015710;0;7;0;0.0;2.0;3.0;1.0;A01
23645;201400015712;1;7;0;0.0;2.0;7.0;1.0;Z01
23646;201400015712;0;1;0;0.0;2.0;8.0;1.0;B01
23647;201400015714;0;2;0;0.0;2.0;1.0;17.0;A01
23648;201400015714;0;33;0;0.0;2.0;4.0;1.0;B01
23649;201400015715;0;32;0;8.0;0.0;1.0;2.0;B01
23650;201400015715;0;7;0;0.0;2.0;0.0;12.0;A01
23651;201400015716;0;30;0;0.0;2.0;1.0;5.0;A01
23652;201400015716;0;7;0;0.0;2.0;1.0;1.0;B01
23653;201400015717;0;31;0;0.0;1.0;1.0;1.0;A01
23654;201400015718;0;7;0;0.0;2.0;1.0;15.0;A01
23655;201400015718;0;7;0;0.0;2.0;8.0;1.0;B01
23656;201400015719;0;7;0;0.0;2.0;1.0;9.0;A01
23657;201400015719;0;33;0;0.0;2.0;8.0;1.0;B01
23658;201400015720;0;7;0;0.0;2.0;8.0;10.0;A01
23659;201400015720;0;33;0;0.0;2.0;1.0;1.0;B01
23660;201400015721;0;7;0;0.0;2.0;1.0;9.0;A01
23661;201400015721;0;1;0;0.0;2.0;4.0;1.0;B01
23662;201400015722;1;10;0;0.0;2.0;8.0;11.0;Z01
23663;201400015722;0;32;0;0.0;2.0;7.0;1.0;A01
23664;201400015723;0;33;0;12.0;0.0;7.0;20.0;A01
23665;201400015724;1;7;0;0.0;1.0;1.0;1.0;Z01
23666;201400015725;0;2;0;1.0;0.0;4.0;1.0;B01
23667;201400015725;1;7;0;0.0;2.0;0.0;0.0;Z01
23668;201400015726;0;7;0;0.0;0.0;3.0;1.0;A01
23669;201400015727;0;30;0;11.0;0.0;1.0;1.0;A01
23670;201400015728;0;7;0;0.0;2.0;3.0;1.0;B01
23671;201400015728;0;1;0;0.0;2.0;1.0;1.0;A01
23672;201400015729;0;33;0;0.0;2.0;1.0;0.0;A01
23673;201400015729;1;7;0;0.0;2.0;7.0;1.0;Z01
23674;201400015730;0;33;0;0.0;2.0;7.0;2.0;A01
23675;201400015730;1;7;0;0.0;2.0;8.0;13.0;Z01
23676;201400015731;0;7;0;0.0;1.0;7.0;1.0;A01
23677;201400015732;0;33;0;0.0;1.0;0.0;1.0;A01
23678;201400015733;1;30;0;0.0;2.0;7.0;0.0;Z01
23679;201400015733;0;7;0;0.0;2.0;1.0;1.0;A01
23680;201400015734;0;7;0;0.0;2.0;2.0;15.0;B01
23681;201400015734;0;7;0;0.0;2.0;1.0;1.0;A01
23682;201400015736;0;7;0;0.0;2.0;4.0;1.0;B01
23683;201400015736;0;7;0;0.0;2.0;2.0;1.0;A01
23684;201400015737;0;34;0;0.0;2.0;1.0;1.0;B01
23685;201400015737;0;7;0;0.0;2.0;6.0;21.0;A01
23686;201400015738;0;7;0;0.0;2.0;1.0;1.0;A01
23687;201400015738;0;31;0;0.0;2.0;4.0;2.0;B01
23688;201400015739;0;30;0;0.0;0.0;7.0;21.0;A01
23689;201400015742;0;33;0;0.0;2.0;1.0;5.0;A01
23690;201400015742;0;34;0;0.0;2.0;1.0;1.0;B01
23691;201400015743;0;7;0;0.0;1.0;1.0;1.0;A01
23692;201400015744;0;30;0;0.0;2.0;1.0;17.0;B01
23693;201400015744;0;7;0;0.0;2.0;8.0;15.0;A01
23694;201400015745;0;7;0;0.0;2.0;8.0;0.0;B01
23695;201400015745;0;14;0;0.0;2.0;7.0;1.0;A01
23696;201400015747;0;32;0;0.0;1.0;0.0;1.0;A01
23697;201400015748;0;33;0;0.0;2.0;1.0;1.0;B01
23698;201400015748;0;7;0;0.0;2.0;6.0;15.0;A01
23699;201400015749;0;7;0;6.0;0.0;2.0;1.0;A01
23700;201400015750;1;7;0;0.0;2.0;0.0;0.0;Z01
23701;201400015750;0;34;0;0.0;2.0;1.0;2.0;A01
23702;201400015751;0;7;0;0.0;2.0;6.0;2.0;B01
23703;201400015751;0;33;0;0.0;2.0;2.0;2.0;A01
23704;201400015752;1;7;0;0.0;2.0;1.0;17.0;Z01
23705;201400015752;0;7;0;0.0;2.0;8.0;1.0;A01
23706;201400015752;0;7;0;0.0;2.0;4.0;1.0;B01
23707;201400015753;0;30;0;0.0;2.0;3.0;1.0;A01
23708;201400015753;0;33;0;0.0;2.0;7.0;1.0;B01
23709;201400015754;0;7;0;9.0;0.0;1.0;15.0;A01
23710;201400015754;0;33;0;0.0;2.0;2.0;1.0;B01
23711;201400015755;0;2;0;0.0;2.0;3.0;2.0;A01
23712;201400015755;0;37;1;0.0;2.0;7.0;2.0;B01
23713;201400015756;0;33;0;0.0;2.0;0.0;1.0;B01
23714;201400015756;0;7;0;0.0;0.0;0.0;11.0;A01
23715;201400015757;0;10;0;0.0;1.0;3.0;11.0;A01
23716;201400015758;1;99;0;0.0;1.0;0.0;1.0;Z01
23717;201400015759;0;7;0;0.0;2.0;2.0;15.0;B01
23718;201400015759;0;7;0;0.0;2.0;1.0;2.0;A01
23719;201400015760;0;30;0;0.0;2.0;1.0;1.0;B01
23720;201400015760;0;7;0;0.0;2.0;8.0;9.0;A01
23721;201400015761;0;7;0;0.0;2.0;8.0;1.0;B01
23722;201400015761;0;7;0;0.0;2.0;2.0;12.0;A01
23723;201400015762;0;7;0;0.0;1.0;1.0;1.0;A01
23724;201400015763;0;7;0;0.0;1.0;1.0;15.0;A01
23725;201400015764;0;7;0;0.0;2.0;2.0;17.0;A01
23726;201400015764;0;7;0;0.0;2.0;3.0;3.0;B01
23727;201400015765;0;30;0;0.0;2.0;0.0;1.0;A01
23728;201400015765;0;7;0;0.0;9.0;8.0;20.0;B01
23729;201400015767;0;7;0;0.0;2.0;8.0;15.0;B01
23730;201400015767;0;34;0;0.0;2.0;1.0;17.0;A01
23731;201400015769;0;7;0;0.0;2.0;4.0;20.0;B01
23732;201400015769;1;7;0;0.0;2.0;1.0;1.0;Z01
23733;201400015770;0;7;0;0.0;2.0;7.0;23.0;B01
23734;201400015770;0;33;0;0.0;2.0;1.0;18.0;A01
23735;201400015771;0;33;0;0.0;0.0;0.0;21.0;B01
23736;201400015771;0;30;0;0.0;0.0;0.0;21.0;A01
23737;201400015772;0;30;0;0.0;2.0;1.0;10.0;A01
23738;201400015772;0;30;0;0.0;2.0;3.0;10.0;B01
23739;201400015773;0;7;0;0.0;2.0;0.0;2.0;A01
23740;201400015773;0;7;0;0.0;2.0;7.0;2.0;B01
23741;201400015774;1;7;0;0.0;1.0;7.0;1.0;Z01
23742;201400015775;1;7;0;0.0;2.0;7.0;15.0;Z01
23743;201400015775;0;2;0;0.0;2.0;3.0;1.0;A01
23744;201400015775;0;7;0;0.0;2.0;3.0;23.0;B01
23745;201400015776;0;33;0;8.0;0.0;1.0;15.0;A01
23746;201400015777;0;30;0;14.0;0.0;8.0;1.0;A01
23747;201400015778;0;30;0;0.0;0.0;0.0;0.0;A01
23748;201400015779;0;33;0;0.0;2.0;6.0;2.0;B01
23749;201400015779;0;7;0;0.0;2.0;0.0;2.0;A01
23750;201400015780;1;32;0;0.0;1.0;1.0;0.0;Z01
23751;201400015781;1;7;0;0.0;1.0;1.0;1.0;Z01
23752;201400015782;0;7;0;0.0;2.0;1.0;2.0;B01
23753;201400015782;0;13;0;0.0;2.0;4.0;2.0;A01
23754;201400015783;1;7;0;0.0;2.0;7.0;15.0;Z01
23755;201400015783;0;32;0;0.0;2.0;1.0;1.0;B01
23756;201400015784;0;7;0;0.0;2.0;1.0;1.0;B01
23757;201400015784;0;7;0;0.0;2.0;2.0;19.0;A01
23758;201400015785;0;37;1;0.0;2.0;6.0;23.0;B01
23759;201400015785;0;2;0;0.0;2.0;1.0;18.0;A01
23760;201400015786;0;30;0;0.0;2.0;0.0;9.0;B01
23761;201400015786;1;7;0;0.0;2.0;0.0;1.0;Z01
23762;201400015787;0;7;0;0.0;1.0;1.0;1.0;A01
23763;201400015788;0;32;0;0.0;2.0;8.0;2.0;A01
23764;201400015788;0;7;0;0.0;2.0;7.0;2.0;B01
23765;201400015789;1;7;0;0.0;1.0;1.0;1.0;Z01
23766;201400015790;0;32;0;0.0;2.0;2.0;21.0;A01
23767;201400015790;0;7;0;0.0;2.0;3.0;1.0;B01
23768;201400015791;0;33;0;0.0;0.0;7.0;1.0;B01
23769;201400015791;0;7;0;0.0;0.0;0.0;15.0;A01
23770;201400015792;0;7;0;0.0;1.0;3.0;4.0;A01