;Num_Acc;senc;catv;occutc;obs;obsm;choc;manv;num_veh
23771;201400015793;0;7;0;0.0;0.0;0.0;0.0;B01
23772;201400015793;0;1;0;0.0;2.0;1.0;1.0;A01
23773;201400015794;0;7;0;0.0;2.0;9.0;23.0;B01
23774;201400015794;0;13;0;0.0;2.0;4.0;23.0;C01
23775;201400015794;0;7;0;0.0;2.0;1.0;2.0;A01
23776;201400015795;0;7;0;0.0;1.0;0.0;1.0;A01
23777;201400015796;0;7;0;0.0;2.0;1.0;9.0;A01
23778;201400015796;0;7;0;0.0;2.0;8.0;1.0;B01
23779;201400015797;0;7;0;0.0;2.0;2.0;9.0;A01
23780;201400015797;0;32;0;0.0;2.0;2.0;1.0;B01
23781;201400015798;0;7;0;0.0;2.0;4.0;2.0;B01
23782;201400015798;0;7;0;0.0;2.0;1.0;2.0;A01
23783;201400015799;0;7;0;0.0;2.0;1.0;1.0;A01
23784;201400015799;0;7;0;0.0;1.0;1.0;16.0;B01
23785;201400015800;0;7;0;0.0;2.0;4.0;23.0;B01
23786;201400015800;0;7;0;0.0;2.0;1.0;2.0;A01
23787;201400015801;0;7;0;0.0;2.0;5.0;15.0;A01
23788;201400015801;0;33;0;0.0;2.0;3.0;1.0;B01
23789;201400015802;0;7;0;0.0;1.0;2.0;15.0;A01
23790;201400015803;0;7;0;0.0;2.0;0.0;1.0;B01
23791;201400015803;0;14;0;0.0;2.0;2.0;9.0;A01
23792;201400015804;1;7;0;0.0;2.0;0.0;0.0;Z01
23793;201400015804;0;34;0;0.0;2.0;7.0;1.0;A01
23794;201400015805;1;7;0;0.0;2.0;0.0;1.0;Z01
23795;201400015805;0;7;0;0.0;2.0;1.0;1.0;A01
23796;201400015806;0;7;0;0.0;2.0;1.0;1.0;B01
23797;201400015806;0;7;0;0.0;2.0;7.0;1.0;A01
23798;201400015807;0;7;0;0.0;2.0;3.0;1.0;B01
23799;201400015807;0;30;0;0.0;2.0;3.0;1.0;A01
23800;201400015808;0;33;0;0.0;2.0;1.0;1.0;A01
23801;201400015808;0;7;0;0.0;2.0;4.0;1.0;B01
23802;201400015809;0;33;0;0.0;2.0;1.0;15.0;A01
23803;201400015809;0;7;0;0.0;2.0;2.0;19.0;B01
23804;201400015810;0;7;0;0.0;2.0;8.0;1.0;B01
23805;201400015810;0;7;0;0.0;2.0;1.0;19.0;A01
23806;201400015811;0;7;0;0.0;2.0;2.0;1.0;B01
23807;201400015811;0;7;0;0.0;2.0;1.0;19.0;A01
23808;201400015812;1;7;0;0.0;1.0;1.0;1.0;Z01
23809;201400015813;0;7;0;0.0;1.0;2.0;1.0;A01
23810;201400015814;0;7;0;0.0;2.0;6.0;1.0;A01
23811;201400015814;0;33;0;0.0;2.0;1.0;12.0;B01
23812;201400015815;0;32;0;0.0;2.0;0.0;2.0;A01
23813;201400015815;0;7;0;0.0;2.0;0.0;11.0;B01
23814;201400015816;0;7;0;0.0;2.0;7.0;15.0;A01
23815;201400015816;0;7;0;0.0;2.0;2.0;1.0;B01
23816;201400015817;0;7;0;0.0;2.0;4.0;2.0;A01
23817;201400015817;0;7;0;0.0;2.0;4.0;2.0;B01
23818;201400015818;0;7;0;0.0;2.0;8.0;1.0;B01
23819;201400015818;0;7;0;0.0;2.0;1.0;9.0;A01
23820;201400015819;0;37;1;0.0;2.0;6.0;23.0;B01
23821;201400015819;0;32;0;0.0;2.0;1.0;1.0;A01
23822;201400015820;0;10;0;0.0;1.0;0.0;1.0;A01
23823;201400015821;0;33;0;0.0;2.0;1.0;9.0;B01
23824;201400015821;0;7;0;0.0;2.0;7.0;9.0;A01
23825;201400015822;0;30;0;0.0;0.0;0.0;1.0;A01
23826;201400015823;0;30;0;0.0;0.0;0.0;1.0;A01
23827;201400015824;0;14;0;0.0;2.0;0.0;0.0;A01
23828;201400015824;0;7;0;0.0;1.0;2.0;1.0;B01
23829;201400015825;0;7;0;0.0;2.0;3.0;1.0;B01
23830;201400015825;0;7;0;0.0;2.0;1.0;16.0;A01
23831;201400015826;0;7;0;0.0;2.0;4.0;1.0;B01
23832;201400015826;0;7;0;0.0;2.0;5.0;2.0;A01
23833;201400015827;0;7;0;0.0;2.0;1.0;15.0;A01
23834;201400015827;0;34;0;0.0;2.0;7.0;1.0;B01
23835;201400015828;0;7;0;0.0;2.0;1.0;2.0;A01
23836;201400015828;0;10;0;0.0;2.0;4.0;23.0;C01
23837;201400015828;0;7;0;0.0;2.0;4.0;23.0;B01
23838;201400015829;0;32;0;0.0;1.0;1.0;1.0;A01
23839;201400015830;0;31;0;0.0;2.0;1.0;1.0;B01
23840;201400015830;0;7;0;0.0;2.0;3.0;9.0;A01
23841;201400015831;0;7;0;0.0;2.0;3.0;1.0;B01
23842;201400015831;0;7;0;0.0;2.0;1.0;1.0;A01
23843;201400015832;0;7;0;0.0;2.0;7.0;1.0;A01
23844;201400015832;0;32;0;0.0;2.0;1.0;1.0;B01
23845;201400015833;0;7;0;0.0;1.0;1.0;1.0;A01
23846;201400015834;0;7;0;0.0;2.0;2.0;16.0;B01
23847;201400015834;0;31;0;0.0;2.0;3.0;18.0;A01
23848;201400015835;0;30;0;0.0;2.0;1.0;17.0;A01
23849;201400015835;0;7;0;0.0;2.0;3.0;15.0;B01
23850;201400015836;0;33;0;0.0;1.0;1.0;1.0;A01
23851;201400015837;0;2;0;14.0;0.0;1.0;1.0;A01
23852;201400015838;0;7;0;0.0;2.0;1.0;2.0;A01
23853;201400015838;0;32;0;0.0;2.0;4.0;23.0;B01
23854;201400015839;0;7;0;0.0;1.0;1.0;17.0;A01
23855;201400015840;0;7;0;0.0;2.0;4.0;2.0;C01
23856;201400015840;0;7;0;0.0;2.0;4.0;2.0;B01
23857;201400015840;0;7;0;0.0;2.0;1.0;2.0;A01
23858;201400015842;0;7;0;0.0;2.0;3.0;9.0;A01
23859;201400015842;0;30;0;0.0;2.0;1.0;17.0;B01
23860;201400015843;0;7;0;0.0;2.0;6.0;1.0;B01
23861;201400015843;0;7;0;0.0;2.0;4.0;4.0;A01
23862;201400015844;0;7;0;0.0;1.0;3.0;1.0;A01
23863;201400015845;0;34;0;0.0;0.0;0.0;1.0;A01
23864;201400015846;0;3;0;0.0;1.0;1.0;1.0;A01
23865;201400015847;0;7;0;0.0;2.0;3.0;23.0;B01
23866;201400015847;0;7;0;0.0;2.0;8.0;1.0;A01
23867;201400015848;0;7;0;6.0;0.0;1.0;1.0;A01
23868;201400015848;0;7;0;0.0;0.0;0.0;1.0;C01
23869;201400015848;0;7;0;0.0;0.0;0.0;1.0;B01
23870;201400015849;0;7;0;8.0;0.0;1.0;6.0;A01
23871;201400015850;0;7;0;0.0;2.0;4.0;2.0;B01
23872;201400015850;0;32;0;0.0;2.0;1.0;2.0;A01
23873;201400015851;0;7;0;0.0;2.0;4.0;23.0;C01
23874;201400015851;0;7;0;0.0;2.0;4.0;2.0;B01
23875;201400015851;0;10;0;0.0;2.0;1.0;2.0;A01
23876;201400015852;0;7;0;0.0;2.0;8.0;15.0;A01
23877;201400015852;0;30;0;0.0;2.0;2.0;17.0;B01
23878;201400015853;0;7;0;1.0;0.0;2.0;14.0;A01
23879;201400015855;0;2;0;0.0;2.0;3.0;0.0;A01
23880;201400015855;0;7;0;0.0;2.0;2.0;16.0;B01
23881;201400015856;0;7;0;0.0;2.0;7.0;1.0;B01
23882;201400015856;0;34;0;0.0;2.0;1.0;5.0;A01
23883;201400015858;0;30;0;0.0;1.0;0.0;0.0;A01
23884;201400015859;0;7;0;0.0;2.0;5.0;1.0;A01
23885;201400015859;0;7;0;0.0;2.0;2.0;1.0;B01
23886;201400015860;0;7;0;0.0;2.0;1.0;2.0;A01
23887;201400015860;0;7;0;0.0;2.0;4.0;2.0;B01
23888;201400015861;0;7;0;0.0;2.0;3.0;0.0;C01
23889;201400015861;0;37;1;0.0;2.0;1.0;1.0;B01
23890;201400015861;0;7;0;0.0;2.0;1.0;16.0;A01
23891;201400015862;0;99;0;0.0;2.0;6.0;1.0;B01
23892;201400015862;0;7;0;0.0;2.0;3.0;9.0;A01
23893;201400015863;0;7;0;0.0;2.0;3.0;13.0;B01
23894;201400015863;0;7;0;0.0;2.0;1.0;16.0;A01
23895;201400015864;0;33;0;1.0;2.0;1.0;1.0;A01
23896;201400015864;0;7;0;0.0;2.0;1.0;9.0;B01
23897;201400015865;0;7;0;0.0;2.0;4.0;1.0;B01
23898;201400015865;0;30;0;0.0;2.0;1.0;2.0;A01
23899;201400015866;1;7;0;0.0;1.0;1.0;1.0;Z01
23900;201400015867;0;7;0;0.0;2.0;2.0;15.0;A01
23901;201400015867;0;34;0;0.0;2.0;3.0;1.0;B01
23902;201400015868;0;32;0;0.0;0.0;8.0;17.0;A01
23903;201400015869;1;7;0;1.0;1.0;9.0;0.0;Z01
23904;201400015870;0;1;0;0.0;1.0;1.0;1.0;A01
23905;201400015874;0;34;0;0.0;1.0;1.0;19.0;A01
23906;201400015876;1;7;0;0.0;2.0;5.0;1.0;Z01
23907;201400015876;0;33;0;0.0;2.0;1.0;1.0;A01
23908;201400015878;0;34;0;0.0;2.0;3.0;1.0;B01
23909;201400015878;0;7;0;0.0;2.0;1.0;1.0;A01
23910;201400015879;0;10;0;0.0;2.0;1.0;1.0;B01
23911;201400015879;0;10;0;0.0;2.0;0.0;1.0;A01
23912;201400015880;0;30;0;0.0;2.0;3.0;12.0;B01
23913;201400015880;0;7;0;0.0;2.0;3.0;15.0;A01
23914;201400015881;0;7;0;0.0;2.0;4.0;1.0;B01
23915;201400015881;0;7;0;0.0;2.0;3.0;6.0;A01
23916;201400015882;0;7;0;13.0;0.0;1.0;0.0;C01
23917;201400015882;0;7;0;0.0;2.0;1.0;1.0;A01
23918;201400015882;1;7;0;0.0;2.0;0.0;0.0;Z01
23919;201400015883;0;7;0;0.0;2.0;3.0;15.0;B01
23920;201400015883;0;7;0;8.0;2.0;2.0;17.0;A01
23921;201400015884;0;7;0;0.0;2.0;1.0;1.0;B01
23922;201400015884;0;7;0;0.0;2.0;1.0;15.0;A01
23923;201400015885;0;32;0;0.0;2.0;1.0;17.0;A01
23924;201400015885;0;7;0;0.0;2.0;3.0;15.0;B01
23925;201400015886;1;7;0;0.0;1.0;1.0;16.0;Z01
23926;201400015887;0;30;0;0.0;2.0;2.0;5.0;A01
23927;201400015887;0;34;0;0.0;2.0;8.0;1.0;B01
23928;201400015890;0;7;0;0.0;2.0;1.0;1.0;A01
23929;201400015890;0;7;0;0.0;2.0;1.0;1.0;B01
23930;201400015891;0;32;0;0.0;2.0;8.0;1.0;B01
23931;201400015891;0;7;0;0.0;2.0;3.0;15.0;A01
23932;201400015892;1;7;0;0.0;2.0;2.0;1.0;Z01
23933;201400015892;0;7;0;0.0;2.0;6.0;0.0;A01
23934;201400015893;0;7;0;0.0;2.0;8.0;15.0;A01
23935;201400015893;0;32;0;1.0;2.0;7.0;17.0;B01
23936;201400015894;0;7;0;0.0;2.0;4.0;2.0;B01
23937;201400015894;0;7;0;0.0;2.0;1.0;2.0;A01
23938;201400015894;0;7;0;0.0;2.0;4.0;23.0;C01
23939;201400015895;0;7;0;0.0;2.0;2.0;1.0;B01
23940;201400015895;0;7;0;0.0;2.0;1.0;9.0;A01
23941;201400015896;0;32;0;0.0;0.0;0.0;1.0;A01
23942;201400015897;0;7;0;0.0;2.0;1.0;23.0;A01
23943;201400015897;1;7;0;0.0;2.0;1.0;1.0;Z01
23944;201400015897;0;7;0;0.0;2.0;4.0;23.0;B01
23945;201400015898;0;7;0;0.0;2.0;1.0;1.0;A01
23946;201400015898;0;7;0;0.0;2.0;4.0;1.0;C01
23947;201400015898;0;7;0;0.0;2.0;4.0;1.0;B01
23948;201400015899;0;7;0;0.0;2.0;1.0;1.0;A01
23949;201400015899;0;7;0;0.0;0.0;4.0;2.0;B01
23950;201400015900;0;40;0;0.0;0.0;8.0;1.0;B01
23951;201400015900;0;7;0;0.0;4.0;2.0;1.0;A01
23952;201400015901;0;7;0;8.0;0.0;1.0;1.0;A01
23953;201400015902;0;7;0;0.0;0.0;2.0;1.0;B01
23954;201400015903;1;30;0;0.0;1.0;1.0;1.0;Z01
23955;201400015904;0;7;0;0.0;2.0;6.0;15.0;A01
23956;201400015904;0;33;0;0.0;2.0;3.0;17.0;B01
23957;201400015905;0;30;0;0.0;2.0;1.0;1.0;A01
23958;201400015905;1;7;0;0.0;2.0;0.0;1.0;Z01
23959;201400015906;1;7;0;0.0;1.0;0.0;1.0;Z01
23960;201400015907;0;7;0;0.0;2.0;3.0;15.0;B01
23961;201400015907;0;34;0;0.0;2.0;1.0;17.0;A01
23962;201400015908;0;7;0;0.0;2.0;5.0;12.0;A01
23963;201400015908;0;32;0;0.0;2.0;3.0;12.0;B01
23964;201400015909;0;7;0;0.0;2.0;6.0;9.0;B01
23965;201400015909;0;7;0;0.0;2.0;1.0;1.0;A01
23966;201400015910;0;7;0;0.0;2.0;2.0;1.0;B01
23967;201400015910;0;7;0;0.0;2.0;8.0;11.0;A01
23968;201400015911;1;7;0;0.0;2.0;2.0;11.0;Z01
23969;201400015911;0;2;0;0.0;2.0;1.0;1.0;A01
23970;201400015912;0;7;0;0.0;2.0;4.0;2.0;B01
23971;201400015912;0;32;0;0.0;2.0;1.0;2.0;A01
23972;201400015913;0;7;0;0.0;2.0;3.0;15.0;A01
23973;201400015913;0;37;2;0.0;2.0;2.0;21.0;B01
23974;201400015914;0;7;0;0.0;2.0;4.0;1.0;B01
23975;201400015914;0;7;0;0.0;2.0;4.0;2.0;D01
23976;201400015914;1;10;0;0.0;2.0;1.0;1.0;Z01
23977;201400015914;0;7;0;0.0;2.0;4.0;2.0;C01
23978;201400015915;0;7;0;0.0;2.0;4.0;2.0;A01
23979;201400015915;0;7;0;0.0;2.0;1.0;2.0;B01
23980;201400015915;0;7;0;0.0;2.0;1.0;2.0;C01
23981;201400015916;0;34;0;0.0;2.0;1.0;1.0;B01
23982;201400015916;1;7;0;0.0;2.0;7.0;1.0;Z01
23983;201400015917;0;7;0;0.0;2.0;9.0;6.0;A01
23984;201400015917;0;7;0;0.0;2.0;8.0;1.0;B01
23985;201400015918;1;7;0;0.0;1.0;1.0;0.0;Z01
23986;201400015919;0;7;0;0.0;1.0;2.0;1.0;A01
23987;201400015921;0;7;0;0.0;1.0;6.0;15.0;A01
23988;201400015922;1;7;0;0.0;2.0;1.0;17.0;Z01
23989;201400015922;0;30;0;0.0;2.0;2.0;2.0;B01
23990;201400015923;0;7;0;0.0;2.0;9.0;23.0;B01
23991;201400015923;0;7;0;0.0;2.0;1.0;2.0;A01
23992;201400015923;0;7;0;0.0;2.0;4.0;23.0;C01
23993;201400015924;0;7;0;0.0;1.0;4.0;4.0;A01
23994;201400015926;0;13;0;0.0;2.0;1.0;1.0;A01
23995;201400015926;1;7;0;0.0;2.0;0.0;1.0;Z01
23996;201400015927;0;7;0;0.0;2.0;7.0;15.0;A01
23997;201400015927;0;34;0;0.0;2.0;3.0;1.0;B01
23998;201400015928;0;30;0;0.0;2.0;1.0;1.0;B01
23999;201400015928;0;7;0;0.0;2.0;2.0;15.0;A01
24000;201400015929;0;7;0;0.0;2.0;1.0;1.0;B01
24001;201400015929;0;30;0;0.0;2.0;7.0;1.0;A01
24002;201400015930;0;7;0;0.0;9.0;2.0;16.0;B01
24003;201400015930;0;2;0;0.0;2.0;3.0;5.0;A01
24004;201400015931;0;7;0;0.0;2.0;3.0;1.0;A01
24005;201400015931;0;7;0;0.0;2.0;3.0;9.0;B01
24006;201400015932;0;7;0;0.0;2.0;3.0;19.0;A01
24007;201400015932;0;30;0;0.0;2.0;1.0;17.0;B01
24008;201400015933;0;7;0;0.0;2.0;2.0;1.0;A01
24009;201400015933;0;7;0;0.0;2.0;1.0;1.0;B01
24010;201400015934;0;7;0;0.0;1.0;1.0;1.0;A01
24011;201400015935;0;32;0;0.0;2.0;3.0;18.0;A01
24012;201400015935;0;7;0;0.0;2.0;5.0;15.0;B01
24013;201400015936;0;7;0;0.0;2.0;4.0;23.0;B01
24014;201400015936;0;7;0;0.0;2.0;1.0;1.0;A01
24015;201400015938;0;33;0;0.0;2.0;1.0;1.0;B01
24016;201400015938;0;7;0;0.0;2.0;8.0;10.0;A01
24017;201400015939;0;7;0;0.0;2.0;4.0;21.0;B01
24018;201400015939;0;7;0;1.0;0.0;4.0;21.0;A01
24019;201400015940;0;7;0;0.0;1.0;3.0;1.0;A01
24020;201400015941;0;7;0;0.0;2.0;3.0;9.0;A01
24021;201400015941;0;7;0;0.0;0.0;1.0;0.0;B01
24022;201400015942;0;7;0;0.0;2.0;5.0;1.0;B01
24023;201400015942;0;30;0;0.0;2.0;1.0;1.0;A01
24024;201400015943;0;30;0;0.0;2.0;1.0;1.0;A01
24025;201400015943;0;30;0;0.0;2.0;7.0;1.0;B01
24026;201400015944;0;33;0;0.0;1.0;2.0;1.0;A01
24027;201400015945;0;7;0;0.0;2.0;5.0;3.0;A01
24028;201400015945;0;7;0;0.0;2.0;3.0;1.0;B01
24029;201400015946;0;14;0;0.0;1.0;8.0;15.0;A01
24030;201400015947;0;7;0;0.0;1.0;3.0;16.0;A01
24031;201400015948;0;7;0;0.0;2.0;2.0;1.0;B01
24032;201400015948;0;7;0;0.0;2.0;1.0;1.0;A01
24033;201400015949;1;1;0;0.0;1.0;0.0;1.0;Z01
24034;201400015950;0;33;0;0.0;2.0;7.0;17.0;B01
24035;201400015950;0;7;0;0.0;2.0;3.0;23.0;C01
24036;201400015950;0;7;0;0.0;2.0;8.0;18.0;A01
24037;201400015951;0;7;0;0.0;2.0;5.0;1.0;B01
24038;201400015951;0;34;0;0.0;2.0;1.0;1.0;A01
24039;201400015954;0;7;0;0.0;2.0;4.0;2.0;B01
24040;201400015954;0;7;0;0.0;2.0;1.0;2.0;A01
24041;201400015955;0;7;0;0.0;9.0;8.0;2.0;A01
24042;201400015955;0;1;0;0.0;2.0;7.0;2.0;B01
24043;201400015956;0;7;0;0.0;1.0;1.0;1.0;A01
24044;201400015957;1;7;0;0.0;1.0;0.0;1.0;Z01
24045;201400015958;0;7;0;0.0;1.0;1.0;0.0;A01
24046;201400015959;0;7;0;0.0;2.0;1.0;15.0;A01
24047;201400015959;0;30;0;0.0;2.0;2.0;17.0;B01
24048;201400015960;0;7;0;8.0;0.0;1.0;1.0;A01
24049;201400015963;0;7;0;0.0;2.0;3.0;15.0;A01
24050;201400015963;0;30;0;0.0;2.0;9.0;1.0;B01
24051;201400015964;0;10;0;0.0;2.0;2.0;1.0;B01
24052;201400015964;0;1;0;0.0;2.0;8.0;19.0;A01
24053;201400015965;0;7;0;0.0;2.0;7.0;16.0;B01
24054;201400015965;0;33;0;0.0;2.0;8.0;2.0;A01
24055;201400015966;0;7;0;0.0;2.0;2.0;19.0;A01
24056;201400015966;0;33;0;0.0;2.0;1.0;1.0;B01
24057;201400015967;0;7;0;0.0;2.0;3.0;13.0;A01
24058;201400015967;0;7;0;0.0;2.0;8.0;1.0;B01
24059;201400015968;1;7;0;0.0;1.0;0.0;1.0;Z01
24060;201400015969;0;30;0;0.0;2.0;1.0;1.0;A01
24061;201400015970;0;7;0;0.0;2.0;4.0;2.0;C01
24062;201400015970;0;7;0;0.0;2.0;1.0;2.0;A01
24063;201400015970;0;7;0;0.0;2.0;9.0;2.0;B01
24064;201400015971;1;7;0;0.0;2.0;3.0;13.0;Z01
24065;201400015971;0;30;0;0.0;2.0;1.0;1.0;A01
24066;201400015973;0;7;0;0.0;2.0;3.0;15.0;A01
24067;201400015973;0;7;0;0.0;2.0;3.0;1.0;B01
24068;201400015974;1;7;0;0.0;1.0;0.0;0.0;Z01
24069;201400015977;0;7;0;0.0;2.0;4.0;23.0;B01
24070;201400015977;0;7;0;0.0;2.0;1.0;1.0;A01
24071;201400015978;0;7;0;0.0;1.0;1.0;16.0;A01
24072;201400015979;0;30;0;0.0;5.0;1.0;1.0;A01
24073;201400015981;0;33;0;0.0;2.0;4.0;0.0;C01
24074;201400015981;1;7;0;0.0;2.0;3.0;13.0;Z01
24075;201400015981;0;7;0;0.0;2.0;3.0;1.0;B01
24076;201400015982;0;7;0;0.0;2.0;1.0;1.0;A01
24077;201400015982;0;7;0;0.0;2.0;3.0;1.0;B01
24078;201400015983;0;2;0;0.0;0.0;1.0;1.0;A01
24079;201400015984;0;7;0;0.0;2.0;1.0;1.0;B01
24080;201400015984;0;7;0;0.0;2.0;6.0;1.0;A01
24081;201400015986;0;33;0;0.0;2.0;0.0;1.0;A01
24082;201400015986;0;10;0;0.0;2.0;2.0;12.0;B01
24083;201400015987;0;7;0;15.0;0.0;2.0;1.0;A01
24084;201400015988;0;7;0;0.0;2.0;1.0;1.0;B01
24085;201400015988;0;7;0;16.0;2.0;1.0;6.0;A01
24086;201400015989;0;7;0;0.0;1.0;4.0;4.0;A01
24087;201400015990;0;7;0;0.0;2.0;2.0;2.0;A01
24088;201400015990;0;7;0;0.0;2.0;3.0;23.0;B01
24089;201400015990;0;7;0;0.0;2.0;6.0;2.0;C01
24090;201400015991;0;30;0;0.0;2.0;1.0;2.0;A01
24091;201400015991;0;10;0;0.0;2.0;4.0;2.0;B01
24092;201400015992;0;7;0;0.0;2.0;4.0;2.0;B01
24093;201400015992;0;33;0;0.0;2.0;1.0;2.0;A01
24094;201400015993;0;7;0;0.0;2.0;3.0;9.0;A01
24095;201400015993;0;30;0;0.0;2.0;1.0;1.0;B01
24096;201400015995;0;32;0;0.0;2.0;0.0;17.0;B01
24097;201400015995;0;7;0;0.0;2.0;0.0;13.0;A01
24098;201400015997;0;33;0;0.0;1.0;1.0;1.0;A01
24099;201400015998;0;7;0;0.0;1.0;2.0;1.0;A01
24100;201400015999;0;7;0;0.0;2.0;1.0;9.0;A01
24101;201400015999;0;7;0;0.0;2.0;7.0;1.0;B01
24102;201400016000;0;7;0;0.0;2.0;1.0;2.0;A01
24103;201400016000;0;7;0;0.0;2.0;9.0;2.0;B01
24104;201400016000;0;7;0;0.0;2.0;4.0;2.0;C01
24105;201400016001;0;2;0;0.0;1.0;1.0;2.0;A01
24106;201400016002;0;7;0;0.0;2.0;3.0;1.0;B01
24107;201400016002;0;34;0;0.0;2.0;1.0;1.0;A01
24108;201400016003;0;7;0;0.0;2.0;1.0;9.0;A01
24109;201400016003;0;30;0;0.0;2.0;8.0;1.0;B01
24110;201400016004;0;7;0;8.0;0.0;1.0;1.0;A01
24111;201400016005;0;7;0;0.0;2.0;8.0;15.0;A01
24112;201400016005;0;33;0;0.0;2.0;1.0;1.0;B01
24113;201400016008;0;7;0;1.0;0.0;3.0;15.0;A01
24114;201400016009;0;30;0;0.0;2.0;5.0;17.0;A01
24115;201400016009;0;7;0;0.0;2.0;3.0;2.0;B01
24116;201400016010;0;7;0;0.0;2.0;6.0;1.0;B01
24117;201400016010;0;33;0;11.0;2.0;3.0;17.0;A01
24118;201400016011;0;33;0;0.0;2.0;1.0;1.0;B01
24119;201400016011;0;7;0;0.0;2.0;2.0;15.0;A01
24120;201400016012;0;7;0;0.0;1.0;7.0;13.0;A01
24121;201400016014;0;7;0;0.0;2.0;2.0;1.0;B01
24122;201400016014;0;7;0;0.0;2.0;8.0;9.0;A01
24123;201400016018;0;10;0;0.0;1.0;4.0;4.0;A01
24124;201400016019;0;33;0;6.0;0.0;2.0;0.0;A01
24125;201400016022;0;7;0;0.0;2.0;2.0;15.0;A01
24126;201400016022;0;7;0;0.0;2.0;1.0;1.0;B01
24127;201400016023;0;33;0;1.0;0.0;1.0;21.0;A01
24128;201400016024;0;30;0;0.0;2.0;1.0;9.0;A01
24129;201400016024;0;7;0;0.0;2.0;2.0;1.0;B01
24130;201400016025;1;7;0;0.0;1.0;1.0;15.0;Z01
24131;201400016026;0;30;0;0.0;1.0;1.0;1.0;A01
24132;201400016028;0;7;0;0.0;0.0;1.0;9.0;A01
24133;201400016028;0;30;0;0.0;2.0;2.0;17.0;B01
24134;201400016029;0;33;0;13.0;0.0;7.0;1.0;A01
24135;201400016030;0;7;0;0.0;1.0;1.0;1.0;A01
24136;201400016031;1;7;0;0.0;1.0;5.0;1.0;Z01
24137;201400016032;0;7;0;0.0;2.0;3.0;1.0;B01
24138;201400016032;0;10;0;0.0;2.0;2.0;15.0;A01
24139;201400016033;0;7;0;0.0;2.0;1.0;17.0;A01
24140;201400016033;0;7;0;0.0;2.0;2.0;1.0;B01
24141;201400016034;1;7;0;0.0;2.0;1.0;1.0;B01
24142;201400016034;0;7;0;0.0;2.0;2.0;10.0;A01
24143;201400016035;0;7;0;0.0;2.0;4.0;2.0;C01
24144;201400016035;0;7;0;0.0;2.0;1.0;2.0;A01
24145;201400016035;0;7;0;0.0;0.0;4.0;2.0;B01
24146;201400016036;0;7;0;8.0;0.0;1.0;14.0;A01
24147;201400016037;0;7;0;0.0;2.0;3.0;10.0;A01
24148;201400016037;0;34;0;0.0;2.0;2.0;1.0;B01
24149;201400016038;0;7;0;0.0;2.0;4.0;2.0;B01
24150;201400016038;0;7;0;0.0;2.0;1.0;2.0;A01
24151;201400016039;1;10;0;0.0;2.0;1.0;1.0;Z01
24152;201400016039;0;7;0;0.0;2.0;1.0;23.0;A01
24153;201400016040;0;7;0;0.0;2.0;3.0;13.0;A01
24154;201400016040;0;7;0;0.0;2.0;3.0;1.0;B01
24155;201400016041;0;7;0;0.0;2.0;3.0;1.0;B01
24156;201400016041;0;30;0;0.0;2.0;1.0;5.0;A01
24157;201400016042;0;7;0;0.0;1.0;1.0;1.0;A01
24158;201400016043;0;7;0;0.0;2.0;2.0;4.0;A01
24159;201400016043;0;7;0;0.0;2.0;1.0;2.0;B01
24160;201400016043;0;7;0;0.0;2.0;4.0;2.0;C01
24161;201400016044;0;32;0;0.0;2.0;8.0;1.0;A01
24162;201400016044;0;7;0;0.0;2.0;2.0;15.0;B01
24163;201400016045;0;7;0;0.0;1.0;1.0;1.0;A01
24164;201400016046;0;7;0;0.0;2.0;8.0;13.0;A01
24165;201400016046;0;32;0;0.0;2.0;1.0;17.0;B01
24166;201400016047;0;30;0;0.0;0.0;1.0;1.0;A01
24167;201400016048;0;7;0;0.0;1.0;2.0;1.0;A01
24168;201400016049;0;7;0;0.0;2.0;8.0;1.0;B01
24169;201400016049;0;7;0;0.0;2.0;1.0;1.0;A01
24170;201400016050;0;7;0;2.0;0.0;2.0;13.0;A01
24171;201400016051;0;32;0;0.0;0.0;0.0;0.0;A01
24172;201400016052;0;7;0;0.0;2.0;1.0;15.0;A01
24173;201400016052;0;7;0;0.0;2.0;3.0;1.0;B01
24174;201400016052;0;7;0;0.0;2.0;3.0;1.0;C01
24175;201400016053;0;30;0;0.0;1.0;0.0;0.0;A01
24176;201400016054;0;30;0;0.0;9.0;8.0;1.0;A01
24177;201400016055;0;7;0;0.0;1.0;7.0;1.0;A01
24178;201400016056;0;7;0;0.0;2.0;4.0;2.0;B01
24179;201400016056;0;7;0;0.0;2.0;1.0;2.0;A01
24180;201400016057;0;7;0;12.0;0.0;1.0;0.0;A01
24181;201400016058;0;33;0;0.0;2.0;2.0;2.0;A01
24182;201400016058;0;7;0;0.0;2.0;4.0;2.0;B01
24183;201400016059;0;7;0;0.0;1.0;3.0;1.0;A01
24184;201400016060;0;7;0;0.0;0.0;1.0;2.0;A01
24185;201400016060;0;7;0;0.0;2.0;4.0;2.0;B01
24186;201400016060;0;7;0;0.0;2.0;4.0;2.0;C01
24187;201400016061;0;7;0;0.0;2.0;1.0;21.0;A01
24188;201400016061;0;7;0;0.0;2.0;3.0;21.0;B01
24189;201400016062;0;30;0;0.0;2.0;1.0;1.0;B01
24190;201400016062;0;7;0;0.0;2.0;2.0;15.0;A01
24191;201400016063;0;7;0;0.0;2.0;1.0;2.0;A01