;Num_Acc;senc;catv;occutc;obs;obsm;choc;manv;num_veh
24192;201400016063;0;7;0;0.0;2.0;4.0;2.0;B01
24193;201400016064;0;7;0;0.0;2.0;7.0;17.0;A01
24194;201400016064;0;7;0;0.0;2.0;1.0;1.0;B01
24195;201400016065;0;7;0;0.0;2.0;3.0;13.0;A01
24196;201400016065;0;32;0;0.0;2.0;1.0;2.0;B01
24197;201400016066;0;7;0;0.0;1.0;3.0;10.0;A01
24198;201400016067;1;7;0;0.0;1.0;0.0;1.0;Z01
24199;201400016068;1;7;0;0.0;1.0;0.0;1.0;Z01
24200;201400016069;2;7;0;1.0;0.0;3.0;1.0;A01
24201;201400016069;0;7;0;0.0;2.0;4.0;24.0;B01
24202;201400016070;0;2;0;0.0;2.0;1.0;1.0;A01
24203;201400016070;0;7;0;0.0;2.0;7.0;15.0;B01
24204;201400016071;0;7;0;0.0;2.0;5.0;1.0;B01
24205;201400016071;0;7;0;0.0;2.0;2.0;1.0;A01
24206;201400016072;0;34;0;0.0;2.0;1.0;2.0;A01
24207;201400016072;0;7;0;0.0;2.0;5.0;16.0;B01
24208;201400016073;0;7;0;0.0;1.0;7.0;1.0;A01
24209;201400016074;1;7;0;0.0;2.0;2.0;1.0;Z01
24210;201400016075;0;7;0;0.0;2.0;8.0;15.0;A01
24211;201400016075;0;37;1;0.0;2.0;1.0;1.0;B01
24212;201400016076;0;7;0;0.0;1.0;2.0;16.0;A01
24213;201400016077;0;3;0;0.0;2.0;3.0;15.0;B01
24214;201400016077;0;2;0;0.0;2.0;2.0;17.0;A01
24215;201400016078;0;7;0;0.0;2.0;2.0;1.0;A01
24216;201400016078;0;7;0;0.0;2.0;6.0;1.0;B01
24217;201400016080;0;1;0;0.0;2.0;7.0;19.0;B01
24218;201400016080;0;7;0;0.0;2.0;2.0;16.0;A01
24219;201400016081;0;7;0;0.0;2.0;4.0;1.0;B01
24220;201400016081;0;32;0;0.0;2.0;1.0;1.0;A01
24221;201400016082;0;33;0;0.0;2.0;1.0;1.0;B01
24222;201400016082;0;7;0;0.0;2.0;3.0;15.0;A01
24223;201400016083;0;7;0;0.0;2.0;7.0;15.0;B01
24224;201400016083;0;7;0;0.0;2.0;8.0;1.0;A01
24225;201400016084;0;7;0;0.0;2.0;6.0;16.0;B01
24226;201400016084;0;7;0;0.0;2.0;2.0;13.0;A01
24227;201400016085;0;7;0;0.0;2.0;2.0;1.0;B01
24228;201400016085;0;7;0;0.0;2.0;8.0;9.0;A01
24229;201400016086;1;7;0;0.0;2.0;1.0;1.0;Z01
24230;201400016086;0;30;0;0.0;2.0;4.0;1.0;A01
24231;201400016087;0;7;0;0.0;2.0;1.0;15.0;B01
24232;201400016087;0;2;0;0.0;2.0;1.0;1.0;A01
24233;201400016088;0;7;0;0.0;2.0;3.0;15.0;B01
24234;201400016088;0;32;0;0.0;2.0;1.0;17.0;A01
24235;201400016089;0;7;0;0.0;2.0;2.0;15.0;A01
24236;201400016089;0;33;0;0.0;2.0;1.0;1.0;B01
24237;201400016090;0;7;0;0.0;2.0;3.0;15.0;A01
24238;201400016090;0;34;0;0.0;2.0;1.0;1.0;B01
24239;201400016091;0;32;0;0.0;2.0;1.0;1.0;A01
24240;201400016091;0;7;0;0.0;2.0;2.0;1.0;B01
24241;201400016092;0;7;0;0.0;2.0;7.0;1.0;B01
24242;201400016092;0;7;0;0.0;2.0;1.0;1.0;A01
24243;201400016093;0;7;0;0.0;1.0;1.0;15.0;A01
24244;201400016094;0;32;0;0.0;2.0;8.0;23.0;B01
24245;201400016094;1;7;0;0.0;0.0;0.0;0.0;Z01
24246;201400016095;0;33;0;0.0;2.0;8.0;2.0;A01
24247;201400016095;0;33;0;0.0;2.0;4.0;2.0;B01
24248;201400016097;0;7;0;0.0;2.0;1.0;1.0;B01
24249;201400016097;0;31;0;0.0;2.0;4.0;16.0;A01
24250;201400016098;0;2;0;0.0;0.0;0.0;1.0;A01
24251;201400016099;0;30;0;0.0;0.0;0.0;1.0;B01
24252;201400016100;0;7;0;0.0;1.0;7.0;1.0;A01
24253;201400016101;0;7;0;0.0;2.0;2.0;14.0;A01
24254;201400016101;0;7;0;0.0;2.0;5.0;1.0;B01
24255;201400016102;0;7;0;0.0;2.0;5.0;23.0;B01
24256;201400016102;0;30;0;1.0;2.0;1.0;1.0;A01
24257;201400016103;0;7;0;0.0;2.0;3.0;9.0;A01
24258;201400016103;0;31;0;0.0;2.0;2.0;1.0;B01
24259;201400016104;0;7;0;0.0;2.0;5.0;15.0;B01
24260;201400016104;0;7;0;0.0;2.0;0.0;1.0;A01
24261;201400016105;0;32;0;0.0;2.0;1.0;17.0;A01
24262;201400016105;0;7;0;0.0;2.0;3.0;15.0;B01
24263;201400016106;0;7;0;0.0;2.0;3.0;15.0;B01
24264;201400016106;0;2;0;0.0;2.0;2.0;17.0;A01
24265;201400016107;0;7;0;0.0;2.0;8.0;20.0;C01
24266;201400016107;0;7;0;0.0;2.0;1.0;23.0;B01
24267;201400016107;0;7;0;0.0;2.0;1.0;2.0;A01
24268;201400016108;0;33;0;0.0;2.0;1.0;1.0;B01
24269;201400016108;0;7;0;0.0;2.0;1.0;9.0;A01
24270;201400016109;0;7;0;0.0;2.0;2.0;15.0;B01
24271;201400016109;0;7;0;0.0;2.0;2.0;15.0;A01
24272;201400016110;0;7;0;0.0;2.0;1.0;1.0;A01
24273;201400016110;0;7;0;0.0;2.0;2.0;15.0;B01
24274;201400016111;0;3;0;0.0;2.0;1.0;1.0;B01
24275;201400016111;0;32;0;14.0;2.0;1.0;1.0;A01
24276;201400016113;0;7;0;0.0;1.0;3.0;1.0;A01
24277;201400016114;0;7;0;0.0;1.0;1.0;1.0;A01
24278;201400016115;0;31;0;0.0;2.0;2.0;17.0;B01
24279;201400016115;0;7;0;0.0;2.0;3.0;15.0;A01
24280;201400016116;0;34;0;0.0;1.0;2.0;1.0;A01
24281;201400016117;0;7;0;0.0;2.0;4.0;2.0;B01
24282;201400016117;0;7;0;0.0;2.0;3.0;2.0;A01
24283;201400016118;0;30;0;0.0;2.0;3.0;1.0;A01
24284;201400016118;0;7;0;0.0;2.0;8.0;13.0;B01
24285;201400016119;0;7;0;0.0;2.0;5.0;1.0;B01
24286;201400016119;0;7;0;0.0;2.0;3.0;1.0;A01
24287;201400016120;0;7;0;0.0;1.0;1.0;15.0;A01
24288;201400016121;0;7;0;0.0;1.0;3.0;1.0;A01
24289;201400016122;0;30;0;0.0;2.0;0.0;1.0;A01
24290;201400016122;1;7;0;0.0;2.0;0.0;4.0;Z01
24291;201400016123;0;7;0;0.0;1.0;2.0;1.0;A01
24292;201400016124;0;30;0;0.0;2.0;1.0;1.0;B01
24293;201400016124;0;7;0;0.0;2.0;7.0;15.0;A01
24294;201400016125;0;2;0;0.0;0.0;0.0;0.0;A01
24295;201400016126;0;7;0;0.0;1.0;3.0;1.0;A01
24296;201400016127;0;7;0;0.0;1.0;1.0;15.0;A01
24297;201400016128;0;7;0;0.0;2.0;1.0;5.0;A01
24298;201400016128;0;33;0;0.0;2.0;1.0;15.0;B01
24299;201400016130;0;2;0;12.0;0.0;1.0;1.0;A01
24300;201400016131;0;7;0;0.0;1.0;2.0;1.0;A01
24301;201400016132;0;7;0;0.0;2.0;3.0;9.0;A01
24302;201400016132;0;34;0;0.0;2.0;2.0;1.0;B01
24303;201400016133;0;2;0;0.0;2.0;8.0;1.0;A01
24304;201400016133;0;7;0;0.0;2.0;7.0;2.0;B01
24305;201400016134;0;7;0;0.0;2.0;2.0;1.0;B01
24306;201400016134;0;2;0;0.0;2.0;8.0;15.0;A01
24307;201400016135;0;1;0;0.0;2.0;0.0;0.0;A01
24308;201400016135;1;7;0;0.0;0.0;0.0;0.0;Z01
24309;201400016136;0;33;0;0.0;2.0;8.0;1.0;B01
24310;201400016136;0;7;0;0.0;2.0;2.0;9.0;A01
24311;201400016137;0;7;0;0.0;2.0;2.0;16.0;A01
24312;201400016137;0;32;0;0.0;2.0;3.0;1.0;B01
24313;201400016139;0;7;0;0.0;2.0;1.0;2.0;A01
24314;201400016139;0;33;0;0.0;2.0;4.0;1.0;B01
24315;201400016140;0;7;0;0.0;2.0;7.0;15.0;A01
24316;201400016140;0;32;0;0.0;2.0;1.0;1.0;B01
24317;201400016141;0;2;0;0.0;2.0;1.0;5.0;A01
24318;201400016141;0;7;0;0.0;2.0;6.0;0.0;B01
24319;201400016142;0;2;0;1.0;0.0;1.0;1.0;B01
24320;201400016142;0;7;0;0.0;2.0;2.0;24.0;A01
24321;201400016143;0;7;0;0.0;9.0;3.0;15.0;B01
24322;201400016143;0;30;0;0.0;2.0;1.0;8.0;A01
24323;201400016144;0;7;0;0.0;2.0;1.0;1.0;A01
24324;201400016144;0;7;0;0.0;2.0;6.0;1.0;B01
24325;201400016145;0;33;0;0.0;2.0;5.0;2.0;B01
24326;201400016145;0;7;0;0.0;2.0;3.0;2.0;A01
24327;201400016146;0;33;0;0.0;0.0;0.0;0.0;A01
24328;201400016148;0;7;0;12.0;0.0;1.0;1.0;A01
24329;201400016149;0;7;0;0.0;2.0;4.0;1.0;A01
24330;201400016149;1;7;0;0.0;2.0;0.0;1.0;Z01
24331;201400016149;0;7;0;0.0;2.0;4.0;1.0;B01
24332;201400016150;0;7;0;0.0;2.0;3.0;1.0;B01
24333;201400016150;0;7;0;0.0;2.0;5.0;14.0;A01
24334;201400016151;0;7;0;0.0;2.0;1.0;19.0;A01
24335;201400016151;0;7;0;0.0;2.0;2.0;1.0;B01
24336;201400016152;1;7;0;0.0;1.0;0.0;1.0;Z01
24337;201400016153;0;7;0;0.0;2.0;4.0;1.0;B01
24338;201400016153;0;7;0;0.0;2.0;1.0;1.0;A01
24339;201400016154;0;34;0;0.0;0.0;0.0;1.0;A01
24340;201400016155;0;7;0;0.0;2.0;3.0;15.0;B01
24341;201400016155;0;33;0;0.0;2.0;1.0;13.0;A01
24342;201400016157;1;7;0;0.0;2.0;0.0;1.0;Z01
24343;201400016157;0;7;0;0.0;2.0;7.0;16.0;B01
24344;201400016158;0;7;0;0.0;2.0;8.0;10.0;A01
24345;201400016158;0;33;0;0.0;2.0;1.0;2.0;B01
24346;201400016159;0;7;0;0.0;2.0;3.0;15.0;B01
24347;201400016159;0;30;0;0.0;2.0;1.0;17.0;A01
24348;201400016160;0;7;0;4.0;0.0;7.0;1.0;A01
24349;201400016161;0;7;0;1.0;0.0;8.0;6.0;A01
24350;201400016162;0;7;0;0.0;2.0;8.0;2.0;A01
24351;201400016162;0;7;0;0.0;2.0;1.0;1.0;B01
24352;201400016163;0;7;0;1.0;0.0;1.0;19.0;A01
24353;201400016163;0;30;0;0.0;2.0;8.0;0.0;B01
24354;201400016164;0;7;0;0.0;1.0;3.0;1.0;A01
24355;201400016166;0;7;0;1.0;0.0;9.0;1.0;A01
24356;201400016167;0;7;0;0.0;1.0;1.0;1.0;A01
24357;201400016168;0;37;5;0.0;2.0;3.0;1.0;B01
24358;201400016168;0;7;0;0.0;2.0;2.0;1.0;A01
24359;201400016169;0;10;0;0.0;1.0;3.0;0.0;A01
24360;201400016171;0;7;0;0.0;2.0;7.0;16.0;A01
24361;201400016171;0;32;0;8.0;2.0;3.0;18.0;B01
24362;201400016172;0;3;0;0.0;2.0;1.0;2.0;A01
24363;201400016172;0;7;0;1.0;2.0;4.0;2.0;B01
24364;201400016173;2;7;0;0.0;2.0;1.0;1.0;A01
24365;201400016173;0;7;0;0.0;2.0;2.0;1.0;B01
24366;201400016174;0;7;0;0.0;2.0;1.0;1.0;A01
24367;201400016174;0;32;0;0.0;2.0;5.0;23.0;B01
24368;201400016175;0;7;0;0.0;1.0;4.0;4.0;A01
24369;201400016176;0;7;0;0.0;2.0;8.0;9.0;A01
24370;201400016176;0;2;0;0.0;2.0;1.0;1.0;B01
24371;201400016177;0;1;0;0.0;2.0;1.0;19.0;A01
24372;201400016177;0;7;0;0.0;9.0;3.0;1.0;B01
24373;201400016178;0;33;0;0.0;2.0;2.0;1.0;B01
24374;201400016178;0;7;0;0.0;2.0;3.0;15.0;A01
24375;201400016179;0;31;0;0.0;2.0;1.0;0.0;A01
24376;201400016179;0;7;0;0.0;2.0;6.0;8.0;B01
24377;201400016180;0;10;0;0.0;2.0;1.0;0.0;B01
24378;201400016180;0;7;0;0.0;2.0;1.0;1.0;A01
24379;201400016181;0;7;0;0.0;2.0;3.0;1.0;A01
24380;201400016181;0;32;0;0.0;2.0;1.0;0.0;B01
24381;201400016183;0;7;0;0.0;1.0;3.0;15.0;A01
24382;201400016184;0;7;0;0.0;2.0;1.0;1.0;B01
24383;201400016184;0;7;0;0.0;2.0;9.0;15.0;A01
24384;201400016185;0;7;0;14.0;0.0;2.0;1.0;A01
24385;201400016186;0;30;0;0.0;0.0;0.0;1.0;A01
24386;201400016187;0;30;0;0.0;2.0;1.0;1.0;A01
24387;201400016187;0;7;0;0.0;2.0;4.0;23.0;B01
24388;201400016188;0;32;0;0.0;2.0;1.0;1.0;A01
24389;201400016188;0;3;0;0.0;2.0;1.0;1.0;B01
24390;201400016189;0;33;0;14.0;0.0;0.0;1.0;A01
24391;201400016190;0;7;0;1.0;0.0;1.0;14.0;A01
24392;201400016191;0;7;0;0.0;2.0;1.0;1.0;A01
24393;201400016191;0;7;0;0.0;2.0;4.0;2.0;B01
24394;201400016192;0;7;0;7.0;2.0;3.0;5.0;A01
24395;201400016192;0;7;0;0.0;2.0;2.0;1.0;B01
24396;201400016193;0;7;0;1.0;0.0;1.0;0.0;A01
24397;201400016194;0;7;0;0.0;2.0;1.0;3.0;A01
24398;201400016194;0;33;0;0.0;2.0;1.0;21.0;B01
24399;201400016195;0;34;0;0.0;2.0;1.0;1.0;A01
24400;201400016195;0;7;0;0.0;2.0;7.0;15.0;B01
24401;201400016196;0;32;0;0.0;2.0;1.0;1.0;B01
24402;201400016196;0;7;0;0.0;2.0;3.0;1.0;A01
24403;201400016198;0;34;0;4.0;0.0;7.0;1.0;A01
24404;201400016199;0;7;0;0.0;1.0;2.0;5.0;A01
24405;201400016200;0;7;0;0.0;2.0;1.0;0.0;A01
24406;201400016200;0;7;0;0.0;2.0;1.0;0.0;B01
24407;201400016201;0;10;0;0.0;2.0;7.0;1.0;B01
24408;201400016201;0;7;0;0.0;2.0;1.0;0.0;A01
24409;201400016202;0;7;0;0.0;2.0;8.0;1.0;B01
24410;201400016202;0;7;0;0.0;2.0;1.0;9.0;A01
24411;201400016203;0;7;0;8.0;0.0;1.0;6.0;A01
24412;201400016204;1;7;0;0.0;0.0;3.0;1.0;A01
24413;201400016205;0;30;0;0.0;2.0;7.0;0.0;A01
24414;201400016205;0;7;0;0.0;2.0;1.0;0.0;B01
24415;201400016206;1;7;0;0.0;1.0;0.0;1.0;Z01
24416;201400016207;0;7;0;0.0;2.0;8.0;11.0;B01
24417;201400016207;0;7;0;0.0;2.0;9.0;0.0;A01
24418;201400016208;0;7;0;0.0;2.0;3.0;1.0;B01
24419;201400016208;0;10;0;0.0;2.0;3.0;13.0;A01
24420;201400016209;0;7;0;0.0;2.0;2.0;15.0;A01
24421;201400016209;0;33;0;0.0;2.0;3.0;1.0;B01
24422;201400016211;0;7;0;0.0;1.0;2.0;1.0;A01
24423;201400016212;0;7;0;0.0;2.0;1.0;1.0;B01
24424;201400016212;0;7;0;0.0;2.0;4.0;4.0;A01
24425;201400016213;0;7;0;0.0;2.0;4.0;2.0;B01
24426;201400016213;0;7;0;0.0;2.0;1.0;2.0;A01
24427;201400016214;0;32;0;0.0;0.0;7.0;17.0;A01
24428;201400016215;0;7;0;0.0;2.0;1.0;1.0;A01
24429;201400016215;0;7;0;0.0;2.0;3.0;1.0;B01
24430;201400016216;0;10;0;0.0;2.0;3.0;3.0;A01
24431;201400016216;0;7;0;0.0;2.0;3.0;3.0;B01
24432;201400016217;0;7;0;1.0;0.0;2.0;1.0;A01
24433;201400016218;0;32;0;0.0;1.0;8.0;1.0;A01
24434;201400016219;0;30;0;0.0;2.0;1.0;2.0;B01
24435;201400016219;0;7;0;0.0;9.0;8.0;10.0;A01
24436;201400016220;0;32;0;0.0;2.0;1.0;1.0;B01
24437;201400016220;0;32;0;0.0;2.0;1.0;1.0;A01
24438;201400016221;0;7;0;0.0;2.0;0.0;0.0;A01
24439;201400016221;0;33;0;0.0;2.0;0.0;0.0;B01
24440;201400016222;1;30;0;0.0;1.0;0.0;1.0;Z01
24441;201400016223;0;34;0;0.0;2.0;7.0;9.0;A01
24442;201400016223;1;7;0;0.0;2.0;0.0;1.0;Z01
24443;201400016224;0;7;0;0.0;2.0;7.0;15.0;A01
24444;201400016224;0;33;0;0.0;2.0;3.0;1.0;B01
24445;201400016226;2;30;0;0.0;0.0;0.0;1.0;A01
24446;201400016228;0;30;0;0.0;2.0;1.0;1.0;A01
24447;201400016228;0;7;0;0.0;2.0;3.0;1.0;B01
24448;201400016229;0;7;0;1.0;0.0;1.0;0.0;A01
24449;201400016230;0;7;0;0.0;1.0;7.0;1.0;A01
24450;201400016231;0;30;0;0.0;1.0;1.0;1.0;A01
24451;201400016232;0;7;0;0.0;1.0;1.0;1.0;A01
24452;201400016233;0;7;0;0.0;2.0;0.0;10.0;A01
24453;201400016233;0;7;0;0.0;2.0;0.0;1.0;B01
24454;201400016234;0;7;0;0.0;2.0;4.0;4.0;A01
24455;201400016234;0;2;0;0.0;2.0;0.0;1.0;B01
24456;201400016235;0;7;0;0.0;1.0;1.0;1.0;A01
24457;201400016236;0;7;0;0.0;2.0;8.0;24.0;B01
24458;201400016236;0;30;0;1.0;0.0;1.0;1.0;A01
24459;201400016237;1;7;0;0.0;2.0;1.0;1.0;B01
24460;201400016237;0;15;0;0.0;2.0;1.0;1.0;C01
24461;201400016237;0;7;0;0.0;2.0;4.0;1.0;A01
24462;201400016238;0;37;1;0.0;1.0;5.0;7.0;A01
24463;201400016239;0;7;0;0.0;1.0;4.0;4.0;A01
24464;201400016240;0;7;0;0.0;1.0;0.0;1.0;A01
24465;201400016241;0;7;0;0.0;1.0;8.0;1.0;A01
24466;201400016242;0;7;0;0.0;1.0;0.0;1.0;A01
24467;201400016243;0;7;0;0.0;2.0;1.0;1.0;C01
24468;201400016243;0;7;0;0.0;2.0;1.0;1.0;A01
24469;201400016243;0;7;0;0.0;2.0;4.0;1.0;B01
24470;201400016245;0;33;0;0.0;2.0;1.0;2.0;A01
24471;201400016245;0;7;0;0.0;2.0;7.0;16.0;B01
24472;201400016246;1;99;0;0.0;1.0;0.0;15.0;Z01
24473;201400016247;0;7;0;0.0;2.0;1.0;2.0;A01
24474;201400016247;0;7;0;0.0;2.0;4.0;2.0;B01
24475;201400016248;0;30;0;0.0;5.0;8.0;1.0;A01
24476;201400016249;0;7;0;0.0;1.0;1.0;1.0;A01
24477;201400016250;0;7;0;0.0;0.0;0.0;0.0;A01
24478;201400016251;0;7;0;0.0;2.0;4.0;2.0;B01
24479;201400016251;0;7;0;0.0;2.0;4.0;2.0;C01
24480;201400016251;0;7;0;0.0;2.0;1.0;2.0;A01
24481;201400016251;0;7;0;0.0;2.0;4.0;2.0;D01
24482;201400016252;0;14;0;0.0;2.0;1.0;2.0;A01
24483;201400016252;0;7;0;0.0;0.0;4.0;2.0;B01
24484;201400016253;0;7;0;9.0;2.0;2.0;1.0;B01
24485;201400016253;0;7;0;0.0;2.0;3.0;11.0;A01
24486;201400016255;0;7;0;0.0;2.0;8.0;1.0;B01
24487;201400016255;0;10;0;0.0;2.0;2.0;16.0;A01
24488;201400016256;0;7;0;0.0;2.0;8.0;12.0;A01
24489;201400016256;0;10;0;0.0;2.0;3.0;11.0;B01
24490;201400016257;0;7;0;12.0;2.0;1.0;1.0;B01
24491;201400016257;0;7;0;12.0;2.0;1.0;13.0;A01
24492;201400016258;0;33;0;0.0;2.0;8.0;13.0;A01
24493;201400016258;0;7;0;0.0;2.0;8.0;17.0;B01
24494;201400016259;0;7;0;0.0;2.0;1.0;13.0;A01
24495;201400016259;0;7;0;0.0;2.0;8.0;1.0;B01
24496;201400016260;1;7;0;0.0;1.0;0.0;15.0;Z01
24497;201400016261;0;14;0;0.0;2.0;1.0;2.0;A01
24498;201400016261;0;7;0;0.0;2.0;4.0;2.0;B01
24499;201400016262;0;33;0;1.0;0.0;1.0;14.0;A01
24500;201400016263;0;7;0;0.0;1.0;1.0;2.0;A01
24501;201400016264;0;7;0;0.0;2.0;4.0;2.0;A01
24502;201400016264;0;32;0;0.0;2.0;7.0;2.0;B01
24503;201400016266;0;7;0;0.0;2.0;1.0;13.0;A01
24504;201400016266;0;7;0;0.0;2.0;1.0;23.0;B01
24505;201400016267;0;7;0;0.0;2.0;3.0;11.0;B01
24506;201400016267;0;33;0;0.0;2.0;2.0;12.0;A01
24507;201400016268;0;7;0;0.0;2.0;1.0;1.0;A01
24508;201400016268;0;7;0;0.0;0.0;8.0;19.0;B01
24509;201400016269;0;14;0;0.0;1.0;4.0;4.0;A01
24510;201400016273;0;10;0;0.0;0.0;8.0;10.0;B01
24511;201400016273;0;33;0;0.0;2.0;1.0;17.0;A01
24512;201400016274;1;7;0;0.0;2.0;1.0;1.0;Z01
24513;201400016274;0;7;0;0.0;2.0;3.0;19.0;A01
24514;201400016275;0;7;0;0.0;2.0;1.0;13.0;A01
24515;201400016275;0;7;0;0.0;2.0;1.0;1.0;C01
24516;201400016275;0;7;0;0.0;2.0;1.0;1.0;B01
24517;201400016276;0;7;0;0.0;1.0;1.0;15.0;A01
24518;201400016277;0;33;0;0.0;2.0;1.0;1.0;B01
24519;201400016277;0;7;0;0.0;2.0;3.0;15.0;A01
24520;201400016278;0;7;0;0.0;0.0;3.0;15.0;A01
24521;201400016278;0;33;0;0.0;2.0;0.0;0.0;B01
24522;201400016279;0;7;0;0.0;2.0;1.0;5.0;A01
24523;201400016279;0;7;0;0.0;2.0;1.0;1.0;B01
24524;201400016280;0;14;0;0.0;2.0;2.0;21.0;B01
24525;201400016280;0;7;0;0.0;2.0;1.0;1.0;C01
24526;201400016280;0;7;0;4.0;2.0;2.0;13.0;A01
24527;201400016281;0;10;0;0.0;2.0;4.0;2.0;E01
24528;201400016281;0;10;0;0.0;2.0;4.0;2.0;D01
24529;201400016281;0;17;0;0.0;2.0;4.0;2.0;B01
24530;201400016281;0;10;0;0.0;2.0;4.0;2.0;C01
24531;201400016281;0;10;0;0.0;2.0;1.0;2.0;A01
24532;201400016282;0;7;0;0.0;0.0;4.0;23.0;B01
24533;201400016282;0;33;0;0.0;2.0;1.0;1.0;A01
24534;201400016283;0;7;0;0.0;2.0;1.0;9.0;A01
24535;201400016283;1;7;0;0.0;2.0;1.0;1.0;B01
24536;201400016284;0;34;0;0.0;2.0;1.0;1.0;B01
24537;201400016284;0;7;0;0.0;2.0;1.0;15.0;A01
24538;201400016285;0;7;0;0.0;1.0;2.0;1.0;A01
24539;201400016286;0;7;0;0.0;2.0;2.0;1.0;B01
24540;201400016286;0;7;0;0.0;2.0;3.0;9.0;A01
24541;201400016287;0;7;0;0.0;1.0;2.0;2.0;A01
24542;201400016288;0;7;0;0.0;2.0;1.0;0.0;A01
24543;201400016288;0;7;0;0.0;2.0;2.0;2.0;B01
24544;201400016289;0;7;0;0.0;1.0;1.0;1.0;A01
24545;201400016290;0;7;0;0.0;0.0;1.0;1.0;A01
24546;201400016291;0;7;0;2.0;0.0;9.0;2.0;A01
24547;201400016292;0;7;0;4.0;0.0;5.0;13.0;A01
24548;201400016293;0;7;0;0.0;2.0;0.0;2.0;B01
24549;201400016293;0;7;0;0.0;2.0;4.0;2.0;C01
24550;201400016293;0;7;0;0.0;2.0;1.0;2.0;A01
24551;201400016294;0;2;0;0.0;0.0;5.0;1.0;B01
24552;201400016294;0;7;0;0.0;2.0;1.0;1.0;A01
24553;201400016295;0;7;0;1.0;1.0;1.0;0.0;A01
24554;201400016296;0;30;0;0.0;2.0;7.0;15.0;A01
24555;201400016296;0;7;0;0.0;2.0;1.0;1.0;B01
24556;201400016297;0;10;0;0.0;2.0;4.0;2.0;C01
24557;201400016297;0;10;0;0.0;2.0;1.0;2.0;A01
24558;201400016297;0;7;0;0.0;2.0;4.0;2.0;B01
24559;201400016298;0;7;0;0.0;2.0;4.0;2.0;D01
24560;201400016298;0;7;0;0.0;2.0;4.0;2.0;B01
24561;201400016298;0;7;0;0.0;2.0;1.0;2.0;A01
24562;201400016298;0;7;0;0.0;2.0;4.0;2.0;C01
24563;201400016299;0;7;0;0.0;0.0;4.0;23.0;B01
24564;201400016299;2;7;0;0.0;2.0;1.0;1.0;A01
24565;201400016301;0;7;0;0.0;2.0;2.0;1.0;B01
24566;201400016301;0;7;0;0.0;2.0;1.0;1.0;A01
24567;201400016302;0;7;0;0.0;0.0;4.0;23.0;B01
24568;201400016302;0;7;0;0.0;2.0;1.0;1.0;A01
24569;201400016303;0;7;0;0.0;1.0;1.0;2.0;A01
24570;201400016304;0;7;0;0.0;2.0;1.0;13.0;A01
24571;201400016304;0;7;0;0.0;2.0;1.0;1.0;B01
24572;201400016306;0;7;0;0.0;2.0;1.0;2.0;A01
24573;201400016306;0;7;0;0.0;0.0;4.0;23.0;B01
24574;201400016307;0;7;0;0.0;2.0;1.0;2.0;A01
24575;201400016307;0;10;0;0.0;0.0;4.0;23.0;B01
24576;201400016308;0;7;0;6.0;0.0;1.0;15.0;A01
24577;201400016309;0;7;0;0.0;2.0;1.0;1.0;B01
24578;201400016309;0;7;0;0.0;2.0;8.0;15.0;A01
24579;201400016310;0;10;0;0.0;2.0;1.0;1.0;C01
24580;201400016310;0;10;0;0.0;2.0;1.0;14.0;A01
24581;201400016310;0;7;0;0.0;2.0;4.0;1.0;B01
24582;201400016311;0;2;0;0.0;2.0;1.0;1.0;B01
24583;201400016311;0;7;0;0.0;2.0;4.0;2.0;A01
24584;201400016312;0;2;0;0.0;0.0;7.0;0.0;A01
24585;201400016313;1;7;0;0.0;2.0;1.0;2.0;A01
24586;201400016313;0;10;0;0.0;0.0;5.0;1.0;B01
24587;201400016314;0;7;0;0.0;1.0;1.0;1.0;A01
24588;201400016315;0;13;0;0.0;1.0;2.0;1.0;A01
24589;201400016316;0;13;0;0.0;2.0;6.0;15.0;A01
24590;201400016316;0;33;0;0.0;2.0;0.0;0.0;B01
24591;201400016317;0;7;0;0.0;2.0;3.0;15.0;A01
24592;201400016317;0;7;0;0.0;2.0;1.0;1.0;B01
24593;201400016318;0;33;0;0.0;2.0;7.0;1.0;B01
24594;201400016318;0;7;0;0.0;2.0;1.0;9.0;A01
24595;201400016320;0;7;0;2.0;0.0;1.0;0.0;A01
24596;201400016321;0;7;0;0.0;2.0;2.0;2.0;A01
24597;201400016321;0;1;0;0.0;2.0;3.0;10.0;B01
24598;201400016322;0;7;0;2.0;0.0;1.0;0.0;A01
24599;201400016323;0;7;0;0.0;1.0;1.0;4.0;A01
24600;201400016324;0;7;0;2.0;0.0;2.0;14.0;A01
24601;201400016325;0;7;0;0.0;2.0;2.0;16.0;A01
24602;201400016325;0;1;0;0.0;2.0;8.0;1.0;B01
24603;201400016326;0;7;0;13.0;2.0;1.0;0.0;B01
24604;201400016326;0;7;0;0.0;2.0;1.0;0.0;A01
24605;201400016327;0;7;0;14.0;2.0;4.0;23.0;B01
24606;201400016327;0;7;0;0.0;2.0;4.0;23.0;A01
24607;201400016327;0;7;0;14.0;0.0;1.0;2.0;C01
24608;201400016328;0;7;0;0.0;1.0;2.0;0.0;A01
24609;201400016329;0;33;0;2.0;0.0;1.0;0.0;A01
24610;201400016330;0;7;0;0.0;0.0;3.0;0.0;B01
24611;201400016330;0;7;0;1.0;0.0;2.0;0.0;A01
24612;201400016331;0;7;0;13.0;0.0;3.0;0.0;A01