;Num_Acc;senc;catv;occutc;obs;obsm;choc;manv;num_veh
25036;201400016603;0;7;0;0.0;2.0;1.0;2.0;A01
25037;201400016604;0;7;0;4.0;0.0;9.0;1.0;A01
25038;201400016605;0;7;0;0.0;0.0;3.0;2.0;B01
25039;201400016606;0;7;0;3.0;0.0;1.0;9.0;A01
25040;201400016607;0;7;0;0.0;2.0;8.0;19.0;A01
25041;201400016607;0;31;0;0.0;2.0;7.0;1.0;B01
25042;201400016608;0;7;0;4.0;0.0;1.0;0.0;A01
25043;201400016609;0;7;0;6.0;0.0;1.0;0.0;A01
25044;201400016611;0;7;0;0.0;0.0;3.0;15.0;B01
25045;201400016611;0;31;0;0.0;2.0;2.0;17.0;A01
25046;201400016612;0;7;0;0.0;0.0;1.0;2.0;A01
25047;201400016612;0;7;0;0.0;0.0;0.0;1.0;B01
25048;201400016613;0;7;0;0.0;2.0;1.0;1.0;B01
25049;201400016613;0;7;0;0.0;2.0;1.0;13.0;A01
25050;201400016614;0;2;0;0.0;2.0;1.0;1.0;B01
25051;201400016614;0;7;0;0.0;2.0;5.0;15.0;A01
25052;201400016615;0;33;0;0.0;0.0;0.0;2.0;A01
25053;201400016616;0;7;0;0.0;0.0;4.0;2.0;B01
25054;201400016616;0;30;0;0.0;2.0;1.0;2.0;A01
25055;201400016617;0;1;0;0.0;2.0;8.0;0.0;B01
25056;201400016617;0;15;0;0.0;9.0;1.0;0.0;A01
25057;201400016618;0;7;0;4.0;1.0;1.0;5.0;A01
25058;201400016619;0;7;0;0.0;2.0;2.0;1.0;A01
25059;201400016619;0;7;0;0.0;2.0;3.0;0.0;B01
25060;201400016620;0;7;0;0.0;2.0;1.0;1.0;A01
25061;201400016620;0;7;0;0.0;2.0;4.0;23.0;D01
25062;201400016620;0;7;0;0.0;2.0;4.0;23.0;B01
25063;201400016620;0;7;0;0.0;2.0;4.0;23.0;C01
25064;201400016620;0;7;0;0.0;2.0;4.0;23.0;E01
25065;201400016621;0;2;0;0.0;2.0;1.0;1.0;B01
25066;201400016621;0;7;0;0.0;2.0;3.0;15.0;A01
25067;201400016622;0;7;0;0.0;2.0;3.0;0.0;B01
25068;201400016622;0;2;0;0.0;2.0;1.0;0.0;A01
25069;201400016625;0;7;0;0.0;2.0;3.0;1.0;B01
25070;201400016625;0;33;0;0.0;2.0;2.0;17.0;A01
25071;201400016627;0;7;0;0.0;2.0;1.0;2.0;A01
25072;201400016627;0;7;0;0.0;0.0;4.0;1.0;B01
25073;201400016628;0;33;0;3.0;0.0;1.0;1.0;A01
25074;201400016630;0;7;0;2.0;0.0;2.0;0.0;A01
25075;201400016631;0;7;0;0.0;2.0;1.0;1.0;A01
25076;201400016631;0;7;0;0.0;2.0;4.0;1.0;B01
25077;201400016632;0;7;0;0.0;2.0;1.0;9.0;A01
25078;201400016632;0;7;0;0.0;0.0;6.0;1.0;B01
25079;201400016634;0;7;0;0.0;0.0;1.0;1.0;A01
25080;201400016634;0;7;0;0.0;0.0;4.0;0.0;B01
25081;201400016635;0;7;0;0.0;2.0;3.0;1.0;B01
25082;201400016635;0;7;0;0.0;2.0;3.0;1.0;A01
25083;201400016636;0;7;0;6.0;0.0;1.0;0.0;A01
25084;201400016637;0;7;0;3.0;0.0;1.0;0.0;A01
25085;201400016638;0;7;0;1.0;0.0;8.0;1.0;A01
25086;201400016638;0;7;0;13.0;2.0;1.0;23.0;B01
25087;201400016639;0;7;0;0.0;2.0;6.0;15.0;A01
25088;201400016639;0;7;0;0.0;2.0;2.0;17.0;B01
25089;201400016640;0;7;0;4.0;0.0;3.0;9.0;A01
25090;201400016641;0;7;0;0.0;2.0;1.0;0.0;A01
25091;201400016641;0;7;0;0.0;2.0;1.0;1.0;B01
25092;201400016642;0;7;0;0.0;2.0;3.0;11.0;B01
25093;201400016642;0;7;0;0.0;0.0;7.0;11.0;A01
25094;201400016643;0;7;0;6.0;0.0;1.0;0.0;A01
25095;201400016644;0;7;0;0.0;2.0;3.0;13.0;A01
25096;201400016644;0;7;0;0.0;2.0;1.0;1.0;C01
25097;201400016644;0;7;0;3.0;2.0;6.0;1.0;B01
25098;201400016645;0;7;0;0.0;2.0;1.0;1.0;B01
25099;201400016645;0;7;0;0.0;2.0;5.0;1.0;A01
25100;201400016646;0;7;0;0.0;2.0;8.0;2.0;B01
25101;201400016646;0;2;0;0.0;2.0;7.0;2.0;A01
25102;201400016647;0;7;0;0.0;2.0;8.0;1.0;B01
25103;201400016647;0;7;0;0.0;2.0;3.0;1.0;A01
25104;201400016648;0;7;0;0.0;2.0;2.0;2.0;A01
25105;201400016648;0;7;0;0.0;2.0;3.0;0.0;B01
25106;201400016649;0;7;0;0.0;2.0;1.0;17.0;B01
25107;201400016649;0;7;0;0.0;2.0;5.0;4.0;A01
25108;201400016650;0;7;0;0.0;2.0;5.0;2.0;B01
25109;201400016650;0;7;0;0.0;2.0;3.0;2.0;A01
25110;201400016651;0;7;0;0.0;2.0;1.0;0.0;B01
25111;201400016651;0;7;0;0.0;2.0;2.0;9.0;A01
25112;201400016652;0;7;0;0.0;2.0;8.0;2.0;A01
25113;201400016652;0;17;0;0.0;2.0;2.0;2.0;B01
25114;201400016653;0;7;0;0.0;1.0;1.0;1.0;A01
25115;201400016655;0;7;0;3.0;0.0;1.0;1.0;A01
25116;201400016656;0;33;0;0.0;2.0;2.0;1.0;A01
25117;201400016656;1;99;0;0.0;0.0;0.0;0.0;Z01
25118;201400016657;0;7;0;0.0;0.0;4.0;2.0;B01
25119;201400016657;0;7;0;0.0;0.0;3.0;2.0;A01
25120;201400016658;0;3;0;3.0;0.0;1.0;1.0;A01
25121;201400016659;0;7;0;0.0;2.0;1.0;2.0;A01
25122;201400016659;0;7;0;0.0;0.0;4.0;2.0;B01
25123;201400016660;0;7;0;0.0;0.0;4.0;0.0;B01
25124;201400016660;0;34;0;0.0;2.0;1.0;2.0;A01
25125;201400016661;0;7;0;0.0;0.0;7.0;1.0;A01
25126;201400016661;0;7;0;0.0;0.0;1.0;1.0;B01
25127;201400016662;0;7;0;12.0;2.0;2.0;2.0;B01
25128;201400016662;0;7;0;0.0;2.0;8.0;9.0;A01
25129;201400016666;0;7;0;0.0;1.0;1.0;2.0;A01
25130;201400016667;0;7;0;0.0;0.0;4.0;0.0;B01
25131;201400016667;1;7;0;0.0;2.0;9.0;2.0;A01
25132;201400016667;1;99;0;0.0;0.0;0.0;0.0;Z01
25133;201400016668;0;33;0;0.0;0.0;1.0;1.0;A01
25134;201400016668;0;7;0;0.0;0.0;5.0;15.0;B01
25135;201400016669;0;7;0;0.0;0.0;4.0;23.0;C01
25136;201400016669;0;7;0;0.0;0.0;1.0;2.0;A01
25137;201400016669;0;7;0;0.0;0.0;4.0;23.0;B01
25138;201400016670;0;37;2;0.0;2.0;3.0;0.0;B01
25139;201400016670;0;7;0;0.0;2.0;5.0;0.0;A01
25140;201400016672;0;7;0;0.0;1.0;1.0;0.0;A01
25141;201400016673;0;7;0;0.0;2.0;3.0;2.0;B01
25142;201400016673;0;7;0;4.0;2.0;0.0;14.0;A01
25143;201400016674;0;33;0;0.0;2.0;2.0;1.0;B01
25144;201400016674;0;7;0;0.0;2.0;3.0;16.0;A01
25145;201400016675;1;7;0;0.0;0.0;0.0;0.0;A01
25146;201400016675;0;7;0;0.0;2.0;3.0;1.0;D01
25147;201400016675;0;7;0;0.0;2.0;5.0;1.0;B01
25148;201400016675;0;7;0;0.0;2.0;1.0;2.0;C01
25149;201400016676;0;2;0;0.0;2.0;3.0;17.0;B01
25150;201400016676;0;31;0;0.0;2.0;3.0;1.0;A01
25151;201400016677;0;7;0;0.0;1.0;1.0;1.0;A01
25152;201400016678;0;34;0;0.0;2.0;1.0;1.0;A01
25153;201400016678;0;7;0;0.0;0.0;5.0;1.0;B01
25154;201400016678;0;7;0;0.0;0.0;8.0;1.0;C01
25155;201400016679;0;7;0;0.0;2.0;4.0;2.0;B01
25156;201400016679;0;7;0;0.0;2.0;1.0;2.0;A01
25157;201400016679;0;7;0;0.0;0.0;6.0;2.0;C01
25158;201400016680;0;7;0;0.0;1.0;4.0;4.0;A01
25159;201400016681;0;7;0;0.0;2.0;7.0;17.0;A01
25160;201400016681;0;7;0;0.0;2.0;8.0;1.0;B02
25161;201400016682;0;7;0;0.0;2.0;1.0;2.0;A01
25162;201400016682;0;7;0;0.0;2.0;4.0;23.0;B02
25163;201400016682;0;7;0;0.0;2.0;4.0;23.0;C03
25164;201400016682;0;7;0;0.0;2.0;4.0;23.0;D04
25165;201400016682;0;7;0;0.0;0.0;4.0;23.0;E05
25166;201400016683;0;7;0;13.0;0.0;1.0;1.0;A01
25167;201400016685;0;7;0;1.0;0.0;2.0;2.0;A01
25168;201400016685;0;7;0;0.0;0.0;6.0;23.0;B02
25169;201400016686;0;7;0;0.0;2.0;1.0;2.0;A01
25170;201400016686;0;15;0;0.0;0.0;4.0;2.0;B02
25171;201400016687;0;10;0;0.0;2.0;1.0;2.0;A01
25172;201400016687;0;7;0;0.0;0.0;4.0;2.0;B02
25173;201400016688;0;38;50;0.0;2.0;2.0;2.0;A01
25174;201400016688;0;17;0;0.0;0.0;6.0;2.0;B02
25175;201400016689;0;7;0;2.0;0.0;2.0;14.0;A01
25176;201400016690;0;15;0;16.0;0.0;0.0;14.0;A01
25177;201400016691;0;7;0;3.0;0.0;1.0;1.0;A01
25178;201400016693;0;7;0;0.0;0.0;6.0;1.0;A01
25179;201400016693;0;10;0;0.0;2.0;4.0;2.0;B02
25180;201400016693;0;7;0;0.0;2.0;1.0;1.0;C03
25181;201400016693;0;10;0;0.0;2.0;1.0;2.0;D04
25182;201400016693;0;7;0;0.0;2.0;1.0;2.0;E05
25183;201400016694;0;7;0;0.0;0.0;0.0;1.0;A01
25184;201400016695;0;7;0;4.0;0.0;3.0;1.0;A01
25185;201400016696;0;10;0;0.0;2.0;1.0;2.0;A01
25186;201400016696;0;7;0;0.0;0.0;4.0;2.0;B02
25187;201400016697;0;10;0;4.0;0.0;1.0;17.0;A01
25188;201400016698;0;10;0;0.0;0.0;0.0;1.0;A01
25189;201400016699;0;7;0;0.0;2.0;1.0;17.0;A01
25190;201400016699;0;17;0;0.0;2.0;4.0;1.0;B02
25191;201400016700;0;14;0;13.0;0.0;1.0;14.0;A01
25192;201400016701;0;7;0;0.0;2.0;1.0;1.0;A01
25193;201400016701;0;7;0;0.0;2.0;6.0;2.0;B02
25194;201400016702;0;7;0;4.0;0.0;1.0;21.0;A01
25195;201400016703;0;7;0;0.0;2.0;1.0;19.0;A01
25196;201400016703;0;7;0;0.0;2.0;8.0;1.0;B02
25197;201400016704;0;7;0;0.0;0.0;0.0;1.0;A01
25198;201400016705;0;7;0;0.0;2.0;5.0;1.0;A01
25199;201400016705;0;7;0;0.0;2.0;1.0;1.0;B02
25200;201400016705;0;17;0;0.0;2.0;3.0;1.0;C03
25201;201400016706;0;10;0;2.0;0.0;3.0;1.0;A01
25202;201400016707;0;7;0;0.0;2.0;1.0;2.0;A01
25203;201400016707;0;15;0;0.0;2.0;6.0;2.0;B02
25204;201400016708;0;7;0;2.0;0.0;3.0;1.0;A01
25205;201400016709;0;7;0;0.0;2.0;1.0;1.0;A01
25206;201400016709;0;7;0;0.0;2.0;1.0;1.0;B02
25207;201400016710;0;7;0;0.0;2.0;3.0;1.0;B02
25208;201400016710;0;7;0;0.0;2.0;1.0;1.0;A01
25209;201400016711;0;7;0;0.0;2.0;3.0;1.0;A01
25210;201400016711;0;7;0;0.0;2.0;3.0;1.0;B02
25211;201400016712;0;7;0;0.0;2.0;1.0;1.0;A01
25212;201400016712;0;33;0;0.0;2.0;1.0;19.0;B02
25213;201400016713;0;7;0;0.0;2.0;3.0;15.0;A01
25214;201400016713;0;7;0;0.0;2.0;1.0;1.0;B02
25215;201400016714;0;33;0;0.0;2.0;1.0;1.0;A01
25216;201400016714;0;10;0;0.0;0.0;1.0;15.0;B02
25217;201400016715;0;30;0;0.0;0.0;8.0;14.0;A01
25218;201400016716;0;7;0;0.0;0.0;4.0;2.0;A01
25219;201400016716;0;33;0;0.0;0.0;1.0;2.0;B02
25220;201400016717;0;33;0;12.0;0.0;1.0;1.0;A01
25221;201400016718;0;33;0;13.0;0.0;1.0;1.0;A01
25222;201400016719;0;7;0;3.0;0.0;3.0;1.0;A01
25223;201400016720;0;7;0;0.0;2.0;2.0;2.0;A01
25224;201400016720;0;15;0;0.0;0.0;6.0;1.0;B02
25225;201400016721;0;7;0;4.0;0.0;3.0;13.0;A01
25226;201400016723;0;7;0;13.0;0.0;2.0;1.0;A01
25227;201400016724;0;7;0;13.0;0.0;9.0;1.0;A01
25228;201400016725;0;7;0;4.0;0.0;3.0;1.0;A01
25229;201400016726;0;14;0;0.0;2.0;1.0;1.0;B02
25230;201400016726;0;7;0;0.0;2.0;8.0;10.0;A01
25231;201400016727;0;7;0;0.0;2.0;6.0;1.0;A01
25232;201400016727;0;7;0;0.0;2.0;2.0;1.0;B02
25233;201400016728;0;7;0;0.0;2.0;3.0;19.0;A01
25234;201400016728;0;7;0;0.0;2.0;1.0;1.0;B02
25235;201400016728;0;7;0;0.0;2.0;3.0;2.0;C03
25236;201400016729;0;14;0;0.0;2.0;2.0;17.0;A01
25237;201400016729;0;10;0;0.0;2.0;8.0;15.0;B02
25238;201400016730;0;7;0;0.0;1.0;2.0;1.0;A01
25239;201400016731;0;7;0;0.0;9.0;1.0;2.0;C03
25240;201400016731;0;33;0;0.0;2.0;1.0;2.0;A01
25241;201400016731;0;7;0;0.0;0.0;6.0;2.0;B02
25242;201400016732;0;7;0;0.0;2.0;1.0;1.0;A01
25243;201400016732;0;36;0;0.0;2.0;1.0;1.0;B02
25244;201400016733;0;7;0;0.0;2.0;8.0;1.0;B02
25245;201400016733;0;7;0;0.0;2.0;1.0;19.0;A01
25246;201400016734;0;7;0;13.0;0.0;1.0;1.0;A01
25247;201400016735;0;21;0;0.0;2.0;3.0;15.0;B02
25248;201400016735;0;7;0;0.0;2.0;2.0;17.0;A01
25249;201400016736;0;33;0;1.0;2.0;7.0;13.0;B02
25250;201400016736;0;7;0;0.0;2.0;3.0;1.0;A01
25251;201400016737;0;7;0;0.0;2.0;6.0;15.0;B02
25252;201400016737;0;32;0;0.0;2.0;1.0;17.0;A01
25253;201400016738;0;7;0;0.0;2.0;2.0;14.0;A01
25254;201400016738;0;30;0;0.0;2.0;1.0;1.0;B02
25255;201400016739;0;10;0;1.0;2.0;4.0;2.0;B01
25256;201400016739;0;7;0;0.0;2.0;1.0;1.0;C02
25257;201400016740;0;7;0;0.0;1.0;3.0;15.0;A01
25258;201400016741;0;33;0;3.0;0.0;2.0;14.0;A01
25259;201400016742;0;7;0;13.0;0.0;1.0;1.0;A01
25260;201400016743;0;7;0;1.0;0.0;2.0;14.0;A01
25261;201400016744;0;7;0;3.0;0.0;1.0;14.0;A01
25262;201400016745;0;7;0;2.0;0.0;1.0;1.0;A01
25263;201400016748;0;10;0;0.0;2.0;1.0;2.0;A01
25264;201400016748;0;14;0;0.0;2.0;4.0;1.0;B02
25265;201400016749;0;7;0;11.0;0.0;1.0;1.0;A01
25266;201400016750;0;7;0;3.0;0.0;2.0;14.0;A01
25267;201400016751;0;7;0;0.0;0.0;2.0;14.0;A01
25268;201400016753;0;38;26;0.0;2.0;3.0;1.0;A01
25269;201400016753;0;7;0;0.0;2.0;8.0;19.0;B02
25270;201400016754;0;7;0;0.0;2.0;1.0;2.0;A01
25271;201400016754;0;7;0;0.0;2.0;4.0;2.0;B02
25272;201400016755;0;10;0;8.0;0.0;8.0;1.0;A01
25273;201400016756;0;10;0;13.0;0.0;2.0;1.0;A01
25274;201400016757;0;7;0;0.0;2.0;3.0;13.0;A01
25275;201400016757;0;7;0;0.0;2.0;3.0;1.0;B02
25276;201400016758;0;30;0;5.0;4.0;1.0;1.0;A01
25277;201400016758;0;39;0;0.0;4.0;3.0;1.0;B02
25278;201400016759;0;7;0;6.0;0.0;3.0;1.0;A01
25279;201400016760;0;15;0;0.0;2.0;2.0;1.0;B02
25280;201400016760;0;10;0;0.0;2.0;8.0;19.0;A01
25281;201400016761;0;1;0;0.0;0.0;8.0;19.0;A01
25282;201400016761;0;10;0;0.0;0.0;2.0;21.0;B02
25283;201400016762;0;7;0;0.0;0.0;7.0;9.0;A01
25284;201400016762;0;7;0;0.0;2.0;3.0;21.0;B02
25285;201400016763;0;7;0;0.0;2.0;1.0;2.0;A01
25286;201400016763;0;7;0;0.0;2.0;4.0;2.0;B02
25287;201400016764;0;30;0;0.0;2.0;1.0;1.0;A01
25288;201400016764;0;10;0;0.0;2.0;1.0;13.0;B02
25289;201400016765;0;7;0;9.0;0.0;3.0;1.0;A01
25290;201400016766;1;99;0;0.0;1.0;1.0;1.0;A01
25291;201400016767;0;33;0;0.0;2.0;2.0;1.0;A01
25292;201400016767;0;2;0;0.0;2.0;3.0;9.0;B02
25293;201400016768;0;1;0;0.0;0.0;0.0;1.0;A01
25294;201400016768;1;7;0;0.0;0.0;0.0;17.0;B02
25295;201400016769;0;7;0;0.0;2.0;1.0;13.0;A01
25296;201400016769;0;10;0;0.0;2.0;3.0;1.0;B02
25297;201400016770;0;7;0;0.0;2.0;2.0;21.0;A01
25298;201400016770;0;7;0;0.0;2.0;1.0;13.0;B02
25299;201400016771;0;7;0;3.0;0.0;1.0;13.0;A01
25300;201400016771;0;7;0;14.0;0.0;1.0;21.0;B02
25301;201400016772;0;7;0;13.0;0.0;1.0;1.0;A01
25302;201400016774;0;7;0;7.0;0.0;1.0;14.0;A01
25303;201400016775;0;7;0;0.0;0.0;4.0;2.0;B02
25304;201400016775;0;7;0;0.0;2.0;1.0;2.0;A01
25305;201400016776;0;7;0;2.0;6.0;1.0;1.0;A01
25306;201400016777;0;10;0;2.0;0.0;2.0;0.0;A01
25307;201400016778;0;7;0;15.0;1.0;0.0;1.0;A01
25308;201400016779;0;33;0;0.0;0.0;9.0;21.0;A01
25309;201400016779;0;7;0;0.0;0.0;0.0;19.0;B02
25310;201400016780;0;7;0;0.0;2.0;2.0;0.0;A01
25311;201400016780;0;7;0;0.0;2.0;3.0;13.0;B02
25312;201400016781;0;7;0;0.0;0.0;0.0;1.0;A01
25313;201400016782;0;7;0;0.0;0.0;7.0;19.0;A01
25314;201400016782;0;2;0;0.0;0.0;1.0;0.0;B02
25315;201400016783;0;10;0;13.0;0.0;7.0;15.0;A01
25316;201400016784;0;30;0;0.0;2.0;1.0;1.0;A01
25317;201400016784;0;7;0;0.0;2.0;2.0;16.0;B02
25318;201400016785;0;7;0;0.0;1.0;2.0;1.0;A01
25319;201400016786;0;2;0;0.0;2.0;8.0;1.0;A01
25320;201400016786;0;7;0;0.0;2.0;3.0;15.0;B01
25321;201400016787;0;7;0;0.0;2.0;7.0;15.0;A01
25322;201400016787;0;2;0;0.0;2.0;1.0;1.0;B01
25323;201400016788;0;7;0;0.0;1.0;8.0;1.0;A01
25324;201400016789;0;7;0;3.0;2.0;2.0;3.0;A01
25325;201400016789;0;7;0;0.0;2.0;6.0;1.0;B01
25326;201400016789;0;7;0;0.0;2.0;2.0;1.0;C01
25327;201400016790;0;7;0;2.0;0.0;2.0;13.0;A01
25328;201400016791;0;7;0;0.0;2.0;2.0;15.0;A01
25329;201400016791;0;2;0;0.0;2.0;1.0;1.0;B01
25330;201400016792;0;7;0;4.0;0.0;9.0;1.0;A01
25331;201400016793;0;7;0;3.0;0.0;3.0;9.0;A01
25332;201400016794;0;7;0;0.0;1.0;3.0;15.0;A01
25333;201400016795;0;10;0;0.0;1.0;4.0;4.0;A01
25334;201400016796;0;7;0;0.0;1.0;1.0;1.0;A01
25335;201400016797;0;7;0;0.0;2.0;1.0;1.0;A01
25336;201400016797;0;7;0;0.0;2.0;4.0;23.0;B01
25337;201400016798;0;7;0;0.0;2.0;6.0;11.0;A01
25338;201400016798;0;33;0;0.0;2.0;1.0;17.0;B01
25339;201400016799;0;33;0;0.0;2.0;1.0;1.0;B01
25340;201400016799;0;7;0;0.0;2.0;1.0;13.0;A01
25341;201400016800;0;7;0;0.0;1.0;3.0;15.0;A01
25342;201400016801;0;7;0;0.0;2.0;7.0;15.0;A01
25343;201400016801;0;7;0;0.0;2.0;1.0;1.0;B01
25344;201400016802;0;7;0;0.0;2.0;8.0;15.0;B01
25345;201400016802;0;33;0;0.0;2.0;1.0;17.0;A01
25346;201400016803;0;7;0;0.0;2.0;1.0;1.0;A01
25347;201400016803;0;7;0;0.0;2.0;4.0;23.0;B01
25348;201400016804;0;7;0;3.0;0.0;1.0;14.0;A01
25349;201400016805;0;7;0;0.0;2.0;7.0;15.0;A01
25350;201400016805;0;33;0;0.0;2.0;8.0;1.0;B01
25351;201400016806;0;7;0;0.0;2.0;3.0;1.0;B01
25352;201400016806;0;7;0;0.0;2.0;2.0;1.0;A01
25353;201400016807;0;10;0;0.0;2.0;2.0;12.0;A01
25354;201400016807;0;21;0;0.0;2.0;6.0;1.0;B01
25355;201400016808;0;7;0;0.0;2.0;2.0;15.0;A01
25356;201400016808;0;2;0;0.0;2.0;1.0;1.0;B01
25357;201400016809;0;7;0;0.0;2.0;3.0;15.0;A01
25358;201400016809;0;1;0;0.0;2.0;1.0;1.0;B01
25359;201400016810;0;1;0;0.0;1.0;3.0;21.0;A01
25360;201400016811;0;1;0;0.0;2.0;8.0;19.0;A01
25361;201400016811;0;7;0;0.0;2.0;1.0;15.0;B01
25362;201400016812;0;7;0;0.0;2.0;6.0;9.0;A01
25363;201400016812;0;15;0;0.0;2.0;1.0;1.0;B01
25364;201400016813;0;7;0;0.0;1.0;2.0;1.0;A01
25365;201400016814;0;7;0;2.0;0.0;7.0;14.0;A01
25366;201400016815;0;7;0;0.0;2.0;1.0;1.0;A01
25367;201400016815;0;7;0;0.0;2.0;4.0;23.0;B01
25368;201400016815;0;7;0;0.0;2.0;4.0;23.0;C01
25369;201400016816;0;7;0;2.0;0.0;1.0;16.0;A01
25370;201400016817;0;7;0;0.0;2.0;3.0;15.0;A01
25371;201400016817;0;1;0;0.0;2.0;1.0;1.0;B01
25372;201400016818;0;2;0;1.0;0.0;1.0;13.0;A01
25373;201400016819;0;7;0;6.0;2.0;4.0;15.0;B01
25374;201400016819;0;7;0;0.0;2.0;1.0;1.0;A01
25375;201400016820;0;7;0;0.0;2.0;1.0;1.0;B01
25376;201400016820;0;7;0;0.0;2.0;7.0;1.0;A01
25377;201400016821;0;7;0;0.0;2.0;7.0;15.0;B01
25378;201400016821;0;2;0;0.0;2.0;1.0;7.0;A01
25379;201400016822;0;7;0;0.0;1.0;3.0;17.0;A01
25380;201400016823;0;10;0;0.0;2.0;1.0;1.0;A01
25381;201400016823;0;7;0;0.0;2.0;4.0;1.0;B01
25382;201400016824;0;7;0;0.0;2.0;6.0;1.0;B01
25383;201400016824;0;33;0;0.0;2.0;1.0;2.0;A01
25384;201400016825;0;33;0;0.0;2.0;1.0;1.0;A01
25385;201400016825;0;7;0;0.0;2.0;2.0;15.0;B01
25386;201400016827;0;7;0;0.0;1.0;3.0;1.0;A01
25387;201400016828;0;7;0;2.0;0.0;1.0;19.0;A01
25388;201400016829;0;7;0;0.0;1.0;1.0;1.0;A01
25389;201400016830;0;7;0;0.0;2.0;4.0;1.0;B01
25390;201400016830;0;7;0;0.0;2.0;1.0;1.0;A01
25391;201400016830;0;7;0;0.0;2.0;4.0;1.0;C01
25392;201400016831;0;30;0;6.0;0.0;2.0;1.0;A01
25393;201400016832;0;32;0;8.0;0.0;1.0;13.0;A01
25394;201400016833;0;7;0;0.0;2.0;5.0;1.0;B01
25395;201400016833;0;33;0;0.0;2.0;8.0;9.0;A01
25396;201400016835;0;2;0;0.0;0.0;0.0;1.0;A01
25397;201400016837;0;2;0;0.0;2.0;1.0;1.0;A01
25398;201400016837;0;7;0;0.0;2.0;2.0;15.0;B01
25399;201400016839;0;7;0;0.0;2.0;7.0;1.0;A01
25400;201400016839;0;1;0;0.0;2.0;1.0;9.0;B01
25401;201400016842;0;7;0;0.0;2.0;2.0;15.0;A01
25402;201400016842;0;33;0;0.0;2.0;1.0;1.0;B01
25403;201400016843;0;7;0;0.0;1.0;2.0;9.0;A01
25404;201400016844;0;7;0;0.0;1.0;3.0;1.0;A01
25405;201400016845;0;31;0;0.0;2.0;1.0;15.0;A01
25406;201400016845;0;7;0;0.0;2.0;8.0;1.0;B01
25407;201400016846;0;2;0;0.0;1.0;1.0;1.0;A01
25408;201400016847;0;1;0;0.0;0.0;0.0;1.0;A01
25409;201400016848;0;7;0;0.0;2.0;8.0;16.0;A01
25410;201400016848;0;1;0;0.0;2.0;1.0;15.0;B01
25411;201400016849;0;2;0;1.0;0.0;1.0;14.0;A01
25412;201400016850;0;1;0;0.0;2.0;1.0;19.0;A01
25413;201400016850;0;7;0;0.0;2.0;2.0;1.0;B01
25414;201400016852;0;7;0;0.0;2.0;3.0;23.0;B01
25415;201400016852;0;7;0;11.0;2.0;1.0;15.0;A01
25416;201400016853;0;37;20;0.0;2.0;5.0;1.0;A01
25417;201400016853;0;1;0;0.0;1.0;9.0;23.0;B01
25418;201400016854;0;33;0;0.0;2.0;1.0;1.0;B01
25419;201400016854;0;10;0;0.0;2.0;3.0;15.0;A01
25420;201400016855;0;31;0;12.0;0.0;1.0;21.0;B01
25421;201400016856;0;7;0;0.0;4.0;3.0;15.0;A01
25422;201400016856;0;40;0;0.0;2.0;7.0;1.0;B01
25423;201400016857;0;7;0;0.0;1.0;2.0;1.0;A01
25424;201400016858;0;3;0;0.0;2.0;7.0;17.0;A01
25425;201400016858;0;1;0;0.0;2.0;8.0;1.0;B01
25426;201400016859;0;2;0;0.0;0.0;1.0;1.0;A01
25427;201400016860;0;7;0;0.0;2.0;1.0;1.0;B01
25428;201400016860;0;7;0;0.0;2.0;2.0;15.0;A01
25429;201400016861;0;7;0;0.0;1.0;1.0;13.0;A01
25430;201400016863;0;7;0;0.0;2.0;6.0;1.0;A01
25431;201400016863;0;7;0;0.0;2.0;2.0;1.0;B01
25432;201400016864;0;7;0;0.0;2.0;1.0;15.0;A01
25433;201400016864;0;2;0;0.0;2.0;1.0;1.0;B01
25434;201400016865;0;2;0;0.0;2.0;1.0;21.0;A01
25435;201400016865;1;7;0;0.0;2.0;0.0;15.0;Z01
25436;201400016866;0;30;0;0.0;2.0;7.0;1.0;B01
25437;201400016866;0;10;0;0.0;2.0;3.0;15.0;A01
25438;201400016867;0;7;0;0.0;2.0;1.0;13.0;A01
25439;201400016867;0;7;0;0.0;2.0;1.0;1.0;B01
25440;201400016868;0;7;0;0.0;1.0;1.0;1.0;A01
25441;201400016870;0;37;1;0.0;2.0;2.0;1.0;B01
25442;201400016870;0;1;0;0.0;2.0;1.0;1.0;A01
25443;201400016871;0;7;0;0.0;2.0;1.0;1.0;B01
25444;201400016871;0;7;0;0.0;2.0;1.0;0.0;A01
25445;201400016872;0;7;0;0.0;2.0;1.0;1.0;A01
25446;201400016872;0;7;0;0.0;2.0;6.0;1.0;B01
25447;201400016873;0;7;0;0.0;1.0;8.0;1.0;A01
25448;201400016874;0;7;0;0.0;1.0;1.0;1.0;A01
25449;201400016875;0;7;0;0.0;2.0;7.0;13.0;A01
25450;201400016875;0;14;0;0.0;2.0;1.0;1.0;C01
25451;201400016875;0;7;0;0.0;0.0;1.0;1.0;B01
25452;201400016876;0;7;0;0.0;2.0;1.0;1.0;B01
25453;201400016876;0;7;0;0.0;2.0;1.0;1.0;A01
25454;201400016878;0;7;0;0.0;2.0;3.0;13.0;A01
25455;201400016878;0;10;0;0.0;0.0;8.0;1.0;B02
25456;201400016878;0;7;0;0.0;0.0;6.0;1.0;C03