;Num_Acc;senc;catv;occutc;obs;obsm;choc;manv;num_veh
26298;201400017480;0;2;0;0.0;2.0;1.0;1.0;B02
26299;201400017481;0;7;0;2.0;0.0;8.0;17.0;A01
26300;201400017482;0;1;0;4.0;0.0;7.0;1.0;A01
26301;201400017484;0;7;0;0.0;2.0;3.0;17.0;A01
26302;201400017484;0;7;0;0.0;2.0;3.0;1.0;B02
26303;201400017485;0;33;0;0.0;2.0;1.0;17.0;A01
26304;201400017485;0;7;0;0.0;2.0;6.0;15.0;B02
26305;201400017486;0;33;0;11.0;0.0;1.0;1.0;A01
26306;201400017488;0;10;0;0.0;1.0;1.0;1.0;A01
26307;201400017489;0;7;0;6.0;0.0;7.0;1.0;A01
26308;201400017490;0;20;0;13.0;0.0;9.0;1.0;A01
26309;201400017491;0;7;0;0.0;2.0;2.0;9.0;A01
26310;201400017491;0;1;0;0.0;2.0;4.0;1.0;B02
26311;201400017492;0;7;0;0.0;0.0;1.0;1.0;B02
26312;201400017492;0;7;0;0.0;0.0;8.0;15.0;A01
26313;201400017493;0;7;0;0.0;2.0;5.0;1.0;B02
26314;201400017493;0;7;0;0.0;2.0;2.0;5.0;A01
26315;201400017494;0;10;0;0.0;1.0;2.0;1.0;A01
26316;201400017495;0;7;0;0.0;2.0;9.0;2.0;C03
26317;201400017495;0;7;0;0.0;2.0;6.0;2.0;A01
26318;201400017495;0;7;0;0.0;2.0;9.0;2.0;B02
26319;201400017495;0;7;0;0.0;2.0;1.0;2.0;D04
26320;201400017496;0;7;0;2.0;0.0;1.0;0.0;A01
26321;201400017497;0;33;0;0.0;0.0;1.0;0.0;A01
26322;201400017498;0;7;0;8.0;0.0;1.0;1.0;A01
26323;201400017499;0;7;0;0.0;2.0;2.0;15.0;A01
26324;201400017499;0;7;0;0.0;2.0;7.0;1.0;B02
26325;201400017500;0;7;0;0.0;2.0;2.0;1.0;A01
26326;201400017500;0;1;0;0.0;2.0;1.0;5.0;B02
26327;201400017501;0;7;0;0.0;1.0;2.0;2.0;A01
26328;201400017502;0;7;0;2.0;0.0;1.0;1.0;A01
26329;201400017503;0;7;0;2.0;0.0;7.0;1.0;A01
26330;201400017504;0;7;0;0.0;2.0;1.0;1.0;B02
26331;201400017504;0;7;0;0.0;2.0;1.0;1.0;C03
26332;201400017504;0;7;0;0.0;2.0;1.0;13.0;A01
26333;201400017505;0;7;0;0.0;2.0;3.0;1.0;A01
26334;201400017505;0;21;0;0.0;2.0;8.0;1.0;B02
26335;201400017506;0;7;0;0.0;2.0;3.0;13.0;A01
26336;201400017506;0;33;0;0.0;2.0;1.0;1.0;B02
26337;201400017508;0;7;0;13.0;0.0;1.0;1.0;A01
26338;201400017509;0;33;0;3.0;0.0;7.0;1.0;A01
26339;201400017510;0;7;0;0.0;2.0;3.0;1.0;C03
26340;201400017510;0;7;0;0.0;2.0;8.0;1.0;B02
26341;201400017510;0;7;0;0.0;2.0;1.0;13.0;A01
26342;201400017511;0;33;0;13.0;0.0;1.0;1.0;A01
26343;201400017511;0;33;0;13.0;0.0;1.0;1.0;B02
26344;201400017512;0;7;0;0.0;2.0;2.0;13.0;A01
26345;201400017512;0;7;0;0.0;2.0;2.0;21.0;B02
26346;201400017513;0;7;0;0.0;2.0;3.0;1.0;B02
26347;201400017513;0;30;0;0.0;2.0;1.0;1.0;A01
26348;201400017514;0;7;0;13.0;0.0;9.0;21.0;A01
26349;201400017515;0;7;0;8.0;0.0;1.0;1.0;A01
26350;201400017516;0;7;0;0.0;1.0;2.0;1.0;A01
26351;201400017517;0;7;0;0.0;2.0;3.0;19.0;A01
26352;201400017517;0;33;0;0.0;2.0;1.0;1.0;B02
26353;201400017518;0;7;0;0.0;0.0;6.0;1.0;B02
26354;201400017518;0;7;0;0.0;2.0;3.0;1.0;A01
26355;201400017519;0;33;0;0.0;2.0;2.0;1.0;B02
26356;201400017519;0;7;0;1.0;2.0;3.0;9.0;A01
26357;201400017520;0;10;0;0.0;2.0;5.0;15.0;A01
26358;201400017520;0;2;0;0.0;2.0;1.0;1.0;B02
26359;201400017521;0;33;0;0.0;2.0;8.0;1.0;B02
26360;201400017521;0;33;0;0.0;2.0;7.0;14.0;A01
26361;201400017523;0;10;0;0.0;2.0;1.0;1.0;B02
26362;201400017523;0;10;0;0.0;2.0;1.0;13.0;A01
26363;201400017526;0;2;0;0.0;0.0;8.0;1.0;A01
26364;201400017527;0;10;0;0.0;2.0;2.0;1.0;A01
26365;201400017527;0;2;0;0.0;2.0;1.0;16.0;B02
26366;201400017528;0;7;0;2.0;0.0;9.0;21.0;A01
26367;201400017529;0;7;0;0.0;2.0;2.0;1.0;B02
26368;201400017529;0;7;0;0.0;2.0;2.0;17.0;A01
26369;201400017530;0;7;0;0.0;2.0;3.0;1.0;A01
26370;201400017530;0;7;0;0.0;2.0;2.0;1.0;B02
26371;201400017531;0;7;0;0.0;2.0;3.0;1.0;B02
26372;201400017531;0;3;0;0.0;2.0;1.0;13.0;A01
26373;201400017532;0;10;0;13.0;0.0;9.0;1.0;A01
26374;201400017533;0;7;0;0.0;2.0;1.0;15.0;A01
26375;201400017533;0;7;0;0.0;2.0;1.0;1.0;B02
26376;201400017534;0;7;0;13.0;0.0;1.0;1.0;A01
26377;201400017535;0;10;0;0.0;2.0;3.0;1.0;B02
26378;201400017535;0;7;0;0.0;2.0;1.0;13.0;A01
26379;201400017536;0;7;0;13.0;0.0;3.0;1.0;A01
26380;201400017537;0;7;0;13.0;0.0;3.0;1.0;A01
26381;201400017538;0;7;0;2.0;0.0;2.0;1.0;A01
26382;201400017539;0;7;0;0.0;2.0;7.0;1.0;A01
26383;201400017539;0;21;0;0.0;2.0;1.0;1.0;B02
26384;201400017540;0;7;0;0.0;2.0;6.0;19.0;A01
26385;201400017540;0;30;0;0.0;2.0;1.0;1.0;B02
26386;201400017542;0;7;0;7.0;0.0;4.0;1.0;A01
26387;201400017543;0;7;0;16.0;0.0;0.0;0.0;A01
26388;201400017544;0;33;0;0.0;0.0;8.0;1.0;A01
26389;201400017545;0;33;0;0.0;0.0;2.0;1.0;A01
26390;201400017546;0;7;0;0.0;2.0;2.0;1.0;A01
26391;201400017546;0;7;0;0.0;2.0;2.0;1.0;B02
26392;201400017547;0;7;0;0.0;1.0;4.0;4.0;A01
26393;201400017548;0;7;0;0.0;2.0;1.0;1.0;A01
26394;201400017548;0;7;0;0.0;2.0;6.0;19.0;B02
26395;201400017550;0;7;0;0.0;2.0;1.0;1.0;A01
26396;201400017550;0;7;0;0.0;2.0;8.0;1.0;B02
26397;201400017552;0;7;0;9.0;0.0;2.0;1.0;A01
26398;201400017553;0;7;0;13.0;0.0;8.0;1.0;A01
26399;201400017555;0;7;0;0.0;2.0;1.0;1.0;B02
26400;201400017555;0;7;0;0.0;2.0;7.0;13.0;A01
26401;201400017556;0;7;0;0.0;2.0;5.0;13.0;A01
26402;201400017556;0;7;0;0.0;2.0;1.0;1.0;B02
26403;201400017557;0;7;0;0.0;1.0;1.0;1.0;A01
26404;201400017558;0;7;0;0.0;2.0;9.0;14.0;A01
26405;201400017558;0;7;0;0.0;2.0;1.0;21.0;B02
26406;201400017558;0;7;0;0.0;2.0;5.0;21.0;C03
26407;201400017559;0;7;0;0.0;2.0;1.0;15.0;A01
26408;201400017559;0;7;0;0.0;2.0;1.0;1.0;B02
26409;201400017560;0;10;0;0.0;2.0;3.0;1.0;A01
26410;201400017560;0;7;0;0.0;2.0;3.0;1.0;B02
26411;201400017561;0;7;0;0.0;2.0;3.0;1.0;A01
26412;201400017561;0;7;0;0.0;2.0;1.0;1.0;B02
26413;201400017563;0;33;0;0.0;2.0;1.0;1.0;A01
26414;201400017563;0;7;0;0.0;2.0;7.0;15.0;B02
26415;201400017564;0;7;0;0.0;2.0;1.0;2.0;A01
26416;201400017564;0;7;0;0.0;0.0;4.0;23.0;B02
26417;201400017565;0;7;0;0.0;1.0;3.0;1.0;A01
26418;201400017566;0;15;0;0.0;2.0;1.0;1.0;B02
26419;201400017566;0;7;0;0.0;2.0;5.0;19.0;A01
26420;201400017567;0;7;0;0.0;1.0;2.0;19.0;A01
26421;201400017568;0;7;0;0.0;2.0;0.0;1.0;B02
26422;201400017568;0;7;0;0.0;2.0;3.0;1.0;A01
26423;201400017569;0;7;0;3.0;2.0;3.0;13.0;A01
26424;201400017569;0;7;0;0.0;2.0;3.0;1.0;B02
26425;201400017570;0;7;0;0.0;2.0;3.0;1.0;A01
26426;201400017570;0;7;0;0.0;2.0;2.0;1.0;B02
26427;201400017571;0;7;0;0.0;2.0;1.0;19.0;C03
26428;201400017571;0;10;0;0.0;2.0;3.0;1.0;B02
26429;201400017571;0;7;0;0.0;2.0;1.0;1.0;A01
26430;201400017572;0;7;0;0.0;9.0;3.0;1.0;A01
26431;201400017572;0;1;0;0.0;2.0;2.0;1.0;B02
26432;201400017573;1;7;0;0.0;1.0;3.0;1.0;A01
26433;201400017574;0;7;0;0.0;0.0;1.0;15.0;A01
26434;201400017574;0;30;0;0.0;0.0;8.0;1.0;B02
26435;201400017575;0;7;0;0.0;2.0;1.0;1.0;B02
26436;201400017575;0;33;0;0.0;2.0;1.0;1.0;A01
26437;201400017576;0;7;0;0.0;2.0;3.0;1.0;B02
26438;201400017576;0;3;0;0.0;2.0;1.0;13.0;A01
26439;201400017577;0;7;0;8.0;0.0;2.0;0.0;A01
26440;201400017578;0;7;0;0.0;1.0;1.0;1.0;A01
26441;201400017579;0;7;0;0.0;2.0;1.0;1.0;A01
26442;201400017579;0;7;0;0.0;2.0;8.0;19.0;B02
26443;201400017580;0;7;0;6.0;0.0;1.0;1.0;A01
26444;201400017581;0;32;0;12.0;0.0;1.0;1.0;A01
26445;201400017582;0;7;0;0.0;0.0;8.0;19.0;A01
26446;201400017582;0;7;0;0.0;0.0;1.0;1.0;B02
26447;201400017583;0;7;0;6.0;0.0;3.0;1.0;A01
26448;201400017584;0;7;0;0.0;2.0;1.0;1.0;B02
26449;201400017584;0;7;0;0.0;2.0;3.0;1.0;A01
26450;201400017584;0;7;0;0.0;2.0;1.0;0.0;C03
26451;201400017585;0;30;0;0.0;0.0;0.0;0.0;B02
26452;201400017585;0;10;0;0.0;2.0;1.0;0.0;A01
26453;201400017586;0;7;0;0.0;9.0;7.0;15.0;A01
26454;201400017586;0;1;0;0.0;0.0;0.0;0.0;B02
26455;201400017587;0;1;0;0.0;2.0;0.0;21.0;A01
26456;201400017587;0;13;0;0.0;2.0;3.0;1.0;B02
26457;201400017588;0;7;0;7.0;0.0;1.0;1.0;A01
26458;201400017589;0;7;0;0.0;2.0;3.0;13.0;A01
26459;201400017589;0;7;0;0.0;2.0;3.0;1.0;B02
26460;201400017590;0;33;0;9.0;0.0;1.0;1.0;A01
26461;201400017591;0;32;0;0.0;2.0;1.0;1.0;A01
26462;201400017591;0;21;0;0.0;0.0;5.0;11.0;B02
26463;201400017592;0;7;0;2.0;0.0;3.0;1.0;A01
26464;201400017593;0;7;0;0.0;1.0;2.0;1.0;A01
26465;201400017594;0;10;0;0.0;1.0;1.0;1.0;A01
26466;201400017595;0;7;0;0.0;2.0;1.0;13.0;A01
26467;201400017595;0;7;0;0.0;2.0;1.0;1.0;B02
26468;201400017596;0;7;0;0.0;2.0;5.0;1.0;A01
26469;201400017596;0;2;0;0.0;2.0;1.0;1.0;B02
26470;201400017597;0;7;0;0.0;1.0;1.0;1.0;A01
26471;201400017598;0;7;0;0.0;2.0;3.0;15.0;A01
26472;201400017598;0;10;0;0.0;2.0;2.0;1.0;B02
26473;201400017599;0;33;0;0.0;2.0;7.0;16.0;B02
26474;201400017599;0;7;0;0.0;2.0;3.0;16.0;A01
26475;201400017600;0;7;0;0.0;2.0;1.0;17.0;A01
26476;201400017600;0;7;0;0.0;2.0;1.0;1.0;B02
26477;201400017601;0;10;0;0.0;2.0;3.0;13.0;B02
26478;201400017601;0;15;0;0.0;2.0;3.0;1.0;A01
26479;201400017602;0;2;0;0.0;2.0;3.0;13.0;A01
26480;201400017602;0;7;0;0.0;2.0;3.0;1.0;B02
26481;201400017603;0;17;0;0.0;2.0;3.0;1.0;A01
26482;201400017603;0;7;0;0.0;2.0;1.0;13.0;B02
26483;201400017604;0;7;0;0.0;2.0;4.0;1.0;A01
26484;201400017604;0;30;0;0.0;2.0;1.0;1.0;B02
26485;201400017605;0;7;0;0.0;6.0;9.0;1.0;A01
26486;201400017606;0;7;0;0.0;0.0;8.0;1.0;A01
26487;201400017607;0;14;0;0.0;1.0;3.0;1.0;A01
26488;201400017608;0;7;0;0.0;9.0;5.0;12.0;A01
26489;201400017608;0;1;0;0.0;2.0;8.0;1.0;B02
26490;201400017609;0;7;0;6.0;1.0;2.0;20.0;A01
26491;201400017610;0;7;0;0.0;2.0;1.0;5.0;A01
26492;201400017610;0;7;0;0.0;2.0;3.0;1.0;B02
26493;201400017611;0;33;0;4.0;0.0;3.0;1.0;A01
26494;201400017612;0;33;0;1.0;0.0;1.0;1.0;A01
26495;201400017612;0;7;0;1.0;2.0;6.0;23.0;B02
26496;201400017612;0;7;0;0.0;2.0;4.0;23.0;C03
26497;201400017613;0;31;0;0.0;0.0;7.0;19.0;A01
26498;201400017614;0;33;0;13.0;0.0;3.0;1.0;A01
26499;201400017615;0;7;0;6.0;0.0;2.0;1.0;A01
26500;201400017616;0;7;0;0.0;0.0;5.0;1.0;A01
26501;201400017616;0;30;0;0.0;0.0;2.0;0.0;B02
26502;201400017617;0;33;0;0.0;1.0;1.0;0.0;A01
26503;201400017618;0;14;0;0.0;0.0;2.0;1.0;A01
26504;201400017619;0;7;0;0.0;0.0;9.0;13.0;A01
26505;201400017620;0;14;0;0.0;2.0;1.0;1.0;B02
26506;201400017620;0;7;0;0.0;2.0;1.0;5.0;A01
26507;201400017621;0;38;1;0.0;2.0;8.0;5.0;B02
26508;201400017621;0;33;0;0.0;2.0;8.0;5.0;A01
26509;201400017622;0;7;0;0.0;2.0;3.0;1.0;B02
26510;201400017622;0;31;0;0.0;2.0;1.0;5.0;A01
26511;201400017624;0;7;0;0.0;2.0;1.0;5.0;A01
26512;201400017624;0;7;0;0.0;2.0;1.0;1.0;B02
26513;201400017626;0;10;0;0.0;2.0;1.0;2.0;A01
26514;201400017626;0;7;0;0.0;2.0;4.0;15.0;B02
26515;201400017627;0;14;0;0.0;2.0;3.0;1.0;B02
26516;201400017627;0;99;0;13.0;2.0;2.0;5.0;A01
26517;201400017629;0;30;0;0.0;0.0;0.0;13.0;A01
26518;201400017630;0;7;0;0.0;6.0;0.0;0.0;A01
26519;201400017631;0;7;0;0.0;2.0;3.0;1.0;B02
26520;201400017631;1;10;0;0.0;2.0;3.0;13.0;A01
26521;201400017632;0;33;0;10.0;0.0;1.0;1.0;A01
26522;201400017632;0;33;0;0.0;2.0;1.0;2.0;B02
26523;201400017633;0;7;0;0.0;2.0;3.0;1.0;B02
26524;201400017633;0;7;0;0.0;2.0;3.0;13.0;A01
26525;201400017634;0;33;0;0.0;6.0;1.0;1.0;A01
26526;201400017635;0;7;0;0.0;2.0;2.0;13.0;A01
26527;201400017635;0;7;0;0.0;2.0;1.0;1.0;B02
26528;201400017636;0;7;0;2.0;0.0;2.0;1.0;A01
26529;201400017637;1;7;0;0.0;1.0;0.0;0.0;A01
26530;201400017638;0;7;0;13.0;0.0;9.0;14.0;A01
26531;201400017639;0;7;0;0.0;0.0;1.0;13.0;A01
26532;201400017639;0;7;0;0.0;2.0;1.0;0.0;B02
26533;201400017640;0;7;0;2.0;0.0;3.0;1.0;A01
26534;201400017641;0;7;0;0.0;1.0;3.0;15.0;A01
26535;201400017642;0;14;0;0.0;2.0;3.0;0.0;B02
26536;201400017642;0;7;0;0.0;2.0;7.0;13.0;A01
26537;201400017643;0;7;0;0.0;0.0;3.0;1.0;A01
26538;201400017644;0;7;0;0.0;1.0;3.0;1.0;A01
26539;201400017645;0;39;0;0.0;9.0;2.0;1.0;A01
26540;201400017645;0;1;0;0.0;4.0;7.0;1.0;B02
26541;201400017646;0;33;0;16.0;0.0;0.0;1.0;A01
26542;201400017647;0;33;0;8.0;2.0;1.0;2.0;A01
26543;201400017647;0;3;0;0.0;0.0;3.0;24.0;C03
26544;201400017647;0;7;0;0.0;0.0;5.0;14.0;B02
26545;201400017648;0;7;0;0.0;0.0;2.0;1.0;A01
26546;201400017648;0;1;0;0.0;0.0;8.0;19.0;B02
26547;201400017650;0;7;0;0.0;1.0;3.0;1.0;A01
26548;201400017651;0;7;0;0.0;2.0;1.0;17.0;A01
26549;201400017651;0;7;0;0.0;2.0;1.0;1.0;B01
26550;201400017653;0;7;0;0.0;2.0;4.0;17.0;B01
26551;201400017653;0;33;0;0.0;2.0;1.0;17.0;A01
26552;201400017654;0;7;0;0.0;2.0;1.0;1.0;A01
26553;201400017654;0;7;0;0.0;2.0;5.0;13.0;B01
26554;201400017655;0;33;0;0.0;2.0;1.0;1.0;B02
26555;201400017655;0;2;0;0.0;2.0;8.0;15.0;A01
26556;201400017656;0;7;0;0.0;6.0;9.0;14.0;A01
26557;201400017657;0;2;0;0.0;2.0;1.0;21.0;A01
26558;201400017657;0;7;0;0.0;9.0;2.0;9.0;B01
26559;201400017658;0;33;0;0.0;2.0;1.0;17.0;A01
26560;201400017658;0;7;0;0.0;2.0;6.0;15.0;B01
26561;201400017659;0;7;0;0.0;1.0;2.0;1.0;A01
26562;201400017660;0;7;0;0.0;2.0;8.0;1.0;A01
26563;201400017661;0;7;0;0.0;2.0;7.0;15.0;A01
26564;201400017661;0;7;0;0.0;2.0;1.0;1.0;B02
26565;201400017662;0;7;0;0.0;2.0;2.0;15.0;A01
26566;201400017662;0;7;0;0.0;2.0;3.0;1.0;B02
26567;201400017663;0;7;0;0.0;2.0;8.0;1.0;A01
26568;201400017663;0;31;0;0.0;2.0;2.0;1.0;B01
26569;201400017664;0;7;0;0.0;2.0;2.0;1.0;A01
26570;201400017664;1;7;0;0.0;2.0;3.0;16.0;B01
26571;201400017665;0;21;0;0.0;2.0;4.0;15.0;A01
26572;201400017665;0;7;0;0.0;2.0;1.0;17.0;B01
26573;201400017666;0;1;0;0.0;2.0;1.0;19.0;A01
26574;201400017666;0;7;0;0.0;2.0;3.0;1.0;B01
26575;201400017667;0;30;0;0.0;2.0;1.0;15.0;A01
26576;201400017667;0;7;0;0.0;2.0;2.0;1.0;B02
26577;201400017668;0;17;0;0.0;2.0;2.0;1.0;B02
26578;201400017668;0;7;0;0.0;0.0;8.0;19.0;A01
26579;201400017669;0;7;0;0.0;2.0;8.0;1.0;B01
26580;201400017669;0;7;0;0.0;2.0;1.0;16.0;A01
26581;201400017670;0;7;0;0.0;2.0;3.0;15.0;A01
26582;201400017670;0;30;0;0.0;2.0;1.0;1.0;B01
26583;201400017671;0;7;0;0.0;2.0;8.0;6.0;A01
26584;201400017671;0;2;0;0.0;2.0;1.0;1.0;B01
26585;201400017672;0;30;0;0.0;2.0;1.0;13.0;A01
26586;201400017672;0;7;0;0.0;2.0;1.0;1.0;B01
26587;201400017673;0;30;0;0.0;2.0;1.0;2.0;A01
26588;201400017673;0;7;0;0.0;2.0;5.0;15.0;B01
26589;201400017674;0;14;0;0.0;1.0;5.0;1.0;A01
26590;201400017675;0;21;0;0.0;2.0;8.0;15.0;A01
26591;201400017675;0;10;0;0.0;2.0;2.0;17.0;B01
26592;201400017676;0;30;0;0.0;2.0;8.0;1.0;A01
26593;201400017676;0;7;0;0.0;2.0;8.0;1.0;B01
26594;201400017677;0;7;0;0.0;2.0;3.0;17.0;A01
26595;201400017677;0;7;0;0.0;2.0;3.0;1.0;B01
26596;201400017678;0;7;0;0.0;2.0;3.0;1.0;B01
26597;201400017678;0;7;0;2.0;2.0;8.0;13.0;A01
26598;201400017680;0;1;0;0.0;0.0;9.0;21.0;A01
26599;201400017681;0;7;0;16.0;0.0;1.0;1.0;A01
26600;201400017682;0;7;0;0.0;0.0;3.0;1.0;A01
26601;201400017682;0;7;0;0.0;0.0;1.0;19.0;B01
26602;201400017683;0;7;0;0.0;0.0;2.0;1.0;B02
26603;201400017683;0;7;0;0.0;0.0;1.0;13.0;A01
26604;201400017684;0;33;0;0.0;2.0;1.0;1.0;B02
26605;201400017684;0;10;0;0.0;2.0;2.0;13.0;A01
26606;201400017685;0;7;0;0.0;2.0;3.0;1.0;A01
26607;201400017685;0;17;0;0.0;2.0;3.0;13.0;B01
26608;201400017686;0;7;0;13.0;0.0;8.0;1.0;A01
26609;201400017687;0;7;0;13.0;0.0;0.0;13.0;A01
26610;201400017688;0;7;0;0.0;2.0;6.0;19.0;A01
26611;201400017688;0;7;0;0.0;2.0;1.0;1.0;B02
26612;201400017689;0;2;0;0.0;2.0;1.0;19.0;B01
26613;201400017689;0;10;0;0.0;2.0;2.0;1.0;A01
26614;201400017690;0;7;0;0.0;1.0;5.0;1.0;A01
26615;201400017691;0;7;0;0.0;2.0;4.0;15.0;B02
26616;201400017691;0;7;0;0.0;2.0;3.0;1.0;D04
26617;201400017691;0;7;0;0.0;2.0;8.0;1.0;E05
26618;201400017691;0;7;0;0.0;2.0;3.0;1.0;C03
26619;201400017691;0;7;0;0.0;2.0;1.0;1.0;A01
26620;201400017692;0;7;0;0.0;2.0;1.0;1.0;B02
26621;201400017692;0;31;0;0.0;2.0;1.0;13.0;A01
26622;201400017693;0;1;0;0.0;2.0;7.0;1.0;A01
26623;201400017693;0;7;0;0.0;9.0;1.0;9.0;B02
26624;201400017694;0;7;0;0.0;2.0;2.0;19.0;B01
26625;201400017694;0;2;0;0.0;2.0;1.0;1.0;A01
26626;201400017695;0;7;0;0.0;1.0;3.0;1.0;A01
26627;201400017696;0;7;0;0.0;6.0;2.0;21.0;A01
26628;201400017697;0;1;0;0.0;2.0;1.0;0.0;B02
26629;201400017697;0;7;0;0.0;9.0;3.0;1.0;A01
26630;201400017698;0;7;0;0.0;;4.0;23.0;B02
26631;201400017698;0;32;0;0.0;2.0;1.0;1.0;A01
26632;201400017699;0;7;0;0.0;2.0;1.0;13.0;A01
26633;201400017699;0;7;0;0.0;2.0;1.0;1.0;B02
26634;201400017699;0;7;0;0.0;2.0;1.0;21.0;C03
26635;201400017700;0;7;0;15.0;0.0;1.0;13.0;A01
26636;201400017701;0;38;10;0.0;1.0;5.0;9.0;A01
26637;201400017702;0;33;0;0.0;2.0;5.0;21.0;A01
26638;201400017702;0;7;0;0.0;2.0;2.0;9.0;B02
26639;201400017703;0;1;0;0.0;0.0;0.0;1.0;A01
26640;201400017704;0;1;0;0.0;2.0;1.0;1.0;A01
26641;201400017704;0;7;0;0.0;2.0;3.0;9.0;B02
26642;201400017705;0;33;0;7.0;0.0;1.0;1.0;A01
26643;201400017706;0;7;0;13.0;0.0;2.0;14.0;A01
26644;201400017707;0;1;0;0.0;2.0;7.0;1.0;A01
26645;201400017707;0;20;0;0.0;2.0;6.0;4.0;B02
26646;201400017708;0;1;0;0.0;1.0;1.0;1.0;A01
26647;201400017709;0;2;0;0.0;2.0;1.0;1.0;B02
26648;201400017709;0;10;0;0.0;2.0;1.0;5.0;A01
26649;201400017711;0;33;0;0.0;2.0;1.0;2.0;A01
26650;201400017711;0;7;0;0.0;2.0;4.0;1.0;B02
26651;201400017712;0;1;0;0.0;5.0;1.0;1.0;A01
26652;201400017713;0;7;0;0.0;2.0;6.0;1.0;B01
26653;201400017713;0;7;0;1.0;0.0;2.0;1.0;A01
26654;201400017714;0;7;0;13.0;0.0;3.0;13.0;A01
26655;201400017715;0;7;0;2.0;0.0;8.0;13.0;A01
26656;201400017717;0;7;0;0.0;2.0;3.0;1.0;A01
26657;201400017717;0;21;0;0.0;2.0;3.0;1.0;B02
26658;201400017718;0;7;0;13.0;6.0;2.0;21.0;A01
26659;201400017719;0;7;0;15.0;0.0;1.0;13.0;A01
26660;201400017720;0;7;0;0.0;2.0;6.0;19.0;A01
26661;201400017720;0;33;0;0.0;2.0;1.0;1.0;B01
26662;201400017721;0;7;0;0.0;2.0;2.0;21.0;B01
26663;201400017721;0;7;0;0.0;2.0;2.0;17.0;A01
26664;201400017722;0;3;0;0.0;2.0;4.0;23.0;A01
26665;201400017722;0;1;0;0.0;2.0;1.0;2.0;B01
26666;201400017723;0;33;0;1.0;0.0;1.0;1.0;A01
26667;201400017724;0;7;0;0.0;2.0;1.0;1.0;A01
26668;201400017724;0;7;0;0.0;2.0;8.0;15.0;B01
26669;201400017726;0;30;0;0.0;0.0;0.0;1.0;A01
26670;201400017727;0;1;0;13.0;0.0;1.0;14.0;A01
26671;201400017728;0;7;0;0.0;1.0;2.0;1.0;A01
26672;201400017729;0;33;0;0.0;2.0;1.0;13.0;A01
26673;201400017729;0;7;0;0.0;2.0;1.0;1.0;B01
26674;201400017730;0;30;0;0.0;2.0;7.0;1.0;B02
26675;201400017730;0;7;0;0.0;2.0;3.0;1.0;A01
26676;201400017733;0;7;0;13.0;0.0;3.0;13.0;A01
26677;201400017734;0;7;0;13.0;2.0;6.0;10.0;A01
26678;201400017734;0;7;0;15.0;2.0;3.0;17.0;B02
26679;201400017735;0;31;0;3.0;0.0;1.0;13.0;A01
26680;201400017736;0;7;0;2.0;0.0;1.0;1.0;A01
26681;201400017737;0;7;0;0.0;2.0;1.0;1.0;B02
26682;201400017737;0;7;0;0.0;2.0;7.0;13.0;A01
26683;201400017738;0;7;0;0.0;2.0;1.0;1.0;A01
26684;201400017738;0;7;0;0.0;2.0;1.0;1.0;B01
26685;201400017739;0;31;0;0.0;2.0;0.0;2.0;A01
26686;201400017740;0;7;0;2.0;0.0;3.0;13.0;A01
26687;201400017741;0;2;0;0.0;2.0;2.0;15.0;B01
26688;201400017741;0;10;0;0.0;2.0;3.0;1.0;A01
26689;201400017743;0;33;0;0.0;2.0;0.0;17.0;A01
26690;201400017743;0;7;0;0.0;2.0;3.0;1.0;B02
26691;201400017744;0;7;0;0.0;2.0;3.0;10.0;A01
26692;201400017744;0;31;0;0.0;2.0;1.0;2.0;B02
26693;201400017745;0;7;0;0.0;0.0;1.0;1.0;B02
26694;201400017745;0;7;0;0.0;0.0;8.0;1.0;A01
26695;201400017748;0;7;0;2.0;0.0;7.0;1.0;A01
26696;201400017749;0;33;0;0.0;0.0;0.0;0.0;A01
26697;201400017750;0;7;0;0.0;1.0;1.0;1.0;A01
26698;201400017751;0;1;0;0.0;2.0;8.0;21.0;B02
26699;201400017751;0;7;0;0.0;2.0;1.0;15.0;A01
26700;201400017752;0;10;0;0.0;2.0;1.0;13.0;A01
26701;201400017752;0;14;0;0.0;2.0;1.0;1.0;B02
26702;201400017753;0;33;0;0.0;2.0;9.0;13.0;A01
26703;201400017753;0;7;0;0.0;2.0;1.0;1.0;B02
26704;201400017753;0;7;0;0.0;2.0;8.0;1.0;C03
26705;201400017754;0;7;0;0.0;2.0;8.0;19.0;B02
26706;201400017754;0;10;0;0.0;2.0;1.0;1.0;A01
26707;201400017755;0;33;0;6.0;0.0;2.0;1.0;A01
26708;201400017756;0;7;0;16.0;2.0;1.0;1.0;B02
26709;201400017756;0;7;0;16.0;2.0;1.0;1.0;A01
26710;201400017756;0;30;0;16.0;9.0;5.0;1.0;C03
26711;201400017757;0;7;0;8.0;0.0;2.0;14.0;A01
26712;201400017758;0;7;0;13.0;0.0;2.0;1.0;A01
26713;201400017760;0;33;0;16.0;0.0;2.0;1.0;A01
26714;201400017761;0;7;0;0.0;2.0;3.0;13.0;A01
26715;201400017761;0;7;0;0.0;2.0;1.0;1.0;B02
26716;201400017762;0;33;0;0.0;2.0;1.0;1.0;A01
26717;201400017762;0;7;0;0.0;2.0;4.0;1.0;B02
26718;201400017763;0;7;0;13.0;0.0;2.0;1.0;A01