;Num_Acc;senc;catv;occutc;obs;obsm;choc;manv;num_veh
26719;201400017764;0;7;0;0.0;0.0;3.0;1.0;B02
26720;201400017764;0;7;0;0.0;0.0;1.0;1.0;A01
26721;201400017765;0;10;0;0.0;2.0;1.0;13.0;A01
26722;201400017765;0;14;0;0.0;2.0;1.0;1.0;B02
26723;201400017766;0;7;0;8.0;0.0;1.0;13.0;A01
26724;201400017769;0;3;0;0.0;2.0;1.0;5.0;A01
26725;201400017769;0;7;0;0.0;2.0;1.0;1.0;B02
26726;201400017770;0;33;0;0.0;2.0;3.0;1.0;B02
26727;201400017770;0;33;0;0.0;2.0;3.0;1.0;A01
26728;201400017772;0;14;0;5.0;2.0;3.0;1.0;B02
26729;201400017772;0;14;0;13.0;2.0;3.0;13.0;A01
26730;201400017773;0;33;0;13.0;0.0;1.0;1.0;A01
26731;201400017774;0;31;0;13.0;0.0;3.0;0.0;A01
26732;201400017775;0;33;0;5.0;0.0;1.0;1.0;A01
26733;201400017776;0;7;0;2.0;0.0;1.0;0.0;A01
26734;201400017778;0;2;0;0.0;2.0;1.0;13.0;B02
26735;201400017778;0;7;0;0.0;2.0;2.0;1.0;A01
26736;201400017779;0;7;0;0.0;9.0;1.0;13.0;A01
26737;201400017779;0;1;0;0.0;2.0;1.0;1.0;B02
26738;201400017780;0;7;0;6.0;0.0;1.0;1.0;A01
26739;201400017781;0;7;0;0.0;2.0;8.0;1.0;B02
26740;201400017781;0;7;0;0.0;2.0;6.0;1.0;C03
26741;201400017781;0;7;0;0.0;2.0;8.0;13.0;A01
26742;201400017782;0;30;0;0.0;2.0;1.0;16.0;A01
26743;201400017782;0;10;0;0.0;0.0;8.0;1.0;B02
26744;201400017783;0;7;0;0.0;2.0;3.0;11.0;C03
26745;201400017783;0;10;0;0.0;2.0;3.0;1.0;B02
26746;201400017783;0;7;0;0.0;2.0;1.0;11.0;A01
26747;201400017784;0;7;0;0.0;2.0;3.0;1.0;A01
26748;201400017784;0;30;0;0.0;2.0;7.0;19.0;B02
26749;201400017785;0;7;0;0.0;2.0;8.0;15.0;A01
26750;201400017785;0;7;0;0.0;2.0;1.0;1.0;B02
26751;201400017786;0;7;0;0.0;2.0;3.0;19.0;B02
26752;201400017786;0;30;0;0.0;2.0;5.0;1.0;A01
26753;201400017787;0;3;0;0.0;1.0;3.0;2.0;A01
26754;201400017788;0;7;0;13.0;0.0;2.0;1.0;A01
26755;201400017789;0;2;0;0.0;2.0;1.0;5.0;A01
26756;201400017789;0;7;0;0.0;2.0;3.0;5.0;B02
26757;201400017790;0;33;0;0.0;0.0;7.0;0.0;A01
26758;201400017791;0;31;0;0.0;2.0;1.0;1.0;B02
26759;201400017791;0;7;0;0.0;2.0;8.0;15.0;A01
26760;201400017793;0;17;0;0.0;2.0;8.0;21.0;B02
26761;201400017793;0;10;0;0.0;2.0;3.0;13.0;A01
26762;201400017794;0;17;0;13.0;2.0;3.0;1.0;B02
26763;201400017794;0;10;0;13.0;2.0;3.0;13.0;A01
26764;201400017795;0;7;0;0.0;2.0;4.0;1.0;B02
26765;201400017795;0;7;0;0.0;2.0;1.0;1.0;A01
26766;201400017796;0;7;0;0.0;2.0;2.0;1.0;A01
26767;201400017796;0;30;0;0.0;2.0;1.0;9.0;B02
26768;201400017797;0;33;0;0.0;5.0;1.0;1.0;A01
26769;201400017798;0;7;0;0.0;2.0;7.0;1.0;A01
26770;201400017798;0;31;0;0.0;2.0;1.0;9.0;B02
26771;201400017799;0;7;0;0.0;1.0;1.0;1.0;A01
26772;201400017800;0;7;0;0.0;2.0;1.0;1.0;A01
26773;201400017800;0;7;0;0.0;2.0;4.0;1.0;B02
26774;201400017801;0;7;0;0.0;2.0;3.0;1.0;A01
26775;201400017801;0;7;0;0.0;2.0;3.0;1.0;B02
26776;201400017802;0;33;0;0.0;0.0;7.0;1.0;A01
26777;201400017803;0;1;0;0.0;0.0;7.0;16.0;A01
26778;201400017804;0;10;0;0.0;0.0;0.0;17.0;B02
26779;201400017804;0;33;0;13.0;0.0;1.0;17.0;A01
26780;201400017805;0;7;0;0.0;2.0;1.0;1.0;B02
26781;201400017807;0;7;0;0.0;2.0;1.0;1.0;B02
26782;201400017807;0;30;0;0.0;2.0;1.0;1.0;C03
26783;201400017807;0;7;0;0.0;2.0;1.0;13.0;A01
26784;201400017808;0;33;0;8.0;0.0;1.0;1.0;A01
26785;201400017809;0;32;0;0.0;2.0;2.0;0.0;A01
26786;201400017809;0;7;0;0.0;2.0;3.0;0.0;B02
26787;201400017810;0;33;0;0.0;2.0;7.0;1.0;A01
26788;201400017810;0;30;0;0.0;2.0;4.0;19.0;B02
26789;201400017811;0;38;0;13.0;0.0;2.0;1.0;A01
26790;201400017812;0;7;0;0.0;1.0;1.0;1.0;A01
26791;201400017813;0;31;0;0.0;2.0;2.0;2.0;A01
26792;201400017813;0;7;0;0.0;0.0;4.0;23.0;B02
26793;201400017814;0;7;0;0.0;1.0;2.0;19.0;A01
26794;201400017815;0;33;0;0.0;0.0;1.0;1.0;A01
26795;201400017816;0;7;0;0.0;0.0;1.0;1.0;A01
26796;201400017816;0;99;0;0.0;0.0;8.0;0.0;B02
26797;201400017817;0;7;0;0.0;2.0;1.0;1.0;A01
26798;201400017817;0;99;0;0.0;2.0;1.0;1.0;B02
26799;201400017818;0;7;0;8.0;0.0;0.0;0.0;A01
26800;201400017819;0;7;0;2.0;0.0;5.0;1.0;A01
26801;201400017820;0;7;0;0.0;2.0;1.0;19.0;A01
26802;201400017820;0;7;0;0.0;2.0;7.0;21.0;B02
26803;201400017821;0;7;0;0.0;2.0;5.0;15.0;A01
26804;201400017821;0;33;0;0.0;2.0;1.0;21.0;B02
26805;201400017822;0;10;0;0.0;2.0;1.0;1.0;B02
26806;201400017822;0;7;0;0.0;2.0;3.0;1.0;A01
26807;201400017823;0;33;0;16.0;0.0;0.0;1.0;A01
26808;201400017824;0;7;0;2.0;0.0;3.0;0.0;A01
26809;201400017825;0;7;0;6.0;0.0;2.0;1.0;A01
26810;201400017826;0;10;0;13.0;0.0;3.0;0.0;A01
26811;201400017827;0;7;0;2.0;0.0;2.0;14.0;A01
26812;201400017828;0;7;0;0.0;0.0;6.0;23.0;A01
26813;201400017828;0;7;0;14.0;2.0;2.0;21.0;B02
26814;201400017828;0;7;0;0.0;2.0;1.0;1.0;C03
26815;201400017829;0;7;0;0.0;2.0;2.0;18.0;A01
26816;201400017829;0;33;0;0.0;2.0;8.0;9.0;B01
26817;201400017830;0;7;0;2.0;0.0;2.0;14.0;A01
26818;201400017831;0;10;0;0.0;2.0;8.0;1.0;B02
26819;201400017831;0;7;0;0.0;2.0;3.0;1.0;A01
26820;201400017832;0;7;0;13.0;0.0;8.0;13.0;A01
26821;201400017833;0;7;0;13.0;0.0;5.0;1.0;A01
26822;201400017834;0;1;0;0.0;0.0;1.0;1.0;A01
26823;201400017835;0;7;0;0.0;1.0;3.0;1.0;A01
26824;201400017836;0;30;0;0.0;2.0;1.0;1.0;A01
26825;201400017836;0;7;0;0.0;2.0;8.0;1.0;B01
26826;201400017837;0;7;0;2.0;0.0;1.0;1.0;A01
26827;201400017838;0;7;0;0.0;2.0;1.0;1.0;A01
26828;201400017838;0;7;0;2.0;2.0;8.0;9.0;B01
26829;201400017839;0;7;0;0.0;2.0;2.0;15.0;A01
26830;201400017839;0;30;0;0.0;2.0;1.0;1.0;B01
26831;201400017840;0;7;0;7.0;0.0;9.0;13.0;A01
26832;201400017841;0;7;0;13.0;0.0;1.0;21.0;A01
26833;201400017842;0;10;0;0.0;1.0;4.0;4.0;A01
26834;201400017844;0;1;0;0.0;2.0;1.0;19.0;B01
26835;201400017844;0;7;0;0.0;2.0;2.0;15.0;A01
26836;201400017845;1;7;0;0.0;2.0;7.0;1.0;A01
26837;201400017845;0;30;0;0.0;2.0;8.0;1.0;B01
26838;201400017846;0;7;0;2.0;0.0;2.0;0.0;A01
26839;201400017847;0;30;0;0.0;0.0;7.0;1.0;A01
26840;201400017848;0;7;0;0.0;2.0;1.0;5.0;A01
26841;201400017848;0;7;0;0.0;2.0;1.0;1.0;B02
26842;201400017849;0;7;0;0.0;2.0;8.0;13.0;A01
26843;201400017849;0;2;0;0.0;2.0;7.0;1.0;B01
26844;201400017850;0;7;0;0.0;2.0;8.0;9.0;A01
26845;201400017850;0;7;0;0.0;2.0;1.0;1.0;B01
26846;201400017851;0;30;0;0.0;0.0;7.0;16.0;A01
26847;201400017852;0;33;0;0.0;2.0;1.0;1.0;B01
26848;201400017852;0;7;0;0.0;2.0;7.0;9.0;A01
26849;201400017853;0;30;0;0.0;0.0;0.0;21.0;A01
26850;201400017855;0;7;0;0.0;1.0;4.0;20.0;A01
26851;201400017856;0;7;0;0.0;1.0;0.0;1.0;A01
26852;201400017857;0;7;0;13.0;0.0;1.0;1.0;A01
26853;201400017859;0;7;0;0.0;2.0;3.0;9.0;A01
26854;201400017859;0;33;0;0.0;2.0;1.0;1.0;B01
26855;201400017860;0;31;0;1.0;0.0;1.0;1.0;A01
26856;201400017861;0;99;0;0.0;1.0;4.0;4.0;A01
26857;201400017862;0;7;0;0.0;2.0;7.0;17.0;A01
26858;201400017862;0;30;0;0.0;2.0;8.0;1.0;B01
26859;201400017863;0;7;0;0.0;0.0;2.0;1.0;A01
26860;201400017864;0;7;0;0.0;2.0;1.0;2.0;A01
26861;201400017864;0;7;0;0.0;2.0;4.0;1.0;B01
26862;201400017865;0;7;0;13.0;0.0;9.0;1.0;A01
26863;201400017866;0;36;0;0.0;2.0;1.0;1.0;B01
26864;201400017866;0;7;0;0.0;2.0;7.0;9.0;A01
26865;201400017867;0;7;0;0.0;1.0;4.0;4.0;A01
26866;201400017869;0;7;0;0.0;1.0;1.0;4.0;A01
26867;201400017869;0;7;0;0.0;2.0;1.0;1.0;B01
26868;201400017870;0;7;0;0.0;2.0;1.0;2.0;A01
26869;201400017870;0;7;0;0.0;2.0;4.0;2.0;B01
26870;201400017871;0;7;0;1.0;0.0;1.0;21.0;A01
26871;201400017872;0;7;0;0.0;9.0;6.0;0.0;A01
26872;201400017872;0;33;0;0.0;2.0;1.0;2.0;B01
26873;201400017873;0;33;0;0.0;0.0;1.0;0.0;A01
26874;201400017875;0;7;0;0.0;0.0;3.0;9.0;A01
26875;201400017875;0;2;0;0.0;2.0;1.0;1.0;B01
26876;201400017876;0;2;0;0.0;2.0;1.0;1.0;A01
26877;201400017876;0;7;0;0.0;2.0;3.0;1.0;B01
26878;201400017877;0;7;0;0.0;1.0;7.0;1.0;A01
26879;201400017878;0;2;0;0.0;0.0;8.0;1.0;A01
26880;201400017879;0;13;0;15.0;0.0;2.0;1.0;A01
26881;201400017880;0;7;0;0.0;1.0;1.0;1.0;A01
26882;201400017882;0;7;0;14.0;1.0;1.0;1.0;A01
26883;201400017883;0;7;0;15.0;9.0;1.0;1.0;A01
26884;201400017884;2;7;0;0.0;2.0;3.0;1.0;A01
26885;201400017884;0;7;0;0.0;2.0;3.0;1.0;B02
26886;201400017885;0;33;0;3.0;0.0;7.0;1.0;A01
26887;201400017887;0;7;0;0.0;2.0;4.0;0.0;B02
26888;201400017887;0;7;0;1.0;1.0;5.0;1.0;A01
26889;201400017888;0;7;0;13.0;0.0;1.0;15.0;A01
26890;201400017889;0;1;0;0.0;0.0;4.0;1.0;B02
26891;201400017889;0;10;0;0.0;9.0;2.0;1.0;A01
26892;201400017890;0;33;0;0.0;2.0;1.0;1.0;A01
26893;201400017890;0;10;0;0.0;0.0;4.0;23.0;B02
26894;201400017891;0;7;0;0.0;2.0;3.0;13.0;A01
26895;201400017891;0;7;0;0.0;2.0;3.0;1.0;B02
26896;201400017892;0;10;0;0.0;2.0;1.0;1.0;A01
26897;201400017892;0;10;0;0.0;2.0;1.0;15.0;B02
26898;201400017893;0;7;0;0.0;2.0;3.0;1.0;A01
26899;201400017893;0;1;0;0.0;2.0;1.0;13.0;B02
26900;201400017895;0;33;0;0.0;9.0;1.0;1.0;B02
26901;201400017895;0;33;0;0.0;9.0;1.0;1.0;A01
26902;201400017896;0;7;0;0.0;2.0;3.0;15.0;A01
26903;201400017896;0;7;0;0.0;2.0;2.0;1.0;B02
26904;201400017897;0;7;0;0.0;2.0;7.0;1.0;A01
26905;201400017897;0;7;0;0.0;2.0;1.0;1.0;B02
26906;201400017898;0;33;0;0.0;0.0;7.0;1.0;A01
26907;201400017899;0;10;0;0.0;2.0;1.0;1.0;A01
26908;201400017899;0;7;0;0.0;2.0;4.0;1.0;B02
26909;201400017900;0;33;0;0.0;0.0;0.0;1.0;A01
26910;201400017902;0;33;0;0.0;0.0;0.0;1.0;A01
26911;201400017903;0;7;0;0.0;2.0;1.0;1.0;C03
26912;201400017903;0;7;0;0.0;2.0;3.0;13.0;A01
26913;201400017903;0;7;0;0.0;2.0;3.0;1.0;B02
26914;201400017904;0;10;0;13.0;0.0;3.0;1.0;A01
26915;201400017905;0;10;0;13.0;0.0;1.0;21.0;A01
26916;201400017906;0;7;0;0.0;0.0;1.0;13.0;A01
26917;201400017906;0;7;0;0.0;0.0;1.0;0.0;B02
26918;201400017907;0;33;0;0.0;2.0;1.0;2.0;A01
26919;201400017907;0;1;0;0.0;2.0;4.0;15.0;B02
26920;201400017908;0;7;0;0.0;1.0;2.0;1.0;A01
26921;201400017909;0;7;0;0.0;2.0;2.0;1.0;A01
26922;201400017909;0;7;0;0.0;2.0;1.0;1.0;B02
26923;201400017910;0;7;0;0.0;2.0;6.0;17.0;A01
26924;201400017910;0;33;0;0.0;2.0;0.0;13.0;B02
26925;201400017912;0;7;0;0.0;2.0;1.0;17.0;A01
26926;201400017912;0;7;0;0.0;2.0;1.0;1.0;B02
26927;201400017914;0;7;0;0.0;2.0;1.0;1.0;A01
26928;201400017914;0;37;0;0.0;2.0;2.0;1.0;B02
26929;201400017915;0;7;0;13.0;0.0;4.0;4.0;A01
26930;201400017916;0;7;0;0.0;2.0;1.0;13.0;A01
26931;201400017916;0;7;0;0.0;2.0;3.0;1.0;B02
26932;201400017917;0;10;0;0.0;1.0;8.0;1.0;A01
26933;201400017918;0;7;0;0.0;2.0;8.0;15.0;B02
26934;201400017918;0;30;0;0.0;2.0;1.0;17.0;A01
26935;201400017919;0;7;0;0.0;2.0;3.0;13.0;A01
26936;201400017919;0;17;0;0.0;2.0;3.0;1.0;B02
26937;201400017920;0;7;0;6.0;0.0;2.0;1.0;A01
26938;201400017921;0;7;0;13.0;0.0;9.0;1.0;A01
26939;201400017922;0;7;0;0.0;2.0;1.0;1.0;B02
26940;201400017922;0;7;0;0.0;2.0;1.0;1.0;C03
26941;201400017922;0;10;0;0.0;2.0;6.0;13.0;A01
26942;201400017923;0;7;0;0.0;2.0;1.0;17.0;A01
26943;201400017923;0;7;0;0.0;2.0;8.0;15.0;B02
26944;201400017924;0;7;0;0.0;2.0;7.0;13.0;A01
26945;201400017924;0;7;0;0.0;2.0;1.0;1.0;B02
26946;201400017925;0;33;0;0.0;2.0;9.0;1.0;B02
26947;201400017925;0;7;0;0.0;0.0;2.0;19.0;A01
26948;201400017926;0;7;0;0.0;2.0;3.0;15.0;A01
26949;201400017926;0;33;0;0.0;2.0;6.0;0.0;B02
26950;201400017927;0;14;0;0.0;2.0;8.0;0.0;B02
26951;201400017927;0;10;0;0.0;2.0;7.0;17.0;A01
26952;201400017928;0;30;0;1.0;0.0;2.0;1.0;A01
26953;201400017929;0;7;0;0.0;2.0;1.0;1.0;B02
26954;201400017929;0;30;0;0.0;2.0;1.0;13.0;A01
26955;201400017930;0;7;0;0.0;2.0;2.0;23.0;A01
26956;201400017930;0;1;0;0.0;2.0;3.0;1.0;B02
26957;201400017931;0;30;0;15.0;0.0;1.0;1.0;A01
26958;201400017932;0;7;0;16.0;6.0;9.0;1.0;A01
26959;201400017933;0;30;0;12.0;0.0;7.0;1.0;A01
26960;201400017934;0;1;0;0.0;2.0;8.0;1.0;B02
26961;201400017934;0;21;0;0.0;2.0;1.0;15.0;A01
26962;201400017935;0;7;0;8.0;0.0;3.0;16.0;A01
26963;201400017936;0;7;0;0.0;2.0;3.0;13.0;A01
26964;201400017936;0;15;0;0.0;2.0;3.0;1.0;B02
26965;201400017937;0;7;0;0.0;2.0;3.0;15.0;B02
26966;201400017937;0;1;0;0.0;2.0;1.0;1.0;A01
26967;201400017938;0;17;0;7.0;0.0;1.0;1.0;A01
26968;201400017939;0;7;0;0.0;2.0;0.0;2.0;A01
26969;201400017939;0;7;0;0.0;9.0;4.0;2.0;B02
26970;201400017940;0;7;0;0.0;2.0;8.0;1.0;C03
26971;201400017940;0;7;0;0.0;9.0;1.0;1.0;E05
26972;201400017940;0;10;0;0.0;2.0;8.0;1.0;G07
26973;201400017940;0;7;0;0.0;2.0;1.0;1.0;B02
26974;201400017940;0;7;0;0.0;2.0;1.0;5.0;A01
26975;201400017940;0;10;0;0.0;2.0;7.0;21.0;F06
26976;201400017940;0;7;0;0.0;9.0;1.0;1.0;D04
26977;201400017940;0;17;0;0.0;9.0;0.0;1.0;H08
26978;201400017941;0;17;0;0.0;2.0;2.0;13.0;A01
26979;201400017941;0;17;0;0.0;2.0;3.0;1.0;B02
26980;201400017942;0;7;0;0.0;2.0;3.0;1.0;B02
26981;201400017942;0;7;0;0.0;2.0;2.0;5.0;A01
26982;201400017943;0;7;0;0.0;2.0;7.0;15.0;A01
26983;201400017943;0;33;0;0.0;2.0;2.0;1.0;B02
26984;201400017944;0;7;0;0.0;2.0;3.0;13.0;A01
26985;201400017944;0;15;0;0.0;2.0;3.0;1.0;B02
26986;201400017945;0;33;0;0.0;0.0;1.0;0.0;A01
26987;201400017945;0;7;0;0.0;0.0;6.0;0.0;B02
26988;201400017946;0;7;0;2.0;0.0;3.0;14.0;A01
26989;201400017947;0;10;0;6.0;2.0;8.0;1.0;B01
26990;201400017947;0;7;0;0.0;2.0;8.0;13.0;A01
26991;201400017948;0;2;0;0.0;2.0;7.0;2.0;B01
26992;201400017948;0;7;0;0.0;2.0;3.0;9.0;A01
26993;201400017949;0;7;0;0.0;2.0;2.0;1.0;B02
26994;201400017949;0;7;0;0.0;0.0;1.0;19.0;A01
26995;201400017950;0;7;0;0.0;2.0;1.0;1.0;B02
26996;201400017950;0;10;0;0.0;2.0;1.0;1.0;A01
26997;201400017951;0;7;0;0.0;1.0;2.0;1.0;A01
26998;201400017952;0;33;0;0.0;0.0;1.0;1.0;A01
26999;201400017953;0;7;0;15.0;0.0;3.0;13.0;A01
27000;201400017955;0;7;0;0.0;2.0;1.0;1.0;A01
27001;201400017955;0;10;0;0.0;0.0;8.0;23.0;C03
27002;201400017955;0;7;0;0.0;0.0;7.0;1.0;B02
27003;201400017956;0;7;0;3.0;0.0;2.0;1.0;A01
27004;201400017957;0;7;0;0.0;2.0;2.0;19.0;A01
27005;201400017957;0;7;0;0.0;2.0;8.0;1.0;B02
27006;201400017958;0;7;0;0.0;1.0;3.0;15.0;A01
27007;201400017959;0;7;0;2.0;0.0;2.0;1.0;A01
27008;201400017960;0;7;0;2.0;0.0;3.0;1.0;A01
27009;201400017961;0;10;0;0.0;0.0;9.0;21.0;A01
27010;201400017962;0;1;0;0.0;2.0;3.0;1.0;B02
27011;201400017962;0;7;0;0.0;2.0;5.0;12.0;A01
27012;201400017963;0;14;0;0.0;2.0;1.0;9.0;B02
27013;201400017963;0;7;0;0.0;2.0;7.0;1.0;A01
27014;201400017963;0;7;0;0.0;2.0;3.0;19.0;C03
27015;201400017964;0;7;0;4.0;0.0;7.0;1.0;A01
27016;201400017965;0;7;0;0.0;9.0;5.0;16.0;A01
27017;201400017965;0;1;0;0.0;2.0;1.0;15.0;B02
27018;201400017966;0;7;0;6.0;0.0;2.0;1.0;A01
27019;201400017967;0;7;0;3.0;0.0;9.0;14.0;A01
27020;201400017968;0;33;0;0.0;2.0;1.0;2.0;A01
27021;201400017968;0;7;0;0.0;2.0;6.0;15.0;B02
27022;201400017969;0;7;0;0.0;2.0;1.0;13.0;A01
27023;201400017969;0;7;0;0.0;2.0;1.0;1.0;B01
27024;201400017970;0;7;0;2.0;0.0;2.0;14.0;A01
27025;201400017971;0;7;0;2.0;0.0;1.0;1.0;A01
27026;201400017972;0;7;0;13.0;0.0;9.0;14.0;A01
27027;201400017973;0;10;0;0.0;2.0;3.0;1.0;A01
27028;201400017973;0;7;0;0.0;2.0;2.0;15.0;B01
27029;201400017974;0;7;0;0.0;2.0;7.0;1.0;B01
27030;201400017974;0;7;0;0.0;2.0;3.0;16.0;A01
27031;201400017975;0;7;0;0.0;2.0;3.0;15.0;B02
27032;201400017975;0;33;0;0.0;2.0;1.0;1.0;A01
27033;201400017976;0;7;0;0.0;1.0;1.0;1.0;A01
27034;201400017977;0;7;0;0.0;2.0;3.0;15.0;B02
27035;201400017977;0;31;0;0.0;2.0;8.0;1.0;A01
27036;201400017978;0;7;0;0.0;2.0;1.0;1.0;B02
27037;201400017978;0;33;0;0.0;2.0;1.0;1.0;A01
27038;201400017980;0;7;0;2.0;0.0;0.0;1.0;A01
27039;201400017981;0;7;0;6.0;0.0;3.0;5.0;A01
27040;201400017982;0;7;0;0.0;2.0;1.0;1.0;B02
27041;201400017982;0;7;0;0.0;2.0;3.0;13.0;A01
27042;201400017983;0;33;0;3.0;0.0;1.0;1.0;A01
27043;201400017984;0;7;0;13.0;0.0;1.0;1.0;A01
27044;201400017985;0;31;0;0.0;2.0;1.0;1.0;A01
27045;201400017986;0;7;0;0.0;2.0;1.0;13.0;A01
27046;201400017986;0;7;0;0.0;2.0;3.0;1.0;B02
27047;201400017987;0;7;0;0.0;2.0;3.0;9.0;A01
27048;201400017987;0;7;0;0.0;2.0;1.0;2.0;B02
27049;201400017988;0;7;0;0.0;1.0;1.0;1.0;A01
27050;201400017989;0;10;0;0.0;2.0;3.0;1.0;B02
27051;201400017989;0;10;0;0.0;2.0;2.0;1.0;A01
27052;201400017990;0;7;0;0.0;2.0;7.0;13.0;A01
27053;201400017990;0;2;0;0.0;2.0;1.0;1.0;B02
27054;201400017991;0;7;0;0.0;2.0;2.0;5.0;A01
27055;201400017991;0;14;0;0.0;2.0;1.0;5.0;B02
27056;201400017992;0;7;0;0.0;1.0;2.0;1.0;A01
27057;201400017993;0;7;0;0.0;2.0;1.0;1.0;A01
27058;201400017993;0;7;0;0.0;2.0;9.0;23.0;B02
27059;201400017993;0;7;0;15.0;2.0;3.0;1.0;C03
27060;201400017994;0;7;0;0.0;2.0;2.0;15.0;A01
27061;201400017994;0;33;0;0.0;2.0;1.0;1.0;B02
27062;201400017996;0;7;0;13.0;0.0;1.0;1.0;A01
27063;201400017997;0;33;0;0.0;2.0;3.0;13.0;A01
27064;201400017997;0;7;0;0.0;2.0;3.0;1.0;B02
27065;201400017997;0;33;0;0.0;2.0;8.0;2.0;C03
27066;201400017999;0;7;0;2.0;0.0;3.0;13.0;A01
27067;201400018000;0;33;0;0.0;2.0;0.0;16.0;A01
27068;201400018000;0;7;0;0.0;2.0;3.0;1.0;B02
27069;201400018001;0;7;0;0.0;2.0;8.0;13.0;A01
27070;201400018001;0;33;0;0.0;2.0;3.0;1.0;B02
27071;201400018002;0;15;0;0.0;0.0;6.0;15.0;A01
27072;201400018002;0;7;0;0.0;2.0;1.0;1.0;B02
27073;201400018003;0;7;0;0.0;1.0;3.0;15.0;A01
27074;201400018004;0;33;0;0.0;2.0;8.0;13.0;A01
27075;201400018004;0;7;0;0.0;2.0;3.0;0.0;B02
27076;201400018005;0;33;0;0.0;1.0;1.0;1.0;A01
27077;201400018006;0;7;0;8.0;0.0;1.0;1.0;A01
27078;201400018007;0;33;0;0.0;2.0;1.0;1.0;A01
27079;201400018007;0;33;0;0.0;2.0;0.0;1.0;B02
27080;201400018009;0;7;0;0.0;2.0;2.0;15.0;A01
27081;201400018009;0;7;0;0.0;2.0;1.0;1.0;B02
27082;201400018010;0;7;0;13.0;0.0;2.0;1.0;A01
27083;201400018011;0;7;0;0.0;2.0;3.0;13.0;A01
27084;201400018011;0;7;0;0.0;2.0;3.0;1.0;B02
27085;201400018012;0;10;0;0.0;2.0;5.0;15.0;A01
27086;201400018012;0;33;0;0.0;2.0;1.0;1.0;B02
27087;201400018013;0;21;0;6.0;0.0;7.0;14.0;A01
27088;201400018014;0;7;0;6.0;0.0;1.0;13.0;A01
27089;201400018015;0;7;0;0.0;2.0;3.0;13.0;A01
27090;201400018015;0;7;0;0.0;0.0;3.0;1.0;B02
27091;201400018016;0;7;0;0.0;2.0;2.0;16.0;A01
27092;201400018016;0;31;0;7.0;2.0;3.0;1.0;B02
27093;201400018017;0;30;0;1.0;9.0;2.0;17.0;A01
27094;201400018017;0;30;0;0.0;2.0;3.0;17.0;B02
27095;201400018018;0;7;0;13.0;0.0;9.0;14.0;A01
27096;201400018019;0;7;0;0.0;0.0;3.0;1.0;B02
27097;201400018019;0;7;0;0.0;2.0;2.0;19.0;A01
27098;201400018020;0;7;0;5.0;0.0;9.0;14.0;A01
27099;201400018022;0;10;0;0.0;2.0;3.0;1.0;B02
27100;201400018022;0;14;0;0.0;2.0;7.0;9.0;A01
27101;201400018023;0;31;0;0.0;2.0;1.0;13.0;A01
27102;201400018023;0;21;0;0.0;2.0;1.0;23.0;B02
27103;201400018024;0;30;0;0.0;2.0;1.0;13.0;A01
27104;201400018024;0;10;0;0.0;2.0;3.0;1.0;B02
27105;201400018026;0;7;0;0.0;2.0;6.0;13.0;A01
27106;201400018026;0;7;0;0.0;2.0;1.0;1.0;B02
27107;201400018027;0;7;0;0.0;2.0;0.0;1.0;B02
27108;201400018027;0;10;0;0.0;2.0;2.0;13.0;A01
27109;201400018028;0;7;0;6.0;0.0;9.0;14.0;A01
27110;201400018029;0;7;0;0.0;1.0;1.0;1.0;A01
27111;201400018030;0;7;0;2.0;0.0;1.0;14.0;A01
27112;201400018031;0;15;0;0.0;0.0;4.0;1.0;E05
27113;201400018031;0;15;0;0.0;2.0;1.0;1.0;A01
27114;201400018031;0;7;0;0.0;2.0;4.0;1.0;B02
27115;201400018031;0;7;0;0.0;2.0;4.0;1.0;C03
27116;201400018031;0;7;0;0.0;2.0;4.0;1.0;D04
27117;201400018032;0;15;0;0.0;2.0;1.0;1.0;B02
27118;201400018032;0;7;0;0.0;2.0;8.0;13.0;A01
27119;201400018033;0;2;0;9.0;0.0;1.0;14.0;A01
27120;201400018034;0;14;0;16.0;0.0;8.0;14.0;A01
27121;201400018035;0;7;0;13.0;0.0;1.0;14.0;A01
27122;201400018036;0;21;0;16.0;0.0;1.0;13.0;A01
27123;201400018037;0;33;0;0.0;2.0;1.0;1.0;B02
27124;201400018037;0;7;0;0.0;2.0;1.0;15.0;A01
27125;201400018037;0;7;0;0.0;2.0;3.0;23.0;C03
27126;201400018038;0;7;0;0.0;2.0;3.0;11.0;A01
27127;201400018038;0;7;0;0.0;2.0;2.0;17.0;B02
27128;201400018039;0;7;0;0.0;1.0;7.0;1.0;A01
27129;201400018041;0;7;0;0.0;2.0;2.0;15.0;A01
27130;201400018041;0;7;0;0.0;2.0;2.0;21.0;B02
27131;201400018042;0;7;0;0.0;2.0;2.0;20.0;A01
27132;201400018042;0;30;0;0.0;2.0;1.0;1.0;B02
27133;201400018043;0;7;0;0.0;2.0;3.0;13.0;A01
27134;201400018043;0;14;0;0.0;2.0;3.0;1.0;B02
27135;201400018044;0;1;0;0.0;2.0;8.0;19.0;A01
27136;201400018044;0;7;0;0.0;2.0;1.0;19.0;B02
27137;201400018046;0;7;0;0.0;2.0;1.0;1.0;B02