;Num_Acc;senc;catv;occutc;obs;obsm;choc;manv;num_veh
27138;201400018046;0;7;0;0.0;2.0;7.0;13.0;A01
27139;201400018047;0;7;0;0.0;2.0;3.0;13.0;A01
27140;201400018047;0;7;0;0.0;2.0;3.0;1.0;B02
27141;201400018048;0;7;0;13.0;0.0;2.0;14.0;A01
27142;201400018049;0;7;0;13.0;0.0;2.0;21.0;A01
27143;201400018050;0;3;0;0.0;1.0;1.0;14.0;A01
27144;201400018051;0;7;0;2.0;0.0;3.0;13.0;A01
27145;201400018052;0;7;0;2.0;0.0;2.0;14.0;A01
27146;201400018053;0;10;0;0.0;2.0;8.0;1.0;A01
27147;201400018053;0;7;0;0.0;2.0;2.0;17.0;B02
27148;201400018054;0;7;0;8.0;0.0;7.0;14.0;A01
27149;201400018055;0;7;0;6.0;0.0;2.0;21.0;A01
27150;201400018056;0;7;0;0.0;1.0;3.0;1.0;A01
27151;201400018057;0;7;0;0.0;2.0;1.0;15.0;A01
27152;201400018057;0;7;0;0.0;2.0;1.0;1.0;B02
27153;201400018059;0;7;0;0.0;0.0;9.0;13.0;A01
27154;201400018060;0;7;0;0.0;2.0;2.0;15.0;A01
27155;201400018060;0;33;0;0.0;2.0;0.0;1.0;B02
27156;201400018061;0;10;0;0.0;2.0;1.0;1.0;B02
27157;201400018061;0;10;0;0.0;2.0;1.0;13.0;A01
27158;201400018063;0;1;0;0.0;2.0;4.0;2.0;B02
27159;201400018063;0;7;0;0.0;2.0;2.0;2.0;A01
27160;201400018064;0;7;0;2.0;0.0;1.0;1.0;A01
27161;201400018065;0;7;0;0.0;2.0;2.0;2.0;C03
27162;201400018065;0;7;0;0.0;2.0;1.0;1.0;B02
27163;201400018065;0;7;0;0.0;2.0;1.0;5.0;A01
27164;201400018066;0;7;0;10.0;0.0;2.0;1.0;A01
27165;201400018067;0;10;0;0.0;2.0;2.0;1.0;B02
27166;201400018067;0;15;0;0.0;2.0;6.0;1.0;A01
27167;201400018069;0;7;0;4.0;2.0;1.0;1.0;A01
27168;201400018069;0;7;0;4.0;2.0;8.0;17.0;B02
27169;201400018070;0;7;0;0.0;2.0;3.0;1.0;A01
27170;201400018070;0;33;0;0.0;2.0;1.0;2.0;B02
27171;201400018071;0;14;0;3.0;0.0;9.0;1.0;A01
27172;201400018072;0;2;0;0.0;2.0;1.0;13.0;A01
27173;201400018072;0;7;0;0.0;2.0;1.0;1.0;B02
27174;201400018073;0;7;0;0.0;2.0;4.0;23.0;B02
27175;201400018073;0;7;0;0.0;2.0;1.0;2.0;C03
27176;201400018073;0;7;0;0.0;0.0;4.0;23.0;A01
27177;201400018074;0;7;0;0.0;2.0;3.0;10.0;A01
27178;201400018074;0;2;0;0.0;2.0;1.0;1.0;B02
27179;201400018075;0;7;0;0.0;0.0;7.0;0.0;B02
27180;201400018075;0;7;0;0.0;2.0;1.0;0.0;A01
27181;201400018076;0;1;0;6.0;0.0;1.0;1.0;A01
27182;201400018077;0;7;0;0.0;2.0;7.0;1.0;A01
27183;201400018077;0;7;0;0.0;2.0;8.0;1.0;B02
27184;201400018079;0;7;0;6.0;0.0;1.0;1.0;A01
27185;201400018080;0;7;0;0.0;2.0;1.0;15.0;A01
27186;201400018080;0;7;0;0.0;2.0;6.0;1.0;B02
27187;201400018080;0;7;0;0.0;2.0;1.0;1.0;C03
27188;201400018081;0;7;0;0.0;0.0;4.0;1.0;A01
27189;201400018081;0;7;0;0.0;2.0;1.0;2.0;B02
27190;201400018081;0;7;0;0.0;2.0;1.0;2.0;C03
27191;201400018082;0;7;0;0.0;2.0;5.0;15.0;B02
27192;201400018082;0;33;0;0.0;2.0;1.0;1.0;A01
27193;201400018083;0;7;0;0.0;2.0;1.0;23.0;C03
27194;201400018083;0;2;0;0.0;2.0;1.0;1.0;A01
27195;201400018083;0;7;0;0.0;2.0;3.0;16.0;B02
27196;201400018084;0;7;0;0.0;2.0;8.0;1.0;A01
27197;201400018084;0;33;0;0.0;2.0;1.0;1.0;B02
27198;201400018085;0;7;0;0.0;2.0;1.0;15.0;A01
27199;201400018085;0;2;0;0.0;2.0;8.0;1.0;B02
27200;201400018086;0;7;0;0.0;2.0;7.0;1.0;A01
27201;201400018086;0;33;0;0.0;2.0;8.0;9.0;B02
27202;201400018088;0;7;0;0.0;2.0;1.0;1.0;B02
27203;201400018088;0;7;0;0.0;2.0;8.0;1.0;A01
27204;201400018089;0;7;0;6.0;0.0;2.0;14.0;A01
27205;201400018090;0;7;0;0.0;2.0;3.0;0.0;A01
27206;201400018090;0;1;0;0.0;2.0;7.0;1.0;B02
27207;201400018091;0;7;0;0.0;0.0;4.0;2.0;C03
27208;201400018091;0;7;0;0.0;0.0;4.0;2.0;B02
27209;201400018091;0;7;0;0.0;2.0;1.0;2.0;A01
27210;201400018092;0;30;0;0.0;0.0;8.0;9.0;A01
27211;201400018092;0;33;0;0.0;2.0;1.0;1.0;B02
27212;201400018093;0;7;0;8.0;0.0;2.0;1.0;A01
27213;201400018094;0;32;0;0.0;5.0;1.0;1.0;A01
27214;201400018095;0;7;0;6.0;0.0;7.0;1.0;A01
27215;201400018096;0;30;0;0.0;2.0;8.0;19.0;A01
27216;201400018096;0;7;0;0.0;2.0;2.0;1.0;B02
27217;201400018097;0;33;0;0.0;2.0;1.0;17.0;A01
27218;201400018097;0;7;0;0.0;0.0;4.0;15.0;C03
27219;201400018097;0;33;0;0.0;2.0;1.0;17.0;B02
27220;201400018098;0;7;0;0.0;2.0;3.0;1.0;B02
27221;201400018098;0;7;0;0.0;2.0;2.0;15.0;A01
27222;201400018099;0;7;0;0.0;0.0;1.0;0.0;A01
27223;201400018099;0;33;0;0.0;0.0;6.0;1.0;B02
27224;201400018100;0;7;0;0.0;0.0;1.0;15.0;A01
27225;201400018100;0;7;0;0.0;0.0;1.0;1.0;B02
27226;201400018101;0;33;0;13.0;0.0;1.0;2.0;A01
27227;201400018102;0;33;0;0.0;2.0;1.0;1.0;A01
27228;201400018102;0;7;0;0.0;0.0;8.0;10.0;B02
27229;201400018103;0;7;0;0.0;0.0;5.0;1.0;B02
27230;201400018103;0;2;0;0.0;2.0;1.0;18.0;A01
27231;201400018104;0;7;0;0.0;2.0;4.0;2.0;D04
27232;201400018104;0;7;0;0.0;2.0;3.0;13.0;A01
27233;201400018104;0;14;0;0.0;2.0;3.0;0.0;B02
27234;201400018104;0;7;0;0.0;2.0;3.0;0.0;C03
27235;201400018105;0;7;0;0.0;2.0;2.0;1.0;A01
27236;201400018105;0;7;0;0.0;2.0;1.0;15.0;B02
27237;201400018106;0;7;0;0.0;1.0;7.0;0.0;A01
27238;201400018107;0;7;0;0.0;2.0;1.0;17.0;A01
27239;201400018107;0;21;0;0.0;0.0;6.0;15.0;B02
27240;201400018108;0;7;0;0.0;2.0;1.0;2.0;B02
27241;201400018108;0;7;0;0.0;2.0;4.0;1.0;A01
27242;201400018109;0;7;0;0.0;0.0;1.0;13.0;A01
27243;201400018109;0;7;0;0.0;0.0;1.0;1.0;B02
27244;201400018110;0;7;0;0.0;2.0;2.0;13.0;A01
27245;201400018110;0;7;0;0.0;2.0;2.0;1.0;B02
27246;201400018111;0;7;0;0.0;2.0;1.0;1.0;A01
27247;201400018111;0;7;0;0.0;2.0;1.0;1.0;B02
27248;201400018112;0;7;0;6.0;0.0;1.0;1.0;A01
27249;201400018113;0;31;0;15.0;0.0;1.0;0.0;A01
27250;201400018114;0;7;0;8.0;0.0;1.0;13.0;A01
27251;201400018115;0;7;0;0.0;1.0;2.0;1.0;A01
27252;201400018116;0;1;0;0.0;0.0;4.0;1.0;C03
27253;201400018116;0;1;0;0.0;2.0;4.0;1.0;B02
27254;201400018116;0;7;0;0.0;2.0;2.0;1.0;A01
27255;201400018117;0;7;0;0.0;2.0;4.0;15.0;B02
27256;201400018117;0;7;0;0.0;2.0;1.0;1.0;C03
27257;201400018117;0;7;0;0.0;2.0;3.0;2.0;A01
27258;201400018118;0;7;0;0.0;2.0;1.0;5.0;A01
27259;201400018118;0;15;0;0.0;2.0;1.0;1.0;B02
27260;201400018119;0;7;0;0.0;0.0;4.0;2.0;B02
27261;201400018119;0;30;0;0.0;2.0;1.0;2.0;A01
27262;201400018120;0;31;0;0.0;2.0;1.0;1.0;B02
27263;201400018120;0;7;0;0.0;0.0;5.0;15.0;A01
27264;201400018121;0;7;0;0.0;2.0;1.0;19.0;A01
27265;201400018121;0;7;0;0.0;2.0;8.0;1.0;B02
27266;201400018122;0;7;0;0.0;2.0;3.0;1.0;B02
27267;201400018122;0;31;0;0.0;2.0;1.0;1.0;A01
27268;201400018123;0;10;0;13.0;0.0;9.0;1.0;A01
27269;201400018124;0;7;0;0.0;2.0;8.0;15.0;A01
27270;201400018124;0;31;0;0.0;2.0;2.0;13.0;B02
27271;201400018125;0;30;0;0.0;0.0;4.0;15.0;B02
27272;201400018125;0;10;0;0.0;2.0;1.0;2.0;A01
27273;201400018126;0;7;0;2.0;0.0;1.0;0.0;A01
27274;201400018127;0;7;0;0.0;2.0;1.0;1.0;B02
27275;201400018127;0;7;0;0.0;2.0;7.0;1.0;A01
27276;201400018128;0;7;0;2.0;0.0;7.0;14.0;A01
27277;201400018129;0;7;0;6.0;0.0;7.0;1.0;A01
27278;201400018130;0;7;0;10.0;0.0;3.0;1.0;A01
27279;201400018131;0;33;0;0.0;0.0;7.0;13.0;A01
27280;201400018132;0;7;0;13.0;0.0;3.0;0.0;A01
27281;201400018133;0;7;0;2.0;0.0;2.0;2.0;A01
27282;201400018134;0;7;0;0.0;2.0;5.0;17.0;A01
27283;201400018134;0;1;0;0.0;2.0;6.0;17.0;B02
27284;201400018136;0;7;0;0.0;0.0;1.0;3.0;B02
27285;201400018136;0;7;0;0.0;2.0;1.0;1.0;A01
27286;201400018137;0;7;0;0.0;2.0;1.0;9.0;A01
27287;201400018137;0;1;0;0.0;2.0;7.0;1.0;B02
27288;201400018138;0;7;0;0.0;1.0;3.0;15.0;A01
27289;201400018139;0;7;0;0.0;1.0;2.0;1.0;A01
27290;201400018140;0;33;0;0.0;1.0;1.0;18.0;A01
27291;201400018141;0;7;0;0.0;2.0;1.0;15.0;A01
27292;201400018141;0;1;0;0.0;2.0;1.0;1.0;B02
27293;201400018145;0;10;0;0.0;1.0;1.0;1.0;A01
27294;201400018146;0;7;0;13.0;0.0;3.0;1.0;A01
27295;201400018147;0;10;0;0.0;1.0;7.0;1.0;A01
27296;201400018148;0;30;0;0.0;2.0;1.0;0.0;A01
27297;201400018148;0;7;0;0.0;2.0;7.0;0.0;B02
27298;201400018149;0;10;0;13.0;0.0;3.0;0.0;A01
27299;201400018150;0;7;0;0.0;0.0;3.0;9.0;A01
27300;201400018150;0;2;0;0.0;2.0;1.0;1.0;B02
27301;201400018152;0;7;0;13.0;0.0;1.0;1.0;A01
27302;201400018153;0;7;0;0.0;2.0;2.0;1.0;A01
27303;201400018153;0;2;0;0.0;2.0;8.0;15.0;B02
27304;201400018154;0;33;0;0.0;2.0;8.0;0.0;A01
27305;201400018154;0;7;0;0.0;2.0;2.0;15.0;B02
27306;201400018155;0;30;0;0.0;2.0;1.0;1.0;B02
27307;201400018155;0;7;0;0.0;5.0;4.0;1.0;A01
27308;201400018159;0;10;0;0.0;1.0;2.0;1.0;A01
27309;201400018160;0;7;0;0.0;2.0;1.0;13.0;A01
27310;201400018160;0;14;0;0.0;2.0;1.0;1.0;B02
27311;201400018161;0;7;0;0.0;1.0;2.0;2.0;A01
27312;201400018162;0;7;0;0.0;2.0;3.0;13.0;A01
27313;201400018162;0;14;0;0.0;2.0;3.0;1.0;B02
27314;201400018163;0;33;0;0.0;0.0;3.0;0.0;A01
27315;201400018164;0;7;0;0.0;2.0;0.0;1.0;A01
27316;201400018164;0;10;0;0.0;2.0;1.0;1.0;B02
27317;201400018165;0;7;0;13.0;0.0;2.0;1.0;A01
27318;201400018166;0;33;0;0.0;0.0;8.0;1.0;A01
27319;201400018167;0;10;0;6.0;0.0;3.0;1.0;A01
27320;201400018168;0;10;0;13.0;0.0;2.0;1.0;A01
27321;201400018169;0;7;0;0.0;2.0;6.0;15.0;A01
27322;201400018169;0;34;0;0.0;2.0;1.0;1.0;B02
27323;201400018170;0;7;0;0.0;2.0;2.0;15.0;A01
27324;201400018170;0;33;0;0.0;2.0;1.0;1.0;B02
27325;201400018171;0;33;0;0.0;0.0;0.0;1.0;A01
27326;201400018172;0;2;0;16.0;0.0;0.0;1.0;A01
27327;201400018173;0;33;0;12.0;2.0;1.0;13.0;A01
27328;201400018173;0;7;0;0.0;2.0;2.0;1.0;B02
27329;201400018175;0;7;0;0.0;0.0;2.0;1.0;B02
27330;201400018175;0;7;0;0.0;0.0;4.0;1.0;A01
27331;201400018176;0;7;0;0.0;0.0;4.0;17.0;A01
27332;201400018176;0;33;0;0.0;2.0;1.0;1.0;B02
27333;201400018177;0;7;0;13.0;0.0;1.0;13.0;A01
27334;201400018178;0;7;0;0.0;2.0;5.0;15.0;A01
27335;201400018178;0;33;0;0.0;2.0;1.0;1.0;B02
27336;201400018179;0;99;0;0.0;9.0;1.0;1.0;A01
27337;201400018180;0;21;0;13.0;0.0;1.0;13.0;A01
27338;201400018181;0;7;0;6.0;0.0;2.0;14.0;A01
27339;201400018182;0;7;0;0.0;0.0;9.0;1.0;A01
27340;201400018183;0;33;0;13.0;0.0;1.0;1.0;A01
27341;201400018184;0;7;0;8.0;0.0;8.0;1.0;A01
27342;201400018185;0;14;0;6.0;0.0;2.0;1.0;A01
27343;201400018186;0;7;0;0.0;2.0;3.0;15.0;B02
27344;201400018186;0;10;0;0.0;2.0;2.0;1.0;A01
27345;201400018187;0;7;0;0.0;2.0;4.0;24.0;B02
27346;201400018187;0;7;0;1.0;0.0;1.0;14.0;A01
27347;201400018188;0;7;0;2.0;0.0;8.0;1.0;A01
27348;201400018189;0;7;0;0.0;2.0;8.0;19.0;A01
27349;201400018189;0;30;0;0.0;2.0;1.0;1.0;B02
27350;201400018190;0;7;0;8.0;0.0;9.0;1.0;A01
27351;201400018191;0;7;0;0.0;2.0;7.0;15.0;B02
27352;201400018191;0;7;0;0.0;2.0;1.0;17.0;A01
27353;201400018192;0;7;0;13.0;0.0;1.0;1.0;A01
27354;201400018193;0;10;0;0.0;2.0;1.0;0.0;B02
27355;201400018193;0;7;0;0.0;2.0;8.0;1.0;A01
27356;201400018194;0;7;0;0.0;0.0;5.0;15.0;A01
27357;201400018194;0;33;0;0.0;0.0;1.0;1.0;B02
27358;201400018195;0;7;0;0.0;2.0;7.0;2.0;C03
27359;201400018195;0;7;0;0.0;2.0;2.0;2.0;B02
27360;201400018195;0;1;0;0.0;0.0;6.0;2.0;A01
27361;201400018196;0;7;0;0.0;2.0;1.0;13.0;A01
27362;201400018196;0;7;0;0.0;2.0;1.0;1.0;B02
27363;201400018197;0;7;0;0.0;2.0;5.0;2.0;B02
27364;201400018197;0;7;0;3.0;2.0;1.0;2.0;A01
27365;201400018198;0;7;0;8.0;0.0;9.0;19.0;A01
27366;201400018199;0;7;0;0.0;1.0;3.0;15.0;A01
27367;201400018200;0;7;0;6.0;0.0;1.0;1.0;A01
27368;201400018201;0;7;0;1.0;1.0;0.0;20.0;A01
27369;201400018202;0;7;0;6.0;0.0;2.0;14.0;A01
27370;201400018203;0;7;0;0.0;1.0;2.0;1.0;A01
27371;201400018204;0;7;0;6.0;0.0;2.0;1.0;A01
27372;201400018205;0;10;0;13.0;0.0;0.0;1.0;A01
27373;201400018206;0;7;0;0.0;2.0;1.0;1.0;A01
27374;201400018206;0;1;0;0.0;2.0;4.0;1.0;B02
27375;201400018207;0;33;0;0.0;0.0;0.0;2.0;A01
27376;201400018207;0;7;0;0.0;0.0;0.0;9.0;B02
27377;201400018209;0;7;0;0.0;2.0;2.0;1.0;A01
27378;201400018209;0;7;0;0.0;2.0;3.0;0.0;B02
27379;201400018210;0;7;0;0.0;2.0;2.0;1.0;A01
27380;201400018210;0;7;0;0.0;2.0;8.0;19.0;B02
27381;201400018211;0;7;0;13.0;0.0;3.0;13.0;A01
27382;201400018213;0;7;0;13.0;0.0;2.0;17.0;A01
27383;201400018214;0;7;0;0.0;2.0;1.0;15.0;A01
27384;201400018214;0;7;0;0.0;2.0;3.0;1.0;B02
27385;201400018215;0;7;0;0.0;2.0;3.0;13.0;A01
27386;201400018215;0;15;0;0.0;2.0;3.0;1.0;B02
27387;201400018216;0;7;0;13.0;0.0;2.0;1.0;A01
27388;201400018217;0;14;0;0.0;2.0;3.0;15.0;B02
27389;201400018217;0;7;0;0.0;2.0;2.0;1.0;A01
27390;201400018218;0;10;0;0.0;0.0;3.0;2.0;A01
27391;201400018218;0;1;0;0.0;0.0;7.0;1.0;B02
27392;201400018219;0;7;0;0.0;0.0;2.0;1.0;A01
27393;201400018220;0;7;0;0.0;2.0;4.0;1.0;C03
27394;201400018220;0;15;0;0.0;2.0;3.0;2.0;A01
27395;201400018220;0;7;0;0.0;2.0;8.0;0.0;E05
27396;201400018220;0;7;0;0.0;2.0;5.0;1.0;D04
27397;201400018220;0;7;0;0.0;2.0;5.0;2.0;B02
27398;201400018221;0;30;0;3.0;0.0;8.0;1.0;A01
27399;201400018222;0;30;0;0.0;0.0;8.0;13.0;B02
27400;201400018222;0;7;0;0.0;2.0;3.0;1.0;A01
27401;201400018223;0;7;0;0.0;2.0;3.0;1.0;B02
27402;201400018223;0;7;0;0.0;2.0;3.0;15.0;A01
27403;201400018224;0;7;0;5.0;0.0;1.0;0.0;A01
27404;201400018225;0;7;0;0.0;2.0;3.0;1.0;B02
27405;201400018225;0;10;0;0.0;2.0;3.0;1.0;A01
27406;201400018226;0;7;0;0.0;0.0;1.0;1.0;B02
27407;201400018226;0;7;0;0.0;2.0;7.0;1.0;A01
27408;201400018227;1;7;0;0.0;2.0;8.0;19.0;A01
27409;201400018227;0;2;0;0.0;2.0;1.0;1.0;B02
27410;201400018228;0;7;0;0.0;2.0;1.0;17.0;B02
27411;201400018228;0;7;0;0.0;2.0;1.0;15.0;A01
27412;201400018229;0;7;0;6.0;0.0;1.0;13.0;A01
27413;201400018230;0;33;0;0.0;2.0;1.0;1.0;B02
27414;201400018230;0;7;0;0.0;2.0;2.0;15.0;A01
27415;201400018232;0;7;0;0.0;2.0;2.0;1.0;B02
27416;201400018232;0;7;0;0.0;2.0;2.0;13.0;A01
27417;201400018233;0;7;0;2.0;0.0;7.0;1.0;A01
27418;201400018234;0;33;0;0.0;2.0;1.0;17.0;B02
27419;201400018234;0;7;0;0.0;2.0;3.0;15.0;A01
27420;201400018235;0;7;0;0.0;2.0;1.0;1.0;B02
27421;201400018235;0;7;0;0.0;2.0;1.0;1.0;C03
27422;201400018235;0;10;0;0.0;2.0;7.0;13.0;A01
27423;201400018236;0;7;0;6.0;0.0;1.0;1.0;A01
27424;201400018237;0;7;0;0.0;2.0;2.0;11.0;A01
27425;201400018237;0;10;0;0.0;2.0;2.0;1.0;B02
27426;201400018238;0;7;0;16.0;0.0;9.0;1.0;A01
27427;201400018239;0;14;0;0.0;2.0;6.0;1.0;A01
27428;201400018239;0;7;0;0.0;2.0;3.0;13.0;B02
27429;201400018242;0;7;0;0.0;2.0;2.0;13.0;A01
27430;201400018242;0;7;0;0.0;2.0;3.0;1.0;B02
27431;201400018243;0;31;0;0.0;2.0;1.0;1.0;B02
27432;201400018243;0;7;0;0.0;2.0;2.0;15.0;A01
27433;201400018244;0;7;0;0.0;1.0;2.0;1.0;A01
27434;201400018245;0;30;0;3.0;0.0;8.0;1.0;A01
27435;201400018246;0;30;0;0.0;2.0;1.0;1.0;B02
27436;201400018246;0;7;0;0.0;2.0;1.0;15.0;A01
27437;201400018247;0;30;0;0.0;1.0;1.0;1.0;A01
27438;201400018248;0;7;0;0.0;1.0;7.0;13.0;A01
27439;201400018249;0;10;0;0.0;2.0;8.0;15.0;A01
27440;201400018249;0;31;0;0.0;2.0;7.0;17.0;B02
27441;201400018250;0;7;0;0.0;2.0;3.0;13.0;A01
27442;201400018250;0;7;0;0.0;2.0;3.0;21.0;B02
27443;201400018251;0;7;0;0.0;2.0;1.0;1.0;C03
27444;201400018251;0;7;0;0.0;2.0;1.0;1.0;B02
27445;201400018251;0;7;0;0.0;2.0;1.0;17.0;A01
27446;201400018253;0;30;0;0.0;2.0;5.0;16.0;A01
27447;201400018253;0;7;0;0.0;2.0;3.0;1.0;B02
27448;201400018254;0;7;0;0.0;1.0;3.0;1.0;A01
27449;201400018256;0;1;0;0.0;2.0;2.0;1.0;B02
27450;201400018256;0;10;0;0.0;2.0;2.0;15.0;A01
27451;201400018258;0;7;0;13.0;0.0;1.0;1.0;A01
27452;201400018259;0;7;0;0.0;2.0;1.0;1.0;A01
27453;201400018259;0;7;0;13.0;2.0;3.0;19.0;B02
27454;201400018261;0;7;0;6.0;0.0;1.0;1.0;A01
27455;201400018262;0;14;0;0.0;2.0;8.0;2.0;A01
27456;201400018262;0;33;0;0.0;2.0;1.0;10.0;B02
27457;201400018263;0;7;0;0.0;0.0;5.0;1.0;A01
27458;201400018263;0;2;0;0.0;0.0;1.0;1.0;B02
27459;201400018264;0;7;0;0.0;2.0;1.0;1.0;A01
27460;201400018264;0;33;0;0.0;2.0;8.0;13.0;B02
27461;201400018265;0;7;0;0.0;0.0;2.0;9.0;A01
27462;201400018265;0;38;1;0.0;2.0;3.0;1.0;B02
27463;201400018265;0;14;0;0.0;2.0;2.0;1.0;C03
27464;201400018266;0;7;0;0.0;2.0;2.0;19.0;A01
27465;201400018266;0;33;0;0.0;2.0;2.0;1.0;B02
27466;201400018267;0;10;0;0.0;0.0;1.0;13.0;A01
27467;201400018267;0;7;0;0.0;0.0;1.0;1.0;B02
27468;201400018268;0;7;0;0.0;9.0;3.0;9.0;A01
27469;201400018268;0;1;0;0.0;2.0;1.0;15.0;B02
27470;201400018269;0;7;0;13.0;0.0;9.0;1.0;A01
27471;201400018270;0;7;0;0.0;1.0;6.0;4.0;A01
27472;201400018271;0;31;0;0.0;2.0;5.0;17.0;A01
27473;201400018271;0;7;0;0.0;2.0;3.0;15.0;B02
27474;201400018272;0;1;0;12.0;0.0;1.0;1.0;A01
27475;201400018273;0;7;0;6.0;0.0;3.0;13.0;A01
27476;201400018274;0;7;0;0.0;2.0;3.0;1.0;B02
27477;201400018274;0;7;0;0.0;2.0;1.0;13.0;A01
27478;201400018275;0;36;0;0.0;2.0;1.0;13.0;A01
27479;201400018275;0;7;0;0.0;2.0;1.0;1.0;B02
27480;201400018276;0;7;0;0.0;2.0;8.0;13.0;A01
27481;201400018276;0;7;0;0.0;2.0;8.0;21.0;B02
27482;201400018277;0;7;0;0.0;2.0;1.0;13.0;A01
27483;201400018277;0;10;0;0.0;2.0;3.0;1.0;B02
27484;201400018278;0;33;0;0.0;5.0;0.0;1.0;A01
27485;201400018279;0;1;0;0.0;2.0;8.0;0.0;B02
27486;201400018279;0;33;0;0.0;2.0;1.0;1.0;A01
27487;201400018280;0;7;0;0.0;1.0;1.0;1.0;A01
27488;201400018281;0;7;0;0.0;2.0;1.0;13.0;A01
27489;201400018281;0;7;0;0.0;2.0;1.0;1.0;B02
27490;201400018282;0;7;0;2.0;0.0;1.0;13.0;A01
27491;201400018283;0;7;0;13.0;0.0;1.0;1.0;A01
27492;201400018285;0;33;0;0.0;0.0;0.0;13.0;A01
27493;201400018286;0;7;0;2.0;0.0;1.0;1.0;A01
27494;201400018288;0;7;0;0.0;2.0;1.0;5.0;A01
27495;201400018288;0;7;0;0.0;2.0;3.0;2.0;B02
27496;201400018289;0;7;0;0.0;0.0;3.0;2.0;A01
27497;201400018289;0;7;0;0.0;0.0;5.0;15.0;B02
27498;201400018290;0;7;0;0.0;1.0;4.0;20.0;A01
27499;201400018291;0;7;0;8.0;0.0;1.0;1.0;A01
27500;201400018292;0;7;0;0.0;0.0;0.0;21.0;A01
27501;201400018293;0;7;0;0.0;0.0;0.0;17.0;A01
27502;201400018293;0;7;0;13.0;2.0;7.0;21.0;C03
27503;201400018293;0;7;0;2.0;2.0;1.0;1.0;B02
27504;201400018294;0;7;0;0.0;2.0;8.0;15.0;A01
27505;201400018294;0;7;0;0.0;2.0;1.0;1.0;B02
27506;201400018295;0;33;0;0.0;0.0;0.0;17.0;A01
27507;201400018296;0;1;0;0.0;9.0;1.0;1.0;A01
27508;201400018298;0;7;0;2.0;0.0;3.0;1.0;A01
27509;201400018299;0;33;0;0.0;2.0;9.0;13.0;A01
27510;201400018299;0;10;0;0.0;2.0;6.0;1.0;B02
27511;201400018300;0;7;0;0.0;2.0;4.0;15.0;B02
27512;201400018300;0;7;0;0.0;2.0;1.0;17.0;A01
27513;201400018301;0;33;0;13.0;0.0;1.0;1.0;A01
27514;201400018302;0;2;0;0.0;2.0;1.0;13.0;A01
27515;201400018302;0;21;0;0.0;2.0;1.0;1.0;B02
27516;201400018303;0;7;0;1.0;0.0;1.0;1.0;A01
27517;201400018304;0;7;0;0.0;2.0;1.0;13.0;A01
27518;201400018304;0;7;0;0.0;2.0;1.0;1.0;B02
27519;201400018305;0;7;0;0.0;2.0;1.0;13.0;A01
27520;201400018305;0;7;0;0.0;2.0;1.0;1.0;B02
27521;201400018306;0;1;0;0.0;0.0;0.0;0.0;A01
27522;201400018307;0;7;0;0.0;2.0;2.0;15.0;A01
27523;201400018307;0;31;0;0.0;2.0;8.0;1.0;B02
27524;201400018308;0;7;0;0.0;2.0;2.0;1.0;B02
27525;201400018308;0;30;0;0.0;2.0;8.0;19.0;A01
27526;201400018309;0;7;0;0.0;2.0;3.0;1.0;B02
27527;201400018309;0;7;0;0.0;2.0;2.0;19.0;A01
27528;201400018310;0;7;0;0.0;2.0;2.0;1.0;A01
27529;201400018310;0;7;0;13.0;0.0;6.0;0.0;B02
27530;201400018311;0;7;0;0.0;2.0;1.0;1.0;B02
27531;201400018311;0;7;0;0.0;2.0;7.0;19.0;A01
27532;201400018312;0;7;0;16.0;0.0;2.0;1.0;A01
27533;201400018314;0;7;0;0.0;2.0;1.0;17.0;A01
27534;201400018314;0;14;0;0.0;2.0;1.0;0.0;B02
27535;201400018316;0;31;0;1.0;0.0;2.0;1.0;A01
27536;201400018316;0;7;0;0.0;2.0;2.0;24.0;B02
27537;201400018317;0;3;0;2.0;0.0;1.0;2.0;A01
27538;201400018318;0;7;0;0.0;2.0;1.0;1.0;A01
27539;201400018318;0;10;0;0.0;2.0;1.0;1.0;B02
27540;201400018319;0;10;0;0.0;2.0;3.0;10.0;A01
27541;201400018319;0;7;0;0.0;2.0;1.0;1.0;B02
27542;201400018320;0;7;0;13.0;0.0;3.0;1.0;A01
27543;201400018321;0;33;0;11.0;0.0;1.0;1.0;A01
27544;201400018322;0;7;0;0.0;2.0;2.0;19.0;A01
27545;201400018322;0;7;0;0.0;2.0;3.0;1.0;B02
27546;201400018323;0;7;0;0.0;2.0;3.0;13.0;A01
27547;201400018323;0;15;0;0.0;2.0;3.0;1.0;B02
27548;201400018324;0;7;0;0.0;2.0;3.0;13.0;A01
27549;201400018324;0;21;0;0.0;2.0;6.0;1.0;B02
27550;201400018325;0;30;0;0.0;2.0;1.0;1.0;B01
27551;201400018325;0;7;0;0.0;0.0;2.0;15.0;A02
27552;201400018326;0;7;0;0.0;2.0;3.0;17.0;A01
27553;201400018326;0;15;0;0.0;2.0;1.0;21.0;B02
27554;201400018327;0;10;0;0.0;1.0;3.0;13.0;A01
27555;201400018328;0;7;0;13.0;0.0;3.0;21.0;A01
27556;201400018329;0;10;0;0.0;2.0;3.0;13.0;A01
27557;201400018329;0;7;0;0.0;2.0;3.0;1.0;B02