;Num_Acc;senc;catv;occutc;obs;obsm;choc;manv;num_veh
28397;201400018942;0;7;0;0.0;1.0;1.0;1.0;A01
28398;201400018943;0;10;0;0.0;0.0;2.0;1.0;B02
28399;201400018943;0;10;0;0.0;0.0;3.0;1.0;A01
28400;201400018944;0;7;0;0.0;2.0;6.0;15.0;B02
28401;201400018944;0;33;0;0.0;2.0;1.0;17.0;A01
28402;201400018945;0;7;0;2.0;0.0;2.0;1.0;A01
28403;201400018946;0;7;0;0.0;0.0;9.0;1.0;A01
28404;201400018947;0;33;0;0.0;0.0;2.0;1.0;A01
28405;201400018948;0;33;0;0.0;5.0;1.0;1.0;A01
28406;201400018949;0;3;0;0.0;2.0;1.0;1.0;A01
28407;201400018949;0;10;0;0.0;2.0;3.0;15.0;B02
28408;201400018950;0;33;0;0.0;0.0;8.0;1.0;A01
28409;201400018951;0;10;0;0.0;2.0;3.0;13.0;A01
28410;201400018951;0;37;1;0.0;2.0;3.0;1.0;B02
28411;201400018955;0;33;0;0.0;2.0;1.0;1.0;B02
28412;201400018955;0;10;0;0.0;2.0;3.0;1.0;A01
28413;201400018956;0;33;0;0.0;0.0;8.0;1.0;A01
28414;201400018957;0;7;0;0.0;9.0;2.0;1.0;A01
28415;201400018957;0;1;0;0.0;2.0;1.0;5.0;B02
28416;201400018958;0;10;0;0.0;2.0;3.0;9.0;A01
28417;201400018958;0;2;0;0.0;2.0;7.0;16.0;B02
28418;201400018959;0;7;0;0.0;1.0;8.0;1.0;A01
28419;201400018960;0;7;0;0.0;2.0;1.0;13.0;A01
28420;201400018960;0;7;0;0.0;2.0;1.0;0.0;B02
28421;201400018961;0;7;0;0.0;2.0;3.0;1.0;A01
28422;201400018961;0;7;0;0.0;2.0;3.0;1.0;B02
28423;201400018962;0;7;0;0.0;0.0;6.0;15.0;B02
28424;201400018962;0;33;0;0.0;2.0;1.0;1.0;A01
28425;201400018963;0;7;0;0.0;0.0;8.0;15.0;B02
28426;201400018963;0;33;0;0.0;2.0;7.0;17.0;A01
28427;201400018964;0;1;0;0.0;2.0;8.0;1.0;B02
28428;201400018964;0;10;0;0.0;2.0;7.0;17.0;A01
28429;201400018966;0;7;0;0.0;2.0;2.0;1.0;A01
28430;201400018966;0;17;0;16.0;2.0;3.0;1.0;B02
28431;201400018967;0;7;0;0.0;2.0;2.0;15.0;A01
28432;201400018967;0;33;0;0.0;2.0;1.0;1.0;B02
28433;201400018968;0;7;0;0.0;2.0;7.0;1.0;A01
28434;201400018968;0;2;0;0.0;1.0;8.0;17.0;B02
28435;201400018969;0;7;0;2.0;0.0;8.0;13.0;A01
28436;201400018970;0;7;0;0.0;2.0;7.0;1.0;A01
28437;201400018970;0;7;0;0.0;2.0;1.0;1.0;B02
28438;201400018971;0;7;0;13.0;0.0;9.0;1.0;A01
28439;201400018972;0;7;0;0.0;2.0;1.0;13.0;A01
28440;201400018972;0;7;0;0.0;2.0;1.0;1.0;B02
28441;201400018973;0;7;0;2.0;0.0;1.0;1.0;A01
28442;201400018974;0;36;0;0.0;0.0;8.0;1.0;A01
28443;201400018975;0;10;0;0.0;1.0;2.0;20.0;A01
28444;201400018976;0;30;0;0.0;2.0;1.0;18.0;A01
28445;201400018976;0;7;0;0.0;0.0;7.0;16.0;B02
28446;201400018977;0;7;0;0.0;2.0;7.0;1.0;A01
28447;201400018977;0;7;0;0.0;2.0;1.0;1.0;B02
28448;201400018978;0;7;0;13.0;0.0;9.0;1.0;A01
28449;201400018979;0;7;0;0.0;2.0;3.0;1.0;A01
28450;201400018979;0;15;0;0.0;2.0;8.0;1.0;B02
28451;201400018980;0;2;0;0.0;0.0;7.0;1.0;A01
28452;201400018981;0;7;0;6.0;0.0;2.0;1.0;A01
28453;201400018982;0;7;0;0.0;2.0;3.0;15.0;A01
28454;201400018982;0;2;0;0.0;2.0;8.0;1.0;B02
28455;201400018983;0;7;0;0.0;2.0;1.0;19.0;A01
28456;201400018983;0;7;0;0.0;2.0;1.0;1.0;B02
28457;201400018984;0;7;0;0.0;1.0;2.0;1.0;A01
28458;201400018985;0;36;0;0.0;2.0;1.0;2.0;B02
28459;201400018985;0;7;0;0.0;2.0;3.0;15.0;A01
28460;201400018986;0;7;0;0.0;2.0;1.0;1.0;A01
28461;201400018986;0;37;1;0.0;2.0;6.0;15.0;B02
28462;201400018987;0;7;0;0.0;2.0;7.0;15.0;A01
28463;201400018987;0;2;0;0.0;2.0;1.0;1.0;B02
28464;201400018988;0;7;0;0.0;2.0;2.0;15.0;A01
28465;201400018988;0;7;0;0.0;2.0;1.0;1.0;B02
28466;201400018989;0;7;0;0.0;2.0;2.0;17.0;A01
28467;201400018989;0;2;0;0.0;2.0;8.0;15.0;B02
28468;201400018990;0;7;0;9.0;0.0;1.0;0.0;A01
28469;201400018992;0;31;0;13.0;0.0;2.0;14.0;A01
28470;201400018993;0;7;0;0.0;2.0;8.0;1.0;A01
28471;201400018993;0;21;0;0.0;2.0;8.0;1.0;B02
28472;201400018994;0;7;0;2.0;0.0;1.0;1.0;A01
28473;201400018995;0;7;0;0.0;2.0;2.0;19.0;B02
28474;201400018995;0;7;0;0.0;2.0;1.0;1.0;A01
28475;201400018996;0;7;0;13.0;0.0;2.0;6.0;A01
28476;201400018997;0;38;1;0.0;2.0;7.0;15.0;A01
28477;201400018997;0;7;0;0.0;2.0;1.0;1.0;B02
28478;201400018999;0;7;0;8.0;0.0;2.0;1.0;A01
28479;201400019000;0;7;0;0.0;2.0;2.0;19.0;A01
28480;201400019000;0;33;0;0.0;2.0;3.0;1.0;B02
28481;201400019001;0;33;0;0.0;0.0;9.0;0.0;A01
28482;201400019001;0;33;0;0.0;0.0;9.0;0.0;B02
28483;201400019002;0;7;0;0.0;0.0;0.0;1.0;A01
28484;201400019003;0;7;0;0.0;0.0;9.0;1.0;A01
28485;201400019004;0;33;0;0.0;2.0;1.0;1.0;A01
28486;201400019004;0;7;0;0.0;0.0;8.0;1.0;B02
28487;201400019005;0;7;0;0.0;2.0;8.0;1.0;A01
28488;201400019005;0;7;0;0.0;2.0;1.0;1.0;B02
28489;201400019006;0;20;0;0.0;2.0;5.0;2.0;A01
28490;201400019006;0;30;0;0.0;2.0;3.0;2.0;B02
28491;201400019007;0;7;0;13.0;0.0;9.0;1.0;A01
28492;201400019008;0;7;0;7.0;0.0;1.0;1.0;A01
28493;201400019009;0;33;0;0.0;2.0;1.0;13.0;A01
28494;201400019009;0;7;0;0.0;9.0;3.0;1.0;B02
28495;201400019010;0;30;0;0.0;2.0;1.0;5.0;A01
28496;201400019010;0;7;0;0.0;2.0;2.0;1.0;B02
28497;201400019011;0;30;0;0.0;2.0;3.0;1.0;A01
28498;201400019011;0;99;0;0.0;2.0;3.0;1.0;B02
28499;201400019012;0;7;0;0.0;2.0;8.0;1.0;B02
28500;201400019012;0;7;0;0.0;2.0;1.0;1.0;A01
28501;201400019013;0;7;0;0.0;1.0;1.0;1.0;A01
28502;201400019014;0;7;0;0.0;4.0;3.0;1.0;A01
28503;201400019014;0;39;1;0.0;2.0;7.0;0.0;B02
28504;201400019015;0;30;0;0.0;2.0;1.0;1.0;B02
28505;201400019015;0;7;0;0.0;2.0;6.0;15.0;A01
28506;201400019016;0;7;0;2.0;0.0;6.0;1.0;A01
28507;201400019017;0;30;0;16.0;0.0;9.0;1.0;A01
28508;201400019018;0;7;0;0.0;2.0;1.0;5.0;A01
28509;201400019018;0;7;0;0.0;2.0;1.0;1.0;B02
28510;201400019019;0;7;0;0.0;2.0;1.0;13.0;A01
28511;201400019019;0;7;0;0.0;2.0;1.0;1.0;B02
28512;201400019020;0;7;0;0.0;2.0;7.0;10.0;A01
28513;201400019020;0;33;0;0.0;2.0;1.0;1.0;B02
28514;201400019021;0;2;0;0.0;0.0;2.0;10.0;A01
28515;201400019021;0;7;0;0.0;2.0;6.0;17.0;B02
28516;201400019022;0;33;0;0.0;0.0;3.0;13.0;A01
28517;201400019024;0;1;0;0.0;2.0;1.0;19.0;A01
28518;201400019024;0;7;0;0.0;0.0;2.0;1.0;B02
28519;201400019025;0;7;0;0.0;2.0;3.0;13.0;B02
28520;201400019025;0;33;0;0.0;2.0;7.0;17.0;A01
28521;201400019026;0;7;0;2.0;0.0;4.0;17.0;A01
28522;201400019027;0;7;0;0.0;2.0;8.0;15.0;B02
28523;201400019027;0;38;0;0.0;2.0;1.0;1.0;A01
28524;201400019028;0;7;0;0.0;1.0;3.0;1.0;A01
28525;201400019029;0;17;0;0.0;2.0;1.0;11.0;A01
28526;201400019029;0;17;0;0.0;0.0;4.0;1.0;B02
28527;201400019030;0;7;0;0.0;0.0;1.0;1.0;A01
28528;201400019031;0;7;0;13.0;0.0;1.0;14.0;A01
28529;201400019032;0;7;0;0.0;1.0;2.0;1.0;A01
28530;201400019033;0;7;0;16.0;0.0;1.0;0.0;A01
28531;201400019034;0;36;0;0.0;0.0;9.0;15.0;A01
28532;201400019035;0;7;0;8.0;0.0;1.0;1.0;A01
28533;201400019036;0;7;0;13.0;0.0;1.0;1.0;A01
28534;201400019037;0;10;0;0.0;2.0;7.0;17.0;A01
28535;201400019037;0;33;0;0.0;2.0;8.0;2.0;B02
28536;201400019038;0;17;0;0.0;0.0;0.0;1.0;A01
28537;201400019040;0;33;0;0.0;2.0;8.0;1.0;A01
28538;201400019040;0;7;0;0.0;2.0;3.0;15.0;B02
28539;201400019041;0;7;0;0.0;2.0;6.0;1.0;B02
28540;201400019041;0;7;0;0.0;2.0;2.0;2.0;A01
28541;201400019042;0;7;0;0.0;2.0;8.0;13.0;A01
28542;201400019042;0;7;0;0.0;2.0;8.0;1.0;B02
28543;201400019043;0;10;0;0.0;2.0;3.0;1.0;A01
28544;201400019043;0;99;0;0.0;2.0;3.0;1.0;B02
28545;201400019044;0;99;0;0.0;2.0;8.0;15.0;A01
28546;201400019044;0;33;0;0.0;2.0;1.0;17.0;B02
28547;201400019045;0;7;0;0.0;2.0;3.0;1.0;B02
28548;201400019045;0;7;0;0.0;2.0;3.0;13.0;A01
28549;201400019046;0;7;0;0.0;2.0;1.0;1.0;A01
28550;201400019046;0;7;0;0.0;2.0;8.0;9.0;B02
28551;201400019047;0;7;0;0.0;0.0;5.0;16.0;A01
28552;201400019047;0;30;0;0.0;0.0;1.0;2.0;B02
28553;201400019048;0;31;0;0.0;2.0;3.0;1.0;A01
28554;201400019049;0;7;0;6.0;0.0;1.0;13.0;A01
28555;201400019050;0;33;0;0.0;2.0;1.0;1.0;A01
28556;201400019050;0;7;0;0.0;2.0;6.0;1.0;B02
28557;201400019052;0;7;0;4.0;0.0;3.0;6.0;A01
28558;201400019053;0;10;0;0.0;0.0;3.0;1.0;B02
28559;201400019053;0;33;0;0.0;2.0;1.0;13.0;A01
28560;201400019054;0;7;0;0.0;2.0;7.0;15.0;A01
28561;201400019054;0;7;0;0.0;0.0;1.0;1.0;C03
28562;201400019054;0;33;0;0.0;0.0;1.0;1.0;B02
28563;201400019056;0;2;0;0.0;2.0;8.0;1.0;B02
28564;201400019056;0;2;0;0.0;2.0;8.0;1.0;A01
28565;201400019057;0;7;0;0.0;2.0;6.0;1.0;B02
28566;201400019057;0;33;0;0.0;2.0;1.0;2.0;A01
28567;201400019058;0;7;0;0.0;2.0;2.0;15.0;A01
28568;201400019058;0;7;0;0.0;2.0;1.0;1.0;B02
28569;201400019059;0;33;0;0.0;2.0;8.0;13.0;A01
28570;201400019059;0;17;0;0.0;2.0;2.0;21.0;B02
28571;201400019060;0;33;0;0.0;2.0;2.0;1.0;A01
28572;201400019060;0;7;0;0.0;2.0;5.0;15.0;B02
28573;201400019061;0;7;0;0.0;2.0;3.0;13.0;A01
28574;201400019061;0;7;0;0.0;2.0;3.0;1.0;B02
28575;201400019062;0;7;0;0.0;2.0;2.0;2.0;A01
28576;201400019062;0;7;0;0.0;0.0;6.0;23.0;B02
28577;201400019063;0;7;0;2.0;0.0;1.0;0.0;A01
28578;201400019064;0;7;0;6.0;0.0;3.0;1.0;A01
28579;201400019065;0;7;0;0.0;2.0;3.0;13.0;A01
28580;201400019065;0;7;0;0.0;2.0;3.0;1.0;B02
28581;201400019065;0;7;0;0.0;2.0;3.0;1.0;C03
28582;201400019066;0;30;0;14.0;0.0;7.0;1.0;A01
28583;201400019067;0;7;0;13.0;0.0;9.0;1.0;A01
28584;201400019068;0;7;0;0.0;1.0;5.0;1.0;A01
28585;201400019070;0;7;0;2.0;0.0;5.0;1.0;A01
28586;201400019071;0;7;0;13.0;0.0;5.0;13.0;A01
28587;201400019072;0;7;0;0.0;2.0;3.0;1.0;B02
28588;201400019072;0;7;0;0.0;2.0;3.0;13.0;A01
28589;201400019073;0;10;0;0.0;2.0;1.0;1.0;A01
28590;201400019073;0;7;0;0.0;2.0;6.0;1.0;B02
28591;201400019074;0;7;0;0.0;2.0;1.0;1.0;A01
28592;201400019074;0;7;0;0.0;2.0;8.0;1.0;B02
28593;201400019075;0;32;0;6.0;0.0;2.0;0.0;A01
28594;201400019076;0;7;0;0.0;0.0;0.0;1.0;A01
28595;201400019077;0;30;0;0.0;2.0;1.0;2.0;A01
28596;201400019077;0;7;0;0.0;2.0;4.0;1.0;B02
28597;201400019078;0;33;0;0.0;6.0;1.0;1.0;A01
28598;201400019079;0;7;0;0.0;2.0;3.0;13.0;A01
28599;201400019079;0;7;0;0.0;2.0;3.0;1.0;B02
28600;201400019081;0;7;0;2.0;0.0;8.0;1.0;A01
28601;201400019084;0;7;0;0.0;2.0;3.0;13.0;A01
28602;201400019084;0;14;0;0.0;2.0;8.0;1.0;B02
28603;201400019085;0;7;0;0.0;2.0;3.0;9.0;A01
28604;201400019085;0;30;0;0.0;2.0;1.0;1.0;B02
28605;201400019086;0;33;0;11.0;0.0;1.0;1.0;A01
28606;201400019088;0;7;0;2.0;0.0;1.0;1.0;A01
28607;201400019089;0;2;0;0.0;0.0;7.0;1.0;A01
28608;201400019090;0;10;0;0.0;2.0;1.0;13.0;A01
28609;201400019090;0;10;0;0.0;2.0;1.0;1.0;B02
28610;201400019091;0;17;0;0.0;2.0;3.0;1.0;A01
28611;201400019091;0;10;0;0.0;2.0;3.0;1.0;B02
28612;201400019092;0;7;0;0.0;1.0;1.0;1.0;A01
28613;201400019093;0;2;0;0.0;2.0;1.0;16.0;A01
28614;201400019093;0;2;0;0.0;2.0;3.0;1.0;B02
28615;201400019094;0;10;0;8.0;0.0;8.0;14.0;A01
28616;201400019096;0;7;0;0.0;1.0;2.0;1.0;A01
28617;201400019097;0;7;0;0.0;1.0;2.0;1.0;A01
28618;201400019098;0;7;0;0.0;2.0;7.0;15.0;A01
28619;201400019098;0;33;0;0.0;2.0;0.0;1.0;B02
28620;201400019099;0;7;0;2.0;0.0;3.0;1.0;A01
28621;201400019100;0;10;0;0.0;2.0;1.0;1.0;B02
28622;201400019100;0;10;0;0.0;0.0;7.0;1.0;A01
28623;201400019101;0;1;0;0.0;9.0;1.0;1.0;A01
28624;201400019101;0;21;0;0.0;2.0;6.0;1.0;B02
28625;201400019102;0;33;0;0.0;2.0;8.0;19.0;B02
28626;201400019102;0;7;0;0.0;2.0;2.0;1.0;A01
28627;201400019103;0;10;0;14.0;;1.0;1.0;A01
28628;201400019103;0;7;0;0.0;2.0;1.0;1.0;D04
28629;201400019103;0;7;0;0.0;2.0;4.0;23.0;B02
28630;201400019103;0;7;0;0.0;2.0;4.0;23.0;C03
28631;201400019104;0;17;0;0.0;2.0;0.0;1.0;A01
28632;201400019104;0;7;0;0.0;9.0;1.0;1.0;B02
28633;201400019105;0;7;0;0.0;0.0;8.0;10.0;A01
28634;201400019105;0;33;0;0.0;2.0;1.0;1.0;B02
28635;201400019106;0;33;0;0.0;2.0;2.0;1.0;B02
28636;201400019106;0;7;0;0.0;2.0;8.0;15.0;A01
28637;201400019107;0;7;0;0.0;2.0;1.0;1.0;A01
28638;201400019107;0;7;0;0.0;0.0;1.0;0.0;B02
28639;201400019108;0;7;0;0.0;4.0;6.0;0.0;A01
28640;201400019108;0;39;0;0.0;2.0;3.0;0.0;B02
28641;201400019109;0;30;0;8.0;0.0;1.0;1.0;A01
28642;201400019111;0;7;0;0.0;1.0;2.0;1.0;A01
28643;201400019112;0;7;0;0.0;0.0;2.0;0.0;A01
28644;201400019113;0;7;0;0.0;0.0;7.0;1.0;A01
28645;201400019114;0;10;0;2.0;0.0;3.0;1.0;A01
28646;201400019115;0;31;0;0.0;0.0;4.0;1.0;A01
28647;201400019116;0;33;0;0.0;2.0;3.0;1.0;A01
28648;201400019116;0;7;0;0.0;2.0;3.0;1.0;B02
28649;201400019117;0;30;0;0.0;2.0;4.0;16.0;A01
28650;201400019117;0;7;0;0.0;2.0;2.0;1.0;B02
28651;201400019118;0;7;0;0.0;2.0;5.0;15.0;A01
28652;201400019118;0;33;0;0.0;2.0;2.0;1.0;B02
28653;201400019120;0;7;0;0.0;2.0;3.0;13.0;B02
28654;201400019120;0;17;0;0.0;2.0;3.0;1.0;A01
28655;201400019121;0;7;0;13.0;0.0;9.0;1.0;A01
28656;201400019122;0;31;0;0.0;0.0;0.0;21.0;A01
28657;201400019122;0;7;0;0.0;0.0;0.0;9.0;B02
28658;201400019123;0;2;0;0.0;2.0;1.0;13.0;A01
28659;201400019123;0;7;0;0.0;2.0;1.0;1.0;B02
28660;201400019124;0;7;0;13.0;0.0;2.0;1.0;A01
28661;201400019126;0;7;0;0.0;2.0;3.0;1.0;A01
28662;201400019126;0;7;0;0.0;2.0;3.0;1.0;B02
28663;201400019127;0;17;0;2.0;2.0;3.0;1.0;B02
28664;201400019127;0;7;0;0.0;2.0;1.0;13.0;A01
28665;201400019128;0;7;0;0.0;2.0;1.0;1.0;A01
28666;201400019128;0;7;0;0.0;2.0;2.0;1.0;B02
28667;201400019129;0;7;0;0.0;2.0;3.0;1.0;B02
28668;201400019129;0;7;0;0.0;2.0;1.0;15.0;A01
28669;201400019130;0;2;0;0.0;1.0;1.0;1.0;A01
28670;201400019131;0;7;0;0.0;2.0;1.0;1.0;A01
28671;201400019131;0;7;0;0.0;2.0;3.0;1.0;B02
28672;201400019132;0;10;0;2.0;0.0;3.0;1.0;A01
28673;201400019133;0;7;0;0.0;1.0;7.0;1.0;A01
28674;201400019134;0;7;0;15.0;0.0;1.0;13.0;A01
28675;201400019135;0;3;0;16.0;0.0;1.0;14.0;A01
28676;201400019136;0;7;0;10.0;0.0;8.0;1.0;A01
28677;201400019139;0;7;0;0.0;2.0;7.0;1.0;A01
28678;201400019139;0;7;0;0.0;2.0;1.0;1.0;B02
28679;201400019140;0;33;0;0.0;2.0;1.0;1.0;A01
28680;201400019140;0;7;0;0.0;2.0;3.0;15.0;B02
28681;201400019142;0;7;0;0.0;0.0;8.0;0.0;A01
28682;201400019142;0;7;0;0.0;0.0;3.0;0.0;B02
28683;201400019143;0;7;0;0.0;2.0;3.0;1.0;B02
28684;201400019143;0;33;0;0.0;2.0;1.0;1.0;A01
28685;201400019144;0;33;0;0.0;2.0;7.0;1.0;A01
28686;201400019144;0;7;0;0.0;0.0;8.0;19.0;B02
28687;201400019145;0;2;0;0.0;2.0;1.0;15.0;B02
28688;201400019145;0;7;0;0.0;2.0;1.0;0.0;A01
28689;201400019146;0;7;0;0.0;1.0;1.0;1.0;A01
28690;201400019147;0;10;0;0.0;2.0;8.0;19.0;B02
28691;201400019147;0;10;0;0.0;2.0;1.0;1.0;A01
28692;201400019149;0;7;0;2.0;0.0;3.0;13.0;A01
28693;201400019150;0;7;0;0.0;2.0;1.0;9.0;A01
28694;201400019150;0;10;0;0.0;2.0;8.0;9.0;B02
28695;201400019151;0;33;0;13.0;0.0;1.0;1.0;A01
28696;201400019153;0;7;0;2.0;0.0;1.0;13.0;A01
28697;201400019154;0;33;0;8.0;0.0;9.0;1.0;A01
28698;201400019156;0;7;0;0.0;2.0;1.0;13.0;B02
28699;201400019156;0;7;0;0.0;2.0;1.0;1.0;A01
28700;201400019157;0;7;0;13.0;0.0;9.0;14.0;A01
28701;201400019159;0;36;0;8.0;0.0;1.0;1.0;A01
28702;201400019160;0;7;0;0.0;2.0;3.0;1.0;B02
28703;201400019160;0;7;0;0.0;2.0;5.0;15.0;A01
28704;201400019161;0;14;0;0.0;0.0;7.0;1.0;A01
28705;201400019162;0;7;0;6.0;0.0;2.0;1.0;A01
28706;201400019163;0;14;0;0.0;2.0;3.0;15.0;A01
28707;201400019163;0;7;0;0.0;2.0;3.0;1.0;B02
28708;201400019164;0;7;0;0.0;2.0;5.0;15.0;A01
28709;201400019164;0;33;0;0.0;2.0;1.0;1.0;B02
28710;201400019165;0;2;0;0.0;2.0;1.0;1.0;B02
28711;201400019165;0;10;0;0.0;2.0;7.0;15.0;A01
28712;201400019167;0;7;0;0.0;9.0;3.0;1.0;A01
28713;201400019167;0;1;0;0.0;2.0;1.0;1.0;B02
28714;201400019168;0;7;0;0.0;2.0;3.0;1.0;B02
28715;201400019168;0;7;0;0.0;2.0;8.0;1.0;A01
28716;201400019169;0;7;0;2.0;0.0;1.0;1.0;A01
28717;201400019170;0;99;0;0.0;0.0;2.0;0.0;B02
28718;201400019170;0;10;0;0.0;9.0;2.0;1.0;A01
28719;201400019171;0;7;0;0.0;2.0;1.0;1.0;B02
28720;201400019171;0;7;0;0.0;2.0;1.0;13.0;A01
28721;201400019173;0;10;0;0.0;2.0;1.0;13.0;A01
28722;201400019173;0;10;0;0.0;2.0;1.0;1.0;B02
28723;201400019174;0;7;0;0.0;2.0;1.0;2.0;A01
28724;201400019174;0;7;0;0.0;2.0;4.0;2.0;B02
28725;201400019175;0;31;0;0.0;2.0;1.0;1.0;A01
28726;201400019177;0;7;0;2.0;0.0;1.0;14.0;A01
28727;201400019179;0;7;0;0.0;2.0;3.0;0.0;C03
28728;201400019179;0;7;0;0.0;2.0;1.0;0.0;A01
28729;201400019179;0;7;0;0.0;2.0;3.0;0.0;B02
28730;201400019180;0;7;0;0.0;2.0;8.0;1.0;C03
28731;201400019180;0;7;0;0.0;2.0;1.0;1.0;D04
28732;201400019180;0;33;0;0.0;2.0;3.0;1.0;B02
28733;201400019180;0;7;0;0.0;2.0;3.0;1.0;A01
28734;201400019181;0;7;0;0.0;2.0;3.0;1.0;A01
28735;201400019181;0;7;0;0.0;2.0;3.0;13.0;B02
28736;201400019182;0;7;0;0.0;1.0;2.0;1.0;A01
28737;201400019183;0;7;0;0.0;0.0;0.0;17.0;A01
28738;201400019184;0;7;0;0.0;2.0;1.0;13.0;A01
28739;201400019184;0;7;0;0.0;2.0;1.0;1.0;B02
28740;201400019185;0;7;0;0.0;0.0;9.0;0.0;A01
28741;201400019186;0;7;0;2.0;6.0;7.0;1.0;A01
28742;201400019187;0;7;0;0.0;2.0;6.0;1.0;B02
28743;201400019187;0;33;0;0.0;2.0;1.0;1.0;A01
28744;201400019188;0;10;0;6.0;0.0;3.0;13.0;A01
28745;201400019189;0;7;0;13.0;0.0;2.0;14.0;A01
28746;201400019192;0;7;0;0.0;2.0;1.0;1.0;B02
28747;201400019192;0;33;0;0.0;2.0;1.0;13.0;A01
28748;201400019193;0;38;0;0.0;2.0;2.0;13.0;B02
28749;201400019193;0;7;0;0.0;2.0;8.0;1.0;A01
28750;201400019195;0;31;0;6.0;0.0;7.0;14.0;A01
28751;201400019197;0;7;0;0.0;2.0;1.0;1.0;B02
28752;201400019197;0;7;0;4.0;2.0;9.0;1.0;A01
28753;201400019198;0;33;0;0.0;2.0;1.0;1.0;C03
28754;201400019198;0;7;0;0.0;2.0;4.0;15.0;B02
28755;201400019198;0;7;0;0.0;2.0;1.0;2.0;A01
28756;201400019199;0;7;0;0.0;2.0;7.0;1.0;A01
28757;201400019199;0;10;0;0.0;2.0;1.0;1.0;B02
28758;201400019200;0;7;0;0.0;1.0;6.0;0.0;A01
28759;201400019202;0;2;0;0.0;2.0;1.0;1.0;B02
28760;201400019202;0;32;0;0.0;2.0;1.0;15.0;A01
28761;201400019204;0;7;0;8.0;0.0;3.0;2.0;A01
28762;201400019205;0;3;0;0.0;2.0;1.0;13.0;A01
28763;201400019205;0;14;0;0.0;2.0;2.0;1.0;B02
28764;201400019206;0;10;0;6.0;0.0;1.0;13.0;A01
28765;201400019207;0;7;0;0.0;2.0;3.0;1.0;B02
28766;201400019207;0;33;0;0.0;2.0;8.0;17.0;A01
28767;201400019208;0;7;0;0.0;0.0;7.0;15.0;A01
28768;201400019208;0;33;0;0.0;2.0;1.0;1.0;B02
28769;201400019209;0;7;0;2.0;0.0;0.0;17.0;A01
28770;201400019210;0;33;0;8.0;0.0;0.0;1.0;A01
28771;201400019211;0;33;0;8.0;0.0;3.0;1.0;A01
28772;201400019212;0;7;0;0.0;2.0;3.0;1.0;A01
28773;201400019212;0;7;0;0.0;2.0;3.0;1.0;B02
28774;201400019213;0;7;0;0.0;2.0;2.0;9.0;A01
28775;201400019213;0;33;0;0.0;2.0;7.0;1.0;B02
28776;201400019214;0;7;0;0.0;1.0;3.0;0.0;A01
28777;201400019216;0;7;0;0.0;1.0;2.0;2.0;A01
28778;201400019217;0;33;0;16.0;0.0;0.0;1.0;A01
28779;201400019218;0;33;0;0.0;2.0;1.0;1.0;A01
28780;201400019218;0;7;0;0.0;0.0;1.0;15.0;B02
28781;201400019219;0;2;0;0.0;2.0;1.0;21.0;B02
28782;201400019219;0;7;0;0.0;2.0;1.0;15.0;A01
28783;201400019220;0;7;0;13.0;0.0;1.0;13.0;A01
28784;201400019221;0;33;0;0.0;2.0;1.0;1.0;A01
28785;201400019221;0;10;0;0.0;2.0;3.0;1.0;B02
28786;201400019222;1;2;0;0.0;2.0;0.0;0.0;A01
28787;201400019222;0;1;0;0.0;2.0;1.0;1.0;B02
28788;201400019223;0;7;0;0.0;1.0;3.0;1.0;A01
28789;201400019224;0;7;0;0.0;1.0;0.0;4.0;A01
28790;201400019225;0;7;0;0.0;2.0;2.0;13.0;A01
28791;201400019225;0;14;0;0.0;2.0;2.0;21.0;B02
28792;201400019227;0;33;0;0.0;2.0;1.0;17.0;A01
28793;201400019227;0;10;0;0.0;2.0;3.0;1.0;B02
28794;201400019228;0;7;0;0.0;2.0;3.0;1.0;A01
28795;201400019228;0;33;0;0.0;2.0;1.0;1.0;B02
28796;201400019229;0;7;0;2.0;0.0;7.0;2.0;A01
28797;201400019231;0;30;0;0.0;2.0;5.0;1.0;B02
28798;201400019231;0;7;0;0.0;2.0;3.0;1.0;A01
28799;201400019232;0;10;0;0.0;0.0;1.0;0.0;C03
28800;201400019232;0;10;0;0.0;2.0;1.0;0.0;A01
28801;201400019232;0;7;0;0.0;2.0;1.0;1.0;B02
28802;201400019233;0;7;0;0.0;2.0;1.0;13.0;A01
28803;201400019233;0;7;0;0.0;2.0;1.0;1.0;B02
28804;201400019234;0;7;0;0.0;2.0;7.0;1.0;A01
28805;201400019234;0;7;0;0.0;2.0;8.0;1.0;B02
28806;201400019235;0;33;0;0.0;2.0;2.0;1.0;B02
28807;201400019235;0;7;0;0.0;2.0;3.0;6.0;A01
28808;201400019236;0;7;0;0.0;1.0;4.0;20.0;A01
28809;201400019237;0;10;0;16.0;0.0;8.0;1.0;A01
28810;201400019238;0;30;0;5.0;0.0;1.0;1.0;A01
28811;201400019239;0;7;0;2.0;0.0;1.0;1.0;A01
28812;201400019240;0;30;0;0.0;0.0;5.0;0.0;B02
28813;201400019240;0;7;0;0.0;0.0;0.0;0.0;A01
28814;201400019241;0;30;0;0.0;1.0;1.0;1.0;A01
28815;201400019242;0;33;0;6.0;0.0;3.0;1.0;A01
28816;201400019243;0;7;0;0.0;1.0;2.0;2.0;A01