;Num_Acc;senc;catv;occutc;obs;obsm;choc;manv;num_veh
28817;201400019244;0;7;0;0.0;1.0;3.0;14.0;A01
28818;201400019244;0;7;0;0.0;2.0;3.0;1.0;B02
28819;201400019245;0;7;0;0.0;2.0;5.0;1.0;A01
28820;201400019245;0;7;0;0.0;2.0;2.0;1.0;B02
28821;201400019246;0;7;0;0.0;0.0;8.0;15.0;A01
28822;201400019246;0;31;0;0.0;0.0;2.0;17.0;B02
28823;201400019247;0;7;0;8.0;0.0;3.0;13.0;A01
28824;201400019249;0;7;0;0.0;0.0;3.0;13.0;A01
28825;201400019250;0;1;0;0.0;1.0;1.0;1.0;A01
28826;201400019251;0;7;0;13.0;0.0;9.0;1.0;A01
28827;201400019252;0;7;0;3.0;0.0;4.0;1.0;A01
28828;201400019253;0;7;0;0.0;2.0;2.0;15.0;B02
28829;201400019253;0;30;0;0.0;2.0;1.0;1.0;A01
28830;201400019254;0;7;0;0.0;2.0;1.0;13.0;A01
28831;201400019254;0;7;0;0.0;2.0;1.0;1.0;B02
28832;201400019255;0;7;0;14.0;1.0;2.0;1.0;A01
28833;201400019256;0;7;0;7.0;0.0;1.0;15.0;A01
28834;201400019257;0;7;0;0.0;2.0;1.0;2.0;A01
28835;201400019257;0;1;0;0.0;2.0;4.0;2.0;B02
28836;201400019258;0;7;0;0.0;2.0;1.0;13.0;A01
28837;201400019258;0;7;0;0.0;2.0;1.0;1.0;B02
28838;201400019260;0;30;0;0.0;2.0;1.0;9.0;B02
28839;201400019260;0;15;0;0.0;2.0;5.0;15.0;A01
28840;201400019261;0;33;0;0.0;2.0;1.0;2.0;A01
28841;201400019261;0;7;0;0.0;0.0;4.0;15.0;B02
28842;201400019262;0;33;0;0.0;2.0;1.0;1.0;A01
28843;201400019262;0;7;0;0.0;2.0;3.0;17.0;B02
28844;201400019264;0;7;0;1.0;0.0;1.0;1.0;A01
28845;201400019265;0;33;0;0.0;2.0;1.0;1.0;A01
28846;201400019265;0;7;0;0.0;2.0;6.0;6.0;B02
28847;201400019266;0;33;0;0.0;2.0;1.0;13.0;A01
28848;201400019266;0;7;0;0.0;2.0;1.0;1.0;C03
28849;201400019266;0;7;0;0.0;2.0;3.0;1.0;B02
28850;201400019267;0;2;0;0.0;1.0;1.0;1.0;A01
28851;201400019268;0;7;0;0.0;2.0;3.0;17.0;A01
28852;201400019268;0;15;0;0.0;2.0;1.0;1.0;B02
28853;201400019268;0;15;0;0.0;2.0;3.0;1.0;C03
28854;201400019269;0;2;0;14.0;0.0;1.0;1.0;A01
28855;201400019270;0;33;0;0.0;2.0;1.0;1.0;A01
28856;201400019270;0;14;0;0.0;0.0;5.0;16.0;B02
28857;201400019271;0;10;0;0.0;2.0;3.0;17.0;A01
28858;201400019271;0;30;0;0.0;2.0;1.0;1.0;B02
28859;201400019272;0;10;0;0.0;2.0;8.0;15.0;A01
28860;201400019272;0;34;0;0.0;2.0;1.0;17.0;B02
28861;201400019273;2;7;0;0.0;2.0;3.0;13.0;A01
28862;201400019273;0;7;0;0.0;2.0;3.0;1.0;B02
28863;201400019274;0;7;0;0.0;2.0;3.0;15.0;A01
28864;201400019274;0;2;0;0.0;2.0;1.0;1.0;B02
28865;201400019276;0;7;0;8.0;0.0;3.0;13.0;A01
28866;201400019277;0;7;0;0.0;1.0;3.0;1.0;A01
28867;201400019278;0;7;0;0.0;1.0;2.0;1.0;A01
28868;201400019280;0;2;0;16.0;0.0;1.0;1.0;A01
28869;201400019281;0;7;0;3.0;2.0;1.0;23.0;B02
28870;201400019281;0;7;0;0.0;2.0;1.0;1.0;A01
28871;201400019282;0;7;0;0.0;1.0;4.0;1.0;A01
28872;201400019283;0;7;0;0.0;2.0;2.0;1.0;A01
28873;201400019283;0;1;0;0.0;2.0;4.0;1.0;B02
28874;201400019284;0;7;0;0.0;1.0;3.0;15.0;A01
28875;201400019285;0;31;0;0.0;2.0;1.0;1.0;B02
28876;201400019285;0;10;0;0.0;0.0;7.0;15.0;A01
28877;201400019286;0;7;0;0.0;2.0;2.0;9.0;A01
28878;201400019286;0;2;0;0.0;2.0;1.0;1.0;B02
28879;201400019287;0;7;0;2.0;0.0;2.0;1.0;A01
28880;201400019288;0;33;0;13.0;0.0;8.0;15.0;A01
28881;201400019289;0;31;0;13.0;0.0;7.0;9.0;A01
28882;201400019291;0;2;0;0.0;2.0;3.0;13.0;A01
28883;201400019291;0;15;0;0.0;2.0;8.0;1.0;B02
28884;201400019293;0;7;0;3.0;0.0;8.0;1.0;A01
28885;201400019294;0;10;0;6.0;0.0;1.0;1.0;A01
28886;201400019296;0;33;0;13.0;0.0;0.0;1.0;A01
28887;201400019297;0;7;0;0.0;0.0;6.0;1.0;B02
28888;201400019297;0;33;0;0.0;2.0;1.0;2.0;A01
28889;201400019298;0;7;0;8.0;0.0;9.0;0.0;A01
28890;201400019299;0;1;0;0.0;2.0;7.0;1.0;B02
28891;201400019299;0;7;0;0.0;2.0;3.0;16.0;A01
28892;201400019301;0;7;0;0.0;1.0;2.0;1.0;A01
28893;201400019302;0;7;0;0.0;2.0;1.0;1.0;C03
28894;201400019302;0;17;0;0.0;2.0;3.0;1.0;B02
28895;201400019302;0;17;0;0.0;2.0;3.0;13.0;A01
28896;201400019303;0;33;0;0.0;0.0;0.0;0.0;A01
28897;201400019304;0;33;0;0.0;2.0;0.0;1.0;B02
28898;201400019304;0;10;0;0.0;2.0;1.0;15.0;A01
28899;201400019305;0;30;0;0.0;2.0;7.0;1.0;A01
28900;201400019305;0;7;0;0.0;2.0;1.0;1.0;B02
28901;201400019306;0;7;0;0.0;2.0;3.0;12.0;A01
28902;201400019306;0;99;0;0.0;2.0;4.0;1.0;B02
28903;201400019307;0;7;0;0.0;2.0;4.0;23.0;C03
28904;201400019307;0;37;2;0.0;2.0;1.0;1.0;A01
28905;201400019307;0;7;0;0.0;0.0;4.0;23.0;D04
28906;201400019307;0;7;0;0.0;2.0;4.0;23.0;B02
28907;201400019308;0;14;0;0.0;2.0;8.0;1.0;B02
28908;201400019308;0;14;0;0.0;2.0;4.0;4.0;A01
28909;201400019309;0;7;0;0.0;0.0;3.0;13.0;A01
28910;201400019309;0;7;0;0.0;2.0;3.0;0.0;B02
28911;201400019310;0;7;0;0.0;2.0;3.0;19.0;A01
28912;201400019310;0;1;0;0.0;2.0;7.0;1.0;B02
28913;201400019311;0;7;0;0.0;2.0;1.0;13.0;A01
28914;201400019311;0;7;0;0.0;2.0;1.0;1.0;B02
28915;201400019312;0;7;0;0.0;2.0;1.0;13.0;A01
28916;201400019312;0;7;0;0.0;2.0;1.0;1.0;B02
28917;201400019313;0;7;0;0.0;2.0;1.0;1.0;B02
28918;201400019313;0;7;0;0.0;2.0;3.0;0.0;E05
28919;201400019313;0;7;0;0.0;2.0;3.0;1.0;D04
28920;201400019313;0;7;0;0.0;2.0;1.0;0.0;A01
28921;201400019313;0;7;0;0.0;2.0;3.0;1.0;C03
28922;201400019314;0;7;0;0.0;2.0;1.0;1.0;A01
28923;201400019314;0;7;0;0.0;2.0;3.0;1.0;B02
28924;201400019314;0;14;0;0.0;2.0;3.0;1.0;C03
28925;201400019315;0;7;0;13.0;0.0;1.0;1.0;A01
28926;201400019316;0;7;0;0.0;1.0;3.0;20.0;A01
28927;201400019317;0;7;0;13.0;0.0;1.0;1.0;A01
28928;201400019318;0;7;0;0.0;2.0;2.0;1.0;A01
28929;201400019318;0;1;0;0.0;2.0;1.0;1.0;B02
28930;201400019319;0;30;0;0.0;2.0;1.0;1.0;B02
28931;201400019319;0;7;0;0.0;2.0;1.0;11.0;A01
28932;201400019320;0;7;0;0.0;2.0;3.0;1.0;B02
28933;201400019320;0;7;0;0.0;2.0;1.0;13.0;A01
28934;201400019321;0;7;0;13.0;0.0;0.0;1.0;A01
28935;201400019322;0;7;0;0.0;2.0;3.0;13.0;A01
28936;201400019322;0;14;0;0.0;2.0;3.0;0.0;B02
28937;201400019323;0;7;0;8.0;0.0;1.0;13.0;A01
28938;201400019324;0;34;0;0.0;2.0;1.0;17.0;B02
28939;201400019324;0;1;0;0.0;2.0;4.0;13.0;A01
28940;201400019325;0;7;0;0.0;0.0;4.0;24.0;C03
28941;201400019325;0;7;0;1.0;0.0;2.0;14.0;A01
28942;201400019325;0;7;0;0.0;0.0;4.0;24.0;B02
28943;201400019327;0;7;0;13.0;0.0;1.0;1.0;A01
28944;201400019328;0;2;0;0.0;2.0;1.0;1.0;B02
28945;201400019328;0;7;0;0.0;2.0;2.0;21.0;A01
28946;201400019329;0;33;0;0.0;2.0;1.0;1.0;A01
28947;201400019329;0;7;0;0.0;0.0;4.0;1.0;B02
28948;201400019329;0;7;0;0.0;9.0;3.0;1.0;C03
28949;201400019330;0;7;0;0.0;2.0;1.0;1.0;A01
28950;201400019330;0;34;0;0.0;0.0;4.0;1.0;B02
28951;201400019331;0;1;0;13.0;0.0;1.0;1.0;A01
28952;201400019332;0;7;0;0.0;2.0;1.0;13.0;B02
28953;201400019332;0;7;0;0.0;2.0;1.0;1.0;A01
28954;201400019333;0;30;0;0.0;2.0;8.0;13.0;B02
28955;201400019333;0;7;0;0.0;2.0;2.0;1.0;A01
28956;201400019334;0;7;0;2.0;0.0;1.0;1.0;A01
28957;201400019335;1;7;0;0.0;0.0;0.0;11.0;B02
28958;201400019335;0;7;0;3.0;2.0;1.0;1.0;A01
28959;201400019336;0;7;0;13.0;0.0;2.0;1.0;A01
28960;201400019338;0;7;0;8.0;0.0;1.0;1.0;A01
28961;201400019340;0;1;0;0.0;0.0;4.0;1.0;A01
28962;201400019340;1;7;0;0.0;2.0;2.0;2.0;B02
28963;201400019342;0;30;0;6.0;0.0;1.0;1.0;A01
28964;201400019343;0;7;0;7.0;0.0;2.0;1.0;A01
28965;201400019344;0;15;0;0.0;2.0;2.0;1.0;B02
28966;201400019344;0;7;0;0.0;2.0;3.0;10.0;A01
28967;201400019345;0;15;0;0.0;2.0;0.0;17.0;A01
28968;201400019345;0;7;0;0.0;2.0;9.0;1.0;C03
28969;201400019346;0;7;0;0.0;2.0;1.0;13.0;A01
28970;201400019346;0;7;0;0.0;2.0;1.0;1.0;B02
28971;201400019347;0;7;0;0.0;1.0;2.0;2.0;A01
28972;201400019348;0;30;0;0.0;2.0;8.0;1.0;A01
28973;201400019348;0;7;0;0.0;2.0;1.0;19.0;B02
28974;201400019349;0;33;0;0.0;2.0;1.0;1.0;B02
28975;201400019349;0;10;0;0.0;2.0;1.0;15.0;A01
28976;201400019349;0;33;0;0.0;2.0;1.0;1.0;C03
28977;201400019350;0;33;0;0.0;2.0;1.0;13.0;A01
28978;201400019350;0;10;0;0.0;2.0;1.0;1.0;B02
28979;201400019351;0;7;0;0.0;2.0;1.0;1.0;A01
28980;201400019351;0;20;0;0.0;2.0;3.0;1.0;B02
28981;201400019352;0;10;0;0.0;2.0;7.0;15.0;A01
28982;201400019352;0;7;0;0.0;2.0;1.0;1.0;B02
28983;201400019352;0;10;0;0.0;2.0;1.0;1.0;C03
28984;201400019353;0;7;0;6.0;0.0;1.0;1.0;A01
28985;201400019354;0;7;0;15.0;0.0;1.0;1.0;A01
28986;201400019355;0;7;0;0.0;2.0;1.0;13.0;A01
28987;201400019355;0;10;0;0.0;2.0;3.0;1.0;B02
28988;201400019356;0;7;0;13.0;0.0;9.0;0.0;A01
28989;201400019357;0;7;0;0.0;2.0;1.0;0.0;B02
28990;201400019357;0;7;0;0.0;2.0;1.0;13.0;A01
28991;201400019358;0;14;0;0.0;2.0;8.0;15.0;A01
28992;201400019358;0;7;0;0.0;2.0;1.0;1.0;B02
28993;201400019359;0;7;0;0.0;2.0;1.0;17.0;A01
28994;201400019359;0;10;0;0.0;2.0;8.0;15.0;B02
28995;201400019360;0;7;0;15.0;2.0;3.0;19.0;A01
28996;201400019360;0;7;0;9.0;2.0;2.0;19.0;B02
28997;201400019362;0;7;0;0.0;2.0;1.0;19.0;A01
28998;201400019362;0;7;0;0.0;2.0;2.0;1.0;B02
28999;201400019363;0;30;0;14.0;2.0;1.0;1.0;A01
29000;201400019363;0;7;0;0.0;2.0;4.0;23.0;B02
29001;201400019364;0;7;0;0.0;2.0;4.0;23.0;B02
29002;201400019364;0;30;0;14.0;2.0;1.0;1.0;A01
29003;201400019365;0;7;0;0.0;1.0;1.0;1.0;A01
29004;201400019366;0;7;0;0.0;1.0;3.0;1.0;A01
29005;201400019367;0;30;0;0.0;0.0;8.0;1.0;A01
29006;201400019368;0;7;0;8.0;0.0;2.0;14.0;A01
29007;201400019369;0;7;0;2.0;0.0;2.0;1.0;A01
29008;201400019370;0;33;0;8.0;0.0;1.0;1.0;A01
29009;201400019371;0;7;0;0.0;2.0;2.0;1.0;A01
29010;201400019371;0;1;0;0.0;2.0;4.0;2.0;B02
29011;201400019372;0;10;0;3.0;2.0;3.0;13.0;A01
29012;201400019372;0;38;2;3.0;2.0;3.0;1.0;B02
29013;201400019373;0;7;0;2.0;0.0;3.0;13.0;A01
29014;201400019374;0;7;0;0.0;2.0;1.0;13.0;A01
29015;201400019374;0;7;0;0.0;2.0;1.0;1.0;B02
29016;201400019375;0;7;0;0.0;2.0;4.0;13.0;A01
29017;201400019375;0;33;0;0.0;2.0;1.0;17.0;B02
29018;201400019377;0;7;0;0.0;2.0;3.0;1.0;A01
29019;201400019377;0;7;0;0.0;0.0;3.0;13.0;B02
29020;201400019379;0;33;0;0.0;2.0;1.0;21.0;A01
29021;201400019379;0;7;0;0.0;2.0;2.0;17.0;B02
29022;201400019380;0;7;0;0.0;2.0;3.0;23.0;B02
29023;201400019380;0;7;0;0.0;2.0;2.0;19.0;A01
29024;201400019380;0;33;0;0.0;2.0;8.0;1.0;C03
29025;201400019381;0;10;0;2.0;0.0;2.0;14.0;A01
29026;201400019382;0;7;0;2.0;0.0;2.0;1.0;A01
29027;201400019383;0;10;0;8.0;0.0;1.0;1.0;D04
29028;201400019383;0;10;0;0.0;2.0;1.0;1.0;C03
29029;201400019383;0;14;0;0.0;2.0;8.0;2.0;A01
29030;201400019383;0;10;0;0.0;2.0;7.0;1.0;B02
29031;201400019384;0;36;0;0.0;0.0;9.0;16.0;A01
29032;201400019385;0;7;0;0.0;2.0;2.0;6.0;A01
29033;201400019385;0;7;0;0.0;2.0;1.0;1.0;B02
29034;201400019386;0;7;0;0.0;1.0;3.0;1.0;A01
29035;201400019387;0;33;0;0.0;2.0;2.0;1.0;B02
29036;201400019387;0;7;0;13.0;2.0;5.0;1.0;A01
29037;201400019387;0;33;0;0.0;2.0;2.0;1.0;C03
29038;201400019388;0;7;0;2.0;0.0;9.0;1.0;A01
29039;201400019390;0;15;0;0.0;2.0;1.0;1.0;B02
29040;201400019390;0;33;0;0.0;2.0;1.0;13.0;A01
29041;201400019392;0;7;0;0.0;0.0;0.0;1.0;A01
29042;201400019393;0;2;0;0.0;0.0;1.0;1.0;A01
29043;201400019396;0;2;0;0.0;2.0;1.0;18.0;A01
29044;201400019396;0;10;0;0.0;2.0;5.0;20.0;B02
29045;201400019397;0;7;0;2.0;0.0;1.0;1.0;A01
29046;201400019398;0;7;0;0.0;2.0;1.0;13.0;A01
29047;201400019398;0;7;0;0.0;2.0;1.0;1.0;B02
29048;201400019399;0;33;0;16.0;0.0;1.0;1.0;A01
29049;201400019400;0;7;0;2.0;0.0;3.0;5.0;A01
29050;201400019401;0;7;0;6.0;0.0;1.0;1.0;A01
29051;201400019402;0;7;0;0.0;1.0;1.0;15.0;A01
29052;201400019403;0;33;0;16.0;0.0;1.0;1.0;A01
29053;201400019404;0;33;0;0.0;0.0;7.0;9.0;A01
29054;201400019405;0;7;0;0.0;1.0;1.0;16.0;A01
29055;201400019406;0;7;0;0.0;1.0;1.0;1.0;A01
29056;201400019408;0;7;0;0.0;2.0;8.0;9.0;A01
29057;201400019408;0;1;0;0.0;2.0;2.0;1.0;B02
29058;201400019409;0;10;0;0.0;2.0;7.0;13.0;A01
29059;201400019409;0;7;0;0.0;2.0;2.0;1.0;B02
29060;201400019410;0;15;0;0.0;2.0;3.0;0.0;C03
29061;201400019410;0;7;0;0.0;2.0;9.0;1.0;A01
29062;201400019410;0;10;0;0.0;2.0;8.0;15.0;B02
29063;201400019411;0;7;0;0.0;2.0;1.0;1.0;A01
29064;201400019411;0;7;0;0.0;2.0;4.0;1.0;B02
29065;201400019412;0;7;0;0.0;2.0;1.0;1.0;A01
29066;201400019412;0;1;0;0.0;2.0;8.0;19.0;B02
29067;201400019414;0;7;0;0.0;2.0;1.0;1.0;B02
29068;201400019414;0;7;0;0.0;2.0;8.0;9.0;A01
29069;201400019415;0;10;0;0.0;2.0;1.0;1.0;B02
29070;201400019415;0;7;0;0.0;2.0;8.0;19.0;A01
29071;201400019416;0;10;0;0.0;1.0;3.0;1.0;A01
29072;201400019417;0;7;0;0.0;2.0;3.0;9.0;A01
29073;201400019417;0;2;0;0.0;2.0;2.0;1.0;B02
29074;201400019418;0;7;0;0.0;9.0;1.0;9.0;B02
29075;201400019418;0;1;0;0.0;2.0;1.0;5.0;A01
29076;201400019420;0;30;0;6.0;0.0;7.0;1.0;A01
29077;201400019421;0;7;0;0.0;2.0;1.0;2.0;A01
29078;201400019421;0;7;0;0.0;2.0;4.0;2.0;B02
29079;201400019421;0;14;0;0.0;2.0;4.0;2.0;C03
29080;201400019424;0;7;0;6.0;0.0;8.0;14.0;A01
29081;201400019425;0;7;0;0.0;2.0;1.0;13.0;A01
29082;201400019425;0;14;0;0.0;2.0;1.0;1.0;B02
29083;201400019426;0;7;0;13.0;0.0;1.0;1.0;A01
29084;201400019427;0;7;0;0.0;2.0;1.0;1.0;B02
29085;201400019427;0;10;0;0.0;2.0;2.0;19.0;A01
29086;201400019427;0;7;0;0.0;2.0;6.0;1.0;C03
29087;201400019428;0;7;0;0.0;0.0;9.0;1.0;A01
29088;201400019429;0;7;0;0.0;1.0;1.0;17.0;A01
29089;201400019431;0;7;0;0.0;1.0;3.0;16.0;A01
29090;201400019431;0;7;0;0.0;2.0;7.0;1.0;B02
29091;201400019432;0;33;0;0.0;6.0;1.0;0.0;A01
29092;201400019433;0;7;0;13.0;0.0;3.0;13.0;A01
29093;201400019434;0;14;0;0.0;2.0;1.0;1.0;A01
29094;201400019434;0;7;0;0.0;2.0;1.0;5.0;B02
29095;201400019435;0;30;0;0.0;2.0;1.0;17.0;B02
29096;201400019435;0;7;0;0.0;2.0;6.0;15.0;A01
29097;201400019436;0;2;0;9.0;0.0;1.0;1.0;A01
29098;201400019437;0;7;0;0.0;1.0;1.0;20.0;A01
29099;201400019438;0;7;0;0.0;0.0;4.0;2.0;A01
29100;201400019438;0;7;0;0.0;2.0;1.0;2.0;B02
29101;201400019440;0;7;0;0.0;2.0;3.0;13.0;A01
29102;201400019440;0;38;10;0.0;2.0;2.0;1.0;B02
29103;201400019441;0;33;0;0.0;2.0;1.0;11.0;A01
29104;201400019441;0;7;0;0.0;2.0;4.0;2.0;B02
29105;201400019442;0;7;0;0.0;1.0;3.0;1.0;A01
29106;201400019443;0;7;0;0.0;2.0;2.0;2.0;A01
29107;201400019443;0;7;0;0.0;2.0;1.0;1.0;C03
29108;201400019443;0;7;0;0.0;2.0;3.0;1.0;B02
29109;201400019444;0;33;0;0.0;0.0;1.0;1.0;A01
29110;201400019445;0;7;0;0.0;0.0;9.0;14.0;A01
29111;201400019448;0;7;0;13.0;0.0;1.0;14.0;A01
29112;201400019449;0;7;0;0.0;2.0;1.0;1.0;A01
29113;201400019449;0;7;0;0.0;2.0;1.0;15.0;B02
29114;201400019450;0;7;0;0.0;1.0;2.0;1.0;A01
29115;201400019451;0;30;0;0.0;2.0;1.0;13.0;B02
29116;201400019451;0;10;0;0.0;2.0;2.0;1.0;A01
29117;201400019452;0;7;0;0.0;2.0;3.0;13.0;A01
29118;201400019452;0;17;0;0.0;2.0;3.0;1.0;B02
29119;201400019454;0;7;0;0.0;2.0;8.0;15.0;A01
29120;201400019454;0;33;0;0.0;2.0;7.0;2.0;B02
29121;201400019455;0;10;0;0.0;2.0;4.0;23.0;A01
29122;201400019455;0;7;0;1.0;0.0;1.0;2.0;B02
29123;201400019456;0;33;0;0.0;2.0;3.0;13.0;A01
29124;201400019456;0;10;0;0.0;2.0;3.0;1.0;B02
29125;201400019458;2;10;0;0.0;2.0;3.0;13.0;B02
29126;201400019458;0;7;0;0.0;2.0;3.0;1.0;A01
29127;201400019460;0;33;0;0.0;2.0;7.0;17.0;A01
29128;201400019460;0;7;0;0.0;2.0;6.0;15.0;B02
29129;201400019461;0;15;0;0.0;1.0;3.0;9.0;A01
29130;201400019463;0;31;0;0.0;6.0;2.0;21.0;A01
29131;201400019464;0;7;0;0.0;2.0;5.0;13.0;A01
29132;201400019464;0;7;0;0.0;2.0;1.0;1.0;B02
29133;201400019465;0;7;0;1.0;0.0;1.0;1.0;B02
29134;201400019465;0;14;0;0.0;2.0;2.0;23.0;A01
29135;201400019466;0;7;0;2.0;9.0;2.0;1.0;A01
29136;201400019467;0;33;0;14.0;0.0;1.0;1.0;B02
29137;201400019467;0;7;0;0.0;0.0;7.0;10.0;A01
29138;201400019468;0;1;0;0.0;2.0;1.0;6.0;B02
29139;201400019468;0;7;0;0.0;9.0;3.0;6.0;A01
29140;201400019469;0;33;0;0.0;2.0;1.0;1.0;B02
29141;201400019469;0;7;0;0.0;2.0;7.0;15.0;A01
29142;201400019470;0;7;0;0.0;9.0;2.0;2.0;A01
29143;201400019470;0;1;0;0.0;0.0;4.0;2.0;B02
29144;201400019471;0;7;0;0.0;2.0;1.0;1.0;B02
29145;201400019471;0;7;0;0.0;2.0;4.0;1.0;A01
29146;201400019472;0;7;0;0.0;2.0;3.0;13.0;A01
29147;201400019472;0;7;0;0.0;2.0;3.0;1.0;B02
29148;201400019473;0;7;0;0.0;2.0;3.0;10.0;A01
29149;201400019473;0;33;0;0.0;2.0;2.0;17.0;B02
29150;201400019474;0;7;0;6.0;0.0;1.0;16.0;A01
29151;201400019475;0;10;0;0.0;2.0;1.0;2.0;A01
29152;201400019475;0;17;0;0.0;2.0;4.0;1.0;B02
29153;201400019477;0;7;0;0.0;2.0;3.0;1.0;B02
29154;201400019477;0;7;0;0.0;2.0;2.0;13.0;A01
29155;201400019478;0;7;0;0.0;2.0;3.0;1.0;D04
29156;201400019478;0;10;0;0.0;2.0;1.0;21.0;C03
29157;201400019478;0;7;0;0.0;2.0;3.0;1.0;B02
29158;201400019478;0;7;0;0.0;2.0;3.0;17.0;A01
29159;201400019479;0;7;0;0.0;2.0;2.0;15.0;A01
29160;201400019479;0;33;0;0.0;2.0;1.0;1.0;B02
29161;201400019480;0;10;0;13.0;0.0;1.0;1.0;A01
29162;201400019481;0;7;0;0.0;2.0;3.0;1.0;A01
29163;201400019481;0;7;0;0.0;2.0;2.0;11.0;B02
29164;201400019482;0;7;0;2.0;0.0;3.0;1.0;A01
29165;201400019483;0;7;0;0.0;2.0;1.0;1.0;A01
29166;201400019483;0;7;0;0.0;2.0;1.0;1.0;C03
29167;201400019483;0;7;0;0.0;2.0;1.0;1.0;B02
29168;201400019484;0;10;0;0.0;2.0;1.0;1.0;B01
29169;201400019484;0;7;0;10.0;2.0;4.0;1.0;C02
29170;201400019485;0;7;0;0.0;1.0;8.0;1.0;A01
29171;201400019486;0;33;0;0.0;2.0;1.0;1.0;A01
29172;201400019486;0;7;0;0.0;2.0;4.0;10.0;B01
29173;201400019487;0;17;0;0.0;2.0;5.0;18.0;A01
29174;201400019487;0;7;0;0.0;2.0;3.0;1.0;B01
29175;201400019488;0;7;0;0.0;2.0;1.0;13.0;A01
29176;201400019488;0;7;0;0.0;2.0;1.0;1.0;B01
29177;201400019489;0;2;0;0.0;2.0;1.0;15.0;A01
29178;201400019489;0;7;0;0.0;2.0;1.0;1.0;B01
29179;201400019490;0;7;0;0.0;2.0;1.0;2.0;A01
29180;201400019490;0;7;0;0.0;2.0;4.0;2.0;B01
29181;201400019490;0;7;0;0.0;2.0;4.0;2.0;C01
29182;201400019490;0;7;0;0.0;2.0;4.0;2.0;D01
29183;201400019491;0;7;0;1.0;0.0;7.0;14.0;A01
29184;201400019492;0;7;0;8.0;0.0;1.0;14.0;A01
29185;201400019494;0;7;0;6.0;0.0;1.0;13.0;A01
29186;201400019495;0;7;0;0.0;2.0;2.0;1.0;B01
29187;201400019495;0;10;0;0.0;2.0;1.0;15.0;A01
29188;201400019496;0;7;0;0.0;1.0;2.0;1.0;A01
29189;201400019497;0;30;0;0.0;2.0;1.0;14.0;A01
29190;201400019497;0;7;0;0.0;2.0;8.0;1.0;B01
29191;201400019498;0;7;0;0.0;2.0;8.0;11.0;A01
29192;201400019498;0;7;0;0.0;0.0;2.0;1.0;B01
29193;201400019498;0;7;0;0.0;2.0;2.0;1.0;C01
29194;201400019499;0;7;0;0.0;1.0;1.0;1.0;A01
29195;201400019500;0;7;0;0.0;2.0;2.0;21.0;A01
29196;201400019500;1;7;0;;2.0;3.0;5.0;A02
29197;201400019501;0;7;0;0.0;1.0;1.0;1.0;A01
29198;201400019502;0;7;0;0.0;2.0;1.0;2.0;A01
29199;201400019502;0;7;0;0.0;2.0;4.0;23.0;B01
29200;201400019502;0;7;0;0.0;2.0;4.0;23.0;C01
29201;201400019503;0;10;0;0.0;1.0;2.0;20.0;A01
29202;201400019504;0;7;0;0.0;1.0;1.0;1.0;A01
29203;201400019505;0;7;0;0.0;2.0;1.0;2.0;A01
29204;201400019505;0;7;0;0.0;2.0;1.0;23.0;B01
29205;201400019505;0;7;0;0.0;2.0;1.0;23.0;C01
29206;201400019505;0;7;0;0.0;2.0;4.0;23.0;D01
29207;201400019506;0;7;0;16.0;0.0;1.0;14.0;A01
29208;201400019507;0;7;0;0.0;1.0;1.0;16.0;A01
29209;201400019508;0;7;0;0.0;2.0;2.0;2.0;A01
29210;201400019508;0;7;0;0.0;2.0;8.0;15.0;B01
29211;201400019510;0;7;0;8.0;0.0;2.0;1.0;A01
29212;201400019512;0;7;0;0.0;1.0;2.0;1.0;A01
29213;201400019514;0;7;0;0.0;2.0;3.0;1.0;B01
29214;201400019514;0;30;0;0.0;2.0;2.0;1.0;A01
29215;201400019515;0;33;0;0.0;2.0;8.0;21.0;A01
29216;201400019515;1;7;0;0.0;0.0;;;Z01
29217;201400019516;1;7;0;0.0;1.0;2.0;0.0;A01
29218;201400019517;0;7;0;0.0;2.0;1.0;2.0;A01
29219;201400019517;0;7;0;0.0;2.0;4.0;15.0;B01
29220;201400019519;0;15;0;0.0;2.0;4.0;2.0;A01
29221;201400019519;0;7;0;0.0;2.0;1.0;2.0;B01
29222;201400019520;0;7;0;0.0;1.0;2.0;1.0;A01
29223;201400019521;0;2;0;0.0;2.0;4.0;2.0;A01
29224;201400019521;0;30;0;0.0;2.0;1.0;2.0;B01
29225;201400019522;0;33;0;0.0;2.0;1.0;1.0;B01
29226;201400019522;0;7;0;0.0;2.0;1.0;1.0;A01
29227;201400019523;0;7;0;0.0;2.0;8.0;10.0;A01
29228;201400019523;0;30;0;0.0;2.0;1.0;1.0;B01
29229;201400019524;0;2;0;0.0;2.0;1.0;2.0;A01
29230;201400019524;0;7;0;0.0;2.0;4.0;15.0;B01
29231;201400019525;0;7;0;0.0;2.0;4.0;1.0;A01
29232;201400019525;0;2;0;0.0;2.0;1.0;2.0;B01
29233;201400019526;0;7;0;0.0;1.0;4.0;20.0;A01
29234;201400019527;0;7;0;0.0;1.0;2.0;1.0;A01
29235;201400019528;0;2;0;0.0;2.0;2.0;17.0;A01
29236;201400019528;0;7;0;0.0;2.0;8.0;1.0;B01