;Num_Acc;senc;catv;occutc;obs;obsm;choc;manv;num_veh
29659;201400019814;0;30;0;0.0;0.0;1.0;13.0;A01
29660;201400019814;0;1;0;0.0;2.0;1.0;2.0;B01
29661;201400019815;0;7;0;0.0;2.0;4.0;1.0;B01
29662;201400019815;0;33;0;0.0;2.0;1.0;1.0;A01
29663;201400019816;0;7;0;0.0;2.0;1.0;1.0;A01
29664;201400019816;0;2;0;0.0;2.0;4.0;1.0;B01
29665;201400019817;0;7;0;0.0;1.0;1.0;0.0;A01
29666;201400019818;0;2;0;0.0;0.0;8.0;2.0;A01
29667;201400019819;0;30;0;0.0;0.0;1.0;1.0;A01
29668;201400019820;0;7;0;0.0;2.0;3.0;9.0;A01
29669;201400019820;0;7;0;0.0;2.0;4.0;1.0;B01
29670;201400019821;2;7;0;0.0;2.0;2.0;2.0;B01
29671;201400019821;0;30;0;0.0;0.0;0.0;2.0;A01
29672;201400019822;0;7;0;0.0;2.0;1.0;1.0;A01
29673;201400019822;0;7;0;0.0;2.0;4.0;1.0;B01
29674;201400019823;1;7;0;0.0;2.0;7.0;15.0;Z01
29675;201400019823;0;2;0;0.0;2.0;1.0;1.0;A01
29676;201400019824;0;1;0;1.0;0.0;1.0;2.0;B01
29677;201400019824;0;7;0;0.0;0.0;0.0;24.0;A01
29678;201400019825;0;7;0;0.0;2.0;1.0;1.0;A01
29679;201400019825;0;1;0;0.0;2.0;7.0;1.0;B01
29680;201400019826;0;7;0;6.0;0.0;1.0;1.0;A01
29681;201400019827;0;7;0;2.0;0.0;1.0;1.0;A01
29682;201400019828;0;7;0;0.0;2.0;1.0;9.0;A01
29683;201400019828;0;2;0;0.0;2.0;7.0;1.0;B01
29684;201400019831;0;7;0;0.0;2.0;4.0;1.0;A01
29685;201400019831;0;7;0;0.0;2.0;1.0;1.0;B01
29686;201400019832;0;2;0;0.0;2.0;1.0;0.0;B01
29687;201400019832;0;7;0;0.0;2.0;1.0;0.0;A01
29688;201400019833;0;7;0;0.0;1.0;1.0;1.0;A01
29689;201400019834;0;7;0;0.0;1.0;1.0;2.0;A01
29690;201400019835;0;30;0;0.0;0.0;2.0;2.0;A01
29691;201400019837;0;7;0;0.0;2.0;1.0;1.0;B01
29692;201400019837;0;34;0;0.0;2.0;7.0;1.0;A01
29693;201400019838;0;7;0;0.0;2.0;1.0;1.0;C01
29694;201400019838;0;7;0;0.0;2.0;5.0;1.0;A01
29695;201400019838;0;33;0;0.0;2.0;9.0;1.0;B01
29696;201400019839;0;7;0;0.0;0.0;2.0;1.0;A01
29697;201400019839;0;7;0;0.0;2.0;1.0;1.0;B01
29698;201400019840;0;7;0;0.0;2.0;2.0;15.0;A01
29699;201400019840;0;32;0;0.0;2.0;1.0;1.0;B01
29700;201400019841;0;7;0;6.0;0.0;1.0;1.0;A01
29701;201400019842;0;7;0;2.0;0.0;8.0;16.0;A01
29702;201400019843;0;7;0;2.0;0.0;1.0;1.0;A01
29703;201400019844;0;7;0;0.0;2.0;3.0;0.0;A01
29704;201400019844;0;7;0;0.0;2.0;1.0;0.0;B01
29705;201400019845;0;32;0;0.0;2.0;2.0;1.0;B01
29706;201400019845;0;7;0;0.0;2.0;3.0;1.0;A01
29707;201400019846;1;99;0;0.0;0.0;0.0;0.0;Z01
29708;201400019846;0;1;0;0.0;2.0;6.0;0.0;B01
29709;201400019847;0;7;0;0.0;2.0;2.0;1.0;B01
29710;201400019847;0;7;0;0.0;2.0;3.0;1.0;A01
29711;201400019848;0;13;0;0.0;2.0;1.0;0.0;A01
29712;201400019848;0;7;0;0.0;2.0;8.0;0.0;B01
29713;201400019849;0;7;0;0.0;0.0;4.0;2.0;B01
29714;201400019849;0;7;0;0.0;2.0;1.0;2.0;A01
29715;201400019850;0;3;0;9.0;0.0;4.0;4.0;A01
29716;201400019851;0;13;0;0.0;2.0;1.0;2.0;A01
29717;201400019851;0;7;0;0.0;2.0;3.0;15.0;B01
29718;201400019852;0;7;0;0.0;2.0;1.0;0.0;A01
29719;201400019852;0;13;0;0.0;2.0;8.0;0.0;B01
29720;201400019853;0;32;0;0.0;2.0;1.0;1.0;A01
29721;201400019853;0;7;0;0.0;2.0;8.0;15.0;B01
29722;201400019854;0;7;0;1.0;0.0;2.0;1.0;A01
29723;201400019856;0;7;0;0.0;1.0;3.0;0.0;A01
29724;201400019857;1;99;0;0.0;1.0;2.0;0.0;Z01
29725;201400019858;0;7;0;0.0;2.0;8.0;1.0;B01
29726;201400019858;0;7;0;0.0;2.0;2.0;9.0;A01
29727;201400019859;0;1;0;0.0;2.0;4.0;1.0;B01
29728;201400019859;0;7;0;0.0;0.0;1.0;10.0;A01
29729;201400019860;0;30;0;14.0;0.0;1.0;1.0;A01
29730;201400019861;0;30;0;0.0;0.0;0.0;0.0;A01
29731;201400019862;0;7;0;0.0;1.0;1.0;0.0;A01
29732;201400019863;0;7;0;0.0;0.0;1.0;2.0;A01
29733;201400019863;0;7;0;0.0;0.0;4.0;2.0;B01
29734;201400019864;0;7;0;0.0;1.0;0.0;0.0;A01
29735;201400019865;0;7;0;1.0;0.0;1.0;0.0;A01
29736;201400019867;0;7;0;0.0;2.0;8.0;0.0;A01
29737;201400019867;0;30;0;0.0;2.0;1.0;9.0;B01
29738;201400019868;2;7;0;0.0;1.0;0.0;0.0;A01
29739;201400019869;0;7;0;0.0;2.0;1.0;0.0;A01
29740;201400019869;0;7;0;0.0;2.0;1.0;0.0;B01
29741;201400019870;0;30;0;0.0;2.0;1.0;9.0;A01
29742;201400019870;0;7;0;0.0;0.0;7.0;0.0;B01
29743;201400019871;0;7;0;0.0;0.0;9.0;0.0;A01
29744;201400019871;0;7;0;0.0;2.0;3.0;1.0;B01
29745;201400019873;0;7;0;0.0;0.0;4.0;15.0;B01
29746;201400019873;0;33;0;0.0;2.0;7.0;2.0;A01
29747;201400019874;0;7;0;0.0;2.0;1.0;1.0;B01
29748;201400019874;0;7;0;0.0;2.0;1.0;15.0;A01
29749;201400019875;0;7;0;1.0;0.0;0.0;0.0;A01
29750;201400019876;0;7;0;0.0;2.0;1.0;1.0;B01
29751;201400019876;0;7;0;0.0;2.0;1.0;2.0;C01
29752;201400019876;0;7;0;0.0;2.0;1.0;2.0;D01
29753;201400019876;0;7;0;0.0;2.0;1.0;13.0;A01
29754;201400019877;0;7;0;0.0;2.0;1.0;1.0;B01
29755;201400019877;0;7;0;0.0;2.0;1.0;15.0;A01
29756;201400019878;0;7;0;0.0;2.0;3.0;15.0;A01
29757;201400019878;0;7;0;0.0;2.0;3.0;0.0;B01
29758;201400019879;0;7;0;0.0;2.0;1.0;1.0;B01
29759;201400019879;0;7;0;0.0;2.0;1.0;19.0;A01
29760;201400019880;0;7;0;0.0;2.0;7.0;13.0;A01
29761;201400019880;0;7;0;0.0;2.0;8.0;1.0;B01
29762;201400019881;0;7;0;0.0;2.0;0.0;1.0;B01
29763;201400019881;0;2;0;0.0;2.0;7.0;1.0;A01
29764;201400019882;1;10;0;0.0;0.0;0.0;0.0;Z01
29765;201400019882;0;33;0;0.0;2.0;9.0;1.0;B01
29766;201400019883;0;2;0;0.0;0.0;1.0;21.0;A01
29767;201400019885;0;7;0;6.0;0.0;9.0;1.0;A01
29768;201400019886;0;7;0;0.0;2.0;8.0;13.0;A01
29769;201400019886;0;7;0;0.0;2.0;8.0;1.0;B01
29770;201400019887;0;7;0;0.0;2.0;7.0;1.0;B01
29771;201400019887;0;1;0;0.0;2.0;1.0;9.0;A01
29772;201400019889;0;7;0;0.0;2.0;1.0;1.0;B01
29773;201400019889;0;2;0;0.0;2.0;7.0;1.0;A01
29774;201400019890;0;7;0;0.0;2.0;7.0;1.0;B01
29775;201400019890;0;7;0;0.0;2.0;1.0;1.0;A01
29776;201400019891;0;7;0;0.0;2.0;8.0;0.0;B01
29777;201400019891;0;7;0;0.0;2.0;1.0;0.0;A01
29778;201400019892;0;7;0;0.0;2.0;7.0;1.0;B01
29779;201400019892;0;30;0;0.0;2.0;1.0;1.0;A01
29780;201400019893;0;7;0;0.0;2.0;1.0;1.0;A01
29781;201400019893;0;34;0;0.0;2.0;1.0;1.0;B01
29782;201400019894;0;7;0;0.0;2.0;3.0;15.0;A01
29783;201400019894;0;7;0;0.0;2.0;1.0;1.0;B01
29784;201400019895;0;7;0;0.0;2.0;1.0;1.0;B01
29785;201400019895;0;30;0;0.0;2.0;3.0;9.0;A01
29786;201400019896;0;7;0;0.0;2.0;8.0;10.0;A01
29787;201400019896;0;2;0;0.0;2.0;1.0;1.0;B01
29788;201400019897;0;1;0;0.0;2.0;8.0;1.0;B01
29789;201400019897;0;7;0;0.0;2.0;1.0;16.0;A01
29790;201400019898;0;7;0;6.0;0.0;1.0;1.0;A01
29791;201400019900;0;7;0;0.0;2.0;1.0;1.0;A01
29792;201400019900;0;30;0;0.0;2.0;4.0;1.0;B01
29793;201400019901;0;7;0;0.0;2.0;5.0;1.0;A01
29794;201400019901;0;30;0;0.0;2.0;1.0;1.0;B01
29795;201400019902;0;7;0;0.0;1.0;1.0;15.0;A01
29796;201400019902;0;99;0;0.0;2.0;8.0;16.0;B01
29797;201400019903;0;7;0;1.0;0.0;2.0;1.0;A01
29798;201400019903;0;7;0;0.0;2.0;3.0;24.0;B01
29799;201400019904;0;30;0;0.0;2.0;7.0;0.0;B01
29800;201400019904;0;7;0;0.0;2.0;3.0;1.0;A01
29801;201400019905;0;7;0;6.0;0.0;1.0;1.0;A01
29802;201400019906;0;7;0;8.0;0.0;1.0;1.0;A01
29803;201400019907;0;3;0;0.0;2.0;1.0;1.0;A01
29804;201400019907;0;7;0;0.0;2.0;4.0;1.0;C01
29805;201400019907;0;7;0;0.0;2.0;4.0;1.0;B01
29806;201400019908;0;7;0;0.0;2.0;1.0;1.0;B01
29807;201400019908;0;1;0;0.0;2.0;1.0;1.0;A01
29808;201400019909;0;7;0;0.0;2.0;1.0;1.0;B01
29809;201400019909;0;2;0;0.0;2.0;7.0;1.0;A01
29810;201400019910;0;30;0;0.0;2.0;2.0;1.0;A01
29811;201400019910;0;7;0;0.0;2.0;4.0;20.0;B01
29812;201400019911;0;7;0;0.0;0.0;4.0;2.0;B01
29813;201400019911;0;2;0;0.0;2.0;1.0;2.0;A01
29814;201400019912;0;7;0;0.0;1.0;1.0;1.0;A01
29815;201400019913;0;7;0;1.0;0.0;0.0;2.0;A01
29816;201400019914;0;2;0;0.0;2.0;3.0;1.0;B01
29817;201400019914;0;7;0;0.0;2.0;6.0;15.0;A01
29818;201400019915;0;2;0;0.0;2.0;5.0;0.0;A01
29819;201400019915;0;7;0;0.0;2.0;2.0;0.0;B01
29820;201400019916;0;33;0;0.0;2.0;1.0;1.0;B01
29821;201400019916;0;10;0;0.0;2.0;5.0;16.0;A01
29822;201400019917;0;3;0;16.0;0.0;0.0;15.0;A01
29823;201400019918;0;10;0;0.0;1.0;2.0;1.0;A01
29824;201400019919;0;7;0;0.0;2.0;4.0;1.0;B01
29825;201400019919;0;7;0;0.0;2.0;1.0;2.0;A01
29826;201400019920;0;7;0;0.0;2.0;3.0;1.0;B01
29827;201400019920;0;7;0;0.0;2.0;2.0;0.0;A01
29828;201400019921;0;7;0;0.0;2.0;1.0;1.0;A01
29829;201400019921;0;7;0;0.0;2.0;4.0;1.0;B01
29830;201400019922;0;3;0;0.0;2.0;4.0;1.0;B01
29831;201400019922;0;7;0;0.0;2.0;1.0;1.0;A01
29832;201400019923;0;7;0;0.0;2.0;6.0;10.0;A01
29833;201400019924;0;7;0;0.0;1.0;1.0;1.0;A01
29834;201400019925;0;7;0;0.0;2.0;1.0;18.0;A01
29835;201400019925;0;7;0;0.0;2.0;8.0;1.0;B01
29836;201400019925;0;7;0;0.0;2.0;1.0;1.0;C01
29837;201400019926;0;7;0;0.0;2.0;4.0;1.0;B01
29838;201400019926;0;7;0;0.0;2.0;1.0;0.0;A01
29839;201400019927;0;17;0;1.0;1.0;2.0;1.0;B01
29840;201400019929;0;7;0;0.0;1.0;0.0;1.0;A01
29841;201400019930;0;7;0;0.0;1.0;1.0;1.0;A01
29842;201400019931;0;7;0;0.0;2.0;1.0;1.0;A01
29843;201400019931;0;7;0;0.0;0.0;4.0;15.0;B01
29844;201400019932;0;2;0;0.0;0.0;4.0;1.0;B01
29845;201400019932;0;2;0;0.0;2.0;1.0;1.0;A01
29846;201400019933;0;7;0;0.0;1.0;0.0;0.0;A01
29847;201400019934;0;7;0;0.0;1.0;1.0;1.0;A01
29848;201400019935;0;7;0;0.0;2.0;1.0;1.0;A01
29849;201400019935;0;7;0;0.0;2.0;4.0;1.0;B01
29850;201400019936;0;7;0;0.0;2.0;1.0;14.0;A01
29851;201400019936;0;7;0;0.0;2.0;1.0;21.0;B01
29852;201400019937;0;7;0;2.0;0.0;1.0;0.0;A01
29853;201400019938;0;7;0;0.0;0.0;0.0;0.0;B01
29854;201400019938;0;7;0;0.0;0.0;0.0;0.0;A01
29855;201400019939;0;7;0;2.0;0.0;1.0;0.0;A01
29856;201400019940;0;7;0;4.0;0.0;1.0;0.0;A01
29857;201400019941;0;33;0;13.0;0.0;1.0;0.0;A01
29858;201400019942;0;30;0;0.0;1.0;0.0;0.0;A01
29859;201400019944;0;30;0;9.0;0.0;1.0;0.0;A01
29860;201400019945;0;7;0;0.0;0.0;0.0;0.0;B01
29861;201400019945;0;7;0;0.0;0.0;0.0;0.0;A01
29862;201400019946;0;10;0;0.0;2.0;4.0;1.0;B01
29863;201400019946;0;7;0;0.0;2.0;1.0;1.0;A01
29864;201400019946;0;37;3;0.0;0.0;4.0;1.0;C01
29865;201400019947;0;7;0;6.0;0.0;1.0;13.0;A01
29866;201400019948;0;7;0;0.0;1.0;3.0;1.0;A01
29867;201400019949;0;7;0;0.0;2.0;3.0;16.0;A01
29868;201400019949;0;2;0;0.0;2.0;1.0;1.0;B01
29869;201400019950;0;7;0;0.0;1.0;3.0;1.0;A01
29870;201400019951;0;7;0;0.0;2.0;1.0;13.0;A01
29871;201400019951;0;7;0;0.0;2.0;6.0;1.0;B01
29872;201400019951;0;14;0;0.0;2.0;1.0;1.0;C01
29873;201400019952;0;7;0;0.0;9.0;1.0;16.0;A01
29874;201400019952;0;1;0;0.0;2.0;1.0;1.0;B01
29875;201400019953;0;7;0;0.0;9.0;3.0;1.0;A01
29876;201400019953;0;1;0;0.0;2.0;2.0;13.0;B01
29877;201400019954;0;7;0;0.0;2.0;1.0;4.0;A01
29878;201400019954;0;1;0;0.0;2.0;8.0;1.0;B01
29879;201400019955;0;7;0;0.0;2.0;4.0;1.0;B01
29880;201400019955;0;3;0;0.0;2.0;1.0;1.0;A01
29881;201400019956;0;30;0;0.0;0.0;0.0;0.0;A01
29882;201400019956;0;7;0;0.0;0.0;0.0;0.0;B01
29883;201400019957;0;7;0;0.0;0.0;0.0;0.0;B01
29884;201400019957;0;7;0;0.0;0.0;0.0;0.0;A01
29885;201400019958;0;7;0;0.0;0.0;0.0;0.0;A01
29886;201400019958;0;7;0;0.0;0.0;0.0;0.0;B01
29887;201400019959;0;30;0;0.0;0.0;0.0;0.0;B01
29888;201400019959;0;2;0;0.0;0.0;0.0;0.0;A01
29889;201400019960;0;33;0;0.0;0.0;0.0;0.0;A01
29890;201400019961;0;13;0;0.0;0.0;0.0;0.0;B01
29891;201400019961;0;7;0;0.0;0.0;0.0;0.0;A01
29892;201400019962;0;33;0;0.0;0.0;0.0;0.0;B01
29893;201400019962;0;7;0;0.0;0.0;0.0;0.0;A01
29894;201400019963;0;7;0;0.0;0.0;0.0;0.0;A01
29895;201400019964;0;1;0;0.0;0.0;0.0;0.0;B01
29896;201400019964;0;7;0;0.0;0.0;0.0;0.0;A01
29897;201400019965;0;7;0;0.0;0.0;0.0;0.0;A01
29898;201400019965;0;7;0;0.0;0.0;0.0;0.0;C01
29899;201400019965;0;7;0;0.0;2.0;0.0;0.0;B01
29900;201400019966;0;7;0;0.0;0.0;0.0;1.0;B01
29901;201400019966;0;2;0;0.0;2.0;1.0;1.0;A01
29902;201400019967;0;7;0;0.0;0.0;4.0;1.0;B01
29903;201400019967;0;7;0;0.0;2.0;1.0;1.0;A01
29904;201400019968;0;2;0;0.0;2.0;1.0;1.0;B01
29905;201400019968;0;7;0;0.0;2.0;1.0;20.0;A01
29906;201400019969;0;10;0;0.0;1.0;1.0;1.0;A01
29907;201400019970;0;7;0;0.0;2.0;8.0;15.0;A01
29908;201400019970;0;30;0;0.0;2.0;2.0;17.0;B01
29909;201400019971;0;7;0;0.0;0.0;4.0;1.0;B01
29910;201400019971;0;2;0;0.0;0.0;1.0;1.0;A01
29911;201400019972;0;7;0;0.0;2.0;3.0;1.0;B01
29912;201400019972;0;2;0;0.0;2.0;1.0;21.0;A01
29913;201400019973;0;7;0;0.0;0.0;9.0;1.0;A01
29914;201400019974;0;7;0;0.0;1.0;1.0;1.0;A01
29915;201400019975;0;2;0;0.0;0.0;0.0;0.0;B01
29916;201400019975;0;7;0;0.0;0.0;0.0;0.0;A01
29917;201400019976;0;7;0;0.0;2.0;1.0;0.0;A01
29918;201400019976;0;7;0;0.0;0.0;8.0;1.0;B01
29919;201400019977;0;7;0;0.0;2.0;7.0;1.0;B01
29920;201400019977;0;33;0;0.0;2.0;6.0;11.0;A01
29921;201400019978;0;36;0;0.0;2.0;1.0;1.0;B01
29922;201400019978;0;7;0;0.0;2.0;2.0;15.0;A01
29923;201400019979;0;7;0;0.0;2.0;1.0;15.0;A01
29924;201400019979;0;33;0;0.0;2.0;1.0;1.0;B01
29925;201400019982;0;7;0;0.0;0.0;0.0;0.0;B01
29926;201400019982;0;7;0;0.0;0.0;0.0;0.0;A01
29927;201400019983;0;30;0;0.0;2.0;1.0;0.0;A01
29928;201400019983;0;7;0;0.0;0.0;4.0;1.0;B01
29929;201400019984;0;7;0;0.0;9.0;1.0;0.0;A01
29930;201400019985;0;30;0;0.0;0.0;1.0;1.0;A01
29931;201400019986;0;33;0;0.0;5.0;1.0;1.0;A01
29932;201400019987;0;7;0;0.0;0.0;4.0;4.0;A01
29933;201400019988;0;7;0;0.0;0.0;0.0;0.0;B01
29934;201400019988;0;7;0;0.0;0.0;0.0;0.0;A01
29935;201400019989;0;7;0;0.0;0.0;4.0;1.0;B01
29936;201400019989;0;2;0;0.0;2.0;1.0;1.0;A01
29937;201400019990;0;7;0;0.0;2.0;3.0;15.0;A01
29938;201400019990;0;30;0;0.0;2.0;1.0;1.0;B01
29939;201400019991;0;7;0;0.0;0.0;1.0;0.0;A01
29940;201400019992;0;7;0;0.0;0.0;4.0;2.0;A01
29941;201400019992;0;7;0;0.0;0.0;1.0;2.0;B01
29942;201400019993;0;7;0;0.0;1.0;0.0;0.0;A01
29943;201400019994;0;7;0;0.0;2.0;6.0;1.0;B02
29944;201400019994;0;7;0;4.0;2.0;2.0;17.0;A01
29945;201400019995;0;17;0;0.0;0.0;6.0;1.0;A01
29946;201400019995;0;10;0;0.0;2.0;1.0;14.0;B02
29947;201400019996;0;7;0;0.0;2.0;4.0;2.0;B02
29948;201400019996;0;10;0;0.0;2.0;1.0;2.0;A01
29949;201400019997;0;7;0;4.0;2.0;1.0;5.0;A01
29950;201400019997;0;7;0;0.0;2.0;1.0;1.0;C03
29951;201400019997;0;7;0;0.0;2.0;3.0;1.0;B02
29952;201400019999;0;7;0;0.0;2.0;8.0;10.0;B02
29953;201400019999;0;31;0;0.0;2.0;1.0;17.0;A01
29954;201400020001;0;7;0;0.0;0.0;4.0;1.0;B02
29955;201400020001;0;33;0;0.0;2.0;1.0;1.0;A01
29956;201400020002;0;7;0;0.0;2.0;1.0;1.0;B02
29957;201400020002;0;7;0;0.0;2.0;1.0;13.0;A01
29958;201400020002;0;7;0;0.0;2.0;3.0;2.0;D04
29959;201400020002;0;7;0;0.0;2.0;6.0;1.0;C03
29960;201400020003;0;7;0;0.0;2.0;0.0;19.0;B02
29961;201400020003;0;30;0;0.0;2.0;1.0;17.0;A01
29962;201400020004;0;7;0;0.0;2.0;1.0;13.0;A01
29963;201400020004;0;7;0;0.0;2.0;1.0;1.0;B02
29964;201400020005;0;7;0;0.0;2.0;1.0;1.0;B02
29965;201400020005;0;7;0;0.0;2.0;1.0;13.0;A01
29966;201400020006;0;7;0;0.0;2.0;3.0;1.0;B02
29967;201400020006;0;7;0;0.0;2.0;3.0;13.0;A01
29968;201400020007;0;7;0;0.0;2.0;1.0;5.0;A01
29969;201400020007;0;7;0;0.0;2.0;1.0;1.0;B02
29970;201400020009;0;7;0;0.0;0.0;4.0;15.0;A01
29971;201400020009;0;7;0;0.0;0.0;1.0;0.0;B02
29972;201400020010;0;21;0;13.0;0.0;7.0;14.0;A01
29973;201400020012;0;7;0;13.0;0.0;9.0;13.0;A01
29974;201400020013;0;7;0;0.0;0.0;9.0;14.0;A01
29975;201400020014;0;33;0;0.0;2.0;1.0;1.0;B02
29976;201400020014;0;7;0;0.0;2.0;3.0;9.0;A01
29977;201400020015;0;7;0;13.0;0.0;1.0;1.0;A01
29978;201400020016;0;7;0;0.0;2.0;1.0;13.0;A01
29979;201400020016;0;7;0;0.0;2.0;1.0;1.0;B02
29980;201400020018;0;15;0;13.0;0.0;2.0;1.0;A01
29981;201400020019;0;7;0;0.0;2.0;1.0;13.0;A01
29982;201400020019;0;15;0;0.0;2.0;1.0;1.0;B02
29983;201400020020;0;7;0;0.0;2.0;1.0;1.0;B02
29984;201400020020;0;7;0;0.0;2.0;8.0;15.0;A01
29985;201400020021;0;15;0;0.0;1.0;0.0;4.0;A01
29986;201400020023;0;1;0;0.0;2.0;8.0;1.0;B02
29987;201400020023;0;21;0;0.0;2.0;6.0;21.0;A01
29988;201400020024;0;10;0;0.0;0.0;2.0;17.0;A01
29989;201400020024;0;31;0;0.0;0.0;4.0;15.0;B02
29990;201400020025;0;7;0;0.0;2.0;8.0;19.0;A01
29991;201400020025;0;2;0;0.0;2.0;1.0;1.0;B02
29992;201400020026;0;7;0;6.0;0.0;1.0;1.0;A01
29993;201400020027;0;7;0;0.0;2.0;1.0;1.0;B02
29994;201400020027;0;3;0;0.0;2.0;2.0;15.0;A01
29995;201400020028;0;2;0;0.0;0.0;0.0;1.0;A01
29996;201400020031;0;15;0;0.0;2.0;1.0;21.0;B02
29997;201400020031;0;7;0;0.0;2.0;7.0;21.0;C03
29998;201400020031;0;7;0;0.0;2.0;1.0;13.0;A01
29999;201400020032;0;10;0;0.0;2.0;3.0;1.0;B02
30000;201400020032;0;7;0;0.0;2.0;3.0;13.0;A01
30001;201400020033;0;10;0;0.0;2.0;8.0;15.0;B02
30002;201400020033;0;2;0;0.0;0.0;1.0;1.0;A01
30003;201400020035;0;7;0;0.0;0.0;1.0;1.0;A01
30004;201400020035;0;7;0;0.0;0.0;3.0;1.0;B02
30005;201400020036;0;2;0;0.0;0.0;3.0;1.0;A01
30006;201400020037;0;7;0;0.0;2.0;1.0;19.0;B02
30007;201400020037;0;7;0;0.0;2.0;2.0;1.0;A01
30008;201400020038;0;7;0;0.0;1.0;1.0;1.0;A01
30009;201400020040;0;7;0;13.0;6.0;9.0;21.0;A01
30010;201400020042;0;7;0;6.0;0.0;3.0;13.0;A01
30011;201400020043;0;33;0;0.0;2.0;9.0;17.0;A01
30012;201400020043;0;7;0;0.0;2.0;8.0;15.0;B02
30013;201400020044;0;1;0;0.0;2.0;1.0;19.0;B02
30014;201400020044;0;7;0;0.0;9.0;2.0;1.0;A01
30015;201400020045;0;17;0;0.0;2.0;1.0;1.0;A01
30016;201400020045;0;7;0;0.0;0.0;2.0;19.0;B02
30017;201400020046;0;7;0;6.0;0.0;1.0;1.0;A01
30018;201400020047;0;7;0;16.0;0.0;0.0;1.0;A01
30019;201400020048;0;7;0;0.0;9.0;7.0;15.0;A01
30020;201400020048;0;1;0;0.0;2.0;3.0;1.0;B02
30021;201400020049;0;7;0;0.0;2.0;1.0;17.0;A01
30022;201400020049;0;7;0;0.0;2.0;1.0;1.0;B02
30023;201400020050;0;7;0;0.0;2.0;1.0;1.0;B02
30024;201400020050;0;31;0;0.0;2.0;1.0;17.0;A01
30025;201400020052;0;7;0;0.0;2.0;1.0;13.0;B02
30026;201400020052;0;7;0;0.0;2.0;1.0;1.0;A01
30027;201400020053;0;7;0;0.0;2.0;2.0;13.0;A01
30028;201400020053;0;7;0;0.0;2.0;1.0;1.0;B02
30029;201400020055;0;15;0;0.0;2.0;0.0;16.0;A01
30030;201400020055;0;7;0;0.0;9.0;1.0;1.0;B02
30031;201400020056;0;7;0;0.0;2.0;3.0;13.0;A01
30032;201400020056;0;17;0;0.0;2.0;3.0;1.0;B02
30033;201400020057;0;7;0;3.0;0.0;6.0;1.0;A01
30034;201400020057;0;7;0;13.0;0.0;9.0;1.0;C03
30035;201400020057;0;7;0;3.0;0.0;6.0;1.0;B02
30036;201400020058;0;7;0;13.0;0.0;0.0;1.0;A01
30037;201400020059;0;7;0;4.0;0.0;1.0;2.0;A01
30038;201400020060;0;10;0;11.0;0.0;8.0;21.0;A01
30039;201400020062;0;7;0;3.0;0.0;2.0;1.0;A01
30040;201400020063;0;17;0;0.0;2.0;3.0;13.0;A01
30041;201400020063;0;17;0;0.0;2.0;1.0;1.0;B02
30042;201400020064;0;7;0;4.0;0.0;3.0;1.0;A01
30043;201400020065;0;33;0;0.0;2.0;1.0;17.0;A01
30044;201400020065;0;7;0;0.0;2.0;4.0;17.0;B02
30045;201400020066;0;32;0;0.0;0.0;0.0;0.0;A01
30046;201400020067;0;17;0;0.0;0.0;6.0;1.0;B02
30047;201400020067;0;10;0;0.0;2.0;2.0;14.0;A01
30048;201400020068;0;7;0;13.0;0.0;2.0;2.0;A01
30049;201400020069;0;7;0;0.0;2.0;1.0;2.0;A01
30050;201400020069;0;7;0;3.0;0.0;2.0;0.0;B02
30051;201400020070;0;7;0;4.0;0.0;3.0;1.0;A01
30052;201400020071;0;7;0;0.0;0.0;1.0;12.0;A01
30053;201400020073;0;7;0;13.0;0.0;2.0;17.0;A01
30054;201400020074;0;10;0;0.0;1.0;7.0;21.0;A01
30055;201400020075;0;7;0;4.0;2.0;2.0;2.0;A01
30056;201400020075;0;14;0;0.0;2.0;6.0;2.0;B02
30057;201400020076;0;10;0;0.0;2.0;4.0;17.0;B02
30058;201400020076;0;10;0;0.0;2.0;3.0;1.0;A01
30059;201400020077;0;7;0;2.0;0.0;3.0;0.0;A01
30060;201400020079;0;7;0;2.0;6.0;1.0;21.0;A01
30061;201400020080;0;7;0;0.0;2.0;1.0;1.0;A01
30062;201400020080;0;7;0;0.0;2.0;3.0;15.0;B02
30063;201400020081;2;7;0;0.0;2.0;3.0;1.0;A01
30064;201400020081;0;7;0;0.0;2.0;1.0;15.0;B02
30065;201400020082;0;17;0;0.0;2.0;1.0;11.0;A01
30066;201400020082;0;7;0;0.0;2.0;8.0;1.0;B02
30067;201400020083;0;7;0;0.0;1.0;2.0;1.0;A01
30068;201400020084;0;7;0;0.0;1.0;3.0;2.0;A01
30069;201400020085;0;7;0;0.0;2.0;3.0;9.0;A01
30070;201400020085;0;31;0;0.0;2.0;7.0;1.0;B02
30071;201400020086;0;16;0;0.0;2.0;3.0;2.0;B02
30072;201400020086;0;7;0;0.0;2.0;4.0;9.0;A01
30073;201400020087;0;15;0;1.0;0.0;1.0;2.0;B02
30074;201400020087;0;7;0;0.0;0.0;4.0;1.0;A01
30075;201400020088;0;33;0;0.0;0.0;8.0;1.0;A01
30076;201400020089;0;30;0;0.0;6.0;1.0;1.0;A01
30077;201400020090;0;7;0;0.0;2.0;1.0;13.0;A01
30078;201400020090;0;7;0;0.0;2.0;1.0;1.0;D04
30079;201400020090;0;7;0;0.0;2.0;1.0;1.0;B02
30080;201400020090;0;7;0;0.0;2.0;4.0;1.0;C03