;Num_Acc;senc;catv;occutc;obs;obsm;choc;manv;num_veh
31765;201400021231;0;30;0;0.0;1.0;1.0;13.0;A01
31766;201400021232;0;7;0;0.0;1.0;2.0;1.0;A01
31767;201400021233;1;15;0;0.0;2.0;0.0;14.0;B01
31768;201400021233;0;7;0;7.0;1.0;4.0;2.0;A01
31769;201400021234;0;7;0;0.0;2.0;1.0;11.0;A01
31770;201400021234;0;7;0;0.0;2.0;1.0;0.0;B01
31771;201400021234;0;7;0;0.0;2.0;1.0;1.0;C01
31772;201400021235;0;2;0;1.0;0.0;1.0;2.0;A01
31773;201400021236;0;7;0;0.0;2.0;1.0;10.0;A01
31774;201400021236;0;31;0;0.0;2.0;8.0;1.0;B01
31775;201400021237;0;7;0;0.0;2.0;5.0;0.0;B01
31776;201400021237;0;33;0;0.0;2.0;1.0;0.0;A01
31777;201400021238;0;7;0;0.0;1.0;2.0;1.0;A01
31778;201400021239;0;7;0;0.0;1.0;3.0;1.0;A01
31779;201400021240;0;7;0;0.0;2.0;2.0;1.0;A01
31780;201400021240;0;7;0;0.0;2.0;1.0;1.0;B01
31781;201400021241;0;33;0;12.0;0.0;0.0;1.0;A01
31782;201400021242;0;7;0;0.0;1.0;1.0;0.0;A01
31783;201400021243;0;7;0;0.0;1.0;2.0;1.0;A01
31784;201400021244;0;7;0;0.0;2.0;1.0;2.0;B01
31785;201400021244;0;7;0;0.0;2.0;1.0;2.0;A01
31786;201400021245;0;7;0;0.0;1.0;3.0;15.0;A01
31787;201400021246;0;7;0;0.0;1.0;0.0;0.0;A01
31788;201400021247;0;7;0;0.0;1.0;2.0;0.0;A01
31789;201400021248;0;7;0;0.0;2.0;1.0;13.0;A01
31790;201400021248;0;7;0;0.0;2.0;1.0;0.0;B01
31791;201400021249;0;2;0;12.0;0.0;1.0;1.0;A01
31792;201400021250;0;7;0;0.0;9.0;5.0;0.0;B01
31793;201400021250;0;1;0;0.0;2.0;1.0;19.0;A01
31794;201400021251;0;7;0;0.0;1.0;2.0;0.0;A01
31795;201400021252;0;7;0;0.0;2.0;2.0;1.0;A01
31796;201400021252;0;1;0;0.0;2.0;1.0;6.0;B01
31797;201400021253;0;7;0;0.0;1.0;1.0;1.0;A01
31798;201400021254;0;7;0;0.0;1.0;2.0;1.0;A01
31799;201400021255;0;7;0;0.0;1.0;1.0;19.0;A01
31800;201400021256;0;7;0;0.0;1.0;1.0;1.0;A01
31801;201400021257;0;7;0;0.0;2.0;1.0;1.0;A01
31802;201400021257;0;7;0;0.0;2.0;6.0;1.0;B01
31803;201400021258;0;7;0;0.0;1.0;3.0;0.0;A01
31804;201400021260;0;7;0;0.0;1.0;2.0;1.0;A01
31805;201400021261;0;15;0;16.0;0.0;9.0;2.0;A01
31806;201400021263;0;7;0;0.0;0.0;1.0;9.0;A01
31807;201400021263;0;1;0;0.0;0.0;7.0;1.0;B01
31808;201400021264;0;7;0;1.0;1.0;2.0;1.0;A01
31809;201400021265;0;7;0;0.0;0.0;7.0;19.0;B01
31810;201400021265;0;7;0;0.0;0.0;1.0;15.0;A01
31811;201400021266;0;7;0;0.0;1.0;1.0;1.0;A01
31812;201400021267;0;7;0;0.0;0.0;6.0;2.0;B01
31813;201400021267;0;7;0;0.0;0.0;1.0;2.0;A01
31814;201400021268;0;7;0;0.0;1.0;7.0;1.0;A01
31815;201400021269;0;7;0;0.0;2.0;1.0;13.0;A01
31816;201400021269;0;7;0;0.0;2.0;1.0;1.0;B01
31817;201400021269;0;7;0;0.0;2.0;1.0;1.0;C01
31818;201400021271;0;99;0;0.0;2.0;3.0;0.0;A01
31819;201400021271;0;31;0;0.0;2.0;2.0;0.0;B01
31820;201400021272;0;14;0;0.0;1.0;1.0;15.0;A01
31821;201400021273;0;1;0;0.0;2.0;0.0;2.0;A01
31822;201400021273;0;7;0;0.0;0.0;5.0;0.0;B01
31823;201400021274;0;7;0;0.0;1.0;0.0;2.0;A01
31824;201400021275;0;7;0;0.0;0.0;3.0;13.0;A01
31825;201400021276;0;7;0;2.0;0.0;1.0;1.0;A01
31826;201400021277;0;31;0;0.0;2.0;1.0;2.0;A01
31827;201400021277;0;7;0;0.0;2.0;4.0;2.0;B01
31828;201400021278;0;7;0;0.0;2.0;5.0;4.0;A01
31829;201400021278;0;2;0;0.0;2.0;7.0;21.0;B01
31830;201400021280;0;7;0;0.0;2.0;2.0;6.0;A01
31831;201400021280;0;7;0;0.0;2.0;3.0;1.0;B01
31832;201400021281;0;10;0;0.0;2.0;1.0;1.0;A01
31833;201400021281;0;7;0;0.0;2.0;7.0;1.0;B01
31834;201400021282;0;1;0;0.0;1.0;1.0;18.0;A01
31835;201400021283;0;1;0;0.0;0.0;1.0;2.0;A01
31836;201400021283;0;7;0;0.0;0.0;4.0;2.0;B01
31837;201400021284;1;7;0;0.0;1.0;1.0;1.0;A01
31838;201400021285;0;7;0;0.0;0.0;5.0;17.0;A01
31839;201400021285;0;7;0;0.0;0.0;3.0;2.0;B01
31840;201400021286;0;7;0;0.0;0.0;3.0;15.0;B01
31841;201400021286;0;1;0;16.0;0.0;1.0;5.0;A01
31842;201400021287;0;7;0;0.0;2.0;1.0;15.0;A01
31843;201400021287;0;33;0;0.0;2.0;1.0;0.0;B01
31844;201400021288;0;7;0;0.0;2.0;3.0;13.0;A01
31845;201400021288;0;7;0;0.0;2.0;3.0;1.0;B01
31846;201400021289;0;15;0;0.0;0.0;6.0;1.0;B01
31847;201400021289;0;1;0;0.0;2.0;1.0;9.0;A01
31848;201400021290;0;7;0;0.0;1.0;2.0;1.0;A01
31849;201400021291;0;7;0;0.0;2.0;1.0;2.0;A01
31850;201400021291;0;7;0;0.0;2.0;4.0;2.0;B01
31851;201400021292;0;7;0;13.0;0.0;2.0;1.0;A01
31852;201400021293;0;7;0;0.0;9.0;3.0;9.0;A01
31853;201400021293;0;1;0;0.0;2.0;1.0;0.0;B01
31854;201400021294;0;7;0;3.0;0.0;1.0;2.0;A01
31855;201400021295;0;7;0;0.0;0.0;1.0;1.0;A01
31856;201400021295;0;7;0;0.0;0.0;1.0;0.0;B01
31857;201400021296;0;10;0;0.0;1.0;4.0;4.0;A01
31858;201400021297;0;7;0;0.0;1.0;3.0;1.0;A01
31859;201400021298;0;7;0;0.0;0.0;1.0;1.0;A01
31860;201400021298;0;7;0;0.0;0.0;6.0;1.0;B01
31861;201400021299;0;7;0;0.0;2.0;1.0;21.0;A01
31862;201400021299;0;7;0;0.0;0.0;8.0;19.0;B02
31863;201400021300;0;10;0;0.0;0.0;7.0;1.0;A01
31864;201400021301;0;7;0;8.0;0.0;1.0;1.0;A01
31865;201400021302;0;7;0;13.0;0.0;1.0;1.0;A01
31866;201400021303;0;7;0;0.0;0.0;9.0;0.0;A01
31867;201400021304;0;33;0;0.0;2.0;1.0;1.0;B02
31868;201400021304;0;7;0;0.0;2.0;3.0;19.0;A01
31869;201400021305;0;7;0;0.0;2.0;3.0;13.0;A01
31870;201400021305;0;7;0;0.0;2.0;8.0;1.0;B02
31871;201400021306;0;7;0;6.0;0.0;1.0;13.0;A01
31872;201400021307;0;7;0;0.0;2.0;2.0;1.0;A01
31873;201400021307;0;14;0;0.0;0.0;8.0;10.0;B02
31874;201400021308;0;7;0;13.0;0.0;7.0;14.0;A01
31875;201400021309;0;7;0;0.0;1.0;1.0;16.0;A01
31876;201400021310;0;7;0;6.0;0.0;2.0;14.0;A01
31877;201400021311;0;7;0;0.0;2.0;3.0;13.0;A01
31878;201400021311;0;10;0;0.0;2.0;3.0;1.0;B02
31879;201400021312;0;33;0;0.0;2.0;1.0;17.0;A01
31880;201400021312;0;7;0;0.0;2.0;3.0;1.0;B02
31881;201400021313;0;7;0;13.0;0.0;9.0;1.0;A01
31882;201400021314;0;7;0;0.0;2.0;1.0;1.0;A01
31883;201400021314;0;7;0;0.0;2.0;7.0;19.0;B02
31884;201400021315;0;36;0;13.0;0.0;1.0;19.0;A01
31885;201400021316;0;7;0;2.0;0.0;3.0;1.0;A01
31886;201400021317;0;7;0;13.0;0.0;9.0;1.0;A01
31887;201400021318;0;33;0;0.0;2.0;1.0;1.0;C03
31888;201400021318;0;33;0;0.0;2.0;1.0;1.0;B02
31889;201400021318;0;7;0;0.0;2.0;8.0;10.0;A01
31890;201400021318;0;7;0;0.0;2.0;8.0;1.0;D04
31891;201400021319;0;7;0;0.0;0.0;6.0;2.0;A01
31892;201400021319;0;33;0;0.0;2.0;1.0;2.0;B02
31893;201400021320;0;7;0;0.0;2.0;2.0;15.0;A01
31894;201400021320;0;2;0;0.0;2.0;1.0;1.0;B02
31895;201400021322;0;33;0;0.0;9.0;1.0;1.0;A01
31896;201400021322;0;1;0;0.0;0.0;8.0;19.0;B02
31897;201400021323;0;32;0;0.0;2.0;1.0;1.0;A01
31898;201400021323;0;7;0;0.0;2.0;2.0;1.0;B02
31899;201400021325;0;10;0;0.0;9.0;3.0;1.0;B02
31900;201400021325;0;30;0;0.0;2.0;3.0;1.0;A01
31901;201400021326;0;33;0;0.0;2.0;1.0;17.0;A01
31902;201400021326;0;7;0;0.0;2.0;3.0;15.0;B02
31903;201400021327;0;30;0;0.0;2.0;1.0;1.0;A01
31904;201400021327;0;7;0;0.0;2.0;8.0;4.0;B02
31905;201400021329;0;7;0;0.0;2.0;4.0;13.0;A01
31906;201400021329;0;30;0;0.0;2.0;1.0;1.0;B02
31907;201400021330;0;7;0;0.0;2.0;3.0;19.0;A01
31908;201400021330;0;10;0;0.0;2.0;1.0;1.0;B02
31909;201400021331;0;7;0;0.0;1.0;1.0;1.0;A01
31910;201400021332;0;7;0;0.0;1.0;1.0;1.0;A01
31911;201400021333;0;7;0;0.0;2.0;3.0;13.0;A01
31912;201400021333;0;15;0;0.0;2.0;3.0;1.0;B02
31913;201400021334;1;7;0;0.0;1.0;2.0;1.0;A01
31914;201400021335;0;30;0;0.0;2.0;7.0;1.0;A01
31915;201400021335;0;7;0;0.0;0.0;8.0;15.0;B02
31916;201400021336;0;33;0;7.0;0.0;1.0;1.0;A01
31917;201400021338;0;7;0;0.0;2.0;3.0;5.0;A01
31918;201400021338;0;7;0;0.0;2.0;1.0;1.0;B02
31919;201400021338;0;7;0;0.0;2.0;1.0;1.0;C03
31920;201400021339;0;7;0;0.0;2.0;1.0;17.0;A01
31921;201400021339;0;7;0;0.0;2.0;1.0;1.0;B02
31922;201400021340;0;7;0;0.0;1.0;2.0;1.0;A01
31923;201400021341;0;10;0;0.0;2.0;1.0;1.0;B02
31924;201400021341;0;7;0;0.0;2.0;1.0;21.0;A01
31925;201400021343;0;2;0;0.0;0.0;7.0;21.0;B02
31926;201400021343;0;10;0;0.0;0.0;2.0;15.0;A01
31927;201400021344;0;10;0;0.0;2.0;1.0;13.0;A01
31928;201400021344;0;7;0;0.0;2.0;1.0;1.0;B02
31929;201400021344;0;7;0;0.0;2.0;3.0;1.0;C03
31930;201400021346;0;7;0;0.0;0.0;9.0;0.0;A01
31931;201400021347;0;36;0;0.0;2.0;3.0;17.0;A01
31932;201400021348;0;7;0;0.0;1.0;3.0;1.0;A01
31933;201400021349;0;36;0;12.0;0.0;7.0;1.0;A01
31934;201400021350;0;14;0;0.0;1.0;0.0;0.0;A01
31935;201400021351;0;7;0;0.0;2.0;1.0;14.0;A01
31936;201400021351;0;17;0;0.0;2.0;4.0;24.0;B02
31937;201400021352;0;7;0;0.0;2.0;2.0;1.0;A01
31938;201400021352;0;7;0;0.0;2.0;3.0;16.0;B02
31939;201400021353;0;7;0;13.0;0.0;2.0;1.0;A01
31940;201400021354;0;7;0;0.0;1.0;7.0;1.0;A01
31941;201400021355;0;33;0;0.0;0.0;0.0;1.0;A01
31942;201400021357;0;7;0;0.0;0.0;0.0;1.0;A01
31943;201400021358;0;10;0;0.0;2.0;3.0;13.0;A01
31944;201400021358;0;7;0;0.0;2.0;3.0;1.0;B02
31945;201400021359;0;7;0;0.0;0.0;3.0;0.0;B02
31946;201400021359;0;34;0;0.0;0.0;7.0;0.0;A01
31947;201400021360;0;7;0;0.0;1.0;1.0;0.0;A01
31948;201400021361;0;7;0;0.0;1.0;2.0;16.0;A01
31949;201400021363;0;7;0;8.0;0.0;4.0;1.0;A01
31950;201400021363;1;7;0;0.0;0.0;;;Z01
31951;201400021364;0;7;0;0.0;0.0;1.0;1.0;A01
31952;201400021365;0;3;0;0.0;2.0;1.0;11.0;A01
31953;201400021365;0;2;0;0.0;2.0;1.0;1.0;B01
31954;201400021367;0;7;0;0.0;2.0;7.0;19.0;A01
31955;201400021367;0;16;0;0.0;2.0;3.0;1.0;B01
31956;201400021368;0;32;0;0.0;0.0;0.0;1.0;A01
31957;201400021368;1;7;0;0.0;0.0;0.0;15.0;Z01
31958;201400021369;0;17;0;6.0;0.0;1.0;1.0;A01
31959;201400021370;0;1;0;0.0;2.0;1.0;15.0;B01
31960;201400021370;0;7;0;0.0;1.0;3.0;15.0;A01
31961;201400021371;0;7;0;0.0;9.0;1.0;1.0;A01
31962;201400021371;0;1;0;0.0;2.0;7.0;1.0;B01
31963;201400021372;0;7;0;0.0;2.0;2.0;15.0;A01
31964;201400021372;0;2;0;0.0;2.0;1.0;17.0;B01
31965;201400021373;0;1;0;0.0;0.0;7.0;1.0;B01
31966;201400021373;0;7;0;0.0;2.0;1.0;1.0;A01
31967;201400021374;0;7;0;0.0;9.0;3.0;0.0;A01
31968;201400021374;0;1;0;0.0;2.0;7.0;1.0;B01
31969;201400021376;0;7;0;0.0;2.0;1.0;0.0;A01
31970;201400021376;0;7;0;0.0;0.0;4.0;1.0;B01
31971;201400021378;0;7;0;0.0;9.0;3.0;2.0;A01
31972;201400021378;0;1;0;0.0;2.0;2.0;1.0;B01
31973;201400021379;0;7;0;0.0;2.0;2.0;1.0;A01
31974;201400021379;0;7;0;0.0;2.0;3.0;16.0;B01
31975;201400021380;0;7;0;0.0;2.0;2.0;15.0;A01
31976;201400021380;0;1;0;0.0;2.0;1.0;1.0;B01
31977;201400021381;0;7;0;0.0;2.0;1.0;15.0;A01
31978;201400021381;0;31;0;0.0;2.0;7.0;1.0;B01
31979;201400021383;0;31;0;0.0;2.0;1.0;2.0;A01
31980;201400021383;0;7;0;0.0;0.0;4.0;2.0;B01
31981;201400021384;0;7;0;0.0;2.0;1.0;15.0;A01
31982;201400021384;0;31;0;0.0;2.0;1.0;1.0;B01
31983;201400021385;0;7;0;0.0;2.0;3.0;2.0;A01
31984;201400021385;0;30;0;0.0;2.0;1.0;2.0;B01
31985;201400021386;0;7;0;0.0;1.0;2.0;17.0;A01
31986;201400021387;0;1;0;0.0;2.0;2.0;15.0;B01
31987;201400021387;0;7;0;0.0;0.0;3.0;15.0;A01
31988;201400021388;0;7;0;0.0;1.0;1.0;1.0;A01
31989;201400021390;0;7;0;0.0;2.0;0.0;15.0;A01
31990;201400021390;0;30;0;0.0;2.0;7.0;1.0;B01
31991;201400021393;0;10;0;0.0;1.0;0.0;0.0;A01
31992;201400021394;0;7;0;1.0;2.0;0.0;0.0;A01
31993;201400021394;0;7;0;0.0;2.0;0.0;0.0;B01
31994;201400021395;0;7;0;0.0;2.0;1.0;1.0;A01
31995;201400021395;0;7;0;0.0;2.0;1.0;1.0;B01
31996;201400021396;0;7;0;0.0;2.0;1.0;1.0;A01
31997;201400021396;0;7;0;0.0;2.0;4.0;23.0;B01
31998;201400021396;0;7;0;0.0;0.0;4.0;23.0;C01
31999;201400021397;0;7;0;0.0;2.0;0.0;0.0;A01
32000;201400021397;0;7;0;0.0;2.0;0.0;0.0;B01
32001;201400021398;0;7;0;0.0;2.0;1.0;13.0;A01
32002;201400021398;0;7;0;0.0;0.0;1.0;1.0;B01
32003;201400021399;0;7;0;0.0;1.0;3.0;15.0;A01
32004;201400021400;0;7;0;0.0;2.0;3.0;1.0;A01
32005;201400021400;0;7;0;0.0;2.0;2.0;15.0;B01
32006;201400021401;0;7;0;0.0;2.0;2.0;1.0;A01
32007;201400021401;0;7;0;0.0;0.0;5.0;23.0;B01
32008;201400021402;0;7;0;0.0;0.0;4.0;23.0;B01
32009;201400021402;0;7;0;0.0;2.0;1.0;1.0;A01
32010;201400021403;0;10;0;0.0;2.0;3.0;10.0;A01
32011;201400021403;0;7;0;0.0;2.0;7.0;17.0;B01
32012;201400021404;0;1;0;0.0;2.0;3.0;19.0;A01
32013;201400021404;0;7;0;0.0;2.0;2.0;1.0;B01
32014;201400021405;0;7;0;0.0;1.0;1.0;1.0;A01
32015;201400021406;0;7;0;0.0;2.0;1.0;1.0;B01
32016;201400021406;0;7;0;0.0;2.0;7.0;9.0;A01
32017;201400021407;0;30;0;0.0;2.0;1.0;1.0;A01
32018;201400021407;0;10;0;0.0;0.0;4.0;23.0;B01
32019;201400021408;0;7;0;0.0;9.0;3.0;22.0;A01
32020;201400021408;0;1;0;1.0;2.0;0.0;1.0;B01
32021;201400021410;0;7;0;0.0;2.0;1.0;1.0;A01
32022;201400021410;0;7;0;0.0;0.0;4.0;23.0;B01
32023;201400021411;0;7;0;0.0;2.0;1.0;2.0;A01
32024;201400021411;0;7;0;0.0;2.0;4.0;2.0;B01
32025;201400021413;0;33;0;0.0;2.0;1.0;1.0;B01
32026;201400021413;0;1;0;0.0;2.0;7.0;19.0;A01
32027;201400021414;0;7;0;0.0;1.0;1.0;9.0;A01
32028;201400021415;0;7;0;0.0;2.0;1.0;0.0;A01
32029;201400021415;0;7;0;0.0;2.0;1.0;0.0;B01
32030;201400021416;0;7;0;0.0;2.0;2.0;19.0;A01
32031;201400021416;0;2;0;0.0;2.0;1.0;0.0;B01
32032;201400021417;0;7;0;0.0;2.0;1.0;1.0;A01
32033;201400021417;0;7;0;0.0;0.0;4.0;23.0;B01
32034;201400021418;0;7;0;0.0;2.0;1.0;9.0;A01
32035;201400021418;0;1;0;0.0;2.0;1.0;0.0;B01
32036;201400021419;0;7;0;0.0;2.0;5.0;19.0;A01
32037;201400021419;0;33;0;0.0;2.0;1.0;0.0;B01
32038;201400021420;0;7;0;0.0;2.0;3.0;0.0;A01
32039;201400021420;0;30;0;0.0;2.0;1.0;0.0;B01
32040;201400021421;0;7;0;0.0;2.0;1.0;1.0;A01
32041;201400021421;0;7;0;0.0;2.0;4.0;23.0;B01
32042;201400021422;0;7;0;0.0;2.0;3.0;13.0;A01
32043;201400021422;0;7;0;0.0;0.0;3.0;1.0;B01
32044;201400021423;0;7;0;0.0;2.0;1.0;1.0;B01
32045;201400021423;0;7;0;0.0;2.0;1.0;19.0;A01
32046;201400021424;0;33;0;0.0;1.0;1.0;17.0;A01
32047;201400021426;0;1;0;0.0;2.0;1.0;0.0;B01
32048;201400021426;0;7;0;0.0;2.0;3.0;0.0;A01
32049;201400021427;0;1;0;0.0;2.0;1.0;13.0;A01
32050;201400021427;0;7;0;0.0;2.0;3.0;0.0;B01
32051;201400021428;0;3;0;0.0;2.0;1.0;0.0;A01
32052;201400021428;0;7;0;0.0;2.0;1.0;0.0;B01
32053;201400021429;0;7;0;0.0;1.0;7.0;1.0;A01
32054;201400021430;0;7;0;0.0;2.0;3.0;9.0;A01
32055;201400021430;0;1;0;0.0;2.0;2.0;1.0;B02
32056;201400021431;0;7;0;0.0;2.0;2.0;15.0;A01
32057;201400021431;0;7;0;0.0;2.0;1.0;0.0;B01
32058;201400021432;0;7;0;0.0;2.0;1.0;1.0;A01
32059;201400021432;0;10;0;0.0;2.0;4.0;23.0;B01
32060;201400021432;0;10;0;0.0;0.0;4.0;1.0;C01
32061;201400021433;0;7;0;0.0;2.0;1.0;1.0;A01
32062;201400021433;0;7;0;0.0;2.0;4.0;23.0;B01
32063;201400021433;0;7;0;0.0;0.0;4.0;23.0;C01
32064;201400021434;0;7;0;0.0;1.0;1.0;15.0;A01
32065;201400021435;0;7;0;0.0;2.0;1.0;0.0;B01
32066;201400021435;0;33;0;0.0;2.0;3.0;0.0;A01
32067;201400021436;0;7;0;15.0;0.0;1.0;14.0;A01
32068;201400021437;0;7;0;0.0;2.0;2.0;9.0;A01
32069;201400021437;0;1;0;0.0;2.0;4.0;1.0;B01
32070;201400021438;0;7;0;0.0;2.0;1.0;1.0;A01
32071;201400021438;0;7;0;0.0;0.0;4.0;23.0;B01
32072;201400021439;0;7;0;0.0;2.0;2.0;15.0;A01
32073;201400021439;0;7;0;0.0;2.0;1.0;1.0;B01
32074;201400021442;0;7;0;0.0;2.0;4.0;20.0;A01
32075;201400021442;0;7;0;0.0;2.0;3.0;1.0;B01
32076;201400021443;0;7;0;0.0;2.0;1.0;0.0;B01
32077;201400021443;0;31;0;0.0;2.0;2.0;0.0;A01
32078;201400021444;0;7;0;0.0;0.0;6.0;0.0;B01
32079;201400021444;0;30;0;0.0;2.0;1.0;2.0;A01
32080;201400021445;0;7;0;0.0;0.0;4.0;0.0;B01
32081;201400021445;0;7;0;0.0;2.0;1.0;0.0;A01
32082;201400021446;0;7;0;0.0;2.0;3.0;13.0;A01
32083;201400021446;0;7;0;0.0;2.0;3.0;1.0;B01
32084;201400021447;0;7;0;0.0;2.0;3.0;0.0;A01
32085;201400021447;0;1;0;0.0;2.0;8.0;0.0;B01
32086;201400021448;0;7;0;0.0;2.0;1.0;15.0;B01
32087;201400021448;0;2;0;0.0;2.0;3.0;9.0;A01
32088;201400021449;0;7;0;0.0;2.0;6.0;10.0;A01
32089;201400021449;0;2;0;0.0;2.0;2.0;17.0;B01
32090;201400021450;0;7;0;0.0;2.0;1.0;0.0;B01
32091;201400021450;0;7;0;0.0;2.0;7.0;0.0;A01
32092;201400021451;0;1;0;0.0;2.0;7.0;1.0;B01
32093;201400021451;0;7;0;0.0;2.0;1.0;9.0;A01
32094;201400021453;0;7;0;0.0;2.0;3.0;10.0;A01
32095;201400021453;0;2;0;0.0;2.0;2.0;17.0;B01
32096;201400021454;0;30;0;0.0;2.0;1.0;0.0;B01
32097;201400021454;0;7;0;0.0;2.0;0.0;0.0;A01
32098;201400021455;0;7;0;0.0;2.0;1.0;9.0;A01
32099;201400021455;0;7;0;0.0;2.0;7.0;1.0;B01
32100;201400021456;0;7;0;0.0;2.0;1.0;1.0;A01
32101;201400021456;0;7;0;0.0;2.0;1.0;23.0;B01
32102;201400021456;0;7;0;0.0;0.0;4.0;23.0;C01
32103;201400021457;0;7;0;0.0;2.0;2.0;0.0;B01
32104;201400021457;0;7;0;0.0;2.0;3.0;0.0;A01
32105;201400021458;0;7;0;1.0;0.0;3.0;13.0;A01
32106;201400021459;0;7;0;0.0;2.0;8.0;15.0;A01
32107;201400021459;0;2;0;0.0;2.0;2.0;17.0;B01
32108;201400021460;0;7;0;0.0;2.0;2.0;1.0;A01
32109;201400021460;0;7;0;0.0;0.0;5.0;16.0;B01
32110;201400021461;0;7;0;0.0;2.0;2.0;13.0;A01
32111;201400021461;0;7;0;0.0;2.0;6.0;1.0;B01
32112;201400021462;0;7;0;0.0;2.0;1.0;0.0;B01
32113;201400021462;0;7;0;0.0;2.0;8.0;5.0;A01
32114;201400021463;0;7;0;0.0;2.0;1.0;0.0;B01
32115;201400021463;0;7;0;0.0;2.0;3.0;0.0;A01
32116;201400021464;0;7;0;0.0;1.0;2.0;0.0;A01
32117;201400021465;0;7;0;0.0;2.0;3.0;1.0;A01
32118;201400021465;0;7;0;0.0;0.0;5.0;23.0;B01
32119;201400021466;0;2;0;0.0;2.0;6.0;0.0;A01
32120;201400021466;0;10;0;0.0;2.0;8.0;0.0;B01
32121;201400021467;0;7;0;0.0;2.0;8.0;1.0;B01
32122;201400021467;0;1;0;0.0;2.0;7.0;19.0;A01
32123;201400021468;0;7;0;0.0;2.0;3.0;13.0;A01
32124;201400021468;0;7;0;0.0;2.0;3.0;1.0;B01
32125;201400021469;0;7;0;0.0;1.0;1.0;1.0;A01
32126;201400021470;0;2;0;0.0;2.0;1.0;2.0;A01
32127;201400021470;0;7;0;0.0;2.0;4.0;2.0;B01
32128;201400021471;0;7;0;0.0;1.0;1.0;1.0;A01
32129;201400021472;0;7;0;0.0;2.0;8.0;9.0;A01
32130;201400021472;0;30;0;0.0;2.0;1.0;1.0;B01
32131;201400021473;0;7;0;0.0;2.0;3.0;9.0;A01
32132;201400021473;0;1;0;0.0;2.0;2.0;1.0;B01
32133;201400021474;0;2;0;0.0;2.0;1.0;0.0;B01
32134;201400021474;0;7;0;0.0;2.0;3.0;0.0;A01
32135;201400021475;0;7;0;0.0;2.0;1.0;1.0;A01
32136;201400021475;0;7;0;0.0;0.0;4.0;23.0;B01
32137;201400021476;0;30;0;0.0;1.0;1.0;17.0;A01
32138;201400021477;0;7;0;0.0;2.0;7.0;2.0;A01
32139;201400021477;0;1;0;0.0;0.0;8.0;2.0;B01
32140;201400021478;0;7;0;0.0;1.0;0.0;0.0;A01
32141;201400021479;0;33;0;0.0;2.0;1.0;1.0;B01
32142;201400021479;0;7;0;0.0;2.0;8.0;19.0;A01
32143;201400021480;0;30;0;0.0;2.0;1.0;0.0;B01
32144;201400021480;0;7;0;0.0;2.0;8.0;0.0;A01
32145;201400021481;0;7;0;0.0;2.0;3.0;2.0;A01
32146;201400021481;0;1;0;0.0;2.0;2.0;19.0;B01
32147;201400021483;0;7;0;0.0;2.0;1.0;21.0;A01
32148;201400021483;0;30;0;0.0;2.0;1.0;15.0;B01
32149;201400021484;0;10;0;0.0;1.0;1.0;1.0;A01
32150;201400021485;0;7;0;0.0;2.0;3.0;10.0;A01
32151;201400021485;0;33;0;0.0;2.0;1.0;2.0;B01
32152;201400021486;0;7;0;0.0;1.0;1.0;0.0;A01
32153;201400021487;0;7;0;0.0;2.0;1.0;0.0;A01
32154;201400021487;0;1;0;0.0;2.0;0.0;0.0;B01
32155;201400021488;0;7;0;11.0;0.0;1.0;2.0;A01
32156;201400021489;0;7;0;0.0;0.0;1.0;1.0;A01
32157;201400021490;0;7;0;0.0;1.0;2.0;2.0;A01
32158;201400021491;0;1;0;0.0;1.0;0.0;0.0;A01
32159;201400021492;0;7;0;0.0;2.0;8.0;19.0;A01
32160;201400021492;0;2;0;0.0;2.0;1.0;2.0;B01
32161;201400021493;0;7;0;0.0;1.0;3.0;2.0;A01
32162;201400021494;0;7;0;0.0;1.0;1.0;1.0;A01
32163;201400021495;0;7;0;0.0;2.0;1.0;9.0;B01
32164;201400021495;1;7;0;0.0;2.0;1.0;5.0;Z01
32165;201400021496;0;7;0;0.0;1.0;7.0;1.0;A01
32166;201400021497;0;10;0;0.0;0.0;5.0;9.0;A01
32167;201400021497;0;33;0;0.0;2.0;1.0;2.0;B01
32168;201400021498;0;7;0;0.0;1.0;1.0;1.0;A01
32169;201400021499;0;7;0;6.0;0.0;1.0;2.0;A01
32170;201400021500;0;33;0;12.0;0.0;9.0;1.0;A01
32171;201400021501;0;7;0;0.0;2.0;8.0;2.0;A01
32172;201400021501;0;7;0;0.0;2.0;1.0;2.0;B01
32173;201400021504;0;7;0;0.0;2.0;9.0;1.0;A01
32174;201400021504;0;33;0;0.0;2.0;1.0;1.0;B01
32175;201400021505;0;7;0;0.0;2.0;2.0;2.0;A01
32176;201400021505;0;7;0;0.0;2.0;4.0;11.0;B01
32177;201400021505;0;1;0;0.0;9.0;0.0;2.0;C01
32178;201400021507;0;7;0;12.0;1.0;0.0;16.0;A01
32179;201400021508;0;7;0;0.0;2.0;2.0;2.0;A01
32180;201400021508;0;10;0;13.0;0.0;4.0;2.0;B01
32181;201400021509;0;33;0;0.0;2.0;7.0;17.0;A01
32182;201400021509;0;10;0;0.0;2.0;3.0;0.0;B01
32183;201400021510;1;7;0;0.0;1.0;4.0;2.0;Z01
32184;201400021510;0;7;0;0.0;2.0;1.0;2.0;A01
32185;201400021511;0;32;0;0.0;2.0;0.0;1.0;B01
32186;201400021511;0;7;0;0.0;2.0;0.0;9.0;A01