;Num_Acc;senc;catv;occutc;obs;obsm;choc;manv;num_veh
33030;201400022097;0;7;0;0.0;2.0;3.0;0.0;A01
33031;201400022097;0;7;0;0.0;2.0;1.0;1.0;B02
33032;201400022098;0;30;0;0.0;1.0;1.0;1.0;A01
33033;201400022099;0;30;0;8.0;0.0;7.0;1.0;A01
33034;201400022100;0;7;0;0.0;1.0;2.0;21.0;A01
33035;201400022102;0;30;0;0.0;2.0;1.0;2.0;B02
33036;201400022102;0;7;0;0.0;0.0;8.0;10.0;A01
33037;201400022104;0;31;0;5.0;0.0;3.0;1.0;A01
33038;201400022105;0;7;0;0.0;2.0;3.0;1.0;B02
33039;201400022105;0;35;0;0.0;2.0;3.0;13.0;A01
33040;201400022106;0;7;0;2.0;0.0;2.0;1.0;A01
33041;201400022107;0;7;0;6.0;0.0;1.0;1.0;A01
33042;201400022108;0;1;0;0.0;2.0;3.0;19.0;A01
33043;201400022108;0;7;0;0.0;2.0;2.0;1.0;B02
33044;201400022109;0;7;0;0.0;2.0;3.0;13.0;A01
33045;201400022109;0;10;0;0.0;2.0;3.0;1.0;B02
33046;201400022110;0;7;0;2.0;0.0;7.0;1.0;A01
33047;201400022111;0;10;0;2.0;0.0;1.0;1.0;A01
33048;201400022112;0;33;0;0.0;2.0;1.0;5.0;B02
33049;201400022112;0;7;0;0.0;2.0;3.0;15.0;A01
33050;201400022113;0;1;0;0.0;2.0;1.0;5.0;B02
33051;201400022113;0;1;0;0.0;2.0;1.0;1.0;A01
33052;201400022114;0;7;0;0.0;2.0;2.0;2.0;A01
33053;201400022114;0;1;0;0.0;2.0;4.0;2.0;B02
33054;201400022115;0;2;0;0.0;2.0;8.0;15.0;B02
33055;201400022115;0;7;0;0.0;2.0;2.0;17.0;A01
33056;201400022116;0;2;0;0.0;2.0;1.0;1.0;A01
33057;201400022116;0;7;0;0.0;2.0;4.0;15.0;B02
33058;201400022117;0;33;0;0.0;2.0;2.0;17.0;A01
33059;201400022117;0;7;0;0.0;0.0;6.0;13.0;B02
33060;201400022118;0;7;0;0.0;2.0;2.0;1.0;A01
33061;201400022118;0;1;0;0.0;2.0;8.0;19.0;B02
33062;201400022119;0;33;0;0.0;2.0;1.0;2.0;B02
33063;201400022119;0;7;0;0.0;2.0;4.0;2.0;A01
33064;201400022120;0;7;0;0.0;1.0;1.0;1.0;A01
33065;201400022121;0;30;0;0.0;2.0;8.0;1.0;B02
33066;201400022121;0;13;0;1.0;2.0;6.0;18.0;A01
33067;201400022123;0;1;0;0.0;2.0;3.0;15.0;B02
33068;201400022123;0;7;0;0.0;2.0;5.0;17.0;A01
33069;201400022124;0;33;0;14.0;0.0;1.0;0.0;A01
33070;201400022125;0;7;0;0.0;2.0;3.0;15.0;A01
33071;201400022125;0;7;0;0.0;2.0;3.0;1.0;B01
33072;201400022126;0;7;0;1.0;0.0;3.0;1.0;A01
33073;201400022127;0;7;0;0.0;2.0;7.0;17.0;A01
33074;201400022127;0;30;0;0.0;2.0;1.0;1.0;B01
33075;201400022128;0;7;0;0.0;2.0;2.0;1.0;B01
33076;201400022128;0;7;0;0.0;2.0;3.0;19.0;A01
33077;201400022130;0;7;0;0.0;2.0;1.0;1.0;A01
33078;201400022130;0;7;0;0.0;0.0;4.0;23.0;B01
33079;201400022131;0;7;0;0.0;1.0;1.0;2.0;A01
33080;201400022132;0;3;0;1.0;0.0;1.0;1.0;A01
33081;201400022133;1;7;0;0.0;1.0;1.0;0.0;A01
33082;201400022135;0;7;0;0.0;2.0;2.0;9.0;A01
33083;201400022135;0;1;0;0.0;2.0;1.0;15.0;B01
33084;201400022137;0;7;0;0.0;1.0;3.0;1.0;A01
33085;201400022138;0;7;0;0.0;2.0;1.0;1.0;B01
33086;201400022138;0;7;0;0.0;2.0;3.0;1.0;A01
33087;201400022139;0;7;0;0.0;2.0;8.0;9.0;A01
33088;201400022139;0;2;0;0.0;2.0;1.0;1.0;B01
33089;201400022140;0;7;0;0.0;1.0;3.0;1.0;A01
33090;201400022141;0;1;0;15.0;0.0;0.0;0.0;A01
33091;201400022142;0;7;0;0.0;2.0;1.0;1.0;A01
33092;201400022142;0;7;0;0.0;2.0;4.0;23.0;B01
33093;201400022143;0;7;0;0.0;1.0;2.0;16.0;A01
33094;201400022144;0;7;0;0.0;2.0;1.0;1.0;A01
33095;201400022144;0;7;0;0.0;2.0;4.0;23.0;B01
33096;201400022144;0;7;0;0.0;0.0;4.0;23.0;C01
33097;201400022145;0;7;0;0.0;2.0;1.0;1.0;A01
33098;201400022145;0;7;0;0.0;2.0;4.0;23.0;B01
33099;201400022145;1;7;0;0.0;0.0;4.0;23.0;Z01
33100;201400022146;0;1;0;0.0;2.0;1.0;1.0;B01
33101;201400022146;0;7;0;0.0;9.0;3.0;9.0;A01
33102;201400022147;0;33;0;1.0;0.0;1.0;1.0;A01
33103;201400022148;0;7;0;0.0;1.0;2.0;1.0;A01
33104;201400022149;0;7;0;0.0;2.0;4.0;2.0;A01
33105;201400022149;0;7;0;0.0;2.0;4.0;0.0;B01
33106;201400022150;0;30;0;0.0;2.0;1.0;1.0;A01
33107;201400022150;0;7;0;0.0;2.0;2.0;15.0;B01
33108;201400022151;0;33;0;0.0;2.0;1.0;13.0;A01
33109;201400022151;0;7;0;0.0;2.0;1.0;1.0;B01
33110;201400022152;0;7;0;0.0;2.0;3.0;6.0;A01
33111;201400022152;0;30;0;0.0;2.0;8.0;1.0;B01
33112;201400022153;0;7;0;0.0;2.0;1.0;15.0;A01
33113;201400022153;0;30;0;0.0;2.0;8.0;1.0;B01
33114;201400022154;0;7;0;0.0;2.0;1.0;1.0;A01
33115;201400022154;0;7;0;0.0;2.0;4.0;23.0;C01
33116;201400022154;0;7;0;0.0;2.0;4.0;23.0;B01
33117;201400022155;0;2;0;0.0;2.0;1.0;7.0;A01
33118;201400022155;0;7;0;0.0;2.0;6.0;15.0;B01
33119;201400022156;0;7;0;0.0;2.0;3.0;1.0;B01
33120;201400022156;0;7;0;0.0;2.0;8.0;1.0;C01
33121;201400022156;0;7;0;0.0;2.0;2.0;9.0;A01
33122;201400022157;0;7;0;0.0;2.0;1.0;1.0;B01
33123;201400022157;0;7;0;0.0;2.0;8.0;10.0;A01
33124;201400022158;0;7;0;0.0;1.0;1.0;16.0;A01
33125;201400022159;1;7;0;0.0;0.0;0.0;19.0;Z01
33126;201400022159;0;32;0;0.0;0.0;0.0;0.0;A01
33127;201400022160;0;7;0;0.0;2.0;8.0;15.0;A01
33128;201400022160;0;33;0;0.0;2.0;2.0;2.0;B01
33129;201400022161;0;33;0;0.0;2.0;1.0;1.0;B01
33130;201400022161;0;7;0;0.0;2.0;2.0;15.0;A01
33131;201400022162;0;3;0;1.0;0.0;2.0;1.0;A01
33132;201400022163;0;7;0;0.0;2.0;2.0;16.0;A01
33133;201400022163;0;7;0;0.0;2.0;3.0;1.0;B01
33134;201400022164;0;30;0;0.0;2.0;1.0;1.0;A01
33135;201400022164;0;7;0;0.0;2.0;2.0;16.0;B01
33136;201400022165;0;7;0;0.0;1.0;7.0;1.0;A01
33137;201400022166;0;7;0;0.0;1.0;1.0;1.0;A01
33138;201400022167;0;7;0;0.0;2.0;3.0;16.0;A01
33139;201400022167;0;30;0;0.0;0.0;7.0;1.0;B01
33140;201400022168;0;31;0;0.0;2.0;0.0;9.0;A01
33141;201400022168;0;7;0;0.0;0.0;0.0;1.0;B01
33142;201400022169;0;7;0;0.0;2.0;3.0;15.0;A01
33143;201400022169;0;33;0;0.0;2.0;7.0;2.0;B01
33144;201400022170;0;7;0;8.0;1.0;4.0;4.0;A01
33145;201400022171;0;7;0;0.0;2.0;8.0;15.0;B01
33146;201400022171;0;33;0;0.0;2.0;1.0;17.0;A01
33147;201400022172;0;7;0;0.0;1.0;3.0;1.0;A01
33148;201400022173;0;33;0;0.0;2.0;1.0;1.0;B01
33149;201400022173;0;7;0;0.0;2.0;2.0;15.0;A01
33150;201400022174;0;30;0;0.0;2.0;2.0;5.0;A01
33151;201400022174;0;7;0;0.0;2.0;2.0;1.0;B01
33152;201400022175;0;7;0;0.0;2.0;4.0;23.0;B01
33153;201400022175;0;7;0;1.0;2.0;1.0;1.0;A01
33154;201400022176;0;30;0;0.0;2.0;8.0;1.0;A01
33155;201400022176;0;13;0;0.0;2.0;1.0;1.0;B01
33156;201400022177;0;1;0;0.0;1.0;1.0;1.0;A01
33157;201400022178;0;33;0;0.0;2.0;1.0;17.0;A01
33158;201400022178;0;7;0;0.0;2.0;3.0;15.0;B01
33159;201400022179;0;7;0;0.0;2.0;3.0;9.0;A01
33160;201400022179;0;30;0;0.0;2.0;7.0;1.0;B01
33161;201400022180;0;10;0;0.0;1.0;4.0;4.0;A01
33162;201400022181;0;37;1;0.0;2.0;7.0;1.0;B01
33163;201400022181;0;7;0;0.0;2.0;0.0;1.0;A01
33164;201400022183;0;7;0;1.0;0.0;7.0;1.0;A01
33165;201400022184;0;7;0;0.0;4.0;8.0;15.0;A01
33166;201400022184;0;40;0;15.0;2.0;1.0;1.0;B01
33167;201400022185;0;7;0;0.0;2.0;3.0;1.0;B01
33168;201400022185;0;1;0;0.0;2.0;1.0;1.0;A01
33169;201400022186;0;1;0;0.0;2.0;1.0;1.0;B01
33170;201400022186;0;7;0;0.0;2.0;5.0;15.0;A01
33171;201400022187;0;7;0;0.0;1.0;4.0;20.0;A01
33172;201400022188;0;7;0;15.0;2.0;1.0;21.0;A01
33173;201400022188;1;7;0;0.0;0.0;0.0;0.0;B01
33174;201400022189;0;1;0;0.0;2.0;1.0;5.0;A01
33175;201400022189;0;7;0;0.0;2.0;3.0;1.0;B01
33176;201400022190;0;33;0;15.0;0.0;1.0;1.0;A01
33177;201400022191;0;7;0;0.0;1.0;1.0;1.0;A01
33178;201400022192;0;7;0;0.0;2.0;1.0;2.0;A01
33179;201400022192;0;7;0;0.0;2.0;1.0;2.0;B01
33180;201400022193;0;1;0;0.0;2.0;1.0;9.0;B01
33181;201400022193;0;7;0;0.0;2.0;1.0;9.0;A01
33182;201400022194;0;30;0;0.0;2.0;1.0;1.0;A01
33183;201400022194;0;7;0;0.0;2.0;2.0;1.0;B01
33184;201400022195;0;7;0;0.0;2.0;8.0;1.0;A01
33185;201400022195;0;10;0;0.0;2.0;2.0;1.0;B01
33186;201400022196;0;7;0;0.0;2.0;8.0;15.0;A01
33187;201400022196;0;33;0;0.0;2.0;1.0;17.0;B01
33188;201400022198;0;7;0;0.0;2.0;3.0;1.0;B01
33189;201400022198;0;7;0;0.0;2.0;2.0;1.0;A01
33190;201400022199;0;7;0;0.0;2.0;1.0;1.0;A01
33191;201400022199;0;7;0;0.0;2.0;6.0;1.0;B01
33192;201400022200;0;7;0;0.0;2.0;6.0;13.0;A01
33193;201400022200;0;7;0;0.0;2.0;6.0;1.0;B01
33194;201400022202;0;30;0;0.0;1.0;1.0;1.0;A01
33195;201400022203;0;7;0;0.0;2.0;8.0;1.0;A01
33196;201400022203;0;7;0;0.0;2.0;2.0;20.0;B01
33197;201400022204;0;7;0;0.0;2.0;3.0;9.0;A01
33198;201400022204;0;33;0;0.0;2.0;7.0;15.0;B01
33199;201400022205;0;32;0;0.0;2.0;1.0;16.0;B01
33200;201400022205;0;7;0;0.0;2.0;2.0;1.0;A01
33201;201400022206;0;7;0;0.0;2.0;3.0;12.0;A01
33202;201400022206;0;7;0;0.0;0.0;5.0;12.0;B01
33203;201400022207;0;7;0;0.0;1.0;1.0;1.0;A01
33204;201400022208;0;1;0;0.0;2.0;1.0;0.0;A01
33205;201400022208;0;7;0;0.0;2.0;2.0;16.0;B01
33206;201400022209;0;7;0;0.0;2.0;1.0;1.0;A01
33207;201400022209;0;33;0;0.0;0.0;4.0;23.0;B01
33208;201400022210;0;32;0;0.0;2.0;1.0;1.0;A01
33209;201400022210;0;7;0;0.0;2.0;2.0;15.0;B01
33210;201400022211;0;2;0;0.0;2.0;1.0;1.0;A01
33211;201400022211;0;7;0;0.0;2.0;2.0;16.0;B01
33212;201400022212;0;7;0;0.0;2.0;1.0;23.0;A01
33213;201400022212;0;2;0;0.0;2.0;8.0;9.0;B01
33214;201400022213;0;7;0;0.0;2.0;1.0;13.0;A01
33215;201400022213;0;7;0;0.0;2.0;3.0;1.0;B01
33216;201400022214;0;31;0;0.0;2.0;1.0;1.0;A01
33217;201400022214;0;7;0;0.0;0.0;4.0;2.0;B01
33218;201400022215;0;7;0;0.0;0.0;5.0;2.0;B01
33219;201400022215;0;7;0;0.0;2.0;1.0;2.0;A01
33220;201400022216;0;7;0;0.0;1.0;1.0;0.0;A01
33221;201400022217;0;7;0;0.0;2.0;3.0;15.0;A01
33222;201400022217;0;33;0;0.0;2.0;8.0;1.0;B01
33223;201400022218;0;7;0;0.0;2.0;4.0;4.0;A01
33224;201400022218;0;30;0;0.0;2.0;1.0;14.0;B01
33225;201400022219;0;33;0;0.0;2.0;8.0;7.0;A01
33226;201400022219;0;7;0;0.0;2.0;7.0;16.0;B01
33227;201400022220;0;1;0;0.0;2.0;2.0;1.0;B01
33228;201400022220;0;7;0;0.0;2.0;3.0;9.0;A01
33229;201400022221;0;7;0;0.0;1.0;1.0;1.0;A01
33230;201400022222;0;1;0;0.0;2.0;1.0;1.0;B01
33231;201400022222;0;7;0;0.0;2.0;8.0;9.0;A01
33232;201400022223;0;30;0;0.0;2.0;1.0;2.0;A01
33233;201400022223;0;10;0;0.0;2.0;4.0;1.0;B01
33234;201400022224;0;33;0;0.0;2.0;1.0;1.0;A01
33235;201400022224;0;7;0;0.0;2.0;5.0;15.0;B01
33236;201400022225;0;7;0;0.0;2.0;2.0;1.0;A01
33237;201400022225;0;30;0;0.0;2.0;1.0;1.0;B01
33238;201400022226;0;7;0;0.0;0.0;0.0;13.0;B01
33239;201400022226;0;2;0;0.0;2.0;2.0;16.0;A01
33240;201400022227;0;3;0;0.0;2.0;1.0;1.0;A01
33241;201400022227;0;7;0;0.0;0.0;0.0;0.0;B01
33242;201400022229;0;37;1;0.0;1.0;7.0;16.0;A01
33243;201400022231;0;7;0;0.0;2.0;1.0;2.0;A01
33244;201400022231;0;7;0;0.0;2.0;4.0;23.0;C01
33245;201400022231;0;7;0;0.0;2.0;4.0;2.0;B01
33246;201400022232;0;1;0;0.0;2.0;1.0;1.0;A01
33247;201400022232;0;7;0;0.0;9.0;1.0;1.0;B01
33248;201400022233;0;30;0;0.0;2.0;2.0;1.0;B01
33249;201400022233;0;7;0;0.0;2.0;4.0;4.0;A01
33250;201400022234;0;7;0;0.0;2.0;1.0;1.0;B01
33251;201400022234;0;7;0;0.0;2.0;7.0;15.0;A01
33252;201400022235;0;7;0;0.0;2.0;8.0;1.0;A01
33253;201400022235;0;33;0;0.0;2.0;1.0;1.0;B01
33254;201400022236;0;7;0;0.0;2.0;1.0;1.0;A01
33255;201400022236;0;33;0;0.0;2.0;3.0;1.0;B01
33256;201400022237;0;7;0;0.0;1.0;0.0;0.0;A01
33257;201400022238;0;30;0;0.0;2.0;3.0;9.0;A01
33258;201400022238;0;7;0;0.0;2.0;7.0;1.0;B01
33259;201400022239;0;7;0;0.0;1.0;1.0;1.0;A01
33260;201400022240;0;7;0;0.0;2.0;3.0;1.0;B01
33261;201400022240;0;7;0;0.0;2.0;1.0;0.0;A01
33262;201400022241;0;7;0;0.0;2.0;3.0;1.0;B01
33263;201400022241;0;7;0;0.0;2.0;2.0;0.0;A01
33264;201400022242;0;7;0;0.0;2.0;7.0;12.0;A01
33265;201400022242;0;7;0;0.0;2.0;2.0;1.0;B01
33266;201400022243;0;7;0;0.0;1.0;7.0;1.0;A01
33267;201400022244;0;7;0;14.0;0.0;9.0;9.0;A01
33268;201400022245;0;7;0;0.0;2.0;1.0;1.0;A01
33269;201400022245;0;7;0;0.0;0.0;4.0;23.0;B01
33270;201400022246;0;7;0;0.0;1.0;1.0;0.0;A01
33271;201400022247;0;7;0;0.0;2.0;8.0;1.0;A01
33272;201400022247;0;7;0;0.0;2.0;6.0;1.0;B01
33273;201400022248;0;7;0;0.0;1.0;1.0;15.0;A01
33274;201400022249;0;7;0;0.0;2.0;1.0;2.0;A01
33275;201400022249;0;7;0;0.0;0.0;4.0;23.0;B01
33276;201400022250;0;1;0;5.0;0.0;0.0;0.0;A01
33277;201400022251;0;7;0;0.0;1.0;1.0;1.0;A01
33278;201400022252;0;7;0;0.0;2.0;3.0;0.0;A01
33279;201400022252;0;7;0;0.0;2.0;1.0;1.0;B01
33280;201400022253;0;7;0;0.0;2.0;1.0;2.0;A01
33281;201400022253;0;7;0;0.0;2.0;4.0;23.0;B01
33282;201400022253;0;7;0;0.0;0.0;4.0;23.0;C01
33283;201400022254;0;7;0;0.0;2.0;1.0;2.0;A01
33284;201400022254;0;7;0;0.0;0.0;4.0;23.0;B01
33285;201400022255;0;7;0;0.0;2.0;1.0;1.0;A01
33286;201400022255;0;7;0;0.0;2.0;4.0;23.0;B01
33287;201400022256;0;10;0;0.0;1.0;1.0;1.0;A01
33288;201400022257;0;2;0;0.0;2.0;1.0;1.0;B01
33289;201400022257;0;7;0;0.0;1.0;1.0;15.0;A01
33290;201400022258;0;1;0;0.0;0.0;1.0;0.0;A01
33291;201400022259;0;31;0;0.0;2.0;1.0;17.0;A01
33292;201400022259;0;7;0;0.0;2.0;8.0;15.0;B01
33293;201400022260;0;7;0;0.0;1.0;1.0;4.0;A01
33294;201400022261;0;7;0;0.0;1.0;2.0;1.0;A01
33295;201400022262;0;7;0;0.0;2.0;3.0;9.0;A01
33296;201400022262;0;2;0;0.0;2.0;7.0;1.0;B01
33297;201400022263;0;7;0;0.0;2.0;1.0;1.0;A01
33298;201400022263;0;7;0;0.0;2.0;8.0;15.0;B01
33299;201400022264;0;7;0;0.0;2.0;3.0;13.0;A01
33300;201400022264;0;7;0;0.0;2.0;1.0;1.0;B01
33301;201400022265;0;7;0;0.0;1.0;8.0;1.0;A01
33302;201400022266;0;7;0;0.0;1.0;3.0;1.0;A01
33303;201400022267;0;30;0;0.0;2.0;1.0;1.0;A01
33304;201400022267;0;7;0;0.0;2.0;3.0;1.0;B01
33305;201400022268;0;33;0;0.0;1.0;1.0;1.0;A01
33306;201400022269;0;7;0;0.0;2.0;5.0;1.0;A01
33307;201400022269;0;7;0;0.0;2.0;3.0;1.0;B01
33308;201400022270;0;31;0;0.0;1.0;1.0;1.0;A01
33309;201400022271;0;7;0;0.0;1.0;3.0;15.0;A01
33310;201400022273;0;7;0;0.0;1.0;1.0;1.0;A01
33311;201400022274;0;7;0;0.0;2.0;4.0;1.0;A01
33312;201400022274;0;7;0;0.0;2.0;1.0;1.0;B01
33313;201400022274;0;7;0;0.0;2.0;1.0;1.0;C01
33314;201400022275;0;7;0;0.0;2.0;1.0;15.0;A01
33315;201400022275;0;30;0;0.0;2.0;4.0;15.0;B01
33316;201400022276;0;7;0;0.0;2.0;7.0;1.0;A01
33317;201400022276;0;7;0;0.0;2.0;1.0;1.0;B01
33318;201400022277;0;7;0;0.0;2.0;1.0;1.0;A01
33319;201400022277;0;7;0;0.0;2.0;4.0;1.0;B01
33320;201400022277;0;7;0;0.0;2.0;4.0;1.0;C01
33321;201400022278;0;7;0;0.0;2.0;1.0;1.0;A01
33322;201400022278;0;30;0;0.0;2.0;3.0;15.0;B01
33323;201400022279;0;7;0;0.0;1.0;2.0;15.0;A01
33324;201400022280;0;7;0;0.0;2.0;1.0;1.0;A01
33325;201400022280;0;7;0;0.0;2.0;4.0;1.0;B01
33326;201400022281;0;7;0;0.0;0.0;1.0;0.0;A01
33327;201400022283;0;7;0;15.0;0.0;2.0;0.0;A01
33328;201400022284;0;10;0;0.0;2.0;1.0;2.0;A01
33329;201400022284;0;7;0;0.0;2.0;1.0;2.0;B01
33330;201400022284;0;7;0;0.0;2.0;4.0;2.0;C01
33331;201400022285;0;7;0;5.0;0.0;1.0;1.0;A01
33332;201400022286;0;7;0;8.0;0.0;2.0;1.0;A01
33333;201400022287;0;2;0;0.0;0.0;0.0;1.0;A01
33334;201400022288;0;17;0;1.0;0.0;2.0;1.0;A01
33335;201400022288;0;7;0;0.0;9.0;4.0;23.0;B01
33336;201400022289;0;7;0;0.0;1.0;3.0;0.0;A01
33337;201400022290;0;7;0;0.0;1.0;3.0;15.0;A01
33338;201400022291;0;7;0;0.0;2.0;1.0;5.0;A01
33339;201400022291;0;7;0;0.0;2.0;1.0;1.0;B01
33340;201400022292;0;30;0;0.0;9.0;0.0;1.0;A01
33341;201400022294;0;7;0;0.0;2.0;2.0;2.0;A01
33342;201400022294;0;7;0;0.0;0.0;4.0;1.0;B01
33343;201400022296;0;2;0;0.0;0.0;0.0;0.0;A01
33344;201400022297;0;7;0;0.0;2.0;3.0;1.0;B01
33345;201400022297;0;2;0;0.0;2.0;3.0;15.0;A01
33346;201400022299;0;2;0;16.0;0.0;0.0;1.0;A01
33347;201400022300;0;30;0;0.0;1.0;0.0;0.0;A01
33348;201400022301;0;7;0;0.0;2.0;3.0;2.0;A01
33349;201400022301;0;30;0;0.0;2.0;5.0;2.0;B01
33350;201400022304;0;7;0;0.0;2.0;1.0;19.0;A01
33351;201400022304;0;7;0;0.0;2.0;0.0;0.0;B01
33352;201400022305;0;31;0;1.0;0.0;8.0;1.0;A01
33353;201400022306;0;32;0;0.0;0.0;0.0;1.0;A01
33354;201400022307;0;7;0;0.0;2.0;3.0;15.0;A01
33355;201400022307;0;7;0;6.0;2.0;2.0;17.0;B01
33356;201400022308;0;30;0;0.0;0.0;9.0;1.0;A01
33357;201400022310;0;32;0;0.0;2.0;6.0;1.0;A01
33358;201400022310;0;7;0;0.0;2.0;2.0;1.0;B01
33359;201400022312;0;33;0;6.0;0.0;1.0;1.0;A01
33360;201400022314;0;7;0;0.0;2.0;2.0;13.0;A01
33361;201400022314;0;7;0;0.0;2.0;1.0;1.0;B01
33362;201400022315;0;7;0;9.0;0.0;1.0;1.0;A01
33363;201400022316;0;7;0;13.0;0.0;1.0;13.0;A01
33364;201400022317;0;30;0;0.0;0.0;2.0;0.0;A01
33365;201400022318;0;7;0;6.0;0.0;8.0;1.0;A01
33366;201400022319;0;7;0;0.0;2.0;1.0;1.0;B01
33367;201400022319;0;7;0;0.0;2.0;1.0;1.0;A01
33368;201400022319;0;7;0;0.0;2.0;4.0;1.0;C01
33369;201400022320;0;7;0;0.0;2.0;2.0;15.0;A01
33370;201400022320;0;7;0;0.0;2.0;1.0;1.0;B01
33371;201400022321;0;33;0;7.0;0.0;8.0;0.0;A01
33372;201400022322;0;31;0;0.0;0.0;8.0;15.0;A01
33373;201400022324;0;7;0;3.0;2.0;1.0;2.0;A01
33374;201400022324;0;7;0;0.0;2.0;2.0;2.0;B01
33375;201400022325;0;7;0;0.0;0.0;1.0;0.0;A01
33376;201400022326;0;30;0;0.0;0.0;8.0;2.0;A01
33377;201400022327;0;7;0;13.0;0.0;3.0;1.0;A01
33378;201400022328;0;7;0;15.0;0.0;1.0;2.0;A01
33379;201400022329;0;7;0;13.0;0.0;2.0;1.0;A01
33380;201400022330;0;7;0;0.0;0.0;1.0;1.0;B01
33381;201400022330;0;7;0;0.0;2.0;1.0;19.0;A01
33382;201400022331;1;7;0;0.0;2.0;4.0;21.0;A01
33383;201400022331;0;7;0;0.0;2.0;1.0;2.0;B01
33384;201400022331;0;7;0;0.0;2.0;1.0;1.0;C01
33385;201400022332;0;7;0;9.0;0.0;1.0;0.0;A01
33386;201400022335;0;30;0;0.0;2.0;2.0;6.0;A01
33387;201400022335;0;7;0;0.0;2.0;3.0;9.0;B01
33388;201400022336;0;33;0;0.0;2.0;7.0;0.0;A01
33389;201400022336;0;10;0;0.0;2.0;8.0;1.0;B01
33390;201400022337;0;33;0;6.0;0.0;1.0;1.0;A01
33391;201400022338;0;17;0;0.0;1.0;5.0;16.0;A01
33392;201400022339;0;2;0;6.0;0.0;2.0;13.0;A01
33393;201400022340;0;7;0;1.0;2.0;2.0;2.0;B01
33394;201400022340;0;7;0;1.0;2.0;3.0;9.0;A01
33395;201400022341;0;7;0;0.0;2.0;3.0;1.0;B01
33396;201400022341;0;30;0;0.0;2.0;1.0;13.0;A01
33397;201400022342;0;7;0;0.0;2.0;8.0;0.0;A01
33398;201400022342;0;13;0;0.0;2.0;8.0;1.0;B01
33399;201400022343;0;7;0;0.0;1.0;8.0;4.0;A01
33400;201400022344;0;33;0;0.0;2.0;1.0;1.0;A01
33401;201400022344;0;7;0;0.0;2.0;6.0;1.0;B01
33402;201400022344;0;7;0;0.0;2.0;1.0;1.0;C01
33403;201400022345;0;30;0;1.0;0.0;1.0;1.0;A01
33404;201400022346;0;7;0;0.0;1.0;3.0;0.0;A01
33405;201400022347;0;7;0;11.0;0.0;9.0;1.0;A01
33406;201400022348;0;10;0;0.0;0.0;1.0;1.0;A01
33407;201400022348;0;10;0;0.0;0.0;4.0;2.0;B01
33408;201400022349;0;7;0;4.0;0.0;9.0;14.0;A01
33409;201400022350;0;17;0;0.0;0.0;6.0;1.0;B02
33410;201400022350;0;10;0;0.0;0.0;2.0;13.0;A01
33411;201400022351;0;7;0;0.0;2.0;1.0;1.0;B02
33412;201400022351;0;17;0;3.0;0.0;1.0;1.0;A01
33413;201400022353;0;7;0;3.0;0.0;1.0;1.0;A01
33414;201400022354;0;7;0;4.0;0.0;3.0;1.0;A01
33415;201400022355;0;33;0;4.0;0.0;3.0;11.0;A01
33416;201400022356;0;17;0;0.0;2.0;1.0;1.0;A01
33417;201400022356;0;17;0;0.0;0.0;4.0;1.0;B02
33418;201400022357;0;7;0;0.0;0.0;3.0;1.0;A01
33419;201400022358;0;7;0;0.0;2.0;9.0;2.0;A01
33420;201400022358;0;7;0;0.0;2.0;2.0;1.0;B02
33421;201400022358;0;15;0;0.0;0.0;4.0;2.0;C03
33422;201400022359;0;7;0;0.0;1.0;2.0;1.0;A01
33423;201400022360;0;17;0;0.0;2.0;1.0;2.0;A01
33424;201400022360;0;17;0;0.0;2.0;4.0;2.0;B02
33425;201400022361;0;10;0;0.0;2.0;3.0;1.0;B02
33426;201400022361;0;36;0;0.0;2.0;3.0;13.0;A01
33427;201400022362;0;7;0;0.0;2.0;8.0;1.0;B02
33428;201400022362;0;7;0;0.0;2.0;0.0;6.0;A01
33429;201400022364;0;7;0;0.0;0.0;3.0;1.0;B02
33430;201400022364;0;7;0;0.0;0.0;3.0;1.0;C03
33431;201400022364;0;7;0;0.0;0.0;3.0;13.0;A01
33432;201400022365;0;7;0;4.0;2.0;2.0;2.0;A01
33433;201400022365;0;15;0;0.0;2.0;6.0;24.0;B02
33434;201400022366;0;7;0;13.0;0.0;2.0;1.0;A01
33435;201400022368;0;7;0;13.0;0.0;1.0;1.0;A01
33436;201400022369;0;7;0;0.0;2.0;1.0;0.0;A01
33437;201400022369;0;7;0;0.0;0.0;4.0;21.0;B01
33438;201400022370;0;7;0;4.0;0.0;1.0;1.0;A01
33439;201400022371;0;7;0;5.0;0.0;1.0;2.0;A01
33440;201400022372;0;7;0;0.0;2.0;1.0;1.0;A01
33441;201400022372;0;7;0;0.0;0.0;4.0;1.0;B01
33442;201400022373;0;7;0;3.0;2.0;2.0;17.0;A01
33443;201400022373;0;15;0;0.0;0.0;6.0;1.0;B01
33444;201400022374;0;7;0;0.0;2.0;1.0;1.0;A01
33445;201400022374;0;30;0;0.0;0.0;4.0;0.0;B01
33446;201400022375;0;7;0;0.0;1.0;1.0;15.0;A01
33447;201400022376;0;10;0;0.0;2.0;1.0;0.0;A01
33448;201400022376;0;32;0;0.0;2.0;4.0;2.0;B01
33449;201400022377;0;2;0;12.0;0.0;1.0;14.0;A01
33450;201400022378;0;7;0;0.0;2.0;1.0;2.0;A01