;Num_Acc;senc;catv;occutc;obs;obsm;choc;manv;num_veh
33451;201400022378;0;7;0;0.0;2.0;4.0;2.0;B01
33452;201400022379;0;7;0;0.0;1.0;1.0;2.0;A01
33453;201400022380;0;14;0;0.0;2.0;3.0;1.0;A01
33454;201400022380;0;7;0;0.0;0.0;2.0;1.0;B01
33455;201400022381;0;7;0;0.0;2.0;1.0;15.0;A01
33456;201400022381;0;30;0;0.0;2.0;1.0;1.0;B01
33457;201400022382;0;7;0;4.0;0.0;1.0;1.0;A01
33458;201400022384;0;7;0;0.0;1.0;3.0;1.0;A01
33459;201400022385;0;2;0;0.0;2.0;1.0;1.0;A01
33460;201400022385;0;7;0;0.0;0.0;4.0;0.0;B01
33461;201400022387;0;3;0;0.0;1.0;1.0;1.0;A01
33462;201400022388;0;7;0;0.0;2.0;1.0;1.0;A01
33463;201400022388;0;7;0;0.0;2.0;4.0;1.0;B01
33464;201400022389;0;30;0;0.0;0.0;0.0;1.0;A01
33465;201400022389;0;10;0;0.0;0.0;0.0;15.0;B01
33466;201400022390;0;7;0;0.0;1.0;3.0;0.0;A01
33467;201400022391;0;7;0;0.0;2.0;3.0;1.0;A01
33468;201400022391;0;1;0;0.0;2.0;1.0;0.0;B01
33469;201400022392;0;7;0;0.0;1.0;1.0;1.0;A01
33470;201400022394;0;10;0;0.0;2.0;1.0;9.0;A01
33471;201400022394;0;7;0;0.0;2.0;7.0;1.0;B01
33472;201400022395;0;7;0;0.0;2.0;1.0;2.0;A01
33473;201400022395;0;7;0;0.0;2.0;4.0;2.0;B01
33474;201400022396;0;7;0;0.0;1.0;3.0;15.0;A01
33475;201400022398;0;30;0;0.0;2.0;7.0;0.0;A01
33476;201400022398;0;10;0;0.0;2.0;0.0;0.0;B01
33477;201400022399;0;7;0;0.0;1.0;2.0;1.0;A01
33478;201400022400;0;7;0;0.0;1.0;1.0;15.0;A01
33479;201400022401;0;7;0;13.0;0.0;9.0;1.0;A01
33480;201400022402;0;7;0;13.0;0.0;1.0;1.0;A01
33481;201400022403;0;7;0;11.0;0.0;1.0;1.0;A01
33482;201400022404;0;7;0;0.0;2.0;0.0;0.0;A01
33483;201400022404;0;30;0;0.0;2.0;0.0;0.0;B01
33484;201400022405;0;33;0;11.0;0.0;1.0;17.0;A01
33485;201400022406;0;33;0;13.0;0.0;1.0;0.0;A01
33486;201400022407;0;7;0;4.0;0.0;9.0;6.0;A01
33487;201400022408;0;7;0;0.0;1.0;2.0;9.0;B01
33488;201400022409;0;7;0;13.0;0.0;0.0;2.0;A01
33489;201400022410;0;7;0;13.0;0.0;2.0;1.0;A01
33490;201400022411;0;7;0;0.0;2.0;2.0;1.0;B01
33491;201400022411;0;7;0;0.0;2.0;3.0;15.0;A01
33492;201400022412;0;7;0;13.0;0.0;2.0;1.0;A01
33493;201400022413;0;7;0;0.0;1.0;2.0;1.0;B01
33494;201400022414;0;7;0;0.0;2.0;2.0;14.0;A01
33495;201400022414;0;7;0;0.0;2.0;3.0;1.0;B01
33496;201400022415;0;2;0;0.0;2.0;1.0;1.0;A01
33497;201400022415;0;7;0;0.0;0.0;4.0;1.0;B01
33498;201400022416;0;14;0;0.0;2.0;1.0;1.0;A01
33499;201400022416;0;7;0;0.0;0.0;1.0;1.0;B01
33500;201400022416;0;7;0;0.0;2.0;4.0;1.0;C01
33501;201400022417;1;7;0;0.0;2.0;0.0;0.0;A01
33502;201400022417;0;1;0;0.0;0.0;0.0;1.0;B01
33503;201400022418;1;1;0;0.0;1.0;1.0;0.0;A01
33504;201400022419;0;7;0;5.0;0.0;1.0;1.0;A01
33505;201400022420;0;7;0;13.0;0.0;7.0;0.0;A01
33506;201400022421;0;7;0;0.0;1.0;0.0;15.0;A01
33507;201400022422;0;7;0;9.0;0.0;2.0;1.0;A01
33508;201400022424;0;33;0;0.0;2.0;1.0;17.0;A01
33509;201400022424;0;7;0;0.0;2.0;8.0;15.0;B01
33510;201400022425;0;7;0;12.0;0.0;2.0;14.0;A01
33511;201400022426;0;33;0;0.0;2.0;2.0;17.0;A01
33512;201400022426;0;10;0;0.0;2.0;8.0;15.0;B01
33513;201400022427;0;7;0;0.0;2.0;0.0;1.0;B01
33514;201400022427;2;7;0;0.0;2.0;0.0;0.0;A01
33515;201400022429;0;7;0;13.0;0.0;2.0;1.0;A01
33516;201400022430;0;7;0;3.0;0.0;9.0;0.0;A01
33517;201400022432;0;7;0;0.0;2.0;2.0;1.0;B01
33518;201400022432;0;1;0;0.0;2.0;1.0;9.0;A01
33519;201400022433;0;33;0;0.0;2.0;2.0;2.0;A01
33520;201400022433;0;7;0;0.0;2.0;6.0;1.0;B01
33521;201400022433;0;7;0;0.0;2.0;7.0;1.0;C01
33522;201400022434;2;7;0;3.0;0.0;0.0;0.0;A01
33523;201400022435;0;30;0;0.0;2.0;1.0;2.0;A01
33524;201400022435;0;30;0;0.0;2.0;5.0;16.0;B01
33525;201400022436;0;7;0;0.0;2.0;1.0;16.0;A01
33526;201400022436;0;7;0;0.0;1.0;4.0;23.0;B01
33527;201400022437;0;1;0;0.0;0.0;0.0;0.0;B01
33528;201400022437;0;14;0;0.0;0.0;0.0;0.0;A01
33529;201400022438;0;2;0;0.0;2.0;3.0;18.0;A01
33530;201400022438;0;7;0;0.0;2.0;2.0;16.0;B01
33531;201400022439;0;7;0;0.0;2.0;0.0;22.0;A01
33532;201400022439;0;1;0;1.0;0.0;0.0;1.0;B01
33533;201400022440;0;30;0;0.0;2.0;1.0;1.0;B01
33534;201400022440;0;7;0;0.0;2.0;8.0;9.0;A01
33535;201400022441;0;1;0;0.0;2.0;0.0;0.0;B01
33536;201400022441;0;7;0;0.0;2.0;2.0;0.0;A01
33537;201400022443;0;7;0;0.0;2.0;4.0;1.0;C01
33538;201400022443;0;7;0;0.0;2.0;1.0;1.0;A01
33539;201400022443;0;7;0;0.0;2.0;0.0;2.0;B01
33540;201400022444;0;7;0;0.0;2.0;1.0;1.0;B01
33541;201400022444;0;7;0;6.0;2.0;1.0;15.0;A01
33542;201400022445;0;7;0;0.0;0.0;2.0;0.0;A01
33543;201400022446;0;7;0;0.0;2.0;3.0;1.0;B01
33544;201400022446;0;7;0;0.0;2.0;2.0;1.0;A01
33545;201400022447;0;2;0;0.0;0.0;7.0;16.0;A01
33546;201400022448;0;7;0;7.0;2.0;2.0;12.0;B01
33547;201400022448;0;7;0;0.0;2.0;3.0;1.0;A01
33548;201400022450;0;7;0;13.0;0.0;0.0;1.0;A01
33549;201400022451;0;7;0;7.0;0.0;1.0;14.0;A01
33550;201400022452;0;7;0;0.0;2.0;1.0;1.0;A01
33551;201400022452;0;7;0;0.0;2.0;4.0;1.0;B01
33552;201400022452;0;7;0;0.0;2.0;4.0;1.0;C01
33553;201400022452;0;7;0;0.0;2.0;4.0;1.0;D01
33554;201400022453;1;99;0;0.0;1.0;0.0;0.0;A01
33555;201400022454;0;7;0;0.0;2.0;7.0;16.0;A01
33556;201400022454;0;31;0;0.0;2.0;8.0;1.0;B01
33557;201400022455;0;7;0;6.0;0.0;1.0;14.0;B01
33558;201400022455;0;3;0;0.0;0.0;0.0;9.0;A01
33559;201400022456;0;7;0;0.0;2.0;1.0;9.0;A01
33560;201400022456;0;7;0;0.0;0.0;1.0;1.0;B01
33561;201400022456;0;15;0;0.0;2.0;1.0;1.0;C01
33562;201400022457;0;15;0;3.0;0.0;2.0;12.0;A01
33563;201400022457;0;7;0;3.0;2.0;8.0;1.0;B01
33564;201400022458;0;7;0;8.0;0.0;7.0;14.0;A01
33565;201400022459;0;7;0;0.0;2.0;1.0;2.0;A01
33566;201400022459;0;7;0;0.0;2.0;4.0;2.0;B01
33567;201400022459;0;7;0;0.0;2.0;4.0;2.0;C01
33568;201400022460;1;7;0;;0.0;0.0;;A01
33569;201400022460;0;7;0;0.0;2.0;6.0;2.0;B01
33570;201400022462;0;7;0;11.0;2.0;2.0;1.0;B01
33571;201400022462;0;7;0;0.0;2.0;8.0;15.0;A01
33572;201400022465;0;7;0;0.0;1.0;1.0;1.0;A01
33573;201400022466;0;7;0;6.0;0.0;2.0;21.0;A01
33574;201400022467;0;1;0;0.0;2.0;1.0;2.0;A01
33575;201400022467;0;7;0;0.0;2.0;5.0;16.0;B01
33576;201400022468;0;32;0;0.0;2.0;7.0;13.0;A01
33577;201400022468;0;14;0;0.0;2.0;2.0;1.0;B01
33578;201400022469;0;7;0;13.0;0.0;9.0;13.0;A01
33579;201400022471;0;7;0;0.0;1.0;1.0;1.0;A01
33580;201400022472;0;7;0;0.0;2.0;3.0;0.0;A01
33581;201400022472;0;33;0;0.0;2.0;1.0;0.0;B01
33582;201400022473;0;7;0;3.0;0.0;9.0;1.0;A01
33583;201400022474;0;7;0;0.0;2.0;3.0;13.0;A01
33584;201400022474;0;7;0;0.0;2.0;0.0;1.0;B01
33585;201400022475;0;7;0;6.0;2.0;2.0;17.0;A01
33586;201400022475;0;7;0;6.0;2.0;3.0;15.0;B01
33587;201400022476;0;7;0;0.0;2.0;0.0;4.0;A01
33588;201400022476;0;7;0;0.0;2.0;2.0;1.0;B01
33589;201400022477;0;1;0;0.0;2.0;7.0;1.0;B01
33590;201400022477;0;7;0;0.0;2.0;1.0;15.0;A01
33591;201400022478;0;7;0;0.0;2.0;4.0;2.0;B01
33592;201400022478;0;7;0;0.0;2.0;1.0;0.0;A01
33593;201400022479;0;7;0;0.0;2.0;5.0;1.0;B01
33594;201400022479;0;30;0;0.0;2.0;1.0;3.0;A01
33595;201400022480;0;7;0;0.0;1.0;1.0;1.0;A01
33596;201400022481;0;7;0;0.0;2.0;1.0;13.0;A01
33597;201400022481;0;7;0;0.0;2.0;1.0;1.0;B01
33598;201400022482;0;7;0;0.0;2.0;2.0;13.0;A01
33599;201400022482;0;7;0;0.0;2.0;2.0;1.0;B01
33600;201400022483;0;7;0;13.0;0.0;1.0;1.0;A01
33601;201400022484;0;7;0;0.0;2.0;4.0;2.0;B01
33602;201400022484;0;37;25;0.0;2.0;1.0;2.0;A01
33603;201400022485;0;7;0;0.0;2.0;3.0;1.0;A01
33604;201400022485;0;1;0;0.0;2.0;3.0;1.0;B01
33605;201400022486;0;33;0;0.0;2.0;1.0;1.0;B01
33606;201400022486;0;7;0;0.0;2.0;8.0;1.0;A01
33607;201400022487;0;7;0;6.0;0.0;0.0;1.0;A01
33608;201400022488;0;7;0;0.0;2.0;5.0;15.0;A01
33609;201400022488;0;7;0;0.0;2.0;1.0;1.0;B01
33610;201400022488;0;7;0;0.0;2.0;1.0;1.0;C01
33611;201400022489;0;33;0;15.0;0.0;1.0;1.0;A01
33612;201400022490;0;33;0;5.0;0.0;1.0;1.0;A01
33613;201400022491;0;7;0;0.0;2.0;1.0;2.0;A01
33614;201400022491;0;7;0;0.0;2.0;4.0;2.0;B01
33615;201400022491;0;7;0;0.0;2.0;4.0;2.0;C01
33616;201400022492;0;7;0;2.0;2.0;2.0;1.0;A01
33617;201400022492;0;7;0;0.0;2.0;1.0;15.0;B01
33618;201400022493;0;7;0;0.0;1.0;2.0;1.0;A01
33619;201400022494;0;2;0;0.0;2.0;1.0;0.0;B01
33620;201400022494;0;7;0;0.0;2.0;2.0;15.0;A01
33621;201400022497;0;30;0;0.0;2.0;1.0;1.0;A01
33622;201400022497;0;7;0;0.0;2.0;6.0;2.0;B01
33623;201400022498;0;7;0;2.0;0.0;1.0;1.0;A01
33624;201400022499;0;7;0;16.0;0.0;0.0;14.0;A01
33625;201400022500;0;7;0;0.0;2.0;3.0;0.0;A01
33626;201400022500;0;7;0;3.0;0.0;1.0;0.0;B01
33627;201400022501;0;7;0;3.0;0.0;0.0;0.0;A01
33628;201400022502;0;7;0;13.0;0.0;1.0;1.0;A01
33629;201400022503;0;7;0;13.0;0.0;9.0;1.0;A01
33630;201400022504;0;7;0;0.0;2.0;8.0;10.0;A01
33631;201400022504;0;2;0;0.0;2.0;2.0;1.0;B01
33632;201400022505;0;7;0;0.0;2.0;1.0;2.0;A01
33633;201400022505;0;7;0;0.0;2.0;7.0;23.0;B01
33634;201400022506;0;7;0;8.0;0.0;3.0;1.0;A01
33635;201400022507;0;7;0;0.0;1.0;3.0;1.0;A01
33636;201400022510;0;7;0;0.0;1.0;3.0;15.0;A01
33637;201400022511;0;7;0;16.0;0.0;1.0;1.0;A01
33638;201400022512;0;7;0;0.0;2.0;1.0;1.0;A01
33639;201400022512;0;7;0;0.0;0.0;4.0;1.0;B01
33640;201400022513;0;7;0;3.0;0.0;5.0;1.0;A01
33641;201400022514;0;7;0;0.0;2.0;1.0;16.0;A01
33642;201400022514;0;7;0;0.0;2.0;1.0;0.0;B01
33643;201400022516;0;32;0;0.0;0.0;3.0;1.0;A01
33644;201400022517;1;99;0;0.0;2.0;2.0;0.0;A01
33645;201400022517;0;30;0;0.0;2.0;0.0;0.0;B01
33646;201400022518;0;7;0;0.0;0.0;3.0;1.0;A01
33647;201400022519;0;7;0;13.0;0.0;1.0;1.0;A01
33648;201400022520;0;7;0;0.0;1.0;1.0;1.0;A01
33649;201400022521;0;7;0;3.0;2.0;1.0;1.0;A01
33650;201400022521;0;7;0;0.0;2.0;1.0;1.0;B01
33651;201400022522;0;7;0;0.0;1.0;3.0;1.0;A01
33652;201400022523;0;7;0;0.0;2.0;6.0;4.0;A01
33653;201400022523;0;2;0;0.0;2.0;3.0;1.0;B01
33654;201400022524;0;7;0;0.0;0.0;6.0;1.0;B02
33655;201400022524;0;7;0;0.0;0.0;2.0;3.0;A01
33656;201400022526;0;33;0;0.0;2.0;4.0;14.0;A01
33657;201400022526;0;33;0;0.0;2.0;1.0;1.0;B02
33658;201400022527;0;7;0;0.0;2.0;1.0;1.0;A01
33659;201400022527;0;7;0;0.0;2.0;4.0;15.0;B02
33660;201400022527;0;7;0;0.0;2.0;3.0;1.0;C03
33661;201400022528;0;7;0;0.0;2.0;5.0;19.0;A01
33662;201400022528;0;7;0;0.0;2.0;1.0;1.0;B02
33663;201400022529;0;7;0;13.0;0.0;1.0;1.0;A01
33664;201400022530;0;31;0;0.0;2.0;1.0;1.0;A01
33665;201400022530;0;7;0;0.0;2.0;5.0;19.0;B02
33666;201400022531;0;33;0;0.0;2.0;1.0;1.0;A01
33667;201400022531;0;7;0;0.0;2.0;3.0;19.0;B02
33668;201400022532;0;10;0;0.0;2.0;1.0;1.0;B02
33669;201400022532;0;7;0;0.0;2.0;1.0;3.0;A01
33670;201400022533;0;7;0;0.0;1.0;1.0;1.0;A01
33671;201400022534;0;10;0;0.0;1.0;4.0;4.0;A01
33672;201400022536;0;7;0;0.0;2.0;4.0;1.0;C01
33673;201400022536;0;7;0;0.0;2.0;1.0;1.0;A01
33674;201400022536;0;7;0;0.0;2.0;4.0;1.0;B01
33675;201400022537;0;7;0;0.0;2.0;3.0;1.0;A01
33676;201400022537;1;7;0;0.0;2.0;0.0;17.0;X01
33677;201400022538;0;10;0;0.0;2.0;1.0;1.0;B01
33678;201400022538;0;2;0;0.0;2.0;1.0;13.0;A01
33679;201400022539;0;7;0;0.0;1.0;1.0;15.0;A01
33680;201400022540;0;7;0;0.0;2.0;4.0;2.0;D01
33681;201400022540;0;7;0;0.0;2.0;4.0;2.0;B01
33682;201400022540;0;7;0;0.0;2.0;4.0;2.0;C01
33683;201400022540;0;14;0;0.0;2.0;1.0;1.0;A01
33684;201400022542;0;7;0;0.0;2.0;2.0;17.0;A01
33685;201400022542;0;10;0;0.0;2.0;8.0;0.0;B01
33686;201400022543;0;30;0;0.0;2.0;3.0;9.0;A01
33687;201400022543;0;7;0;0.0;2.0;1.0;1.0;B01
33688;201400022545;0;7;0;0.0;2.0;1.0;1.0;B01
33689;201400022545;0;7;0;0.0;2.0;1.0;15.0;A01
33690;201400022546;0;7;0;0.0;1.0;1.0;1.0;A01
33691;201400022547;0;7;0;0.0;1.0;4.0;20.0;A01
33692;201400022548;0;7;0;0.0;1.0;1.0;1.0;A01
33693;201400022549;0;7;0;0.0;2.0;4.0;2.0;A01
33694;201400022549;1;7;0;0.0;2.0;1.0;2.0;Z01
33695;201400022550;0;2;0;0.0;2.0;1.0;17.0;B01
33696;201400022550;0;7;0;0.0;2.0;3.0;10.0;A01
33697;201400022551;0;33;0;0.0;2.0;7.0;21.0;B01
33698;201400022551;0;7;0;0.0;2.0;3.0;10.0;A01
33699;201400022552;0;7;0;2.0;0.0;1.0;14.0;A01
33700;201400022553;0;7;0;0.0;1.0;0.0;0.0;A01
33701;201400022554;0;7;0;0.0;2.0;1.0;2.0;A01
33702;201400022554;0;7;0;0.0;2.0;4.0;2.0;D01
33703;201400022554;0;7;0;0.0;2.0;4.0;2.0;B01
33704;201400022554;0;7;0;0.0;2.0;4.0;2.0;C01
33705;201400022555;0;7;0;2.0;0.0;1.0;14.0;A01
33706;201400022556;0;2;0;0.0;2.0;1.0;2.0;A01
33707;201400022556;0;7;0;0.0;0.0;4.0;2.0;B01
33708;201400022557;0;3;0;0.0;2.0;4.0;15.0;B01
33709;201400022557;0;7;0;0.0;2.0;1.0;2.0;A01
33710;201400022558;0;7;0;0.0;2.0;8.0;1.0;B01
33711;201400022558;1;7;0;0.0;2.0;0.0;0.0;A01
33712;201400022559;0;7;0;0.0;2.0;1.0;2.0;A01
33713;201400022559;0;7;0;0.0;2.0;4.0;2.0;B01
33714;201400022560;0;33;0;0.0;2.0;0.0;17.0;C01
33715;201400022560;0;7;0;0.0;2.0;3.0;17.0;B01
33716;201400022560;0;7;0;0.0;2.0;3.0;1.0;A01
33717;201400022561;0;33;0;0.0;2.0;1.0;2.0;A01
33718;201400022561;0;7;0;0.0;2.0;4.0;2.0;B01
33719;201400022562;0;7;0;0.0;1.0;1.0;1.0;A01
33720;201400022563;0;31;0;0.0;0.0;0.0;0.0;A01
33721;201400022564;0;2;0;0.0;1.0;1.0;1.0;A01
33722;201400022565;0;7;0;0.0;2.0;2.0;1.0;B01
33723;201400022565;0;7;0;0.0;2.0;1.0;1.0;A01
33724;201400022566;1;33;0;0.0;1.0;0.0;0.0;A01
33725;201400022567;0;7;0;0.0;1.0;2.0;1.0;A01
33726;201400022568;0;7;0;0.0;9.0;1.0;1.0;A01
33727;201400022568;0;1;0;0.0;2.0;8.0;19.0;B01
33728;201400022569;0;7;0;0.0;1.0;1.0;1.0;A01
33729;201400022570;0;7;0;0.0;1.0;2.0;21.0;A01
33730;201400022571;0;7;0;0.0;2.0;3.0;0.0;B01
33731;201400022571;1;7;0;0.0;2.0;0.0;0.0;A01
33732;201400022572;0;7;0;0.0;1.0;3.0;15.0;A01
33733;201400022573;0;7;0;5.0;0.0;9.0;9.0;A01
33734;201400022573;0;39;0;0.0;4.0;1.0;2.0;B01
33735;201400022574;1;7;0;0.0;1.0;0.0;0.0;A01
33736;201400022574;0;7;0;0.0;1.0;1.0;16.0;B01
33737;201400022575;0;2;0;0.0;0.0;1.0;2.0;A01
33738;201400022575;0;7;0;0.0;0.0;5.0;2.0;B01
33739;201400022576;0;7;0;1.0;0.0;2.0;1.0;A01
33740;201400022576;0;10;0;0.0;0.0;6.0;24.0;B01
33741;201400022577;0;7;0;0.0;2.0;8.0;16.0;B01
33742;201400022577;0;7;0;0.0;2.0;2.0;0.0;A01
33743;201400022578;0;7;0;15.0;0.0;1.0;0.0;A01
33744;201400022579;0;32;0;0.0;0.0;6.0;2.0;B01
33745;201400022579;0;7;0;0.0;2.0;3.0;2.0;A01
33746;201400022580;0;7;0;0.0;1.0;3.0;15.0;A01
33747;201400022581;0;7;0;0.0;2.0;1.0;2.0;A01
33748;201400022581;0;7;0;0.0;2.0;4.0;2.0;B01
33749;201400022582;0;7;0;0.0;2.0;8.0;19.0;A01
33750;201400022582;0;7;0;0.0;2.0;1.0;1.0;B01
33751;201400022583;0;7;0;8.0;2.0;8.0;1.0;A01
33752;201400022583;0;7;0;0.0;2.0;1.0;16.0;B01
33753;201400022584;0;7;0;0.0;2.0;4.0;2.0;B01
33754;201400022584;0;7;0;0.0;2.0;1.0;2.0;A01
33755;201400022585;0;7;0;0.0;2.0;1.0;11.0;A01
33756;201400022585;0;7;0;0.0;2.0;1.0;1.0;B01
33757;201400022586;0;7;0;0.0;0.0;3.0;15.0;B01
33758;201400022586;0;30;0;0.0;0.0;9.0;17.0;A01
33759;201400022587;0;17;0;0.0;2.0;3.0;0.0;B01
33760;201400022587;0;7;0;0.0;2.0;1.0;5.0;A01
33761;201400022588;0;7;0;0.0;0.0;4.0;2.0;B01
33762;201400022588;0;7;0;0.0;2.0;1.0;2.0;A01
33763;201400022589;0;7;0;0.0;0.0;1.0;15.0;B01
33764;201400022589;0;7;0;0.0;0.0;1.0;17.0;A01
33765;201400022590;0;1;0;0.0;2.0;1.0;2.0;Y01
33766;201400022590;0;13;0;0.0;0.0;8.0;2.0;A01
33767;201400022591;0;33;0;0.0;2.0;1.0;1.0;B01
33768;201400022591;0;7;0;0.0;2.0;7.0;15.0;A01
33769;201400022592;0;7;0;0.0;0.0;4.0;23.0;C01
33770;201400022592;0;7;0;0.0;2.0;4.0;23.0;B01
33771;201400022592;0;7;0;0.0;2.0;1.0;1.0;A01
33772;201400022593;0;7;0;0.0;2.0;2.0;5.0;A01
33773;201400022593;0;7;0;0.0;2.0;2.0;1.0;B01
33774;201400022594;0;7;0;0.0;1.0;1.0;1.0;A01
33775;201400022595;0;2;0;0.0;2.0;4.0;2.0;B01
33776;201400022595;0;7;0;0.0;2.0;1.0;2.0;A01
33777;201400022596;0;7;0;0.0;1.0;2.0;2.0;A01
33778;201400022597;0;31;0;0.0;0.0;2.0;17.0;A01
33779;201400022597;0;7;0;0.0;2.0;6.0;15.0;B01
33780;201400022598;0;7;0;0.0;2.0;3.0;0.0;A01
33781;201400022598;0;7;0;0.0;2.0;2.0;1.0;B01
33782;201400022599;0;7;0;0.0;1.0;1.0;15.0;A01
33783;201400022600;0;31;0;0.0;2.0;2.0;1.0;B01
33784;201400022600;0;7;0;0.0;2.0;4.0;10.0;A01
33785;201400022601;0;2;0;0.0;1.0;1.0;1.0;A01
33786;201400022602;1;99;0;0.0;1.0;0.0;0.0;A01
33787;201400022603;0;7;0;1.0;2.0;1.0;1.0;A01
33788;201400022603;0;10;0;12.0;2.0;3.0;1.0;B01
33789;201400022604;0;7;0;0.0;1.0;3.0;1.0;A01
33790;201400022605;0;33;0;0.0;2.0;7.0;1.0;B01
33791;201400022605;0;7;0;0.0;2.0;7.0;15.0;A01
33792;201400022606;0;7;0;0.0;2.0;7.0;15.0;A01
33793;201400022606;0;33;0;0.0;2.0;1.0;1.0;B01
33794;201400022607;0;7;0;0.0;0.0;4.0;1.0;B01
33795;201400022607;0;7;0;0.0;2.0;1.0;2.0;A01
33796;201400022608;0;30;0;3.0;0.0;1.0;1.0;A01
33797;201400022609;0;31;0;0.0;2.0;1.0;1.0;B01
33798;201400022609;0;7;0;0.0;2.0;2.0;1.0;A01
33799;201400022610;0;7;0;0.0;1.0;6.0;4.0;A01
33800;201400022611;1;7;0;0.0;0.0;0.0;1.0;A01
33801;201400022611;0;2;0;0.0;0.0;0.0;1.0;B01
33802;201400022612;0;7;0;0.0;1.0;2.0;1.0;A01
33803;201400022613;0;7;0;12.0;2.0;2.0;13.0;A01
33804;201400022613;0;7;0;0.0;2.0;1.0;1.0;B01
33805;201400022614;0;7;0;0.0;2.0;3.0;15.0;A01
33806;201400022614;0;33;0;0.0;2.0;1.0;1.0;B01
33807;201400022615;0;7;0;0.0;2.0;4.0;1.0;B01
33808;201400022615;0;7;0;0.0;2.0;1.0;1.0;A01
33809;201400022616;0;7;0;0.0;2.0;4.0;1.0;B01
33810;201400022616;0;7;0;0.0;2.0;1.0;1.0;A01
33811;201400022616;0;7;0;0.0;2.0;4.0;1.0;E01
33812;201400022616;0;7;0;0.0;2.0;4.0;1.0;C01
33813;201400022616;0;10;0;0.0;2.0;4.0;1.0;D01
33814;201400022617;0;7;0;0.0;1.0;3.0;15.0;A01
33815;201400022618;0;7;0;0.0;2.0;1.0;1.0;B01
33816;201400022618;0;7;0;0.0;2.0;1.0;13.0;A01
33817;201400022619;0;7;0;0.0;2.0;5.0;16.0;A01
33818;201400022619;0;33;0;0.0;2.0;1.0;1.0;B01
33819;201400022620;0;7;0;0.0;2.0;8.0;1.0;B01
33820;201400022620;0;7;0;0.0;2.0;1.0;15.0;A01
33821;201400022621;0;7;0;0.0;1.0;2.0;15.0;A01
33822;201400022622;0;7;0;0.0;2.0;1.0;2.0;A01
33823;201400022622;0;7;0;0.0;2.0;4.0;2.0;B01
33824;201400022623;1;7;0;0.0;2.0;2.0;0.0;B01
33825;201400022623;0;33;0;0.0;2.0;4.0;1.0;A01
33826;201400022625;0;7;0;0.0;1.0;1.0;1.0;A01
33827;201400022626;0;7;0;0.0;2.0;1.0;1.0;B01
33828;201400022626;0;7;0;0.0;2.0;1.0;13.0;A01
33829;201400022627;0;37;1;1.0;2.0;1.0;1.0;A01
33830;201400022627;0;7;0;0.0;2.0;6.0;1.0;E01
33831;201400022627;0;10;0;0.0;0.0;1.0;1.0;B01
33832;201400022628;0;1;0;0.0;2.0;8.0;1.0;B01
33833;201400022628;0;7;0;0.0;2.0;0.0;0.0;A01
33834;201400022629;0;7;0;0.0;2.0;3.0;1.0;B01
33835;201400022629;0;30;0;0.0;2.0;1.0;1.0;A01
33836;201400022630;0;7;0;0.0;2.0;4.0;2.0;D01
33837;201400022630;0;7;0;0.0;2.0;4.0;2.0;E01
33838;201400022630;0;7;0;0.0;2.0;1.0;2.0;A01
33839;201400022630;0;7;0;0.0;2.0;9.0;2.0;C01
33840;201400022630;0;7;0;0.0;2.0;9.0;2.0;B01
33841;201400022631;0;30;0;0.0;2.0;1.0;1.0;B01
33842;201400022631;0;7;0;0.0;2.0;2.0;1.0;A01
33843;201400022632;0;7;0;0.0;2.0;5.0;2.0;B01
33844;201400022632;0;33;0;0.0;2.0;0.0;2.0;A01
33845;201400022633;0;14;0;0.0;2.0;1.0;1.0;B01
33846;201400022633;0;7;0;0.0;2.0;8.0;1.0;A01
33847;201400022634;0;33;0;0.0;0.0;1.0;1.0;B01
33848;201400022634;0;7;0;0.0;2.0;2.0;10.0;A01
33849;201400022635;0;7;0;0.0;2.0;3.0;15.0;A01
33850;201400022635;0;33;0;0.0;2.0;7.0;1.0;B01
33851;201400022636;0;7;0;0.0;2.0;2.0;15.0;B01
33852;201400022636;0;30;0;0.0;2.0;2.0;17.0;A01
33853;201400022638;0;31;0;0.0;2.0;2.0;17.0;A01
33854;201400022638;0;10;0;0.0;2.0;3.0;15.0;B01
33855;201400022639;0;7;0;0.0;2.0;6.0;23.0;B01
33856;201400022639;0;33;0;0.0;2.0;2.0;1.0;A01
33857;201400022640;0;7;0;0.0;2.0;1.0;2.0;B01
33858;201400022640;0;7;0;0.0;2.0;1.0;2.0;C01
33859;201400022640;0;7;0;0.0;2.0;4.0;2.0;A01
33860;201400022641;0;30;0;0.0;2.0;8.0;1.0;B01
33861;201400022641;0;7;0;0.0;2.0;1.0;1.0;A01
33862;201400022642;0;2;0;0.0;2.0;1.0;13.0;A01
33863;201400022642;0;33;0;0.0;2.0;1.0;23.0;B01
33864;201400022643;0;7;0;0.0;2.0;1.0;15.0;A01
33865;201400022643;0;7;0;0.0;2.0;8.0;23.0;B01
33866;201400022644;0;7;0;0.0;2.0;7.0;1.0;B01
33867;201400022644;0;7;0;0.0;2.0;1.0;19.0;A01
33868;201400022645;0;7;0;0.0;2.0;6.0;1.0;B01
33869;201400022645;0;7;0;0.0;2.0;6.0;2.0;A01
33870;201400022646;0;10;0;0.0;1.0;2.0;1.0;A01
33871;201400022647;0;7;0;0.0;2.0;1.0;1.0;B01
33872;201400022647;0;7;0;0.0;2.0;2.0;15.0;A01