;Num_Acc;senc;catv;occutc;obs;obsm;choc;manv;num_veh
35140;201400023442;0;7;0;0.0;2.0;0.0;0.0;B01
35141;201400023443;0;7;0;0.0;1.0;3.0;1.0;A01
35142;201400023444;0;7;0;0.0;2.0;8.0;15.0;A01
35143;201400023444;0;7;0;0.0;2.0;1.0;1.0;B01
35144;201400023445;0;33;0;0.0;2.0;0.0;0.0;A01
35145;201400023445;0;31;0;0.0;2.0;0.0;0.0;B01
35146;201400023446;0;7;0;0.0;2.0;0.0;0.0;A01
35147;201400023446;0;30;0;0.0;2.0;0.0;0.0;B01
35148;201400023447;0;1;0;0.0;2.0;4.0;0.0;B01
35149;201400023447;0;7;0;0.0;0.0;0.0;0.0;A01
35150;201400023448;0;7;0;0.0;0.0;0.0;0.0;B01
35151;201400023448;0;34;0;0.0;2.0;0.0;0.0;A01
35152;201400023449;0;7;0;6.0;0.0;1.0;1.0;A01
35153;201400023450;0;7;0;0.0;0.0;0.0;0.0;A01
35154;201400023451;0;7;0;0.0;2.0;0.0;0.0;B01
35155;201400023451;0;1;0;0.0;2.0;0.0;0.0;A01
35156;201400023452;0;37;1;0.0;1.0;0.0;0.0;A01
35157;201400023453;0;32;0;0.0;2.0;0.0;0.0;B01
35158;201400023453;0;7;0;0.0;2.0;1.0;0.0;A01
35159;201400023454;0;33;0;0.0;2.0;0.0;0.0;A01
35160;201400023454;0;7;0;0.0;2.0;0.0;0.0;B01
35161;201400023455;0;1;0;0.0;2.0;0.0;0.0;B01
35162;201400023455;0;7;0;0.0;2.0;0.0;0.0;A01
35163;201400023456;0;7;0;0.0;1.0;0.0;0.0;A01
35164;201400023457;0;10;0;0.0;2.0;7.0;15.0;A01
35165;201400023457;0;33;0;0.0;2.0;1.0;1.0;B01
35166;201400023458;0;2;0;0.0;2.0;8.0;2.0;A01
35167;201400023458;0;7;0;0.0;2.0;2.0;2.0;B01
35168;201400023459;0;33;0;0.0;2.0;2.0;1.0;B01
35169;201400023459;0;7;0;0.0;2.0;8.0;0.0;A01
35170;201400023460;0;7;0;0.0;2.0;3.0;0.0;B01
35171;201400023460;0;2;0;0.0;2.0;1.0;1.0;A01
35172;201400023461;0;33;0;0.0;2.0;0.0;0.0;A01
35173;201400023461;0;1;0;0.0;2.0;0.0;1.0;B01
35174;201400023462;0;7;0;0.0;2.0;0.0;0.0;B01
35175;201400023462;0;7;0;0.0;2.0;1.0;0.0;A01
35176;201400023463;0;10;0;0.0;1.0;0.0;0.0;A01
35177;201400023464;0;7;0;0.0;2.0;0.0;0.0;A01
35178;201400023464;0;1;0;0.0;2.0;0.0;0.0;B01
35179;201400023465;0;33;0;0.0;2.0;0.0;0.0;B01
35180;201400023465;0;7;0;0.0;2.0;0.0;0.0;A01
35181;201400023467;0;33;0;0.0;2.0;7.0;0.0;B01
35182;201400023467;0;7;0;0.0;2.0;3.0;0.0;A01
35183;201400023468;0;7;0;0.0;2.0;0.0;0.0;A01
35184;201400023468;0;15;0;0.0;0.0;0.0;0.0;B01
35185;201400023469;0;33;0;0.0;1.0;0.0;0.0;A01
35186;201400023470;2;30;0;0.0;1.0;0.0;5.0;A01
35187;201400023471;0;7;0;0.0;2.0;2.0;0.0;B01
35188;201400023471;0;33;0;0.0;2.0;8.0;0.0;A01
35189;201400023472;0;7;0;0.0;2.0;0.0;0.0;C01
35190;201400023472;0;7;0;0.0;2.0;0.0;0.0;B01
35191;201400023472;0;7;0;0.0;2.0;1.0;0.0;A01
35192;201400023473;0;33;0;0.0;2.0;7.0;1.0;B01
35193;201400023473;0;7;0;0.0;2.0;8.0;11.0;A01
35194;201400023474;0;7;0;0.0;2.0;0.0;0.0;A01
35195;201400023474;0;33;0;0.0;2.0;0.0;0.0;B01
35196;201400023475;0;7;0;4.0;4.0;2.0;1.0;A01
35197;201400023476;0;7;0;0.0;1.0;0.0;0.0;A01
35198;201400023478;0;7;0;0.0;2.0;1.0;0.0;B01
35199;201400023478;0;33;0;0.0;2.0;0.0;0.0;A01
35200;201400023479;0;7;0;0.0;1.0;0.0;0.0;A01
35201;201400023480;0;7;0;0.0;2.0;0.0;0.0;A01
35202;201400023480;0;33;0;0.0;2.0;0.0;0.0;B01
35203;201400023481;0;31;0;0.0;2.0;0.0;0.0;B01
35204;201400023481;0;7;0;0.0;0.0;1.0;0.0;A01
35205;201400023482;0;7;0;0.0;2.0;0.0;0.0;B01
35206;201400023482;0;7;0;0.0;2.0;0.0;0.0;C01
35207;201400023482;0;7;0;0.0;2.0;0.0;0.0;A01
35208;201400023483;0;7;0;0.0;1.0;1.0;0.0;A01
35209;201400023484;0;7;0;0.0;9.0;3.0;15.0;A01
35210;201400023484;0;1;0;0.0;2.0;8.0;1.0;B01
35211;201400023486;0;7;0;0.0;1.0;0.0;0.0;A01
35212;201400023487;1;7;0;0.0;1.0;0.0;0.0;Z01
35213;201400023488;0;10;0;0.0;1.0;0.0;0.0;A01
35214;201400023489;0;7;0;0.0;2.0;0.0;0.0;A01
35215;201400023489;0;7;0;0.0;2.0;1.0;0.0;B01
35216;201400023490;0;99;0;0.0;1.0;3.0;0.0;A01
35217;201400023491;0;14;0;0.0;2.0;6.0;0.0;B01
35218;201400023491;0;7;0;0.0;2.0;2.0;0.0;A01
35219;201400023492;0;33;0;0.0;2.0;0.0;0.0;A01
35220;201400023492;0;7;0;0.0;2.0;4.0;2.0;B01
35221;201400023493;0;7;0;0.0;1.0;0.0;0.0;B01
35222;201400023494;0;7;0;0.0;2.0;3.0;15.0;A01
35223;201400023494;0;33;0;0.0;2.0;0.0;0.0;B01
35224;201400023495;0;37;1;0.0;1.0;2.0;1.0;A01
35225;201400023496;0;33;0;0.0;2.0;4.0;0.0;B01
35226;201400023496;0;7;0;0.0;2.0;1.0;0.0;A01
35227;201400023497;0;33;0;0.0;2.0;1.0;1.0;B01
35228;201400023497;0;7;0;0.0;2.0;8.0;15.0;A01
35229;201400023498;0;7;0;0.0;2.0;1.0;2.0;B01
35230;201400023498;0;7;0;0.0;0.0;4.0;2.0;A01
35231;201400023499;0;1;0;0.0;2.0;0.0;0.0;B01
35232;201400023499;0;7;0;0.0;2.0;0.0;0.0;A01
35233;201400023500;1;7;0;;1.0;1.0;0.0;Z01
35234;201400023501;0;32;0;0.0;1.0;0.0;0.0;A01
35235;201400023502;0;7;0;0.0;2.0;0.0;0.0;B01
35236;201400023502;0;7;0;0.0;2.0;0.0;0.0;A01
35237;201400023503;0;7;0;0.0;1.0;0.0;0.0;A01
35238;201400023504;0;7;0;0.0;2.0;0.0;0.0;B01
35239;201400023504;0;32;0;0.0;2.0;0.0;0.0;A01
35240;201400023505;2;7;0;0.0;1.0;0.0;0.0;Z01
35241;201400023506;0;33;0;0.0;2.0;1.0;1.0;B01
35242;201400023506;1;7;0;0.0;2.0;3.0;10.0;A01
35243;201400023507;0;7;0;0.0;1.0;1.0;0.0;A01
35244;201400023508;0;7;0;0.0;2.0;4.0;23.0;B01
35245;201400023508;0;7;0;0.0;2.0;1.0;2.0;A01
35246;201400023509;0;7;0;0.0;2.0;3.0;0.0;B01
35247;201400023509;0;33;0;0.0;2.0;4.0;0.0;A01
35248;201400023510;0;33;0;0.0;2.0;2.0;0.0;A01
35249;201400023510;0;2;0;0.0;2.0;1.0;0.0;B01
35250;201400023511;0;1;0;0.0;2.0;1.0;0.0;B01
35251;201400023511;0;7;0;0.0;2.0;3.0;0.0;A01
35252;201400023512;0;7;0;2.0;0.0;3.0;1.0;A01
35253;201400023513;0;1;0;0.0;2.0;0.0;0.0;A01
35254;201400023513;0;10;0;0.0;2.0;2.0;0.0;B01
35255;201400023514;0;2;0;0.0;2.0;0.0;0.0;A01
35256;201400023514;0;7;0;0.0;2.0;0.0;0.0;B01
35257;201400023515;0;32;0;0.0;0.0;0.0;1.0;A01
35258;201400023516;0;7;0;0.0;2.0;0.0;0.0;A01
35259;201400023516;0;1;0;0.0;2.0;0.0;0.0;B01
35260;201400023517;0;33;0;0.0;2.0;0.0;0.0;A01
35261;201400023517;0;7;0;0.0;2.0;0.0;0.0;B01
35262;201400023518;0;7;0;0.0;2.0;0.0;0.0;A01
35263;201400023519;0;7;0;0.0;2.0;0.0;0.0;A01
35264;201400023519;0;7;0;0.0;2.0;0.0;0.0;B01
35265;201400023520;0;7;0;0.0;2.0;0.0;0.0;B01
35266;201400023520;0;7;0;0.0;2.0;0.0;0.0;A01
35267;201400023521;0;7;0;0.0;2.0;4.0;0.0;C01
35268;201400023521;0;7;0;0.0;2.0;4.0;0.0;B01
35269;201400023521;0;7;0;0.0;2.0;1.0;2.0;A01
35270;201400023523;0;7;0;0.0;2.0;7.0;0.0;B01
35271;201400023523;0;33;0;0.0;2.0;1.0;0.0;A01
35272;201400023524;0;7;0;0.0;1.0;1.0;0.0;A01
35273;201400023525;0;1;0;0.0;2.0;8.0;1.0;B01
35274;201400023525;0;7;0;0.0;2.0;0.0;0.0;A01
35275;201400023526;0;33;0;0.0;2.0;0.0;0.0;B01
35276;201400023526;0;1;0;0.0;2.0;0.0;0.0;A01
35277;201400023527;0;1;0;0.0;2.0;0.0;0.0;B01
35278;201400023527;0;7;0;0.0;2.0;0.0;0.0;A01
35279;201400023528;0;2;0;0.0;2.0;0.0;0.0;A01
35280;201400023528;0;7;0;0.0;2.0;7.0;0.0;B01
35281;201400023529;0;1;0;0.0;2.0;1.0;21.0;A01
35282;201400023529;0;34;0;0.0;2.0;0.0;0.0;B01
35283;201400023530;0;2;0;0.0;2.0;1.0;0.0;A01
35284;201400023530;0;7;0;0.0;2.0;8.0;0.0;B01
35285;201400023531;0;7;0;0.0;2.0;0.0;0.0;B01
35286;201400023531;0;1;0;0.0;2.0;0.0;0.0;A01
35287;201400023532;0;2;0;0.0;2.0;0.0;0.0;A01
35288;201400023532;0;7;0;0.0;2.0;0.0;0.0;B01
35289;201400023533;0;7;0;0.0;2.0;7.0;15.0;B01
35290;201400023533;0;33;0;0.0;2.0;1.0;1.0;A01
35291;201400023534;0;1;0;0.0;2.0;0.0;0.0;A01
35292;201400023534;0;7;0;0.0;2.0;0.0;0.0;B01
35293;201400023535;0;33;0;0.0;2.0;1.0;1.0;B01
35294;201400023535;0;7;0;0.0;2.0;3.0;15.0;A01
35295;201400023536;0;7;0;0.0;1.0;0.0;0.0;A01
35296;201400023538;0;33;0;0.0;2.0;1.0;2.0;A01
35297;201400023538;0;7;0;0.0;2.0;4.0;2.0;B01
35298;201400023539;0;7;0;0.0;2.0;4.0;0.0;B01
35299;201400023539;0;7;0;0.0;2.0;1.0;0.0;A01
35300;201400023540;0;30;0;0.0;2.0;1.0;0.0;A01
35301;201400023540;0;7;0;0.0;2.0;0.0;0.0;B01
35302;201400023541;0;7;0;0.0;1.0;0.0;0.0;A01
35303;201400023542;0;10;0;0.0;1.0;0.0;0.0;A01
35304;201400023543;0;33;0;0.0;2.0;0.0;0.0;B01
35305;201400023543;0;7;0;0.0;2.0;0.0;0.0;A01
35306;201400023544;0;7;0;0.0;2.0;0.0;0.0;C01
35307;201400023544;0;7;0;0.0;2.0;0.0;0.0;B01
35308;201400023544;0;7;0;0.0;2.0;0.0;0.0;D01
35309;201400023544;0;33;0;0.0;2.0;0.0;0.0;A01
35310;201400023545;0;33;0;0.0;2.0;1.0;1.0;B01
35311;201400023545;0;10;0;0.0;2.0;2.0;10.0;A01
35312;201400023546;0;7;0;0.0;2.0;0.0;0.0;A01
35313;201400023546;0;7;0;0.0;2.0;0.0;0.0;B01
35314;201400023548;0;7;0;0.0;0.0;1.0;0.0;A01
35315;201400023548;1;7;0;0.0;2.0;0.0;0.0;Z01
35316;201400023549;0;13;0;0.0;1.0;0.0;0.0;A01
35317;201400023550;0;7;0;2.0;0.0;2.0;19.0;A01
35318;201400023552;0;7;0;0.0;2.0;4.0;0.0;B01
35319;201400023552;0;33;0;0.0;2.0;1.0;0.0;A01
35320;201400023553;0;7;0;0.0;1.0;7.0;0.0;A01
35321;201400023554;0;7;0;0.0;1.0;1.0;0.0;A01
35322;201400023555;0;37;1;0.0;1.0;2.0;0.0;A01
35323;201400023556;0;33;0;0.0;2.0;1.0;0.0;B01
35324;201400023556;0;7;0;0.0;2.0;8.0;0.0;A01
35325;201400023557;0;7;0;0.0;2.0;8.0;0.0;A01
35326;201400023557;0;1;0;0.0;2.0;0.0;0.0;B01
35327;201400023558;0;7;0;0.0;2.0;1.0;0.0;A01
35328;201400023558;0;31;0;0.0;2.0;1.0;0.0;B01
35329;201400023559;0;7;0;0.0;2.0;0.0;0.0;B01
35330;201400023559;0;33;0;0.0;2.0;1.0;0.0;A01
35331;201400023559;0;7;0;0.0;2.0;8.0;0.0;C01
35332;201400023560;0;7;0;0.0;1.0;1.0;1.0;A01
35333;201400023561;0;7;0;0.0;1.0;0.0;0.0;A01
35334;201400023563;0;10;0;0.0;0.0;0.0;0.0;B01
35335;201400023563;0;7;0;0.0;1.0;0.0;0.0;A01
35336;201400023564;0;33;0;0.0;2.0;1.0;2.0;B01
35337;201400023564;0;7;0;0.0;2.0;5.0;15.0;A01
35338;201400023565;0;7;0;0.0;2.0;1.0;0.0;A01
35339;201400023565;0;7;0;0.0;2.0;4.0;0.0;B01
35340;201400023566;0;7;0;0.0;2.0;1.0;2.0;A01
35341;201400023566;0;7;0;0.0;2.0;4.0;2.0;B01
35342;201400023567;0;7;0;0.0;0.0;0.0;0.0;A01
35343;201400023568;2;33;0;0.0;1.0;1.0;0.0;Z01
35344;201400023569;1;7;0;0.0;1.0;0.0;0.0;Z01
35345;201400023570;0;7;0;0.0;0.0;1.0;0.0;A01
35346;201400023570;0;7;0;0.0;0.0;0.0;0.0;C01
35347;201400023570;0;7;0;0.0;2.0;0.0;0.0;B01
35348;201400023571;0;31;0;0.0;2.0;0.0;0.0;B01
35349;201400023571;0;7;0;0.0;2.0;0.0;0.0;C01
35350;201400023571;0;7;0;0.0;2.0;0.0;0.0;A01
35351;201400023572;0;7;0;0.0;2.0;8.0;0.0;B01
35352;201400023572;0;33;0;0.0;2.0;1.0;0.0;A01
35353;201400023573;0;7;0;0.0;2.0;8.0;15.0;A01
35354;201400023573;0;31;0;0.0;2.0;0.0;3.0;B01
35355;201400023574;0;7;0;0.0;1.0;0.0;0.0;A01
35356;201400023575;0;7;0;0.0;2.0;0.0;0.0;B01
35357;201400023575;0;7;0;0.0;2.0;1.0;0.0;C01
35358;201400023575;0;7;0;0.0;2.0;5.0;0.0;D01
35359;201400023575;0;7;0;0.0;2.0;1.0;0.0;A01
35360;201400023576;0;7;0;0.0;2.0;0.0;0.0;B01
35361;201400023576;0;7;0;0.0;2.0;0.0;0.0;A01
35362;201400023577;0;2;0;0.0;2.0;0.0;0.0;A01
35363;201400023577;0;7;0;0.0;2.0;0.0;0.0;B01
35364;201400023578;0;7;0;0.0;2.0;7.0;1.0;B01
35365;201400023578;0;32;0;0.0;2.0;8.0;13.0;A01
35366;201400023580;1;7;0;0.0;1.0;0.0;0.0;Z01
35367;201400023581;0;2;0;2.0;2.0;0.0;0.0;B01
35368;201400023581;0;7;0;0.0;2.0;0.0;0.0;A01
35369;201400023582;0;1;0;0.0;2.0;8.0;0.0;B01
35370;201400023582;0;7;0;0.0;2.0;1.0;2.0;A01
35371;201400023583;0;30;0;0.0;2.0;2.0;0.0;B01
35372;201400023583;0;7;0;0.0;2.0;3.0;0.0;A01
35373;201400023584;0;7;0;0.0;2.0;8.0;0.0;B01
35374;201400023584;0;99;0;0.0;2.0;1.0;0.0;A01
35375;201400023585;0;7;0;2.0;0.0;3.0;1.0;A01
35376;201400023586;0;7;0;0.0;2.0;1.0;2.0;C01
35377;201400023586;0;7;0;0.0;2.0;4.0;2.0;D01
35378;201400023586;0;7;0;0.0;2.0;1.0;2.0;B01
35379;201400023586;0;7;0;0.0;2.0;1.0;0.0;A01
35380;201400023587;0;31;0;0.0;2.0;1.0;0.0;A01
35381;201400023587;1;7;0;0.0;2.0;0.0;15.0;Z01
35382;201400023588;0;7;0;0.0;0.0;0.0;0.0;A01
35383;201400023590;0;31;0;0.0;2.0;1.0;1.0;B01
35384;201400023590;0;7;0;0.0;2.0;0.0;0.0;A01
35385;201400023591;0;7;0;0.0;2.0;8.0;15.0;A01
35386;201400023591;0;33;0;0.0;2.0;1.0;2.0;B01
35387;201400023592;0;7;0;0.0;9.0;0.0;2.0;A01
35388;201400023593;0;7;0;0.0;2.0;0.0;0.0;A01
35389;201400023593;0;7;0;0.0;2.0;0.0;0.0;B01
35390;201400023593;0;7;0;0.0;2.0;0.0;0.0;C01
35391;201400023594;0;7;0;0.0;2.0;4.0;0.0;C01
35392;201400023594;0;7;0;0.0;2.0;5.0;0.0;B01
35393;201400023594;0;7;0;0.0;2.0;1.0;0.0;A01
35394;201400023595;0;7;0;0.0;2.0;0.0;0.0;A01
35395;201400023595;0;31;0;0.0;2.0;0.0;0.0;B01
35396;201400023596;0;1;0;0.0;2.0;4.0;0.0;B01
35397;201400023596;0;7;0;0.0;2.0;2.0;0.0;A01
35398;201400023598;0;7;0;0.0;1.0;0.0;0.0;A01
35399;201400023599;0;7;0;0.0;2.0;1.0;0.0;B01
35400;201400023599;0;33;0;0.0;2.0;1.0;0.0;A01
35401;201400023600;0;1;0;0.0;2.0;0.0;0.0;B01
35402;201400023600;0;7;0;0.0;2.0;7.0;0.0;A01
35403;201400023601;0;2;0;0.0;2.0;1.0;2.0;A01
35404;201400023601;0;7;0;0.0;2.0;1.0;2.0;B01
35405;201400023602;0;1;0;0.0;1.0;1.0;0.0;A01
35406;201400023603;0;7;0;0.0;2.0;8.0;0.0;A01
35407;201400023603;0;33;0;0.0;2.0;1.0;0.0;B01
35408;201400023604;0;7;0;0.0;2.0;1.0;0.0;A01
35409;201400023604;0;33;0;0.0;2.0;1.0;0.0;B01
35410;201400023605;0;7;0;0.0;2.0;0.0;0.0;A01
35411;201400023605;0;33;0;0.0;2.0;0.0;0.0;B01
35412;201400023606;0;7;0;0.0;2.0;0.0;0.0;A01
35413;201400023606;0;7;0;0.0;2.0;0.0;0.0;B01
35414;201400023607;0;10;0;0.0;2.0;0.0;0.0;A01
35415;201400023607;0;1;0;0.0;2.0;0.0;0.0;B01
35416;201400023608;0;7;0;0.0;1.0;0.0;0.0;A01
35417;201400023609;0;7;0;0.0;2.0;0.0;0.0;B01
35418;201400023609;0;7;0;0.0;2.0;0.0;0.0;A01
35419;201400023610;0;7;0;0.0;1.0;0.0;0.0;A01
35420;201400023611;0;7;0;0.0;2.0;0.0;0.0;B01
35421;201400023611;0;7;0;0.0;2.0;0.0;0.0;A01
35422;201400023612;0;7;0;0.0;2.0;0.0;0.0;A01
35423;201400023612;0;33;0;0.0;2.0;0.0;0.0;B01
35424;201400023613;0;2;0;0.0;2.0;1.0;1.0;B01
35425;201400023613;0;7;0;0.0;2.0;4.0;16.0;A01
35426;201400023614;0;7;0;0.0;2.0;0.0;0.0;A01
35427;201400023614;0;1;0;1.0;2.0;0.0;0.0;B01
35428;201400023615;0;7;0;0.0;2.0;2.0;16.0;B01
35429;201400023615;0;31;0;0.0;2.0;1.0;1.0;A01
35430;201400023616;0;1;0;0.0;1.0;0.0;0.0;A01
35431;201400023617;0;7;0;0.0;1.0;3.0;1.0;B01
35432;201400023617;0;7;0;0.0;1.0;1.0;0.0;A01
35433;201400023618;0;7;0;0.0;2.0;0.0;0.0;A01
35434;201400023618;0;7;0;0.0;2.0;0.0;0.0;D01
35435;201400023618;0;7;0;0.0;2.0;0.0;0.0;B01
35436;201400023618;0;7;0;0.0;0.0;0.0;1.0;C01
35437;201400023619;0;7;0;0.0;2.0;0.0;0.0;B01
35438;201400023619;0;7;0;0.0;2.0;0.0;0.0;A01
35439;201400023620;0;7;0;0.0;2.0;0.0;0.0;A01
35440;201400023620;0;7;0;0.0;2.0;0.0;0.0;B01
35441;201400023621;0;7;0;0.0;2.0;2.0;16.0;B01
35442;201400023621;0;2;0;0.0;2.0;1.0;18.0;A01
35443;201400023622;0;7;0;0.0;1.0;0.0;0.0;A01
35444;201400023623;0;10;0;0.0;2.0;7.0;17.0;A01
35445;201400023623;0;30;0;0.0;2.0;3.0;1.0;B01
35446;201400023624;0;33;0;0.0;2.0;0.0;0.0;A01
35447;201400023624;1;7;0;0.0;2.0;0.0;0.0;Z01
35448;201400023625;0;33;0;0.0;2.0;0.0;0.0;B01
35449;201400023625;0;7;0;0.0;2.0;8.0;11.0;A01
35450;201400023626;0;33;0;0.0;2.0;0.0;0.0;B01
35451;201400023626;0;7;0;0.0;2.0;0.0;0.0;A01
35452;201400023627;0;7;0;0.0;0.0;0.0;0.0;A01
35453;201400023628;0;7;0;0.0;0.0;0.0;0.0;A01
35454;201400023629;0;7;0;0.0;2.0;0.0;0.0;A01
35455;201400023630;0;7;0;0.0;2.0;1.0;0.0;A01
35456;201400023630;0;33;0;0.0;2.0;0.0;0.0;B01
35457;201400023631;0;7;0;0.0;2.0;0.0;0.0;B01
35458;201400023631;0;7;0;0.0;2.0;0.0;0.0;A01
35459;201400023632;0;7;0;0.0;2.0;0.0;0.0;C01
35460;201400023632;0;7;0;0.0;2.0;0.0;0.0;A01
35461;201400023632;0;7;0;0.0;2.0;0.0;0.0;B01
35462;201400023633;0;7;0;0.0;2.0;4.0;23.0;C01
35463;201400023633;0;33;0;0.0;2.0;4.0;23.0;B01
35464;201400023633;0;7;0;0.0;2.0;1.0;2.0;A01
35465;201400023634;2;7;0;0.0;2.0;0.0;17.0;A01
35466;201400023634;0;7;0;0.0;2.0;1.0;1.0;B01
35467;201400023635;0;7;0;0.0;1.0;0.0;0.0;A01
35468;201400023637;0;7;0;0.0;2.0;0.0;0.0;C01
35469;201400023637;0;33;0;0.0;2.0;0.0;0.0;A01
35470;201400023637;0;7;0;0.0;2.0;0.0;0.0;B01
35471;201400023638;0;37;1;0.0;2.0;0.0;0.0;B01
35472;201400023638;0;7;0;0.0;2.0;0.0;0.0;A01
35473;201400023639;0;7;0;0.0;1.0;0.0;0.0;A01
35474;201400023640;0;7;0;0.0;2.0;0.0;0.0;B01
35475;201400023640;0;7;0;0.0;2.0;0.0;0.0;A01
35476;201400023641;0;37;1;0.0;2.0;0.0;0.0;A01
35477;201400023641;0;7;0;0.0;2.0;0.0;0.0;B01
35478;201400023642;0;7;0;0.0;2.0;0.0;0.0;A01
35479;201400023642;0;7;0;0.0;2.0;0.0;0.0;B01
35480;201400023643;0;7;0;0.0;1.0;1.0;15.0;A01
35481;201400023644;0;7;0;0.0;1.0;0.0;0.0;A01
35482;201400023645;0;1;0;0.0;2.0;1.0;1.0;B01
35483;201400023645;0;7;0;0.0;2.0;3.0;1.0;A01
35484;201400023646;0;33;0;9.0;0.0;1.0;1.0;A01
35485;201400023647;0;33;0;0.0;2.0;1.0;1.0;B01
35486;201400023647;0;7;0;0.0;2.0;1.0;15.0;A01
35487;201400023648;0;30;0;0.0;2.0;4.0;2.0;B01
35488;201400023648;0;7;0;0.0;2.0;1.0;2.0;A01
35489;201400023649;0;33;0;0.0;2.0;1.0;1.0;B01
35490;201400023649;0;7;0;0.0;2.0;2.0;15.0;A01
35491;201400023650;0;1;0;0.0;2.0;1.0;1.0;B01
35492;201400023650;1;7;0;0.0;2.0;1.0;5.0;Z01
35493;201400023651;0;2;0;0.0;2.0;0.0;15.0;A01
35494;201400023651;0;7;0;0.0;2.0;1.0;1.0;B01
35495;201400023652;0;7;0;0.0;0.0;4.0;23.0;B01
35496;201400023652;0;7;0;0.0;2.0;1.0;1.0;A01
35497;201400023653;0;7;0;0.0;1.0;5.0;0.0;A01
35498;201400023654;0;2;0;0.0;2.0;1.0;1.0;B01
35499;201400023654;0;7;0;0.0;2.0;1.0;15.0;A01
35500;201400023655;0;7;0;0.0;2.0;4.0;1.0;B01
35501;201400023655;0;7;0;0.0;2.0;1.0;2.0;A01
35502;201400023656;0;30;0;0.0;2.0;1.0;16.0;A01
35503;201400023656;0;10;0;0.0;2.0;2.0;15.0;B01
35504;201400023657;0;33;0;0.0;2.0;3.0;2.0;A01
35505;201400023657;0;7;0;0.0;2.0;5.0;20.0;B01
35506;201400023658;0;30;0;0.0;0.0;8.0;21.0;B01
35507;201400023658;0;7;0;0.0;0.0;0.0;16.0;A01
35508;201400023659;0;7;0;0.0;1.0;0.0;0.0;A01
35509;201400023660;0;31;0;0.0;2.0;0.0;0.0;A01
35510;201400023660;0;7;0;0.0;2.0;0.0;0.0;B01
35511;201400023661;0;7;0;0.0;1.0;0.0;0.0;A01
35512;201400023662;0;7;0;0.0;2.0;0.0;0.0;B01
35513;201400023662;0;2;0;0.0;2.0;0.0;0.0;A01
35514;201400023663;0;7;0;0.0;2.0;0.0;0.0;A01
35515;201400023663;0;7;0;0.0;2.0;0.0;0.0;B01
35516;201400023664;0;7;0;0.0;2.0;1.0;1.0;B01
35517;201400023664;0;7;0;0.0;2.0;0.0;0.0;A01
35518;201400023665;0;7;0;0.0;2.0;4.0;0.0;B01
35519;201400023665;0;7;0;0.0;2.0;1.0;0.0;A01
35520;201400023666;1;7;0;0.0;1.0;8.0;0.0;Z01
35521;201400023667;0;2;0;0.0;2.0;1.0;0.0;B01
35522;201400023667;0;10;0;0.0;2.0;8.0;0.0;A01
35523;201400023668;0;7;0;0.0;2.0;1.0;0.0;A01
35524;201400023669;0;2;0;0.0;2.0;1.0;0.0;A01
35525;201400023669;0;7;0;0.0;2.0;4.0;0.0;B01
35526;201400023670;0;2;0;0.0;2.0;0.0;0.0;B01
35527;201400023670;0;99;0;0.0;2.0;7.0;0.0;A01
35528;201400023672;0;7;0;0.0;2.0;3.0;15.0;A01
35529;201400023672;0;33;0;0.0;2.0;1.0;17.0;B01
35530;201400023674;0;7;0;0.0;2.0;1.0;1.0;B01
35531;201400023674;0;7;0;0.0;2.0;3.0;19.0;A01
35532;201400023675;0;7;0;0.0;2.0;9.0;1.0;A01
35533;201400023675;0;7;0;0.0;2.0;1.0;15.0;B02
35534;201400023675;0;7;0;0.0;2.0;1.0;1.0;C03
35535;201400023676;0;33;0;0.0;2.0;4.0;9.0;A01
35536;201400023676;0;30;0;0.0;2.0;1.0;1.0;B02
35537;201400023677;0;10;0;0.0;2.0;3.0;5.0;A01
35538;201400023677;0;17;0;0.0;2.0;3.0;1.0;B02
35539;201400023678;0;7;0;0.0;2.0;2.0;15.0;A01
35540;201400023678;0;33;0;0.0;2.0;1.0;1.0;B02
35541;201400023679;0;7;0;0.0;1.0;1.0;1.0;A01
35542;201400023680;0;33;0;6.0;0.0;1.0;1.0;A01
35543;201400023681;0;7;0;0.0;2.0;5.0;16.0;A01
35544;201400023681;0;1;0;0.0;2.0;1.0;1.0;B02
35545;201400023682;0;17;0;3.0;0.0;2.0;2.0;A01
35546;201400023683;0;7;0;0.0;2.0;1.0;2.0;A01
35547;201400023683;0;17;0;0.0;0.0;4.0;0.0;B02
35548;201400023684;0;7;0;3.0;0.0;1.0;1.0;A01
35549;201400023685;2;7;0;0.0;2.0;1.0;2.0;A01
35550;201400023685;0;7;0;0.0;2.0;0.0;2.0;B02
35551;201400023686;0;38;71;0.0;0.0;4.0;2.0;A01
35552;201400023686;0;7;0;0.0;2.0;1.0;2.0;B02
35553;201400023687;0;7;0;3.0;0.0;9.0;1.0;A01
35554;201400023689;0;17;0;4.0;0.0;2.0;1.0;A01
35555;201400023690;2;7;0;0.0;2.0;1.0;1.0;A01
35556;201400023690;0;10;0;0.0;0.0;4.0;1.0;B02
35557;201400023692;0;7;0;10.0;0.0;3.0;1.0;A01
35558;201400023693;0;33;0;0.0;2.0;1.0;3.0;A01
35559;201400023693;0;7;0;0.0;2.0;4.0;1.0;B02
35560;201400023694;0;7;0;0.0;0.0;4.0;2.0;C03
35561;201400023694;0;7;0;0.0;2.0;1.0;2.0;A01
35562;201400023694;0;7;0;0.0;2.0;4.0;2.0;B02