;Num_Acc;senc;catv;occutc;obs;obsm;choc;manv;num_veh
35563;201400023696;0;17;0;0.0;0.0;6.0;1.0;B02
35564;201400023696;0;7;0;0.0;2.0;2.0;17.0;A01
35565;201400023697;0;7;0;0.0;2.0;7.0;12.0;A01
35566;201400023697;0;7;0;0.0;2.0;8.0;1.0;B02
35567;201400023698;0;7;0;3.0;0.0;2.0;1.0;A01
35568;201400023699;0;7;0;0.0;2.0;7.0;12.0;A01
35569;201400023699;0;33;0;0.0;2.0;8.0;1.0;B02
35570;201400023700;0;14;0;0.0;0.0;0.0;11.0;B02
35571;201400023700;0;10;0;4.0;0.0;3.0;1.0;A01
35572;201400023701;0;7;0;4.0;0.0;1.0;1.0;A01
35573;201400023702;0;10;0;1.0;1.0;1.0;14.0;A01
35574;201400023703;0;7;0;0.0;2.0;1.0;1.0;B02
35575;201400023703;0;7;0;3.0;2.0;3.0;0.0;A01
35576;201400023704;0;10;0;0.0;2.0;2.0;12.0;B02
35577;201400023704;0;15;0;0.0;0.0;6.0;0.0;A01
35578;201400023705;0;7;0;4.0;2.0;3.0;1.0;A01
35579;201400023705;0;7;0;0.0;2.0;3.0;1.0;B02
35580;201400023706;0;32;0;4.0;0.0;2.0;0.0;A01
35581;201400023707;0;7;0;0.0;2.0;4.0;2.0;C03
35582;201400023707;0;7;0;0.0;2.0;4.0;2.0;B02
35583;201400023707;0;7;0;0.0;2.0;1.0;2.0;A01
35584;201400023708;0;7;0;0.0;2.0;4.0;1.0;B02
35585;201400023708;0;7;0;0.0;2.0;1.0;14.0;A01
35586;201400023709;0;7;0;4.0;0.0;3.0;1.0;B02
35587;201400023709;0;7;0;0.0;2.0;0.0;0.0;C03
35588;201400023709;0;7;0;0.0;2.0;2.0;14.0;A01
35589;201400023710;0;34;0;0.0;2.0;8.0;3.0;B02
35590;201400023710;0;7;0;0.0;2.0;5.0;1.0;C03
35591;201400023710;0;33;0;0.0;2.0;3.0;3.0;A01
35592;201400023711;0;7;0;3.0;0.0;1.0;24.0;A01
35593;201400023711;0;7;0;1.0;1.0;2.0;1.0;B02
35594;201400023712;0;7;0;3.0;0.0;3.0;1.0;A01
35595;201400023713;0;7;0;0.0;2.0;4.0;1.0;A01
35596;201400023713;0;7;0;0.0;2.0;1.0;1.0;B02
35597;201400023715;0;7;0;0.0;2.0;4.0;1.0;B02
35598;201400023715;0;7;0;0.0;2.0;1.0;1.0;A01
35599;201400023716;0;10;0;0.0;2.0;1.0;1.0;A01
35600;201400023716;0;7;0;0.0;0.0;4.0;1.0;B02
35601;201400023717;0;7;0;6.0;0.0;1.0;14.0;A01
35602;201400023718;0;7;0;0.0;0.0;1.0;2.0;B02
35603;201400023718;0;7;0;0.0;0.0;7.0;13.0;A01
35604;201400023719;0;7;0;3.0;0.0;1.0;1.0;A01
35605;201400023721;0;7;0;0.0;2.0;2.0;14.0;A01
35606;201400023721;0;7;0;0.0;2.0;3.0;1.0;B02
35607;201400023722;0;7;0;3.0;0.0;1.0;14.0;A01
35608;201400023723;0;10;0;4.0;0.0;3.0;2.0;A01
35609;201400023724;0;15;0;0.0;2.0;1.0;2.0;A01
35610;201400023724;0;15;0;3.0;2.0;4.0;2.0;B02
35611;201400023725;0;7;0;4.0;0.0;3.0;1.0;A01
35612;201400023726;0;7;0;13.0;0.0;0.0;3.0;A01
35613;201400023727;0;10;0;3.0;0.0;5.0;1.0;B02
35614;201400023727;0;7;0;4.0;2.0;1.0;17.0;A01
35615;201400023728;0;38;40;9.0;2.0;1.0;1.0;B02
35616;201400023728;0;7;0;0.0;2.0;1.0;13.0;A01
35617;201400023729;0;7;0;0.0;2.0;2.0;2.0;A01
35618;201400023729;0;17;0;0.0;0.0;6.0;1.0;B02
35619;201400023730;0;10;0;0.0;2.0;2.0;1.0;A01
35620;201400023730;0;7;0;0.0;0.0;6.0;2.0;B02
35621;201400023731;0;7;0;0.0;0.0;3.0;1.0;B02
35622;201400023731;0;7;0;0.0;2.0;1.0;21.0;A01
35623;201400023733;0;7;0;0.0;2.0;2.0;1.0;A01
35624;201400023733;0;21;0;0.0;2.0;6.0;1.0;B02
35625;201400023734;0;17;0;0.0;0.0;5.0;23.0;A01
35626;201400023734;0;7;0;14.0;0.0;1.0;1.0;B02
35627;201400023735;0;7;0;0.0;2.0;1.0;1.0;A01
35628;201400023735;0;37;7;0.0;2.0;3.0;1.0;B02
35629;201400023736;0;17;0;0.0;2.0;3.0;1.0;B02
35630;201400023736;0;7;0;0.0;2.0;1.0;13.0;A01
35631;201400023737;0;14;0;13.0;0.0;7.0;1.0;A01
35632;201400023738;0;7;0;0.0;0.0;8.0;19.0;A01
35633;201400023738;0;30;0;0.0;2.0;1.0;1.0;B02
35634;201400023739;0;7;0;0.0;0.0;4.0;2.0;C03
35635;201400023739;0;7;0;0.0;2.0;1.0;2.0;B02
35636;201400023739;0;7;0;0.0;2.0;1.0;2.0;A01
35637;201400023740;0;7;0;6.0;0.0;3.0;11.0;A01
35638;201400023742;0;7;0;13.0;0.0;1.0;1.0;A01
35639;201400023743;0;33;0;13.0;0.0;8.0;1.0;A01
35640;201400023744;0;7;0;2.0;0.0;3.0;1.0;A01
35641;201400023745;0;10;0;1.0;2.0;8.0;9.0;A01
35642;201400023745;0;14;0;0.0;2.0;2.0;1.0;B02
35643;201400023746;0;30;0;0.0;2.0;1.0;1.0;A01
35644;201400023746;0;7;0;0.0;2.0;4.0;1.0;B02
35645;201400023747;0;21;0;0.0;2.0;8.0;1.0;B02
35646;201400023747;0;30;0;0.0;9.0;8.0;1.0;A01
35647;201400023748;0;7;0;13.0;0.0;8.0;1.0;A01
35648;201400023749;0;7;0;0.0;2.0;1.0;13.0;A01
35649;201400023749;0;7;0;0.0;2.0;3.0;1.0;B01
35650;201400023750;0;7;0;16.0;0.0;9.0;14.0;A01
35651;201400023751;0;7;0;0.0;2.0;3.0;13.0;A01
35652;201400023751;0;10;0;0.0;2.0;3.0;1.0;B01
35653;201400023752;0;7;0;0.0;1.0;2.0;1.0;A01
35654;201400023753;0;7;0;0.0;2.0;3.0;15.0;A01
35655;201400023753;0;30;0;0.0;0.0;1.0;1.0;B01
35656;201400023755;0;7;0;14.0;0.0;1.0;17.0;A01
35657;201400023756;0;32;0;0.0;0.0;1.0;1.0;B01
35658;201400023756;0;7;0;0.0;2.0;1.0;15.0;A01
35659;201400023757;0;7;0;0.0;2.0;1.0;1.0;B01
35660;201400023757;0;10;0;0.0;0.0;8.0;15.0;A01
35661;201400023758;0;30;0;0.0;0.0;0.0;21.0;A01
35662;201400023759;0;7;0;0.0;1.0;3.0;1.0;A01
35663;201400023761;0;7;0;2.0;0.0;1.0;14.0;A01
35664;201400023762;0;7;0;0.0;6.0;1.0;1.0;A01
35665;201400023763;0;7;0;0.0;2.0;4.0;23.0;B01
35666;201400023763;0;33;0;0.0;2.0;1.0;2.0;A01
35667;201400023764;0;10;0;0.0;2.0;1.0;13.0;A01
35668;201400023764;0;7;0;0.0;2.0;8.0;1.0;B01
35669;201400023765;0;7;0;0.0;2.0;1.0;1.0;A01
35670;201400023765;0;7;0;0.0;2.0;4.0;1.0;B01
35671;201400023766;0;7;0;0.0;2.0;4.0;2.0;B01
35672;201400023766;0;7;0;0.0;2.0;4.0;2.0;C01
35673;201400023766;0;7;0;0.0;2.0;1.0;1.0;A01
35674;201400023767;0;30;0;0.0;0.0;9.0;1.0;A01
35675;201400023768;0;10;0;0.0;1.0;4.0;20.0;A01
35676;201400023769;0;7;0;2.0;0.0;1.0;13.0;A01
35677;201400023770;0;7;0;13.0;0.0;9.0;1.0;A01
35678;201400023771;0;7;0;0.0;2.0;1.0;16.0;B01
35679;201400023771;0;7;0;0.0;2.0;3.0;15.0;A01
35680;201400023772;0;7;0;0.0;2.0;2.0;2.0;A01
35681;201400023772;0;30;0;0.0;2.0;4.0;23.0;B01
35682;201400023773;0;10;0;0.0;1.0;4.0;4.0;A01
35683;201400023775;0;7;0;0.0;1.0;0.0;1.0;A01
35684;201400023776;0;14;0;0.0;2.0;3.0;1.0;B01
35685;201400023776;0;14;0;0.0;0.0;6.0;9.0;A01
35686;201400023777;0;7;0;0.0;1.0;3.0;13.0;A01
35687;201400023778;0;7;0;13.0;0.0;1.0;0.0;A01
35688;201400023779;0;7;0;0.0;1.0;1.0;15.0;A01
35689;201400023781;0;7;0;0.0;1.0;2.0;1.0;A01
35690;201400023782;0;10;0;0.0;1.0;2.0;1.0;A01
35691;201400023783;0;15;0;0.0;1.0;2.0;1.0;A01
35692;201400023784;0;30;0;3.0;0.0;0.0;1.0;A01
35693;201400023789;0;7;0;0.0;2.0;1.0;17.0;A01
35694;201400023789;0;15;0;0.0;0.0;6.0;1.0;C03
35695;201400023789;0;10;0;0.0;0.0;1.0;1.0;B02
35696;201400023790;0;33;0;0.0;6.0;9.0;1.0;A01
35697;201400023791;0;7;0;0.0;2.0;1.0;1.0;A01
35698;201400023791;0;7;0;0.0;2.0;1.0;1.0;B02
35699;201400023792;0;7;0;2.0;0.0;1.0;1.0;A01
35700;201400023793;0;7;0;7.0;0.0;1.0;1.0;A01
35701;201400023794;0;7;0;0.0;2.0;1.0;1.0;E05
35702;201400023794;0;17;0;3.0;2.0;1.0;6.0;A01
35703;201400023794;0;17;0;0.0;2.0;1.0;1.0;C03
35704;201400023795;0;15;0;0.0;0.0;6.0;1.0;B02
35705;201400023795;0;7;0;3.0;2.0;2.0;14.0;A01
35706;201400023796;0;7;0;0.0;2.0;1.0;2.0;A01
35707;201400023796;0;7;0;0.0;2.0;4.0;2.0;B02
35708;201400023797;0;7;0;3.0;0.0;1.0;15.0;A01
35709;201400023798;0;10;0;3.0;0.0;1.0;1.0;A01
35710;201400023799;0;7;0;13.0;0.0;2.0;14.0;A01
35711;201400023800;0;33;0;0.0;2.0;1.0;1.0;B02
35712;201400023800;0;7;0;0.0;2.0;3.0;10.0;A01
35713;201400023801;0;7;0;0.0;2.0;2.0;13.0;A01
35714;201400023801;0;7;0;0.0;2.0;1.0;1.0;B02
35715;201400023803;0;7;0;0.0;2.0;4.0;23.0;C03
35716;201400023803;0;7;0;0.0;2.0;4.0;23.0;B02
35717;201400023803;0;7;0;0.0;2.0;1.0;2.0;A01
35718;201400023804;0;33;0;0.0;0.0;8.0;21.0;A01
35719;201400023805;0;7;0;0.0;1.0;1.0;1.0;A01
35720;201400023807;0;7;0;8.0;0.0;9.0;1.0;A01
35721;201400023808;0;7;0;3.0;0.0;6.0;1.0;A01
35722;201400023809;0;7;0;12.0;0.0;1.0;14.0;A01
35723;201400023810;0;7;0;8.0;0.0;7.0;13.0;A01
35724;201400023811;0;7;0;0.0;2.0;2.0;15.0;A01
35725;201400023811;0;33;0;0.0;2.0;7.0;19.0;B02
35726;201400023812;0;7;0;0.0;2.0;1.0;1.0;B02
35727;201400023812;0;7;0;0.0;2.0;2.0;13.0;A01
35728;201400023813;0;7;0;0.0;2.0;1.0;1.0;A01
35729;201400023813;0;7;0;0.0;2.0;1.0;13.0;B02
35730;201400023814;0;33;0;0.0;2.0;7.0;1.0;B02
35731;201400023814;0;7;0;0.0;2.0;6.0;15.0;A01
35732;201400023815;0;7;0;13.0;0.0;2.0;1.0;A01
35733;201400023816;0;7;0;16.0;0.0;3.0;1.0;A01
35734;201400023817;0;33;0;2.0;0.0;7.0;1.0;A01
35735;201400023818;0;33;0;0.0;0.0;0.0;0.0;A01
35736;201400023818;0;21;0;0.0;0.0;3.0;0.0;B02
35737;201400023819;0;7;0;0.0;2.0;1.0;1.0;B02
35738;201400023819;0;7;0;0.0;2.0;1.0;17.0;A01
35739;201400023820;0;7;0;0.0;2.0;1.0;1.0;B02
35740;201400023820;0;7;0;0.0;2.0;1.0;13.0;A01
35741;201400023821;0;32;0;0.0;2.0;1.0;13.0;A01
35742;201400023821;0;10;0;0.0;2.0;1.0;1.0;B02
35743;201400023822;0;7;0;13.0;0.0;0.0;1.0;A01
35744;201400023823;0;32;0;0.0;2.0;4.0;1.0;B01
35745;201400023823;0;34;0;0.0;2.0;1.0;2.0;A01
35746;201400023824;0;7;0;0.0;2.0;1.0;0.0;B01
35747;201400023824;0;7;0;0.0;2.0;8.0;1.0;A01
35748;201400023825;0;7;0;0.0;1.0;1.0;1.0;A01
35749;201400023826;0;7;0;0.0;2.0;1.0;1.0;A01
35750;201400023826;0;7;0;0.0;0.0;4.0;23.0;B01
35751;201400023827;0;7;0;0.0;2.0;3.0;1.0;B01
35752;201400023827;0;7;0;0.0;2.0;3.0;1.0;A01
35753;201400023828;0;30;0;0.0;2.0;7.0;17.0;A01
35754;201400023828;0;34;0;7.0;2.0;8.0;15.0;B01
35755;201400023829;0;30;0;0.0;2.0;1.0;1.0;A01
35756;201400023829;0;10;0;0.0;0.0;6.0;1.0;B01
35757;201400023830;0;7;0;0.0;2.0;3.0;10.0;A01
35758;201400023830;0;33;0;0.0;2.0;2.0;1.0;B01
35759;201400023831;0;10;0;0.0;2.0;1.0;1.0;A01
35760;201400023831;0;10;0;0.0;0.0;4.0;1.0;B01
35761;201400023832;0;10;0;0.0;2.0;8.0;15.0;B01
35762;201400023832;0;2;0;0.0;2.0;2.0;17.0;A01
35763;201400023833;0;34;0;5.0;9.0;1.0;1.0;A01
35764;201400023833;0;1;0;0.0;9.0;1.0;1.0;B01
35765;201400023835;0;7;0;0.0;2.0;2.0;1.0;B01
35766;201400023835;0;2;0;0.0;2.0;1.0;15.0;A01
35767;201400023836;0;7;0;0.0;2.0;7.0;15.0;A01
35768;201400023836;0;7;0;0.0;2.0;1.0;1.0;B01
35769;201400023838;0;7;0;1.0;1.0;1.0;0.0;A01
35770;201400023839;0;10;0;0.0;2.0;1.0;13.0;A01
35771;201400023839;0;7;0;0.0;2.0;1.0;1.0;B01
35772;201400023840;0;7;0;0.0;2.0;3.0;9.0;A01
35773;201400023840;0;31;0;0.0;0.0;5.0;1.0;B01
35774;201400023841;0;7;0;0.0;2.0;3.0;9.0;A01
35775;201400023841;0;7;0;0.0;2.0;2.0;1.0;B01
35776;201400023842;0;7;0;2.0;0.0;1.0;13.0;A01
35777;201400023843;0;7;0;0.0;1.0;3.0;1.0;A01
35778;201400023844;0;7;0;0.0;2.0;3.0;15.0;A01
35779;201400023844;0;31;0;0.0;2.0;8.0;1.0;B01
35780;201400023845;0;33;0;0.0;2.0;1.0;17.0;A01
35781;201400023845;0;7;0;0.0;0.0;0.0;1.0;B01
35782;201400023846;0;7;0;0.0;2.0;2.0;15.0;A01
35783;201400023846;0;10;0;0.0;2.0;3.0;1.0;B01
35784;201400023847;0;7;0;0.0;2.0;2.0;1.0;B01
35785;201400023847;0;7;0;1.0;2.0;3.0;9.0;A01
35786;201400023848;0;2;0;0.0;2.0;1.0;15.0;A01
35787;201400023848;0;7;0;0.0;2.0;8.0;1.0;B01
35788;201400023849;0;2;0;0.0;0.0;8.0;1.0;A01
35789;201400023850;0;1;0;0.0;1.0;1.0;1.0;A01
35790;201400023851;0;1;0;0.0;2.0;1.0;1.0;B01
35791;201400023851;0;10;0;0.0;2.0;2.0;16.0;A01
35792;201400023852;0;7;0;0.0;2.0;2.0;15.0;B01
35793;201400023852;0;2;0;0.0;2.0;1.0;1.0;A01
35794;201400023853;0;7;0;0.0;2.0;3.0;13.0;A01
35795;201400023853;0;10;0;0.0;2.0;3.0;1.0;B01
35796;201400023854;0;10;0;0.0;9.0;0.0;1.0;A01
35797;201400023854;0;10;0;0.0;9.0;8.0;1.0;B01
35798;201400023854;0;7;0;3.0;9.0;1.0;1.0;C01
35799;201400023854;0;7;0;3.0;9.0;8.0;1.0;D01
35800;201400023855;0;10;0;0.0;2.0;3.0;1.0;B01
35801;201400023855;0;1;0;0.0;2.0;1.0;1.0;A01
35802;201400023856;0;2;0;0.0;2.0;1.0;13.0;A01
35803;201400023856;0;7;0;0.0;2.0;3.0;1.0;B01
35804;201400023857;0;7;0;0.0;2.0;1.0;1.0;A01
35805;201400023857;0;2;0;0.0;2.0;1.0;1.0;B01
35806;201400023858;0;7;0;1.0;2.0;2.0;1.0;A01
35807;201400023858;0;7;0;0.0;2.0;3.0;15.0;B01
35808;201400023859;0;1;0;0.0;2.0;1.0;1.0;A01
35809;201400023859;0;7;0;0.0;2.0;5.0;9.0;B01
35810;201400023860;0;7;0;0.0;2.0;3.0;1.0;B01
35811;201400023860;0;1;0;0.0;2.0;1.0;1.0;A01
35812;201400023861;0;7;0;0.0;1.0;7.0;1.0;B01
35813;201400023862;0;30;0;0.0;2.0;1.0;1.0;B01
35814;201400023862;0;7;0;0.0;2.0;1.0;15.0;A01
35815;201400023863;0;30;0;0.0;2.0;1.0;1.0;B01
35816;201400023863;0;7;0;0.0;2.0;3.0;15.0;A01
35817;201400023864;0;7;0;0.0;2.0;1.0;1.0;A01
35818;201400023864;0;1;0;0.0;0.0;0.0;1.0;B01
35819;201400023866;0;7;0;0.0;2.0;2.0;16.0;A01
35820;201400023866;0;2;0;0.0;2.0;1.0;1.0;B01
35821;201400023867;0;7;0;0.0;2.0;0.0;1.0;A01
35822;201400023867;0;2;0;0.0;2.0;0.0;1.0;B01
35823;201400023868;0;33;0;0.0;2.0;7.0;13.0;A01
35824;201400023868;0;7;0;0.0;2.0;2.0;13.0;B02
35825;201400023869;0;7;0;0.0;2.0;3.0;1.0;A01
35826;201400023869;0;1;0;0.0;2.0;1.0;13.0;B02
35827;201400023870;0;10;0;0.0;2.0;3.0;15.0;A01
35828;201400023870;0;7;0;0.0;2.0;3.0;16.0;B02
35829;201400023871;0;14;0;0.0;2.0;6.0;1.0;A01
35830;201400023871;0;30;0;0.0;2.0;3.0;13.0;B02
35831;201400023872;0;7;0;0.0;2.0;3.0;15.0;B02
35832;201400023872;0;7;0;0.0;2.0;3.0;1.0;A01
35833;201400023873;0;31;0;0.0;2.0;1.0;5.0;A01
35834;201400023873;0;7;0;0.0;2.0;3.0;13.0;B02
35835;201400023874;0;33;0;0.0;0.0;8.0;1.0;A01
35836;201400023875;0;10;0;16.0;0.0;0.0;13.0;A01
35837;201400023876;0;10;0;2.0;0.0;1.0;1.0;A01
35838;201400023877;0;1;0;0.0;2.0;0.0;15.0;A01
35839;201400023877;0;7;0;0.0;0.0;0.0;1.0;B01
35840;201400023878;0;10;0;0.0;2.0;2.0;16.0;A01
35841;201400023878;0;1;0;0.0;2.0;3.0;1.0;B01
35842;201400023879;0;1;0;0.0;2.0;0.0;1.0;B01
35843;201400023879;0;7;0;0.0;2.0;1.0;16.0;A01
35844;201400023880;0;2;0;0.0;0.0;7.0;1.0;A01
35845;201400023880;1;7;0;0.0;0.0;0.0;1.0;Z01
35846;201400023881;0;2;0;1.0;0.0;1.0;1.0;A01
35847;201400023881;0;7;0;0.0;0.0;4.0;24.0;B01
35848;201400023884;0;1;0;0.0;2.0;1.0;1.0;A01
35849;201400023884;0;10;0;0.0;0.0;2.0;1.0;B01
35850;201400023885;0;31;0;0.0;2.0;1.0;13.0;A01
35851;201400023885;0;30;0;0.0;0.0;7.0;1.0;B01
35852;201400023886;0;7;0;0.0;1.0;0.0;1.0;A01
35853;201400023887;0;7;0;0.0;2.0;1.0;1.0;A01
35854;201400023887;0;7;0;0.0;0.0;4.0;1.0;B01
35855;201400023888;0;13;0;3.0;1.0;1.0;1.0;A01
35856;201400023889;0;7;0;0.0;1.0;1.0;2.0;A01
35857;201400023890;0;10;0;0.0;0.0;6.0;1.0;B01
35858;201400023890;0;15;0;0.0;2.0;1.0;1.0;C01
35859;201400023890;0;10;0;0.0;2.0;2.0;1.0;A01
35860;201400023891;0;1;0;0.0;2.0;1.0;19.0;A01
35861;201400023891;0;7;0;0.0;0.0;2.0;23.0;B01
35862;201400023893;0;7;0;0.0;1.0;3.0;15.0;A01
35863;201400023894;0;7;0;0.0;2.0;1.0;1.0;A01
35864;201400023894;0;37;2;0.0;2.0;1.0;1.0;B01
35865;201400023895;0;7;0;4.0;0.0;9.0;1.0;A01
35866;201400023896;0;7;0;0.0;0.0;1.0;1.0;B01
35867;201400023896;0;7;0;0.0;0.0;3.0;15.0;A01
35868;201400023897;0;7;0;0.0;2.0;1.0;15.0;A01
35869;201400023897;0;31;0;0.0;2.0;7.0;1.0;B01
35870;201400023898;0;2;0;0.0;0.0;8.0;1.0;A01
35871;201400023900;0;7;0;0.0;2.0;1.0;2.0;C01
35872;201400023900;0;7;0;0.0;2.0;1.0;2.0;B01
35873;201400023900;0;7;0;0.0;2.0;3.0;2.0;A01
35874;201400023902;0;7;0;0.0;2.0;7.0;15.0;A01
35875;201400023902;0;7;0;0.0;2.0;1.0;1.0;B01
35876;201400023903;0;2;0;0.0;0.0;2.0;1.0;A01
35877;201400023904;0;7;0;0.0;2.0;4.0;2.0;B01
35878;201400023904;0;7;0;0.0;2.0;1.0;2.0;A01
35879;201400023905;0;7;0;0.0;2.0;1.0;1.0;B01
35880;201400023905;2;7;0;0.0;2.0;1.0;13.0;Z01
35881;201400023906;0;7;0;0.0;2.0;1.0;23.0;B01
35882;201400023906;0;7;0;0.0;0.0;4.0;23.0;C01
35883;201400023906;0;7;0;0.0;2.0;1.0;1.0;A01
35884;201400023907;0;7;0;0.0;2.0;1.0;1.0;A01
35885;201400023907;0;1;0;0.0;0.0;7.0;15.0;B01
35886;201400023908;0;7;0;0.0;1.0;1.0;1.0;A01
35887;201400023909;0;7;0;0.0;2.0;2.0;1.0;A01
35888;201400023909;0;33;0;0.0;2.0;8.0;1.0;B01
35889;201400023910;0;2;0;0.0;1.0;1.0;1.0;A01
35890;201400023911;0;10;0;0.0;0.0;6.0;1.0;C01
35891;201400023911;0;10;0;0.0;2.0;1.0;1.0;A01
35892;201400023911;0;7;0;6.0;2.0;8.0;1.0;B01
35893;201400023912;0;7;0;3.0;0.0;2.0;1.0;A01
35894;201400023913;0;7;0;0.0;0.0;2.0;1.0;B01
35895;201400023913;0;1;0;0.0;0.0;7.0;1.0;A01
35896;201400023914;0;7;0;0.0;0.0;7.0;23.0;B01
35897;201400023914;0;2;0;1.0;0.0;1.0;1.0;A01
35898;201400023915;0;7;0;0.0;1.0;1.0;1.0;A01
35899;201400023916;0;7;0;0.0;2.0;1.0;15.0;A01
35900;201400023916;0;7;0;0.0;2.0;3.0;1.0;B01
35901;201400023917;0;7;0;0.0;0.0;2.0;15.0;A01
35902;201400023917;0;2;0;0.0;2.0;1.0;1.0;B01
35903;201400023918;0;7;0;0.0;2.0;1.0;15.0;A01
35904;201400023918;0;33;0;0.0;0.0;7.0;1.0;B01
35905;201400023919;0;7;0;0.0;2.0;2.0;1.0;B01
35906;201400023919;0;7;0;0.0;2.0;3.0;1.0;A01
35907;201400023920;0;10;0;0.0;2.0;2.0;15.0;A01
35908;201400023920;0;33;0;0.0;2.0;0.0;1.0;B01
35909;201400023922;0;30;0;0.0;2.0;3.0;1.0;A01
35910;201400023922;0;7;0;0.0;2.0;2.0;1.0;B01
35911;201400023923;0;7;0;0.0;2.0;3.0;1.0;A01
35912;201400023923;0;17;0;0.0;0.0;5.0;1.0;B01
35913;201400023924;0;10;0;0.0;0.0;4.0;1.0;B01
35914;201400023924;0;10;0;0.0;2.0;1.0;1.0;A01
35915;201400023925;0;2;0;0.0;2.0;1.0;1.0;B01
35916;201400023925;0;7;0;0.0;2.0;1.0;15.0;A01
35917;201400023926;0;7;0;0.0;0.0;6.0;24.0;B01
35918;201400023926;0;2;0;0.0;2.0;1.0;1.0;A01
35919;201400023927;0;7;0;0.0;0.0;4.0;1.0;B01
35920;201400023927;0;30;0;0.0;2.0;1.0;2.0;A01
35921;201400023928;0;7;0;0.0;2.0;1.0;9.0;A01
35922;201400023928;0;30;0;0.0;0.0;4.0;1.0;B01
35923;201400023929;0;10;0;0.0;1.0;1.0;1.0;A01
35924;201400023930;0;40;0;0.0;1.0;2.0;1.0;A01
35925;201400023932;1;7;0;0.0;2.0;0.0;2.0;Z01
35926;201400023932;0;33;0;0.0;0.0;4.0;16.0;A01
35927;201400023933;0;7;0;0.0;0.0;2.0;16.0;A01
35928;201400023933;0;2;0;0.0;2.0;1.0;1.0;B01
35929;201400023934;0;7;0;0.0;0.0;4.0;23.0;B01
35930;201400023934;0;7;0;0.0;2.0;1.0;1.0;A01
35931;201400023935;0;1;0;0.0;2.0;1.0;19.0;A01
35932;201400023935;0;7;0;0.0;0.0;5.0;16.0;B01
35933;201400023936;0;10;0;0.0;1.0;4.0;4.0;A01
35934;201400023937;0;7;0;0.0;0.0;5.0;1.0;A01
35935;201400023937;0;1;0;0.0;2.0;6.0;1.0;B01
35936;201400023938;0;7;0;0.0;0.0;8.0;1.0;C01
35937;201400023938;0;7;0;0.0;0.0;3.0;22.0;A01
35938;201400023938;0;33;0;1.0;2.0;1.0;1.0;B01
35939;201400023939;0;31;0;0.0;2.0;1.0;17.0;A01
35940;201400023939;0;7;0;0.0;0.0;3.0;15.0;B01
35941;201400023940;0;7;0;0.0;0.0;8.0;1.0;A01
35942;201400023940;0;2;0;0.0;2.0;1.0;1.0;B01
35943;201400023941;0;7;0;0.0;0.0;2.0;15.0;A01
35944;201400023941;0;30;0;0.0;2.0;1.0;1.0;B01
35945;201400023942;0;7;0;0.0;2.0;1.0;1.0;A01
35946;201400023942;0;1;0;0.0;0.0;0.0;0.0;B01
35947;201400023943;0;7;0;0.0;1.0;0.0;15.0;A01
35948;201400023944;0;31;0;0.0;1.0;1.0;1.0;A01
35949;201400023945;0;7;0;0.0;0.0;4.0;1.0;B01
35950;201400023945;0;7;0;0.0;2.0;1.0;1.0;A01
35951;201400023946;0;10;0;0.0;2.0;3.0;1.0;A01
35952;201400023946;0;33;0;0.0;2.0;1.0;1.0;B01
35953;201400023947;0;2;0;0.0;2.0;7.0;1.0;B01
35954;201400023947;0;10;0;0.0;0.0;1.0;1.0;A01
35955;201400023948;0;7;0;0.0;2.0;0.0;1.0;B01
35956;201400023948;0;1;0;0.0;2.0;1.0;1.0;A01
35957;201400023949;1;7;0;0.0;0.0;0.0;14.0;Z01
35958;201400023949;0;7;0;2.0;0.0;1.0;14.0;A01
35959;201400023950;1;13;0;0.0;0.0;0.0;1.0;Z01
35960;201400023950;0;7;0;13.0;0.0;9.0;17.0;A01
35961;201400023951;0;7;0;0.0;1.0;2.0;1.0;A01
35962;201400023952;0;37;17;0.0;1.0;2.0;1.0;A01
35963;201400023953;0;7;0;0.0;1.0;1.0;1.0;A01
35964;201400023955;0;1;0;1.0;0.0;0.0;1.0;A01
35965;201400023955;0;7;0;0.0;0.0;3.0;24.0;B01
35966;201400023956;0;1;0;0.0;2.0;9.0;1.0;B01
35967;201400023956;0;7;0;0.0;2.0;1.0;9.0;A01
35968;201400023957;0;7;0;0.0;1.0;1.0;16.0;A01
35969;201400023958;0;7;0;0.0;1.0;1.0;1.0;A01
35970;201400023959;0;7;0;0.0;2.0;2.0;11.0;B01
35971;201400023959;0;7;0;0.0;0.0;3.0;2.0;A01
35972;201400023960;0;2;0;0.0;2.0;9.0;17.0;B01
35973;201400023960;0;7;0;0.0;0.0;1.0;15.0;A01
35974;201400023961;0;33;0;0.0;2.0;1.0;1.0;B01
35975;201400023961;0;7;0;0.0;0.0;3.0;15.0;A01
35976;201400023962;0;7;0;0.0;2.0;1.0;1.0;A01
35977;201400023962;0;7;0;0.0;0.0;5.0;1.0;B01
35978;201400023963;0;7;0;0.0;2.0;2.0;15.0;A01
35979;201400023963;0;7;0;0.0;2.0;1.0;1.0;B01
35980;201400023964;0;1;0;0.0;2.0;3.0;1.0;B01
35981;201400023964;0;7;0;0.0;0.0;5.0;22.0;A01
35982;201400023965;0;1;0;0.0;1.0;0.0;1.0;A01