;Num_Acc;senc;catv;occutc;obs;obsm;choc;manv;num_veh
36826;201400024481;0;7;0;0.0;0.0;4.0;23.0;B01
36827;201400024482;0;30;0;0.0;2.0;0.0;1.0;B01
36828;201400024482;0;7;0;0.0;2.0;0.0;0.0;Z01
36829;201400024484;0;7;0;13.0;0.0;3.0;16.0;A01
36830;201400024485;0;1;0;0.0;0.0;1.0;19.0;B01
36831;201400024485;1;7;0;0.0;2.0;1.0;1.0;Z01
36832;201400024486;0;33;0;0.0;2.0;7.0;1.0;A01
36833;201400024486;0;7;0;0.0;2.0;7.0;10.0;B01
36834;201400024487;0;7;0;0.0;1.0;1.0;16.0;A01
36835;201400024490;0;1;0;0.0;2.0;1.0;1.0;B01
36836;201400024490;0;7;0;0.0;2.0;2.0;16.0;A01
36837;201400024491;0;1;0;0.0;2.0;1.0;0.0;B01
36838;201400024491;0;7;0;0.0;9.0;2.0;0.0;A01
36839;201400024492;0;7;0;0.0;2.0;3.0;1.0;A01
36840;201400024492;0;1;0;0.0;2.0;2.0;2.0;B01
36841;201400024493;0;2;0;0.0;2.0;8.0;1.0;B01
36842;201400024493;0;7;0;0.0;0.0;1.0;1.0;A01
36843;201400024494;0;7;0;0.0;2.0;3.0;1.0;B01
36844;201400024494;0;7;0;0.0;2.0;3.0;15.0;A01
36845;201400024495;0;7;0;0.0;2.0;2.0;2.0;A01
36846;201400024495;0;33;0;0.0;0.0;2.0;2.0;B01
36847;201400024497;0;7;0;0.0;2.0;7.0;24.0;B01
36848;201400024497;2;7;0;0.0;0.0;0.0;1.0;Z01
36849;201400024498;0;1;0;0.0;1.0;0.0;1.0;A01
36850;201400024499;0;7;0;0.0;2.0;7.0;1.0;A01
36851;201400024499;0;2;0;0.0;2.0;1.0;1.0;B01
36852;201400024500;0;7;0;0.0;2.0;2.0;15.0;A01
36853;201400024500;0;1;0;0.0;2.0;1.0;1.0;B01
36854;201400024501;0;10;0;0.0;1.0;4.0;20.0;A01
36855;201400024502;0;7;0;0.0;2.0;2.0;16.0;A01
36856;201400024502;0;30;0;0.0;2.0;6.0;1.0;B01
36857;201400024504;1;7;0;0.0;1.0;0.0;2.0;Z01
36858;201400024505;0;7;0;0.0;2.0;6.0;1.0;A01
36859;201400024505;0;7;0;8.0;2.0;1.0;1.0;B01
36860;201400024506;0;30;0;11.0;0.0;1.0;1.0;A01
36861;201400024507;0;10;0;0.0;1.0;1.0;16.0;A01
36862;201400024508;0;7;0;0.0;2.0;3.0;1.0;A01
36863;201400024508;0;2;0;0.0;2.0;1.0;1.0;B01
36864;201400024509;0;7;0;0.0;2.0;3.0;1.0;A01
36865;201400024509;0;7;0;0.0;0.0;7.0;15.0;B01
36866;201400024510;0;7;0;0.0;2.0;1.0;0.0;A01
36867;201400024510;0;33;0;0.0;2.0;1.0;1.0;B01
36868;201400024511;0;7;0;0.0;1.0;2.0;0.0;A01
36869;201400024512;0;33;0;0.0;2.0;9.0;17.0;B01
36870;201400024512;0;7;0;0.0;0.0;3.0;10.0;A01
36871;201400024514;0;34;0;0.0;0.0;4.0;2.0;B01
36872;201400024514;0;10;0;14.0;0.0;1.0;2.0;A01
36873;201400024515;0;1;0;0.0;2.0;1.0;1.0;B01
36874;201400024515;0;7;0;0.0;2.0;2.0;16.0;A01
36875;201400024516;0;30;0;0.0;2.0;8.0;13.0;A01
36876;201400024516;0;1;0;0.0;2.0;1.0;1.0;B01
36877;201400024517;0;10;0;0.0;2.0;1.0;16.0;B01
36878;201400024517;0;1;0;0.0;2.0;7.0;19.0;A01
36879;201400024518;0;10;0;0.0;0.0;8.0;10.0;A01
36880;201400024518;0;2;0;0.0;2.0;1.0;17.0;B01
36881;201400024519;0;1;0;0.0;0.0;0.0;1.0;C01
36882;201400024519;1;7;0;0.0;1.0;0.0;2.0;Z01
36883;201400024519;0;2;0;0.0;2.0;4.0;1.0;B01
36884;201400024520;0;7;0;0.0;1.0;1.0;1.0;A01
36885;201400024521;0;7;0;0.0;2.0;2.0;16.0;A01
36886;201400024521;0;1;0;0.0;2.0;1.0;2.0;B01
36887;201400024522;0;1;0;0.0;2.0;1.0;2.0;A01
36888;201400024522;0;10;0;0.0;2.0;3.0;1.0;B01
36889;201400024523;0;7;0;0.0;2.0;3.0;1.0;B01
36890;201400024523;0;2;0;0.0;2.0;2.0;1.0;A01
36891;201400024524;0;7;0;0.0;0.0;4.0;1.0;A01
36892;201400024524;0;2;0;0.0;2.0;7.0;2.0;B01
36893;201400024525;0;2;0;0.0;0.0;7.0;1.0;C01
36894;201400024525;0;7;0;0.0;2.0;2.0;1.0;A01
36895;201400024525;0;10;0;0.0;0.0;8.0;1.0;B01
36896;201400024526;0;7;0;0.0;1.0;2.0;1.0;A01
36897;201400024528;0;31;0;0.0;2.0;1.0;1.0;B01
36898;201400024528;0;10;0;0.0;0.0;1.0;15.0;A01
36899;201400024529;2;30;0;0.0;2.0;7.0;1.0;Z01
36900;201400024529;0;33;0;0.0;2.0;8.0;1.0;B01
36901;201400024530;0;7;0;0.0;0.0;4.0;1.0;B01
36902;201400024530;0;10;0;0.0;2.0;1.0;2.0;A01
36903;201400024531;0;1;0;0.0;2.0;2.0;1.0;A01
36904;201400024531;0;10;0;0.0;2.0;3.0;16.0;B01
36905;201400024532;0;33;0;1.0;0.0;1.0;1.0;A01
36906;201400024532;0;7;0;0.0;2.0;1.0;23.0;B01
36907;201400024533;0;7;0;0.0;2.0;1.0;1.0;B01
36908;201400024533;0;1;0;0.0;0.0;7.0;1.0;A01
36909;201400024534;0;33;0;0.0;2.0;1.0;1.0;B01
36910;201400024534;0;7;0;0.0;0.0;3.0;15.0;A01
36911;201400024536;0;2;0;0.0;9.0;2.0;1.0;B01
36912;201400024536;0;1;0;0.0;0.0;8.0;9.0;A01
36913;201400024537;0;1;0;0.0;2.0;1.0;1.0;B01
36914;201400024537;0;7;0;0.0;0.0;7.0;15.0;A01
36915;201400024538;0;2;0;0.0;2.0;1.0;14.0;B01
36916;201400024538;0;7;0;0.0;2.0;1.0;15.0;A01
36917;201400024539;0;7;0;0.0;2.0;8.0;15.0;A01
36918;201400024539;1;7;0;0.0;2.0;4.0;4.0;Z01
36919;201400024540;0;2;0;0.0;0.0;7.0;1.0;A01
36920;201400024540;1;7;0;0.0;0.0;0.0;0.0;Z01
36921;201400024541;0;7;0;0.0;0.0;7.0;10.0;A01
36922;201400024541;0;33;0;0.0;2.0;8.0;1.0;B01
36923;201400024542;0;3;0;0.0;2.0;2.0;15.0;A01
36924;201400024542;0;30;0;0.0;2.0;1.0;1.0;B01
36925;201400024544;0;7;0;0.0;2.0;1.0;0.0;A01
36926;201400024544;0;1;0;0.0;2.0;1.0;1.0;B01
36927;201400024545;0;7;0;0.0;1.0;2.0;1.0;A01
36928;201400024546;0;7;0;0.0;2.0;1.0;15.0;A01
36929;201400024546;0;7;0;0.0;0.0;8.0;1.0;B01
36930;201400024547;0;7;0;0.0;2.0;3.0;9.0;A01
36931;201400024547;0;33;0;0.0;2.0;1.0;1.0;B01
36932;201400024548;0;7;0;0.0;0.0;8.0;15.0;B01
36933;201400024548;0;31;0;0.0;2.0;1.0;17.0;A01
36934;201400024549;0;33;0;0.0;2.0;1.0;1.0;B01
36935;201400024549;0;7;0;0.0;2.0;3.0;15.0;A01
36936;201400024550;0;37;1;0.0;1.0;7.0;1.0;A01
36937;201400024551;0;7;0;0.0;2.0;3.0;15.0;A01
36938;201400024551;0;2;0;0.0;2.0;1.0;1.0;B01
36939;201400024552;0;33;0;1.0;2.0;1.0;17.0;B01
36940;201400024552;0;10;0;0.0;2.0;8.0;15.0;A01
36941;201400024553;0;33;0;1.0;2.0;1.0;1.0;A01
36942;201400024553;0;10;0;0.0;2.0;4.0;2.0;B01
36943;201400024554;0;10;0;0.0;1.0;1.0;1.0;A01
36944;201400024555;0;7;0;0.0;0.0;6.0;10.0;A01
36945;201400024555;0;32;0;0.0;2.0;1.0;17.0;B01
36946;201400024556;0;1;0;0.0;0.0;0.0;19.0;B01
36947;201400024556;0;7;0;0.0;2.0;1.0;1.0;A01
36948;201400024557;0;1;0;0.0;2.0;1.0;1.0;A01
36949;201400024557;0;7;0;0.0;0.0;4.0;23.0;B01
36950;201400024558;0;7;0;0.0;1.0;3.0;1.0;A01
36951;201400024559;0;2;0;0.0;2.0;1.0;1.0;A01
36952;201400024559;0;33;0;0.0;2.0;1.0;1.0;B01
36953;201400024560;0;31;0;0.0;0.0;8.0;1.0;A01
36954;201400024561;0;1;0;0.0;2.0;3.0;1.0;B01
36955;201400024561;0;7;0;0.0;2.0;1.0;15.0;A01
36956;201400024563;0;33;0;0.0;2.0;1.0;1.0;B01
36957;201400024563;0;7;0;0.0;2.0;1.0;15.0;A01
36958;201400024564;0;7;0;0.0;2.0;7.0;9.0;A01
36959;201400024564;0;31;0;0.0;2.0;8.0;9.0;B01
36960;201400024565;0;2;0;0.0;2.0;1.0;2.0;B01
36961;201400024565;0;7;0;0.0;0.0;5.0;15.0;A01
36962;201400024566;0;7;0;0.0;1.0;2.0;15.0;A01
36963;201400024567;0;7;0;0.0;2.0;3.0;15.0;A01
36964;201400024567;0;2;0;0.0;2.0;1.0;1.0;B01
36965;201400024568;0;7;0;0.0;0.0;7.0;1.0;B01
36966;201400024568;0;1;0;0.0;2.0;1.0;1.0;A01
36967;201400024569;0;7;0;0.0;2.0;1.0;21.0;A01
36968;201400024569;0;33;0;0.0;2.0;8.0;1.0;B01
36969;201400024570;0;7;0;0.0;2.0;1.0;2.0;A01
36970;201400024570;0;7;0;0.0;0.0;4.0;16.0;B01
36971;201400024571;0;7;0;0.0;2.0;3.0;24.0;A01
36972;201400024571;0;1;0;1.0;0.0;2.0;0.0;B01
36973;201400024572;0;7;0;0.0;1.0;2.0;1.0;A01
36974;201400024573;0;32;0;0.0;1.0;2.0;1.0;A01
36975;201400024574;0;7;0;0.0;2.0;1.0;1.0;A01
36976;201400024574;0;1;0;0.0;0.0;0.0;0.0;B01
36977;201400024575;0;7;0;1.0;0.0;1.0;14.0;A01
36978;201400024576;0;7;0;0.0;0.0;4.0;23.0;B01
36979;201400024576;0;7;0;0.0;2.0;1.0;1.0;A01
36980;201400024577;0;33;0;0.0;2.0;1.0;1.0;A01
36981;201400024577;0;7;0;0.0;0.0;7.0;15.0;B01
36982;201400024578;0;7;0;0.0;2.0;1.0;2.0;A01
36983;201400024578;0;7;0;0.0;0.0;4.0;1.0;B01
36984;201400024579;0;2;0;0.0;2.0;8.0;1.0;B01
36985;201400024579;0;7;0;0.0;2.0;1.0;1.0;A01
36986;201400024580;0;7;0;0.0;2.0;2.0;16.0;Z01
36987;201400024580;0;1;0;0.0;2.0;1.0;1.0;B01
36988;201400024581;0;7;0;1.0;0.0;1.0;1.0;A01
36989;201400024582;0;7;0;0.0;0.0;2.0;1.0;A01
36990;201400024582;0;33;0;0.0;2.0;8.0;1.0;B01
36991;201400024583;0;1;0;0.0;2.0;0.0;1.0;A01
36992;201400024583;1;7;0;0.0;2.0;8.0;22.0;Z01
36993;201400024584;0;1;0;0.0;1.0;1.0;15.0;A01
36994;201400024586;0;7;0;0.0;2.0;7.0;2.0;A01
36995;201400024586;0;33;0;0.0;2.0;1.0;17.0;B01
36996;201400024587;0;30;0;0.0;2.0;1.0;1.0;B01
36997;201400024587;0;7;0;0.0;0.0;3.0;1.0;A01
36998;201400024588;0;7;0;0.0;2.0;1.0;1.0;A01
36999;201400024588;0;7;0;0.0;0.0;1.0;1.0;B01
37000;201400024588;0;7;0;0.0;0.0;4.0;1.0;C01
37001;201400024589;0;7;0;0.0;0.0;6.0;1.0;C01
37002;201400024589;0;7;0;0.0;2.0;1.0;2.0;A01
37003;201400024589;0;10;0;0.0;0.0;3.0;1.0;B01
37004;201400024591;0;7;0;0.0;2.0;1.0;1.0;B01
37005;201400024591;0;7;0;0.0;0.0;8.0;1.0;A01
37006;201400024592;0;7;0;0.0;0.0;6.0;15.0;A01
37007;201400024592;0;33;0;0.0;2.0;3.0;1.0;B01
37008;201400024593;0;33;0;0.0;2.0;1.0;1.0;B01
37009;201400024593;0;7;0;0.0;2.0;2.0;15.0;A01
37010;201400024594;0;7;0;0.0;0.0;4.0;1.0;A01
37011;201400024594;0;7;0;0.0;2.0;1.0;1.0;B01
37012;201400024595;0;7;0;0.0;0.0;2.0;20.0;A01
37013;201400024595;0;1;0;0.0;2.0;1.0;1.0;B01
37014;201400024596;0;7;0;12.0;0.0;2.0;1.0;A01
37015;201400024597;0;7;0;0.0;1.0;4.0;4.0;A01
37016;201400024598;0;7;0;0.0;0.0;7.0;15.0;A01
37017;201400024598;0;33;0;0.0;2.0;1.0;1.0;B01
37018;201400024600;0;13;0;0.0;2.0;4.0;24.0;B01
37019;201400024600;0;7;0;1.0;1.0;1.0;0.0;A01
37020;201400024601;0;1;0;0.0;2.0;1.0;1.0;B01
37021;201400024601;0;7;0;0.0;0.0;1.0;15.0;A01
37022;201400024602;1;7;0;0.0;2.0;3.0;18.0;Z01
37023;201400024602;0;7;0;0.0;0.0;8.0;1.0;A01
37024;201400024602;0;1;0;0.0;2.0;2.0;13.0;B01
37025;201400024603;0;40;0;0.0;2.0;2.0;1.0;A01
37026;201400024603;0;7;0;0.0;2.0;3.0;0.0;B01
37027;201400024604;0;1;0;0.0;2.0;2.0;19.0;B01
37028;201400024604;0;7;0;0.0;0.0;3.0;1.0;A01
37029;201400024605;0;7;0;0.0;0.0;7.0;15.0;A01
37030;201400024605;0;14;0;0.0;2.0;2.0;1.0;B01
37031;201400024606;0;7;0;0.0;2.0;3.0;16.0;A01
37032;201400024606;0;33;0;0.0;0.0;7.0;1.0;B01
37033;201400024607;0;7;0;0.0;1.0;1.0;1.0;A01
37034;201400024608;0;31;0;0.0;0.0;8.0;1.0;A01
37035;201400024608;0;7;0;0.0;0.0;0.0;15.0;B01
37036;201400024609;0;7;0;0.0;0.0;8.0;1.0;B01
37037;201400024609;0;1;0;0.0;2.0;4.0;1.0;A01
37038;201400024610;0;7;0;0.0;1.0;1.0;1.0;A01
37039;201400024611;0;7;0;0.0;1.0;4.0;23.0;B01
37040;201400024611;0;7;0;0.0;2.0;1.0;2.0;A01
37041;201400024612;0;37;1;0.0;2.0;3.0;1.0;A01
37042;201400024612;0;1;0;0.0;2.0;6.0;19.0;B01
37043;201400024613;0;7;0;0.0;0.0;8.0;10.0;A01
37044;201400024613;0;33;0;0.0;2.0;1.0;1.0;B01
37045;201400024614;0;1;0;0.0;0.0;1.0;0.0;A01
37046;201400024615;0;1;0;0.0;0.0;5.0;1.0;A01
37047;201400024615;0;10;0;0.0;2.0;1.0;1.0;B01
37048;201400024616;0;30;0;0.0;2.0;2.0;18.0;A01
37049;201400024616;0;7;0;0.0;2.0;7.0;16.0;B01
37050;201400024617;0;7;0;0.0;1.0;3.0;1.0;A01
37051;201400024618;0;7;0;0.0;0.0;8.0;1.0;A01
37052;201400024618;0;40;150;0.0;2.0;1.0;1.0;B01
37053;201400024619;0;1;0;0.0;2.0;0.0;0.0;B01
37054;201400024619;0;7;0;0.0;2.0;0.0;0.0;A01
37055;201400024620;0;7;0;0.0;2.0;1.0;15.0;A01
37056;201400024620;0;1;0;0.0;0.0;8.0;19.0;B01
37057;201400024621;0;7;0;0.0;2.0;1.0;9.0;A01
37058;201400024621;0;37;3;0.0;0.0;1.0;1.0;B01
37059;201400024622;0;37;1;0.0;1.0;3.0;0.0;A01
37060;201400024623;0;7;0;0.0;2.0;2.0;15.0;A01
37061;201400024623;0;7;0;0.0;2.0;1.0;1.0;B01
37062;201400024624;0;7;0;0.0;0.0;2.0;1.0;B01
37063;201400024624;0;10;0;0.0;2.0;1.0;1.0;A01
37064;201400024625;0;7;0;0.0;2.0;1.0;1.0;A01
37065;201400024625;0;7;0;0.0;2.0;1.0;1.0;B01
37066;201400024625;0;7;0;0.0;0.0;4.0;23.0;C01
37067;201400024626;0;1;0;0.0;2.0;7.0;0.0;B01
37068;201400024626;0;7;0;0.0;2.0;3.0;15.0;A01
37069;201400024627;0;7;0;0.0;2.0;1.0;1.0;A01
37070;201400024627;0;7;0;0.0;2.0;1.0;1.0;B01
37071;201400024628;1;7;0;0.0;0.0;7.0;15.0;A01
37072;201400024628;0;33;0;0.0;2.0;0.0;1.0;B01
37073;201400024629;0;1;0;0.0;0.0;3.0;1.0;B01
37074;201400024629;0;7;0;0.0;2.0;2.0;16.0;A01
37075;201400024630;0;10;0;0.0;2.0;1.0;1.0;A01
37076;201400024630;0;1;0;0.0;0.0;4.0;1.0;B01
37077;201400024631;0;1;0;0.0;2.0;1.0;1.0;A01
37078;201400024631;0;20;0;0.0;0.0;5.0;16.0;B01
37079;201400024632;0;7;0;0.0;2.0;6.0;1.0;B01
37080;201400024632;0;33;0;0.0;0.0;4.0;1.0;A01
37081;201400024633;0;40;150;0.0;1.0;1.0;1.0;A01
37082;201400024634;0;1;0;0.0;2.0;8.0;1.0;B01
37083;201400024634;0;2;0;0.0;2.0;1.0;1.0;A01
37084;201400024635;0;30;0;0.0;0.0;9.0;15.0;A01
37085;201400024636;0;7;0;0.0;0.0;3.0;9.0;A01
37086;201400024636;0;30;0;0.0;2.0;1.0;1.0;B01
37087;201400024637;0;7;0;0.0;0.0;7.0;1.0;A01
37088;201400024637;0;13;0;0.0;2.0;1.0;1.0;B01
37089;201400024638;0;7;0;0.0;0.0;0.0;1.0;A01
37090;201400024638;0;31;0;0.0;0.0;8.0;15.0;B01
37091;201400024639;0;20;0;0.0;2.0;1.0;2.0;A01
37092;201400024639;0;7;0;0.0;2.0;4.0;2.0;B01
37093;201400024639;0;7;0;0.0;0.0;4.0;1.0;C01
37094;201400024640;0;7;0;0.0;2.0;3.0;1.0;B01
37095;201400024640;0;2;0;0.0;2.0;1.0;1.0;A01
37096;201400024641;0;30;0;0.0;2.0;5.0;1.0;A01
37097;201400024641;0;10;0;0.0;2.0;3.0;12.0;B01
37098;201400024642;0;7;0;14.0;1.0;1.0;1.0;A01
37099;201400024643;0;1;0;0.0;1.0;1.0;1.0;A01
37100;201400024644;0;7;0;8.0;0.0;1.0;1.0;A01
37101;201400024645;0;1;0;0.0;1.0;0.0;1.0;A01
37102;201400024647;0;10;0;9.0;0.0;1.0;1.0;A01
37103;201400024648;0;34;0;0.0;2.0;1.0;1.0;A01
37104;201400024648;0;7;0;0.0;0.0;3.0;9.0;B01
37105;201400024649;0;34;0;0.0;2.0;3.0;21.0;A01
37106;201400024650;0;30;0;0.0;2.0;8.0;1.0;B01
37107;201400024650;0;7;0;0.0;2.0;1.0;1.0;A01
37108;201400024651;0;7;0;0.0;2.0;1.0;2.0;A01
37109;201400024651;0;7;0;0.0;2.0;4.0;0.0;B01
37110;201400024652;0;2;0;0.0;2.0;1.0;0.0;A01
37111;201400024652;0;7;0;0.0;2.0;2.0;0.0;B01
37112;201400024653;0;7;0;0.0;2.0;1.0;1.0;A01
37113;201400024653;0;7;0;0.0;0.0;8.0;1.0;B01
37114;201400024654;0;7;0;0.0;2.0;1.0;1.0;A01
37115;201400024654;0;7;0;0.0;0.0;4.0;23.0;B01
37116;201400024656;0;7;0;0.0;2.0;7.0;10.0;A01
37117;201400024656;0;10;0;0.0;2.0;1.0;1.0;B01
37118;201400024657;0;17;0;0.0;0.0;4.0;1.0;B01
37119;201400024657;0;7;0;0.0;2.0;1.0;1.0;A01
37120;201400024658;0;7;0;0.0;2.0;4.0;2.0;C01
37121;201400024658;0;7;0;0.0;2.0;1.0;2.0;A01
37122;201400024658;0;7;0;0.0;2.0;4.0;2.0;B01
37123;201400024659;0;7;0;0.0;1.0;8.0;1.0;A01
37124;201400024661;0;2;0;0.0;1.0;2.0;1.0;A01
37125;201400024662;0;33;0;0.0;2.0;3.0;0.0;A01
37126;201400024662;0;7;0;0.0;2.0;3.0;1.0;B01
37127;201400024663;0;2;0;0.0;0.0;4.0;23.0;A01
37128;201400024663;1;7;0;0.0;2.0;0.0;1.0;Z01
37129;201400024664;0;7;0;0.0;1.0;2.0;1.0;A01
37130;201400024665;0;31;0;0.0;2.0;1.0;1.0;B01
37131;201400024665;0;7;0;0.0;0.0;7.0;1.0;A01
37132;201400024666;0;1;0;0.0;2.0;3.0;1.0;A01
37133;201400024666;0;7;0;0.0;2.0;2.0;0.0;B01
37134;201400024667;0;7;0;0.0;2.0;7.0;20.0;A01
37135;201400024667;0;34;0;0.0;2.0;1.0;2.0;B01
37136;201400024668;0;7;0;0.0;2.0;1.0;1.0;A01
37137;201400024668;0;31;0;0.0;0.0;8.0;1.0;B01
37138;201400024669;0;7;0;0.0;0.0;7.0;15.0;A01
37139;201400024669;0;33;0;0.0;2.0;1.0;1.0;B01
37140;201400024670;0;7;0;0.0;2.0;2.0;1.0;A01
37141;201400024670;0;7;0;0.0;0.0;1.0;1.0;B01
37142;201400024671;0;1;0;0.0;0.0;8.0;19.0;B01
37143;201400024671;0;7;0;0.0;2.0;1.0;1.0;A01
37144;201400024672;0;10;0;0.0;1.0;3.0;0.0;A01
37145;201400024673;0;7;0;0.0;0.0;2.0;1.0;A01
37146;201400024673;0;7;0;0.0;0.0;1.0;16.0;B01
37147;201400024674;0;7;0;0.0;1.0;3.0;1.0;A01
37148;201400024675;0;33;0;0.0;2.0;0.0;1.0;A01
37149;201400024675;0;7;0;0.0;6.0;1.0;1.0;B01
37150;201400024676;0;40;125;0.0;2.0;3.0;1.0;B01
37151;201400024676;0;1;0;0.0;4.0;1.0;1.0;A01
37152;201400024677;0;7;0;0.0;0.0;3.0;10.0;A01
37153;201400024677;0;33;0;0.0;2.0;1.0;2.0;B01
37154;201400024678;0;1;0;0.0;2.0;2.0;19.0;A01
37155;201400024678;0;7;0;0.0;2.0;3.0;1.0;B01
37156;201400024679;0;7;0;0.0;1.0;1.0;1.0;A01
37157;201400024680;0;32;0;0.0;2.0;8.0;1.0;B01
37158;201400024680;0;7;0;0.0;2.0;1.0;15.0;A01
37159;201400024681;0;2;0;0.0;2.0;9.0;1.0;B01
37160;201400024681;0;7;0;0.0;0.0;2.0;15.0;A01
37161;201400024682;0;7;0;3.0;0.0;8.0;1.0;A01
37162;201400024682;0;7;0;0.0;2.0;1.0;1.0;B01
37163;201400024683;0;7;0;0.0;2.0;1.0;1.0;B01
37164;201400024683;0;7;0;0.0;0.0;1.0;1.0;A01
37165;201400024685;0;7;0;0.0;0.0;8.0;15.0;A01
37166;201400024685;0;37;4;0.0;2.0;1.0;1.0;B01
37167;201400024686;0;2;0;0.0;0.0;7.0;1.0;A01
37168;201400024687;0;7;0;0.0;0.0;0.0;0.0;A01
37169;201400024687;0;1;0;0.0;0.0;0.0;0.0;B01
37170;201400024688;0;2;0;0.0;0.0;0.0;1.0;A01
37171;201400024690;0;7;0;0.0;2.0;3.0;1.0;A01
37172;201400024690;0;1;0;0.0;2.0;4.0;1.0;B01
37173;201400024691;0;7;0;0.0;1.0;8.0;1.0;A01
37174;201400024693;1;7;0;0.0;0.0;0.0;1.0;Z01
37175;201400024693;0;33;0;1.0;0.0;7.0;21.0;A01
37176;201400024694;0;2;0;0.0;2.0;1.0;2.0;B01
37177;201400024694;0;7;0;0.0;2.0;8.0;16.0;A01
37178;201400024695;0;1;0;0.0;1.0;1.0;5.0;A01
37179;201400024696;0;31;0;0.0;2.0;3.0;1.0;B01
37180;201400024696;0;7;0;0.0;2.0;8.0;15.0;A01
37181;201400024697;0;7;0;0.0;2.0;1.0;1.0;A01
37182;201400024697;0;99;0;0.0;0.0;8.0;1.0;B01
37183;201400024698;0;2;0;0.0;2.0;8.0;1.0;A01
37184;201400024698;2;7;0;0.0;2.0;3.0;0.0;Z01
37185;201400024699;0;33;0;1.0;2.0;1.0;1.0;B01
37186;201400024699;0;7;0;0.0;0.0;8.0;16.0;A01
37187;201400024700;0;2;0;0.0;0.0;7.0;15.0;A01
37188;201400024701;0;7;0;0.0;2.0;2.0;9.0;A01
37189;201400024701;0;1;0;0.0;0.0;3.0;1.0;B01
37190;201400024702;0;1;0;0.0;0.0;3.0;16.0;A01
37191;201400024702;0;31;0;0.0;2.0;1.0;15.0;B01
37192;201400024703;0;33;0;0.0;2.0;1.0;1.0;A01
37193;201400024703;0;7;0;0.0;0.0;6.0;1.0;B01
37194;201400024705;0;2;0;0.0;2.0;3.0;1.0;A01
37195;201400024705;0;7;0;0.0;0.0;5.0;1.0;B01
37196;201400024706;0;2;0;0.0;0.0;7.0;1.0;A01
37197;201400024707;0;37;1;0.0;2.0;2.0;2.0;A01
37198;201400024707;0;7;0;0.0;0.0;3.0;16.0;B01
37199;201400024708;0;1;0;0.0;2.0;7.0;0.0;B01
37200;201400024708;0;7;0;0.0;2.0;3.0;0.0;A01
37201;201400024709;0;7;0;0.0;2.0;1.0;15.0;A01
37202;201400024709;0;7;0;0.0;0.0;1.0;1.0;B01
37203;201400024711;0;7;0;0.0;2.0;1.0;1.0;B01
37204;201400024711;0;7;0;0.0;0.0;0.0;16.0;A01
37205;201400024712;0;7;0;0.0;2.0;2.0;15.0;B01
37206;201400024712;0;7;0;0.0;0.0;3.0;1.0;A01
37207;201400024713;0;7;0;0.0;2.0;1.0;2.0;A01
37208;201400024713;0;7;0;0.0;0.0;4.0;1.0;B01
37209;201400024714;0;31;0;1.0;0.0;9.0;1.0;B01
37210;201400024714;0;7;0;0.0;0.0;0.0;11.0;A01
37211;201400024715;0;33;0;0.0;1.0;1.0;1.0;A01
37212;201400024716;1;7;0;0.0;2.0;1.0;2.0;Z01
37213;201400024716;0;7;0;0.0;2.0;4.0;2.0;B01
37214;201400024717;0;37;1;0.0;1.0;7.0;1.0;A01
37215;201400024718;0;7;0;0.0;0.0;4.0;1.0;C01
37216;201400024718;0;7;0;0.0;2.0;1.0;2.0;A01
37217;201400024718;0;7;0;0.0;2.0;4.0;2.0;B01
37218;201400024719;0;10;0;0.0;1.0;0.0;1.0;A01
37219;201400024720;0;7;0;0.0;2.0;1.0;15.0;A01
37220;201400024720;0;7;0;0.0;0.0;8.0;15.0;B01
37221;201400024721;0;7;0;0.0;2.0;5.0;1.0;A01
37222;201400024721;0;30;0;0.0;2.0;1.0;1.0;B01
37223;201400024722;0;7;0;0.0;2.0;1.0;1.0;B01
37224;201400024722;0;7;0;0.0;2.0;1.0;15.0;A01
37225;201400024723;0;10;0;0.0;2.0;1.0;15.0;A01
37226;201400024723;0;33;0;0.0;2.0;9.0;1.0;B01
37227;201400024724;0;1;0;0.0;2.0;1.0;1.0;B01
37228;201400024724;0;7;0;0.0;2.0;1.0;1.0;A01
37229;201400024725;0;7;0;0.0;0.0;5.0;15.0;A01
37230;201400024725;0;33;0;0.0;2.0;3.0;1.0;B01
37231;201400024728;0;10;0;0.0;1.0;3.0;1.0;A01
37232;201400024731;1;10;0;0.0;1.0;0.0;1.0;Z01
37233;201400024732;0;7;0;0.0;2.0;2.0;16.0;A01
37234;201400024732;0;2;0;0.0;2.0;1.0;1.0;B01
37235;201400024733;0;7;0;0.0;1.0;2.0;1.0;A01
37236;201400024734;0;7;0;0.0;2.0;1.0;2.0;A01
37237;201400024734;0;7;0;0.0;2.0;4.0;2.0;B01
37238;201400024736;0;7;0;0.0;2.0;2.0;15.0;A01
37239;201400024736;0;30;0;0.0;2.0;1.0;1.0;B01
37240;201400024737;0;7;0;0.0;2.0;2.0;15.0;A01
37241;201400024737;0;33;0;0.0;0.0;8.0;1.0;B01
37242;201400024738;0;33;0;0.0;2.0;1.0;1.0;B01
37243;201400024738;0;7;0;0.0;2.0;3.0;20.0;A01
37244;201400024739;0;37;1;0.0;2.0;6.0;24.0;B01
37245;201400024739;0;7;0;1.0;0.0;2.0;2.0;A01
37246;201400024740;0;7;0;0.0;2.0;1.0;16.0;A01