;Num_Acc;senc;catv;occutc;obs;obsm;choc;manv;num_veh
37247;201400024740;0;1;0;0.0;2.0;3.0;1.0;B01
37248;201400024741;0;7;0;0.0;0.0;4.0;23.0;A01
37249;201400024741;0;33;0;0.0;2.0;1.0;1.0;B01
37250;201400024742;0;7;0;0.0;2.0;3.0;15.0;A01
37251;201400024742;0;30;0;0.0;2.0;1.0;1.0;B01
37252;201400024743;0;1;0;0.0;1.0;1.0;1.0;A01
37253;201400024744;0;7;0;0.0;1.0;6.0;4.0;A01
37254;201400024745;0;7;0;14.0;0.0;1.0;1.0;A01
37255;201400024746;0;10;0;0.0;2.0;3.0;1.0;A01
37256;201400024746;0;7;0;0.0;2.0;8.0;15.0;B01
37257;201400024749;0;1;0;0.0;2.0;5.0;19.0;A01
37258;201400024749;0;7;0;0.0;2.0;1.0;1.0;B01
37259;201400024750;0;2;0;0.0;2.0;1.0;17.0;A01
37260;201400024750;0;7;0;0.0;0.0;6.0;10.0;B01
37261;201400024751;0;1;0;0.0;0.0;1.0;1.0;A01
37262;201400024751;1;7;0;0.0;0.0;0.0;4.0;Z01
37263;201400024752;0;7;0;0.0;0.0;7.0;1.0;B01
37264;201400024752;0;33;0;0.0;2.0;1.0;1.0;A01
37265;201400024753;0;7;0;1.0;0.0;7.0;0.0;A01
37266;201400024754;0;10;0;0.0;1.0;2.0;15.0;A01
37267;201400024755;0;7;0;0.0;0.0;3.0;17.0;B01
37268;201400024755;0;31;0;0.0;2.0;1.0;18.0;A01
37269;201400024756;0;32;0;0.0;2.0;1.0;1.0;B01
37270;201400024756;0;7;0;0.0;2.0;3.0;1.0;C01
37271;201400024756;0;7;0;0.0;2.0;8.0;16.0;A01
37272;201400024757;0;7;0;0.0;0.0;8.0;15.0;B01
37273;201400024757;0;7;0;0.0;2.0;3.0;1.0;A01
37274;201400024758;0;7;0;0.0;1.0;1.0;15.0;A01
37275;201400024759;0;7;0;0.0;0.0;8.0;10.0;A01
37276;201400024759;0;40;59;0.0;2.0;1.0;1.0;B01
37277;201400024760;0;7;0;0.0;2.0;1.0;1.0;A01
37278;201400024760;0;7;0;8.0;0.0;1.0;1.0;B01
37279;201400024761;0;10;0;0.0;2.0;2.0;1.0;B01
37280;201400024761;0;2;0;0.0;2.0;1.0;13.0;A01
37281;201400024762;0;7;0;14.0;0.0;1.0;1.0;A01
37282;201400024763;0;2;0;0.0;2.0;3.0;1.0;B01
37283;201400024763;0;10;0;0.0;2.0;8.0;15.0;A01
37284;201400024764;0;30;0;0.0;2.0;1.0;2.0;A01
37285;201400024764;0;7;0;0.0;0.0;4.0;1.0;B01
37286;201400024765;0;7;0;0.0;2.0;1.0;13.0;A01
37287;201400024765;0;7;0;0.0;0.0;1.0;1.0;B01
37288;201400024766;0;10;0;0.0;1.0;1.0;1.0;A01
37289;201400024767;0;10;0;0.0;2.0;9.0;1.0;A01
37290;201400024767;0;7;0;0.0;2.0;4.0;1.0;B01
37291;201400024768;0;7;0;0.0;0.0;8.0;10.0;A01
37292;201400024768;0;31;0;0.0;2.0;7.0;1.0;B01
37293;201400024769;0;40;120;0.0;2.0;1.0;1.0;B01
37294;201400024769;0;7;0;0.0;2.0;6.0;15.0;A01
37295;201400024770;0;33;0;0.0;2.0;1.0;2.0;A01
37296;201400024770;0;7;0;0.0;0.0;6.0;15.0;B01
37297;201400024771;0;7;0;0.0;2.0;1.0;15.0;A01
37298;201400024771;0;2;0;0.0;0.0;1.0;1.0;B01
37299;201400024772;0;7;0;0.0;0.0;8.0;15.0;A01
37300;201400024772;0;33;0;0.0;2.0;1.0;1.0;B01
37301;201400024773;0;7;0;8.0;0.0;1.0;5.0;A01
37302;201400024774;0;7;0;0.0;2.0;7.0;15.0;A01
37303;201400024774;0;31;0;0.0;2.0;1.0;1.0;B01
37304;201400024775;0;7;0;0.0;2.0;1.0;15.0;A01
37305;201400024775;0;7;0;0.0;0.0;4.0;2.0;B01
37306;201400024776;0;7;0;0.0;2.0;2.0;9.0;A01
37307;201400024776;0;33;0;0.0;2.0;7.0;1.0;B01
37308;201400024777;0;7;0;0.0;2.0;6.0;1.0;D01
37309;201400024777;0;7;0;0.0;0.0;7.0;1.0;B01
37310;201400024777;0;7;0;0.0;0.0;4.0;1.0;E01
37311;201400024777;0;7;0;0.0;2.0;9.0;2.0;A01
37312;201400024777;0;7;0;0.0;0.0;5.0;1.0;C01
37313;201400024778;0;7;0;0.0;2.0;1.0;2.0;A01
37314;201400024778;0;7;0;0.0;0.0;4.0;1.0;B01
37315;201400024779;0;7;0;0.0;0.0;0.0;15.0;A01
37316;201400024779;0;2;0;0.0;0.0;0.0;1.0;B01
37317;201400024780;0;7;0;0.0;2.0;1.0;1.0;B01
37318;201400024780;0;2;0;0.0;2.0;3.0;16.0;A01
37319;201400024781;0;7;0;8.0;2.0;1.0;1.0;A01
37320;201400024781;0;7;0;0.0;0.0;5.0;1.0;B01
37321;201400024782;0;2;0;0.0;2.0;1.0;1.0;A01
37322;201400024782;0;10;0;0.0;2.0;4.0;1.0;B01
37323;201400024783;0;7;0;0.0;2.0;1.0;15.0;A01
37324;201400024783;0;1;0;0.0;2.0;1.0;15.0;B01
37325;201400024784;0;2;0;0.0;0.0;8.0;1.0;A01
37326;201400024784;0;7;0;0.0;0.0;3.0;1.0;B01
37327;201400024785;0;7;0;0.0;2.0;1.0;1.0;A01
37328;201400024785;0;7;0;0.0;0.0;5.0;15.0;B01
37329;201400024786;0;10;0;0.0;1.0;1.0;1.0;A01
37330;201400024787;0;10;0;1.0;2.0;7.0;1.0;A01
37331;201400024787;0;7;0;0.0;2.0;1.0;1.0;B01
37332;201400024788;0;7;0;1.0;0.0;4.0;2.0;B01
37333;201400024788;0;7;0;1.0;2.0;1.0;2.0;A01
37334;201400024788;0;7;0;0.0;2.0;4.0;2.0;C01
37335;201400024789;0;7;0;0.0;2.0;2.0;9.0;B01
37336;201400024789;0;7;0;0.0;2.0;7.0;0.0;A01
37337;201400024790;0;7;0;0.0;2.0;1.0;15.0;B01
37338;201400024790;0;1;0;0.0;0.0;1.0;1.0;A01
37339;201400024791;0;7;0;0.0;2.0;2.0;1.0;B01
37340;201400024791;0;1;0;0.0;0.0;0.0;19.0;A01
37341;201400024792;0;1;0;0.0;1.0;0.0;1.0;A01
37342;201400024793;0;7;0;0.0;2.0;1.0;15.0;A01
37343;201400024793;0;7;0;0.0;2.0;1.0;1.0;B01
37344;201400024794;0;7;0;0.0;1.0;2.0;15.0;A01
37345;201400024795;0;2;0;0.0;2.0;1.0;1.0;A01
37346;201400024795;1;7;0;0.0;0.0;1.0;15.0;Z01
37347;201400024796;0;7;0;0.0;2.0;3.0;16.0;B01
37348;201400024796;0;7;0;0.0;2.0;3.0;15.0;A01
37349;201400024797;0;7;0;0.0;2.0;1.0;23.0;A01
37350;201400024797;0;10;0;0.0;0.0;1.0;1.0;B01
37351;201400024799;0;7;0;0.0;1.0;2.0;1.0;A01
37352;201400024800;0;2;0;0.0;0.0;0.0;1.0;A01
37353;201400024801;0;7;0;0.0;0.0;2.0;15.0;A01
37354;201400024801;0;7;0;1.0;2.0;1.0;1.0;B01
37355;201400024803;0;31;0;0.0;2.0;1.0;2.0;A01
37356;201400024803;0;7;0;0.0;0.0;0.0;15.0;B01
37357;201400024804;1;7;0;0.0;1.0;3.0;1.0;Z01
37358;201400024805;0;7;0;0.0;0.0;3.0;15.0;A01
37359;201400024805;0;1;0;0.0;2.0;1.0;1.0;B01
37360;201400024806;0;7;0;0.0;2.0;3.0;1.0;A01
37361;201400024806;0;1;0;0.0;0.0;1.0;1.0;B01
37362;201400024807;0;7;0;0.0;1.0;1.0;1.0;A01
37363;201400024808;0;10;0;0.0;2.0;1.0;1.0;B01
37364;201400024808;0;7;0;0.0;0.0;8.0;1.0;A01
37365;201400024809;0;10;0;0.0;2.0;1.0;2.0;A01
37366;201400024809;0;7;0;0.0;0.0;4.0;1.0;B01
37367;201400024810;0;1;0;0.0;2.0;4.0;1.0;B01
37368;201400024810;0;1;0;1.0;2.0;3.0;1.0;C01
37369;201400024810;0;7;0;0.0;2.0;0.0;16.0;A01
37370;201400024811;0;7;0;0.0;0.0;2.0;15.0;A01
37371;201400024811;0;2;0;0.0;2.0;1.0;1.0;B01
37372;201400024812;0;7;0;0.0;2.0;3.0;15.0;A01
37373;201400024812;0;33;0;0.0;2.0;1.0;1.0;B01
37374;201400024813;0;7;0;0.0;1.0;2.0;1.0;A01
37375;201400024814;0;7;0;0.0;0.0;0.0;15.0;A01
37376;201400024814;0;33;0;0.0;0.0;0.0;1.0;B01
37377;201400024815;1;7;0;0.0;2.0;0.0;0.0;Z01
37378;201400024815;0;1;0;0.0;0.0;4.0;1.0;B01
37379;201400024816;0;7;0;0.0;1.0;1.0;1.0;A01
37380;201400024817;0;7;0;0.0;1.0;1.0;1.0;A01
37381;201400024818;0;7;0;0.0;1.0;1.0;15.0;A01
37382;201400024819;0;7;0;0.0;1.0;3.0;1.0;A01
37383;201400024820;0;7;0;0.0;1.0;1.0;1.0;A01
37384;201400024821;0;1;0;0.0;2.0;1.0;1.0;B01
37385;201400024821;0;33;0;0.0;2.0;1.0;15.0;A01
37386;201400024822;0;33;0;0.0;2.0;1.0;1.0;A01
37387;201400024822;0;7;0;0.0;0.0;1.0;1.0;B01
37388;201400024822;0;7;0;0.0;0.0;4.0;1.0;C01
37389;201400024822;0;7;0;0.0;2.0;1.0;1.0;D01
37390;201400024823;0;33;0;0.0;2.0;1.0;0.0;A01
37391;201400024823;0;10;0;0.0;2.0;4.0;13.0;B01
37392;201400024824;0;2;0;0.0;2.0;6.0;1.0;B01
37393;201400024824;0;1;0;0.0;0.0;7.0;1.0;A01
37394;201400024825;0;10;0;0.0;1.0;1.0;1.0;A01
37395;201400024826;0;10;0;0.0;2.0;1.0;16.0;A01
37396;201400024826;0;31;0;0.0;0.0;7.0;1.0;B01
37397;201400024827;0;7;0;0.0;4.0;2.0;1.0;A01
37398;201400024827;0;40;153;0.0;0.0;2.0;1.0;B01
37399;201400024828;0;7;0;0.0;2.0;2.0;1.0;A01
37400;201400024828;0;10;0;0.0;2.0;8.0;1.0;B01
37401;201400024829;0;7;0;0.0;2.0;1.0;15.0;A01
37402;201400024829;0;7;0;0.0;2.0;1.0;1.0;B01
37403;201400024830;0;7;0;0.0;2.0;3.0;15.0;A01
37404;201400024830;0;33;0;0.0;2.0;1.0;2.0;B01
37405;201400024832;0;7;0;0.0;2.0;2.0;15.0;A01
37406;201400024832;0;33;0;0.0;2.0;1.0;1.0;B01
37407;201400024833;0;10;0;0.0;1.0;2.0;1.0;A01
37408;201400024834;0;7;0;0.0;2.0;8.0;24.0;A01
37409;201400024834;0;1;0;1.0;0.0;1.0;2.0;B01
37410;201400024835;0;7;0;0.0;2.0;2.0;15.0;A01
37411;201400024835;0;2;0;0.0;2.0;1.0;1.0;B01
37412;201400024837;0;7;0;0.0;2.0;1.0;1.0;A01
37413;201400024837;0;1;0;0.0;0.0;7.0;1.0;B01
37414;201400024838;0;7;0;8.0;0.0;1.0;1.0;A01
37415;201400024839;0;7;0;0.0;2.0;3.0;15.0;A01
37416;201400024839;0;1;0;0.0;2.0;1.0;1.0;B01
37417;201400024841;0;10;0;0.0;2.0;4.0;23.0;B01
37418;201400024841;0;1;0;0.0;2.0;1.0;17.0;A01
37419;201400024842;0;1;0;0.0;2.0;1.0;15.0;A01
37420;201400024842;0;7;0;0.0;2.0;3.0;1.0;B01
37421;201400024843;0;7;0;0.0;2.0;1.0;15.0;A01
37422;201400024843;0;33;0;0.0;2.0;1.0;1.0;B01
37423;201400024844;0;32;0;0.0;0.0;0.0;1.0;A01
37424;201400024845;0;7;0;0.0;0.0;8.0;9.0;A01
37425;201400024845;0;1;0;0.0;2.0;1.0;1.0;B01
37426;201400024846;0;7;0;0.0;1.0;0.0;0.0;A01
37427;201400024847;0;2;0;0.0;1.0;1.0;1.0;A01
37428;201400024848;0;7;0;0.0;2.0;1.0;2.0;A01
37429;201400024848;0;7;0;0.0;0.0;3.0;2.0;B01
37430;201400024849;0;7;0;0.0;2.0;1.0;1.0;A01
37431;201400024849;0;7;0;0.0;0.0;4.0;1.0;B01
37432;201400024850;0;1;0;0.0;0.0;0.0;1.0;A01
37433;201400024852;0;10;0;0.0;2.0;1.0;1.0;C01
37434;201400024852;0;7;0;0.0;0.0;7.0;15.0;A01
37435;201400024852;0;32;0;0.0;2.0;1.0;1.0;B01
37436;201400024853;0;7;0;0.0;0.0;7.0;15.0;A01
37437;201400024853;0;31;0;0.0;2.0;1.0;1.0;B01
37438;201400024854;0;10;0;0.0;2.0;1.0;1.0;C01
37439;201400024854;0;7;0;1.0;0.0;1.0;2.0;A01
37440;201400024854;0;7;0;0.0;0.0;4.0;23.0;B01
37441;201400024855;0;2;0;0.0;2.0;7.0;1.0;B01
37442;201400024855;0;7;0;0.0;2.0;1.0;9.0;A01
37443;201400024856;0;7;0;0.0;2.0;1.0;15.0;B01
37444;201400024856;0;2;0;0.0;2.0;8.0;1.0;A01
37445;201400024857;0;33;0;0.0;2.0;1.0;1.0;B01
37446;201400024857;0;7;0;0.0;2.0;7.0;15.0;A01
37447;201400024858;0;7;0;0.0;0.0;9.0;0.0;A01
37448;201400024859;0;1;0;12.0;0.0;2.0;0.0;A01
37449;201400024860;1;32;0;0.0;1.0;1.0;0.0;A01
37450;201400024861;0;7;0;0.0;1.0;0.0;15.0;A01
37451;201400024862;0;7;0;0.0;2.0;1.0;1.0;A01
37452;201400024862;0;7;0;0.0;2.0;7.0;1.0;B01
37453;201400024863;0;7;0;0.0;1.0;1.0;1.0;A01
37454;201400024864;1;7;0;0.0;1.0;0.0;0.0;Z01
37455;201400024865;0;7;0;0.0;2.0;1.0;9.0;A01
37456;201400024865;0;33;0;0.0;2.0;2.0;17.0;B01
37457;201400024866;0;1;0;0.0;2.0;1.0;1.0;B01
37458;201400024866;0;10;0;0.0;2.0;7.0;15.0;A01
37459;201400024867;0;7;0;0.0;2.0;1.0;1.0;A01
37460;201400024867;0;10;0;0.0;2.0;2.0;9.0;B01
37461;201400024868;0;7;0;0.0;2.0;2.0;9.0;A01
37462;201400024868;0;33;0;0.0;2.0;7.0;1.0;B01
37463;201400024869;0;7;0;2.0;0.0;6.0;1.0;A01
37464;201400024871;0;7;0;0.0;2.0;1.0;15.0;B01
37465;201400024871;0;31;0;0.0;2.0;1.0;17.0;A01
37466;201400024872;0;10;0;0.0;1.0;3.0;15.0;A01
37467;201400024873;0;7;0;1.0;0.0;2.0;2.0;A01
37468;201400024873;0;7;0;0.0;0.0;4.0;2.0;C01
37469;201400024873;0;7;0;1.0;0.0;4.0;2.0;B01
37470;201400024874;0;7;0;0.0;2.0;1.0;0.0;B01
37471;201400024874;0;30;0;0.0;2.0;0.0;1.0;A01
37472;201400024875;0;7;0;0.0;1.0;3.0;17.0;A01
37473;201400024876;0;7;0;0.0;2.0;8.0;24.0;A01
37474;201400024876;0;1;0;1.0;0.0;1.0;1.0;B01
37475;201400024877;0;7;0;0.0;1.0;3.0;1.0;A01
37476;201400024878;0;34;0;11.0;0.0;7.0;0.0;A01
37477;201400024879;0;33;0;0.0;2.0;1.0;1.0;A01
37478;201400024879;0;15;0;0.0;0.0;8.0;4.0;B01
37479;201400024880;0;40;184;0.0;2.0;8.0;1.0;B01
37480;201400024880;0;1;0;0.0;4.0;1.0;19.0;A01
37481;201400024881;0;10;0;0.0;1.0;4.0;4.0;A01
37482;201400024882;0;30;0;0.0;1.0;1.0;1.0;A01
37483;201400024882;0;1;0;0.0;0.0;0.0;0.0;B01
37484;201400024883;0;1;0;0.0;0.0;3.0;1.0;B01
37485;201400024883;0;7;0;0.0;2.0;3.0;9.0;A01
37486;201400024884;0;7;0;6.0;1.0;1.0;0.0;A01
37487;201400024885;0;7;0;0.0;2.0;7.0;1.0;B01
37488;201400024885;0;7;0;3.0;2.0;1.0;1.0;A01
37489;201400024886;0;10;0;0.0;1.0;4.0;4.0;A01
37490;201400024888;0;7;0;0.0;2.0;1.0;1.0;A01
37491;201400024888;0;7;0;1.0;0.0;6.0;1.0;B01
37492;201400024889;0;7;0;15.0;2.0;1.0;1.0;A01
37493;201400024889;0;7;0;15.0;0.0;1.0;24.0;C01
37494;201400024889;0;7;0;0.0;2.0;1.0;15.0;B01
37495;201400024890;0;1;0;0.0;2.0;3.0;16.0;B01
37496;201400024890;0;10;0;0.0;2.0;3.0;1.0;A01
37497;201400024891;0;7;0;1.0;0.0;1.0;1.0;A01
37498;201400024892;0;7;0;0.0;2.0;1.0;1.0;B01
37499;201400024892;0;7;0;0.0;2.0;2.0;15.0;A01
37500;201400024894;0;7;0;7.0;0.0;1.0;1.0;A01
37501;201400024895;0;7;0;0.0;1.0;0.0;1.0;A01
37502;201400024896;0;7;0;0.0;0.0;0.0;15.0;Z01
37503;201400024896;0;32;0;0.0;2.0;7.0;1.0;B01
37504;201400024897;0;40;63;0.0;2.0;1.0;1.0;A01
37505;201400024897;0;7;0;0.0;4.0;1.0;1.0;B01
37506;201400024898;1;7;0;0.0;0.0;0.0;0.0;Z01
37507;201400024898;0;2;0;0.0;0.0;7.0;1.0;A01
37508;201400024899;0;7;0;1.0;0.0;1.0;1.0;A01
37509;201400024900;0;7;0;0.0;0.0;1.0;15.0;A01
37510;201400024900;0;7;0;0.0;2.0;1.0;1.0;B01
37511;201400024902;0;32;0;15.0;0.0;1.0;1.0;A01
37512;201400024903;0;7;0;0.0;2.0;8.0;9.0;A01
37513;201400024903;0;2;0;0.0;2.0;1.0;1.0;B01
37514;201400024904;0;1;0;0.0;2.0;4.0;1.0;B01
37515;201400024904;0;7;0;0.0;2.0;3.0;1.0;A01
37516;201400024905;0;7;0;0.0;2.0;1.0;13.0;A01
37517;201400024905;0;7;0;0.0;2.0;1.0;1.0;B01
37518;201400024906;0;37;1;0.0;1.0;7.0;1.0;A01
37519;201400024907;0;7;0;0.0;2.0;8.0;15.0;B01
37520;201400024907;0;2;0;1.0;2.0;1.0;1.0;A01
37521;201400024908;0;7;0;0.0;2.0;3.0;15.0;A01
37522;201400024908;0;31;0;0.0;2.0;2.0;1.0;B01
37523;201400024909;0;7;0;0.0;2.0;1.0;1.0;A01
37524;201400024909;0;7;0;0.0;2.0;1.0;1.0;B01
37525;201400024910;0;7;0;0.0;0.0;8.0;10.0;A01
37526;201400024910;0;7;0;0.0;2.0;1.0;1.0;B01
37527;201400024911;0;7;0;0.0;0.0;8.0;15.0;A01
37528;201400024911;0;32;0;0.0;2.0;1.0;1.0;B01
37529;201400024912;0;7;0;0.0;2.0;1.0;1.0;B01
37530;201400024912;0;7;0;0.0;2.0;1.0;1.0;A01
37531;201400024913;0;7;0;4.0;0.0;1.0;1.0;A01
37532;201400024914;1;7;0;0.0;1.0;3.0;1.0;Z01
37533;201400024915;0;7;0;0.0;1.0;1.0;1.0;A01
37534;201400024917;0;7;0;0.0;2.0;1.0;1.0;B01
37535;201400024917;0;10;0;0.0;0.0;1.0;15.0;A01
37536;201400024918;0;7;0;0.0;2.0;1.0;1.0;A01
37537;201400024918;0;7;0;0.0;2.0;3.0;1.0;B01
37538;201400024919;0;7;0;0.0;2.0;2.0;21.0;A01
37539;201400024919;0;7;0;0.0;2.0;3.0;19.0;B02
37540;201400024920;0;7;0;0.0;1.0;2.0;16.0;A01
37541;201400024921;0;7;0;0.0;2.0;1.0;13.0;A01
37542;201400024921;0;7;0;0.0;2.0;1.0;1.0;B02
37543;201400024922;0;7;0;8.0;0.0;2.0;1.0;A01
37544;201400024923;0;7;0;16.0;0.0;1.0;1.0;A01
37545;201400024924;0;7;0;0.0;0.0;9.0;21.0;A01
37546;201400024925;0;7;0;0.0;2.0;5.0;4.0;A01
37547;201400024925;0;1;0;0.0;2.0;1.0;1.0;B02
37548;201400024926;0;10;0;0.0;2.0;3.0;1.0;B02
37549;201400024926;0;2;0;0.0;2.0;1.0;13.0;A01
37550;201400024927;0;33;0;3.0;0.0;7.0;1.0;A01
37551;201400024928;0;7;0;0.0;2.0;8.0;1.0;A01
37552;201400024928;0;15;0;0.0;2.0;6.0;1.0;B02
37553;201400024929;0;30;0;0.0;2.0;1.0;1.0;B02
37554;201400024929;0;7;0;0.0;2.0;3.0;15.0;A01
37555;201400024930;0;7;0;0.0;0.0;1.0;1.0;A01
37556;201400024931;0;30;0;6.0;0.0;2.0;1.0;A01
37557;201400024932;0;2;0;0.0;2.0;5.0;1.0;B02
37558;201400024932;0;7;0;0.0;2.0;3.0;16.0;A01
37559;201400024933;0;2;0;0.0;2.0;1.0;1.0;A01
37560;201400024933;0;7;0;0.0;2.0;3.0;13.0;B02
37561;201400024934;0;7;0;0.0;0.0;6.0;15.0;A01
37562;201400024934;0;33;0;0.0;2.0;1.0;2.0;B02
37563;201400024935;0;7;0;0.0;2.0;7.0;15.0;B02
37564;201400024935;0;33;0;0.0;2.0;1.0;1.0;A01
37565;201400024937;0;2;0;0.0;0.0;1.0;1.0;B02
37566;201400024937;0;7;0;0.0;0.0;3.0;13.0;A01
37567;201400024938;0;33;0;0.0;5.0;1.0;2.0;A01
37568;201400024939;0;7;0;0.0;2.0;1.0;0.0;B02
37569;201400024939;0;33;0;0.0;2.0;1.0;0.0;A01
37570;201400024940;0;7;0;0.0;0.0;1.0;19.0;A01
37571;201400024940;0;33;0;0.0;2.0;1.0;0.0;B02
37572;201400024941;0;33;0;0.0;2.0;1.0;1.0;B02
37573;201400024941;0;7;0;0.0;2.0;3.0;15.0;A01
37574;201400024943;0;31;0;0.0;0.0;1.0;2.0;A01
37575;201400024943;0;7;0;0.0;0.0;3.0;1.0;B02
37576;201400024944;0;7;0;0.0;2.0;1.0;2.0;A01
37577;201400024944;0;30;0;0.0;0.0;4.0;2.0;B02
37578;201400024945;0;7;0;0.0;2.0;1.0;13.0;A01
37579;201400024945;0;7;0;0.0;2.0;1.0;1.0;B02
37580;201400024946;0;30;0;0.0;2.0;9.0;17.0;C03
37581;201400024946;0;13;0;0.0;2.0;3.0;1.0;A01
37582;201400024946;0;7;0;0.0;2.0;6.0;1.0;B02
37583;201400024947;0;31;0;0.0;2.0;1.0;17.0;B02
37584;201400024947;0;7;0;0.0;2.0;8.0;15.0;A01
37585;201400024948;0;7;0;0.0;0.0;0.0;15.0;C03
37586;201400024948;0;7;0;0.0;2.0;1.0;15.0;A01
37587;201400024948;0;2;0;0.0;2.0;1.0;1.0;B02
37588;201400024949;0;30;0;0.0;1.0;1.0;1.0;A01
37589;201400024950;0;33;0;12.0;0.0;1.0;6.0;A01
37590;201400024951;0;33;0;0.0;2.0;7.0;1.0;B02
37591;201400024951;0;10;0;0.0;2.0;3.0;16.0;A01
37592;201400024952;0;7;0;0.0;1.0;1.0;0.0;A01
37593;201400024954;0;33;0;0.0;2.0;1.0;0.0;A01
37594;201400024954;0;7;0;0.0;2.0;1.0;1.0;B01
37595;201400024955;0;7;0;0.0;2.0;8.0;1.0;C01
37596;201400024955;0;7;0;3.0;2.0;8.0;1.0;B01
37597;201400024955;0;7;0;0.0;2.0;8.0;17.0;A01
37598;201400024956;0;7;0;0.0;2.0;3.0;9.0;A01
37599;201400024956;0;1;0;0.0;2.0;1.0;1.0;B01
37600;201400024958;0;7;0;0.0;2.0;3.0;9.0;A01
37601;201400024958;0;1;0;0.0;2.0;4.0;2.0;B01
37602;201400024959;0;2;0;0.0;2.0;1.0;17.0;B01
37603;201400024959;0;7;0;0.0;2.0;6.0;15.0;A01
37604;201400024960;0;31;0;6.0;0.0;1.0;14.0;A01
37605;201400024961;0;7;0;0.0;2.0;2.0;0.0;A01
37606;201400024961;0;1;0;0.0;2.0;7.0;19.0;B01
37607;201400024962;0;32;0;1.0;0.0;3.0;13.0;A01
37608;201400024963;0;10;0;0.0;2.0;7.0;15.0;A01
37609;201400024963;0;1;0;0.0;2.0;1.0;1.0;B01
37610;201400024964;0;1;0;0.0;2.0;4.0;2.0;B01
37611;201400024964;0;7;0;0.0;2.0;1.0;2.0;A01
37612;201400024965;0;7;0;2.0;2.0;3.0;0.0;B01
37613;201400024965;0;7;0;0.0;2.0;0.0;0.0;A01
37614;201400024966;1;7;0;0.0;1.0;0.0;1.0;A01
37615;201400024968;0;7;0;2.0;0.0;2.0;6.0;A01
37616;201400024969;0;33;0;0.0;0.0;0.0;0.0;A01
37617;201400024970;1;7;0;0.0;1.0;1.0;1.0;Z01
37618;201400024971;0;7;0;0.0;2.0;3.0;13.0;A01
37619;201400024971;0;7;0;0.0;2.0;3.0;1.0;B01
37620;201400024972;0;7;0;0.0;2.0;1.0;1.0;A01
37621;201400024972;0;30;0;0.0;2.0;1.0;13.0;B01
37622;201400024973;0;7;0;0.0;2.0;1.0;1.0;B01
37623;201400024973;0;7;0;0.0;2.0;7.0;1.0;Z01
37624;201400024974;0;33;0;0.0;2.0;7.0;18.0;A01
37625;201400024974;0;7;0;0.0;2.0;4.0;16.0;B01
37626;201400024975;0;7;0;0.0;1.0;2.0;1.0;A01
37627;201400024976;0;7;0;0.0;2.0;3.0;1.0;B01
37628;201400024976;0;2;0;0.0;2.0;7.0;15.0;A01
37629;201400024977;0;7;0;0.0;1.0;1.0;1.0;A01
37630;201400024978;0;7;0;0.0;2.0;1.0;1.0;A01
37631;201400024978;0;7;0;0.0;2.0;4.0;1.0;B01
37632;201400024979;0;7;0;9.0;1.0;4.0;4.0;A01
37633;201400024981;0;7;0;1.0;2.0;1.0;5.0;A01
37634;201400024981;0;37;3;0.0;2.0;3.0;1.0;C01
37635;201400024983;0;7;0;0.0;2.0;8.0;1.0;B01
37636;201400024983;1;7;0;0.0;2.0;0.0;9.0;Z01
37637;201400024984;0;7;0;0.0;2.0;9.0;13.0;A01
37638;201400024984;0;7;0;0.0;2.0;3.0;1.0;B01
37639;201400024985;1;7;0;1.0;1.0;0.0;0.0;Z01
37640;201400024986;0;7;0;0.0;1.0;1.0;1.0;A01
37641;201400024987;0;7;0;0.0;0.0;9.0;1.0;A01
37642;201400024988;0;7;0;0.0;1.0;7.0;1.0;A01
37643;201400024989;0;7;0;0.0;1.0;3.0;1.0;A01
37644;201400024990;0;7;0;0.0;2.0;5.0;15.0;A01
37645;201400024990;0;7;0;0.0;2.0;3.0;1.0;B01
37646;201400024991;0;7;0;0.0;2.0;6.0;1.0;B01
37647;201400024991;0;31;0;0.0;2.0;1.0;1.0;A01
37648;201400024992;0;1;0;0.0;0.0;8.0;1.0;A01
37649;201400024993;0;10;0;10.0;0.0;1.0;1.0;A01
37650;201400024994;1;31;0;0.0;1.0;1.0;1.0;Z01
37651;201400024995;0;7;0;0.0;2.0;1.0;13.0;A01
37652;201400024995;0;7;0;0.0;2.0;1.0;1.0;B01
37653;201400024996;0;7;0;0.0;2.0;8.0;19.0;A01
37654;201400024996;0;32;0;0.0;2.0;1.0;1.0;B01
37655;201400024997;0;7;0;0.0;1.0;3.0;1.0;A01
37656;201400024998;0;7;0;0.0;2.0;1.0;1.0;A01
37657;201400024998;0;21;0;0.0;2.0;4.0;1.0;B01
37658;201400024999;0;7;0;0.0;2.0;3.0;17.0;A01
37659;201400024999;0;7;0;0.0;2.0;3.0;1.0;B01
37660;201400025000;0;7;0;0.0;2.0;7.0;15.0;A01
37661;201400025000;0;7;0;0.0;2.0;1.0;1.0;B01
37662;201400025001;0;7;0;4.0;0.0;3.0;17.0;A01
37663;201400025002;0;7;0;0.0;2.0;5.0;4.0;A01
37664;201400025002;0;7;0;0.0;2.0;2.0;1.0;B01
37665;201400025003;0;7;0;0.0;2.0;7.0;1.0;B01
37666;201400025003;0;1;0;0.0;2.0;1.0;5.0;A01
37667;201400025005;0;7;0;0.0;2.0;3.0;15.0;B01