;Num_Acc;senc;catv;occutc;obs;obsm;choc;manv;num_veh
38510;201400025540;0;7;0;0.0;2.0;2.0;15.0;B01
38511;201400025541;0;7;0;0.0;2.0;1.0;2.0;B01
38512;201400025541;0;7;0;0.0;2.0;2.0;2.0;C01
38513;201400025541;1;15;0;0.0;2.0;0.0;2.0;Z01
38514;201400025542;0;31;0;0.0;2.0;1.0;1.0;B01
38515;201400025542;0;7;0;0.0;2.0;1.0;15.0;A01
38516;201400025543;0;33;0;0.0;0.0;0.0;1.0;A01
38517;201400025544;0;7;0;0.0;2.0;4.0;23.0;B01
38518;201400025544;0;7;0;0.0;2.0;1.0;1.0;A01
38519;201400025545;0;30;0;0.0;0.0;1.0;1.0;A01
38520;201400025547;0;30;0;0.0;0.0;5.0;1.0;A01
38521;201400025548;0;7;0;0.0;2.0;4.0;23.0;C01
38522;201400025548;0;7;0;0.0;2.0;1.0;2.0;A01
38523;201400025548;0;7;0;0.0;2.0;4.0;23.0;B01
38524;201400025549;0;7;0;0.0;1.0;1.0;16.0;A01
38525;201400025550;0;1;0;0.0;2.0;1.0;1.0;B01
38526;201400025550;1;7;0;0.0;2.0;0.0;1.0;A01
38527;201400025552;0;7;0;0.0;2.0;0.0;4.0;A01
38528;201400025552;0;33;0;0.0;2.0;1.0;1.0;B01
38529;201400025553;0;7;0;0.0;2.0;0.0;2.0;A01
38530;201400025553;0;7;0;0.0;2.0;0.0;23.0;B01
38531;201400025554;0;7;0;0.0;2.0;1.0;2.0;A01
38532;201400025554;0;7;0;0.0;2.0;4.0;23.0;B01
38533;201400025555;0;10;0;3.0;0.0;4.0;1.0;A01
38534;201400025556;0;7;0;0.0;1.0;2.0;17.0;A01
38535;201400025557;0;7;0;0.0;2.0;9.0;1.0;B01
38536;201400025557;0;7;0;3.0;2.0;2.0;1.0;A01
38537;201400025558;0;7;0;0.0;2.0;2.0;9.0;A01
38538;201400025558;0;32;0;0.0;2.0;2.0;1.0;B01
38539;201400025559;0;7;0;0.0;1.0;3.0;1.0;A01
38540;201400025560;0;1;0;0.0;2.0;0.0;1.0;B01
38541;201400025560;0;7;0;0.0;2.0;3.0;16.0;A01
38542;201400025561;0;7;0;0.0;1.0;0.0;1.0;A01
38543;201400025562;0;33;0;0.0;0.0;0.0;1.0;A01
38544;201400025563;0;7;0;0.0;1.0;7.0;1.0;A01
38545;201400025564;0;7;0;0.0;1.0;1.0;1.0;A01
38546;201400025565;0;10;0;0.0;2.0;0.0;2.0;A01
38547;201400025565;0;7;0;0.0;2.0;0.0;2.0;B01
38548;201400025566;0;7;0;0.0;2.0;4.0;2.0;B01
38549;201400025566;0;7;0;0.0;2.0;8.0;2.0;A01
38550;201400025568;0;7;0;0.0;1.0;1.0;15.0;A01
38551;201400025569;0;7;0;0.0;0.0;1.0;1.0;A01
38552;201400025570;0;7;0;0.0;1.0;0.0;1.0;A01
38553;201400025572;0;7;0;0.0;2.0;1.0;1.0;A01
38554;201400025572;0;30;0;0.0;2.0;0.0;1.0;B01
38555;201400025573;0;7;0;0.0;2.0;4.0;23.0;C01
38556;201400025573;0;7;0;0.0;2.0;1.0;2.0;A01
38557;201400025573;0;7;0;0.0;2.0;4.0;23.0;B01
38558;201400025574;0;7;0;0.0;1.0;8.0;20.0;A01
38559;201400025575;0;7;0;0.0;2.0;0.0;2.0;A01
38560;201400025575;0;7;0;0.0;2.0;4.0;15.0;B01
38561;201400025576;0;31;0;0.0;2.0;9.0;12.0;A01
38562;201400025576;0;7;0;0.0;2.0;4.0;1.0;B01
38563;201400025577;0;7;0;0.0;2.0;9.0;15.0;A01
38564;201400025577;0;7;0;0.0;2.0;2.0;1.0;B01
38565;201400025578;0;7;0;0.0;2.0;4.0;2.0;B01
38566;201400025578;0;10;0;0.0;2.0;1.0;2.0;A01
38567;201400025578;0;7;0;0.0;2.0;1.0;2.0;C01
38568;201400025578;0;7;0;0.0;2.0;9.0;2.0;D01
38569;201400025579;0;7;0;1.0;2.0;1.0;0.0;A01
38570;201400025580;0;30;0;0.0;1.0;0.0;1.0;A01
38571;201400025582;0;7;0;0.0;2.0;4.0;15.0;A01
38572;201400025582;0;1;0;0.0;2.0;1.0;1.0;B01
38573;201400025583;0;7;0;0.0;1.0;1.0;1.0;A01
38574;201400025584;0;1;0;0.0;2.0;1.0;15.0;B01
38575;201400025584;0;7;0;0.0;2.0;2.0;1.0;A01
38576;201400025585;0;7;0;0.0;2.0;4.0;16.0;A01
38577;201400025585;0;1;0;0.0;2.0;4.0;1.0;B01
38578;201400025586;0;7;0;0.0;1.0;1.0;1.0;A01
38579;201400025587;0;7;0;0.0;2.0;4.0;2.0;C01
38580;201400025587;0;7;0;0.0;2.0;4.0;2.0;B01
38581;201400025587;0;7;0;0.0;2.0;1.0;2.0;A01
38582;201400025588;0;7;0;13.0;0.0;1.0;10.0;A01
38583;201400025589;0;1;0;0.0;2.0;1.0;1.0;A01
38584;201400025589;0;7;0;0.0;2.0;1.0;15.0;B01
38585;201400025590;0;33;0;0.0;0.0;1.0;1.0;A01
38586;201400025591;0;7;0;0.0;2.0;4.0;2.0;C01
38587;201400025591;0;7;0;0.0;2.0;4.0;2.0;B01
38588;201400025591;0;7;0;0.0;2.0;0.0;2.0;A01
38589;201400025593;0;33;0;0.0;0.0;0.0;1.0;A01
38590;201400025594;0;7;0;9.0;0.0;9.0;1.0;A01
38591;201400025595;0;7;0;0.0;2.0;1.0;1.0;B01
38592;201400025595;0;10;0;0.0;2.0;1.0;15.0;A01
38593;201400025596;0;7;0;0.0;2.0;3.0;1.0;B01
38594;201400025596;0;7;0;0.0;2.0;1.0;13.0;A01
38595;201400025597;0;7;0;2.0;0.0;1.0;1.0;A01
38596;201400025598;0;7;0;9.0;0.0;1.0;1.0;A01
38597;201400025599;0;7;0;0.0;0.0;1.0;1.0;A01
38598;201400025600;0;7;0;0.0;2.0;1.0;15.0;A01
38599;201400025600;0;2;0;0.0;2.0;1.0;1.0;B01
38600;201400025601;0;7;0;0.0;2.0;3.0;15.0;A01
38601;201400025601;0;7;0;0.0;2.0;3.0;1.0;B01
38602;201400025602;0;7;0;0.0;2.0;3.0;2.0;A01
38603;201400025602;0;7;0;0.0;2.0;4.0;2.0;B01
38604;201400025603;0;7;0;0.0;2.0;3.0;2.0;B01
38605;201400025603;0;7;0;8.0;2.0;4.0;2.0;A01
38606;201400025604;0;33;0;0.0;2.0;1.0;1.0;B01
38607;201400025604;0;7;0;0.0;2.0;2.0;15.0;A01
38608;201400025605;0;30;0;0.0;2.0;1.0;1.0;A01
38609;201400025605;0;7;0;0.0;2.0;3.0;15.0;B01
38610;201400025607;0;7;0;0.0;2.0;1.0;15.0;A01
38611;201400025607;0;33;0;0.0;2.0;1.0;1.0;B01
38612;201400025608;0;7;0;0.0;2.0;0.0;15.0;A01
38613;201400025608;0;7;0;0.0;2.0;1.0;1.0;B01
38614;201400025609;0;7;0;0.0;1.0;0.0;15.0;A01
38615;201400025610;0;30;0;0.0;0.0;1.0;17.0;A01
38616;201400025611;0;7;0;0.0;1.0;1.0;11.0;A01
38617;201400025612;1;7;0;0.0;1.0;1.0;1.0;Z01
38618;201400025613;0;7;0;0.0;0.0;9.0;1.0;A01
38619;201400025614;0;7;0;0.0;1.0;7.0;1.0;A01
38620;201400025615;0;7;0;0.0;1.0;1.0;1.0;A01
38621;201400025616;0;7;0;9.0;0.0;1.0;1.0;A01
38622;201400025617;0;7;0;9.0;0.0;0.0;1.0;A01
38623;201400025619;0;7;0;0.0;2.0;1.0;1.0;A01
38624;201400025619;0;7;0;0.0;2.0;4.0;23.0;C01
38625;201400025619;0;33;0;0.0;2.0;1.0;1.0;B01
38626;201400025620;0;7;0;0.0;0.0;1.0;1.0;A01
38627;201400025621;0;37;10;0.0;1.0;1.0;1.0;A01
38628;201400025622;0;33;0;14.0;0.0;8.0;1.0;A01
38629;201400025623;0;7;0;3.0;2.0;7.0;1.0;C01
38630;201400025623;0;7;0;0.0;2.0;1.0;9.0;A01
38631;201400025623;0;7;0;3.0;2.0;7.0;1.0;B01
38632;201400025624;0;7;0;0.0;2.0;1.0;1.0;B01
38633;201400025624;0;7;0;0.0;2.0;5.0;15.0;A01
38634;201400025626;0;14;0;0.0;2.0;2.0;1.0;A01
38635;201400025626;0;37;10;0.0;2.0;8.0;23.0;B01
38636;201400025627;0;7;0;0.0;2.0;1.0;15.0;B01
38637;201400025627;0;33;0;0.0;2.0;1.0;17.0;A01
38638;201400025628;0;7;0;3.0;2.0;1.0;1.0;B01
38639;201400025628;0;7;0;0.0;2.0;4.0;9.0;A01
38640;201400025629;0;7;0;0.0;2.0;6.0;15.0;B01
38641;201400025629;0;33;0;0.0;2.0;1.0;17.0;A01
38642;201400025630;0;7;0;0.0;2.0;3.0;15.0;B01
38643;201400025630;0;33;0;0.0;2.0;1.0;17.0;A01
38644;201400025631;0;7;0;0.0;2.0;4.0;2.0;A01
38645;201400025631;0;7;0;0.0;2.0;4.0;23.0;B01
38646;201400025631;0;7;0;0.0;0.0;0.0;23.0;C01
38647;201400025632;0;7;0;0.0;2.0;3.0;6.0;A01
38648;201400025632;0;7;0;1.0;0.0;1.0;2.0;C01
38649;201400025632;0;7;0;0.0;2.0;3.0;1.0;B01
38650;201400025633;0;7;0;0.0;2.0;4.0;2.0;B01
38651;201400025633;0;10;0;0.0;2.0;1.0;2.0;A01
38652;201400025634;0;7;0;0.0;2.0;4.0;1.0;B01
38653;201400025634;0;7;0;0.0;2.0;4.0;1.0;C01
38654;201400025634;0;7;0;0.0;2.0;1.0;1.0;A01
38655;201400025635;0;7;0;0.0;0.0;2.0;15.0;A01
38656;201400025635;0;32;0;0.0;0.0;1.0;1.0;B01
38657;201400025636;0;7;0;0.0;2.0;3.0;1.0;B01
38658;201400025636;0;10;0;0.0;2.0;2.0;15.0;A01
38659;201400025637;0;33;0;4.0;0.0;0.0;12.0;A01
38660;201400025638;0;7;0;7.0;0.0;1.0;1.0;A01
38661;201400025639;0;7;0;1.0;0.0;1.0;1.0;A01
38662;201400025640;0;7;0;14.0;2.0;1.0;1.0;A01
38663;201400025640;0;7;0;13.0;2.0;9.0;1.0;B01
38664;201400025641;0;7;0;0.0;2.0;8.0;15.0;B01
38665;201400025641;0;37;10;0.0;2.0;1.0;1.0;A01
38666;201400025643;0;7;0;0.0;2.0;3.0;1.0;B01
38667;201400025643;0;7;0;0.0;2.0;1.0;1.0;A01
38668;201400025645;0;7;0;9.0;0.0;1.0;0.0;A01
38669;201400025646;0;7;0;9.0;0.0;1.0;1.0;A01
38670;201400025647;0;15;0;3.0;0.0;0.0;0.0;A01
38671;201400025648;0;7;0;0.0;2.0;6.0;23.0;B01
38672;201400025648;0;7;0;0.0;2.0;1.0;1.0;A01
38673;201400025649;0;7;0;3.0;0.0;1.0;0.0;A01
38674;201400025650;0;7;0;0.0;0.0;0.0;15.0;A01
38675;201400025650;0;1;0;0.0;0.0;0.0;15.0;B01
38676;201400025651;0;7;0;13.0;0.0;9.0;9.0;A01
38677;201400025652;0;7;0;0.0;2.0;7.0;1.0;B01
38678;201400025652;0;14;0;0.0;2.0;3.0;1.0;A01
38679;201400025653;0;30;0;0.0;0.0;0.0;0.0;A01
38680;201400025654;0;10;0;0.0;2.0;4.0;1.0;B01
38681;201400025654;0;7;0;0.0;2.0;1.0;1.0;A01
38682;201400025655;0;17;0;3.0;2.0;1.0;1.0;A01
38683;201400025655;0;14;0;0.0;2.0;4.0;0.0;B01
38684;201400025656;0;7;0;0.0;2.0;1.0;1.0;A01
38685;201400025656;0;7;0;0.0;2.0;4.0;2.0;B01
38686;201400025657;0;7;0;0.0;1.0;1.0;1.0;A01
38687;201400025658;0;7;0;0.0;0.0;3.0;13.0;A01
38688;201400025659;0;7;0;0.0;2.0;1.0;13.0;A01
38689;201400025659;0;1;0;0.0;2.0;1.0;1.0;B01
38690;201400025660;0;7;0;0.0;2.0;3.0;16.0;A01
38691;201400025660;0;30;0;0.0;2.0;1.0;1.0;B01
38692;201400025661;0;7;0;0.0;2.0;3.0;1.0;A01
38693;201400025661;0;7;0;0.0;2.0;4.0;1.0;B01
38694;201400025662;0;7;0;15.0;0.0;1.0;0.0;A01
38695;201400025663;0;7;0;5.0;0.0;1.0;1.0;A01
38696;201400025664;0;7;0;0.0;0.0;0.0;15.0;A01
38697;201400025664;0;1;0;0.0;0.0;0.0;1.0;B01
38698;201400025665;0;33;0;0.0;1.0;1.0;1.0;A01
38699;201400025666;0;7;0;0.0;1.0;1.0;1.0;A01
38700;201400025667;0;7;0;0.0;1.0;7.0;1.0;A01
38701;201400025668;0;7;0;11.0;0.0;1.0;1.0;A01
38702;201400025669;0;33;0;8.0;0.0;1.0;1.0;A01
38703;201400025670;0;7;0;0.0;2.0;0.0;9.0;A01
38704;201400025670;0;1;0;0.0;2.0;1.0;1.0;B01
38705;201400025671;0;7;0;0.0;0.0;9.0;1.0;A01
38706;201400025672;0;7;0;0.0;1.0;1.0;1.0;A01
38707;201400025673;0;7;0;0.0;2.0;4.0;1.0;C01
38708;201400025673;0;7;0;0.0;2.0;1.0;1.0;A01
38709;201400025673;0;7;0;0.0;2.0;4.0;1.0;B01
38710;201400025674;0;7;0;0.0;2.0;4.0;4.0;A01
38711;201400025674;0;7;0;0.0;2.0;2.0;1.0;B01
38712;201400025675;0;1;0;0.0;1.0;1.0;1.0;A01
38713;201400025676;0;1;0;0.0;0.0;1.0;0.0;A01
38714;201400025677;0;7;0;0.0;1.0;2.0;1.0;A01
38715;201400025678;0;7;0;0.0;2.0;1.0;1.0;B01
38716;201400025678;0;30;0;0.0;2.0;1.0;15.0;A01
38717;201400025680;0;7;0;0.0;2.0;1.0;1.0;B01
38718;201400025680;0;7;0;0.0;2.0;7.0;15.0;A01
38719;201400025681;0;7;0;2.0;0.0;1.0;1.0;A01
38720;201400025682;0;7;0;0.0;1.0;2.0;1.0;A01
38721;201400025683;0;7;0;0.0;1.0;4.0;4.0;A01
38722;201400025684;1;7;0;0.0;1.0;4.0;4.0;Z01
38723;201400025685;0;14;0;0.0;2.0;1.0;1.0;B01
38724;201400025685;0;10;0;0.0;2.0;8.0;1.0;A01
38725;201400025686;0;30;0;0.0;0.0;0.0;1.0;A01
38726;201400025687;0;10;0;0.0;2.0;4.0;1.0;B01
38727;201400025687;0;7;0;0.0;2.0;1.0;1.0;A01
38728;201400025688;0;7;0;0.0;1.0;2.0;16.0;A01
38729;201400025689;0;7;0;0.0;2.0;1.0;1.0;B01
38730;201400025689;0;7;0;0.0;0.0;1.0;2.0;C01
38731;201400025689;0;7;0;0.0;2.0;1.0;13.0;A01
38732;201400025690;0;7;0;0.0;2.0;4.0;23.0;B01
38733;201400025690;0;17;0;0.0;2.0;1.0;1.0;A01
38734;201400025691;0;7;0;0.0;0.0;4.0;2.0;B01
38735;201400025691;0;2;0;0.0;2.0;1.0;2.0;A01
38736;201400025693;0;7;0;0.0;2.0;4.0;1.0;B01
38737;201400025693;0;7;0;0.0;2.0;1.0;1.0;A01
38738;201400025694;0;10;0;0.0;2.0;4.0;1.0;B01
38739;201400025694;0;7;0;0.0;2.0;1.0;1.0;A01
38740;201400025695;0;7;0;0.0;2.0;1.0;1.0;F01
38741;201400025695;0;7;0;0.0;2.0;1.0;1.0;C01
38742;201400025695;0;7;0;0.0;2.0;4.0;1.0;B02
38743;201400025695;0;7;0;0.0;2.0;1.0;1.0;A02
38744;201400025695;0;7;0;0.0;2.0;1.0;1.0;D01
38745;201400025695;0;10;0;0.0;2.0;1.0;1.0;E01
38746;201400025695;0;10;0;0.0;2.0;1.0;1.0;G01
38747;201400025696;0;7;0;0.0;1.0;2.0;4.0;A01
38748;201400025697;0;7;0;0.0;2.0;1.0;1.0;A01
38749;201400025697;0;7;0;0.0;2.0;4.0;23.0;B01
38750;201400025697;0;7;0;0.0;2.0;4.0;23.0;C01
38751;201400025698;0;7;0;0.0;2.0;4.0;1.0;A01
38752;201400025698;0;7;0;0.0;2.0;1.0;1.0;B01
38753;201400025699;0;7;0;0.0;2.0;1.0;1.0;A01
38754;201400025699;0;10;0;0.0;2.0;5.0;1.0;C01
38755;201400025699;0;7;0;0.0;2.0;4.0;1.0;B01
38756;201400025700;0;30;0;0.0;1.0;1.0;1.0;A01
38757;201400025702;0;7;0;0.0;2.0;3.0;22.0;A01
38758;201400025702;0;1;0;0.0;2.0;1.0;17.0;B01
38759;201400025703;0;1;0;0.0;2.0;1.0;1.0;B01
38760;201400025703;0;10;0;0.0;2.0;2.0;16.0;A01
38761;201400025707;0;7;0;0.0;2.0;1.0;1.0;A01
38762;201400025707;0;1;0;0.0;2.0;1.0;1.0;B01
38763;201400025708;0;1;0;0.0;2.0;1.0;1.0;B01
38764;201400025708;0;7;0;0.0;2.0;7.0;15.0;A01
38765;201400025709;0;7;0;0.0;2.0;5.0;1.0;A01
38766;201400025709;0;7;0;0.0;2.0;1.0;1.0;B01
38767;201400025710;0;7;0;0.0;2.0;3.0;15.0;A01
38768;201400025710;0;30;0;0.0;2.0;2.0;15.0;B01
38769;201400025711;0;33;0;0.0;2.0;1.0;16.0;A01
38770;201400025711;0;7;0;0.0;2.0;1.0;16.0;B01
38771;201400025712;0;7;0;0.0;2.0;1.0;12.0;A01
38772;201400025712;0;7;0;0.0;2.0;6.0;2.0;B01
38773;201400025713;0;1;0;0.0;0.0;1.0;1.0;A01
38774;201400025714;0;7;0;0.0;2.0;2.0;1.0;B01
38775;201400025714;0;1;0;0.0;2.0;1.0;0.0;A01
38776;201400025715;0;7;0;0.0;2.0;8.0;1.0;B01
38777;201400025715;0;30;0;0.0;2.0;1.0;1.0;A01
38778;201400025716;0;7;0;0.0;2.0;1.0;2.0;A01
38779;201400025716;0;7;0;0.0;2.0;4.0;2.0;B01
38780;201400025717;0;7;0;0.0;2.0;4.0;1.0;B01
38781;201400025717;0;33;0;0.0;2.0;1.0;0.0;A01
38782;201400025718;0;7;0;0.0;1.0;1.0;1.0;A01
38783;201400025720;0;7;0;0.0;1.0;4.0;4.0;A01
38784;201400025721;0;10;0;0.0;1.0;1.0;1.0;A01
38785;201400025722;0;7;0;0.0;2.0;1.0;15.0;A01
38786;201400025722;0;31;0;0.0;2.0;8.0;1.0;B01
38787;201400025723;0;7;0;0.0;2.0;2.0;15.0;A01
38788;201400025723;0;1;0;0.0;2.0;1.0;1.0;B01
38789;201400025724;0;1;0;0.0;2.0;1.0;1.0;B01
38790;201400025724;0;7;0;0.0;2.0;2.0;16.0;A01
38791;201400025726;0;7;0;0.0;2.0;1.0;1.0;A01
38792;201400025726;0;33;0;0.0;2.0;6.0;23.0;B01
38793;201400025727;0;10;0;0.0;2.0;4.0;23.0;C01
38794;201400025727;0;7;0;0.0;2.0;1.0;2.0;A01
38795;201400025727;0;7;0;0.0;2.0;4.0;23.0;B01
38796;201400025728;0;32;0;12.0;0.0;3.0;1.0;A01
38797;201400025729;0;7;0;0.0;2.0;3.0;15.0;B01
38798;201400025729;0;32;0;0.0;2.0;1.0;17.0;A01
38799;201400025730;0;7;0;0.0;2.0;1.0;0.0;A01
38800;201400025730;0;7;0;0.0;2.0;4.0;0.0;B01
38801;201400025731;0;7;0;0.0;2.0;4.0;1.0;C01
38802;201400025731;0;7;0;0.0;2.0;3.0;1.0;A01
38803;201400025731;0;33;0;0.0;2.0;6.0;1.0;B01
38804;201400025732;0;10;0;0.0;2.0;4.0;23.0;B01
38805;201400025732;0;7;0;0.0;2.0;1.0;1.0;A01
38806;201400025733;0;7;0;0.0;2.0;4.0;1.0;B01
38807;201400025733;0;7;0;0.0;2.0;1.0;1.0;A01
38808;201400025734;0;1;0;0.0;2.0;1.0;1.0;A01
38809;201400025734;0;7;0;0.0;2.0;6.0;23.0;B01
38810;201400025735;0;7;0;0.0;2.0;1.0;15.0;A01
38811;201400025735;0;7;0;0.0;2.0;1.0;1.0;B01
38812;201400025736;0;7;0;11.0;0.0;1.0;1.0;A01
38813;201400025737;0;30;0;0.0;0.0;0.0;1.0;A01
38814;201400025738;0;7;0;0.0;2.0;4.0;23.0;C01
38815;201400025738;0;7;0;0.0;2.0;1.0;1.0;A01
38816;201400025738;0;7;0;0.0;2.0;4.0;23.0;B01
38817;201400025739;0;7;0;0.0;2.0;1.0;1.0;B01
38818;201400025739;0;7;0;0.0;2.0;2.0;15.0;A01
38819;201400025740;0;7;0;0.0;1.0;3.0;0.0;A01
38820;201400025742;0;7;0;0.0;2.0;1.0;1.0;B01
38821;201400025742;0;33;0;0.0;2.0;6.0;19.0;A01
38822;201400025743;0;7;0;0.0;2.0;1.0;1.0;A01
38823;201400025743;0;7;0;0.0;2.0;1.0;1.0;B01
38824;201400025744;0;7;0;0.0;0.0;9.0;1.0;A01
38825;201400025745;0;33;0;0.0;2.0;7.0;1.0;B01
38826;201400025745;1;7;0;0.0;0.0;0.0;0.0;A01
38827;201400025746;0;30;0;0.0;2.0;8.0;1.0;B01
38828;201400025746;0;7;0;0.0;2.0;2.0;15.0;A01
38829;201400025747;2;7;0;0.0;2.0;1.0;1.0;A01
38830;201400025747;0;7;0;0.0;2.0;4.0;23.0;C01
38831;201400025747;0;34;0;0.0;2.0;4.0;23.0;B01
38832;201400025748;0;7;0;0.0;2.0;1.0;1.0;B01
38833;201400025748;0;7;0;0.0;2.0;1.0;15.0;A01
38834;201400025749;0;1;0;0.0;0.0;0.0;1.0;A01
38835;201400025750;0;7;0;13.0;0.0;1.0;1.0;A01
38836;201400025751;0;33;0;7.0;0.0;1.0;1.0;A01
38837;201400025752;0;7;0;0.0;0.0;1.0;1.0;A01
38838;201400025754;0;1;0;0.0;2.0;8.0;19.0;A01
38839;201400025754;0;7;0;0.0;9.0;1.0;1.0;B01
38840;201400025755;0;10;0;0.0;1.0;1.0;1.0;A01
38841;201400025758;0;31;0;0.0;0.0;1.0;1.0;A01
38842;201400025759;0;33;0;0.0;2.0;2.0;1.0;B01
38843;201400025759;0;7;0;0.0;2.0;5.0;15.0;A01
38844;201400025760;0;13;0;0.0;2.0;1.0;1.0;A01
38845;201400025760;0;7;0;0.0;2.0;8.0;15.0;B01
38846;201400025761;0;7;0;0.0;2.0;1.0;1.0;B01
38847;201400025761;0;7;0;0.0;2.0;1.0;15.0;A01
38848;201400025762;0;10;0;0.0;2.0;1.0;1.0;A01
38849;201400025762;0;7;0;0.0;2.0;4.0;23.0;B01
38850;201400025765;0;7;0;0.0;2.0;1.0;1.0;A01
38851;201400025765;0;1;0;0.0;2.0;4.0;15.0;B01
38852;201400025766;0;30;0;0.0;2.0;1.0;0.0;A01
38853;201400025766;0;7;0;0.0;2.0;0.0;1.0;B01
38854;201400025766;0;7;0;0.0;0.0;0.0;1.0;C01
38855;201400025767;0;10;0;0.0;1.0;1.0;1.0;A01
38856;201400025768;0;7;0;0.0;0.0;1.0;1.0;A01
38857;201400025768;0;32;0;0.0;2.0;4.0;23.0;B01
38858;201400025769;0;7;0;0.0;2.0;4.0;23.0;C01
38859;201400025769;0;7;0;0.0;2.0;1.0;1.0;A01
38860;201400025769;0;7;0;0.0;2.0;4.0;23.0;B01
38861;201400025770;0;7;0;0.0;2.0;1.0;1.0;A01
38862;201400025770;0;7;0;0.0;2.0;7.0;1.0;B01
38863;201400025771;0;7;0;0.0;2.0;8.0;1.0;B01
38864;201400025771;0;30;0;0.0;2.0;1.0;1.0;A01
38865;201400025772;0;7;0;0.0;2.0;2.0;1.0;B01
38866;201400025772;0;30;0;0.0;2.0;1.0;15.0;A01
38867;201400025773;0;7;0;0.0;1.0;1.0;1.0;A01
38868;201400025774;0;30;0;0.0;0.0;0.0;1.0;A01
38869;201400025775;0;30;0;0.0;2.0;4.0;1.0;B01
38870;201400025775;0;10;0;0.0;2.0;1.0;1.0;A01
38871;201400025776;0;7;0;0.0;2.0;1.0;1.0;B01
38872;201400025776;0;7;0;0.0;2.0;8.0;1.0;A01
38873;201400025777;0;7;0;0.0;2.0;2.0;16.0;A01
38874;201400025777;0;1;0;0.0;2.0;1.0;1.0;B01
38875;201400025778;0;7;0;0.0;2.0;2.0;15.0;A01
38876;201400025778;0;1;0;0.0;2.0;1.0;1.0;B01
38877;201400025779;0;7;0;0.0;2.0;8.0;16.0;A01
38878;201400025779;0;37;1;0.0;2.0;1.0;1.0;B01
38879;201400025780;0;33;0;0.0;2.0;7.0;1.0;B01
38880;201400025780;0;7;0;0.0;2.0;3.0;9.0;A01
38881;201400025781;0;30;0;0.0;0.0;1.0;1.0;A01
38882;201400025782;0;7;0;0.0;2.0;3.0;9.0;A01
38883;201400025782;0;1;0;0.0;2.0;1.0;1.0;B01
38884;201400025783;0;7;0;0.0;2.0;7.0;12.0;A01
38885;201400025783;0;7;0;0.0;2.0;8.0;1.0;B01
38886;201400025784;0;7;0;0.0;2.0;3.0;15.0;A01
38887;201400025784;0;7;0;0.0;2.0;1.0;1.0;B01
38888;201400025785;0;10;0;0.0;2.0;0.0;17.0;A01
38889;201400025785;0;30;0;0.0;2.0;8.0;1.0;B01
38890;201400025786;0;7;0;0.0;1.0;3.0;1.0;A01
38891;201400025788;0;7;0;9.0;1.0;1.0;1.0;A01
38892;201400025789;0;10;0;0.0;2.0;2.0;16.0;A01
38893;201400025789;0;1;0;0.0;2.0;1.0;1.0;B01
38894;201400025790;0;7;0;0.0;2.0;1.0;1.0;A01
38895;201400025790;0;7;0;0.0;2.0;4.0;1.0;B01
38896;201400025790;0;7;0;0.0;2.0;4.0;1.0;C01
38897;201400025790;0;7;0;0.0;2.0;4.0;1.0;D01
38898;201400025791;0;10;0;0.0;2.0;8.0;10.0;A01
38899;201400025791;0;7;0;0.0;2.0;1.0;1.0;B01
38900;201400025792;0;7;0;12.0;0.0;1.0;1.0;A01
38901;201400025793;0;7;0;0.0;1.0;1.0;1.0;A01
38902;201400025794;0;7;0;0.0;2.0;1.0;1.0;B01
38903;201400025794;0;7;0;0.0;2.0;7.0;15.0;A01
38904;201400025795;0;7;0;0.0;2.0;2.0;16.0;A01
38905;201400025795;0;1;0;0.0;2.0;1.0;1.0;B01
38906;201400025796;0;7;0;2.0;0.0;1.0;12.0;A01
38907;201400025797;0;7;0;0.0;2.0;2.0;1.0;A01
38908;201400025797;0;33;0;1.0;2.0;0.0;1.0;B01
38909;201400025798;0;7;0;0.0;2.0;1.0;1.0;B01
38910;201400025798;0;1;0;0.0;2.0;1.0;15.0;A01
38911;201400025799;0;7;0;0.0;2.0;1.0;17.0;A01
38912;201400025799;0;7;0;0.0;2.0;4.0;23.0;B01
38913;201400025799;0;7;0;0.0;2.0;4.0;23.0;C01
38914;201400025800;0;1;0;0.0;2.0;1.0;1.0;A01
38915;201400025800;0;7;0;0.0;2.0;3.0;1.0;B01
38916;201400025801;0;10;0;0.0;2.0;2.0;15.0;A01
38917;201400025801;0;33;0;0.0;2.0;1.0;1.0;B01
38918;201400025802;0;7;0;0.0;1.0;2.0;1.0;A01
38919;201400025803;0;30;0;0.0;0.0;0.0;16.0;A01
38920;201400025804;0;17;0;0.0;2.0;7.0;12.0;A01
38921;201400025804;0;7;0;0.0;2.0;8.0;1.0;B01
38922;201400025805;0;1;0;0.0;0.0;0.0;1.0;A01
38923;201400025806;0;7;0;1.0;0.0;9.0;0.0;A01
38924;201400025807;0;7;0;0.0;2.0;5.0;2.0;B01
38925;201400025807;0;7;0;0.0;2.0;1.0;1.0;A01
38926;201400025808;0;7;0;0.0;2.0;1.0;1.0;B01
38927;201400025808;0;7;0;0.0;2.0;2.0;1.0;A01
38928;201400025809;0;7;0;13.0;2.0;7.0;17.0;A01
38929;201400025809;0;10;0;0.0;2.0;8.0;1.0;B01
38930;201400025810;0;7;0;0.0;2.0;1.0;15.0;A01