;Num_Acc;senc;catv;occutc;obs;obsm;choc;manv;num_veh
38931;201400025810;0;7;0;0.0;2.0;4.0;23.0;B01
38932;201400025811;0;7;0;0.0;0.0;1.0;1.0;A01
38933;201400025811;0;7;0;0.0;2.0;4.0;24.0;B01
38934;201400025812;0;30;0;0.0;0.0;0.0;16.0;A01
38935;201400025815;0;1;0;0.0;0.0;0.0;1.0;A01
38936;201400025816;0;7;0;0.0;2.0;7.0;16.0;B01
38937;201400025816;0;10;0;0.0;2.0;8.0;15.0;A01
38938;201400025817;0;14;0;0.0;2.0;7.0;12.0;A01
38939;201400025817;0;7;0;0.0;2.0;8.0;1.0;B01
38940;201400025818;0;10;0;0.0;1.0;4.0;4.0;A01
38941;201400025819;0;30;0;0.0;2.0;4.0;16.0;B01
38942;201400025819;0;7;0;0.0;2.0;1.0;1.0;A01
38943;201400025820;0;7;0;0.0;2.0;1.0;1.0;A01
38944;201400025820;0;7;0;0.0;2.0;4.0;1.0;B01
38945;201400025820;0;7;0;0.0;2.0;4.0;1.0;C01
38946;201400025821;0;1;0;0.0;2.0;1.0;1.0;B01
38947;201400025821;0;30;0;0.0;2.0;1.0;15.0;A01
38948;201400025822;0;30;0;0.0;2.0;1.0;15.0;A01
38949;201400025822;0;1;0;0.0;2.0;1.0;1.0;B01
38950;201400025823;0;7;0;11.0;0.0;9.0;1.0;A01
38951;201400025824;0;1;0;0.0;2.0;2.0;1.0;A01
38952;201400025824;0;14;0;0.0;2.0;2.0;1.0;B01
38953;201400025825;0;30;0;0.0;2.0;1.0;1.0;A01
38954;201400025825;0;7;0;0.0;2.0;5.0;23.0;B01
38955;201400025826;0;7;0;0.0;0.0;1.0;1.0;A01
38956;201400025827;0;10;0;0.0;2.0;1.0;1.0;A01
38957;201400025827;0;7;0;0.0;2.0;4.0;1.0;B01
38958;201400025828;0;30;0;0.0;2.0;2.0;1.0;B01
38959;201400025828;0;7;0;0.0;2.0;3.0;1.0;A01
38960;201400025829;0;37;10;0.0;1.0;1.0;1.0;A01
38961;201400025830;0;30;0;9.0;0.0;0.0;1.0;A01
38962;201400025831;0;7;0;0.0;2.0;2.0;1.0;A01
38963;201400025831;0;1;0;0.0;2.0;1.0;1.0;B01
38964;201400025832;0;7;0;0.0;1.0;1.0;1.0;A01
38965;201400025833;0;37;10;0.0;1.0;8.0;1.0;A01
38966;201400025834;0;33;0;0.0;0.0;8.0;1.0;A01
38967;201400025835;0;33;0;0.0;0.0;5.0;1.0;A01
38968;201400025836;0;7;0;12.0;0.0;8.0;1.0;A01
38969;201400025837;0;7;0;0.0;2.0;1.0;15.0;B01
38970;201400025837;0;30;0;0.0;2.0;1.0;1.0;A01
38971;201400025838;0;1;0;0.0;2.0;7.0;1.0;A01
38972;201400025839;0;7;0;0.0;2.0;3.0;1.0;B01
38973;201400025839;0;7;0;0.0;2.0;2.0;15.0;A01
38974;201400025840;0;7;0;0.0;2.0;2.0;15.0;A01
38975;201400025840;0;32;0;0.0;2.0;1.0;1.0;B01
38976;201400025841;0;7;0;0.0;2.0;8.0;22.0;A01
38977;201400025841;0;1;0;0.0;2.0;1.0;1.0;B01
38978;201400025843;0;7;0;0.0;2.0;6.0;1.0;B01
38979;201400025843;0;16;0;0.0;2.0;7.0;12.0;A01
38980;201400025844;0;1;0;0.0;2.0;1.0;1.0;A01
38981;201400025844;0;7;0;0.0;2.0;2.0;1.0;B01
38982;201400025845;0;7;0;0.0;2.0;9.0;1.0;B01
38983;201400025845;0;7;0;0.0;2.0;9.0;12.0;A01
38984;201400025846;0;33;0;0.0;2.0;2.0;14.0;A01
38985;201400025846;0;7;0;0.0;2.0;8.0;16.0;B01
38986;201400025847;0;7;0;0.0;2.0;1.0;15.0;A01
38987;201400025847;0;33;0;0.0;2.0;0.0;1.0;B01
38988;201400025848;0;7;0;0.0;2.0;6.0;0.0;B01
38989;201400025848;0;7;0;0.0;0.0;4.0;2.0;A01
38990;201400025848;0;7;0;0.0;2.0;1.0;0.0;D01
38991;201400025848;0;7;0;0.0;2.0;1.0;0.0;C01
38992;201400025849;0;1;0;0.0;2.0;1.0;1.0;A01
38993;201400025849;0;7;0;0.0;2.0;6.0;1.0;B01
38994;201400025850;0;1;0;0.0;0.0;0.0;1.0;A01
38995;201400025851;0;7;0;0.0;2.0;3.0;0.0;A01
38996;201400025851;0;1;0;0.0;2.0;1.0;1.0;B01
38997;201400025852;0;7;0;0.0;2.0;3.0;1.0;B01
38998;201400025852;0;7;0;0.0;2.0;3.0;15.0;A01
38999;201400025853;1;7;0;0.0;2.0;1.0;0.0;A01
39000;201400025853;0;1;0;0.0;2.0;4.0;1.0;B01
39001;201400025854;0;7;0;0.0;1.0;1.0;1.0;A01
39002;201400025855;0;7;0;0.0;2.0;4.0;2.0;B01
39003;201400025855;0;33;0;0.0;2.0;1.0;2.0;A01
39004;201400025856;0;7;0;0.0;1.0;4.0;4.0;A01
39005;201400025857;0;7;0;0.0;2.0;4.0;23.0;B01
39006;201400025857;0;7;0;0.0;2.0;1.0;2.0;A01
39007;201400025858;0;1;0;0.0;1.0;1.0;1.0;A01
39008;201400025859;0;7;0;0.0;2.0;4.0;23.0;B01
39009;201400025859;0;7;0;0.0;2.0;6.0;23.0;C01
39010;201400025859;0;7;0;0.0;2.0;1.0;2.0;A01
39011;201400025860;0;7;0;0.0;2.0;1.0;2.0;A01
39012;201400025860;0;7;0;0.0;2.0;4.0;2.0;B01
39013;201400025861;0;7;0;0.0;1.0;1.0;1.0;A01
39014;201400025862;0;7;0;0.0;1.0;1.0;0.0;A01
39015;201400025863;0;1;0;0.0;2.0;0.0;1.0;B01
39016;201400025863;0;7;0;0.0;9.0;8.0;2.0;A01
39017;201400025864;0;7;0;0.0;2.0;5.0;14.0;A01
39018;201400025864;0;33;0;0.0;2.0;8.0;1.0;B01
39019;201400025865;0;7;0;0.0;2.0;4.0;2.0;B01
39020;201400025865;0;7;0;0.0;2.0;4.0;2.0;C01
39021;201400025865;0;7;0;0.0;2.0;1.0;2.0;A01
39022;201400025866;0;14;0;0.0;2.0;1.0;1.0;A01
39023;201400025866;0;10;0;0.0;2.0;4.0;1.0;B01
39024;201400025866;0;7;0;0.0;2.0;4.0;1.0;C01
39025;201400025866;0;7;0;0.0;2.0;4.0;1.0;D01
39026;201400025868;0;7;0;0.0;1.0;0.0;1.0;A01
39027;201400025869;0;7;0;0.0;2.0;1.0;1.0;A01
39028;201400025869;0;7;0;0.0;2.0;4.0;23.0;B01
39029;201400025871;0;33;0;0.0;5.0;1.0;1.0;A01
39030;201400025874;0;7;0;0.0;2.0;3.0;1.0;B01
39031;201400025874;0;10;0;0.0;2.0;1.0;15.0;A01
39032;201400025875;0;7;0;0.0;2.0;5.0;23.0;B01
39033;201400025875;0;7;0;0.0;2.0;1.0;1.0;A01
39034;201400025876;0;33;0;0.0;1.0;9.0;14.0;A01
39035;201400025877;0;7;0;0.0;2.0;4.0;23.0;B01
39036;201400025877;0;7;0;0.0;2.0;1.0;1.0;A01
39037;201400025878;0;7;0;7.0;0.0;1.0;1.0;A01
39038;201400025879;0;7;0;0.0;2.0;1.0;15.0;A01
39039;201400025879;0;30;0;0.0;2.0;1.0;1.0;B01
39040;201400025880;0;7;0;0.0;1.0;1.0;1.0;A01
39041;201400025881;0;7;0;0.0;0.0;9.0;1.0;A01
39042;201400025882;0;31;0;0.0;2.0;1.0;17.0;B01
39043;201400025882;0;10;0;0.0;2.0;8.0;20.0;A01
39044;201400025883;0;7;0;0.0;2.0;4.0;2.0;C01
39045;201400025883;0;7;0;0.0;2.0;1.0;2.0;A01
39046;201400025883;0;7;0;0.0;2.0;4.0;2.0;B01
39047;201400025884;0;1;0;0.0;2.0;1.0;1.0;B01
39048;201400025884;0;7;0;0.0;2.0;2.0;15.0;A01
39049;201400025885;0;7;0;0.0;2.0;1.0;2.0;A01
39050;201400025885;0;7;0;0.0;2.0;4.0;2.0;B01
39051;201400025886;0;7;0;15.0;0.0;1.0;1.0;A01
39052;201400025887;0;7;0;0.0;2.0;1.0;15.0;A01
39053;201400025887;0;32;0;0.0;2.0;1.0;1.0;B01
39054;201400025888;0;30;0;0.0;1.0;1.0;7.0;A01
39055;201400025889;0;7;0;0.0;2.0;3.0;9.0;A01
39056;201400025889;0;1;0;0.0;2.0;2.0;1.0;B01
39057;201400025890;0;7;0;0.0;2.0;4.0;2.0;B01
39058;201400025890;0;7;0;0.0;2.0;1.0;2.0;A01
39059;201400025890;0;10;0;0.0;2.0;4.0;2.0;D01
39060;201400025890;0;7;0;0.0;2.0;4.0;2.0;C01
39061;201400025891;0;7;0;0.0;0.0;1.0;1.0;C01
39062;201400025891;0;15;0;0.0;2.0;0.0;1.0;A01
39063;201400025891;0;10;0;0.0;0.0;1.0;1.0;B01
39064;201400025892;0;7;0;0.0;2.0;2.0;15.0;A01
39065;201400025892;0;7;0;0.0;2.0;1.0;1.0;B01
39066;201400025893;0;7;0;0.0;2.0;1.0;15.0;B01
39067;201400025893;0;7;0;0.0;2.0;7.0;16.0;A01
39068;201400025894;0;7;0;0.0;1.0;3.0;15.0;A01
39069;201400025895;0;7;0;0.0;1.0;3.0;1.0;A01
39070;201400025896;0;7;0;0.0;1.0;3.0;1.0;A01
39071;201400025897;0;7;0;0.0;9.0;8.0;1.0;B01
39072;201400025897;0;1;0;0.0;2.0;1.0;1.0;A01
39073;201400025898;0;10;0;0.0;2.0;3.0;1.0;B01
39074;201400025898;0;7;0;0.0;2.0;5.0;15.0;A01
39075;201400025899;0;7;0;0.0;2.0;1.0;15.0;A01
39076;201400025899;0;7;0;0.0;2.0;1.0;1.0;B01
39077;201400025900;0;7;0;0.0;2.0;5.0;15.0;B01
39078;201400025900;0;7;0;0.0;2.0;2.0;1.0;A01
39079;201400025902;0;7;0;2.0;0.0;1.0;1.0;A01
39080;201400025903;0;31;0;0.0;2.0;1.0;2.0;A01
39081;201400025903;0;7;0;0.0;2.0;4.0;2.0;B01
39082;201400025904;0;7;0;0.0;1.0;0.0;15.0;A01
39083;201400025906;0;1;0;1.0;0.0;1.0;1.0;B01
39084;201400025906;0;7;0;0.0;2.0;8.0;20.0;A01
39085;201400025907;0;1;0;0.0;2.0;1.0;1.0;B01
39086;201400025907;1;7;0;0.0;2.0;0.0;16.0;A01
39087;201400025908;0;1;0;0.0;2.0;1.0;9.0;A01
39088;201400025908;0;37;5;0.0;2.0;1.0;1.0;B01
39089;201400025909;0;7;0;0.0;1.0;1.0;1.0;A01
39090;201400025910;0;1;0;0.0;2.0;0.0;16.0;B01
39091;201400025910;0;10;0;0.0;2.0;2.0;9.0;A01
39092;201400025912;0;7;0;0.0;2.0;1.0;15.0;A01
39093;201400025912;0;34;0;0.0;2.0;1.0;1.0;B01
39094;201400025913;0;15;0;0.0;2.0;4.0;11.0;B01
39095;201400025913;0;7;0;0.0;2.0;7.0;17.0;A01
39096;201400025914;0;30;0;0.0;2.0;1.0;1.0;A01
39097;201400025914;0;10;0;0.0;2.0;2.0;15.0;B01
39098;201400025915;0;7;0;0.0;2.0;1.0;2.0;A01
39099;201400025915;0;7;0;0.0;2.0;4.0;2.0;B01
39100;201400025916;0;2;0;0.0;0.0;1.0;0.0;A01
39101;201400025917;0;30;0;0.0;0.0;1.0;0.0;A01
39102;201400025918;0;32;0;0.0;2.0;2.0;17.0;A01
39103;201400025918;0;7;0;0.0;2.0;3.0;13.0;B01
39104;201400025919;0;1;0;12.0;0.0;1.0;1.0;A01
39105;201400025920;0;7;0;0.0;2.0;1.0;1.0;B01
39106;201400025920;0;33;0;0.0;2.0;0.0;1.0;A01
39107;201400025921;0;1;0;0.0;2.0;0.0;15.0;B01
39108;201400025921;0;7;0;0.0;2.0;0.0;0.0;A01
39109;201400025922;0;33;0;0.0;2.0;7.0;1.0;B01
39110;201400025922;1;7;0;0.0;2.0;0.0;16.0;Z01
39111;201400025923;0;7;0;0.0;2.0;0.0;16.0;A01
39112;201400025923;0;31;0;0.0;2.0;0.0;1.0;B01
39113;201400025925;0;7;0;0.0;2.0;4.0;23.0;B01
39114;201400025925;0;7;0;0.0;0.0;1.0;1.0;A01
39115;201400025925;0;7;0;0.0;0.0;4.0;23.0;C01
39116;201400025927;0;31;0;0.0;2.0;3.0;2.0;A01
39117;201400025927;0;7;0;0.0;2.0;5.0;23.0;B01
39118;201400025928;0;7;0;0.0;1.0;1.0;16.0;A01
39119;201400025929;0;7;0;0.0;1.0;2.0;1.0;A01
39120;201400025930;0;7;0;0.0;2.0;4.0;23.0;C01
39121;201400025930;0;7;0;0.0;2.0;1.0;1.0;A01
39122;201400025930;0;7;0;0.0;2.0;4.0;23.0;D01
39123;201400025930;0;7;0;0.0;2.0;4.0;23.0;B01
39124;201400025931;0;30;0;0.0;2.0;3.0;1.0;A01
39125;201400025931;0;1;0;0.0;2.0;0.0;15.0;B01
39126;201400025932;0;33;0;0.0;2.0;1.0;1.0;B01
39127;201400025932;0;7;0;0.0;2.0;2.0;15.0;A01
39128;201400025933;0;7;0;0.0;2.0;1.0;15.0;A01
39129;201400025933;0;30;0;0.0;2.0;1.0;1.0;B01
39130;201400025934;0;7;0;0.0;2.0;1.0;1.0;B01
39131;201400025934;0;7;0;3.0;2.0;1.0;1.0;A01
39132;201400025935;0;34;0;0.0;0.0;1.0;1.0;A01
39133;201400025936;0;34;0;0.0;0.0;7.0;1.0;A01
39134;201400025937;0;2;0;0.0;0.0;0.0;0.0;A01
39135;201400025938;0;7;0;0.0;1.0;4.0;1.0;A01
39136;201400025939;0;10;0;0.0;2.0;1.0;1.0;C01
39137;201400025939;0;7;0;0.0;2.0;4.0;1.0;B01
39138;201400025939;0;7;0;3.0;2.0;1.0;9.0;A01
39139;201400025940;0;7;0;0.0;1.0;1.0;15.0;A01
39140;201400025941;0;1;0;0.0;2.0;5.0;1.0;B01
39141;201400025941;0;7;0;0.0;2.0;3.0;1.0;A01
39142;201400025942;0;7;0;0.0;1.0;1.0;16.0;A01
39143;201400025943;2;7;0;0.0;2.0;1.0;1.0;A01
39144;201400025943;0;7;0;5.0;2.0;4.0;1.0;B01
39145;201400025944;0;7;0;13.0;0.0;1.0;0.0;A01
39146;201400025945;0;7;0;0.0;1.0;1.0;15.0;A01
39147;201400025946;0;7;0;0.0;2.0;1.0;20.0;A01
39148;201400025946;0;30;0;0.0;2.0;1.0;1.0;B01
39149;201400025947;0;1;0;0.0;1.0;1.0;1.0;A01
39150;201400025948;0;7;0;0.0;2.0;1.0;1.0;A01
39151;201400025948;0;7;0;0.0;2.0;4.0;1.0;B01
39152;201400025949;0;7;0;0.0;2.0;8.0;1.0;B01
39153;201400025949;0;7;0;0.0;2.0;1.0;15.0;A01
39154;201400025950;0;33;0;0.0;2.0;1.0;1.0;A01
39155;201400025950;0;1;0;0.0;2.0;8.0;19.0;B01
39156;201400025951;0;1;0;0.0;2.0;1.0;19.0;A01
39157;201400025951;0;33;0;0.0;2.0;1.0;1.0;B01
39158;201400025952;0;7;0;4.0;0.0;9.0;1.0;A01
39159;201400025953;0;7;0;0.0;2.0;3.0;1.0;B01
39160;201400025953;0;7;0;0.0;2.0;1.0;1.0;A01
39161;201400025954;0;10;0;0.0;2.0;1.0;2.0;A01
39162;201400025954;0;7;0;0.0;2.0;4.0;2.0;B01
39163;201400025955;0;7;0;0.0;2.0;4.0;2.0;B01
39164;201400025955;0;7;0;0.0;2.0;4.0;2.0;C01
39165;201400025955;0;7;0;0.0;2.0;3.0;2.0;A01
39166;201400025956;0;7;0;0.0;2.0;4.0;23.0;B01
39167;201400025956;0;7;0;0.0;2.0;1.0;2.0;A01
39168;201400025957;0;7;0;8.0;0.0;0.0;1.0;A01
39169;201400025958;0;7;0;0.0;1.0;2.0;1.0;A01
39170;201400025959;0;7;0;0.0;1.0;2.0;1.0;A01
39171;201400025960;0;2;0;0.0;0.0;0.0;1.0;A01
39172;201400025961;0;7;0;0.0;2.0;4.0;23.0;C01
39173;201400025961;1;7;0;0.0;2.0;0.0;2.0;A01
39174;201400025961;0;10;0;0.0;2.0;9.0;2.0;B01
39175;201400025962;0;7;0;0.0;1.0;1.0;1.0;A01
39176;201400025966;0;7;0;0.0;2.0;1.0;2.0;A01
39177;201400025966;0;7;0;0.0;2.0;4.0;23.0;B01
39178;201400025968;0;7;0;0.0;2.0;4.0;2.0;B01
39179;201400025968;0;7;0;0.0;2.0;1.0;2.0;A01
39180;201400025969;0;1;0;0.0;2.0;7.0;1.0;A01
39181;201400025969;0;30;0;0.0;2.0;3.0;1.0;B01
39182;201400025970;0;1;0;0.0;2.0;0.0;19.0;A01
39183;201400025970;0;7;0;0.0;2.0;1.0;16.0;B01
39184;201400025971;0;7;0;0.0;2.0;8.0;1.0;B01
39185;201400025971;0;7;0;0.0;2.0;1.0;1.0;A01
39186;201400025972;0;33;0;0.0;2.0;1.0;2.0;A01
39187;201400025972;0;7;0;0.0;2.0;4.0;2.0;B01
39188;201400025973;0;34;0;0.0;2.0;7.0;1.0;B01
39189;201400025973;0;10;0;0.0;2.0;1.0;1.0;A01
39190;201400025973;0;10;0;0.0;2.0;1.0;23.0;E01
39191;201400025973;0;7;0;0.0;2.0;8.0;1.0;D01
39192;201400025973;0;7;0;0.0;2.0;8.0;1.0;C01
39193;201400025974;2;7;0;0.0;2.0;3.0;16.0;A01
39194;201400025974;0;1;0;0.0;2.0;1.0;1.0;B01
39195;201400025975;0;7;0;0.0;2.0;4.0;23.0;B01
39196;201400025975;0;7;0;0.0;2.0;4.0;23.0;C01
39197;201400025975;0;10;0;0.0;2.0;1.0;1.0;A01
39198;201400025976;0;10;0;0.0;1.0;1.0;1.0;A01
39199;201400025977;0;7;0;0.0;1.0;1.0;1.0;A01
39200;201400025978;0;1;0;0.0;2.0;1.0;1.0;B01
39201;201400025978;0;10;0;0.0;2.0;0.0;16.0;A01
39202;201400025979;0;7;0;8.0;0.0;1.0;1.0;A01
39203;201400025980;0;7;0;0.0;2.0;3.0;10.0;A01
39204;201400025980;0;7;0;0.0;2.0;2.0;1.0;B01
39205;201400025981;0;7;0;0.0;2.0;3.0;1.0;B01
39206;201400025981;0;7;0;0.0;2.0;1.0;1.0;A01
39207;201400025982;0;1;0;0.0;2.0;0.0;1.0;A01
39208;201400025982;0;7;0;0.0;2.0;1.0;15.0;B01
39209;201400025983;0;7;0;0.0;1.0;2.0;16.0;A01
39210;201400025984;0;7;0;0.0;2.0;1.0;1.0;B01
39211;201400025984;0;7;0;0.0;2.0;1.0;5.0;A01
39212;201400025986;0;31;0;0.0;2.0;1.0;2.0;A01
39213;201400025986;0;7;0;0.0;2.0;4.0;2.0;B01
39214;201400025987;0;1;0;1.0;0.0;1.0;1.0;A01
39215;201400025988;0;1;0;0.0;2.0;9.0;1.0;B01
39216;201400025988;0;7;0;0.0;2.0;7.0;16.0;A01
39217;201400025989;0;30;0;0.0;0.0;1.0;15.0;A01
39218;201400025990;0;7;0;0.0;2.0;1.0;1.0;B01
39219;201400025990;0;7;0;0.0;2.0;2.0;15.0;A01
39220;201400025991;0;10;0;0.0;2.0;1.0;1.0;B01
39221;201400025991;0;7;0;0.0;2.0;9.0;1.0;A01
39222;201400025992;0;10;0;0.0;2.0;7.0;15.0;A01
39223;201400025992;0;7;0;0.0;2.0;3.0;1.0;B01
39224;201400025993;0;1;0;0.0;2.0;1.0;1.0;B01
39225;201400025993;0;10;0;0.0;0.0;7.0;16.0;A01
39226;201400025994;0;7;0;0.0;1.0;1.0;1.0;A01
39227;201400025995;0;7;0;0.0;2.0;1.0;1.0;B01
39228;201400025995;0;10;0;0.0;2.0;1.0;15.0;A01
39229;201400025996;0;32;0;0.0;0.0;1.0;1.0;A01
39230;201400025997;0;1;0;0.0;0.0;1.0;1.0;A01
39231;201400025998;0;7;0;0.0;2.0;4.0;1.0;B01
39232;201400025998;0;7;0;0.0;2.0;1.0;1.0;A01
39233;201400025999;0;7;0;0.0;2.0;8.0;15.0;B01
39234;201400025999;2;7;0;0.0;2.0;1.0;1.0;A01
39235;201400026000;0;7;0;0.0;2.0;4.0;23.0;B01
39236;201400026000;0;7;0;0.0;2.0;1.0;1.0;A01
39237;201400026001;0;10;0;7.0;0.0;1.0;0.0;A01
39238;201400026002;0;30;0;0.0;0.0;0.0;1.0;A01
39239;201400026003;0;7;0;0.0;2.0;1.0;1.0;B01
39240;201400026003;0;10;0;0.0;2.0;1.0;19.0;A01
39241;201400026004;0;10;0;0.0;2.0;2.0;1.0;B01
39242;201400026004;0;7;0;0.0;2.0;8.0;15.0;A01
39243;201400026005;0;7;0;0.0;1.0;3.0;1.0;A01
39244;201400026006;0;7;0;1.0;1.0;2.0;2.0;A01
39245;201400026007;0;7;0;0.0;1.0;2.0;0.0;A01
39246;201400026008;0;7;0;0.0;1.0;2.0;14.0;A01
39247;201400026009;0;13;0;0.0;1.0;1.0;1.0;A01
39248;201400026010;0;10;0;0.0;1.0;4.0;4.0;A01
39249;201400026011;0;7;0;0.0;1.0;0.0;1.0;A01
39250;201400026012;0;14;0;0.0;1.0;1.0;1.0;A01
39251;201400026014;0;33;0;8.0;0.0;2.0;1.0;A01
39252;201400026015;0;7;0;0.0;2.0;1.0;21.0;B01
39253;201400026015;0;7;0;0.0;2.0;1.0;5.0;A01
39254;201400026015;0;14;0;0.0;2.0;1.0;21.0;C01
39255;201400026016;0;7;0;6.0;1.0;3.0;0.0;A01
39256;201400026017;0;10;0;0.0;1.0;0.0;0.0;A01
39257;201400026018;0;7;0;0.0;2.0;3.0;13.0;A01
39258;201400026018;0;7;0;0.0;2.0;1.0;1.0;B01
39259;201400026019;0;7;0;0.0;1.0;3.0;0.0;A01
39260;201400026019;0;14;0;0.0;0.0;0.0;0.0;B01
39261;201400026020;0;7;0;0.0;1.0;3.0;1.0;A01
39262;201400026021;0;7;0;0.0;0.0;0.0;1.0;A01
39263;201400026022;0;7;0;0.0;2.0;2.0;17.0;A01
39264;201400026022;0;30;0;0.0;2.0;6.0;15.0;B01
39265;201400026023;0;2;0;0.0;0.0;4.0;0.0;B01
39266;201400026023;0;7;0;0.0;2.0;1.0;0.0;A01
39267;201400026024;0;2;0;12.0;0.0;2.0;1.0;A01
39268;201400026025;0;7;0;0.0;2.0;8.0;19.0;A01
39269;201400026025;0;2;0;0.0;2.0;1.0;1.0;B01
39270;201400026026;0;7;0;0.0;2.0;2.0;0.0;A01
39271;201400026026;0;1;0;0.0;0.0;8.0;1.0;B01
39272;201400026027;0;7;0;0.0;1.0;4.0;4.0;A01
39273;201400026028;0;2;0;6.0;0.0;9.0;1.0;A01
39274;201400026029;0;7;0;0.0;9.0;0.0;9.0;A01
39275;201400026029;0;1;0;0.0;0.0;0.0;1.0;B01
39276;201400026030;0;7;0;0.0;2.0;1.0;1.0;A01
39277;201400026030;0;7;0;0.0;2.0;7.0;1.0;B01
39278;201400026031;0;7;0;0.0;2.0;1.0;13.0;A01
39279;201400026031;0;7;0;0.0;2.0;1.0;1.0;B01
39280;201400026031;0;7;0;0.0;2.0;3.0;23.0;C01
39281;201400026031;0;7;0;0.0;2.0;2.0;13.0;D01
39282;201400026032;0;7;0;0.0;0.0;1.0;0.0;A01
39283;201400026033;0;7;0;0.0;2.0;9.0;1.0;B01
39284;201400026033;0;7;0;0.0;2.0;4.0;1.0;C01
39285;201400026033;0;7;0;0.0;2.0;1.0;2.0;A01
39286;201400026034;0;7;0;0.0;2.0;1.0;1.0;A01
39287;201400026034;0;7;0;0.0;2.0;4.0;23.0;B01
39288;201400026035;0;7;0;0.0;2.0;5.0;15.0;A01
39289;201400026035;0;30;0;0.0;2.0;1.0;1.0;B01
39290;201400026036;0;1;0;0.0;2.0;1.0;1.0;B01
39291;201400026036;0;7;0;0.0;2.0;1.0;1.0;A01
39292;201400026037;0;7;0;0.0;2.0;1.0;1.0;B01
39293;201400026037;0;7;0;0.0;2.0;8.0;15.0;A01
39294;201400026038;0;7;0;0.0;1.0;4.0;20.0;A01
39295;201400026039;0;7;0;13.0;0.0;2.0;0.0;A01
39296;201400026040;0;7;0;0.0;2.0;4.0;1.0;A01
39297;201400026040;0;32;0;0.0;2.0;1.0;2.0;B01
39298;201400026041;0;33;0;0.0;2.0;7.0;17.0;B01
39299;201400026041;0;7;0;0.0;2.0;8.0;20.0;A01
39300;201400026042;0;7;0;0.0;0.0;1.0;1.0;A01
39301;201400026042;0;7;0;0.0;0.0;7.0;1.0;B01
39302;201400026043;0;7;0;0.0;0.0;3.0;9.0;A01
39303;201400026043;0;7;0;0.0;0.0;2.0;1.0;B01
39304;201400026044;0;7;0;0.0;0.0;1.0;1.0;A01
39305;201400026044;0;7;0;0.0;0.0;4.0;1.0;B01
39306;201400026045;0;7;0;0.0;2.0;1.0;0.0;A01
39307;201400026045;0;7;0;0.0;2.0;9.0;1.0;B01
39308;201400026045;0;7;0;0.0;2.0;9.0;1.0;C01
39309;201400026045;0;7;0;0.0;2.0;4.0;0.0;D01
39310;201400026046;0;7;0;0.0;2.0;4.0;1.0;B01
39311;201400026046;0;7;0;0.0;2.0;1.0;1.0;A01
39312;201400026047;0;7;0;0.0;0.0;8.0;1.0;A01
39313;201400026047;0;7;0;0.0;0.0;2.0;1.0;B01
39314;201400026049;0;30;0;1.0;0.0;1.0;0.0;A01
39315;201400026050;0;1;0;0.0;1.0;0.0;0.0;A01
39316;201400026051;0;7;0;0.0;0.0;8.0;24.0;A01
39317;201400026051;0;1;0;0.0;2.0;7.0;17.0;B01
39318;201400026052;0;21;0;0.0;0.0;8.0;2.0;B01
39319;201400026052;0;33;0;0.0;2.0;7.0;2.0;A01
39320;201400026053;0;7;0;0.0;2.0;1.0;1.0;A01
39321;201400026053;0;7;0;0.0;2.0;4.0;1.0;B01
39322;201400026054;0;7;0;0.0;2.0;1.0;1.0;A01
39323;201400026054;0;1;0;0.0;2.0;8.0;19.0;B01
39324;201400026056;0;30;0;14.0;0.0;3.0;15.0;A01
39325;201400026057;0;7;0;2.0;0.0;1.0;1.0;A01
39326;201400026059;0;7;0;0.0;2.0;1.0;1.0;B01
39327;201400026059;0;7;0;0.0;2.0;2.0;19.0;A01
39328;201400026060;0;7;0;0.0;2.0;1.0;13.0;A01
39329;201400026060;0;7;0;1.0;2.0;1.0;1.0;B01
39330;201400026061;1;7;0;0.0;1.0;0.0;0.0;A01
39331;201400026062;0;7;0;2.0;0.0;1.0;13.0;A01
39332;201400026063;0;33;0;0.0;0.0;0.0;15.0;A01
39333;201400026064;0;7;0;0.0;1.0;2.0;1.0;A01
39334;201400026065;0;7;0;0.0;0.0;1.0;1.0;A01
39335;201400026065;0;33;0;0.0;0.0;4.0;1.0;B01
39336;201400026065;0;7;0;0.0;0.0;4.0;1.0;C01
39337;201400026067;0;31;0;0.0;2.0;1.0;1.0;B01
39338;201400026067;0;15;0;0.0;2.0;1.0;1.0;A01
39339;201400026068;0;10;0;1.0;0.0;1.0;1.0;A01
39340;201400026068;0;7;0;0.0;2.0;4.0;23.0;B01
39341;201400026069;0;7;0;16.0;0.0;0.0;0.0;A01
39342;201400026070;0;7;0;0.0;2.0;3.0;23.0;B01
39343;201400026070;0;31;0;0.0;2.0;1.0;1.0;A01
39344;201400026071;0;7;0;0.0;2.0;4.0;1.0;B01
39345;201400026071;0;7;0;0.0;2.0;1.0;1.0;A01
39346;201400026072;0;2;0;0.0;0.0;0.0;17.0;A01
39347;201400026072;0;7;0;0.0;0.0;0.0;15.0;B01
39348;201400026073;0;10;0;8.0;0.0;1.0;1.0;A01
39349;201400026074;0;7;0;0.0;0.0;9.0;1.0;A01
39350;201400026075;0;7;0;0.0;1.0;4.0;4.0;A01
39351;201400026076;0;7;0;0.0;0.0;4.0;1.0;B01