;Num_Acc;senc;catv;occutc;obs;obsm;choc;manv;num_veh
39352;201400026076;0;7;0;0.0;2.0;1.0;1.0;A01
39353;201400026077;0;7;0;8.0;0.0;2.0;1.0;A01
39354;201400026078;0;7;0;0.0;2.0;3.0;15.0;B01
39355;201400026078;0;30;0;0.0;2.0;1.0;17.0;A01
39356;201400026079;0;7;0;0.0;2.0;2.0;1.0;A01
39357;201400026079;0;14;0;0.0;2.0;7.0;1.0;B01
39358;201400026080;0;7;0;0.0;2.0;1.0;15.0;A01
39359;201400026080;0;7;0;0.0;0.0;6.0;1.0;B01
39360;201400026081;0;33;0;0.0;2.0;1.0;1.0;B01
39361;201400026081;0;7;0;0.0;2.0;1.0;15.0;A01
39362;201400026082;0;1;0;0.0;2.0;1.0;0.0;A01
39363;201400026082;0;7;0;0.0;2.0;2.0;20.0;B01
39364;201400026083;1;7;0;0.0;1.0;0.0;0.0;A01
39365;201400026084;0;7;0;0.0;2.0;1.0;2.0;A01
39366;201400026084;0;7;0;0.0;2.0;4.0;2.0;B01
39367;201400026085;0;7;0;0.0;2.0;1.0;1.0;A01
39368;201400026085;0;7;0;0.0;2.0;4.0;23.0;C01
39369;201400026085;0;7;0;0.0;2.0;4.0;1.0;B01
39370;201400026086;0;7;0;0.0;0.0;4.0;0.0;B01
39371;201400026086;0;7;0;0.0;0.0;1.0;0.0;A01
39372;201400026087;0;38;45;0.0;1.0;2.0;1.0;A01
39373;201400026088;0;7;0;0.0;2.0;3.0;15.0;A01
39374;201400026088;0;1;0;0.0;2.0;1.0;1.0;B01
39375;201400026089;0;7;0;0.0;9.0;5.0;15.0;A01
39376;201400026089;0;33;0;0.0;9.0;8.0;1.0;B01
39377;201400026090;0;7;0;0.0;1.0;8.0;1.0;A01
39378;201400026091;0;3;0;0.0;0.0;2.0;0.0;A01
39379;201400026092;0;37;0;0.0;2.0;3.0;1.0;A01
39380;201400026092;0;10;0;15.0;2.0;3.0;1.0;B01
39381;201400026093;0;7;0;1.0;0.0;2.0;1.0;A01
39382;201400026095;0;7;0;0.0;2.0;2.0;1.0;B01
39383;201400026095;0;7;0;0.0;2.0;3.0;1.0;A01
39384;201400026096;0;7;0;0.0;2.0;1.0;1.0;C01
39385;201400026096;0;17;0;0.0;2.0;1.0;1.0;B01
39386;201400026096;0;7;0;0.0;2.0;3.0;13.0;A01
39387;201400026097;0;7;0;0.0;2.0;1.0;1.0;A01
39388;201400026097;0;7;0;0.0;2.0;5.0;1.0;B01
39389;201400026098;0;7;0;0.0;2.0;1.0;1.0;B01
39390;201400026098;0;7;0;0.0;2.0;8.0;9.0;A01
39391;201400026099;0;7;0;2.0;0.0;9.0;1.0;A01
39392;201400026100;0;7;0;0.0;2.0;4.0;2.0;B01
39393;201400026100;0;7;0;0.0;2.0;1.0;2.0;A01
39394;201400026103;0;10;0;0.0;2.0;9.0;19.0;A01
39395;201400026103;0;7;0;0.0;2.0;1.0;19.0;B01
39396;201400026104;0;30;0;0.0;0.0;1.0;1.0;A01
39397;201400026104;0;7;0;0.0;0.0;4.0;16.0;B01
39398;201400026105;0;1;0;0.0;2.0;8.0;2.0;B01
39399;201400026105;0;10;0;0.0;2.0;7.0;14.0;A01
39400;201400026106;0;20;0;0.0;2.0;8.0;1.0;A01
39401;201400026106;0;7;0;7.0;2.0;1.0;1.0;B01
39402;201400026107;0;7;0;0.0;1.0;1.0;1.0;A01
39403;201400026108;0;7;0;0.0;0.0;0.0;0.0;B01
39404;201400026108;0;7;0;0.0;0.0;0.0;0.0;A01
39405;201400026109;0;7;0;0.0;1.0;1.0;1.0;A01
39406;201400026110;0;7;0;0.0;1.0;1.0;1.0;A01
39407;201400026111;0;7;0;0.0;2.0;9.0;17.0;A01
39408;201400026111;0;14;0;0.0;2.0;3.0;1.0;B01
39409;201400026112;0;7;0;0.0;2.0;1.0;2.0;A01
39410;201400026112;0;30;0;0.0;2.0;4.0;2.0;B01
39411;201400026113;0;7;0;0.0;2.0;4.0;23.0;C01
39412;201400026113;0;7;0;0.0;2.0;4.0;23.0;B01
39413;201400026113;0;7;0;0.0;2.0;1.0;1.0;A01
39414;201400026114;0;7;0;0.0;2.0;1.0;2.0;A01
39415;201400026114;0;7;0;0.0;2.0;4.0;1.0;B01
39416;201400026115;0;7;0;0.0;0.0;8.0;1.0;B01
39417;201400026115;0;7;0;0.0;0.0;3.0;9.0;A01
39418;201400026118;0;33;0;0.0;0.0;8.0;0.0;A01
39419;201400026119;0;2;0;0.0;1.0;1.0;1.0;A01
39420;201400026120;0;33;0;0.0;2.0;1.0;2.0;A01
39421;201400026120;0;7;0;0.0;2.0;4.0;2.0;B01
39422;201400026122;0;7;0;15.0;0.0;1.0;1.0;A01
39423;201400026123;0;7;0;0.0;0.0;2.0;15.0;A01
39424;201400026123;0;33;0;0.0;0.0;1.0;1.0;B01
39425;201400026124;0;7;0;0.0;2.0;3.0;1.0;B01
39426;201400026124;0;7;0;6.0;2.0;1.0;1.0;A01
39427;201400026125;0;7;0;0.0;0.0;4.0;23.0;B01
39428;201400026125;0;1;0;1.0;0.0;1.0;1.0;A01
39429;201400026126;0;7;0;0.0;2.0;8.0;10.0;A01
39430;201400026126;0;33;0;0.0;2.0;0.0;1.0;B01
39431;201400026127;0;7;0;8.0;0.0;1.0;1.0;A01
39432;201400026128;0;7;0;0.0;2.0;1.0;1.0;B01
39433;201400026128;0;7;0;0.0;2.0;8.0;9.0;A01
39434;201400026129;0;7;0;0.0;2.0;2.0;15.0;A01
39435;201400026129;0;7;0;0.0;2.0;1.0;1.0;B01
39436;201400026130;0;7;0;0.0;0.0;9.0;1.0;A01
39437;201400026131;0;7;0;15.0;0.0;0.0;0.0;A01
39438;201400026132;1;7;0;0.0;1.0;0.0;1.0;A01
39439;201400026133;0;7;0;8.0;0.0;1.0;20.0;A01
39440;201400026134;0;7;0;0.0;1.0;5.0;1.0;A01
39441;201400026135;0;33;0;13.0;0.0;0.0;1.0;A01
39442;201400026136;0;2;0;0.0;2.0;1.0;1.0;B01
39443;201400026136;0;7;0;0.0;2.0;3.0;9.0;A01
39444;201400026137;0;30;0;14.0;0.0;0.0;1.0;A01
39445;201400026138;0;7;0;0.0;1.0;8.0;1.0;A01
39446;201400026139;0;7;0;0.0;2.0;1.0;1.0;A01
39447;201400026139;0;7;0;0.0;0.0;4.0;2.0;B01
39448;201400026140;0;32;0;0.0;2.0;1.0;1.0;A01
39449;201400026140;0;7;0;0.0;2.0;8.0;15.0;B01
39450;201400026141;0;7;0;0.0;2.0;8.0;15.0;B01
39451;201400026141;0;7;0;0.0;2.0;3.0;1.0;A01
39452;201400026142;0;7;0;0.0;2.0;1.0;1.0;A01
39453;201400026142;0;2;0;0.0;2.0;8.0;9.0;B01
39454;201400026143;0;1;0;0.0;2.0;1.0;1.0;B01
39455;201400026143;0;7;0;0.0;2.0;3.0;1.0;A01
39456;201400026144;0;7;0;0.0;2.0;4.0;2.0;C01
39457;201400026144;0;7;0;0.0;2.0;9.0;2.0;B01
39458;201400026144;0;7;0;0.0;2.0;1.0;2.0;A01
39459;201400026145;0;7;0;0.0;1.0;2.0;1.0;A01
39460;201400026146;0;7;0;13.0;0.0;0.0;1.0;A01
39461;201400026147;0;7;0;0.0;0.0;1.0;1.0;A01
39462;201400026147;0;7;0;0.0;0.0;4.0;1.0;B01
39463;201400026148;0;33;0;0.0;0.0;8.0;1.0;A01
39464;201400026149;0;32;0;0.0;2.0;1.0;1.0;B01
39465;201400026149;0;7;0;0.0;2.0;1.0;15.0;A01
39466;201400026150;0;1;0;1.0;0.0;1.0;1.0;B01
39467;201400026150;0;7;0;0.0;2.0;5.0;22.0;A01
39468;201400026151;0;7;0;0.0;2.0;7.0;9.0;A01
39469;201400026151;0;1;0;0.0;2.0;1.0;0.0;B01
39470;201400026152;0;7;0;0.0;2.0;3.0;13.0;A01
39471;201400026152;0;7;0;0.0;2.0;3.0;1.0;B01
39472;201400026153;0;7;0;16.0;0.0;0.0;1.0;A01
39473;201400026154;0;7;0;6.0;0.0;7.0;14.0;A01
39474;201400026155;0;7;0;0.0;1.0;2.0;1.0;A01
39475;201400026156;0;7;0;0.0;0.0;1.0;2.0;A01
39476;201400026156;0;7;0;0.0;0.0;4.0;2.0;B01
39477;201400026157;0;7;0;0.0;1.0;1.0;1.0;A01
39478;201400026158;0;7;0;2.0;0.0;1.0;0.0;A01
39479;201400026159;0;7;0;0.0;2.0;1.0;2.0;D01
39480;201400026159;0;7;0;0.0;2.0;4.0;2.0;B01
39481;201400026159;0;7;0;0.0;2.0;1.0;2.0;A01
39482;201400026159;0;7;0;0.0;0.0;4.0;2.0;C01
39483;201400026160;0;2;0;1.0;0.0;1.0;21.0;A01
39484;201400026161;0;7;0;0.0;0.0;4.0;23.0;B01
39485;201400026161;0;7;0;0.0;0.0;4.0;23.0;C01
39486;201400026161;0;7;0;0.0;2.0;1.0;1.0;A01
39487;201400026162;0;7;0;0.0;2.0;6.0;22.0;A01
39488;201400026162;0;1;0;1.0;0.0;1.0;1.0;B01
39489;201400026163;0;7;0;0.0;2.0;1.0;1.0;A01
39490;201400026163;0;30;0;0.0;2.0;4.0;23.0;B01
39491;201400026164;0;7;0;0.0;2.0;1.0;9.0;A01
39492;201400026164;0;1;0;0.0;2.0;4.0;2.0;B01
39493;201400026165;0;7;0;0.0;2.0;1.0;1.0;B01
39494;201400026165;0;1;0;0.0;2.0;4.0;17.0;A01
39495;201400026166;0;10;0;0.0;2.0;3.0;20.0;A01
39496;201400026166;0;1;0;0.0;2.0;7.0;21.0;B01
39497;201400026167;0;32;0;0.0;2.0;1.0;1.0;A01
39498;201400026167;0;7;0;0.0;2.0;4.0;23.0;B01
39499;201400026168;0;2;0;14.0;0.0;0.0;1.0;A01
39500;201400026170;0;31;0;0.0;2.0;4.0;1.0;A01
39501;201400026170;0;7;0;0.0;2.0;1.0;1.0;B01
39502;201400026171;0;7;0;0.0;2.0;2.0;1.0;A01
39503;201400026171;0;7;0;0.0;2.0;1.0;1.0;B01
39504;201400026172;0;10;0;0.0;2.0;4.0;1.0;B01
39505;201400026172;0;10;0;0.0;2.0;4.0;1.0;C01
39506;201400026172;0;10;0;0.0;2.0;1.0;1.0;A01
39507;201400026174;0;2;0;0.0;2.0;2.0;1.0;B01
39508;201400026174;0;7;0;0.0;2.0;1.0;16.0;A01
39509;201400026176;0;2;0;0.0;2.0;1.0;1.0;B01
39510;201400026176;0;7;0;0.0;2.0;2.0;15.0;A01
39511;201400026177;0;7;0;0.0;0.0;4.0;23.0;B01
39512;201400026177;0;13;0;1.0;0.0;1.0;1.0;A01
39513;201400026178;0;7;0;0.0;2.0;4.0;15.0;B01
39514;201400026178;0;7;0;0.0;2.0;1.0;1.0;A01
39515;201400026179;0;7;0;0.0;1.0;1.0;1.0;A01
39516;201400026180;0;33;0;0.0;0.0;7.0;16.0;A01
39517;201400026181;0;7;0;0.0;2.0;4.0;2.0;C01
39518;201400026181;0;10;0;0.0;2.0;1.0;2.0;A01
39519;201400026181;0;7;0;0.0;2.0;4.0;1.0;B01
39520;201400026181;0;7;0;0.0;2.0;4.0;2.0;D01
39521;201400026182;0;7;0;0.0;2.0;1.0;2.0;A01
39522;201400026182;0;7;0;0.0;0.0;4.0;1.0;B01
39523;201400026183;0;7;0;0.0;2.0;4.0;1.0;B01
39524;201400026183;0;2;0;0.0;2.0;1.0;1.0;A01
39525;201400026184;0;7;0;0.0;2.0;1.0;1.0;B01
39526;201400026184;0;7;0;0.0;2.0;7.0;1.0;A01
39527;201400026185;0;1;0;0.0;2.0;1.0;1.0;B01
39528;201400026185;0;7;0;0.0;2.0;2.0;16.0;A01
39529;201400026186;0;34;0;0.0;2.0;1.0;1.0;B01
39530;201400026186;0;7;0;0.0;2.0;7.0;15.0;A01
39531;201400026187;0;7;0;0.0;0.0;7.0;1.0;A01
39532;201400026188;0;7;0;0.0;0.0;2.0;1.0;A01
39533;201400026189;0;7;0;0.0;2.0;1.0;2.0;A01
39534;201400026189;0;7;0;0.0;2.0;8.0;15.0;B01
39535;201400026190;0;30;0;0.0;1.0;1.0;1.0;A01
39536;201400026195;0;31;0;0.0;1.0;1.0;1.0;A01
39537;201400026197;0;7;0;0.0;0.0;4.0;2.0;C01
39538;201400026197;0;10;0;0.0;2.0;1.0;2.0;B01
39539;201400026197;0;10;0;0.0;2.0;3.0;11.0;A01
39540;201400026198;0;99;0;0.0;0.0;8.0;1.0;B01
39541;201400026198;0;7;0;0.0;2.0;1.0;1.0;A01
39542;201400026199;0;30;0;0.0;2.0;1.0;1.0;B01
39543;201400026199;0;30;0;0.0;2.0;8.0;15.0;A01
39544;201400026200;0;37;3;0.0;2.0;3.0;1.0;C01
39545;201400026200;0;33;0;0.0;2.0;1.0;3.0;A01
39546;201400026200;0;7;0;0.0;2.0;2.0;1.0;B01
39547;201400026201;0;33;0;0.0;0.0;8.0;1.0;A01
39548;201400026202;0;1;0;0.0;0.0;0.0;1.0;A01
39549;201400026203;0;7;0;0.0;2.0;3.0;1.0;B01
39550;201400026203;0;7;0;0.0;2.0;2.0;1.0;A01
39551;201400026204;0;7;0;0.0;2.0;3.0;15.0;B01
39552;201400026204;0;7;0;0.0;2.0;1.0;1.0;A01
39553;201400026205;0;32;0;0.0;2.0;1.0;1.0;B01
39554;201400026205;0;7;0;0.0;2.0;5.0;15.0;A01
39555;201400026206;0;7;0;0.0;1.0;2.0;1.0;A01
39556;201400026208;0;7;0;0.0;2.0;7.0;15.0;A01
39557;201400026208;0;2;0;0.0;2.0;1.0;1.0;B01
39558;201400026209;0;31;0;16.0;0.0;1.0;1.0;A01
39559;201400026210;0;30;0;0.0;2.0;1.0;2.0;A01
39560;201400026211;0;7;0;0.0;2.0;2.0;16.0;A01
39561;201400026211;0;30;0;0.0;2.0;8.0;1.0;B01
39562;201400026212;0;7;0;0.0;2.0;4.0;1.0;B01
39563;201400026212;0;7;0;0.0;2.0;1.0;1.0;A01
39564;201400026213;0;7;0;0.0;2.0;2.0;15.0;A01
39565;201400026213;0;33;0;0.0;2.0;1.0;1.0;B01
39566;201400026214;0;30;0;0.0;2.0;1.0;1.0;A01
39567;201400026214;0;30;0;0.0;2.0;4.0;16.0;B01
39568;201400026215;0;7;0;1.0;0.0;7.0;1.0;A01
39569;201400026216;0;30;0;11.0;0.0;7.0;0.0;A01
39570;201400026217;0;7;0;4.0;0.0;2.0;1.0;A01
39571;201400026217;0;7;0;1.0;0.0;1.0;1.0;B01
39572;201400026218;0;7;0;0.0;0.0;0.0;0.0;B01
39573;201400026218;0;7;0;0.0;0.0;0.0;0.0;A01
39574;201400026219;0;2;0;0.0;2.0;6.0;1.0;A01
39575;201400026219;0;1;0;0.0;2.0;1.0;1.0;B01
39576;201400026219;0;7;0;0.0;2.0;7.0;1.0;C01
39577;201400026220;0;15;0;4.0;0.0;7.0;1.0;A01
39578;201400026221;0;7;0;0.0;2.0;1.0;1.0;A01
39579;201400026221;0;7;0;0.0;2.0;7.0;1.0;B01
39580;201400026222;0;1;0;0.0;1.0;1.0;0.0;A01
39581;201400026223;0;30;0;15.0;0.0;1.0;14.0;A01
39582;201400026224;0;7;0;0.0;2.0;1.0;15.0;B01
39583;201400026224;0;7;0;1.0;2.0;7.0;1.0;A01
39584;201400026226;0;7;0;12.0;0.0;1.0;1.0;A01
39585;201400026227;0;31;0;0.0;0.0;3.0;15.0;A01
39586;201400026228;0;1;0;0.0;0.0;8.0;0.0;A01
39587;201400026229;0;7;0;1.0;0.0;2.0;14.0;A01
39588;201400026230;0;30;0;0.0;0.0;8.0;16.0;A01
39589;201400026231;0;7;0;0.0;2.0;1.0;2.0;A01
39590;201400026231;0;7;0;0.0;2.0;4.0;2.0;B01
39591;201400026233;0;7;0;0.0;2.0;2.0;1.0;A01
39592;201400026233;0;7;0;0.0;2.0;1.0;15.0;B01
39593;201400026234;0;10;0;0.0;1.0;6.0;4.0;A01
39594;201400026235;0;7;0;0.0;2.0;3.0;16.0;B01
39595;201400026235;0;7;0;0.0;2.0;2.0;1.0;A01
39596;201400026236;0;7;0;0.0;1.0;1.0;1.0;A01
39597;201400026238;0;7;0;4.0;0.0;1.0;1.0;A01
39598;201400026239;0;7;0;0.0;2.0;1.0;1.0;A01
39599;201400026239;0;1;0;0.0;2.0;7.0;1.0;B01
39600;201400026240;0;7;0;0.0;2.0;3.0;13.0;A01
39601;201400026240;0;7;0;0.0;2.0;3.0;1.0;B01
39602;201400026242;0;7;0;0.0;1.0;1.0;16.0;A01
39603;201400026243;0;30;0;0.0;0.0;0.0;1.0;A01
39604;201400026244;0;1;0;0.0;0.0;0.0;1.0;A01
39605;201400026245;0;7;0;0.0;1.0;1.0;1.0;A01
39606;201400026246;0;10;0;0.0;2.0;1.0;1.0;B01
39607;201400026246;0;7;0;0.0;2.0;7.0;1.0;A01
39608;201400026247;0;7;0;0.0;2.0;1.0;15.0;A01
39609;201400026247;0;7;0;0.0;2.0;3.0;1.0;B01
39610;201400026248;0;32;0;0.0;0.0;8.0;1.0;A01
39611;201400026249;0;7;0;0.0;2.0;8.0;1.0;B01
39612;201400026249;0;7;0;0.0;2.0;1.0;1.0;A01
39613;201400026250;0;32;0;0.0;1.0;1.0;1.0;A01
39614;201400026251;0;7;0;0.0;2.0;0.0;1.0;A01
39615;201400026251;0;1;0;0.0;0.0;0.0;0.0;B01
39616;201400026252;0;7;0;0.0;0.0;1.0;1.0;A01
39617;201400026252;0;2;0;0.0;2.0;1.0;1.0;B01
39618;201400026253;0;7;0;0.0;2.0;4.0;1.0;B01
39619;201400026253;0;10;0;0.0;2.0;1.0;1.0;A01
39620;201400026253;0;7;0;0.0;2.0;4.0;1.0;C01
39621;201400026254;0;33;0;0.0;2.0;8.0;1.0;B01
39622;201400026254;0;7;0;0.0;2.0;7.0;17.0;A01
39623;201400026255;0;1;0;0.0;0.0;0.0;1.0;A01
39624;201400026256;0;7;0;0.0;2.0;4.0;1.0;B01
39625;201400026256;0;17;0;0.0;2.0;1.0;1.0;A01
39626;201400026257;0;7;0;0.0;2.0;1.0;1.0;A01
39627;201400026257;0;7;0;0.0;2.0;3.0;1.0;B01
39628;201400026258;0;10;0;0.0;2.0;0.0;22.0;A01
39629;201400026258;0;1;0;1.0;0.0;1.0;1.0;B01
39630;201400026259;0;2;0;0.0;0.0;0.0;1.0;A01
39631;201400026260;0;7;0;1.0;0.0;1.0;1.0;A01
39632;201400026261;0;7;0;0.0;1.0;1.0;1.0;A01
39633;201400026262;0;7;0;0.0;2.0;1.0;1.0;A01
39634;201400026262;0;7;0;0.0;2.0;4.0;1.0;B01
39635;201400026263;0;7;0;0.0;2.0;1.0;1.0;A01
39636;201400026263;0;7;0;6.0;2.0;8.0;1.0;B01
39637;201400026264;0;7;0;0.0;2.0;1.0;1.0;A01
39638;201400026264;0;7;0;0.0;0.0;4.0;1.0;B01
39639;201400026265;0;10;0;0.0;2.0;1.0;1.0;A01
39640;201400026265;0;7;0;0.0;2.0;4.0;1.0;B01
39641;201400026266;0;40;0;0.0;2.0;2.0;1.0;A01
39642;201400026266;0;2;0;0.0;4.0;4.0;1.0;B01
39643;201400026267;0;7;0;14.0;0.0;1.0;1.0;A01
39644;201400026267;0;7;0;0.0;0.0;4.0;23.0;B01
39645;201400026268;0;7;0;14.0;0.0;1.0;1.0;A01
39646;201400026268;0;7;0;0.0;0.0;4.0;23.0;B01
39647;201400026269;0;7;0;0.0;1.0;3.0;1.0;A01
39648;201400026270;0;7;0;0.0;2.0;1.0;2.0;A01
39649;201400026270;0;10;0;0.0;2.0;4.0;15.0;B01
39650;201400026271;0;2;0;0.0;0.0;8.0;15.0;A01
39651;201400026273;1;7;0;0.0;1.0;2.0;0.0;Z01
39652;201400026274;0;7;0;0.0;1.0;2.0;1.0;A01
39653;201400026275;0;7;0;0.0;0.0;2.0;1.0;B01
39654;201400026275;0;33;0;0.0;0.0;1.0;0.0;A01
39655;201400026276;0;7;0;0.0;0.0;4.0;2.0;C01
39656;201400026276;0;7;0;0.0;2.0;4.0;2.0;B01
39657;201400026276;0;7;0;0.0;2.0;1.0;2.0;A01
39658;201400026277;0;7;0;0.0;2.0;4.0;2.0;B01
39659;201400026277;0;7;0;0.0;0.0;4.0;2.0;C01
39660;201400026277;0;7;0;0.0;2.0;1.0;2.0;A01
39661;201400026278;0;10;0;0.0;2.0;1.0;9.0;A01
39662;201400026278;0;32;0;0.0;2.0;1.0;1.0;B01
39663;201400026279;0;7;0;0.0;1.0;2.0;1.0;A01
39664;201400026280;0;7;0;0.0;2.0;1.0;0.0;A01
39665;201400026280;0;7;0;0.0;2.0;1.0;1.0;B01
39666;201400026281;0;7;0;0.0;2.0;1.0;2.0;A01
39667;201400026281;0;7;0;0.0;0.0;6.0;15.0;B01
39668;201400026282;0;7;0;4.0;0.0;3.0;1.0;A01
39669;201400026283;0;7;0;0.0;1.0;1.0;2.0;A01
39670;201400026284;0;7;0;4.0;0.0;3.0;2.0;A01
39671;201400026285;0;30;0;0.0;0.0;7.0;2.0;A01
39672;201400026286;0;7;0;0.0;2.0;2.0;19.0;A01
39673;201400026286;0;7;0;0.0;2.0;1.0;19.0;B01
39674;201400026287;0;7;0;0.0;2.0;1.0;2.0;B01
39675;201400026287;0;7;0;0.0;2.0;7.0;19.0;A01
39676;201400026288;0;7;0;0.0;1.0;8.0;2.0;A01
39677;201400026289;2;2;0;0.0;1.0;2.0;0.0;A01
39678;201400026290;0;7;0;0.0;2.0;4.0;2.0;B01
39679;201400026290;0;7;0;14.0;0.0;1.0;2.0;A01
39680;201400026290;0;7;0;0.0;2.0;4.0;2.0;C01
39681;201400026291;0;7;0;0.0;2.0;3.0;0.0;A01
39682;201400026291;0;7;0;1.0;2.0;6.0;0.0;B01
39683;201400026292;0;33;0;0.0;2.0;7.0;1.0;B01
39684;201400026292;0;7;0;0.0;2.0;8.0;15.0;A01
39685;201400026293;0;7;0;0.0;2.0;1.0;1.0;B01
39686;201400026293;0;2;0;0.0;2.0;8.0;1.0;A01
39687;201400026294;0;33;0;0.0;0.0;0.0;1.0;A01
39688;201400026295;0;32;0;0.0;0.0;0.0;1.0;A01
39689;201400026296;1;7;0;0.0;1.0;2.0;1.0;Z01
39690;201400026297;0;7;0;0.0;0.0;0.0;0.0;A01
39691;201400026297;0;2;0;0.0;0.0;0.0;0.0;B01
39692;201400026298;0;10;0;0.0;2.0;3.0;15.0;B01
39693;201400026298;0;32;0;0.0;2.0;1.0;1.0;A01
39694;201400026300;0;1;0;0.0;2.0;4.0;0.0;B01
39695;201400026300;0;7;0;0.0;2.0;3.0;16.0;A01
39696;201400026301;0;7;0;0.0;2.0;8.0;20.0;A01
39697;201400026301;0;2;0;0.0;2.0;1.0;1.0;B01
39698;201400026302;0;7;0;0.0;2.0;3.0;1.0;B01
39699;201400026302;0;7;0;0.0;2.0;3.0;15.0;A01
39700;201400026303;0;33;0;0.0;0.0;8.0;1.0;A01
39701;201400026304;0;7;0;0.0;2.0;1.0;0.0;A01
39702;201400026304;0;7;0;0.0;2.0;1.0;1.0;B01
39703;201400026305;0;30;0;0.0;2.0;2.0;1.0;B01
39704;201400026305;0;30;0;0.0;2.0;8.0;9.0;A01
39705;201400026306;0;7;0;0.0;2.0;2.0;1.0;A01
39706;201400026306;0;7;0;0.0;2.0;1.0;1.0;B01
39707;201400026307;0;7;0;0.0;1.0;1.0;1.0;A01
39708;201400026308;0;33;0;0.0;2.0;7.0;1.0;B01
39709;201400026308;0;10;0;0.0;2.0;2.0;9.0;A01
39710;201400026309;0;33;0;0.0;2.0;7.0;1.0;B01
39711;201400026309;0;7;0;0.0;2.0;3.0;9.0;A01
39712;201400026310;0;33;0;0.0;2.0;7.0;1.0;B01
39713;201400026310;0;33;0;0.0;2.0;8.0;1.0;A01
39714;201400026311;0;7;0;0.0;1.0;1.0;0.0;A01
39715;201400026312;0;10;0;0.0;2.0;4.0;1.0;B01
39716;201400026312;0;7;0;0.0;2.0;1.0;1.0;A01
39717;201400026313;0;7;0;0.0;2.0;1.0;1.0;A01
39718;201400026313;0;7;0;0.0;2.0;4.0;1.0;B01
39719;201400026314;0;7;0;0.0;2.0;2.0;1.0;B01
39720;201400026314;0;7;0;0.0;2.0;8.0;15.0;A01
39721;201400026315;0;7;0;0.0;2.0;3.0;15.0;B01
39722;201400026315;0;7;0;0.0;2.0;1.0;2.0;A01
39723;201400026316;0;7;0;0.0;0.0;0.0;0.0;B01
39724;201400026316;0;30;0;0.0;2.0;0.0;0.0;A01
39725;201400026317;0;7;0;0.0;2.0;1.0;1.0;A01
39726;201400026317;0;7;0;0.0;2.0;4.0;1.0;B01
39727;201400026318;0;7;0;0.0;1.0;1.0;1.0;A01
39728;201400026319;0;7;0;0.0;1.0;2.0;1.0;A01
39729;201400026320;0;7;0;0.0;2.0;1.0;0.0;B01
39730;201400026320;0;7;0;0.0;2.0;5.0;0.0;A01
39731;201400026321;0;32;0;0.0;0.0;8.0;1.0;A01
39732;201400026322;0;7;0;0.0;2.0;1.0;2.0;A01
39733;201400026322;0;1;0;0.0;2.0;8.0;19.0;B01
39734;201400026323;0;7;0;0.0;2.0;2.0;1.0;B01
39735;201400026323;0;1;0;0.0;2.0;1.0;9.0;A01
39736;201400026324;0;7;0;0.0;2.0;1.0;1.0;A01
39737;201400026324;0;7;0;0.0;2.0;4.0;1.0;B01
39738;201400026325;0;7;0;0.0;2.0;2.0;15.0;A01
39739;201400026325;0;7;0;0.0;2.0;1.0;1.0;B01
39740;201400026327;0;2;0;0.0;2.0;1.0;2.0;A01
39741;201400026327;0;7;0;0.0;2.0;4.0;2.0;B01
39742;201400026328;0;2;0;0.0;0.0;0.0;2.0;A01
39743;201400026329;0;1;0;0.0;0.0;0.0;1.0;A01
39744;201400026330;0;7;0;15.0;0.0;2.0;13.0;A01
39745;201400026331;0;7;0;0.0;1.0;1.0;9.0;A01
39746;201400026332;0;33;0;0.0;0.0;0.0;0.0;A01
39747;201400026333;0;1;0;0.0;2.0;1.0;1.0;B01
39748;201400026333;0;7;0;0.0;2.0;0.0;22.0;A01
39749;201400026334;0;1;0;0.0;0.0;4.0;1.0;A01
39750;201400026335;0;7;0;0.0;2.0;4.0;15.0;B01
39751;201400026335;0;10;0;0.0;2.0;1.0;1.0;A01
39752;201400026335;0;10;0;0.0;2.0;1.0;1.0;C01
39753;201400026337;0;7;0;0.0;2.0;1.0;1.0;A01
39754;201400026337;0;7;0;7.0;1.0;7.0;1.0;B01
39755;201400026339;1;33;0;0.0;2.0;1.0;1.0;B01
39756;201400026339;0;7;0;0.0;2.0;6.0;11.0;A01
39757;201400026341;0;10;0;4.0;0.0;3.0;1.0;A01
39758;201400026343;0;7;0;0.0;2.0;4.0;1.0;B01
39759;201400026343;0;7;0;0.0;2.0;0.0;1.0;C01
39760;201400026343;0;37;1;0.0;2.0;1.0;1.0;A01
39761;201400026344;0;7;0;0.0;2.0;1.0;1.0;A01
39762;201400026344;0;7;0;0.0;2.0;4.0;1.0;B01
39763;201400026345;0;34;0;0.0;2.0;1.0;1.0;B01
39764;201400026345;0;7;0;0.0;2.0;1.0;15.0;A01
39765;201400026346;0;37;1;0.0;2.0;4.0;23.0;B01
39766;201400026346;0;7;0;0.0;2.0;1.0;13.0;A01
39767;201400026347;0;10;0;0.0;2.0;1.0;1.0;A01
39768;201400026347;0;10;0;0.0;2.0;6.0;1.0;B01
39769;201400026348;0;7;0;0.0;2.0;6.0;1.0;C01
39770;201400026348;0;7;0;0.0;2.0;6.0;1.0;B01
39771;201400026348;0;7;0;0.0;2.0;1.0;1.0;A01
39772;201400026349;0;7;0;0.0;2.0;2.0;1.0;B01
39773;201400026349;0;2;0;0.0;2.0;5.0;1.0;A01