;Num_Acc;senc;catv;occutc;obs;obsm;choc;manv;num_veh
40197;201400026624;0;31;0;0.0;0.0;0.0;0.0;A01
40198;201400026625;0;7;0;0.0;2.0;1.0;1.0;A01
40199;201400026625;0;7;0;0.0;2.0;8.0;1.0;B01
40200;201400026626;0;7;0;0.0;2.0;3.0;1.0;B01
40201;201400026626;0;7;0;0.0;2.0;3.0;15.0;A01
40202;201400026627;0;7;0;0.0;1.0;1.0;21.0;A01
40203;201400026629;1;33;0;0.0;1.0;2.0;0.0;Z01
40204;201400026630;0;33;0;0.0;2.0;1.0;17.0;B01
40205;201400026630;0;7;0;0.0;2.0;6.0;15.0;A01
40206;201400026631;0;7;0;0.0;1.0;1.0;1.0;A01
40207;201400026632;0;32;0;9.0;0.0;1.0;1.0;A01
40208;201400026633;0;10;0;0.0;2.0;1.0;1.0;B01
40209;201400026633;0;7;0;0.0;2.0;8.0;1.0;A01
40210;201400026634;0;7;0;0.0;2.0;8.0;15.0;B01
40211;201400026634;0;2;0;0.0;2.0;1.0;2.0;A01
40212;201400026635;0;7;0;0.0;2.0;5.0;1.0;A01
40213;201400026635;0;30;0;0.0;2.0;1.0;1.0;B01
40214;201400026636;0;40;20;0.0;2.0;1.0;1.0;B01
40215;201400026636;0;2;0;0.0;4.0;8.0;1.0;A01
40216;201400026637;0;20;0;0.0;2.0;0.0;10.0;A01
40217;201400026637;0;1;0;0.0;2.0;0.0;17.0;B01
40218;201400026638;0;1;0;8.0;0.0;1.0;1.0;A01
40219;201400026640;0;7;0;0.0;1.0;3.0;15.0;A01
40220;201400026642;0;7;0;0.0;2.0;2.0;1.0;B01
40221;201400026642;0;7;0;0.0;2.0;1.0;15.0;A01
40222;201400026643;0;7;0;0.0;1.0;1.0;2.0;A01
40223;201400026644;0;7;0;0.0;2.0;4.0;1.0;B01
40224;201400026644;0;7;0;0.0;2.0;1.0;1.0;A01
40225;201400026645;0;7;0;3.0;0.0;1.0;1.0;A01
40226;201400026646;0;7;0;0.0;1.0;3.0;15.0;A01
40227;201400026647;0;7;0;0.0;0.0;0.0;0.0;B01
40228;201400026647;0;1;0;0.0;0.0;0.0;0.0;A01
40229;201400026648;0;32;0;0.0;0.0;0.0;0.0;A01
40230;201400026649;0;7;0;0.0;0.0;0.0;0.0;B01
40231;201400026649;0;7;0;0.0;0.0;0.0;0.0;A01
40232;201400026650;0;31;0;0.0;2.0;1.0;1.0;A01
40233;201400026651;0;33;0;0.0;1.0;1.0;1.0;A01
40234;201400026652;0;31;0;0.0;1.0;1.0;1.0;A01
40235;201400026653;0;7;0;0.0;2.0;2.0;1.0;B01
40236;201400026653;0;30;0;0.0;2.0;8.0;1.0;A01
40237;201400026656;0;7;0;0.0;2.0;1.0;0.0;A01
40238;201400026656;0;7;0;0.0;0.0;4.0;0.0;B01
40239;201400026658;0;7;0;0.0;2.0;1.0;1.0;B01
40240;201400026658;0;1;0;0.0;2.0;8.0;19.0;A01
40241;201400026659;0;1;0;0.0;2.0;1.0;1.0;B01
40242;201400026659;0;7;0;0.0;2.0;3.0;9.0;A01
40243;201400026660;0;7;0;0.0;1.0;2.0;1.0;A01
40244;201400026661;0;7;0;0.0;2.0;1.0;1.0;A01
40245;201400026661;0;7;0;0.0;2.0;4.0;1.0;B01
40246;201400026662;0;3;0;7.0;0.0;1.0;1.0;A01
40247;201400026663;0;7;0;0.0;2.0;8.0;22.0;A01
40248;201400026663;0;1;0;0.0;2.0;0.0;0.0;B01
40249;201400026664;0;7;0;1.0;2.0;3.0;1.0;B01
40250;201400026664;0;7;0;0.0;2.0;3.0;13.0;A01
40251;201400026665;0;7;0;0.0;2.0;0.0;0.0;A01
40252;201400026665;0;7;0;0.0;0.0;0.0;0.0;B01
40253;201400026667;0;7;0;0.0;1.0;0.0;0.0;A01
40254;201400026669;0;7;0;0.0;0.0;0.0;0.0;C01
40255;201400026669;0;7;0;0.0;0.0;0.0;0.0;A01
40256;201400026669;0;7;0;0.0;0.0;0.0;0.0;B01
40257;201400026670;0;7;0;0.0;1.0;0.0;0.0;A01
40258;201400026671;0;7;0;0.0;2.0;3.0;1.0;C01
40259;201400026671;0;33;0;0.0;2.0;7.0;10.0;B01
40260;201400026671;0;7;0;0.0;2.0;1.0;15.0;A01
40261;201400026672;0;7;0;0.0;2.0;1.0;2.0;A01
40262;201400026672;0;33;0;0.0;2.0;4.0;2.0;B01
40263;201400026673;0;7;0;0.0;0.0;4.0;2.0;B01
40264;201400026673;0;7;0;0.0;2.0;1.0;2.0;A01
40265;201400026675;0;36;0;3.0;0.0;1.0;1.0;A01
40266;201400026676;0;7;0;0.0;2.0;1.0;1.0;A01
40267;201400026676;0;7;0;0.0;1.0;4.0;1.0;B01
40268;201400026678;0;32;0;0.0;2.0;1.0;1.0;A01
40269;201400026678;0;7;0;0.0;2.0;7.0;1.0;B01
40270;201400026679;0;1;0;0.0;2.0;1.0;13.0;A01
40271;201400026679;0;7;0;0.0;2.0;1.0;1.0;B01
40272;201400026681;0;7;0;0.0;2.0;2.0;1.0;A01
40273;201400026681;0;33;0;0.0;2.0;1.0;1.0;B01
40274;201400026682;0;7;0;0.0;2.0;2.0;15.0;A01
40275;201400026682;0;33;0;0.0;2.0;1.0;1.0;B01
40276;201400026683;0;7;0;0.0;2.0;8.0;1.0;B01
40277;201400026683;0;15;0;0.0;2.0;2.0;0.0;A01
40278;201400026684;0;36;0;6.0;0.0;2.0;1.0;A01
40279;201400026685;0;2;0;0.0;2.0;2.0;1.0;B01
40280;201400026685;1;2;0;0.0;2.0;0.0;1.0;A01
40281;201400026686;0;7;0;0.0;2.0;1.0;1.0;B01
40282;201400026686;0;30;0;0.0;2.0;1.0;13.0;A01
40283;201400026687;0;37;1;0.0;2.0;1.0;15.0;A01
40284;201400026687;0;7;0;0.0;2.0;1.0;1.0;B01
40285;201400026688;0;30;0;0.0;2.0;8.0;1.0;A01
40286;201400026689;0;30;0;2.0;0.0;1.0;0.0;A01
40287;201400026690;0;7;0;0.0;1.0;2.0;1.0;A01
40288;201400026691;0;7;0;0.0;2.0;3.0;1.0;B01
40289;201400026691;0;7;0;0.0;2.0;1.0;15.0;A01
40290;201400026692;0;1;0;1.0;0.0;7.0;14.0;A01
40291;201400026693;0;10;0;0.0;1.0;4.0;4.0;A01
40292;201400026694;0;7;0;6.0;1.0;3.0;1.0;A01
40293;201400026695;0;33;0;12.0;0.0;0.0;0.0;A01
40294;201400026696;0;7;0;2.0;0.0;3.0;2.0;A01
40295;201400026697;0;7;0;0.0;2.0;3.0;15.0;B01
40296;201400026697;0;2;0;0.0;2.0;1.0;1.0;A01
40297;201400026698;0;14;0;0.0;2.0;3.0;1.0;B01
40298;201400026698;2;7;0;0.0;2.0;1.0;13.0;A01
40299;201400026699;0;7;0;9.0;0.0;1.0;1.0;A01
40300;201400026700;0;7;0;1.0;0.0;2.0;1.0;A01
40301;201400026701;0;7;0;0.0;2.0;1.0;1.0;A01
40302;201400026701;0;7;0;0.0;2.0;1.0;1.0;B01
40303;201400026702;0;7;0;0.0;2.0;2.0;1.0;A01
40304;201400026702;0;33;0;0.0;2.0;1.0;1.0;B01
40305;201400026703;0;7;0;0.0;2.0;4.0;1.0;B01
40306;201400026703;0;7;0;0.0;2.0;1.0;1.0;A01
40307;201400026704;0;7;0;0.0;1.0;7.0;1.0;A01
40308;201400026705;0;7;0;0.0;2.0;5.0;15.0;A01
40309;201400026705;0;7;0;0.0;2.0;1.0;1.0;B01
40310;201400026706;0;31;0;0.0;2.0;1.0;1.0;A01
40311;201400026706;0;7;0;0.0;2.0;3.0;15.0;B01
40312;201400026707;0;30;0;0.0;9.0;7.0;21.0;A01
40313;201400026707;0;37;1;0.0;2.0;3.0;1.0;B01
40314;201400026708;1;7;0;0.0;2.0;1.0;5.0;Z01
40315;201400026708;0;7;0;0.0;2.0;1.0;1.0;B01
40316;201400026709;0;7;0;0.0;0.0;0.0;0.0;A01
40317;201400026710;0;1;0;0.0;2.0;1.0;1.0;A01
40318;201400026710;0;7;0;0.0;2.0;3.0;23.0;B01
40319;201400026711;0;7;0;0.0;2.0;2.0;2.0;B01
40320;201400026711;0;30;0;0.0;2.0;3.0;5.0;A01
40321;201400026712;0;7;0;0.0;1.0;1.0;1.0;A01
40322;201400026713;0;10;0;0.0;2.0;6.0;1.0;B01
40323;201400026713;0;7;0;0.0;2.0;6.0;1.0;C01
40324;201400026713;0;2;0;0.0;2.0;1.0;1.0;A01
40325;201400026714;0;7;0;0.0;1.0;1.0;1.0;A01
40326;201400026715;0;31;0;12.0;0.0;3.0;17.0;A01
40327;201400026716;0;7;0;0.0;1.0;1.0;1.0;A01
40328;201400026717;0;1;0;0.0;2.0;1.0;1.0;B01
40329;201400026717;0;14;0;0.0;2.0;1.0;16.0;A01
40330;201400026718;1;7;0;0.0;1.0;1.0;1.0;Z01
40331;201400026719;0;31;0;0.0;2.0;1.0;1.0;A01
40332;201400026719;0;7;0;0.0;2.0;4.0;1.0;B01
40333;201400026720;0;31;0;0.0;2.0;8.0;18.0;A01
40334;201400026720;0;7;0;0.0;2.0;5.0;15.0;B01
40335;201400026721;0;7;0;0.0;1.0;3.0;15.0;A01
40336;201400026722;0;7;0;0.0;1.0;1.0;1.0;A01
40337;201400026723;0;7;0;0.0;1.0;7.0;1.0;A01
40338;201400026724;0;7;0;0.0;1.0;4.0;4.0;A01
40339;201400026725;0;7;0;0.0;2.0;2.0;2.0;A01
40340;201400026725;0;7;0;0.0;2.0;6.0;2.0;B01
40341;201400026726;0;7;0;0.0;1.0;4.0;20.0;A01
40342;201400026727;0;34;0;0.0;2.0;2.0;1.0;B01
40343;201400026727;0;7;0;0.0;2.0;8.0;10.0;A01
40344;201400026728;1;7;0;0.0;1.0;1.0;1.0;A01
40345;201400026729;0;2;0;15.0;0.0;2.0;1.0;A01
40346;201400026730;0;7;0;0.0;2.0;3.0;15.0;A01
40347;201400026730;0;33;0;0.0;2.0;1.0;0.0;B01
40348;201400026731;0;2;0;0.0;1.0;1.0;0.0;A01
40349;201400026732;0;7;0;0.0;1.0;2.0;16.0;A01
40350;201400026733;0;7;0;0.0;2.0;1.0;0.0;B01
40351;201400026733;0;7;0;0.0;2.0;4.0;2.0;C01
40352;201400026733;0;10;0;0.0;2.0;1.0;2.0;D01
40353;201400026733;0;7;0;0.0;2.0;8.0;15.0;A01
40354;201400026734;0;7;0;0.0;1.0;1.0;1.0;A01
40355;201400026735;0;7;0;0.0;2.0;3.0;15.0;A01
40356;201400026735;0;2;0;0.0;2.0;1.0;1.0;B01
40357;201400026735;0;7;0;0.0;2.0;1.0;23.0;C01
40358;201400026736;0;30;0;14.0;0.0;7.0;1.0;A01
40359;201400026737;0;33;0;12.0;0.0;1.0;1.0;A01
40360;201400026738;0;7;0;0.0;2.0;4.0;15.0;A01
40361;201400026738;0;33;0;0.0;2.0;1.0;1.0;B01
40362;201400026739;0;10;0;0.0;0.0;3.0;22.0;A01
40363;201400026739;0;7;0;14.0;0.0;3.0;5.0;B01
40364;201400026740;2;7;0;12.0;2.0;2.0;2.0;A01
40365;201400026740;0;7;0;0.0;2.0;8.0;11.0;B01
40366;201400026741;0;7;0;0.0;2.0;3.0;0.0;C01
40367;201400026741;0;7;0;0.0;2.0;5.0;0.0;B01
40368;201400026741;0;7;0;0.0;2.0;1.0;19.0;A01
40369;201400026742;0;33;0;0.0;2.0;3.0;1.0;B01
40370;201400026742;0;7;0;0.0;2.0;2.0;9.0;A01
40371;201400026743;0;7;0;0.0;0.0;4.0;1.0;B01
40372;201400026743;0;7;0;0.0;2.0;1.0;1.0;A01
40373;201400026744;0;7;0;0.0;1.0;3.0;1.0;A01
40374;201400026745;0;7;0;3.0;2.0;2.0;2.0;A01
40375;201400026745;0;7;0;0.0;0.0;6.0;1.0;B01
40376;201400026746;0;7;0;0.0;2.0;1.0;1.0;B01
40377;201400026746;0;2;0;0.0;2.0;8.0;0.0;A01
40378;201400026747;0;7;0;6.0;0.0;1.0;6.0;A01
40379;201400026748;0;7;0;0.0;1.0;1.0;1.0;A01
40380;201400026749;0;37;1;0.0;1.0;2.0;1.0;A01
40381;201400026750;0;7;0;0.0;2.0;8.0;1.0;B01
40382;201400026750;0;7;0;0.0;2.0;3.0;13.0;A01
40383;201400026751;0;10;0;0.0;2.0;8.0;9.0;B01
40384;201400026751;0;33;0;0.0;2.0;0.0;2.0;A01
40385;201400026752;0;1;0;0.0;2.0;4.0;2.0;B01
40386;201400026752;0;14;0;0.0;2.0;7.0;2.0;A01
40387;201400026753;0;40;0;0.0;1.0;5.0;2.0;A01
40388;201400026754;0;7;0;0.0;2.0;1.0;1.0;A01
40389;201400026754;0;7;0;0.0;2.0;3.0;1.0;B01
40390;201400026755;0;7;0;0.0;2.0;3.0;9.0;A01
40391;201400026755;0;7;0;0.0;2.0;2.0;1.0;B01
40392;201400026757;0;7;0;0.0;1.0;7.0;1.0;A01
40393;201400026758;0;7;0;0.0;2.0;1.0;1.0;A01
40394;201400026758;0;7;0;0.0;2.0;4.0;1.0;B01
40395;201400026758;0;7;0;0.0;2.0;3.0;1.0;C01
40396;201400026759;0;1;0;0.0;4.0;1.0;1.0;B01
40397;201400026759;0;39;0;0.0;9.0;3.0;1.0;A01
40398;201400026760;1;7;0;0.0;2.0;1.0;15.0;A01
40399;201400026760;0;7;0;0.0;2.0;1.0;1.0;B01
40400;201400026761;1;7;0;0.0;1.0;0.0;0.0;Z01
40401;201400026762;0;7;0;0.0;0.0;1.0;1.0;A01
40402;201400026763;0;7;0;0.0;1.0;1.0;1.0;A01
40403;201400026764;0;7;0;0.0;1.0;2.0;11.0;A01
40404;201400026765;0;7;0;0.0;1.0;2.0;1.0;A01
40405;201400026766;0;7;0;0.0;1.0;0.0;1.0;A01
40406;201400026767;0;7;0;0.0;0.0;2.0;1.0;A01
40407;201400026767;0;30;0;0.0;2.0;3.0;11.0;B01
40408;201400026768;0;40;0;0.0;0.0;1.0;1.0;B01
40409;201400026768;0;7;0;0.0;0.0;3.0;1.0;A01
40410;201400026769;0;33;0;0.0;2.0;1.0;1.0;B01
40411;201400026770;0;7;0;0.0;1.0;8.0;1.0;A01
40412;201400026771;0;7;0;0.0;1.0;1.0;1.0;A01
40413;201400026772;0;7;0;0.0;2.0;4.0;23.0;B01
40414;201400026772;0;7;0;0.0;2.0;4.0;23.0;C01
40415;201400026772;0;7;0;0.0;2.0;1.0;1.0;A01
40416;201400026772;0;7;0;0.0;2.0;4.0;23.0;D01
40417;201400026774;0;10;0;0.0;1.0;2.0;1.0;A01
40418;201400026775;0;37;1;0.0;1.0;2.0;1.0;A01
40419;201400026776;0;30;0;0.0;0.0;7.0;1.0;A01
40420;201400026777;0;7;0;0.0;2.0;2.0;1.0;A01
40421;201400026777;0;7;0;0.0;2.0;3.0;15.0;B01
40422;201400026778;0;40;0;0.0;1.0;0.0;1.0;A01
40423;201400026779;0;7;0;0.0;2.0;8.0;2.0;C01
40424;201400026779;0;7;0;0.0;2.0;3.0;2.0;B01
40425;201400026779;0;30;0;0.0;2.0;1.0;13.0;A01
40426;201400026780;0;33;0;0.0;1.0;2.0;1.0;A01
40427;201400026781;0;7;0;0.0;2.0;0.0;1.0;A01
40428;201400026781;0;7;0;0.0;2.0;0.0;1.0;B01
40429;201400026782;2;7;0;9.0;0.0;0.0;1.0;A01
40430;201400026783;0;30;0;0.0;2.0;8.0;11.0;B01
40431;201400026783;0;7;0;0.0;2.0;7.0;1.0;A01
40432;201400026784;0;32;0;0.0;0.0;1.0;1.0;A01
40433;201400026784;0;7;0;0.0;0.0;2.0;20.0;B01
40434;201400026785;0;10;0;0.0;1.0;1.0;15.0;A01
40435;201400026786;0;7;0;0.0;1.0;4.0;4.0;A01
40436;201400026787;0;7;0;0.0;0.0;2.0;1.0;A01
40437;201400026787;0;7;0;0.0;0.0;1.0;1.0;B01
40438;201400026788;0;7;0;0.0;0.0;8.0;15.0;B01
40439;201400026788;0;7;0;0.0;0.0;1.0;1.0;A01
40440;201400026789;0;7;0;0.0;2.0;1.0;2.0;A01
40441;201400026789;0;7;0;0.0;2.0;4.0;23.0;B01
40442;201400026789;0;7;0;0.0;2.0;4.0;23.0;C01
40443;201400026789;0;7;0;0.0;2.0;4.0;23.0;D01
40444;201400026790;0;33;0;0.0;2.0;6.0;1.0;B01
40445;201400026790;0;7;0;0.0;2.0;2.0;10.0;A01
40446;201400026791;0;7;0;0.0;2.0;8.0;10.0;A01
40447;201400026791;0;33;0;0.0;2.0;1.0;1.0;B01
40448;201400026792;0;1;0;0.0;0.0;0.0;0.0;A01
40449;201400026793;0;30;0;0.0;2.0;1.0;9.0;A01
40450;201400026793;0;7;0;0.0;2.0;7.0;1.0;B01
40451;201400026794;0;33;0;3.0;2.0;1.0;18.0;A01
40452;201400026794;0;7;0;0.0;2.0;3.0;1.0;B01
40453;201400026795;0;7;0;0.0;2.0;1.0;1.0;B01
40454;201400026795;0;7;0;0.0;2.0;2.0;15.0;A01
40455;201400026796;0;7;0;8.0;0.0;9.0;21.0;A01
40456;201400026797;0;7;0;9.0;0.0;2.0;0.0;A01
40457;201400026800;0;7;0;0.0;2.0;2.0;1.0;A01
40458;201400026800;0;33;0;0.0;0.0;4.0;1.0;B01
40459;201400026801;0;7;0;0.0;1.0;1.0;1.0;A01
40460;201400026802;0;7;0;0.0;2.0;2.0;16.0;A01
40461;201400026802;0;1;0;0.0;2.0;1.0;1.0;B01
40462;201400026803;0;7;0;0.0;0.0;4.0;1.0;C01
40463;201400026803;0;7;0;0.0;2.0;0.0;1.0;A01
40464;201400026803;0;7;0;3.0;0.0;4.0;1.0;B01
40465;201400026804;0;1;0;0.0;0.0;1.0;19.0;B01
40466;201400026804;0;33;0;0.0;2.0;1.0;17.0;A01
40467;201400026805;0;7;0;0.0;0.0;3.0;22.0;A01
40468;201400026805;0;1;0;1.0;0.0;0.0;0.0;B01
40469;201400026806;0;7;0;0.0;1.0;4.0;4.0;A01
40470;201400026807;0;31;0;0.0;2.0;1.0;17.0;A01
40471;201400026807;0;7;0;0.0;0.0;3.0;15.0;B01
40472;201400026808;0;1;0;0.0;0.0;1.0;1.0;A01
40473;201400026808;0;40;0;0.0;0.0;0.0;1.0;B01
40474;201400026809;0;7;0;0.0;2.0;1.0;1.0;B01
40475;201400026809;0;2;0;0.0;2.0;1.0;1.0;A01
40476;201400026810;1;7;0;0.0;2.0;0.0;5.0;A01
40477;201400026810;0;7;0;0.0;2.0;1.0;1.0;B01
40478;201400026811;0;33;0;0.0;1.0;1.0;1.0;A01
40479;201400026812;0;7;0;0.0;1.0;1.0;11.0;A01
40480;201400026813;0;10;0;0.0;0.0;2.0;15.0;A01
40481;201400026813;0;32;0;0.0;0.0;1.0;1.0;B01
40482;201400026814;0;7;0;0.0;1.0;2.0;15.0;A01
40483;201400026815;0;7;0;0.0;0.0;2.0;15.0;A01
40484;201400026815;0;33;0;0.0;2.0;1.0;1.0;B01
40485;201400026816;0;38;0;0.0;1.0;1.0;1.0;A01
40486;201400026817;0;7;0;0.0;1.0;3.0;1.0;A01
40487;201400026818;0;7;0;0.0;0.0;3.0;1.0;B01
40488;201400026818;0;2;0;0.0;2.0;1.0;1.0;A01
40489;201400026820;0;10;0;0.0;0.0;8.0;1.0;B01
40490;201400026820;0;2;0;0.0;0.0;1.0;1.0;A01
40491;201400026821;0;7;0;0.0;2.0;1.0;1.0;A01
40492;201400026821;0;7;0;0.0;2.0;4.0;23.0;B01
40493;201400026821;0;7;0;0.0;0.0;4.0;23.0;C01
40494;201400026822;0;7;0;0.0;2.0;1.0;1.0;A01
40495;201400026822;0;7;0;0.0;0.0;4.0;1.0;B01
40496;201400026823;0;1;0;1.0;1.0;1.0;1.0;A01
40497;201400026824;1;30;0;0.0;2.0;0.0;19.0;Z01
40498;201400026824;0;7;0;0.0;2.0;3.0;21.0;C01
40499;201400026824;0;7;0;0.0;2.0;3.0;21.0;B01
40500;201400026825;0;33;0;0.0;2.0;1.0;1.0;B01
40501;201400026825;0;7;0;0.0;2.0;2.0;15.0;A01
40502;201400026826;0;31;0;0.0;1.0;2.0;1.0;A01
40503;201400026827;0;7;0;0.0;9.0;7.0;1.0;A01
40504;201400026827;0;1;0;0.0;2.0;8.0;1.0;B01
40505;201400026828;0;7;0;0.0;2.0;1.0;2.0;A01
40506;201400026828;0;7;0;0.0;2.0;4.0;2.0;B01
40507;201400026829;0;7;0;0.0;1.0;2.0;1.0;A01
40508;201400026830;0;30;0;0.0;2.0;1.0;17.0;B01
40509;201400026830;0;7;0;0.0;2.0;3.0;15.0;A01
40510;201400026831;0;7;0;0.0;2.0;1.0;1.0;B01
40511;201400026831;0;30;0;0.0;2.0;2.0;15.0;A01
40512;201400026832;0;7;0;0.0;2.0;2.0;15.0;A01
40513;201400026832;0;30;0;0.0;2.0;1.0;1.0;B01
40514;201400026833;0;32;0;0.0;2.0;3.0;1.0;B01
40515;201400026833;0;7;0;0.0;2.0;1.0;1.0;A01
40516;201400026834;0;32;0;0.0;2.0;1.0;1.0;B01
40517;201400026834;0;7;0;0.0;2.0;1.0;0.0;A01
40518;201400026835;0;30;0;0.0;2.0;1.0;1.0;B01
40519;201400026835;0;7;0;0.0;2.0;3.0;15.0;A01
40520;201400026836;0;1;0;0.0;2.0;1.0;19.0;A01
40521;201400026836;0;7;0;0.0;2.0;5.0;9.0;B01
40522;201400026837;0;14;0;0.0;1.0;0.0;15.0;A01
40523;201400026838;0;7;0;0.0;0.0;2.0;15.0;A01
40524;201400026838;0;7;0;0.0;0.0;1.0;1.0;B01
40525;201400026839;0;1;0;0.0;2.0;1.0;0.0;A01
40526;201400026839;0;7;0;0.0;0.0;1.0;1.0;C01
40527;201400026839;0;7;0;0.0;0.0;3.0;1.0;B01
40528;201400026840;0;10;0;0.0;1.0;4.0;4.0;A01
40529;201400026841;0;33;0;0.0;2.0;1.0;1.0;A01
40530;201400026841;0;15;0;0.0;0.0;7.0;1.0;B01
40531;201400026842;0;34;0;0.0;0.0;0.0;1.0;A01
40532;201400026843;0;7;0;0.0;0.0;4.0;20.0;B01
40533;201400026843;0;32;0;1.0;2.0;0.0;1.0;A01
40534;201400026844;0;1;0;9.0;0.0;1.0;0.0;A01
40535;201400026846;0;33;0;0.0;2.0;1.0;1.0;B01
40536;201400026846;1;7;0;0.0;0.0;0.0;15.0;Z01
40537;201400026847;0;7;0;0.0;1.0;1.0;1.0;A01
40538;201400026848;0;33;0;0.0;2.0;1.0;1.0;B01
40539;201400026848;0;7;0;0.0;0.0;7.0;15.0;A01
40540;201400026849;0;10;0;0.0;2.0;1.0;1.0;B01
40541;201400026849;0;7;0;0.0;0.0;9.0;1.0;A01
40542;201400026849;0;10;0;0.0;2.0;1.0;1.0;C01
40543;201400026850;1;7;0;0.0;1.0;0.0;1.0;A01
40544;201400026851;0;36;0;0.0;2.0;1.0;2.0;A01
40545;201400026851;0;7;0;0.0;0.0;6.0;2.0;B01
40546;201400026852;0;7;0;0.0;2.0;3.0;1.0;A01
40547;201400026852;0;30;0;0.0;2.0;1.0;1.0;B01
40548;201400026854;0;10;0;0.0;0.0;2.0;16.0;B01
40549;201400026854;0;33;0;0.0;2.0;1.0;1.0;A01
40550;201400026856;0;7;0;0.0;2.0;3.0;15.0;A01
40551;201400026856;0;36;0;0.0;2.0;1.0;1.0;B01
40552;201400026857;0;7;0;0.0;1.0;3.0;1.0;A01
40553;201400026858;0;7;0;0.0;1.0;4.0;4.0;A01
40554;201400026859;0;7;0;0.0;2.0;4.0;1.0;C01
40555;201400026859;0;7;0;0.0;0.0;4.0;1.0;B01
40556;201400026859;0;37;1;0.0;2.0;1.0;7.0;A01
40557;201400026859;0;7;0;0.0;0.0;4.0;1.0;D01
40558;201400026860;0;1;0;0.0;2.0;1.0;1.0;B01
40559;201400026860;0;7;0;0.0;9.0;2.0;15.0;A01
40560;201400026861;0;2;0;0.0;2.0;1.0;1.0;A01
40561;201400026861;0;31;0;0.0;2.0;3.0;1.0;B01
40562;201400026864;0;30;0;0.0;2.0;1.0;1.0;B01
40563;201400026864;0;7;0;0.0;2.0;2.0;16.0;A01
40564;201400026865;0;1;0;0.0;1.0;1.0;0.0;A01
40565;201400026866;0;7;0;0.0;1.0;2.0;15.0;A01
40566;201400026867;0;7;0;0.0;1.0;1.0;1.0;A01
40567;201400026868;0;10;0;0.0;1.0;0.0;4.0;A01
40568;201400026870;0;40;0;0.0;1.0;7.0;1.0;A01
40569;201400026871;0;7;0;0.0;1.0;1.0;1.0;A01
40570;201400026872;0;7;0;0.0;2.0;5.0;1.0;B01
40571;201400026872;0;34;0;0.0;2.0;1.0;18.0;A01
40572;201400026873;0;7;0;0.0;1.0;3.0;0.0;A01
40573;201400026874;0;31;0;0.0;2.0;1.0;1.0;A01
40574;201400026874;0;7;0;0.0;2.0;3.0;1.0;B01
40575;201400026875;1;2;0;0.0;2.0;1.0;17.0;A01
40576;201400026875;0;7;0;0.0;0.0;6.0;20.0;B01
40577;201400026876;0;7;0;0.0;1.0;1.0;1.0;A01
40578;201400026877;0;7;0;0.0;2.0;1.0;1.0;C01
40579;201400026877;0;7;0;0.0;2.0;1.0;1.0;A01
40580;201400026877;0;7;0;0.0;2.0;4.0;1.0;B01
40581;201400026878;0;7;0;0.0;1.0;1.0;1.0;A01
40582;201400026879;0;10;0;0.0;1.0;2.0;1.0;A01
40583;201400026880;0;7;0;0.0;2.0;1.0;2.0;A01
40584;201400026880;0;7;0;0.0;0.0;4.0;2.0;B01
40585;201400026881;0;7;0;0.0;1.0;2.0;1.0;A01
40586;201400026882;0;7;0;0.0;1.0;1.0;1.0;A01
40587;201400026883;0;7;0;0.0;2.0;8.0;15.0;A01
40588;201400026883;1;34;0;0.0;2.0;2.0;17.0;Z01
40589;201400026884;0;7;0;0.0;2.0;2.0;1.0;B01
40590;201400026884;0;1;0;0.0;2.0;1.0;19.0;A01
40591;201400026885;0;7;0;0.0;1.0;1.0;15.0;A01
40592;201400026886;0;40;0;0.0;2.0;7.0;1.0;B01
40593;201400026886;0;7;0;0.0;4.0;1.0;0.0;A01
40594;201400026888;0;7;0;0.0;2.0;1.0;1.0;A01
40595;201400026888;0;7;0;0.0;2.0;8.0;1.0;B01
40596;201400026889;0;7;0;0.0;2.0;2.0;22.0;A01
40597;201400026889;0;1;0;1.0;0.0;2.0;1.0;B01
40598;201400026890;0;2;0;0.0;1.0;1.0;1.0;A01
40599;201400026891;0;7;0;0.0;1.0;4.0;4.0;A01
40600;201400026892;0;7;0;0.0;2.0;2.0;1.0;B01
40601;201400026892;0;7;0;0.0;2.0;1.0;1.0;A01
40602;201400026893;0;17;0;0.0;1.0;1.0;0.0;A01
40603;201400026894;0;34;0;0.0;1.0;2.0;1.0;A01
40604;201400026895;0;7;0;0.0;1.0;1.0;7.0;A01
40605;201400026896;0;10;0;0.0;2.0;7.0;1.0;B01
40606;201400026896;0;10;0;0.0;0.0;2.0;15.0;A01
40607;201400026897;0;10;0;0.0;2.0;2.0;1.0;A01
40608;201400026897;0;2;0;1.0;2.0;1.0;5.0;B01
40609;201400026898;0;7;0;0.0;4.0;1.0;15.0;A01
40610;201400026898;0;40;0;0.0;2.0;1.0;1.0;B01
40611;201400026899;0;7;0;0.0;0.0;3.0;1.0;A01
40612;201400026899;0;7;0;0.0;2.0;2.0;1.0;B01
40613;201400026900;0;7;0;0.0;1.0;0.0;1.0;A01
40614;201400026901;0;7;0;0.0;2.0;3.0;13.0;A01
40615;201400026901;0;7;0;0.0;2.0;3.0;21.0;B01
40616;201400026902;0;33;0;0.0;2.0;1.0;0.0;B01
40617;201400026902;0;7;0;0.0;9.0;5.0;9.0;A01