;Num_Acc;senc;catv;occutc;obs;obsm;choc;manv;num_veh
41040;201400027194;0;10;0;0.0;2.0;0.0;16.0;A01
41041;201400027195;0;7;0;0.0;2.0;4.0;1.0;A01
41042;201400027195;0;7;0;0.0;2.0;1.0;2.0;B01
41043;201400027195;0;7;0;0.0;2.0;1.0;2.0;C01
41044;201400027196;0;7;0;0.0;1.0;0.0;15.0;A01
41045;201400027198;0;7;0;0.0;1.0;1.0;1.0;A01
41046;201400027199;0;10;0;0.0;0.0;7.0;1.0;A01
41047;201400027200;0;31;0;0.0;2.0;8.0;17.0;B01
41048;201400027200;0;7;0;0.0;2.0;6.0;15.0;A01
41049;201400027202;1;7;0;;0.0;2.0;0.0;Z01
41050;201400027202;0;7;0;0.0;2.0;1.0;2.0;C01
41051;201400027202;0;7;0;0.0;2.0;1.0;1.0;B01
41052;201400027203;0;7;0;0.0;2.0;1.0;1.0;A01
41053;201400027203;0;7;0;0.0;2.0;4.0;2.0;B01
41054;201400027205;0;33;0;0.0;2.0;8.0;17.0;A01
41055;201400027205;1;99;0;0.0;2.0;0.0;17.0;Z01
41056;201400027206;0;10;0;0.0;2.0;1.0;1.0;B01
41057;201400027206;0;7;0;0.0;2.0;2.0;6.0;A01
41058;201400027207;0;7;0;0.0;2.0;2.0;1.0;B01
41059;201400027207;0;2;0;0.0;2.0;1.0;6.0;A01
41060;201400027208;0;1;0;0.0;2.0;1.0;19.0;B01
41061;201400027208;0;7;0;0.0;2.0;1.0;1.0;A01
41062;201400027209;0;7;0;0.0;2.0;3.0;1.0;B01
41063;201400027209;0;7;0;0.0;2.0;1.0;6.0;A01
41064;201400027210;0;3;0;0.0;1.0;1.0;1.0;A01
41065;201400027211;0;1;0;0.0;2.0;1.0;1.0;A01
41066;201400027211;0;7;0;0.0;2.0;6.0;2.0;B01
41067;201400027212;0;2;0;0.0;0.0;7.0;1.0;A01
41068;201400027213;0;7;0;1.0;0.0;1.0;1.0;A01
41069;201400027214;0;7;0;6.0;0.0;1.0;1.0;A01
41070;201400027215;0;33;0;0.0;0.0;1.0;1.0;A01
41071;201400027216;0;7;0;0.0;2.0;7.0;1.0;A01
41072;201400027216;0;2;0;0.0;2.0;0.0;1.0;B01
41073;201400027217;0;7;0;0.0;2.0;6.0;2.0;B01
41074;201400027217;0;31;0;0.0;2.0;1.0;1.0;A01
41075;201400027218;0;7;0;0.0;2.0;1.0;1.0;A01
41076;201400027218;1;7;0;0.0;2.0;1.0;5.0;Z01
41077;201400027219;0;2;0;0.0;1.0;0.0;1.0;A01
41078;201400027220;0;2;0;12.0;0.0;0.0;1.0;A01
41079;201400027221;0;7;0;0.0;2.0;5.0;15.0;A01
41080;201400027221;0;1;0;0.0;2.0;8.0;1.0;B01
41081;201400027222;0;7;0;0.0;2.0;2.0;1.0;A01
41082;201400027222;0;1;0;0.0;2.0;1.0;1.0;B01
41083;201400027223;0;7;0;0.0;2.0;1.0;13.0;A01
41084;201400027223;0;7;0;0.0;2.0;1.0;1.0;B01
41085;201400027224;0;7;0;0.0;2.0;2.0;1.0;B01
41086;201400027224;0;7;0;0.0;2.0;6.0;9.0;A01
41087;201400027225;0;7;0;1.0;0.0;9.0;1.0;A01
41088;201400027226;0;7;0;0.0;2.0;3.0;15.0;B01
41089;201400027226;0;2;0;0.0;2.0;1.0;18.0;A01
41090;201400027227;0;7;0;8.0;0.0;1.0;1.0;A01
41091;201400027228;0;7;0;0.0;2.0;3.0;19.0;A01
41092;201400027228;0;7;0;0.0;2.0;6.0;15.0;B01
41093;201400027229;0;7;0;0.0;2.0;6.0;2.0;B01
41094;201400027229;0;2;0;0.0;2.0;3.0;1.0;A01
41095;201400027230;0;7;0;0.0;2.0;2.0;19.0;A01
41096;201400027230;0;2;0;0.0;2.0;1.0;1.0;B01
41097;201400027231;0;7;0;0.0;1.0;2.0;1.0;A01
41098;201400027232;0;2;0;0.0;0.0;0.0;9.0;A01
41099;201400027234;0;7;0;0.0;1.0;2.0;1.0;A01
41100;201400027235;0;7;0;0.0;1.0;4.0;4.0;A01
41101;201400027236;0;7;0;0.0;2.0;3.0;1.0;B01
41102;201400027236;0;7;0;0.0;2.0;1.0;1.0;A01
41103;201400027237;0;2;0;0.0;1.0;1.0;1.0;A01
41104;201400027238;0;31;0;0.0;0.0;0.0;1.0;A01
41105;201400027239;0;7;0;16.0;0.0;8.0;1.0;A01
41106;201400027240;0;7;0;0.0;2.0;3.0;15.0;A01
41107;201400027240;0;33;0;0.0;2.0;9.0;1.0;B01
41108;201400027242;0;7;0;0.0;2.0;1.0;1.0;B01
41109;201400027242;0;2;0;0.0;2.0;7.0;6.0;A01
41110;201400027243;0;7;0;1.0;0.0;1.0;1.0;A01
41111;201400027244;0;7;0;0.0;2.0;7.0;1.0;B01
41112;201400027244;0;7;0;0.0;2.0;1.0;1.0;A01
41113;201400027245;0;7;0;0.0;2.0;2.0;15.0;A01
41114;201400027245;0;7;0;0.0;2.0;1.0;5.0;B01
41115;201400027246;0;7;0;0.0;2.0;1.0;1.0;A01
41116;201400027246;0;7;0;0.0;2.0;4.0;2.0;B01
41117;201400027247;0;2;0;6.0;0.0;8.0;1.0;A01
41118;201400027248;0;2;0;0.0;2.0;1.0;1.0;A01
41119;201400027248;0;7;0;0.0;2.0;3.0;1.0;B01
41120;201400027249;0;2;0;16.0;0.0;1.0;1.0;A01
41121;201400027250;0;7;0;0.0;2.0;8.0;1.0;B01
41122;201400027250;0;2;0;0.0;2.0;1.0;17.0;A01
41123;201400027251;0;7;0;0.0;1.0;1.0;15.0;A01
41124;201400027252;0;7;0;0.0;1.0;2.0;1.0;A01
41125;201400027253;0;7;0;0.0;2.0;3.0;9.0;A01
41126;201400027253;0;7;0;0.0;2.0;2.0;1.0;B01
41127;201400027254;0;7;0;0.0;2.0;0.0;1.0;B01
41128;201400027254;0;2;0;0.0;2.0;0.0;1.0;A01
41129;201400027255;0;2;0;0.0;0.0;8.0;1.0;A01
41130;201400027256;0;7;0;0.0;2.0;2.0;6.0;A01
41131;201400027256;0;2;0;0.0;2.0;1.0;1.0;B01
41132;201400027257;0;7;0;0.0;1.0;0.0;1.0;A01
41133;201400027258;0;2;0;0.0;1.0;1.0;1.0;A01
41134;201400027259;0;7;0;0.0;2.0;1.0;1.0;B01
41135;201400027259;0;7;0;0.0;2.0;2.0;15.0;A01
41136;201400027260;0;7;0;2.0;0.0;2.0;1.0;A01
41137;201400027261;0;7;0;8.0;0.0;1.0;1.0;A01
41138;201400027262;0;10;0;0.0;1.0;3.0;15.0;A01
41139;201400027263;0;1;0;0.0;2.0;8.0;2.0;B01
41140;201400027263;0;7;0;0.0;2.0;7.0;17.0;A01
41141;201400027264;0;7;0;0.0;1.0;3.0;1.0;A01
41142;201400027265;0;7;0;0.0;2.0;1.0;1.0;B01
41143;201400027265;0;7;0;0.0;2.0;1.0;15.0;A01
41144;201400027266;0;7;0;1.0;0.0;5.0;23.0;C01
41145;201400027266;0;7;0;1.0;2.0;6.0;23.0;B01
41146;201400027266;0;7;0;1.0;0.0;2.0;2.0;A01
41147;201400027267;0;2;0;0.0;0.0;0.0;16.0;A01
41148;201400027268;0;7;0;0.0;1.0;0.0;15.0;A01
41149;201400027270;0;2;0;0.0;0.0;7.0;1.0;A01
41150;201400027271;0;2;0;0.0;2.0;0.0;1.0;A01
41151;201400027271;0;7;0;0.0;2.0;8.0;23.0;B01
41152;201400027272;0;7;0;0.0;2.0;4.0;15.0;B01
41153;201400027272;0;7;0;0.0;2.0;1.0;1.0;A01
41154;201400027273;0;1;0;1.0;0.0;1.0;21.0;A01
41155;201400027274;0;7;0;0.0;2.0;9.0;1.0;A01
41156;201400027274;0;7;0;0.0;2.0;1.0;1.0;B01
41157;201400027276;0;7;0;0.0;2.0;1.0;2.0;C01
41158;201400027276;0;7;0;0.0;0.0;8.0;13.0;B01
41159;201400027276;0;7;0;0.0;2.0;9.0;1.0;A01
41160;201400027277;0;7;0;0.0;2.0;8.0;20.0;B01
41161;201400027277;0;7;0;0.0;2.0;3.0;1.0;A01
41162;201400027278;0;7;0;0.0;2.0;1.0;1.0;B01
41163;201400027278;0;7;0;0.0;2.0;1.0;15.0;A01
41164;201400027279;0;7;0;0.0;2.0;8.0;1.0;B01
41165;201400027279;0;7;0;0.0;2.0;1.0;15.0;A01
41166;201400027280;0;7;0;0.0;1.0;1.0;1.0;A01
41167;201400027281;0;7;0;0.0;1.0;3.0;1.0;A01
41168;201400027282;0;7;0;0.0;1.0;8.0;4.0;A01
41169;201400027283;0;13;0;0.0;1.0;1.0;9.0;A01
41170;201400027284;0;7;0;0.0;0.0;3.0;1.0;B01
41171;201400027284;0;7;0;0.0;2.0;2.0;19.0;A01
41172;201400027286;0;7;0;0.0;2.0;2.0;5.0;A01
41173;201400027286;0;7;0;0.0;2.0;5.0;1.0;B01
41174;201400027286;0;7;0;0.0;2.0;2.0;1.0;C01
41175;201400027287;0;7;0;0.0;2.0;3.0;9.0;A01
41176;201400027287;0;7;0;0.0;2.0;1.0;2.0;B01
41177;201400027288;0;7;0;0.0;1.0;3.0;2.0;A01
41178;201400027289;0;7;0;0.0;0.0;4.0;15.0;B01
41179;201400027289;0;7;0;0.0;0.0;1.0;1.0;A01
41180;201400027290;0;7;0;0.0;2.0;4.0;2.0;A01
41181;201400027290;0;7;0;0.0;9.0;4.0;2.0;B01
41182;201400027291;0;7;0;0.0;9.0;3.0;15.0;A01
41183;201400027291;0;1;0;0.0;2.0;3.0;1.0;B01
41184;201400027292;1;7;0;0.0;2.0;3.0;1.0;A01
41185;201400027292;0;33;0;0.0;0.0;8.0;1.0;B01
41186;201400027293;0;7;0;0.0;2.0;3.0;1.0;B01
41187;201400027293;0;30;0;0.0;2.0;1.0;13.0;A01
41188;201400027294;0;7;0;0.0;2.0;2.0;15.0;A01
41189;201400027294;0;7;0;8.0;2.0;1.0;1.0;B01
41190;201400027295;0;7;0;0.0;1.0;1.0;1.0;A01
41191;201400027296;0;7;0;6.0;0.0;1.0;1.0;A01
41192;201400027297;0;7;0;0.0;2.0;4.0;1.0;B01
41193;201400027297;0;7;0;0.0;0.0;0.0;5.0;A01
41194;201400027297;0;7;0;0.0;2.0;1.0;1.0;C01
41195;201400027298;0;7;0;0.0;1.0;4.0;23.0;A01
41196;201400027299;0;30;0;0.0;2.0;1.0;5.0;A01
41197;201400027299;0;7;0;0.0;2.0;1.0;15.0;B01
41198;201400027300;0;7;0;0.0;1.0;2.0;1.0;A01
41199;201400027301;0;7;0;0.0;1.0;3.0;1.0;A01
41200;201400027302;0;7;0;0.0;2.0;9.0;1.0;A01
41201;201400027302;0;7;0;0.0;2.0;3.0;23.0;B01
41202;201400027303;0;10;0;1.0;2.0;3.0;1.0;B01
41203;201400027303;0;10;0;1.0;2.0;1.0;1.0;A01
41204;201400027304;0;7;0;0.0;1.0;7.0;1.0;A01
41205;201400027305;0;7;0;0.0;1.0;4.0;20.0;A01
41206;201400027306;0;39;35;0.0;1.0;1.0;1.0;A01
41207;201400027307;0;7;0;0.0;2.0;8.0;15.0;B01
41208;201400027307;0;7;0;0.0;2.0;1.0;1.0;A01
41209;201400027308;0;7;0;0.0;2.0;0.0;1.0;A01
41210;201400027308;0;7;0;0.0;2.0;0.0;1.0;B01
41211;201400027310;0;7;0;0.0;1.0;3.0;1.0;A01
41212;201400027312;0;1;0;1.0;2.0;1.0;1.0;B01
41213;201400027312;0;7;0;0.0;2.0;3.0;1.0;C01
41214;201400027312;0;7;0;0.0;2.0;8.0;24.0;A01
41215;201400027313;0;7;0;0.0;2.0;1.0;1.0;B01
41216;201400027313;0;7;0;0.0;2.0;8.0;1.0;A01
41217;201400027314;0;7;0;11.0;0.0;1.0;6.0;A01
41218;201400027315;0;30;0;0.0;2.0;1.0;15.0;A01
41219;201400027315;0;7;0;0.0;2.0;2.0;1.0;B01
41220;201400027316;0;7;0;0.0;1.0;7.0;17.0;A01
41221;201400027317;0;1;0;0.0;1.0;1.0;9.0;A01
41222;201400027318;0;7;0;0.0;2.0;7.0;1.0;A01
41223;201400027318;0;7;0;0.0;2.0;1.0;1.0;B01
41224;201400027319;0;2;0;0.0;2.0;8.0;1.0;B01
41225;201400027319;0;7;0;0.0;2.0;7.0;1.0;C01
41226;201400027319;1;99;0;0.0;2.0;0.0;1.0;Z01
41227;201400027320;0;7;0;0.0;1.0;7.0;1.0;A01
41228;201400027321;0;7;0;12.0;0.0;9.0;15.0;A01
41229;201400027322;0;33;0;0.0;5.0;8.0;1.0;A01
41230;201400027323;0;1;0;0.0;2.0;8.0;1.0;B01
41231;201400027323;0;30;0;0.0;2.0;1.0;1.0;A01
41232;201400027324;0;7;0;0.0;2.0;0.0;1.0;B01
41233;201400027324;0;7;0;0.0;2.0;8.0;1.0;A01
41234;201400027325;0;7;0;0.0;2.0;3.0;1.0;A01
41235;201400027325;0;7;0;0.0;2.0;3.0;1.0;B01
41236;201400027326;0;10;0;0.0;1.0;1.0;16.0;A01
41237;201400027327;0;40;0;0.0;1.0;1.0;1.0;A01
41238;201400027328;0;7;0;0.0;1.0;4.0;4.0;A01
41239;201400027329;0;7;0;0.0;2.0;1.0;1.0;B01
41240;201400027329;0;7;0;0.0;2.0;4.0;1.0;A01
41241;201400027330;0;7;0;0.0;2.0;1.0;1.0;B01
41242;201400027330;0;2;0;0.0;2.0;1.0;9.0;A01
41243;201400027331;0;7;0;3.0;0.0;0.0;1.0;A01
41244;201400027333;1;99;0;0.0;0.0;2.0;5.0;Z01
41245;201400027333;0;7;0;15.0;0.0;1.0;1.0;B01
41246;201400027334;0;30;0;0.0;2.0;1.0;15.0;A01
41247;201400027334;0;7;0;0.0;2.0;3.0;1.0;B01
41248;201400027335;0;7;0;2.0;2.0;7.0;13.0;A01
41249;201400027335;0;10;0;0.0;2.0;1.0;1.0;B01
41250;201400027337;0;7;0;0.0;1.0;3.0;1.0;A01
41251;201400027338;0;7;0;0.0;1.0;1.0;1.0;A01
41252;201400027339;0;2;0;0.0;0.0;0.0;1.0;B01
41253;201400027339;1;99;0;0.0;2.0;2.0;18.0;Z01
41254;201400027340;0;33;0;9.0;2.0;1.0;1.0;B01
41255;201400027340;0;7;0;0.0;2.0;3.0;15.0;A01
41256;201400027341;0;7;0;0.0;1.0;8.0;1.0;A01
41257;201400027342;0;7;0;0.0;1.0;1.0;1.0;A01
41258;201400027343;0;7;0;0.0;2.0;1.0;2.0;A01
41259;201400027343;0;7;0;0.0;0.0;4.0;2.0;B01
41260;201400027344;0;7;0;0.0;1.0;3.0;1.0;A01
41261;201400027345;0;7;0;0.0;1.0;4.0;4.0;A01
41262;201400027346;1;99;0;0.0;1.0;0.0;15.0;Z01
41263;201400027347;0;32;0;0.0;1.0;1.0;17.0;A01
41264;201400027348;0;7;0;0.0;1.0;2.0;1.0;A01
41265;201400027349;0;7;0;0.0;1.0;7.0;20.0;A01
41266;201400027350;0;7;0;0.0;2.0;3.0;13.0;A01
41267;201400027350;0;7;0;0.0;2.0;3.0;16.0;B01
41268;201400027351;0;7;0;13.0;0.0;1.0;17.0;A01
41269;201400027352;0;7;0;0.0;2.0;8.0;10.0;A01
41270;201400027352;0;33;0;0.0;2.0;1.0;1.0;B01
41271;201400027353;0;7;0;0.0;1.0;8.0;1.0;A01
41272;201400027354;0;7;0;0.0;2.0;1.0;1.0;A01
41273;201400027354;0;7;0;0.0;0.0;4.0;1.0;B01
41274;201400027355;0;7;0;0.0;2.0;1.0;2.0;A01
41275;201400027355;0;7;0;0.0;0.0;4.0;1.0;B01
41276;201400027357;0;33;0;0.0;2.0;0.0;1.0;B01
41277;201400027357;0;7;0;0.0;2.0;3.0;11.0;A01
41278;201400027358;0;7;0;0.0;1.0;2.0;1.0;A01
41279;201400027359;0;7;0;0.0;1.0;0.0;15.0;A01
41280;201400027362;0;7;0;0.0;1.0;1.0;15.0;A01
41281;201400027363;0;7;0;8.0;0.0;1.0;1.0;A01
41282;201400027364;0;7;0;0.0;1.0;3.0;1.0;A01
41283;201400027365;0;7;0;0.0;2.0;8.0;1.0;B01
41284;201400027365;0;7;0;0.0;2.0;1.0;15.0;A01
41285;201400027366;0;7;0;0.0;1.0;1.0;1.0;A01
41286;201400027367;0;7;0;0.0;9.0;1.0;16.0;B01
41287;201400027367;0;1;0;0.0;2.0;4.0;5.0;A01
41288;201400027368;0;2;0;0.0;2.0;5.0;9.0;B01
41289;201400027368;0;7;0;0.0;2.0;3.0;9.0;A01
41290;201400027369;0;37;0;0.0;1.0;7.0;1.0;A01
41291;201400027370;0;33;0;0.0;2.0;0.0;1.0;A01
41292;201400027370;0;7;0;0.0;2.0;2.0;1.0;B01
41293;201400027371;0;7;0;0.0;2.0;1.0;1.0;A01
41294;201400027371;0;7;0;0.0;2.0;3.0;1.0;B01
41295;201400027372;0;7;0;0.0;1.0;1.0;1.0;A01
41296;201400027373;0;7;0;1.0;0.0;1.0;1.0;A01
41297;201400027374;0;7;0;0.0;1.0;3.0;16.0;A01
41298;201400027375;0;7;0;1.0;2.0;6.0;9.0;B01
41299;201400027375;0;7;0;0.0;2.0;1.0;9.0;A01
41300;201400027376;1;7;0;0.0;1.0;2.0;1.0;Z01
41301;201400027377;0;7;0;0.0;1.0;4.0;4.0;A01
41302;201400027378;0;7;0;0.0;2.0;2.0;15.0;B01
41303;201400027378;0;2;0;1.0;2.0;1.0;1.0;A01
41304;201400027379;0;7;0;0.0;2.0;5.0;9.0;A01
41305;201400027379;0;7;0;0.0;2.0;2.0;9.0;B01
41306;201400027380;0;33;0;0.0;2.0;5.0;1.0;B01
41307;201400027380;0;7;0;0.0;2.0;3.0;9.0;A01
41308;201400027381;0;33;0;0.0;2.0;1.0;5.0;A01
41309;201400027381;0;7;0;0.0;2.0;1.0;1.0;B01
41310;201400027382;0;7;0;0.0;1.0;0.0;1.0;A01
41311;201400027383;0;7;0;6.0;0.0;1.0;14.0;A01
41312;201400027384;0;7;0;0.0;2.0;3.0;13.0;A01
41313;201400027384;0;7;0;0.0;2.0;3.0;1.0;B01
41314;201400027385;0;1;0;0.0;1.0;1.0;1.0;A01
41315;201400027386;0;7;0;0.0;2.0;4.0;2.0;B01
41316;201400027386;0;7;0;0.0;2.0;4.0;2.0;C01
41317;201400027386;0;7;0;0.0;2.0;1.0;2.0;A01
41318;201400027387;0;7;0;0.0;2.0;4.0;2.0;B01
41319;201400027387;0;7;0;0.0;2.0;1.0;2.0;A01
41320;201400027388;0;7;0;0.0;1.0;3.0;1.0;A01
41321;201400027389;1;7;0;12.0;1.0;1.0;0.0;Z01
41322;201400027392;0;7;0;0.0;0.0;9.0;1.0;A01
41323;201400027393;0;7;0;0.0;2.0;1.0;1.0;A01
41324;201400027393;0;7;0;0.0;2.0;8.0;1.0;B01
41325;201400027394;0;1;0;0.0;2.0;1.0;1.0;B01
41326;201400027394;0;7;0;0.0;2.0;2.0;1.0;A01
41327;201400027395;0;30;0;0.0;2.0;7.0;1.0;A01
41328;201400027395;0;7;0;0.0;2.0;7.0;15.0;B01
41329;201400027396;0;33;0;8.0;0.0;1.0;1.0;A01
41330;201400027397;0;7;0;0.0;1.0;2.0;17.0;A01
41331;201400027398;0;7;0;1.0;0.0;1.0;1.0;A01
41332;201400027399;0;7;0;0.0;1.0;2.0;1.0;A01
41333;201400027400;0;7;0;0.0;2.0;7.0;22.0;A01
41334;201400027400;0;1;0;1.0;0.0;1.0;18.0;B01
41335;201400027401;1;7;0;;0.0;2.0;20.0;Z01
41336;201400027401;0;2;0;0.0;2.0;5.0;1.0;B01
41337;201400027402;0;7;0;0.0;2.0;1.0;2.0;A01
41338;201400027402;0;7;0;0.0;2.0;4.0;2.0;B01
41339;201400027403;0;7;0;0.0;2.0;1.0;1.0;C01
41340;201400027403;0;7;0;13.0;2.0;3.0;1.0;B01
41341;201400027403;0;7;0;0.0;2.0;3.0;13.0;A01
41342;201400027404;1;99;0;0.0;2.0;7.0;2.0;Z01
41343;201400027404;0;1;0;0.0;2.0;8.0;2.0;B01
41344;201400027405;0;10;0;0.0;1.0;6.0;4.0;A01
41345;201400027406;0;7;0;0.0;2.0;1.0;1.0;B01
41346;201400027406;0;7;0;0.0;2.0;7.0;19.0;A01
41347;201400027407;0;7;0;0.0;1.0;1.0;1.0;A01
41348;201400027408;0;7;0;0.0;1.0;7.0;1.0;A01
41349;201400027409;0;7;0;0.0;1.0;1.0;1.0;A01
41350;201400027410;0;2;0;13.0;0.0;1.0;15.0;A01
41351;201400027411;0;7;0;0.0;1.0;1.0;1.0;A01
41352;201400027412;1;7;0;0.0;2.0;0.0;20.0;Z01
41353;201400027412;0;2;0;0.0;2.0;2.0;1.0;B01
41354;201400027414;0;30;0;0.0;2.0;1.0;1.0;A01
41355;201400027414;0;37;1;0.0;2.0;3.0;1.0;B01
41356;201400027415;0;34;0;0.0;2.0;1.0;15.0;A01
41357;201400027415;0;7;0;0.0;2.0;3.0;15.0;B01
41358;201400027416;1;10;0;0.0;1.0;0.0;4.0;Z01
41359;201400027417;0;7;0;0.0;2.0;1.0;11.0;A01
41360;201400027417;0;7;0;11.0;2.0;8.0;15.0;B01
41361;201400027418;0;31;0;0.0;2.0;3.0;9.0;A01
41362;201400027418;0;7;0;0.0;2.0;5.0;1.0;B01
41363;201400027419;0;7;0;0.0;1.0;2.0;1.0;A01
41364;201400027420;0;33;0;1.0;2.0;1.0;1.0;A01
41365;201400027420;0;7;0;0.0;2.0;3.0;1.0;B01
41366;201400027421;0;7;0;0.0;2.0;1.0;13.0;A01
41367;201400027421;0;7;0;6.0;1.0;1.0;23.0;B01
41368;201400027422;0;7;0;0.0;2.0;1.0;1.0;B01
41369;201400027422;0;7;0;1.0;2.0;9.0;1.0;A01
41370;201400027423;0;7;0;0.0;4.0;1.0;9.0;A01
41371;201400027423;0;40;0;0.0;0.0;7.0;1.0;B01
41372;201400027424;0;7;0;15.0;2.0;8.0;1.0;B01
41373;201400027424;0;7;0;0.0;2.0;3.0;1.0;A01
41374;201400027425;0;7;0;9.0;0.0;1.0;1.0;A01
41375;201400027426;0;7;0;0.0;2.0;3.0;1.0;B01
41376;201400027426;0;7;0;0.0;2.0;2.0;16.0;A01
41377;201400027427;0;7;0;0.0;2.0;1.0;15.0;A01
41378;201400027427;0;30;0;0.0;0.0;1.0;1.0;B01
41379;201400027428;0;33;0;0.0;0.0;0.0;0.0;A01
41380;201400027429;0;7;0;1.0;0.0;9.0;1.0;A01
41381;201400027430;0;7;0;0.0;2.0;0.0;1.0;A01
41382;201400027430;0;7;0;0.0;2.0;0.0;1.0;B01
41383;201400027431;0;7;0;0.0;2.0;2.0;16.0;B01
41384;201400027431;0;33;0;0.0;2.0;1.0;1.0;A01
41385;201400027433;2;7;0;0.0;2.0;1.0;1.0;C01
41386;201400027433;0;7;0;0.0;2.0;4.0;1.0;B01
41387;201400027433;0;7;0;0.0;2.0;4.0;1.0;A01
41388;201400027434;0;7;0;0.0;2.0;2.0;15.0;A01
41389;201400027434;0;30;0;0.0;2.0;8.0;1.0;B01
41390;201400027435;0;7;0;0.0;1.0;0.0;1.0;A01
41391;201400027436;0;7;0;0.0;2.0;0.0;2.0;E01
41392;201400027436;0;7;0;0.0;2.0;0.0;2.0;D01
41393;201400027436;0;7;0;0.0;2.0;0.0;2.0;B01
41394;201400027436;0;7;0;0.0;2.0;0.0;2.0;C01
41395;201400027436;0;7;0;0.0;2.0;0.0;2.0;A01
41396;201400027437;0;7;0;0.0;1.0;2.0;1.0;A01
41397;201400027439;0;40;22;0.0;1.0;2.0;1.0;A01
41398;201400027440;0;7;0;1.0;0.0;1.0;1.0;A01
41399;201400027442;0;7;0;0.0;2.0;7.0;12.0;A01
41400;201400027442;0;7;0;0.0;2.0;3.0;1.0;B01
41401;201400027443;0;1;0;0.0;2.0;8.0;1.0;B01
41402;201400027443;0;7;0;0.0;2.0;3.0;1.0;A01
41403;201400027444;0;7;0;0.0;1.0;1.0;1.0;A01
41404;201400027445;0;7;0;0.0;2.0;4.0;23.0;C01
41405;201400027445;0;7;0;0.0;2.0;4.0;23.0;B01
41406;201400027445;1;7;0;0.0;2.0;1.0;1.0;A01
41407;201400027447;0;7;0;0.0;1.0;1.0;1.0;A01
41408;201400027448;0;10;0;0.0;1.0;1.0;2.0;A01
41409;201400027449;0;7;0;0.0;2.0;1.0;15.0;A01
41410;201400027449;0;1;0;0.0;2.0;1.0;1.0;B01
41411;201400027450;0;7;0;0.0;1.0;2.0;1.0;A01
41412;201400027451;0;7;0;0.0;2.0;2.0;15.0;A01
41413;201400027451;0;30;0;0.0;2.0;1.0;1.0;B01
41414;201400027452;0;7;0;0.0;2.0;1.0;1.0;A01
41415;201400027452;0;7;0;0.0;2.0;9.0;2.0;B01
41416;201400027452;0;7;0;0.0;2.0;4.0;2.0;C01
41417;201400027453;0;7;0;4.0;0.0;1.0;1.0;A01
41418;201400027455;0;7;0;0.0;1.0;1.0;15.0;A01
41419;201400027456;0;30;0;0.0;0.0;0.0;1.0;A01
41420;201400027457;0;7;0;6.0;0.0;7.0;1.0;A01
41421;201400027457;0;7;0;0.0;2.0;1.0;1.0;B01
41422;201400027459;0;7;0;0.0;2.0;5.0;15.0;A01
41423;201400027459;0;30;0;0.0;2.0;1.0;1.0;B01
41424;201400027461;0;33;0;3.0;2.0;8.0;17.0;A01
41425;201400027461;0;7;0;0.0;2.0;3.0;1.0;B01
41426;201400027462;0;7;0;0.0;1.0;1.0;15.0;A01
41427;201400027463;0;10;0;0.0;1.0;3.0;1.0;A01
41428;201400027464;0;7;0;0.0;2.0;8.0;1.0;B01
41429;201400027464;0;7;0;0.0;2.0;1.0;15.0;A01
41430;201400027465;0;7;0;0.0;2.0;3.0;15.0;A01
41431;201400027465;0;33;0;0.0;2.0;1.0;17.0;B01
41432;201400027466;0;7;0;0.0;1.0;1.0;1.0;A01
41433;201400027467;0;7;0;0.0;1.0;1.0;1.0;A01
41434;201400027468;0;1;0;0.0;2.0;6.0;15.0;B01
41435;201400027468;0;30;0;0.0;2.0;1.0;17.0;A01
41436;201400027469;0;30;0;1.0;0.0;7.0;1.0;A01
41437;201400027470;0;10;0;0.0;2.0;8.0;1.0;B01
41438;201400027470;0;1;0;0.0;2.0;1.0;19.0;A01
41439;201400027471;0;30;0;0.0;0.0;7.0;1.0;A01
41440;201400027472;0;1;0;0.0;2.0;1.0;1.0;B01
41441;201400027472;0;7;0;0.0;2.0;2.0;16.0;A01
41442;201400027473;0;7;0;0.0;2.0;3.0;15.0;A01
41443;201400027473;0;1;0;0.0;2.0;1.0;1.0;B01
41444;201400027474;0;7;0;13.0;0.0;1.0;1.0;A01
41445;201400027475;0;7;0;0.0;1.0;1.0;15.0;A01
41446;201400027476;0;2;0;0.0;0.0;8.0;1.0;A01
41447;201400027477;0;33;0;0.0;2.0;1.0;1.0;B01
41448;201400027477;0;7;0;0.0;2.0;3.0;15.0;A01
41449;201400027478;0;10;0;0.0;2.0;1.0;1.0;B01
41450;201400027478;0;7;0;0.0;2.0;1.0;13.0;A01
41451;201400027479;0;33;0;0.0;0.0;7.0;1.0;A01
41452;201400027480;0;7;0;0.0;2.0;8.0;15.0;A01
41453;201400027480;0;30;0;0.0;2.0;7.0;1.0;B01
41454;201400027481;0;30;0;1.0;1.0;1.0;1.0;A01
41455;201400027482;0;33;0;0.0;0.0;8.0;1.0;A01
41456;201400027483;1;7;0;0.0;1.0;0.0;1.0;A01
41457;201400027484;0;7;0;0.0;2.0;2.0;13.0;A01
41458;201400027484;0;7;0;0.0;2.0;3.0;1.0;B01
41459;201400027485;0;30;0;0.0;2.0;1.0;19.0;A01
41460;201400027485;0;10;0;0.0;2.0;2.0;15.0;B01
41461;201400027486;0;37;1;0.0;1.0;7.0;1.0;A01