;Num_Acc;senc;catv;occutc;obs;obsm;choc;manv;num_veh
41462;201400027487;0;10;0;0.0;2.0;1.0;13.0;A01
41463;201400027487;0;7;0;0.0;2.0;8.0;1.0;B01
41464;201400027488;0;7;0;6.0;2.0;3.0;1.0;B01
41465;201400027488;0;7;0;0.0;2.0;3.0;13.0;A01
41466;201400027489;0;1;0;0.0;2.0;8.0;2.0;B01
41467;201400027489;0;7;0;0.0;9.0;2.0;17.0;A01
41468;201400027490;0;7;0;0.0;2.0;1.0;1.0;B01
41469;201400027490;0;17;0;0.0;2.0;4.0;4.0;A01
41470;201400027491;0;7;0;0.0;1.0;2.0;15.0;A01
41471;201400027492;0;1;0;0.0;1.0;1.0;1.0;A01
41472;201400027493;0;10;0;0.0;1.0;2.0;1.0;A01
41473;201400027497;0;7;0;0.0;1.0;3.0;1.0;A01
41474;201400027498;0;7;0;0.0;2.0;2.0;1.0;B01
41475;201400027498;0;7;0;16.0;2.0;3.0;16.0;A01
41476;201400027499;0;30;0;0.0;0.0;0.0;13.0;A01
41477;201400027500;0;30;0;0.0;0.0;6.0;0.0;A01
41478;201400027501;0;7;0;16.0;0.0;9.0;1.0;A01
41479;201400027502;0;7;0;0.0;1.0;1.0;15.0;A01
41480;201400027503;0;7;0;0.0;2.0;1.0;1.0;B01
41481;201400027503;0;7;0;0.0;2.0;6.0;19.0;A01
41482;201400027504;0;7;0;0.0;2.0;2.0;1.0;B01
41483;201400027504;0;7;0;0.0;2.0;1.0;1.0;A01
41484;201400027505;0;7;0;1.0;0.0;7.0;1.0;A01
41485;201400027506;0;7;0;0.0;1.0;1.0;1.0;A01
41486;201400027507;0;32;0;0.0;2.0;7.0;17.0;A01
41487;201400027507;0;7;0;0.0;2.0;8.0;1.0;B01
41488;201400027508;0;7;0;0.0;2.0;1.0;5.0;A01
41489;201400027508;0;1;0;0.0;2.0;0.0;1.0;B01
41490;201400027509;0;7;0;0.0;2.0;9.0;14.0;A01
41491;201400027509;0;31;0;0.0;2.0;1.0;2.0;B01
41492;201400027510;0;7;0;0.0;2.0;3.0;15.0;A01
41493;201400027510;0;30;0;0.0;2.0;7.0;1.0;B01
41494;201400027511;0;7;0;0.0;9.0;3.0;1.0;B01
41495;201400027511;0;1;0;0.0;2.0;3.0;13.0;A01
41496;201400027512;0;1;0;0.0;0.0;0.0;1.0;A01
41497;201400027513;0;7;0;0.0;2.0;1.0;2.0;A01
41498;201400027513;0;7;0;0.0;2.0;4.0;2.0;C01
41499;201400027513;0;7;0;0.0;0.0;4.0;2.0;B01
41500;201400027515;0;7;0;8.0;2.0;1.0;1.0;A01
41501;201400027516;0;30;0;0.0;0.0;8.0;1.0;A01
41502;201400027517;0;1;0;0.0;2.0;7.0;1.0;B01
41503;201400027517;0;7;0;0.0;2.0;8.0;9.0;A01
41504;201400027518;0;7;0;0.0;2.0;3.0;1.0;B01
41505;201400027518;0;1;0;0.0;2.0;1.0;5.0;A01
41506;201400027519;0;7;0;0.0;9.0;3.0;1.0;B01
41507;201400027519;0;30;0;0.0;2.0;1.0;15.0;A01
41508;201400027520;0;7;0;12.0;0.0;3.0;15.0;A01
41509;201400027520;0;2;0;0.0;2.0;3.0;17.0;B01
41510;201400027521;0;10;0;0.0;2.0;1.0;15.0;A01
41511;201400027521;0;30;0;0.0;2.0;7.0;1.0;B01
41512;201400027522;0;7;0;0.0;2.0;1.0;1.0;B01
41513;201400027522;0;7;0;0.0;2.0;1.0;1.0;A01
41514;201400027523;0;7;0;0.0;0.0;4.0;1.0;B01
41515;201400027523;0;30;0;0.0;2.0;1.0;2.0;A01
41516;201400027524;0;7;0;0.0;2.0;4.0;2.0;B01
41517;201400027524;0;7;0;0.0;2.0;1.0;2.0;A01
41518;201400027525;0;7;0;8.0;0.0;1.0;5.0;A01
41519;201400027526;0;1;0;12.0;0.0;1.0;1.0;A01
41520;201400027527;0;2;0;0.0;1.0;1.0;1.0;A01
41521;201400027528;0;10;0;0.0;1.0;0.0;1.0;A01
41522;201400027529;0;7;0;0.0;2.0;1.0;1.0;B01
41523;201400027529;0;1;0;0.0;2.0;8.0;19.0;A01
41524;201400027530;0;7;0;13.0;0.0;9.0;1.0;A01
41525;201400027531;0;30;0;0.0;2.0;1.0;1.0;B01
41526;201400027531;0;7;0;0.0;2.0;3.0;1.0;A01
41527;201400027532;0;2;0;0.0;2.0;1.0;2.0;A01
41528;201400027532;0;7;0;0.0;2.0;4.0;2.0;B01
41529;201400027533;0;7;0;0.0;0.0;4.0;1.0;B01
41530;201400027533;0;2;0;0.0;2.0;1.0;1.0;A01
41531;201400027535;0;1;0;0.0;2.0;4.0;2.0;B01
41532;201400027535;0;7;0;0.0;9.0;2.0;2.0;A01
41533;201400027536;0;7;0;0.0;2.0;1.0;0.0;A01
41534;201400027536;0;1;0;0.0;0.0;8.0;1.0;B01
41535;201400027537;0;30;0;0.0;0.0;0.0;1.0;A01
41536;201400027538;0;7;0;0.0;1.0;7.0;0.0;A01
41537;201400027539;0;7;0;0.0;9.0;3.0;1.0;A01
41538;201400027539;0;1;0;0.0;2.0;4.0;1.0;B01
41539;201400027540;0;30;0;14.0;0.0;1.0;1.0;A01
41540;201400027541;0;2;0;0.0;2.0;1.0;2.0;A01
41541;201400027541;0;7;0;0.0;2.0;5.0;2.0;B01
41542;201400027542;0;7;0;0.0;2.0;8.0;22.0;A01
41543;201400027542;0;1;0;1.0;0.0;1.0;1.0;B01
41544;201400027543;0;30;0;0.0;0.0;0.0;1.0;A01
41545;201400027544;0;7;0;0.0;1.0;7.0;1.0;A01
41546;201400027546;0;1;0;0.0;2.0;6.0;1.0;B01
41547;201400027546;0;7;0;0.0;2.0;3.0;19.0;A01
41548;201400027548;0;7;0;0.0;2.0;2.0;1.0;A01
41549;201400027548;0;30;0;0.0;2.0;1.0;0.0;B01
41550;201400027549;0;7;0;15.0;2.0;3.0;1.0;A01
41551;201400027549;0;7;0;1.0;2.0;3.0;1.0;B01
41552;201400027550;0;30;0;0.0;2.0;1.0;2.0;A01
41553;201400027550;0;10;0;0.0;9.0;3.0;1.0;B01
41554;201400027552;0;30;0;13.0;0.0;0.0;1.0;A01
41555;201400027553;0;7;0;0.0;2.0;1.0;15.0;B01
41556;201400027553;0;32;0;0.0;2.0;7.0;1.0;A01
41557;201400027554;0;7;0;8.0;0.0;1.0;13.0;A01
41558;201400027555;0;2;0;11.0;0.0;2.0;1.0;A01
41559;201400027556;0;7;0;8.0;9.0;1.0;1.0;A01
41560;201400027557;0;7;0;0.0;2.0;7.0;16.0;B01
41561;201400027557;0;31;0;0.0;2.0;7.0;18.0;A01
41562;201400027558;0;7;0;0.0;1.0;2.0;15.0;A01
41563;201400027559;0;1;0;0.0;2.0;8.0;15.0;B01
41564;201400027559;0;7;0;0.0;9.0;1.0;1.0;A01
41565;201400027560;0;34;0;0.0;2.0;2.0;2.0;B01
41566;201400027560;0;7;0;0.0;2.0;3.0;2.0;A01
41567;201400027561;0;7;0;0.0;1.0;3.0;1.0;A01
41568;201400027562;0;7;0;0.0;2.0;1.0;1.0;A01
41569;201400027562;0;7;0;0.0;2.0;8.0;15.0;B01
41570;201400027564;0;2;0;1.0;0.0;1.0;1.0;A01
41571;201400027565;0;30;0;0.0;2.0;2.0;2.0;B01
41572;201400027565;0;7;0;0.0;0.0;3.0;10.0;A01
41573;201400027567;0;7;0;16.0;0.0;2.0;1.0;A01
41574;201400027568;0;7;0;8.0;0.0;0.0;0.0;A01
41575;201400027569;0;2;0;0.0;1.0;1.0;1.0;A01
41576;201400027570;0;7;0;3.0;0.0;7.0;21.0;A01
41577;201400027571;0;7;0;14.0;0.0;1.0;2.0;A01
41578;201400027572;0;40;2;0.0;1.0;3.0;0.0;A01
41579;201400027573;0;7;0;0.0;1.0;2.0;1.0;A01
41580;201400027574;0;7;0;0.0;2.0;1.0;0.0;A01
41581;201400027574;0;32;0;0.0;2.0;6.0;0.0;B01
41582;201400027575;0;7;0;0.0;2.0;3.0;1.0;B01
41583;201400027575;0;33;0;0.0;2.0;1.0;1.0;C01
41584;201400027575;0;7;0;0.0;2.0;1.0;15.0;A01
41585;201400027576;0;1;0;0.0;2.0;1.0;1.0;B01
41586;201400027576;0;10;0;0.0;9.0;2.0;16.0;A01
41587;201400027577;0;7;0;0.0;1.0;1.0;0.0;A01
41588;201400027578;0;33;0;0.0;2.0;5.0;1.0;B01
41589;201400027578;0;10;0;0.0;2.0;2.0;1.0;A01
41590;201400027579;0;1;0;0.0;2.0;8.0;1.0;B01
41591;201400027579;0;7;0;0.0;2.0;7.0;17.0;A01
41592;201400027580;0;7;0;15.0;0.0;2.0;0.0;A01
41593;201400027581;0;7;0;0.0;2.0;7.0;1.0;A01
41594;201400027581;1;17;0;0.0;2.0;0.0;3.0;B01
41595;201400027582;0;30;0;0.0;2.0;4.0;0.0;A01
41596;201400027583;0;7;0;0.0;1.0;1.0;1.0;A01
41597;201400027584;0;7;0;0.0;1.0;1.0;0.0;A01
41598;201400027585;0;7;0;0.0;2.0;1.0;7.0;A01
41599;201400027585;0;7;0;0.0;2.0;4.0;16.0;B01
41600;201400027586;0;7;0;0.0;1.0;0.0;1.0;A01
41601;201400027587;0;1;0;0.0;2.0;0.0;0.0;B01
41602;201400027587;1;99;0;0.0;0.0;0.0;0.0;A01
41603;201400027588;0;7;0;0.0;2.0;1.0;15.0;A01
41604;201400027588;0;7;0;0.0;2.0;1.0;1.0;B01
41605;201400027589;0;7;0;0.0;1.0;1.0;1.0;A01
41606;201400027590;0;2;0;0.0;0.0;4.0;23.0;B01
41607;201400027590;1;7;0;0.0;2.0;1.0;1.0;A01
41608;201400027591;0;7;0;0.0;1.0;1.0;1.0;A01
41609;201400027592;0;7;0;0.0;0.0;6.0;2.0;B01
41610;201400027592;0;7;0;0.0;0.0;0.0;1.0;A01
41611;201400027593;0;10;0;0.0;4.0;2.0;16.0;A01
41612;201400027593;0;40;1;0.0;2.0;1.0;0.0;B01
41613;201400027594;0;37;1;0.0;2.0;3.0;23.0;B01
41614;201400027594;0;30;0;14.0;0.0;1.0;2.0;A01
41615;201400027595;0;7;0;0.0;9.0;1.0;11.0;A01
41616;201400027595;0;1;0;0.0;0.0;0.0;0.0;B01
41617;201400027596;0;13;0;3.0;2.0;3.0;1.0;B01
41618;201400027596;0;7;0;3.0;2.0;3.0;13.0;A01
41619;201400027597;0;30;0;0.0;2.0;2.0;0.0;B01
41620;201400027597;1;99;0;0.0;0.0;0.0;0.0;Z01
41621;201400027598;0;7;0;4.0;0.0;7.0;9.0;A01
41622;201400027600;0;1;0;0.0;0.0;1.0;1.0;A01
41623;201400027601;1;99;0;0.0;1.0;2.0;0.0;A01
41624;201400027602;0;1;0;0.0;0.0;0.0;0.0;A01
41625;201400027604;0;7;0;0.0;2.0;2.0;15.0;A01
41626;201400027604;0;33;0;0.0;2.0;1.0;1.0;B01
41627;201400027605;0;14;0;0.0;2.0;3.0;1.0;A01
41628;201400027605;0;7;0;0.0;2.0;9.0;1.0;B01
41629;201400027605;0;7;0;0.0;2.0;1.0;0.0;C01
41630;201400027606;0;7;0;0.0;1.0;3.0;1.0;A01
41631;201400027607;0;7;0;0.0;1.0;1.0;1.0;A01
41632;201400027609;0;7;0;3.0;0.0;1.0;1.0;A01
41633;201400027610;0;2;0;0.0;2.0;9.0;1.0;B01
41634;201400027610;1;7;0;;0.0;2.0;10.0;Z01
41635;201400027611;0;33;0;0.0;2.0;3.0;7.0;A01
41636;201400027611;0;7;0;0.0;2.0;2.0;16.0;B01
41637;201400027613;0;33;0;0.0;2.0;8.0;1.0;A01
41638;201400027613;0;7;0;0.0;9.0;8.0;17.0;B01
41639;201400027615;0;10;0;0.0;0.0;5.0;2.0;C01
41640;201400027615;0;10;0;0.0;2.0;1.0;1.0;A01
41641;201400027615;0;7;0;0.0;2.0;1.0;1.0;B01
41642;201400027616;1;7;0;0.0;1.0;2.0;0.0;Z01
41643;201400027617;0;7;0;0.0;1.0;2.0;1.0;A01
41644;201400027618;0;7;0;0.0;2.0;0.0;0.0;B01
41645;201400027618;0;7;0;0.0;2.0;0.0;1.0;A01
41646;201400027619;0;7;0;0.0;1.0;0.0;0.0;A01
41647;201400027620;0;7;0;0.0;2.0;3.0;15.0;A01
41648;201400027620;0;32;0;0.0;2.0;1.0;1.0;B01
41649;201400027624;0;7;0;0.0;0.0;0.0;0.0;C01
41650;201400027624;0;7;0;0.0;0.0;0.0;0.0;A01
41651;201400027624;0;7;0;0.0;0.0;0.0;0.0;B01
41652;201400027625;0;7;0;0.0;1.0;2.0;1.0;A01
41653;201400027626;2;7;0;8.0;0.0;1.0;1.0;A01
41654;201400027627;0;31;0;0.0;0.0;7.0;1.0;A01
41655;201400027628;1;7;0;0.0;1.0;1.0;15.0;Z01
41656;201400027629;0;7;0;0.0;2.0;1.0;0.0;A01
41657;201400027629;0;1;0;0.0;2.0;1.0;0.0;B01
41658;201400027630;1;7;0;0.0;1.0;0.0;0.0;A01
41659;201400027631;0;7;0;1.0;4.0;8.0;0.0;A01
41660;201400027631;0;40;1;0.0;2.0;2.0;1.0;B01
41661;201400027631;0;7;0;1.0;2.0;4.0;24.0;C01
41662;201400027632;0;32;0;0.0;1.0;3.0;17.0;A01
41663;201400027633;0;7;0;0.0;2.0;8.0;15.0;B01
41664;201400027633;0;7;0;0.0;2.0;2.0;1.0;A01
41665;201400027634;0;7;0;0.0;2.0;2.0;0.0;A01
41666;201400027635;0;1;0;1.0;0.0;0.0;19.0;A01
41667;201400027635;1;7;0;0.0;0.0;9.0;0.0;Z01
41668;201400027636;0;7;0;0.0;1.0;3.0;0.0;A01
41669;201400027637;0;33;0;0.0;2.0;1.0;7.0;A01
41670;201400027637;0;7;0;0.0;2.0;5.0;4.0;B01
41671;201400027638;0;1;0;0.0;2.0;0.0;0.0;B01
41672;201400027638;0;7;0;0.0;9.0;3.0;0.0;A01
41673;201400027639;0;7;0;0.0;1.0;2.0;9.0;A01
41674;201400027640;0;7;0;0.0;1.0;2.0;21.0;A01
41675;201400027641;0;7;0;0.0;1.0;3.0;1.0;A01
41676;201400027642;1;7;0;0.0;1.0;1.0;7.0;A01
41677;201400027643;0;30;0;12.0;0.0;5.0;21.0;A01
41678;201400027644;0;7;0;0.0;2.0;7.0;16.0;B01
41679;201400027644;0;31;0;0.0;2.0;3.0;1.0;A01
41680;201400027645;0;7;0;0.0;1.0;1.0;1.0;A01
41681;201400027646;0;99;0;0.0;1.0;0.0;0.0;A01
41682;201400027647;0;7;0;0.0;2.0;3.0;1.0;A01
41683;201400027647;0;1;0;0.0;2.0;1.0;1.0;B01
41684;201400027648;0;7;0;2.0;0.0;3.0;14.0;A01
41685;201400027649;0;7;0;0.0;2.0;7.0;15.0;A01
41686;201400027649;0;7;0;0.0;2.0;1.0;1.0;B01
41687;201400027650;0;7;0;0.0;9.0;3.0;23.0;C01
41688;201400027650;0;7;0;0.0;2.0;1.0;15.0;A01
41689;201400027650;0;33;0;0.0;2.0;1.0;1.0;B01
41690;201400027651;0;33;0;8.0;0.0;1.0;0.0;A01
41691;201400027652;0;7;0;0.0;0.0;0.0;0.0;A01
41692;201400027652;0;30;0;0.0;0.0;0.0;0.0;B01
41693;201400027653;0;7;0;0.0;0.0;0.0;0.0;A01
41694;201400027653;0;7;0;0.0;0.0;0.0;0.0;B01
41695;201400027654;0;7;0;0.0;1.0;0.0;1.0;A01
41696;201400027655;0;7;0;8.0;2.0;2.0;0.0;A01
41697;201400027655;0;7;0;0.0;2.0;1.0;0.0;B01
41698;201400027656;0;34;0;0.0;0.0;0.0;0.0;B01
41699;201400027656;0;7;0;0.0;0.0;0.0;0.0;A01
41700;201400027657;0;33;0;0.0;0.0;0.0;0.0;A01
41701;201400027657;0;7;0;0.0;0.0;0.0;0.0;B01
41702;201400027658;0;7;0;0.0;1.0;0.0;0.0;A01
41703;201400027659;0;7;0;0.0;0.0;0.0;0.0;A01
41704;201400027660;0;7;0;0.0;0.0;0.0;0.0;A01
41705;201400027660;0;7;0;0.0;0.0;0.0;0.0;B01
41706;201400027661;0;2;0;0.0;9.0;1.0;0.0;A01
41707;201400027662;0;2;0;14.0;0.0;1.0;1.0;A01
41708;201400027662;0;7;0;0.0;0.0;7.0;22.0;B01
41709;201400027663;0;2;0;0.0;2.0;8.0;0.0;B01
41710;201400027663;1;7;0;0.0;2.0;0.0;0.0;A01
41711;201400027664;0;7;0;0.0;0.0;0.0;0.0;A01
41712;201400027664;0;7;0;0.0;0.0;0.0;0.0;B01
41713;201400027665;0;7;0;0.0;0.0;4.0;23.0;C01
41714;201400027665;0;7;0;0.0;2.0;4.0;23.0;B01
41715;201400027665;0;7;0;0.0;2.0;1.0;2.0;A01
41716;201400027666;0;7;0;0.0;0.0;0.0;0.0;B01
41717;201400027666;0;7;0;0.0;0.0;0.0;0.0;A01
41718;201400027667;1;7;0;0.0;1.0;3.0;0.0;A01
41719;201400027668;0;7;0;0.0;0.0;0.0;0.0;C01
41720;201400027668;0;7;0;0.0;0.0;0.0;0.0;B01
41721;201400027668;0;7;0;0.0;0.0;0.0;0.0;A01
41722;201400027668;0;7;0;0.0;0.0;0.0;0.0;D01
41723;201400027669;0;30;0;0.0;2.0;1.0;13.0;A01
41724;201400027669;0;7;0;0.0;2.0;1.0;1.0;B01
41725;201400027670;0;7;0;0.0;0.0;0.0;0.0;B01
41726;201400027670;0;7;0;0.0;0.0;0.0;0.0;A01
41727;201400027671;0;7;0;0.0;2.0;1.0;2.0;A01
41728;201400027671;0;7;0;0.0;2.0;4.0;2.0;B01
41729;201400027672;1;99;0;0.0;1.0;1.0;1.0;Z01
41730;201400027673;0;33;0;0.0;2.0;4.0;1.0;B01
41731;201400027673;0;7;0;0.0;0.0;4.0;1.0;C01
41732;201400027673;0;7;0;0.0;2.0;1.0;1.0;A01
41733;201400027675;0;32;0;0.0;2.0;1.0;1.0;B01
41734;201400027675;1;7;0;0.0;2.0;0.0;0.0;A01
41735;201400027676;0;7;0;0.0;2.0;1.0;1.0;A01
41736;201400027676;0;7;0;0.0;2.0;0.0;1.0;B01
41737;201400027677;0;7;0;0.0;2.0;2.0;10.0;B01
41738;201400027677;0;33;0;0.0;2.0;1.0;1.0;A01
41739;201400027678;0;7;0;0.0;2.0;2.0;1.0;B01
41740;201400027678;0;7;0;0.0;2.0;8.0;15.0;A01
41741;201400027679;1;7;0;15.0;1.0;1.0;0.0;Z01
41742;201400027680;0;7;0;0.0;2.0;3.0;20.0;B01
41743;201400027680;0;31;0;0.0;2.0;1.0;2.0;A01
41744;201400027681;0;7;0;0.0;2.0;8.0;0.0;B01
41745;201400027681;0;34;0;0.0;0.0;7.0;0.0;A01
41746;201400027682;0;2;0;0.0;2.0;1.0;17.0;A01
41747;201400027682;0;7;0;0.0;2.0;8.0;16.0;B01
41748;201400027683;0;2;0;0.0;2.0;1.0;0.0;A01
41749;201400027683;0;7;0;0.0;2.0;1.0;1.0;B01
41750;201400027684;0;99;0;0.0;0.0;2.0;0.0;C01
41751;201400027684;0;99;0;0.0;2.0;1.0;2.0;A01
41752;201400027684;0;7;0;0.0;2.0;1.0;2.0;B01
41753;201400027685;0;17;0;0.0;2.0;2.0;1.0;A01
41754;201400027685;0;2;0;0.0;2.0;8.0;1.0;B01
41755;201400027686;0;7;0;0.0;0.0;0.0;0.0;B01
41756;201400027686;0;7;0;0.0;0.0;0.0;0.0;A01
41757;201400027687;1;99;0;0.0;2.0;0.0;0.0;A01
41758;201400027687;0;1;0;0.0;2.0;0.0;1.0;B01
41759;201400027688;0;7;0;0.0;2.0;1.0;1.0;C01
41760;201400027688;1;10;0;0.0;2.0;4.0;16.0;Z01
41761;201400027688;0;7;0;0.0;2.0;4.0;1.0;A01
41762;201400027688;0;7;0;0.0;2.0;4.0;0.0;B01
41763;201400027690;0;7;0;0.0;2.0;1.0;15.0;A01
41764;201400027690;0;33;0;0.0;2.0;1.0;1.0;B01
41765;201400027691;0;7;0;0.0;2.0;3.0;1.0;A01
41766;201400027691;0;33;0;0.0;2.0;1.0;1.0;B01
41767;201400027692;1;2;0;0.0;1.0;0.0;0.0;A01
41768;201400027693;0;33;0;0.0;2.0;7.0;17.0;A01
41769;201400027693;0;10;0;0.0;2.0;3.0;13.0;B01
41770;201400027694;0;7;0;0.0;2.0;4.0;1.0;B01
41771;201400027694;0;7;0;0.0;0.0;1.0;1.0;A01
41772;201400027695;0;1;0;0.0;2.0;1.0;7.0;B01
41773;201400027695;0;7;0;0.0;2.0;5.0;1.0;A01
41774;201400027696;0;7;0;0.0;1.0;0.0;0.0;A01
41775;201400027698;0;7;0;0.0;0.0;0.0;0.0;A01
41776;201400027699;0;7;0;0.0;0.0;1.0;0.0;A01
41777;201400027700;0;33;0;0.0;1.0;0.0;0.0;A01
41778;201400027701;0;30;0;0.0;1.0;0.0;0.0;A01
41779;201400027702;0;7;0;0.0;0.0;1.0;0.0;C01
41780;201400027702;0;7;0;0.0;0.0;1.0;0.0;A01
41781;201400027702;0;37;5;0.0;0.0;1.0;0.0;B01
41782;201400027704;0;7;0;0.0;2.0;3.0;1.0;B01
41783;201400027704;0;7;0;0.0;2.0;3.0;13.0;A01
41784;201400027705;0;33;0;0.0;0.0;5.0;2.0;B01
41785;201400027705;0;2;0;0.0;2.0;1.0;0.0;A01
41786;201400027706;0;13;0;0.0;9.0;7.0;1.0;A01
41787;201400027706;0;13;0;0.0;0.0;0.0;0.0;B01
41788;201400027707;1;7;0;0.0;2.0;8.0;18.0;Z01
41789;201400027707;0;30;0;0.0;2.0;7.0;1.0;A01
41790;201400027709;0;7;0;0.0;2.0;1.0;1.0;B01
41791;201400027709;0;7;0;0.0;2.0;4.0;4.0;Z01
41792;201400027710;1;7;0;0.0;2.0;0.0;0.0;A01
41793;201400027710;0;7;0;0.0;0.0;6.0;0.0;B01
41794;201400027712;0;7;0;0.0;2.0;3.0;15.0;A01
41795;201400027712;0;33;0;0.0;2.0;1.0;1.0;B01
41796;201400027713;0;7;0;0.0;2.0;3.0;0.0;A01
41797;201400027713;0;1;0;0.0;2.0;1.0;0.0;B01
41798;201400027714;0;7;0;0.0;2.0;1.0;15.0;A01
41799;201400027714;0;31;0;0.0;2.0;1.0;1.0;B01
41800;201400027715;0;10;0;2.0;0.0;0.0;0.0;A01
41801;201400027716;0;7;0;0.0;2.0;0.0;0.0;B01
41802;201400027716;0;7;0;0.0;2.0;3.0;15.0;A01
41803;201400027717;0;7;0;0.0;0.0;0.0;0.0;A01
41804;201400027718;1;36;0;0.0;1.0;1.0;1.0;Z01
41805;201400027719;0;7;0;0.0;2.0;1.0;1.0;A01
41806;201400027719;0;1;0;0.0;2.0;4.0;1.0;B01
41807;201400027720;0;1;0;0.0;2.0;0.0;2.0;B01
41808;201400027720;0;7;0;14.0;0.0;1.0;1.0;A01
41809;201400027721;0;7;0;0.0;0.0;1.0;0.0;A01
41810;201400027722;0;7;0;0.0;1.0;2.0;11.0;A01
41811;201400027723;0;7;0;3.0;2.0;3.0;1.0;A01
41812;201400027723;0;10;0;0.0;2.0;1.0;1.0;B01
41813;201400027724;0;7;0;0.0;1.0;1.0;1.0;A01
41814;201400027725;0;7;0;0.0;1.0;1.0;0.0;A01
41815;201400027726;0;1;0;0.0;2.0;4.0;16.0;B01
41816;201400027726;1;7;0;0.0;9.0;0.0;0.0;Z01
41817;201400027727;0;7;0;0.0;1.0;1.0;0.0;A01
41818;201400027728;0;1;0;0.0;0.0;0.0;0.0;A01
41819;201400027729;0;33;0;0.0;2.0;7.0;17.0;B01
41820;201400027729;0;7;0;0.0;2.0;6.0;1.0;C01
41821;201400027729;0;7;0;0.0;2.0;3.0;11.0;A01
41822;201400027730;0;1;0;0.0;6.0;0.0;1.0;A01
41823;201400027731;0;7;0;0.0;1.0;1.0;1.0;A01
41824;201400027732;0;7;0;0.0;2.0;8.0;19.0;B01
41825;201400027732;0;30;0;0.0;2.0;2.0;1.0;A01
41826;201400027733;0;7;0;0.0;1.0;2.0;2.0;A01
41827;201400027734;0;7;0;0.0;2.0;3.0;1.0;B01
41828;201400027734;0;7;0;3.0;2.0;2.0;12.0;A01
41829;201400027735;0;10;0;0.0;2.0;1.0;1.0;B01
41830;201400027735;0;33;0;0.0;2.0;3.0;9.0;A01
41831;201400027737;0;7;0;0.0;2.0;3.0;1.0;A01
41832;201400027737;0;7;0;14.0;2.0;3.0;6.0;B01
41833;201400027738;0;7;0;0.0;2.0;3.0;0.0;A01
41834;201400027738;0;34;0;0.0;2.0;0.0;0.0;B01
41835;201400027739;0;30;0;0.0;2.0;1.0;0.0;A01
41836;201400027739;0;37;1;0.0;2.0;8.0;0.0;B01
41837;201400027740;0;33;0;0.0;2.0;1.0;0.0;B01
41838;201400027740;0;7;0;0.0;2.0;6.0;10.0;A01
41839;201400027741;0;33;0;0.0;2.0;7.0;1.0;A01
41840;201400027741;0;7;0;0.0;2.0;8.0;1.0;B01
41841;201400027742;0;1;0;0.0;2.0;1.0;0.0;B01
41842;201400027742;0;1;0;0.0;2.0;1.0;0.0;A01
41843;201400027743;2;7;0;0.0;2.0;1.0;2.0;A01
41844;201400027743;0;7;0;0.0;2.0;4.0;2.0;B01
41845;201400027744;0;33;0;0.0;2.0;1.0;15.0;B01
41846;201400027744;1;7;0;0.0;2.0;1.0;6.0;Z01
41847;201400027745;1;7;0;0.0;9.0;0.0;16.0;Z01
41848;201400027745;0;1;0;0.0;2.0;8.0;1.0;A01
41849;201400027746;0;7;0;0.0;2.0;1.0;16.0;B01
41850;201400027746;2;7;0;0.0;2.0;1.0;5.0;A01
41851;201400027748;0;7;0;0.0;1.0;2.0;1.0;A01
41852;201400027749;1;13;0;0.0;2.0;6.0;1.0;A01
41853;201400027749;0;14;0;0.0;2.0;6.0;1.0;B01
41854;201400027750;0;7;0;0.0;2.0;4.0;2.0;B01
41855;201400027750;1;10;0;0.0;2.0;1.0;2.0;Z01
41856;201400027751;0;7;0;0.0;2.0;1.0;0.0;C01
41857;201400027751;0;14;0;0.0;2.0;3.0;0.0;A01
41858;201400027751;0;7;0;0.0;2.0;4.0;0.0;B01
41859;201400027752;0;7;0;8.0;0.0;1.0;1.0;A01
41860;201400027753;0;7;0;1.0;2.0;2.0;1.0;A01
41861;201400027754;0;10;0;0.0;1.0;1.0;1.0;A01
41862;201400027755;1;99;0;0.0;2.0;1.0;0.0;A01
41863;201400027755;0;1;0;0.0;2.0;1.0;1.0;B01
41864;201400027756;0;30;0;0.0;0.0;0.0;0.0;A01
41865;201400027757;0;7;0;0.0;1.0;1.0;1.0;A01
41866;201400027758;0;30;0;0.0;0.0;0.0;0.0;A01
41867;201400027759;1;7;0;0.0;2.0;6.0;0.0;A01
41868;201400027759;0;31;0;0.0;2.0;1.0;1.0;B01
41869;201400027760;1;7;0;0.0;2.0;0.0;2.0;A01
41870;201400027760;0;30;0;0.0;2.0;0.0;2.0;B01
41871;201400027761;2;7;0;0.0;0.0;0.0;0.0;Z01
41872;201400027761;0;32;0;0.0;0.0;0.0;0.0;A01
41873;201400027762;0;7;0;0.0;2.0;1.0;1.0;B01
41874;201400027762;0;7;0;0.0;2.0;1.0;13.0;A01
41875;201400027763;0;7;0;0.0;1.0;1.0;0.0;A01
41876;201400027764;0;7;0;0.0;1.0;1.0;1.0;A01
41877;201400027765;0;33;0;8.0;0.0;1.0;1.0;A01
41878;201400027766;0;7;0;0.0;2.0;2.0;7.0;A01
41879;201400027766;0;7;0;0.0;2.0;3.0;15.0;B01
41880;201400027767;0;7;0;0.0;0.0;3.0;0.0;B01
41881;201400027767;0;7;0;0.0;1.0;3.0;0.0;A01
41882;201400027768;0;7;0;0.0;1.0;1.0;15.0;A01
41883;201400027769;0;2;0;1.0;0.0;1.0;0.0;A01