;Num_Acc;senc;catv;occutc;obs;obsm;choc;manv;num_veh
41884;201400027770;0;2;0;0.0;0.0;0.0;0.0;B01
41885;201400027771;0;7;0;0.0;2.0;7.0;10.0;A01
41886;201400027771;0;33;0;0.0;2.0;1.0;1.0;B01
41887;201400027773;0;30;0;0.0;0.0;4.0;2.0;B01
41888;201400027773;1;7;0;0.0;2.0;5.0;2.0;A01
41889;201400027774;1;99;0;0.0;1.0;0.0;2.0;Z01
41890;201400027775;0;33;0;0.0;2.0;1.0;17.0;A01
41891;201400027775;0;10;0;0.0;2.0;3.0;15.0;B01
41892;201400027777;0;7;0;0.0;1.0;2.0;1.0;A01
41893;201400027778;1;30;0;0.0;1.0;0.0;0.0;Z01
41894;201400027779;0;10;0;0.0;1.0;3.0;1.0;A01
41895;201400027780;0;7;0;0.0;2.0;1.0;2.0;A01
41896;201400027780;2;7;0;0.0;0.0;4.0;0.0;B01
41897;201400027781;0;1;0;0.0;2.0;0.0;1.0;B01
41898;201400027781;0;13;0;0.0;9.0;0.0;16.0;A01
41899;201400027783;0;30;0;0.0;2.0;1.0;1.0;A01
41900;201400027783;0;7;0;0.0;2.0;7.0;16.0;B01
41901;201400027785;0;7;0;0.0;0.0;9.0;1.0;A01
41902;201400027786;0;7;0;0.0;2.0;6.0;15.0;B01
41903;201400027786;0;2;0;0.0;2.0;2.0;17.0;A01
41904;201400027787;0;1;0;0.0;2.0;8.0;0.0;B01
41905;201400027787;1;99;0;0.0;2.0;8.0;0.0;Z01
41906;201400027788;0;33;0;0.0;2.0;1.0;2.0;B01
41907;201400027788;0;7;0;0.0;2.0;3.0;11.0;A01
41908;201400027790;0;33;0;0.0;2.0;4.0;23.0;B01
41909;201400027790;2;7;0;0.0;2.0;1.0;2.0;Z01
41910;201400027791;0;7;0;8.0;0.0;1.0;0.0;A01
41911;201400027793;0;7;0;0.0;2.0;4.0;1.0;B01
41912;201400027793;0;2;0;0.0;2.0;1.0;1.0;A01
41913;201400027794;0;31;0;1.0;2.0;2.0;0.0;B01
41914;201400027794;0;7;0;0.0;2.0;3.0;0.0;A01
41915;201400027796;0;7;0;0.0;2.0;1.0;23.0;A01
41916;201400027796;0;7;0;0.0;2.0;4.0;4.0;B01
41917;201400027797;0;33;0;0.0;2.0;2.0;1.0;B01
41918;201400027797;0;7;0;0.0;0.0;2.0;9.0;A01
41919;201400027798;1;7;0;0.0;1.0;0.0;0.0;Z01
41920;201400027800;0;7;0;1.0;0.0;9.0;0.0;A01
41921;201400027801;0;7;0;0.0;1.0;1.0;1.0;A01
41922;201400027802;0;7;0;0.0;1.0;2.0;1.0;A01
41923;201400027803;0;7;0;0.0;1.0;2.0;1.0;A01
41924;201400027804;0;1;0;0.0;2.0;4.0;2.0;B01
41925;201400027804;1;7;0;0.0;2.0;0.0;0.0;Z01
41926;201400027805;1;7;0;0.0;1.0;0.0;0.0;A01
41927;201400027806;0;7;0;0.0;2.0;4.0;1.0;B01
41928;201400027806;0;7;0;0.0;2.0;1.0;1.0;A01
41929;201400027807;0;7;0;0.0;2.0;1.0;1.0;A01
41930;201400027807;0;7;0;0.0;0.0;4.0;1.0;B01
41931;201400027808;0;7;0;0.0;2.0;7.0;1.0;A01
41932;201400027808;0;30;0;0.0;2.0;1.0;1.0;B01
41933;201400027809;0;33;0;0.0;1.0;1.0;1.0;A01
41934;201400027810;0;7;0;0.0;0.0;4.0;2.0;B01
41935;201400027810;0;7;0;0.0;2.0;1.0;2.0;A01
41936;201400027811;0;1;0;0.0;0.0;0.0;0.0;B01
41937;201400027811;1;7;0;0.0;0.0;8.0;0.0;A01
41938;201400027812;0;7;0;0.0;2.0;3.0;1.0;B01
41939;201400027812;0;7;0;0.0;2.0;3.0;1.0;A01
41940;201400027813;0;99;0;0.0;0.0;0.0;0.0;A01
41941;201400027813;0;10;0;0.0;0.0;3.0;0.0;B01
41942;201400027814;1;7;0;0.0;0.0;0.0;14.0;Z01
41943;201400027814;0;30;0;0.0;0.0;0.0;1.0;B01
41944;201400027815;0;7;0;4.0;2.0;0.0;2.0;C01
41945;201400027815;1;15;0;0.0;2.0;2.0;1.0;A01
41946;201400027815;0;7;0;0.0;2.0;8.0;1.0;B01
41947;201400027816;0;34;0;0.0;2.0;1.0;1.0;B01
41948;201400027816;0;7;0;0.0;0.0;2.0;19.0;A01
41949;201400027818;0;33;0;0.0;2.0;1.0;1.0;B01
41950;201400027818;1;99;0;0.0;2.0;0.0;0.0;Z01
41951;201400027819;0;7;0;0.0;1.0;1.0;1.0;A01
41952;201400027820;0;1;0;0.0;0.0;0.0;0.0;A01
41953;201400027821;0;7;0;0.0;1.0;3.0;1.0;A01
41954;201400027822;0;7;0;0.0;1.0;8.0;0.0;A01
41955;201400027824;0;10;0;0.0;1.0;0.0;1.0;A01
41956;201400027825;0;33;0;0.0;2.0;0.0;3.0;B01
41957;201400027825;0;7;0;0.0;2.0;6.0;12.0;A01
41958;201400027826;1;7;0;0.0;2.0;0.0;0.0;Z01
41959;201400027826;0;33;0;0.0;2.0;1.0;0.0;B01
41960;201400027827;1;7;0;0.0;2.0;1.0;2.0;Z01
41961;201400027827;0;7;0;0.0;0.0;4.0;2.0;B01
41962;201400027828;0;7;0;0.0;2.0;3.0;0.0;A01
41963;201400027828;0;34;0;0.0;2.0;1.0;0.0;B01
41964;201400027829;0;7;0;0.0;2.0;3.0;15.0;B01
41965;201400027829;0;33;0;0.0;2.0;1.0;1.0;A01
41966;201400027830;0;30;0;0.0;1.0;1.0;1.0;A01
41967;201400027831;0;37;2;0.0;2.0;2.0;1.0;B01
41968;201400027831;0;33;0;0.0;2.0;8.0;15.0;A01
41969;201400027832;0;10;0;0.0;2.0;3.0;2.0;B01
41970;201400027832;0;33;0;0.0;2.0;1.0;2.0;A01
41971;201400027833;0;7;0;0.0;1.0;1.0;1.0;A01
41972;201400027834;0;33;0;0.0;2.0;6.0;1.0;A01
41973;201400027834;0;7;0;0.0;2.0;2.0;1.0;B01
41974;201400027835;0;32;0;0.0;2.0;4.0;1.0;A01
41975;201400027835;1;7;0;0.0;2.0;1.0;1.0;Z01
41976;201400027836;0;7;0;9.0;0.0;3.0;13.0;A01
41977;201400027837;1;7;0;0.0;0.0;3.0;9.0;Z01
41978;201400027837;0;7;0;0.0;2.0;7.0;1.0;B01
41979;201400027838;0;33;0;0.0;2.0;2.0;17.0;A01
41980;201400027838;0;7;0;0.0;2.0;3.0;23.0;B01
41981;201400027839;1;7;0;0.0;1.0;0.0;2.0;A01
41982;201400027840;0;7;0;5.0;0.0;0.0;1.0;A01
41983;201400027841;2;34;0;0.0;0.0;7.0;0.0;A01
41984;201400027842;1;7;0;0.0;1.0;0.0;0.0;Z01
41985;201400027843;0;7;0;15.0;0.0;1.0;0.0;A01
41986;201400027844;0;33;0;0.0;2.0;1.0;1.0;B01
41987;201400027844;0;7;0;0.0;2.0;7.0;15.0;A01
41988;201400027845;0;31;0;0.0;0.0;0.0;0.0;B01
41989;201400027845;0;7;0;0.0;0.0;0.0;0.0;A01
41990;201400027846;0;7;0;0.0;1.0;1.0;1.0;A01
41991;201400027847;0;7;0;8.0;0.0;2.0;1.0;Z01
41992;201400027848;0;3;0;0.0;2.0;3.0;0.0;B01
41993;201400027848;0;10;0;0.0;2.0;1.0;10.0;A01
41994;201400027849;0;40;10;0.0;1.0;4.0;1.0;A01
41995;201400027850;0;7;0;1.0;0.0;1.0;14.0;A01
41996;201400027853;1;7;0;0.0;0.0;0.0;0.0;Z01
41997;201400027853;0;1;0;0.0;0.0;0.0;0.0;B01
41998;201400027854;1;99;0;0.0;1.0;0.0;0.0;Z01
41999;201400027855;0;7;0;0.0;2.0;1.0;17.0;A01
42000;201400027855;0;7;0;0.0;2.0;6.0;1.0;C01
42001;201400027855;0;7;0;0.0;2.0;1.0;1.0;B01
42002;201400027856;1;99;0;0.0;0.0;0.0;0.0;A01
42003;201400027856;0;33;0;0.0;2.0;1.0;1.0;B01
42004;201400027857;0;7;0;0.0;0.0;1.0;0.0;A01
42005;201400027858;0;7;0;0.0;2.0;1.0;1.0;B01
42006;201400027858;0;7;0;0.0;2.0;1.0;13.0;A01
42007;201400027859;0;7;0;0.0;2.0;1.0;13.0;A01
42008;201400027859;0;7;0;0.0;2.0;3.0;1.0;B01
42009;201400027860;0;7;0;0.0;0.0;6.0;1.0;B01
42010;201400027860;0;7;0;0.0;2.0;3.0;9.0;A01
42011;201400027862;0;1;0;0.0;2.0;1.0;1.0;B01
42012;201400027862;0;7;0;0.0;2.0;0.0;15.0;A01
42013;201400027863;0;34;0;0.0;0.0;4.0;18.0;A01
42014;201400027865;0;7;0;0.0;1.0;5.0;0.0;A01
42015;201400027866;2;7;0;0.0;2.0;1.0;1.0;A01
42016;201400027866;0;7;0;0.0;0.0;4.0;2.0;B01
42017;201400027867;0;7;0;0.0;2.0;1.0;9.0;A01
42018;201400027867;0;31;0;0.0;2.0;7.0;15.0;B01
42019;201400027868;0;7;0;0.0;9.0;3.0;15.0;A01
42020;201400027868;0;1;0;0.0;2.0;1.0;1.0;B01
42021;201400027869;0;10;0;0.0;2.0;0.0;1.0;A01
42022;201400027869;0;1;0;0.0;2.0;0.0;1.0;B01
42023;201400027870;0;7;0;7.0;2.0;2.0;13.0;A01
42024;201400027870;0;7;0;0.0;2.0;2.0;1.0;B01
42025;201400027871;0;7;0;0.0;1.0;3.0;1.0;A01
42026;201400027872;0;7;0;0.0;1.0;2.0;1.0;A01
42027;201400027873;1;7;0;0.0;1.0;1.0;0.0;A01
42028;201400027874;0;2;0;0.0;1.0;0.0;0.0;A01
42029;201400027875;0;7;0;0.0;2.0;7.0;15.0;A01
42030;201400027875;0;33;0;0.0;2.0;1.0;1.0;B01
42031;201400027876;0;1;0;0.0;1.0;0.0;0.0;A01
42032;201400027877;0;7;0;0.0;9.0;6.0;0.0;B01
42033;201400027877;0;33;0;0.0;2.0;1.0;0.0;A01
42034;201400027878;0;7;0;0.0;9.0;2.0;0.0;A01
42035;201400027878;0;7;0;0.0;9.0;2.0;2.0;B01
42036;201400027878;0;1;0;0.0;2.0;8.0;2.0;C01
42037;201400027879;0;32;0;0.0;1.0;0.0;0.0;A01
42038;201400027880;0;7;0;0.0;1.0;0.0;1.0;A01
42039;201400027881;0;7;0;0.0;1.0;2.0;1.0;A01
42040;201400027882;0;7;0;0.0;2.0;1.0;17.0;A01
42041;201400027882;0;7;0;0.0;2.0;1.0;11.0;B01
42042;201400027882;0;7;0;0.0;2.0;1.0;0.0;D01
42043;201400027882;0;7;0;0.0;2.0;0.0;0.0;C01
42044;201400027883;0;7;0;0.0;2.0;1.0;15.0;A01
42045;201400027883;0;7;0;0.0;2.0;3.0;1.0;B01
42046;201400027884;0;7;0;2.0;0.0;1.0;14.0;A01
42047;201400027886;0;30;0;0.0;4.0;2.0;1.0;A01
42048;201400027886;0;39;56;0.0;2.0;1.0;0.0;B01
42049;201400027887;0;7;0;0.0;1.0;1.0;1.0;A01
42050;201400027888;0;7;0;0.0;2.0;7.0;17.0;A01
42051;201400027888;0;2;0;0.0;2.0;6.0;1.0;B01
42052;201400027889;0;7;0;0.0;2.0;3.0;15.0;A01
42053;201400027889;0;2;0;0.0;2.0;1.0;1.0;B01
42054;201400027890;0;7;0;0.0;1.0;1.0;1.0;A01
42055;201400027891;0;10;0;0.0;2.0;3.0;1.0;A01
42056;201400027891;0;2;0;0.0;2.0;6.0;1.0;B01
42057;201400027892;0;7;0;0.0;2.0;3.0;15.0;A01
42058;201400027892;0;2;0;0.0;2.0;1.0;1.0;B01
42059;201400027893;0;10;0;0.0;2.0;1.0;1.0;B01
42060;201400027893;0;2;0;0.0;2.0;2.0;1.0;A01
42061;201400027895;0;7;0;0.0;1.0;1.0;1.0;A01
42062;201400027896;0;7;0;0.0;2.0;2.0;1.0;B01
42063;201400027896;0;2;0;0.0;2.0;1.0;1.0;A01
42064;201400027897;0;7;0;0.0;2.0;1.0;15.0;A01
42065;201400027897;0;7;0;0.0;2.0;1.0;1.0;B01
42066;201400027898;0;1;0;0.0;2.0;3.0;1.0;B01
42067;201400027898;0;7;0;0.0;2.0;3.0;9.0;A01
42068;201400027899;0;7;0;0.0;2.0;3.0;15.0;B01
42069;201400027899;0;2;0;0.0;2.0;1.0;17.0;A01
42070;201400027900;0;7;0;1.0;0.0;1.0;13.0;A01
42071;201400027901;0;7;0;0.0;2.0;1.0;1.0;A01
42072;201400027901;0;2;0;0.0;2.0;4.0;1.0;B01
42073;201400027903;0;7;0;0.0;2.0;6.0;1.0;B01
42074;201400027903;0;33;0;0.0;2.0;2.0;21.0;A01
42075;201400027905;0;1;0;0.0;2.0;1.0;1.0;A01
42076;201400027905;0;10;0;0.0;2.0;4.0;1.0;B01
42077;201400027906;0;7;0;0.0;2.0;2.0;15.0;A01
42078;201400027906;0;7;0;0.0;2.0;1.0;1.0;B01
42079;201400027907;0;7;0;2.0;0.0;1.0;14.0;A01
42080;201400027908;0;7;0;0.0;2.0;3.0;1.0;A01
42081;201400027908;0;37;2;0.0;2.0;2.0;1.0;B01
42082;201400027909;0;2;0;0.0;2.0;1.0;1.0;B01
42083;201400027909;0;7;0;0.0;2.0;2.0;1.0;A01
42084;201400027911;0;7;0;0.0;2.0;3.0;1.0;A01
42085;201400027911;0;7;0;0.0;2.0;5.0;1.0;B01
42086;201400027912;0;3;0;1.0;0.0;1.0;14.0;A01
42087;201400027913;0;2;0;0.0;2.0;1.0;13.0;A01
42088;201400027913;0;7;0;0.0;2.0;1.0;1.0;B01
42089;201400027914;0;7;0;0.0;2.0;1.0;1.0;A01
42090;201400027914;0;7;0;0.0;2.0;8.0;1.0;B01
42091;201400027915;0;7;0;0.0;2.0;1.0;1.0;B01
42092;201400027915;0;33;0;0.0;2.0;1.0;1.0;A01
42093;201400027916;0;7;0;0.0;2.0;5.0;1.0;A01
42094;201400027916;0;7;0;0.0;2.0;3.0;15.0;B01
42095;201400027917;0;2;0;0.0;2.0;1.0;1.0;B01
42096;201400027917;0;1;0;0.0;2.0;1.0;1.0;A01
42097;201400027918;0;7;0;0.0;1.0;4.0;1.0;A01
42098;201400027919;0;7;0;0.0;2.0;1.0;1.0;B01
42099;201400027919;0;7;0;0.0;2.0;1.0;9.0;A01
42100;201400027920;0;7;0;0.0;1.0;2.0;1.0;A01
42101;201400027921;0;7;0;0.0;2.0;3.0;13.0;A01
42102;201400027921;0;7;0;0.0;2.0;5.0;1.0;B01
42103;201400027922;0;7;0;0.0;2.0;8.0;15.0;B01
42104;201400027922;0;7;0;0.0;2.0;1.0;1.0;A01
42105;201400027923;0;10;0;0.0;2.0;1.0;15.0;A01
42106;201400027923;0;7;0;0.0;2.0;1.0;1.0;B01
42107;201400027924;0;7;0;0.0;2.0;1.0;13.0;A01
42108;201400027924;0;10;0;0.0;2.0;1.0;1.0;B01
42109;201400027924;0;7;0;0.0;2.0;1.0;1.0;C01
42110;201400027925;0;7;0;0.0;2.0;4.0;1.0;B01
42111;201400027925;0;7;0;0.0;2.0;1.0;1.0;A01
42112;201400027925;0;10;0;0.0;2.0;4.0;1.0;C01
42113;201400027926;0;7;0;0.0;2.0;3.0;1.0;A01
42114;201400027926;0;1;0;0.0;2.0;1.0;1.0;B01
42115;201400027927;0;33;0;0.0;2.0;1.0;17.0;A01
42116;201400027927;0;7;0;0.0;2.0;8.0;15.0;B01
42117;201400027928;0;7;0;0.0;1.0;1.0;1.0;A01
42118;201400027929;0;7;0;0.0;1.0;3.0;1.0;A01
42119;201400027931;0;1;0;0.0;2.0;1.0;15.0;A01
42120;201400027931;0;1;0;0.0;2.0;1.0;1.0;B01
42121;201400027932;0;7;0;0.0;2.0;4.0;1.0;B01
42122;201400027932;0;7;0;0.0;2.0;1.0;1.0;A01
42123;201400027933;0;7;0;0.0;1.0;1.0;1.0;A01
42124;201400027934;0;17;0;0.0;2.0;8.0;1.0;B01
42125;201400027934;0;33;0;0.0;2.0;1.0;17.0;A01
42126;201400027935;0;7;0;12.0;2.0;1.0;15.0;A01
42127;201400027935;0;37;6;0.0;2.0;1.0;1.0;B01
42128;201400027936;0;7;0;7.0;0.0;9.0;1.0;A01
42129;201400027937;0;7;0;1.0;0.0;2.0;14.0;A01
42130;201400027938;0;7;0;0.0;2.0;2.0;1.0;B01
42131;201400027938;0;7;0;0.0;2.0;8.0;1.0;A01
42132;201400027939;0;7;0;0.0;2.0;7.0;1.0;A01
42133;201400027939;1;99;0;0.0;2.0;1.0;9.0;Z01
42134;201400027940;0;7;0;0.0;2.0;3.0;15.0;B01
42135;201400027940;0;33;0;0.0;2.0;1.0;17.0;A01
42136;201400027942;0;30;0;0.0;2.0;8.0;9.0;A01
42137;201400027942;0;7;0;0.0;2.0;1.0;1.0;B01
42138;201400027943;0;7;0;0.0;2.0;4.0;2.0;B01
42139;201400027943;0;30;0;0.0;2.0;1.0;2.0;A01
42140;201400027944;0;7;0;0.0;2.0;7.0;1.0;B01
42141;201400027944;0;7;0;0.0;2.0;1.0;1.0;A01
42142;201400027945;0;7;0;0.0;2.0;1.0;1.0;A01
42143;201400027945;0;7;0;0.0;2.0;4.0;1.0;B01
42144;201400027946;0;7;0;0.0;2.0;1.0;13.0;A01
42145;201400027946;0;7;0;0.0;2.0;1.0;1.0;B01
42146;201400027947;0;2;0;6.0;0.0;1.0;14.0;A01
42147;201400027948;0;7;0;0.0;2.0;1.0;1.0;A01
42148;201400027948;0;7;0;0.0;2.0;7.0;1.0;B01
42149;201400027949;0;7;0;0.0;2.0;3.0;15.0;A01
42150;201400027949;0;2;0;0.0;2.0;1.0;1.0;B01
42151;201400027950;0;7;0;2.0;0.0;3.0;14.0;A01
42152;201400027951;0;7;0;0.0;2.0;6.0;9.0;A01
42153;201400027951;0;7;0;0.0;2.0;1.0;1.0;B01
42154;201400027952;0;7;0;0.0;2.0;2.0;15.0;A01
42155;201400027952;0;7;0;0.0;2.0;3.0;1.0;B01
42156;201400027954;0;7;0;0.0;2.0;1.0;9.0;A01
42157;201400027954;0;37;5;0.0;2.0;1.0;1.0;B01
42158;201400027955;0;7;0;6.0;0.0;1.0;13.0;A01
42159;201400027956;0;2;0;0.0;2.0;1.0;1.0;B01
42160;201400027956;0;7;0;0.0;2.0;7.0;15.0;A01
42161;201400027957;0;33;0;0.0;2.0;1.0;1.0;A01
42162;201400027957;0;7;0;0.0;2.0;4.0;1.0;B01
42163;201400027958;0;7;0;0.0;2.0;5.0;9.0;A01
42164;201400027958;0;1;0;0.0;2.0;3.0;1.0;B01
42165;201400027959;0;7;0;0.0;2.0;1.0;1.0;A01
42166;201400027959;0;7;0;0.0;2.0;1.0;1.0;B01
42167;201400027960;0;7;0;0.0;2.0;1.0;1.0;B01
42168;201400027960;0;1;0;0.0;2.0;1.0;1.0;A01
42169;201400027961;0;1;0;0.0;2.0;1.0;1.0;B01
42170;201400027961;0;7;0;0.0;2.0;3.0;9.0;A01
42171;201400027962;0;33;0;0.0;2.0;1.0;15.0;A01
42172;201400027962;0;1;0;0.0;2.0;1.0;1.0;B01
42173;201400027963;0;37;1;0.0;2.0;2.0;1.0;B01
42174;201400027963;0;7;0;0.0;2.0;3.0;1.0;A01
42175;201400027965;0;7;0;0.0;2.0;4.0;1.0;B01
42176;201400027965;1;7;0;0.0;2.0;1.0;1.0;Z01
42177;201400027966;0;2;0;0.0;1.0;1.0;1.0;A01
42178;201400027968;0;7;0;0.0;2.0;3.0;15.0;A01
42179;201400027968;0;2;0;0.0;2.0;1.0;1.0;B01
42180;201400027969;0;33;0;0.0;2.0;1.0;1.0;B01
42181;201400027969;0;7;0;0.0;2.0;6.0;1.0;A01
42182;201400027971;0;7;0;0.0;2.0;1.0;9.0;A01
42183;201400027971;0;7;0;0.0;2.0;1.0;1.0;B01
42184;201400027973;0;7;0;1.0;0.0;1.0;14.0;A01
42185;201400027974;0;7;0;0.0;2.0;1.0;9.0;A01
42186;201400027974;0;30;0;0.0;2.0;3.0;17.0;B01
42187;201400027975;0;1;0;0.0;2.0;4.0;1.0;B01
42188;201400027975;0;7;0;0.0;2.0;3.0;15.0;A01
42189;201400027977;0;7;0;0.0;1.0;4.0;4.0;A01
42190;201400027978;1;7;0;0.0;0.0;0.0;20.0;Z01
42191;201400027978;0;30;0;0.0;2.0;4.0;23.0;A01
42192;201400027979;0;1;0;0.0;2.0;1.0;1.0;B01
42193;201400027979;0;7;0;0.0;2.0;1.0;9.0;A01
42194;201400027980;0;7;0;0.0;2.0;1.0;1.0;A01
42195;201400027980;0;7;0;0.0;2.0;3.0;1.0;B01
42196;201400027981;0;7;0;9.0;2.0;1.0;1.0;A01
42197;201400027981;0;7;0;0.0;2.0;1.0;15.0;B01
42198;201400027982;0;7;0;0.0;2.0;3.0;1.0;B01
42199;201400027982;0;7;0;0.0;2.0;1.0;1.0;A01
42200;201400027983;0;7;0;0.0;2.0;1.0;1.0;B01
42201;201400027983;0;7;0;6.0;2.0;1.0;1.0;A01
42202;201400027985;0;7;0;0.0;2.0;1.0;1.0;B01
42203;201400027985;0;7;0;0.0;2.0;1.0;1.0;A01
42204;201400027987;0;7;0;0.0;2.0;3.0;1.0;B01
42205;201400027987;0;7;0;0.0;2.0;2.0;1.0;A01
42206;201400027988;0;7;0;0.0;2.0;4.0;1.0;B01
42207;201400027988;0;7;0;0.0;2.0;4.0;1.0;C01
42208;201400027988;0;7;0;0.0;2.0;4.0;1.0;D01
42209;201400027988;0;7;0;0.0;2.0;1.0;1.0;A01
42210;201400027989;0;7;0;0.0;2.0;1.0;1.0;A01
42211;201400027989;0;2;0;0.0;2.0;1.0;1.0;B01
42212;201400027990;1;7;0;0.0;1.0;1.0;1.0;Z01
42213;201400027991;0;7;0;0.0;2.0;1.0;1.0;A01
42214;201400027991;0;1;0;0.0;2.0;1.0;19.0;B01
42215;201400027992;0;7;0;0.0;1.0;2.0;1.0;A01
42216;201400027993;0;7;0;0.0;2.0;1.0;15.0;A01
42217;201400027993;0;2;0;0.0;2.0;1.0;1.0;B01
42218;201400027994;0;7;0;0.0;1.0;2.0;1.0;A01
42219;201400027995;0;30;0;0.0;1.0;1.0;1.0;A01
42220;201400027997;0;7;0;0.0;1.0;3.0;1.0;A01
42221;201400027998;0;7;0;0.0;2.0;4.0;1.0;B01
42222;201400027998;0;10;0;0.0;2.0;1.0;1.0;A01
42223;201400027999;0;1;0;0.0;2.0;1.0;1.0;B01
42224;201400027999;0;7;0;0.0;2.0;8.0;1.0;A01
42225;201400028000;0;2;0;14.0;0.0;1.0;2.0;A01
42226;201400028001;0;7;0;14.0;2.0;1.0;21.0;A01
42227;201400028001;1;99;0;0.0;0.0;0.0;5.0;B01
42228;201400028002;0;7;0;0.0;1.0;2.0;1.0;A01
42229;201400028003;0;2;0;14.0;0.0;1.0;1.0;A01
42230;201400028004;0;7;0;0.0;2.0;3.0;15.0;B01
42231;201400028004;0;7;0;0.0;2.0;3.0;1.0;A01
42232;201400028005;0;30;0;0.0;2.0;1.0;1.0;A01
42233;201400028005;0;7;0;0.0;0.0;8.0;1.0;B01
42234;201400028006;0;7;0;0.0;0.0;5.0;23.0;B01
42235;201400028006;0;7;0;0.0;0.0;4.0;23.0;C01
42236;201400028006;0;7;0;0.0;2.0;3.0;1.0;A01
42237;201400028007;0;7;0;0.0;1.0;1.0;16.0;A01
42238;201400028008;0;2;0;1.0;2.0;1.0;17.0;A01
42239;201400028008;0;7;0;0.0;2.0;2.0;1.0;B01
42240;201400028008;0;7;0;0.0;2.0;3.0;24.0;C01
42241;201400028010;0;10;0;9.0;0.0;2.0;1.0;A01
42242;201400028011;0;7;0;0.0;1.0;2.0;1.0;A01
42243;201400028012;0;7;0;0.0;1.0;1.0;1.0;A01
42244;201400028013;0;7;0;8.0;2.0;7.0;17.0;A01
42245;201400028013;0;7;0;0.0;0.0;3.0;15.0;B01
42246;201400028014;0;7;0;13.0;0.0;9.0;1.0;A01
42247;201400028015;0;7;0;0.0;1.0;1.0;1.0;A01
42248;201400028016;0;7;0;0.0;2.0;1.0;15.0;A01
42249;201400028016;0;7;0;0.0;2.0;1.0;1.0;B01
42250;201400028017;0;7;0;13.0;0.0;1.0;1.0;A01
42251;201400028018;0;7;0;13.0;0.0;9.0;1.0;A01
42252;201400028019;0;7;0;0.0;2.0;1.0;2.0;A01
42253;201400028019;0;7;0;0.0;0.0;4.0;23.0;B01
42254;201400028020;0;30;0;0.0;2.0;1.0;1.0;B01
42255;201400028020;0;7;0;0.0;2.0;3.0;15.0;A01
42256;201400028021;0;13;0;0.0;2.0;3.0;15.0;A01
42257;201400028021;0;2;0;0.0;2.0;8.0;1.0;B01
42258;201400028022;0;7;0;0.0;1.0;4.0;4.0;A01
42259;201400028023;0;7;0;0.0;1.0;1.0;1.0;A01
42260;201400028024;0;7;0;0.0;0.0;9.0;1.0;A01
42261;201400028025;0;30;0;0.0;2.0;1.0;1.0;A01
42262;201400028025;0;7;0;0.0;0.0;7.0;1.0;B01
42263;201400028026;0;7;0;0.0;2.0;8.0;9.0;A01
42264;201400028026;0;7;0;0.0;2.0;3.0;1.0;B01
42265;201400028027;0;30;0;0.0;2.0;7.0;21.0;B01
42266;201400028027;0;36;0;0.0;2.0;2.0;15.0;A01
42267;201400028028;0;30;0;0.0;2.0;7.0;1.0;A01
42268;201400028028;0;7;0;0.0;2.0;1.0;1.0;B01
42269;201400028029;0;7;0;0.0;2.0;1.0;2.0;B01
42270;201400028029;0;7;0;0.0;0.0;4.0;1.0;A01
42271;201400028030;0;7;0;13.0;0.0;3.0;13.0;A01
42272;201400028031;0;7;0;0.0;2.0;1.0;2.0;A01
42273;201400028031;0;7;0;0.0;0.0;4.0;23.0;B01
42274;201400028032;0;30;0;16.0;0.0;3.0;1.0;A01
42275;201400028033;0;33;0;0.0;2.0;7.0;17.0;A01
42276;201400028033;0;7;0;0.0;2.0;1.0;15.0;B01
42277;201400028034;0;7;0;0.0;2.0;2.0;1.0;A01
42278;201400028034;0;1;0;0.0;2.0;8.0;1.0;B01
42279;201400028035;0;7;0;0.0;2.0;3.0;13.0;A01
42280;201400028035;0;14;0;0.0;0.0;8.0;1.0;B01
42281;201400028036;0;7;0;12.0;9.0;1.0;1.0;A01
42282;201400028037;0;2;0;0.0;2.0;1.0;17.0;B01
42283;201400028037;0;7;0;0.0;0.0;6.0;11.0;A01
42284;201400028039;0;7;0;0.0;0.0;4.0;1.0;B01
42285;201400028039;0;7;0;0.0;2.0;1.0;1.0;A01
42286;201400028040;0;1;0;0.0;2.0;1.0;19.0;B01
42287;201400028040;0;7;0;0.0;2.0;2.0;1.0;A01
42288;201400028041;0;7;0;0.0;1.0;1.0;1.0;A01
42289;201400028042;0;7;0;15.0;0.0;9.0;14.0;A01
42290;201400028044;0;7;0;1.0;0.0;4.0;5.0;A01
42291;201400028045;0;7;0;0.0;2.0;1.0;1.0;B01
42292;201400028045;0;7;0;0.0;0.0;8.0;1.0;A01
42293;201400028046;0;3;0;0.0;1.0;5.0;4.0;A01
42294;201400028047;0;7;0;0.0;0.0;4.0;23.0;A01
42295;201400028047;0;7;0;14.0;0.0;1.0;2.0;B01
42296;201400028048;0;7;0;0.0;2.0;3.0;9.0;A01
42297;201400028048;0;7;0;0.0;2.0;2.0;1.0;B01
42298;201400028049;0;1;0;0.0;0.0;1.0;9.0;B01
42299;201400028049;0;7;0;0.0;2.0;2.0;1.0;A01
42300;201400028050;0;2;0;0.0;2.0;1.0;2.0;B01
42301;201400028050;0;7;0;0.0;2.0;3.0;1.0;C01
42302;201400028050;0;38;1;0.0;0.0;4.0;15.0;A01
42303;201400028051;0;7;0;0.0;1.0;6.0;1.0;A01
42304;201400028053;0;2;0;0.0;0.0;7.0;0.0;A01
42305;201400028054;0;7;0;3.0;0.0;3.0;13.0;A01