;Num_Acc;senc;catv;occutc;obs;obsm;choc;manv;num_veh
42306;201400028055;0;7;0;6.0;0.0;1.0;1.0;A01
42307;201400028056;0;7;0;0.0;2.0;2.0;1.0;A01
42308;201400028056;0;7;0;0.0;2.0;1.0;1.0;B01
42309;201400028057;0;33;0;0.0;2.0;2.0;1.0;B01
42310;201400028057;0;7;0;0.0;2.0;3.0;5.0;A01
42311;201400028058;0;7;0;6.0;0.0;1.0;1.0;A01
42312;201400028059;0;10;0;0.0;2.0;1.0;11.0;A01
42313;201400028059;0;30;0;0.0;2.0;1.0;1.0;B01
42314;201400028060;0;2;0;0.0;2.0;3.0;17.0;A01
42315;201400028060;0;7;0;0.0;2.0;3.0;15.0;B01
42316;201400028061;0;10;0;0.0;2.0;1.0;1.0;A01
42317;201400028061;0;7;0;0.0;0.0;5.0;1.0;B01
42318;201400028062;0;7;0;0.0;2.0;1.0;9.0;A01
42319;201400028062;0;2;0;0.0;0.0;7.0;15.0;B01
42320;201400028063;0;7;0;0.0;1.0;1.0;1.0;A01
42321;201400028064;0;7;0;0.0;2.0;6.0;15.0;A01
42322;201400028064;0;33;0;0.0;2.0;1.0;1.0;B01
42323;201400028065;0;33;0;0.0;2.0;1.0;1.0;B01
42324;201400028065;0;7;0;0.0;2.0;3.0;16.0;A01
42325;201400028066;0;7;0;4.0;0.0;3.0;1.0;A01
42326;201400028067;0;7;0;0.0;2.0;1.0;2.0;A01
42327;201400028067;0;7;0;0.0;0.0;4.0;15.0;B01
42328;201400028068;0;32;0;0.0;2.0;1.0;1.0;A01
42329;201400028068;0;10;0;0.0;0.0;7.0;1.0;B01
42330;201400028069;0;7;0;0.0;2.0;3.0;15.0;A01
42331;201400028069;0;31;0;0.0;2.0;1.0;17.0;B01
42332;201400028070;1;7;0;0.0;1.0;0.0;1.0;A01
42333;201400028071;0;7;0;0.0;1.0;1.0;15.0;A01
42334;201400028073;0;7;0;6.0;0.0;2.0;0.0;A01
42335;201400028074;0;14;0;0.0;2.0;3.0;1.0;B01
42336;201400028074;0;7;0;0.0;2.0;3.0;13.0;A01
42337;201400028075;0;33;0;0.0;0.0;7.0;16.0;A01
42338;201400028076;0;7;0;3.0;0.0;1.0;1.0;A01
42339;201400028077;0;7;0;0.0;0.0;7.0;1.0;B01
42340;201400028077;0;7;0;0.0;2.0;1.0;1.0;A01
42341;201400028078;0;15;0;0.0;2.0;1.0;12.0;A01
42342;201400028078;0;7;0;0.0;2.0;8.0;1.0;B01
42343;201400028079;0;7;0;0.0;1.0;1.0;1.0;A01
42344;201400028080;0;30;0;0.0;2.0;1.0;1.0;B01
42345;201400028080;0;7;0;0.0;0.0;7.0;15.0;A01
42346;201400028081;0;17;0;0.0;0.0;6.0;23.0;B01
42347;201400028081;0;7;0;0.0;2.0;1.0;1.0;A01
42348;201400028082;0;13;0;0.0;1.0;2.0;1.0;A01
42349;201400028083;0;33;0;1.0;0.0;1.0;2.0;A01
42350;201400028083;0;7;0;0.0;0.0;6.0;24.0;B01
42351;201400028084;0;7;0;0.0;2.0;3.0;16.0;A01
42352;201400028084;0;2;0;0.0;2.0;1.0;17.0;B01
42353;201400028086;0;7;0;0.0;1.0;0.0;1.0;A01
42354;201400028087;0;7;0;0.0;1.0;1.0;1.0;A01
42355;201400028088;0;7;0;0.0;1.0;1.0;1.0;A01
42356;201400028089;0;7;0;0.0;2.0;3.0;13.0;A01
42357;201400028089;0;7;0;0.0;2.0;3.0;1.0;B01
42358;201400028090;2;34;0;0.0;0.0;3.0;15.0;B01
42359;201400028090;0;2;0;9.0;0.0;1.0;17.0;A01
42360;201400028091;0;7;0;0.0;1.0;2.0;15.0;A01
42361;201400028092;0;7;0;0.0;1.0;1.0;1.0;A01
42362;201400028093;0;1;0;0.0;2.0;1.0;1.0;B01
42363;201400028093;0;7;0;0.0;9.0;2.0;1.0;A01
42364;201400028095;0;2;0;0.0;2.0;1.0;1.0;B01
42365;201400028095;0;10;0;0.0;0.0;7.0;15.0;A01
42366;201400028096;0;7;0;0.0;1.0;1.0;1.0;A01
42367;201400028097;0;7;0;0.0;2.0;1.0;13.0;A01
42368;201400028097;0;7;0;0.0;2.0;1.0;1.0;B01
42369;201400028098;0;2;0;0.0;1.0;1.0;1.0;A01
42370;201400028099;0;33;0;0.0;2.0;2.0;17.0;A01
42371;201400028099;0;7;0;0.0;2.0;3.0;15.0;B01
42372;201400028100;0;1;0;0.0;2.0;1.0;1.0;B01
42373;201400028100;0;7;0;0.0;2.0;1.0;5.0;A01
42374;201400028101;0;7;0;0.0;1.0;1.0;1.0;A01
42375;201400028102;0;7;0;0.0;1.0;3.0;1.0;A01
42376;201400028103;0;7;0;0.0;2.0;2.0;1.0;A01
42377;201400028103;0;31;0;0.0;0.0;8.0;1.0;B01
42378;201400028104;0;33;0;0.0;2.0;3.0;1.0;B01
42379;201400028104;0;7;0;0.0;2.0;2.0;1.0;A01
42380;201400028105;0;7;0;0.0;2.0;4.0;15.0;A01
42381;201400028105;0;1;0;0.0;2.0;1.0;1.0;B01
42382;201400028106;0;32;0;0.0;2.0;2.0;1.0;B01
42383;201400028106;0;7;0;0.0;2.0;3.0;13.0;A01
42384;201400028107;0;7;0;0.0;2.0;8.0;1.0;B01
42385;201400028107;0;7;0;0.0;2.0;1.0;13.0;A01
42386;201400028108;0;33;0;0.0;2.0;3.0;1.0;B01
42387;201400028108;0;7;0;0.0;2.0;1.0;15.0;A01
42388;201400028109;0;7;0;0.0;2.0;2.0;1.0;B01
42389;201400028109;0;7;0;0.0;2.0;3.0;16.0;A01
42390;201400028110;0;1;0;0.0;2.0;7.0;19.0;B01
42391;201400028110;0;7;0;0.0;2.0;1.0;16.0;A01
42392;201400028111;0;33;0;0.0;2.0;7.0;17.0;B01
42393;201400028111;0;7;0;0.0;2.0;3.0;13.0;A01
42394;201400028112;0;7;0;0.0;0.0;8.0;1.0;B01
42395;201400028112;0;33;0;0.0;2.0;8.0;13.0;A01
42396;201400028113;0;2;0;0.0;2.0;1.0;17.0;A01
42397;201400028113;0;7;0;0.0;0.0;3.0;15.0;B01
42398;201400028114;0;1;0;0.0;2.0;1.0;1.0;B01
42399;201400028114;0;7;0;0.0;2.0;2.0;1.0;A01
42400;201400028115;0;36;0;0.0;2.0;8.0;13.0;A01
42401;201400028115;0;1;0;0.0;2.0;8.0;1.0;B01
42402;201400028116;0;7;0;0.0;1.0;1.0;1.0;A01
42403;201400028117;0;7;0;0.0;2.0;6.0;10.0;A01
42404;201400028117;0;31;0;0.0;2.0;1.0;1.0;B01
42405;201400028118;0;7;0;0.0;0.0;8.0;15.0;B01
42406;201400028118;0;7;0;6.0;2.0;2.0;17.0;A01
42407;201400028119;0;7;0;0.0;2.0;2.0;15.0;A01
42408;201400028119;0;30;0;0.0;2.0;1.0;1.0;B01
42409;201400028120;0;7;0;0.0;0.0;4.0;23.0;E01
42410;201400028120;0;7;0;0.0;2.0;4.0;23.0;D01
42411;201400028120;0;7;0;0.0;2.0;4.0;23.0;B01
42412;201400028120;0;7;0;0.0;2.0;4.0;23.0;C01
42413;201400028120;0;10;0;0.0;2.0;1.0;2.0;A01
42414;201400028121;0;7;0;0.0;1.0;1.0;1.0;A01
42415;201400028122;0;2;0;0.0;2.0;1.0;2.0;A01
42416;201400028122;0;7;0;0.0;0.0;4.0;23.0;B01
42417;201400028123;0;33;0;0.0;2.0;1.0;1.0;B01
42418;201400028123;0;7;0;0.0;2.0;2.0;15.0;A01
42419;201400028124;0;7;0;0.0;2.0;1.0;1.0;B01
42420;201400028124;0;7;0;0.0;2.0;1.0;1.0;C01
42421;201400028124;0;7;0;0.0;2.0;0.0;1.0;A01
42422;201400028125;0;7;0;0.0;0.0;4.0;15.0;B01
42423;201400028125;0;2;0;0.0;2.0;1.0;1.0;A01
42424;201400028126;0;1;0;0.0;2.0;1.0;5.0;B01
42425;201400028126;0;10;0;0.0;2.0;1.0;16.0;A01
42426;201400028127;0;7;0;0.0;1.0;1.0;1.0;A01
42427;201400028128;0;7;0;8.0;0.0;1.0;1.0;A01
42428;201400028129;0;7;0;0.0;1.0;1.0;1.0;A01
42429;201400028130;0;7;0;0.0;2.0;8.0;15.0;B01
42430;201400028130;0;30;0;0.0;2.0;7.0;17.0;A01
42431;201400028131;0;7;0;0.0;1.0;1.0;1.0;A01
42432;201400028132;0;7;0;0.0;2.0;1.0;13.0;A01
42433;201400028132;0;10;0;0.0;2.0;1.0;1.0;B01
42434;201400028133;0;33;0;0.0;2.0;1.0;1.0;B01
42435;201400028133;0;7;0;0.0;2.0;2.0;1.0;A01
42436;201400028135;0;7;0;0.0;2.0;1.0;1.0;B01
42437;201400028135;0;7;0;0.0;2.0;5.0;15.0;A01
42438;201400028136;0;7;0;0.0;2.0;3.0;1.0;C01
42439;201400028136;0;10;0;0.0;2.0;2.0;1.0;B01
42440;201400028136;0;7;0;0.0;2.0;1.0;1.0;A01
42441;201400028137;0;7;0;0.0;1.0;1.0;1.0;A01
42442;201400028138;0;7;0;0.0;2.0;2.0;1.0;A01
42443;201400028138;0;33;0;0.0;2.0;1.0;1.0;B01
42444;201400028139;0;7;0;0.0;1.0;1.0;1.0;A01
42445;201400028140;0;7;0;0.0;1.0;1.0;9.0;A01
42446;201400028141;0;7;0;0.0;1.0;1.0;1.0;A01
42447;201400028142;0;10;0;0.0;2.0;3.0;12.0;B01
42448;201400028142;0;33;0;0.0;2.0;2.0;12.0;A01
42449;201400028143;0;7;0;0.0;2.0;2.0;15.0;A01
42450;201400028143;0;31;0;0.0;2.0;1.0;1.0;B01
42451;201400028145;0;7;0;7.0;0.0;1.0;6.0;A01
42452;201400028146;0;33;0;0.0;2.0;1.0;1.0;B01
42453;201400028146;0;7;0;0.0;2.0;3.0;1.0;A01
42454;201400028147;0;7;0;0.0;2.0;2.0;1.0;A01
42455;201400028147;0;1;0;0.0;2.0;1.0;1.0;B01
42456;201400028148;0;7;0;0.0;1.0;1.0;16.0;A01
42457;201400028149;0;33;0;0.0;2.0;1.0;2.0;A01
42458;201400028149;0;7;0;0.0;0.0;4.0;23.0;B01
42459;201400028150;0;7;0;8.0;0.0;1.0;13.0;A01
42460;201400028151;0;7;0;6.0;0.0;2.0;14.0;A01
42461;201400028152;0;7;0;0.0;1.0;3.0;1.0;A01
42462;201400028153;0;10;0;1.0;1.0;2.0;21.0;A01
42463;201400028154;0;7;0;0.0;2.0;2.0;1.0;B01
42464;201400028154;0;7;0;0.0;2.0;3.0;1.0;A01
42465;201400028155;0;7;0;0.0;2.0;4.0;23.0;B01
42466;201400028155;0;7;0;0.0;2.0;1.0;2.0;A01
42467;201400028157;0;7;0;0.0;2.0;3.0;9.0;A01
42468;201400028157;0;2;0;0.0;2.0;1.0;1.0;B01
42469;201400028158;0;33;0;0.0;2.0;1.0;1.0;A01
42470;201400028158;0;7;0;0.0;2.0;8.0;15.0;B01
42471;201400028159;0;1;0;0.0;2.0;1.0;1.0;A01
42472;201400028159;0;38;10;0.0;2.0;7.0;1.0;B01
42473;201400028160;0;33;0;0.0;2.0;1.0;2.0;A01
42474;201400028160;0;7;0;0.0;0.0;4.0;1.0;B01
42475;201400028161;0;33;0;12.0;0.0;1.0;14.0;A01
42476;201400028162;0;15;0;0.0;2.0;3.0;1.0;B01
42477;201400028162;0;3;0;0.0;2.0;3.0;5.0;A01
42478;201400028163;0;1;0;0.0;2.0;1.0;1.0;B01
42479;201400028163;0;7;0;0.0;2.0;3.0;9.0;A01
42480;201400028164;0;7;0;0.0;2.0;1.0;1.0;B01
42481;201400028164;0;7;0;6.0;2.0;7.0;1.0;A01
42482;201400028165;0;37;1;0.0;0.0;0.0;0.0;B01
42483;201400028165;0;7;0;0.0;1.0;1.0;17.0;A01
42484;201400028166;0;7;0;15.0;0.0;1.0;1.0;A01
42485;201400028167;0;7;0;0.0;1.0;1.0;1.0;A01
42486;201400028168;0;2;0;0.0;2.0;3.0;15.0;B01
42487;201400028168;0;7;0;0.0;2.0;1.0;17.0;A01
42488;201400028169;0;7;0;0.0;2.0;3.0;5.0;B01
42489;201400028169;0;7;0;0.0;2.0;1.0;1.0;A01
42490;201400028170;0;7;0;0.0;1.0;3.0;1.0;A01
42491;201400028172;0;7;0;0.0;2.0;3.0;19.0;A01
42492;201400028172;0;2;0;0.0;2.0;1.0;1.0;B01
42493;201400028173;0;7;0;0.0;2.0;7.0;15.0;B01
42494;201400028173;0;7;0;0.0;2.0;1.0;1.0;A01
42495;201400028174;0;7;0;0.0;1.0;2.0;1.0;A01
42496;201400028175;0;10;0;0.0;2.0;3.0;2.0;B01
42497;201400028175;0;7;0;8.0;2.0;7.0;14.0;A01
42498;201400028175;0;10;0;0.0;2.0;6.0;2.0;C01
42499;201400028176;0;7;0;0.0;2.0;7.0;15.0;A01
42500;201400028176;0;2;0;0.0;2.0;1.0;1.0;B01
42501;201400028177;0;40;33;0.0;1.0;1.0;1.0;A01
42502;201400028178;0;33;0;8.0;0.0;1.0;18.0;A01
42503;201400028180;0;7;0;0.0;2.0;1.0;19.0;A01
42504;201400028180;0;7;0;0.0;2.0;8.0;1.0;B01
42505;201400028181;0;10;0;0.0;1.0;2.0;1.0;A01
42506;201400028182;0;32;0;0.0;2.0;0.0;0.0;B01
42507;201400028182;0;10;0;0.0;2.0;0.0;0.0;A01
42508;201400028183;0;1;0;0.0;2.0;1.0;0.0;B01
42509;201400028183;0;10;0;0.0;2.0;1.0;0.0;A01
42510;201400028184;1;99;0;0.0;1.0;2.0;0.0;Z01
42511;201400028186;0;7;0;13.0;0.0;9.0;2.0;A01
42512;201400028187;0;30;0;0.0;2.0;1.0;1.0;B01
42513;201400028187;0;7;0;15.0;2.0;1.0;13.0;A01
42514;201400028188;0;7;0;0.0;0.0;3.0;1.0;C01
42515;201400028188;0;7;0;0.0;2.0;2.0;9.0;A01
42516;201400028188;0;7;0;0.0;2.0;0.0;1.0;B01
42517;201400028189;1;7;0;0.0;2.0;7.0;18.0;B01
42518;201400028189;0;2;0;0.0;2.0;7.0;9.0;A01
42519;201400028190;0;30;0;0.0;0.0;1.0;1.0;B01
42520;201400028190;0;7;0;0.0;2.0;3.0;15.0;A01
42521;201400028191;0;33;0;9.0;0.0;0.0;1.0;A01
42522;201400028192;0;31;0;0.0;2.0;1.0;1.0;A01
42523;201400028192;0;7;0;0.0;0.0;7.0;15.0;B01
42524;201400028193;0;1;0;0.0;2.0;7.0;1.0;B01
42525;201400028193;0;7;0;0.0;2.0;0.0;9.0;A01
42526;201400028195;0;33;0;0.0;2.0;1.0;1.0;A01
42527;201400028195;0;7;0;0.0;0.0;8.0;15.0;B01
42528;201400028196;0;1;0;0.0;2.0;1.0;1.0;B01
42529;201400028196;0;7;0;0.0;9.0;1.0;15.0;A01
42530;201400028198;0;7;0;0.0;1.0;5.0;20.0;A01
42531;201400028199;0;33;0;0.0;0.0;0.0;1.0;A01
42532;201400028200;0;33;0;3.0;0.0;0.0;1.0;A01
42533;201400028201;0;30;0;0.0;0.0;0.0;1.0;A01
42534;201400028202;0;7;0;0.0;1.0;1.0;15.0;A01
42535;201400028203;0;7;0;0.0;2.0;5.0;12.0;A01
42536;201400028203;0;34;0;0.0;0.0;8.0;1.0;B01
42537;201400028204;0;3;0;1.0;0.0;1.0;13.0;B01
42538;201400028204;0;7;0;0.0;0.0;3.0;23.0;A01
42539;201400028205;0;2;0;0.0;2.0;1.0;1.0;A01
42540;201400028205;0;7;0;0.0;0.0;4.0;1.0;B01
42541;201400028206;0;31;0;1.0;0.0;8.0;1.0;A01
42542;201400028208;0;2;0;14.0;0.0;1.0;1.0;A01
42543;201400028208;0;7;0;0.0;0.0;6.0;23.0;B01
42544;201400028209;0;7;0;0.0;2.0;1.0;1.0;A01
42545;201400028209;0;7;0;0.0;2.0;3.0;15.0;B01
42546;201400028211;0;7;0;0.0;2.0;1.0;1.0;B01
42547;201400028211;0;1;0;0.0;2.0;1.0;1.0;A01
42548;201400028212;0;7;0;0.0;1.0;3.0;15.0;A01
42549;201400028213;0;7;0;0.0;2.0;1.0;13.0;A01
42550;201400028213;0;7;0;0.0;2.0;1.0;1.0;B01
42551;201400028214;0;7;0;0.0;2.0;7.0;16.0;B01
42552;201400028214;0;33;0;8.0;2.0;1.0;18.0;A01
42553;201400028215;0;7;0;0.0;2.0;1.0;13.0;A01
42554;201400028215;0;7;0;0.0;2.0;1.0;1.0;B01
42555;201400028216;0;1;0;0.0;2.0;1.0;19.0;A01
42556;201400028216;0;7;0;0.0;2.0;7.0;1.0;B01
42557;201400028218;0;7;0;0.0;1.0;4.0;4.0;A01
42558;201400028219;0;7;0;0.0;2.0;0.0;15.0;B01
42559;201400028219;0;33;0;0.0;2.0;0.0;2.0;A01
42560;201400028220;0;30;0;0.0;2.0;8.0;13.0;A01
42561;201400028220;0;7;0;0.0;2.0;3.0;1.0;B01
42562;201400028221;0;33;0;13.0;0.0;1.0;1.0;A01
42563;201400028222;0;1;0;1.0;9.0;1.0;1.0;B01
42564;201400028222;0;7;0;0.0;2.0;8.0;0.0;A01
42565;201400028223;0;7;0;0.0;2.0;3.0;9.0;A01
42566;201400028223;0;2;0;0.0;2.0;1.0;2.0;B01
42567;201400028224;0;33;0;0.0;2.0;1.0;17.0;A01
42568;201400028224;0;7;0;0.0;2.0;3.0;1.0;B01
42569;201400028225;0;1;0;0.0;2.0;0.0;1.0;B01
42570;201400028225;0;7;0;0.0;9.0;0.0;1.0;A01
42571;201400028226;0;7;0;0.0;1.0;1.0;1.0;A01
42572;201400028227;0;14;0;0.0;2.0;7.0;1.0;B01
42573;201400028227;0;7;0;0.0;2.0;3.0;1.0;A01
42574;201400028228;0;7;0;0.0;2.0;5.0;9.0;A01
42575;201400028228;0;1;0;0.0;2.0;1.0;1.0;B01
42576;201400028229;0;7;0;0.0;2.0;7.0;15.0;A01
42577;201400028229;0;30;0;0.0;2.0;1.0;1.0;B01
42578;201400028230;0;7;0;0.0;2.0;1.0;1.0;A01
42579;201400028230;0;1;0;0.0;2.0;4.0;1.0;B01
42580;201400028231;0;7;0;0.0;0.0;5.0;15.0;A01
42581;201400028231;0;33;0;0.0;0.0;1.0;1.0;B01
42582;201400028232;0;7;0;0.0;2.0;2.0;15.0;A01
42583;201400028232;0;7;0;0.0;2.0;1.0;1.0;B01
42584;201400028233;0;7;0;0.0;1.0;1.0;1.0;A01
42585;201400028234;0;7;0;0.0;1.0;1.0;1.0;A01
42586;201400028235;0;7;0;13.0;0.0;8.0;19.0;A01
42587;201400028236;0;7;0;0.0;1.0;2.0;1.0;A01
42588;201400028237;0;7;0;0.0;1.0;1.0;1.0;A01
42589;201400028238;0;7;0;0.0;2.0;8.0;9.0;A01
42590;201400028238;0;1;0;0.0;2.0;1.0;1.0;B01
42591;201400028239;0;33;0;0.0;2.0;1.0;1.0;A01
42592;201400028239;0;7;0;0.0;2.0;5.0;15.0;B01
42593;201400028240;0;7;0;2.0;0.0;1.0;17.0;A01
42594;201400028241;0;7;0;1.0;1.0;2.0;13.0;A01
42595;201400028241;0;20;0;0.0;2.0;0.0;23.0;C01
42596;201400028242;0;7;0;0.0;0.0;3.0;15.0;B01
42597;201400028242;0;31;0;15.0;2.0;1.0;17.0;A01
42598;201400028243;0;1;0;0.0;2.0;1.0;1.0;A01
42599;201400028243;0;7;0;0.0;2.0;1.0;1.0;B01
42600;201400028244;2;7;0;13.0;0.0;3.0;0.0;A01
42601;201400028245;0;7;0;0.0;2.0;9.0;2.0;A01
42602;201400028245;0;7;0;0.0;2.0;3.0;15.0;B01
42603;201400028246;0;33;0;0.0;1.0;2.0;0.0;A01
42604;201400028247;0;7;0;0.0;2.0;1.0;15.0;A01
42605;201400028247;0;34;0;0.0;2.0;1.0;0.0;B01
42606;201400028248;0;7;0;15.0;1.0;7.0;0.0;A01
42607;201400028249;0;7;0;0.0;2.0;1.0;13.0;A01
42608;201400028249;0;7;0;0.0;2.0;1.0;1.0;B01
42609;201400028250;0;2;0;0.0;2.0;3.0;0.0;A01
42610;201400028250;0;7;0;0.0;2.0;0.0;0.0;B01
42611;201400028251;0;7;0;3.0;2.0;3.0;1.0;B01
42612;201400028251;0;7;0;0.0;2.0;6.0;13.0;A01
42613;201400028252;0;7;0;0.0;2.0;3.0;1.0;C01
42614;201400028252;0;2;0;0.0;2.0;1.0;1.0;A01
42615;201400028252;0;7;0;0.0;0.0;0.0;1.0;B01
42616;201400028253;0;7;0;0.0;1.0;2.0;1.0;A01
42617;201400028254;0;7;0;0.0;1.0;3.0;1.0;A01
42618;201400028255;0;7;0;0.0;1.0;2.0;16.0;A01
42619;201400028256;0;7;0;0.0;2.0;3.0;13.0;A01
42620;201400028256;0;7;0;0.0;2.0;1.0;1.0;B01
42621;201400028256;0;7;0;0.0;2.0;2.0;1.0;C01
42622;201400028257;0;7;0;0.0;2.0;1.0;13.0;A01
42623;201400028257;0;7;0;0.0;2.0;1.0;1.0;B01
42624;201400028258;0;7;0;0.0;1.0;2.0;1.0;A01
42625;201400028259;0;10;0;0.0;1.0;1.0;1.0;A01
42626;201400028260;0;7;0;0.0;2.0;7.0;15.0;A01
42627;201400028260;0;7;0;0.0;2.0;1.0;1.0;B01
42628;201400028260;0;7;0;0.0;2.0;4.0;1.0;C01
42629;201400028261;0;1;0;0.0;2.0;1.0;1.0;A01
42630;201400028261;0;7;0;0.0;2.0;2.0;1.0;B01
42631;201400028262;0;7;0;0.0;2.0;1.0;15.0;A01
42632;201400028262;0;7;0;0.0;2.0;1.0;1.0;B01
42633;201400028264;0;7;0;0.0;1.0;1.0;1.0;A01
42634;201400028265;1;7;0;14.0;0.0;3.0;1.0;A01
42635;201400028265;0;7;0;0.0;9.0;3.0;23.0;B01
42636;201400028266;0;7;0;0.0;2.0;1.0;0.0;A01
42637;201400028266;0;7;0;0.0;2.0;4.0;0.0;B01
42638;201400028267;0;7;0;0.0;2.0;3.0;10.0;A01
42639;201400028267;0;2;0;0.0;2.0;1.0;1.0;B01
42640;201400028268;0;7;0;0.0;1.0;3.0;1.0;A01
42641;201400028269;0;7;0;0.0;2.0;2.0;15.0;A01
42642;201400028269;0;2;0;0.0;2.0;1.0;1.0;B01
42643;201400028270;0;30;0;0.0;1.0;4.0;23.0;B01
42644;201400028270;0;7;0;0.0;2.0;1.0;1.0;A01
42645;201400028271;0;7;0;0.0;2.0;1.0;2.0;A01
42646;201400028271;0;7;0;0.0;2.0;4.0;2.0;B01
42647;201400028271;0;7;0;0.0;2.0;4.0;23.0;C01
42648;201400028272;0;7;0;0.0;2.0;1.0;1.0;C01
42649;201400028272;0;14;0;0.0;2.0;6.0;1.0;B01
42650;201400028272;0;7;0;0.0;2.0;1.0;17.0;A01
42651;201400028273;0;7;0;0.0;2.0;3.0;15.0;A01
42652;201400028273;0;2;0;0.0;2.0;1.0;1.0;B01
42653;201400028274;0;7;0;0.0;2.0;3.0;10.0;A01
42654;201400028274;0;30;0;0.0;2.0;1.0;1.0;B01
42655;201400028275;0;7;0;0.0;0.0;6.0;1.0;B01
42656;201400028275;0;31;0;0.0;2.0;1.0;2.0;A01
42657;201400028276;0;7;0;0.0;2.0;1.0;1.0;A01
42658;201400028276;0;1;0;0.0;0.0;8.0;19.0;B01
42659;201400028277;0;3;0;0.0;1.0;1.0;1.0;A01
42660;201400028278;0;2;0;0.0;2.0;1.0;1.0;A01
42661;201400028278;0;7;0;0.0;2.0;5.0;1.0;B01
42662;201400028279;0;7;0;0.0;9.0;0.0;0.0;A01
42663;201400028279;0;1;0;0.0;0.0;0.0;0.0;B01
42664;201400028280;0;7;0;8.0;1.0;2.0;14.0;A01
42665;201400028281;0;1;0;0.0;1.0;0.0;0.0;A01
42666;201400028282;0;7;0;0.0;0.0;1.0;0.0;A01
42667;201400028283;0;2;0;0.0;0.0;0.0;1.0;A01
42668;201400028284;0;7;0;0.0;2.0;1.0;1.0;A01
42669;201400028284;0;7;0;0.0;2.0;4.0;1.0;B01
42670;201400028285;0;7;0;0.0;9.0;8.0;0.0;A01
42671;201400028285;0;1;0;0.0;0.0;8.0;15.0;B01
42672;201400028286;0;7;0;0.0;9.0;8.0;0.0;B01
42673;201400028286;0;7;0;0.0;0.0;8.0;0.0;A01
42674;201400028287;0;7;0;0.0;1.0;0.0;0.0;A01
42675;201400028288;0;7;0;0.0;2.0;3.0;16.0;A01
42676;201400028288;0;7;0;0.0;2.0;2.0;1.0;B01
42677;201400028289;0;7;0;0.0;2.0;7.0;16.0;A01
42678;201400028289;0;1;0;0.0;2.0;1.0;16.0;B01
42679;201400028290;0;30;0;0.0;9.0;7.0;1.0;A01
42680;201400028290;0;7;0;0.0;0.0;2.0;9.0;B01
42681;201400028291;0;2;0;0.0;0.0;7.0;0.0;A01
42682;201400028292;0;7;0;14.0;0.0;1.0;0.0;A01
42683;201400028292;0;7;0;0.0;2.0;7.0;0.0;B01
42684;201400028293;0;7;0;0.0;2.0;1.0;9.0;A01
42685;201400028293;0;1;0;0.0;2.0;2.0;1.0;B01
42686;201400028294;0;7;0;0.0;1.0;1.0;0.0;A01
42687;201400028295;0;7;0;0.0;1.0;1.0;0.0;A01
42688;201400028296;0;7;0;0.0;2.0;3.0;0.0;A01
42689;201400028296;0;7;0;0.0;2.0;6.0;0.0;B01
42690;201400028297;0;7;0;0.0;2.0;1.0;2.0;A01
42691;201400028297;0;7;0;0.0;2.0;4.0;1.0;B01
42692;201400028297;0;7;0;0.0;2.0;4.0;1.0;C01
42693;201400028297;0;7;0;0.0;2.0;4.0;1.0;D01
42694;201400028298;0;30;0;0.0;2.0;1.0;1.0;B01
42695;201400028298;0;7;0;0.0;2.0;3.0;15.0;A01
42696;201400028299;0;7;0;0.0;2.0;3.0;1.0;A01
42697;201400028299;0;7;0;0.0;2.0;2.0;1.0;B01
42698;201400028300;0;7;0;0.0;2.0;6.0;2.0;A01
42699;201400028300;0;33;0;0.0;0.0;7.0;2.0;B01
42700;201400028301;0;7;0;0.0;2.0;2.0;0.0;A01
42701;201400028301;0;1;0;0.0;2.0;8.0;15.0;B01
42702;201400028302;0;7;0;0.0;1.0;0.0;1.0;A01
42703;201400028303;0;7;0;0.0;1.0;3.0;15.0;A01
42704;201400028304;0;1;0;0.0;1.0;1.0;0.0;A01
42705;201400028305;0;7;0;0.0;2.0;3.0;16.0;A01
42706;201400028305;0;7;0;0.0;2.0;2.0;2.0;B01
42707;201400028307;0;7;0;0.0;1.0;1.0;0.0;A01
42708;201400028308;0;7;0;0.0;2.0;1.0;2.0;A01
42709;201400028308;0;7;0;0.0;2.0;4.0;2.0;B01
42710;201400028309;0;7;0;0.0;1.0;3.0;1.0;A01
42711;201400028310;0;7;0;6.0;0.0;1.0;1.0;A01
42712;201400028311;0;7;0;8.0;9.0;3.0;0.0;A01
42713;201400028313;0;7;0;0.0;0.0;9.0;0.0;A01
42714;201400028314;0;30;0;0.0;2.0;2.0;21.0;A01
42715;201400028314;0;14;0;0.0;2.0;3.0;15.0;B01
42716;201400028315;0;1;0;0.0;2.0;1.0;15.0;A01
42717;201400028315;0;7;0;0.0;2.0;3.0;1.0;B01
42718;201400028315;0;7;0;0.0;2.0;6.0;1.0;C01
42719;201400028316;0;7;0;0.0;9.0;3.0;0.0;A01
42720;201400028316;0;31;0;0.0;2.0;1.0;0.0;B01
42721;201400028317;0;7;0;0.0;2.0;7.0;1.0;A01
42722;201400028317;0;7;0;0.0;2.0;1.0;1.0;B01
42723;201400028318;0;7;0;0.0;9.0;2.0;9.0;A01
42724;201400028318;0;2;0;0.0;2.0;1.0;1.0;B01
42725;201400028319;0;7;0;0.0;2.0;3.0;11.0;A01
42726;201400028319;0;14;0;0.0;2.0;2.0;1.0;B01