;Num_Acc;senc;catv;occutc;obs;obsm;choc;manv;num_veh
43571;201400028878;0;7;0;0.0;1.0;2.0;1.0;A01
43572;201400028880;0;30;0;16.0;0.0;7.0;1.0;A01
43573;201400028881;0;7;0;0.0;2.0;3.0;19.0;A01
43574;201400028881;0;7;0;0.0;2.0;1.0;1.0;B01
43575;201400028883;0;7;0;0.0;2.0;1.0;15.0;A01
43576;201400028883;0;33;0;0.0;2.0;1.0;13.0;B01
43577;201400028884;0;7;0;0.0;2.0;1.0;2.0;A01
43578;201400028884;0;7;0;0.0;2.0;4.0;2.0;B01
43579;201400028886;0;7;0;0.0;2.0;2.0;15.0;A01
43580;201400028886;0;7;0;0.0;2.0;3.0;1.0;B01
43581;201400028889;0;30;0;0.0;2.0;1.0;2.0;A01
43582;201400028889;0;7;0;0.0;0.0;4.0;2.0;B01
43583;201400028890;0;2;0;16.0;0.0;1.0;1.0;A01
43584;201400028891;0;30;0;0.0;2.0;1.0;1.0;B01
43585;201400028891;0;7;0;0.0;2.0;3.0;15.0;A01
43586;201400028892;0;7;0;0.0;2.0;3.0;1.0;B01
43587;201400028892;0;7;0;0.0;2.0;1.0;1.0;A01
43588;201400028893;0;7;0;0.0;2.0;1.0;2.0;A01
43589;201400028893;0;7;0;0.0;2.0;4.0;2.0;B01
43590;201400028894;0;3;0;0.0;1.0;1.0;16.0;A01
43591;201400028896;0;30;0;0.0;2.0;2.0;17.0;B01
43592;201400028896;0;10;0;0.0;2.0;3.0;1.0;A01
43593;201400028897;1;7;0;0.0;1.0;2.0;0.0;Z01
43594;201400028898;0;1;0;0.0;2.0;1.0;1.0;B01
43595;201400028898;0;1;0;0.0;2.0;1.0;13.0;A01
43596;201400028899;0;37;0;0.0;1.0;2.0;1.0;A01
43597;201400028900;0;7;0;0.0;1.0;7.0;1.0;A01
43598;201400028901;0;7;0;16.0;0.0;1.0;14.0;A01
43599;201400028902;0;30;0;0.0;2.0;1.0;9.0;A01
43600;201400028902;0;7;0;0.0;2.0;3.0;1.0;B01
43601;201400028903;0;7;0;0.0;2.0;4.0;2.0;B01
43602;201400028903;0;30;0;0.0;2.0;1.0;2.0;A01
43603;201400028904;0;7;0;0.0;1.0;1.0;1.0;A01
43604;201400028906;0;1;0;0.0;5.0;1.0;1.0;B01
43605;201400028907;0;10;0;0.0;2.0;1.0;2.0;A01
43606;201400028907;0;7;0;0.0;2.0;4.0;23.0;B01
43607;201400028908;0;7;0;6.0;0.0;3.0;13.0;A01
43608;201400028909;0;7;0;0.0;2.0;4.0;23.0;B01
43609;201400028909;0;7;0;0.0;2.0;1.0;2.0;A01
43610;201400028909;0;7;0;0.0;2.0;4.0;23.0;C01
43611;201400028909;0;7;0;0.0;2.0;4.0;23.0;D01
43612;201400028910;0;30;0;0.0;2.0;1.0;17.0;A01
43613;201400028910;0;7;0;0.0;2.0;3.0;9.0;B01
43614;201400028911;0;7;0;0.0;1.0;1.0;1.0;A01
43615;201400028912;0;3;0;0.0;1.0;1.0;1.0;A01
43616;201400028913;0;7;0;0.0;2.0;1.0;2.0;B01
43617;201400028913;0;7;0;0.0;2.0;4.0;2.0;A01
43618;201400028914;0;7;0;0.0;2.0;4.0;23.0;B01
43619;201400028914;0;7;0;0.0;2.0;1.0;2.0;A01
43620;201400028915;0;37;3;0.0;2.0;7.0;15.0;A01
43621;201400028915;0;30;0;0.0;2.0;1.0;1.0;B01
43622;201400028916;0;7;0;0.0;2.0;2.0;19.0;A01
43623;201400028916;0;7;0;0.0;2.0;2.0;1.0;B01
43624;201400028917;0;7;0;15.0;0.0;2.0;14.0;A01
43625;201400028918;1;7;0;0.0;1.0;1.0;1.0;A01
43626;201400028919;0;7;0;0.0;2.0;1.0;2.0;A01
43627;201400028919;0;37;4;0.0;2.0;2.0;1.0;C01
43628;201400028919;0;31;0;0.0;2.0;4.0;1.0;B01
43629;201400028920;0;31;0;0.0;2.0;1.0;2.0;A01
43630;201400028920;0;7;0;0.0;2.0;4.0;1.0;B01
43631;201400028921;0;7;0;0.0;2.0;1.0;2.0;A01
43632;201400028921;0;7;0;0.0;2.0;4.0;23.0;C01
43633;201400028921;0;7;0;0.0;2.0;4.0;23.0;B01
43634;201400028922;0;7;0;0.0;2.0;2.0;15.0;A01
43635;201400028922;0;7;0;0.0;2.0;1.0;1.0;B01
43636;201400028923;0;7;0;0.0;2.0;4.0;1.0;A01
43637;201400028923;0;7;0;0.0;2.0;1.0;2.0;B01
43638;201400028924;0;7;0;0.0;2.0;1.0;1.0;B01
43639;201400028924;0;7;0;0.0;2.0;1.0;13.0;A01
43640;201400028925;0;7;0;0.0;1.0;1.0;1.0;A01
43641;201400028926;0;30;0;0.0;2.0;1.0;9.0;B01
43642;201400028926;0;30;0;0.0;2.0;2.0;1.0;A01
43643;201400028927;0;7;0;0.0;2.0;1.0;1.0;B01
43644;201400028927;0;33;0;1.0;2.0;1.0;13.0;A01
43645;201400028928;0;7;0;0.0;1.0;3.0;9.0;A01
43646;201400028929;0;30;0;0.0;2.0;2.0;15.0;A01
43647;201400028929;0;7;0;0.0;2.0;2.0;1.0;B01
43648;201400028930;0;7;0;0.0;2.0;2.0;2.0;A01
43649;201400028930;0;7;0;0.0;0.0;1.0;15.0;B01
43650;201400028931;0;7;0;0.0;0.0;0.0;1.0;A01
43651;201400028932;0;7;0;0.0;2.0;8.0;10.0;A01
43652;201400028932;0;7;0;0.0;2.0;2.0;1.0;B01
43653;201400028933;0;7;0;0.0;2.0;2.0;15.0;A01
43654;201400028933;0;1;0;0.0;0.0;1.0;1.0;B01
43655;201400028934;0;33;0;12.0;0.0;2.0;1.0;A01
43656;201400028935;0;7;0;6.0;0.0;1.0;1.0;A01
43657;201400028936;0;7;0;0.0;0.0;8.0;9.0;A01
43658;201400028936;0;7;0;0.0;2.0;1.0;1.0;B01
43659;201400028937;0;7;0;2.0;0.0;1.0;14.0;A01
43660;201400028938;0;1;0;6.0;0.0;1.0;13.0;A01
43661;201400028939;0;30;0;0.0;2.0;7.0;1.0;A01
43662;201400028939;0;7;0;0.0;2.0;1.0;9.0;B01
43663;201400028940;0;2;0;0.0;0.0;1.0;1.0;A01
43664;201400028941;0;30;0;0.0;0.0;4.0;2.0;B01
43665;201400028941;0;7;0;0.0;0.0;2.0;2.0;A01
43666;201400028942;0;7;0;0.0;2.0;3.0;1.0;B01
43667;201400028942;0;7;0;0.0;2.0;6.0;15.0;A01
43668;201400028943;0;7;0;0.0;2.0;3.0;15.0;A01
43669;201400028943;0;7;0;0.0;2.0;2.0;1.0;B01
43670;201400028944;0;7;0;0.0;1.0;5.0;1.0;A01
43671;201400028945;0;7;0;0.0;2.0;1.0;2.0;A01
43672;201400028945;0;7;0;0.0;2.0;4.0;2.0;B01
43673;201400028945;0;7;0;0.0;2.0;4.0;23.0;C01
43674;201400028946;0;7;0;0.0;1.0;2.0;1.0;A01
43675;201400028947;0;7;0;0.0;2.0;1.0;1.0;B01
43676;201400028947;0;7;0;0.0;2.0;1.0;13.0;A01
43677;201400028948;0;7;0;0.0;2.0;8.0;15.0;B01
43678;201400028948;0;30;0;0.0;2.0;1.0;6.0;A01
43679;201400028949;0;7;0;15.0;0.0;1.0;1.0;A01
43680;201400028950;1;7;0;0.0;1.0;3.0;1.0;A01
43681;201400028951;0;7;0;0.0;1.0;3.0;1.0;A01
43682;201400028952;0;33;0;0.0;1.0;2.0;1.0;A01
43683;201400028953;0;7;0;15.0;0.0;1.0;1.0;A01
43684;201400028954;0;7;0;0.0;2.0;1.0;2.0;A01
43685;201400028954;0;7;0;0.0;0.0;4.0;1.0;B01
43686;201400028955;0;7;0;0.0;1.0;2.0;14.0;A01
43687;201400028956;0;7;0;0.0;2.0;4.0;2.0;C01
43688;201400028956;0;7;0;0.0;2.0;4.0;2.0;B01
43689;201400028956;0;7;0;0.0;2.0;1.0;2.0;A01
43690;201400028956;0;7;0;0.0;0.0;4.0;2.0;D01
43691;201400028957;0;7;0;0.0;2.0;1.0;1.0;A01
43692;201400028957;0;7;0;0.0;2.0;1.0;1.0;B01
43693;201400028958;0;1;0;0.0;0.0;1.0;1.0;A01
43694;201400028959;0;7;0;0.0;1.0;1.0;1.0;A01
43695;201400028960;0;7;0;0.0;2.0;2.0;13.0;A01
43696;201400028960;0;7;0;0.0;2.0;2.0;1.0;B01
43697;201400028961;0;7;0;0.0;9.0;2.0;2.0;A01
43698;201400028961;0;1;0;0.0;2.0;3.0;13.0;B01
43699;201400028962;0;7;0;0.0;2.0;3.0;15.0;A01
43700;201400028962;0;30;0;0.0;2.0;1.0;1.0;B01
43701;201400028963;0;7;0;0.0;2.0;1.0;13.0;A01
43702;201400028963;0;33;0;0.0;2.0;1.0;1.0;B01
43703;201400028964;0;30;0;0.0;2.0;1.0;13.0;A01
43704;201400028964;0;31;0;0.0;2.0;7.0;1.0;B01
43705;201400028965;0;7;0;0.0;1.0;1.0;11.0;A01
43706;201400028966;0;30;0;0.0;2.0;1.0;1.0;B01
43707;201400028966;0;7;0;0.0;2.0;3.0;9.0;A01
43708;201400028967;0;31;0;0.0;2.0;1.0;1.0;B01
43709;201400028967;0;7;0;0.0;2.0;2.0;15.0;A01
43710;201400028969;0;7;0;2.0;0.0;2.0;14.0;A01
43711;201400028970;0;7;0;0.0;2.0;1.0;15.0;A01
43712;201400028970;0;7;0;0.0;2.0;2.0;1.0;B01
43713;201400028971;0;7;0;0.0;2.0;1.0;2.0;A01
43714;201400028971;0;7;0;0.0;2.0;4.0;2.0;B01
43715;201400028971;0;7;0;0.0;2.0;5.0;2.0;C01
43716;201400028972;0;7;0;0.0;2.0;1.0;2.0;A01
43717;201400028972;0;10;0;0.0;2.0;4.0;23.0;B01
43718;201400028974;0;7;0;0.0;9.0;4.0;2.0;B01
43719;201400028974;0;1;0;0.0;2.0;1.0;2.0;A01
43720;201400028976;0;7;0;0.0;2.0;1.0;1.0;A01
43721;201400028976;0;34;0;0.0;2.0;1.0;1.0;B01
43722;201400028977;0;7;0;6.0;0.0;1.0;13.0;A01
43723;201400028978;0;7;0;13.0;0.0;1.0;1.0;A01
43724;201400028979;0;2;0;16.0;0.0;7.0;1.0;A01
43725;201400028981;0;7;0;0.0;1.0;3.0;16.0;A01
43726;201400028982;0;7;0;0.0;2.0;3.0;9.0;A01
43727;201400028982;0;34;0;0.0;2.0;2.0;1.0;B01
43728;201400028983;0;31;0;0.0;0.0;7.0;1.0;A01
43729;201400028984;0;2;0;0.0;2.0;2.0;1.0;B01
43730;201400028984;0;7;0;0.0;2.0;3.0;9.0;A01
43731;201400028985;0;30;0;0.0;0.0;0.0;1.0;A01
43732;201400028986;0;7;0;0.0;1.0;2.0;1.0;A01
43733;201400028987;0;2;0;0.0;2.0;3.0;2.0;A01
43734;201400028987;0;7;0;0.0;2.0;2.0;16.0;B01
43735;201400028988;0;30;0;0.0;0.0;0.0;1.0;A01
43736;201400028989;0;2;0;0.0;0.0;1.0;1.0;A01
43737;201400028990;0;7;0;9.0;0.0;3.0;21.0;A01
43738;201400028991;0;30;0;0.0;2.0;1.0;1.0;B01
43739;201400028991;0;7;0;0.0;2.0;1.0;9.0;A01
43740;201400028992;0;7;0;6.0;0.0;3.0;13.0;A01
43741;201400028993;0;7;0;1.0;0.0;6.0;13.0;A01
43742;201400028994;0;7;0;0.0;0.0;1.0;1.0;A01
43743;201400028995;0;7;0;0.0;9.0;5.0;9.0;A01
43744;201400028995;0;30;0;0.0;2.0;3.0;1.0;B01
43745;201400028996;0;7;0;0.0;2.0;3.0;23.0;B01
43746;201400028996;0;7;0;0.0;2.0;1.0;13.0;A01
43747;201400028997;0;7;0;0.0;1.0;2.0;1.0;A01
43748;201400028998;0;7;0;2.0;0.0;1.0;1.0;A01
43749;201400028999;0;7;0;0.0;2.0;1.0;1.0;A01
43750;201400028999;0;7;0;0.0;2.0;6.0;15.0;C01
43751;201400028999;0;7;0;0.0;2.0;1.0;1.0;B01
43752;201400029000;0;30;0;0.0;2.0;1.0;21.0;A01
43753;201400029000;0;7;0;0.0;2.0;3.0;15.0;B01
43754;201400029001;0;7;0;0.0;2.0;1.0;2.0;A01
43755;201400029001;0;7;0;0.0;2.0;4.0;15.0;B01
43756;201400029002;0;30;0;0.0;2.0;1.0;2.0;A01
43757;201400029002;0;7;0;0.0;0.0;4.0;2.0;B01
43758;201400029003;0;7;0;16.0;0.0;9.0;12.0;A01
43759;201400029004;0;7;0;0.0;2.0;8.0;9.0;A01
43760;201400029004;0;7;0;0.0;2.0;2.0;9.0;B01
43761;201400029005;0;7;0;0.0;0.0;1.0;2.0;C01
43762;201400029005;0;7;0;0.0;2.0;4.0;2.0;B01
43763;201400029005;0;7;0;0.0;0.0;4.0;2.0;A01
43764;201400029006;0;7;0;2.0;0.0;1.0;6.0;A01
43765;201400029007;0;7;0;0.0;2.0;1.0;1.0;A01
43766;201400029007;0;2;0;0.0;2.0;7.0;15.0;B01
43767;201400029009;0;7;0;0.0;2.0;1.0;2.0;A01
43768;201400029009;0;7;0;0.0;2.0;4.0;2.0;B01
43769;201400029009;0;7;0;0.0;2.0;1.0;2.0;C01
43770;201400029009;0;7;0;0.0;2.0;1.0;2.0;D01
43771;201400029010;0;7;0;0.0;2.0;1.0;9.0;A01
43772;201400029010;0;7;0;0.0;2.0;3.0;1.0;B01
43773;201400029013;0;2;0;6.0;0.0;1.0;1.0;A01
43774;201400029016;0;7;0;0.0;9.0;9.0;14.0;A01
43775;201400029017;0;7;0;0.0;2.0;1.0;1.0;B01
43776;201400029017;0;7;0;0.0;0.0;2.0;19.0;A01
43777;201400029018;0;7;0;0.0;0.0;1.0;0.0;A01
43778;201400029018;0;7;0;0.0;2.0;1.0;1.0;B01
43779;201400029020;0;7;0;0.0;2.0;4.0;13.0;A01
43780;201400029020;0;7;0;0.0;0.0;1.0;1.0;B01
43781;201400029021;0;7;0;8.0;2.0;8.0;15.0;A01
43782;201400029021;0;33;0;0.0;2.0;1.0;17.0;B01
43783;201400029022;0;1;0;0.0;0.0;1.0;1.0;B01
43784;201400029022;0;10;0;0.0;2.0;3.0;15.0;A01
43785;201400029023;0;7;0;0.0;1.0;2.0;1.0;A01
43786;201400029024;0;7;0;0.0;0.0;9.0;1.0;A01
43787;201400029025;0;33;0;0.0;2.0;1.0;1.0;B01
43788;201400029025;0;7;0;0.0;2.0;8.0;9.0;A01
43789;201400029026;0;7;0;0.0;1.0;3.0;1.0;A01
43790;201400029027;0;7;0;8.0;0.0;1.0;6.0;A01
43791;201400029028;0;7;0;3.0;0.0;2.0;1.0;A01
43792;201400029029;0;7;0;0.0;1.0;1.0;1.0;A01
43793;201400029030;0;17;0;0.0;2.0;2.0;17.0;A01
43794;201400029030;0;30;0;0.0;0.0;4.0;13.0;B01
43795;201400029031;0;10;0;0.0;1.0;2.0;15.0;A01
43796;201400029032;0;15;0;0.0;2.0;3.0;23.0;B01
43797;201400029032;0;7;0;0.0;2.0;3.0;15.0;A01
43798;201400029033;0;3;0;8.0;0.0;1.0;1.0;A01
43799;201400029034;0;1;0;0.0;2.0;1.0;1.0;B01
43800;201400029034;1;7;0;0.0;2.0;1.0;13.0;A01
43801;201400029035;0;31;0;0.0;2.0;1.0;8.0;B01
43802;201400029035;0;7;0;0.0;2.0;3.0;19.0;A01
43803;201400029036;0;7;0;0.0;2.0;2.0;15.0;A01
43804;201400029036;0;33;0;0.0;2.0;1.0;1.0;B01
43805;201400029037;0;15;0;0.0;2.0;2.0;1.0;B01
43806;201400029037;0;7;0;0.0;2.0;3.0;10.0;A01
43807;201400029038;0;7;0;0.0;0.0;5.0;15.0;A01
43808;201400029038;0;2;0;0.0;2.0;1.0;1.0;B01
43809;201400029039;0;7;0;0.0;2.0;5.0;17.0;B01
43810;201400029039;0;10;0;2.0;2.0;3.0;13.0;A01
43811;201400029040;0;1;0;0.0;1.0;0.0;10.0;A01
43812;201400029041;0;7;0;0.0;2.0;3.0;0.0;B01
43813;201400029041;0;34;0;0.0;2.0;1.0;17.0;C01
43814;201400029042;0;1;0;0.0;0.0;8.0;2.0;B01
43815;201400029042;0;10;0;0.0;2.0;2.0;2.0;A01
43816;201400029043;0;7;0;0.0;1.0;3.0;1.0;A01
43817;201400029044;0;7;0;0.0;2.0;2.0;13.0;A01
43818;201400029044;0;7;0;0.0;2.0;2.0;1.0;B01
43819;201400029045;0;7;0;0.0;2.0;1.0;3.0;A01
43820;201400029045;0;1;0;0.0;2.0;1.0;15.0;B01
43821;201400029047;0;33;0;0.0;2.0;1.0;21.0;B01
43822;201400029047;0;7;0;0.0;2.0;3.0;9.0;A01
43823;201400029048;0;7;0;6.0;0.0;1.0;13.0;A01
43824;201400029049;0;2;0;0.0;2.0;3.0;1.0;A01
43825;201400029049;0;10;0;0.0;2.0;3.0;9.0;B01
43826;201400029050;0;31;0;0.0;2.0;0.0;17.0;A01
43827;201400029050;0;7;0;0.0;2.0;8.0;15.0;B01
43828;201400029051;0;7;0;0.0;2.0;1.0;0.0;A01
43829;201400029051;0;15;0;0.0;2.0;8.0;0.0;C01
43830;201400029051;0;7;0;0.0;2.0;1.0;0.0;B01
43831;201400029052;0;2;0;1.0;0.0;0.0;0.0;A01
43832;201400029053;0;7;0;0.0;1.0;1.0;1.0;A01
43833;201400029055;0;7;0;0.0;1.0;1.0;1.0;A01
43834;201400029056;0;7;0;0.0;1.0;2.0;1.0;A01
43835;201400029057;0;7;0;0.0;1.0;2.0;1.0;A01
43836;201400029059;0;7;0;0.0;1.0;1.0;17.0;A01
43837;201400029060;0;7;0;0.0;2.0;1.0;1.0;B01
43838;201400029060;0;7;0;0.0;2.0;2.0;19.0;A01
43839;201400029060;0;7;0;0.0;2.0;1.0;1.0;C01
43840;201400029061;0;7;0;0.0;1.0;2.0;1.0;A01
43841;201400029062;0;7;0;0.0;2.0;1.0;1.0;A01
43842;201400029062;0;7;0;0.0;2.0;8.0;1.0;B01
43843;201400029063;0;7;0;0.0;2.0;4.0;23.0;C01
43844;201400029063;0;7;0;1.0;2.0;8.0;1.0;A01
43845;201400029063;0;7;0;0.0;2.0;4.0;23.0;E01
43846;201400029063;0;7;0;0.0;2.0;4.0;23.0;D01
43847;201400029064;0;7;0;0.0;1.0;4.0;0.0;A01
43848;201400029065;0;10;0;0.0;2.0;1.0;1.0;A01
43849;201400029065;0;7;0;2.0;0.0;4.0;23.0;B01
43850;201400029066;0;7;0;0.0;1.0;2.0;1.0;A01
43851;201400029068;0;7;0;0.0;1.0;1.0;1.0;A01
43852;201400029069;0;7;0;0.0;2.0;1.0;1.0;B01
43853;201400029069;0;7;0;0.0;2.0;7.0;1.0;A01
43854;201400029070;0;7;0;0.0;2.0;1.0;1.0;A01
43855;201400029070;0;30;0;0.0;2.0;8.0;1.0;B01
43856;201400029071;1;7;0;0.0;2.0;3.0;5.0;B01
43857;201400029071;0;7;0;0.0;2.0;2.0;1.0;A01
43858;201400029072;0;30;0;0.0;2.0;1.0;2.0;A01
43859;201400029072;0;7;0;0.0;2.0;5.0;2.0;B01
43860;201400029073;0;7;0;0.0;2.0;7.0;15.0;A01
43861;201400029073;0;10;0;0.0;2.0;3.0;1.0;C01
43862;201400029073;0;33;0;0.0;2.0;1.0;1.0;B01
43863;201400029074;0;7;0;0.0;2.0;8.0;15.0;A01
43864;201400029074;0;33;0;0.0;2.0;1.0;1.0;B01
43865;201400029076;0;30;0;1.0;0.0;1.0;1.0;A01
43866;201400029077;0;7;0;0.0;1.0;2.0;1.0;A01
43867;201400029078;1;99;0;0.0;1.0;2.0;0.0;A01
43868;201400029079;0;7;0;0.0;1.0;1.0;16.0;A01
43869;201400029080;0;7;0;0.0;2.0;6.0;13.0;B01
43870;201400029080;0;32;0;0.0;2.0;7.0;17.0;A01
43871;201400029081;0;7;0;0.0;2.0;4.0;23.0;C01
43872;201400029081;0;7;0;0.0;2.0;4.0;23.0;B01
43873;201400029081;0;10;0;0.0;2.0;1.0;1.0;A01
43874;201400029082;0;10;0;1.0;2.0;2.0;1.0;B01
43875;201400029082;0;7;0;1.0;2.0;7.0;9.0;A01
43876;201400029083;0;1;0;0.0;1.0;1.0;1.0;B01
43877;201400029084;0;7;0;0.0;1.0;1.0;1.0;A01
43878;201400029086;0;1;0;0.0;2.0;3.0;5.0;A01
43879;201400029086;0;7;0;0.0;2.0;8.0;15.0;B01
43880;201400029087;0;33;0;6.0;2.0;2.0;0.0;A01
43881;201400029087;0;7;0;0.0;2.0;3.0;1.0;B01
43882;201400029088;0;7;0;0.0;2.0;6.0;23.0;B01
43883;201400029088;1;10;0;0.0;2.0;1.0;2.0;Z01
43884;201400029090;0;7;0;0.0;2.0;8.0;15.0;A01
43885;201400029090;0;2;0;0.0;2.0;2.0;2.0;B01
43886;201400029091;0;7;0;0.0;2.0;1.0;9.0;A01
43887;201400029091;0;7;0;0.0;2.0;7.0;1.0;B01
43888;201400029092;0;7;0;0.0;2.0;2.0;5.0;A01
43889;201400029092;0;7;0;0.0;2.0;2.0;1.0;B01
43890;201400029093;0;2;0;1.0;0.0;1.0;1.0;A01
43891;201400029094;0;33;0;0.0;2.0;1.0;1.0;B01
43892;201400029094;0;7;0;0.0;2.0;1.0;15.0;A01
43893;201400029095;0;7;0;0.0;2.0;1.0;19.0;A01
43894;201400029095;0;33;0;0.0;2.0;7.0;1.0;B01
43895;201400029096;1;2;0;0.0;1.0;1.0;0.0;Z01
43896;201400029098;0;7;0;0.0;2.0;1.0;1.0;B01
43897;201400029098;0;7;0;0.0;2.0;1.0;1.0;A01
43898;201400029098;0;7;0;0.0;2.0;2.0;1.0;D01
43899;201400029099;0;7;0;0.0;2.0;1.0;17.0;A01
43900;201400029099;0;7;0;0.0;2.0;1.0;1.0;B01
43901;201400029100;0;7;0;0.0;2.0;1.0;2.0;B01
43902;201400029100;0;2;0;0.0;2.0;8.0;10.0;A01
43903;201400029101;0;7;0;0.0;2.0;8.0;15.0;A01
43904;201400029101;0;33;0;0.0;2.0;1.0;1.0;B01
43905;201400029102;0;7;0;0.0;2.0;1.0;21.0;A01
43906;201400029102;0;1;0;0.0;2.0;8.0;9.0;B01
43907;201400029103;0;7;0;0.0;2.0;1.0;1.0;B01
43908;201400029103;0;7;0;0.0;2.0;7.0;1.0;A01
43909;201400029104;0;2;0;0.0;2.0;1.0;1.0;B01
43910;201400029104;0;10;0;0.0;2.0;2.0;15.0;A01
43911;201400029105;0;7;0;0.0;1.0;1.0;0.0;A01
43912;201400029106;0;7;0;0.0;2.0;1.0;16.0;A01
43913;201400029106;0;1;0;0.0;2.0;5.0;15.0;B01
43914;201400029107;0;2;0;0.0;1.0;1.0;17.0;A01
43915;201400029108;0;7;0;0.0;1.0;1.0;1.0;A01
43916;201400029109;0;7;0;0.0;1.0;2.0;1.0;A01
43917;201400029110;0;7;0;0.0;2.0;1.0;15.0;A01
43918;201400029110;0;30;0;0.0;2.0;1.0;1.0;B01
43919;201400029111;0;14;0;0.0;2.0;5.0;15.0;B01
43920;201400029111;0;33;0;0.0;2.0;1.0;1.0;A01
43921;201400029113;0;7;0;0.0;2.0;1.0;1.0;A01
43922;201400029113;0;7;0;0.0;2.0;3.0;1.0;B01
43923;201400029114;0;7;0;0.0;2.0;3.0;15.0;A01
43924;201400029114;0;33;0;0.0;2.0;7.0;17.0;B01
43925;201400029115;0;7;0;2.0;0.0;8.0;14.0;A01
43926;201400029116;0;7;0;0.0;0.0;4.0;2.0;B01
43927;201400029116;0;7;0;0.0;2.0;1.0;2.0;A01
43928;201400029117;0;1;0;0.0;2.0;8.0;15.0;B01
43929;201400029117;1;7;0;0.0;2.0;7.0;6.0;A01
43930;201400029118;0;31;0;0.0;2.0;8.0;21.0;A01
43931;201400029118;0;7;0;0.0;2.0;7.0;16.0;B01
43932;201400029119;0;32;0;0.0;1.0;1.0;21.0;A01
43933;201400029120;0;7;0;11.0;0.0;1.0;1.0;A01
43934;201400029122;0;7;0;8.0;0.0;1.0;1.0;A01
43935;201400029124;0;7;0;0.0;2.0;8.0;21.0;B01
43936;201400029124;0;10;0;0.0;2.0;1.0;1.0;A01
43937;201400029125;0;7;0;0.0;1.0;1.0;21.0;A01
43938;201400029126;0;7;0;0.0;2.0;1.0;1.0;B01
43939;201400029126;0;7;0;0.0;2.0;1.0;13.0;A01
43940;201400029127;0;7;0;0.0;2.0;1.0;21.0;B01
43941;201400029127;0;7;0;0.0;2.0;7.0;13.0;A01
43942;201400029128;1;1;0;0.0;2.0;8.0;1.0;B01
43943;201400029128;0;7;0;0.0;2.0;2.0;16.0;A01
43944;201400029129;0;33;0;13.0;0.0;1.0;14.0;A01
43945;201400029130;0;2;0;0.0;0.0;7.0;21.0;A01
43946;201400029131;0;7;0;0.0;0.0;9.0;13.0;A01
43947;201400029132;0;36;0;8.0;0.0;9.0;14.0;A01
43948;201400029134;0;7;0;0.0;2.0;8.0;4.0;A01
43949;201400029134;0;1;0;0.0;2.0;1.0;1.0;B01
43950;201400029135;0;7;0;0.0;2.0;1.0;21.0;A01
43951;201400029135;0;7;0;0.0;2.0;4.0;23.0;B01
43952;201400029136;0;7;0;13.0;0.0;7.0;13.0;A01
43953;201400029137;0;7;0;0.0;2.0;8.0;22.0;A01
43954;201400029137;0;7;0;0.0;2.0;7.0;17.0;C01
43955;201400029137;0;1;0;1.0;2.0;1.0;1.0;B01
43956;201400029138;0;7;0;0.0;1.0;4.0;0.0;A01
43957;201400029139;0;7;0;0.0;1.0;0.0;0.0;A01
43958;201400029140;0;13;0;0.0;9.0;4.0;1.0;A01
43959;201400029140;0;1;0;0.0;2.0;1.0;0.0;B01
43960;201400029142;0;7;0;0.0;2.0;1.0;0.0;A01
43961;201400029142;0;7;0;0.0;2.0;3.0;1.0;B01
43962;201400029143;0;10;0;0.0;1.0;5.0;16.0;A01
43963;201400029144;0;33;0;0.0;2.0;0.0;1.0;B01
43964;201400029144;0;7;0;0.0;2.0;1.0;13.0;A01
43965;201400029145;0;36;0;15.0;0.0;1.0;1.0;A01
43966;201400029146;0;3;0;8.0;0.0;1.0;0.0;A01
43967;201400029147;0;7;0;8.0;0.0;1.0;0.0;A01
43968;201400029148;0;7;0;0.0;1.0;3.0;1.0;A01
43969;201400029149;0;17;0;2.0;0.0;1.0;14.0;A01
43970;201400029150;0;31;0;0.0;0.0;0.0;16.0;A01
43971;201400029152;0;7;0;0.0;1.0;1.0;1.0;A01
43972;201400029153;0;2;0;0.0;2.0;1.0;1.0;B01
43973;201400029153;0;7;0;0.0;2.0;7.0;15.0;A01
43974;201400029154;0;7;0;0.0;1.0;4.0;4.0;A01
43975;201400029155;0;7;0;0.0;1.0;1.0;0.0;A01
43976;201400029156;0;7;0;0.0;1.0;2.0;1.0;A01
43977;201400029157;0;7;0;0.0;1.0;8.0;1.0;A01
43978;201400029158;0;2;0;0.0;2.0;1.0;1.0;B01
43979;201400029158;0;7;0;0.0;2.0;3.0;1.0;A01
43980;201400029159;0;7;0;0.0;1.0;3.0;1.0;A01
43981;201400029161;0;7;0;2.0;0.0;1.0;1.0;A01
43982;201400029162;0;7;0;0.0;2.0;1.0;2.0;A01
43983;201400029162;0;7;0;0.0;2.0;4.0;2.0;B01
43984;201400029162;0;10;0;0.0;2.0;4.0;2.0;C01
43985;201400029162;0;7;0;0.0;2.0;4.0;2.0;D01
43986;201400029163;0;1;0;0.0;2.0;1.0;5.0;A01
43987;201400029163;0;7;0;0.0;2.0;2.0;1.0;B01
43988;201400029164;0;7;0;0.0;2.0;4.0;4.0;A01
43989;201400029164;0;1;0;0.0;2.0;1.0;1.0;B01
43990;201400029165;0;30;0;0.0;0.0;0.0;0.0;A01
43991;201400029166;0;7;0;0.0;2.0;1.0;2.0;A01
43992;201400029166;0;7;0;0.0;2.0;6.0;2.0;B01