;Num_Acc;senc;catv;occutc;obs;obsm;choc;manv;num_veh
44416;201400029445;0;1;0;0.0;2.0;1.0;1.0;A01
44417;201400029446;0;31;0;0.0;2.0;4.0;2.0;B01
44418;201400029446;0;7;0;0.0;2.0;1.0;2.0;A01
44419;201400029447;0;7;0;0.0;2.0;1.0;1.0;B01
44420;201400029447;0;7;0;0.0;2.0;1.0;15.0;A01
44421;201400029448;0;7;0;0.0;1.0;1.0;1.0;A01
44422;201400029449;0;7;0;0.0;2.0;2.0;0.0;A01
44423;201400029449;0;7;0;0.0;2.0;8.0;15.0;B01
44424;201400029450;0;99;0;0.0;1.0;1.0;1.0;A01
44425;201400029451;0;32;0;0.0;2.0;1.0;0.0;A01
44426;201400029451;0;7;0;0.0;2.0;7.0;15.0;B01
44427;201400029452;0;33;0;0.0;2.0;4.0;23.0;B01
44428;201400029452;0;7;0;0.0;2.0;1.0;2.0;A01
44429;201400029453;0;7;0;0.0;1.0;7.0;1.0;A01
44430;201400029454;0;2;0;0.0;0.0;1.0;0.0;A01
44431;201400029456;0;7;0;8.0;0.0;3.0;0.0;B01
44432;201400029456;1;7;0;0.0;2.0;0.0;0.0;A01
44433;201400029457;0;7;0;0.0;2.0;3.0;1.0;B01
44434;201400029457;0;1;0;1.0;2.0;2.0;9.0;A01
44435;201400029458;0;1;0;0.0;2.0;1.0;1.0;A01
44436;201400029458;0;7;0;0.0;9.0;1.0;1.0;B01
44437;201400029459;0;7;0;0.0;2.0;1.0;0.0;A01
44438;201400029459;0;7;0;0.0;2.0;2.0;0.0;B01
44439;201400029460;0;7;0;0.0;2.0;3.0;13.0;A01
44440;201400029460;0;7;0;0.0;2.0;3.0;1.0;B01
44441;201400029461;0;7;0;0.0;2.0;1.0;1.0;A01
44442;201400029461;0;7;0;1.0;2.0;2.0;1.0;B01
44443;201400029462;0;7;0;0.0;2.0;3.0;15.0;A01
44444;201400029462;0;37;15;0.0;2.0;7.0;7.0;B01
44445;201400029464;0;10;0;0.0;2.0;5.0;23.0;B01
44446;201400029464;0;1;0;0.0;2.0;2.0;1.0;A01
44447;201400029465;0;7;0;0.0;2.0;2.0;0.0;A01
44448;201400029465;0;31;0;0.0;2.0;7.0;1.0;B01
44449;201400029467;0;7;0;0.0;2.0;1.0;1.0;B01
44450;201400029467;0;13;0;1.0;2.0;3.0;1.0;A01
44451;201400029468;0;1;0;0.0;2.0;1.0;0.0;A01
44452;201400029468;0;7;0;0.0;2.0;2.0;1.0;B01
44453;201400029469;0;7;0;0.0;1.0;2.0;1.0;A01
44454;201400029470;0;7;0;0.0;2.0;2.0;1.0;B01
44455;201400029470;0;30;0;0.0;2.0;8.0;13.0;A01
44456;201400029471;0;7;0;0.0;1.0;1.0;0.0;A01
44457;201400029472;0;1;0;0.0;2.0;1.0;0.0;A01
44458;201400029472;0;7;0;0.0;2.0;6.0;0.0;B01
44459;201400029473;0;37;10;0.0;2.0;0.0;7.0;B01
44460;201400029473;1;7;0;0.0;0.0;0.0;16.0;Z01
44461;201400029474;1;7;0;0.0;1.0;0.0;0.0;Z01
44462;201400029475;0;33;0;0.0;1.0;0.0;1.0;A01
44463;201400029476;0;7;0;0.0;2.0;1.0;10.0;B01
44464;201400029476;2;7;0;0.0;2.0;1.0;5.0;A01
44465;201400029477;0;1;0;0.0;2.0;1.0;1.0;C01
44466;201400029477;0;1;0;0.0;2.0;1.0;1.0;B01
44467;201400029477;0;10;0;3.0;2.0;1.0;13.0;A01
44468;201400029477;0;1;0;0.0;2.0;1.0;1.0;D01
44469;201400029478;0;40;0;0.0;1.0;0.0;1.0;A01
44470;201400029479;0;7;0;9.0;2.0;4.0;2.0;B01
44471;201400029479;0;7;0;6.0;2.0;1.0;2.0;A01
44472;201400029480;0;7;0;0.0;2.0;1.0;2.0;A01
44473;201400029480;0;7;0;0.0;2.0;4.0;23.0;B01
44474;201400029481;0;7;0;0.0;1.0;1.0;1.0;A01
44475;201400029482;1;7;0;0.0;0.0;0.0;0.0;Z01
44476;201400029482;0;30;0;0.0;2.0;7.0;1.0;B01
44477;201400029483;1;7;0;0.0;1.0;0.0;1.0;Z01
44478;201400029484;0;7;0;0.0;2.0;7.0;1.0;A01
44479;201400029484;0;7;0;0.0;2.0;8.0;1.0;B01
44480;201400029485;0;7;0;12.0;0.0;2.0;1.0;A01
44481;201400029486;0;7;0;0.0;2.0;1.0;2.0;A01
44482;201400029486;0;7;0;0.0;2.0;4.0;2.0;B01
44483;201400029487;0;2;0;0.0;2.0;1.0;17.0;A01
44484;201400029487;0;7;0;0.0;9.0;8.0;15.0;B01
44485;201400029488;0;7;0;0.0;2.0;3.0;1.0;B01
44486;201400029488;0;7;0;0.0;2.0;2.0;1.0;A01
44487;201400029489;0;7;0;0.0;2.0;7.0;1.0;B01
44488;201400029489;0;7;0;0.0;2.0;8.0;10.0;A01
44489;201400029490;0;7;0;0.0;9.0;4.0;16.0;A01
44490;201400029490;0;1;0;0.0;2.0;1.0;1.0;B01
44491;201400029491;0;7;0;0.0;2.0;1.0;2.0;B01
44492;201400029491;0;7;0;0.0;2.0;4.0;2.0;A01
44493;201400029492;0;2;0;0.0;2.0;4.0;1.0;A01
44494;201400029492;0;7;0;0.0;9.0;1.0;1.0;B01
44495;201400029493;0;7;0;0.0;2.0;3.0;1.0;A01
44496;201400029493;0;7;0;0.0;2.0;8.0;1.0;B01
44497;201400029494;0;7;0;0.0;1.0;1.0;1.0;A01
44498;201400029495;0;7;0;0.0;2.0;4.0;2.0;D01
44499;201400029495;0;7;0;0.0;2.0;4.0;2.0;B01
44500;201400029495;0;7;0;0.0;0.0;4.0;2.0;C01
44501;201400029495;0;10;0;0.0;2.0;1.0;2.0;A01
44502;201400029496;0;7;0;0.0;1.0;7.0;1.0;A01
44503;201400029497;0;7;0;9.0;0.0;3.0;1.0;A01
44504;201400029498;1;7;0;0.0;1.0;0.0;0.0;Z01
44505;201400029499;0;7;0;0.0;2.0;1.0;2.0;A01
44506;201400029499;0;7;0;0.0;2.0;6.0;23.0;B01
44507;201400029500;0;30;0;0.0;0.0;0.0;1.0;A01
44508;201400029501;0;7;0;0.0;2.0;4.0;1.0;B01
44509;201400029501;0;1;0;0.0;2.0;1.0;1.0;A01
44510;201400029502;0;7;0;0.0;2.0;3.0;0.0;A01
44511;201400029502;0;1;0;0.0;2.0;4.0;0.0;B01
44512;201400029503;0;7;0;0.0;1.0;2.0;1.0;A01
44513;201400029504;0;7;0;6.0;0.0;1.0;0.0;A01
44514;201400029505;0;7;0;0.0;2.0;3.0;1.0;B01
44515;201400029505;0;1;0;0.0;2.0;1.0;8.0;A01
44516;201400029507;0;7;0;0.0;2.0;2.0;0.0;B01
44517;201400029507;0;1;0;0.0;2.0;1.0;0.0;A01
44518;201400029508;0;7;0;0.0;1.0;4.0;4.0;A01
44519;201400029509;0;7;0;0.0;2.0;2.0;15.0;A01
44520;201400029509;0;31;0;0.0;2.0;0.0;1.0;B01
44521;201400029510;0;7;0;0.0;2.0;4.0;2.0;B01
44522;201400029510;0;7;0;0.0;2.0;1.0;2.0;A01
44523;201400029511;1;7;0;0.0;2.0;5.0;1.0;A01
44524;201400029511;0;1;0;0.0;2.0;8.0;19.0;B01
44525;201400029512;0;7;0;0.0;2.0;3.0;13.0;A01
44526;201400029512;0;7;0;0.0;2.0;3.0;1.0;B01
44527;201400029513;0;37;4;0.0;2.0;0.0;1.0;B01
44528;201400029513;1;7;0;0.0;2.0;0.0;0.0;Z01
44529;201400029514;0;7;0;1.0;0.0;2.0;14.0;A01
44530;201400029515;0;37;1;0.0;1.0;1.0;1.0;A01
44531;201400029516;0;7;0;0.0;2.0;6.0;15.0;A01
44532;201400029516;0;40;0;0.0;2.0;1.0;1.0;B01
44533;201400029517;0;7;0;0.0;1.0;4.0;20.0;A01
44534;201400029519;0;7;0;0.0;1.0;2.0;1.0;A01
44535;201400029520;0;2;0;0.0;2.0;1.0;1.0;A01
44536;201400029520;0;7;0;0.0;2.0;4.0;1.0;B01
44537;201400029521;0;7;0;0.0;2.0;3.0;15.0;A01
44538;201400029521;0;7;0;0.0;2.0;3.0;1.0;B01
44539;201400029522;0;7;0;0.0;2.0;7.0;15.0;A01
44540;201400029522;0;7;0;0.0;2.0;1.0;1.0;B01
44541;201400029523;0;7;0;0.0;0.0;8.0;0.0;A01
44542;201400029524;0;7;0;0.0;2.0;8.0;10.0;A01
44543;201400029524;0;30;0;0.0;2.0;1.0;17.0;B01
44544;201400029525;0;7;0;0.0;1.0;1.0;1.0;A01
44545;201400029526;0;7;0;0.0;1.0;3.0;0.0;A01
44546;201400029527;0;37;1;0.0;2.0;6.0;1.0;B01
44547;201400029527;0;1;0;0.0;2.0;8.0;13.0;A01
44548;201400029528;0;7;0;0.0;1.0;2.0;1.0;A01
44549;201400029529;0;7;0;0.0;1.0;3.0;1.0;A01
44550;201400029530;0;37;0;0.0;2.0;1.0;1.0;A01
44551;201400029530;0;7;0;0.0;2.0;8.0;1.0;B01
44552;201400029531;0;7;0;0.0;2.0;1.0;2.0;A01
44553;201400029531;0;7;0;0.0;2.0;4.0;2.0;B01
44554;201400029532;0;1;0;0.0;2.0;1.0;1.0;B01
44555;201400029532;0;7;0;0.0;2.0;3.0;1.0;A01
44556;201400029534;0;7;0;0.0;1.0;1.0;15.0;A01
44557;201400029535;0;7;0;0.0;2.0;1.0;1.0;B01
44558;201400029535;0;7;0;0.0;2.0;1.0;15.0;A01
44559;201400029536;0;1;0;0.0;2.0;1.0;1.0;B01
44560;201400029536;0;7;0;0.0;2.0;2.0;16.0;A01
44561;201400029537;0;34;0;0.0;2.0;1.0;1.0;B01
44562;201400029537;0;7;0;0.0;2.0;3.0;15.0;A01
44563;201400029538;0;7;0;0.0;2.0;1.0;2.0;A01
44564;201400029538;0;7;0;0.0;2.0;4.0;2.0;B01
44565;201400029539;0;7;0;0.0;2.0;3.0;1.0;B01
44566;201400029539;1;7;0;0.0;2.0;0.0;15.0;Z01
44567;201400029540;1;7;0;0.0;1.0;2.0;1.0;Z01
44568;201400029541;1;33;0;0.0;0.0;0.0;2.0;Z01
44569;201400029541;0;2;0;0.0;0.0;8.0;1.0;A01
44570;201400029542;0;30;0;0.0;2.0;7.0;1.0;B01
44571;201400029542;0;7;0;0.0;2.0;3.0;13.0;A01
44572;201400029543;0;7;0;0.0;1.0;1.0;15.0;A01
44573;201400029544;0;7;0;0.0;2.0;1.0;1.0;A01
44574;201400029544;0;7;0;0.0;2.0;7.0;1.0;B01
44575;201400029545;0;7;0;0.0;1.0;1.0;1.0;A01
44576;201400029546;0;7;0;0.0;2.0;8.0;1.0;B01
44577;201400029546;1;7;0;0.0;2.0;1.0;1.0;Z01
44578;201400029547;1;7;0;0.0;1.0;0.0;0.0;Z01
44579;201400029548;0;7;0;0.0;1.0;5.0;1.0;A01
44580;201400029549;1;1;0;0.0;1.0;1.0;0.0;Z01
44581;201400029550;0;7;0;0.0;1.0;2.0;15.0;A01
44582;201400029551;0;7;0;0.0;2.0;8.0;24.0;A01
44583;201400029551;0;1;0;1.0;0.0;1.0;1.0;B01
44584;201400029553;0;7;0;0.0;0.0;5.0;0.0;B01
44585;201400029553;0;2;0;0.0;2.0;0.0;21.0;A01
44586;201400029554;0;7;0;0.0;1.0;1.0;1.0;A01
44587;201400029555;0;7;0;0.0;2.0;3.0;13.0;A01
44588;201400029555;0;7;0;0.0;2.0;3.0;1.0;B01
44589;201400029556;0;7;0;0.0;2.0;7.0;15.0;A01
44590;201400029556;0;7;0;0.0;2.0;2.0;1.0;B01
44591;201400029558;0;7;0;7.0;0.0;1.0;15.0;A01
44592;201400029559;0;7;0;0.0;2.0;1.0;15.0;B01
44593;201400029559;0;1;0;0.0;2.0;1.0;1.0;A01
44594;201400029560;0;7;0;0.0;2.0;4.0;23.0;B01
44595;201400029560;0;7;0;0.0;2.0;1.0;2.0;A01
44596;201400029561;0;7;0;0.0;2.0;6.0;1.0;C01
44597;201400029561;0;7;0;0.0;2.0;6.0;1.0;D01
44598;201400029561;0;10;0;0.0;2.0;4.0;23.0;G01
44599;201400029561;0;7;0;0.0;2.0;1.0;9.0;A02
44600;201400029561;0;10;0;0.0;2.0;4.0;19.0;F01
44601;201400029561;0;7;0;0.0;2.0;4.0;1.0;B02
44602;201400029561;0;10;0;0.0;2.0;3.0;1.0;E01
44603;201400029562;0;7;0;0.0;2.0;1.0;0.0;A01
44604;201400029562;0;7;0;0.0;2.0;1.0;0.0;C01
44605;201400029562;0;7;0;0.0;2.0;2.0;0.0;B01
44606;201400029563;0;7;0;0.0;2.0;1.0;2.0;A01
44607;201400029563;0;7;0;0.0;2.0;4.0;23.0;B01
44608;201400029566;0;7;0;0.0;1.0;1.0;1.0;A01
44609;201400029568;0;7;0;0.0;2.0;2.0;15.0;A01
44610;201400029568;0;30;0;0.0;2.0;1.0;1.0;B01
44611;201400029569;0;7;0;0.0;2.0;1.0;1.0;A01
44612;201400029569;0;40;0;0.0;2.0;3.0;1.0;B01
44613;201400029570;0;32;0;0.0;2.0;4.0;0.0;B01
44614;201400029570;0;7;0;0.0;2.0;3.0;0.0;A01
44615;201400029571;0;7;0;0.0;2.0;1.0;2.0;A01
44616;201400029571;0;7;0;0.0;2.0;4.0;2.0;B01
44617;201400029572;0;7;0;0.0;2.0;1.0;2.0;A01
44618;201400029572;0;7;0;0.0;2.0;4.0;2.0;B01
44619;201400029573;0;7;0;0.0;2.0;1.0;1.0;B01
44620;201400029573;0;7;0;0.0;2.0;7.0;1.0;A01
44621;201400029574;0;7;0;1.0;1.0;3.0;0.0;A01
44622;201400029575;0;7;0;0.0;2.0;4.0;2.0;B01
44623;201400029575;0;7;0;0.0;2.0;4.0;2.0;C01
44624;201400029575;0;7;0;0.0;2.0;1.0;2.0;A01
44625;201400029576;0;7;0;0.0;2.0;1.0;2.0;A01
44626;201400029576;0;7;0;0.0;2.0;1.0;2.0;C01
44627;201400029576;0;7;0;0.0;2.0;4.0;2.0;B01
44628;201400029577;0;7;0;0.0;2.0;8.0;1.0;B01
44629;201400029577;0;1;0;0.0;2.0;1.0;16.0;A01
44630;201400029578;0;7;0;0.0;2.0;1.0;13.0;A01
44631;201400029578;0;7;0;0.0;0.0;0.0;20.0;C01
44632;201400029578;0;10;0;1.0;2.0;1.0;1.0;B01
44633;201400029579;0;10;0;0.0;1.0;1.0;1.0;A01
44634;201400029580;0;13;0;0.0;2.0;2.0;14.0;A01
44635;201400029580;0;7;0;0.0;2.0;6.0;1.0;B01
44636;201400029581;0;7;0;0.0;2.0;2.0;15.0;A01
44637;201400029581;0;7;0;0.0;2.0;1.0;1.0;B01
44638;201400029582;0;7;0;0.0;1.0;1.0;1.0;A01
44639;201400029583;0;7;0;0.0;1.0;1.0;1.0;A01
44640;201400029584;0;7;0;0.0;2.0;3.0;1.0;B01
44641;201400029584;0;30;0;0.0;2.0;1.0;5.0;A01
44642;201400029585;0;1;0;0.0;2.0;1.0;1.0;B01
44643;201400029585;0;7;0;0.0;2.0;8.0;22.0;A01
44644;201400029586;0;7;0;0.0;2.0;1.0;1.0;B01
44645;201400029586;0;7;0;0.0;2.0;2.0;15.0;A01
44646;201400029587;0;7;0;0.0;2.0;1.0;2.0;A01
44647;201400029587;0;7;0;0.0;2.0;4.0;2.0;B01
44648;201400029588;0;7;0;0.0;1.0;3.0;15.0;A01
44649;201400029589;0;1;0;0.0;2.0;1.0;1.0;B01
44650;201400029589;0;7;0;0.0;2.0;6.0;9.0;A01
44651;201400029590;0;7;0;0.0;2.0;3.0;1.0;B01
44652;201400029590;0;1;0;0.0;2.0;8.0;1.0;A01
44653;201400029591;0;7;0;0.0;1.0;2.0;1.0;A01
44654;201400029592;0;7;0;0.0;1.0;8.0;1.0;A01
44655;201400029593;0;7;0;0.0;2.0;3.0;15.0;B01
44656;201400029593;0;7;0;0.0;2.0;3.0;1.0;A01
44657;201400029594;0;7;0;0.0;2.0;3.0;23.0;B01
44658;201400029594;0;7;0;0.0;2.0;3.0;15.0;A01
44659;201400029595;1;7;0;0.0;1.0;0.0;0.0;Z01
44660;201400029597;0;7;0;0.0;1.0;3.0;1.0;A01
44661;201400029598;0;7;0;0.0;1.0;3.0;1.0;A01
44662;201400029599;0;7;0;0.0;2.0;8.0;1.0;B01
44663;201400029599;0;7;0;0.0;2.0;1.0;0.0;A01
44664;201400029600;0;10;0;9.0;1.0;1.0;1.0;A01
44665;201400029602;0;7;0;0.0;2.0;1.0;2.0;A01
44666;201400029602;0;10;0;0.0;2.0;4.0;2.0;C01
44667;201400029602;0;7;0;0.0;2.0;4.0;2.0;B01
44668;201400029603;0;30;0;1.0;0.0;1.0;13.0;A01
44669;201400029604;0;7;0;0.0;1.0;1.0;15.0;A01
44670;201400029605;0;10;0;0.0;2.0;1.0;16.0;B01
44671;201400029605;0;1;0;0.0;2.0;2.0;5.0;A01
44672;201400029606;0;7;0;0.0;2.0;3.0;15.0;B01
44673;201400029606;0;31;0;0.0;2.0;1.0;5.0;A01
44674;201400029607;0;37;1;0.0;1.0;5.0;16.0;A01
44675;201400029608;0;7;0;0.0;1.0;1.0;15.0;A01
44676;201400029609;0;7;0;0.0;1.0;2.0;1.0;A01
44677;201400029610;0;7;0;8.0;0.0;3.0;17.0;A01
44678;201400029611;0;10;0;0.0;2.0;4.0;23.0;B01
44679;201400029611;0;7;0;0.0;2.0;4.0;23.0;C01
44680;201400029611;0;7;0;7.0;2.0;1.0;2.0;A01
44681;201400029612;0;7;0;0.0;1.0;1.0;1.0;A01
44682;201400029613;0;7;0;0.0;1.0;2.0;1.0;A01
44683;201400029614;0;7;0;0.0;2.0;7.0;15.0;A01
44684;201400029614;0;7;0;0.0;2.0;1.0;1.0;B01
44685;201400029615;0;10;0;0.0;1.0;4.0;4.0;A01
44686;201400029616;0;1;0;0.0;2.0;1.0;1.0;B01
44687;201400029616;0;7;0;0.0;2.0;2.0;15.0;A01
44688;201400029617;1;7;0;9.0;1.0;4.0;0.0;A01
44689;201400029618;0;10;0;0.0;1.0;8.0;1.0;A01
44690;201400029619;0;7;0;0.0;2.0;4.0;2.0;B01
44691;201400029619;0;7;0;0.0;2.0;1.0;2.0;A01
44692;201400029620;0;7;0;0.0;1.0;1.0;15.0;A01
44693;201400029621;0;7;0;0.0;2.0;4.0;23.0;B01
44694;201400029621;0;7;0;0.0;2.0;4.0;23.0;C01
44695;201400029621;0;10;0;0.0;2.0;1.0;2.0;A01
44696;201400029622;0;7;0;0.0;2.0;5.0;15.0;A01
44697;201400029622;0;2;0;0.0;2.0;7.0;21.0;B01
44698;201400029623;0;7;0;9.0;2.0;1.0;5.0;A01
44699;201400029623;0;7;0;0.0;2.0;1.0;1.0;B01
44700;201400029624;0;30;0;0.0;2.0;8.0;0.0;A01
44701;201400029624;0;10;0;0.0;2.0;7.0;1.0;B01
44702;201400029625;0;7;0;0.0;2.0;6.0;2.0;B01
44703;201400029625;0;7;0;0.0;2.0;2.0;2.0;A01
44704;201400029626;0;10;0;0.0;1.0;1.0;1.0;A01
44705;201400029627;0;7;0;0.0;2.0;1.0;2.0;A01
44706;201400029627;0;7;0;0.0;2.0;4.0;2.0;B01
44707;201400029628;0;7;0;0.0;2.0;7.0;1.0;B01
44708;201400029628;0;30;0;0.0;2.0;1.0;0.0;A01
44709;201400029629;0;7;0;0.0;2.0;4.0;2.0;B01
44710;201400029629;0;7;0;0.0;2.0;1.0;2.0;A01
44711;201400029630;0;7;0;0.0;2.0;7.0;1.0;A01
44712;201400029630;0;40;0;0.0;2.0;3.0;1.0;B01
44713;201400029631;0;7;0;0.0;2.0;8.0;9.0;A01
44714;201400029631;0;7;0;0.0;2.0;2.0;1.0;B01
44715;201400029632;0;7;0;0.0;1.0;1.0;15.0;A01
44716;201400029633;0;7;0;0.0;2.0;2.0;15.0;A01
44717;201400029633;0;7;0;0.0;2.0;3.0;1.0;B01
44718;201400029634;0;2;0;0.0;1.0;0.0;14.0;A01
44719;201400029636;0;7;0;0.0;1.0;4.0;9.0;A01
44720;201400029638;0;1;0;0.0;2.0;1.0;1.0;B01
44721;201400029638;0;7;0;0.0;9.0;2.0;15.0;A01
44722;201400029639;0;7;0;0.0;0.0;4.0;2.0;C01
44723;201400029639;0;7;0;0.0;2.0;4.0;2.0;B01
44724;201400029639;0;10;0;0.0;2.0;1.0;2.0;A01
44725;201400029640;0;10;0;0.0;2.0;5.0;0.0;B01
44726;201400029640;0;1;0;0.0;2.0;1.0;1.0;A01
44727;201400029641;0;7;0;0.0;2.0;1.0;2.0;A01
44728;201400029641;0;7;0;0.0;0.0;4.0;2.0;B01
44729;201400029642;0;33;0;0.0;2.0;9.0;21.0;B01
44730;201400029642;0;7;0;0.0;0.0;1.0;15.0;A01
44731;201400029643;0;7;0;0.0;2.0;1.0;5.0;A01
44732;201400029643;0;15;0;0.0;2.0;1.0;1.0;B01
44733;201400029644;0;7;0;3.0;9.0;2.0;1.0;A01
44734;201400029645;0;7;0;0.0;0.0;5.0;1.0;B01
44735;201400029645;0;7;0;14.0;0.0;0.0;0.0;A01
44736;201400029646;0;7;0;0.0;1.0;3.0;1.0;A01
44737;201400029647;0;7;0;8.0;0.0;1.0;14.0;A01
44738;201400029649;0;7;0;0.0;2.0;7.0;15.0;B01
44739;201400029649;0;7;0;0.0;2.0;1.0;1.0;A01
44740;201400029650;0;33;0;0.0;2.0;1.0;1.0;B01
44741;201400029650;0;7;0;0.0;2.0;3.0;15.0;A01
44742;201400029651;0;2;0;0.0;2.0;2.0;1.0;B01
44743;201400029651;0;7;0;0.0;2.0;1.0;15.0;A01
44744;201400029652;0;7;0;0.0;0.0;4.0;23.0;B01
44745;201400029652;0;7;0;0.0;2.0;1.0;1.0;A01
44746;201400029653;0;33;0;0.0;1.0;8.0;17.0;A01
44747;201400029654;0;7;0;0.0;1.0;3.0;15.0;A01
44748;201400029655;0;30;0;1.0;0.0;1.0;14.0;A01
44749;201400029656;0;7;0;13.0;0.0;9.0;13.0;A01
44750;201400029656;0;7;0;0.0;2.0;0.0;5.0;B01
44751;201400029657;0;32;0;0.0;2.0;7.0;17.0;B01
44752;201400029657;1;7;0;0.0;2.0;3.0;10.0;Z01
44753;201400029658;0;7;0;6.0;2.0;1.0;1.0;A01
44754;201400029658;0;7;0;0.0;2.0;7.0;19.0;B01
44755;201400029659;2;7;0;2.0;0.0;1.0;1.0;A01
44756;201400029660;0;7;0;2.0;2.0;1.0;5.0;A01
44757;201400029660;0;17;0;0.0;2.0;3.0;5.0;B01
44758;201400029661;0;7;0;0.0;2.0;8.0;21.0;B01
44759;201400029661;0;7;0;0.0;2.0;1.0;1.0;A01
44760;201400029662;0;7;0;0.0;2.0;1.0;15.0;A01
44761;201400029662;0;7;0;0.0;2.0;1.0;1.0;B01
44762;201400029663;0;37;1;2.0;0.0;1.0;16.0;A01
44763;201400029664;0;33;0;0.0;0.0;8.0;17.0;A01
44764;201400029665;0;7;0;0.0;2.0;6.0;23.0;B01
44765;201400029665;0;7;0;1.0;0.0;2.0;1.0;A01
44766;201400029666;0;7;0;0.0;2.0;3.0;1.0;B01
44767;201400029666;0;7;0;0.0;2.0;3.0;13.0;A01
44768;201400029667;0;7;0;2.0;0.0;1.0;0.0;A01
44769;201400029668;0;1;0;0.0;0.0;6.0;2.0;B01
44770;201400029668;1;7;0;0.0;2.0;2.0;2.0;A01
44771;201400029669;0;7;0;0.0;1.0;4.0;4.0;A01
44772;201400029670;0;7;0;13.0;0.0;1.0;1.0;A01
44773;201400029671;0;7;0;0.0;2.0;1.0;1.0;B01
44774;201400029671;2;7;0;0.0;2.0;2.0;5.0;A01
44775;201400029672;0;7;0;3.0;0.0;6.0;23.0;B01
44776;201400029672;0;99;0;1.0;0.0;2.0;2.0;A01
44777;201400029674;0;33;0;13.0;0.0;1.0;0.0;A01
44778;201400029675;0;7;0;0.0;1.0;1.0;2.0;A01
44779;201400029676;0;7;0;0.0;0.0;6.0;1.0;A01
44780;201400029676;0;33;0;0.0;2.0;2.0;2.0;B01
44781;201400029677;0;7;0;0.0;0.0;5.0;15.0;B01
44782;201400029677;0;7;0;0.0;2.0;3.0;23.0;C01
44783;201400029677;0;33;0;0.0;2.0;1.0;1.0;A01
44784;201400029678;0;31;0;0.0;2.0;2.0;1.0;B01
44785;201400029678;0;14;0;0.0;2.0;3.0;15.0;A01
44786;201400029681;0;14;0;0.0;2.0;3.0;1.0;A01
44787;201400029681;0;7;0;0.0;2.0;3.0;13.0;B01
44788;201400029682;0;7;0;0.0;1.0;7.0;13.0;A01
44789;201400029683;0;33;0;0.0;0.0;1.0;16.0;A01
44790;201400029684;0;7;0;0.0;2.0;1.0;5.0;A01
44791;201400029684;0;33;0;0.0;2.0;1.0;1.0;B01
44792;201400029685;0;7;0;0.0;0.0;9.0;13.0;A01
44793;201400029686;0;7;0;0.0;2.0;6.0;1.0;A01
44794;201400029686;0;7;0;0.0;2.0;6.0;5.0;B01
44795;201400029687;0;2;0;0.0;2.0;8.0;1.0;B01
44796;201400029687;0;10;0;0.0;2.0;8.0;13.0;A01
44797;201400029688;0;7;0;0.0;1.0;4.0;4.0;A01
44798;201400029689;0;7;0;0.0;2.0;1.0;2.0;A01
44799;201400029689;0;7;0;0.0;2.0;9.0;23.0;B01
44800;201400029689;0;7;0;0.0;2.0;4.0;23.0;D01
44801;201400029690;0;7;0;0.0;2.0;3.0;1.0;B01
44802;201400029690;0;7;0;0.0;2.0;2.0;19.0;A01
44803;201400029691;0;7;0;0.0;2.0;4.0;1.0;B01
44804;201400029691;0;7;0;0.0;2.0;1.0;2.0;A01
44805;201400029692;0;7;0;0.0;2.0;2.0;0.0;A01
44806;201400029692;0;2;0;0.0;2.0;2.0;0.0;B01
44807;201400029693;0;7;0;0.0;2.0;2.0;0.0;A01
44808;201400029693;0;7;0;0.0;2.0;3.0;0.0;B01
44809;201400029694;0;2;0;1.0;0.0;2.0;0.0;A01
44810;201400029695;0;1;0;0.0;0.0;0.0;0.0;A01
44811;201400029696;0;2;0;0.0;0.0;0.0;0.0;A01
44812;201400029697;0;7;0;0.0;1.0;1.0;0.0;A01
44813;201400029698;0;2;0;0.0;2.0;1.0;0.0;A01
44814;201400029698;0;7;0;0.0;2.0;4.0;0.0;B01
44815;201400029699;0;7;0;0.0;2.0;4.0;0.0;F01
44816;201400029699;0;7;0;0.0;2.0;4.0;0.0;A01
44817;201400029699;0;7;0;0.0;2.0;4.0;0.0;C01
44818;201400029699;0;7;0;0.0;2.0;1.0;0.0;E02
44819;201400029699;0;7;0;0.0;2.0;4.0;0.0;B01
44820;201400029699;0;7;0;0.0;2.0;1.0;0.0;G01
44821;201400029699;0;7;0;0.0;2.0;4.0;0.0;D02
44822;201400029700;0;7;0;0.0;2.0;4.0;0.0;C01
44823;201400029700;0;7;0;0.0;2.0;1.0;0.0;A01
44824;201400029700;0;7;0;0.0;2.0;4.0;0.0;B01
44825;201400029701;0;7;0;0.0;2.0;1.0;0.0;A01
44826;201400029701;0;7;0;0.0;2.0;2.0;0.0;B01
44827;201400029703;0;7;0;0.0;1.0;0.0;0.0;A01
44828;201400029704;0;7;0;0.0;2.0;0.0;0.0;A01
44829;201400029704;0;7;0;0.0;2.0;4.0;0.0;C01
44830;201400029704;0;7;0;0.0;2.0;4.0;0.0;B01
44831;201400029705;0;7;0;0.0;2.0;3.0;0.0;A01
44832;201400029705;0;7;0;0.0;2.0;3.0;0.0;B01
44833;201400029707;0;7;0;0.0;2.0;3.0;0.0;A01
44834;201400029707;0;2;0;0.0;2.0;1.0;0.0;B01
44835;201400029708;0;33;0;0.0;1.0;1.0;0.0;A01
44836;201400029709;0;7;0;2.0;0.0;0.0;0.0;A01
44837;201400029710;0;2;0;0.0;1.0;1.0;0.0;A01