;Num_Acc;senc;catv;occutc;obs;obsm;choc;manv;num_veh
44838;201400029711;0;7;0;0.0;2.0;1.0;15.0;B01
44839;201400029711;0;2;0;0.0;2.0;0.0;0.0;A01
44840;201400029712;0;7;0;0.0;2.0;0.0;0.0;A01
44841;201400029712;0;2;0;0.0;0.0;0.0;0.0;B01
44842;201400029713;0;7;0;0.0;2.0;1.0;2.0;A01
44843;201400029713;0;7;0;0.0;2.0;4.0;2.0;B01
44844;201400029713;0;7;0;0.0;2.0;4.0;2.0;C01
44845;201400029714;0;1;0;0.0;2.0;0.0;0.0;A01
44846;201400029714;0;7;0;0.0;2.0;0.0;0.0;B01
44847;201400029715;0;7;0;0.0;2.0;3.0;0.0;B01
44848;201400029715;0;7;0;0.0;2.0;3.0;0.0;A01
44849;201400029715;0;7;0;0.0;2.0;0.0;0.0;C01
44850;201400029716;0;7;0;0.0;2.0;2.0;0.0;B01
44851;201400029716;0;33;0;0.0;2.0;1.0;0.0;A01
44852;201400029717;0;7;0;0.0;2.0;0.0;0.0;A01
44853;201400029717;0;1;0;0.0;2.0;0.0;0.0;B01
44854;201400029718;1;7;0;0.0;2.0;0.0;0.0;Z01
44855;201400029718;0;7;0;0.0;2.0;4.0;1.0;B01
44856;201400029719;0;7;0;0.0;2.0;3.0;9.0;A01
44857;201400029719;0;7;0;0.0;2.0;2.0;0.0;B01
44858;201400029720;0;7;0;0.0;2.0;4.0;0.0;B01
44859;201400029720;0;7;0;0.0;2.0;0.0;0.0;A01
44860;201400029721;0;33;0;0.0;0.0;0.0;20.0;A01
44861;201400029722;0;7;0;6.0;0.0;1.0;0.0;A01
44862;201400029723;0;7;0;0.0;2.0;3.0;1.0;A01
44863;201400029723;0;1;0;0.0;2.0;1.0;1.0;B01
44864;201400029723;0;7;0;0.0;2.0;3.0;1.0;C01
44865;201400029724;0;7;0;0.0;2.0;3.0;0.0;B01
44866;201400029724;0;33;0;0.0;2.0;0.0;0.0;A01
44867;201400029725;0;7;0;0.0;2.0;4.0;2.0;B01
44868;201400029725;0;33;0;0.0;2.0;1.0;2.0;A01
44869;201400029727;0;1;0;0.0;0.0;0.0;0.0;A01
44870;201400029728;0;30;0;0.0;2.0;1.0;1.0;A01
44871;201400029728;0;7;0;0.0;2.0;2.0;1.0;B01
44872;201400029730;0;7;0;8.0;0.0;1.0;0.0;A01
44873;201400029731;0;7;0;0.0;0.0;0.0;0.0;A01
44874;201400029732;0;2;0;0.0;2.0;2.0;0.0;A01
44875;201400029732;0;7;0;0.0;2.0;1.0;0.0;B01
44876;201400029733;0;7;0;1.0;2.0;5.0;0.0;A01
44877;201400029733;0;7;0;0.0;2.0;1.0;0.0;B01
44878;201400029734;0;7;0;0.0;1.0;3.0;0.0;A01
44879;201400029735;0;33;0;0.0;0.0;0.0;0.0;A01
44880;201400029736;0;7;0;0.0;2.0;0.0;0.0;A01
44881;201400029736;0;1;0;0.0;2.0;0.0;1.0;B01
44882;201400029737;0;1;0;0.0;0.0;0.0;0.0;A01
44883;201400029739;0;7;0;0.0;1.0;2.0;1.0;A01
44884;201400029740;0;37;1;0.0;1.0;2.0;1.0;A01
44885;201400029741;0;7;0;0.0;1.0;2.0;1.0;A01
44886;201400029742;0;7;0;0.0;2.0;3.0;0.0;B01
44887;201400029742;0;2;0;0.0;2.0;7.0;0.0;A01
44888;201400029743;0;7;0;0.0;2.0;0.0;0.0;B01
44889;201400029743;0;2;0;0.0;2.0;1.0;0.0;A01
44890;201400029744;0;1;0;0.0;2.0;0.0;0.0;B01
44891;201400029744;1;7;0;0.0;2.0;0.0;0.0;A01
44892;201400029745;0;7;0;14.0;0.0;0.0;0.0;A01
44893;201400029746;0;7;0;0.0;2.0;4.0;0.0;C01
44894;201400029746;0;7;0;0.0;2.0;1.0;0.0;B01
44895;201400029746;0;7;0;0.0;2.0;1.0;0.0;A01
44896;201400029747;0;7;0;0.0;1.0;4.0;4.0;A01
44897;201400029748;0;7;0;0.0;2.0;8.0;1.0;B01
44898;201400029748;0;7;0;0.0;2.0;0.0;13.0;A01
44899;201400029748;0;10;0;0.0;2.0;0.0;0.0;C01
44900;201400029749;0;7;0;0.0;2.0;2.0;0.0;A01
44901;201400029749;0;37;2;0.0;2.0;3.0;0.0;B01
44902;201400029750;0;7;0;0.0;2.0;1.0;0.0;A01
44903;201400029750;0;7;0;0.0;2.0;0.0;0.0;B01
44904;201400029751;0;7;0;0.0;2.0;4.0;0.0;B01
44905;201400029751;0;7;0;0.0;2.0;1.0;0.0;A01
44906;201400029751;0;10;0;0.0;2.0;1.0;0.0;C01
44907;201400029752;0;7;0;0.0;2.0;0.0;0.0;A01
44908;201400029752;0;7;0;0.0;2.0;0.0;0.0;B01
44909;201400029753;0;2;0;0.0;2.0;2.0;0.0;B01
44910;201400029753;1;10;0;0.0;2.0;0.0;0.0;A01
44911;201400029754;0;33;0;0.0;1.0;0.0;1.0;A01
44912;201400029755;0;2;0;0.0;0.0;0.0;0.0;A01
44913;201400029756;0;7;0;8.0;0.0;1.0;0.0;A01
44914;201400029757;0;7;0;0.0;1.0;0.0;0.0;A01
44915;201400029758;0;7;0;0.0;2.0;4.0;2.0;B01
44916;201400029758;0;7;0;0.0;2.0;1.0;2.0;A01
44917;201400029759;0;2;0;0.0;0.0;0.0;0.0;A01
44918;201400029760;0;2;0;0.0;0.0;0.0;0.0;A01
44919;201400029760;0;2;0;0.0;0.0;0.0;0.0;B01
44920;201400029761;0;7;0;8.0;0.0;1.0;14.0;A01
44921;201400029762;0;2;0;0.0;2.0;1.0;0.0;A01
44922;201400029762;0;7;0;0.0;2.0;0.0;0.0;B01
44923;201400029763;0;2;0;0.0;2.0;4.0;2.0;B01
44924;201400029763;2;7;0;0.0;2.0;1.0;2.0;A01
44925;201400029764;0;7;0;0.0;1.0;2.0;1.0;A01
44926;201400029765;0;2;0;0.0;0.0;0.0;0.0;A01
44927;201400029766;0;7;0;0.0;2.0;0.0;0.0;A01
44928;201400029766;0;7;0;0.0;2.0;8.0;0.0;B01
44929;201400029767;0;7;0;0.0;0.0;0.0;0.0;A01
44930;201400029768;0;33;0;0.0;0.0;0.0;0.0;A01
44931;201400029769;0;7;0;0.0;1.0;2.0;1.0;A01
44932;201400029770;0;7;0;0.0;2.0;2.0;13.0;A01
44933;201400029770;0;2;0;0.0;2.0;8.0;15.0;B01
44934;201400029771;0;7;0;0.0;2.0;2.0;15.0;A01
44935;201400029771;0;1;0;0.0;2.0;0.0;7.0;B01
44936;201400029772;0;7;0;0.0;1.0;1.0;1.0;A01
44937;201400029773;0;33;0;0.0;2.0;2.0;0.0;B01
44938;201400029773;0;7;0;0.0;2.0;1.0;0.0;A01
44939;201400029774;0;2;0;0.0;0.0;0.0;0.0;A01
44940;201400029775;0;1;0;0.0;2.0;0.0;0.0;B01
44941;201400029775;0;7;0;0.0;2.0;2.0;0.0;A01
44942;201400029776;0;7;0;0.0;1.0;0.0;0.0;A01
44943;201400029777;0;7;0;0.0;2.0;3.0;0.0;B01
44944;201400029777;0;7;0;0.0;2.0;1.0;5.0;A01
44945;201400029780;0;7;0;0.0;1.0;0.0;0.0;A01
44946;201400029782;0;7;0;0.0;2.0;0.0;0.0;A01
44947;201400029782;0;7;0;0.0;2.0;2.0;0.0;B01
44948;201400029783;0;7;0;0.0;2.0;3.0;9.0;A01
44949;201400029783;0;1;0;0.0;2.0;1.0;1.0;B01
44950;201400029784;0;7;0;0.0;2.0;3.0;1.0;B01
44951;201400029784;0;7;0;0.0;2.0;7.0;1.0;A01
44952;201400029785;0;7;0;11.0;0.0;1.0;1.0;A01
44953;201400029788;0;7;0;0.0;2.0;3.0;1.0;B01
44954;201400029788;0;30;0;0.0;2.0;5.0;1.0;A01
44955;201400029789;0;1;0;0.0;2.0;1.0;1.0;B01
44956;201400029789;0;7;0;0.0;2.0;2.0;16.0;A01
44957;201400029790;0;7;0;13.0;0.0;1.0;14.0;A01
44958;201400029791;0;33;0;0.0;2.0;1.0;1.0;B01
44959;201400029791;0;7;0;0.0;2.0;1.0;13.0;A01
44960;201400029792;0;7;0;0.0;1.0;4.0;20.0;A01
44961;201400029794;0;7;0;7.0;2.0;1.0;13.0;A01
44962;201400029794;0;7;0;0.0;2.0;8.0;1.0;B01
44963;201400029795;0;33;0;0.0;2.0;8.0;0.0;A01
44964;201400029795;0;7;0;0.0;2.0;3.0;23.0;B01
44965;201400029796;0;7;0;0.0;2.0;1.0;1.0;B01
44966;201400029796;0;7;0;14.0;2.0;1.0;13.0;A01
44967;201400029796;0;7;0;0.0;2.0;1.0;1.0;C01
44968;201400029797;0;33;0;6.0;0.0;0.0;1.0;A01
44969;201400029798;0;37;100;0.0;1.0;1.0;1.0;A01
44970;201400029799;0;7;0;0.0;2.0;3.0;0.0;B01
44971;201400029799;0;7;0;0.0;2.0;2.0;0.0;A01
44972;201400029800;0;30;0;0.0;0.0;0.0;0.0;A01
44973;201400029801;0;99;0;0.0;1.0;2.0;15.0;A01
44974;201400029802;0;7;0;0.0;2.0;4.0;0.0;A01
44975;201400029802;0;7;0;0.0;2.0;1.0;2.0;B01
44976;201400029803;2;7;0;3.0;0.0;0.0;0.0;A01
44977;201400029804;0;7;0;0.0;1.0;1.0;1.0;A01
44978;201400029805;0;7;0;0.0;1.0;1.0;1.0;A01
44979;201400029806;0;7;0;0.0;2.0;1.0;13.0;A01
44980;201400029806;0;7;0;0.0;2.0;8.0;0.0;B01
44981;201400029807;0;7;0;0.0;2.0;3.0;15.0;A01
44982;201400029807;0;1;0;0.0;2.0;0.0;0.0;B01
44983;201400029808;0;7;0;0.0;2.0;3.0;0.0;A01
44984;201400029808;0;37;2;0.0;2.0;2.0;1.0;B01
44985;201400029809;0;7;0;2.0;0.0;1.0;0.0;A01
44986;201400029811;0;7;0;0.0;2.0;0.0;0.0;B01
44987;201400029811;0;7;0;0.0;2.0;0.0;0.0;C01
44988;201400029811;0;7;0;0.0;2.0;1.0;0.0;A01
44989;201400029812;0;7;0;0.0;2.0;1.0;0.0;B01
44990;201400029812;0;2;0;0.0;2.0;0.0;0.0;A01
44991;201400029814;0;2;0;0.0;0.0;0.0;0.0;A01
44992;201400029815;0;7;0;0.0;1.0;0.0;0.0;A01
44993;201400029816;0;7;0;2.0;0.0;0.0;0.0;A01
44994;201400029817;0;33;0;0.0;0.0;0.0;0.0;A01
44995;201400029818;0;7;0;0.0;2.0;5.0;2.0;B01
44996;201400029818;0;7;0;0.0;2.0;1.0;2.0;A01
44997;201400029819;0;7;0;0.0;2.0;2.0;0.0;B01
44998;201400029819;0;7;0;0.0;2.0;2.0;0.0;A01
44999;201400029820;0;1;0;1.0;0.0;1.0;1.0;B01
45000;201400029820;0;7;0;0.0;2.0;3.0;24.0;A01
45001;201400029822;0;7;0;0.0;2.0;2.0;16.0;A01
45002;201400029822;0;37;7;0.0;2.0;3.0;7.0;B01
45003;201400029823;0;7;0;0.0;2.0;0.0;0.0;A01
45004;201400029823;0;1;0;0.0;2.0;0.0;0.0;B01
45005;201400029824;0;37;1;0.0;2.0;0.0;15.0;A01
45006;201400029824;0;1;0;0.0;2.0;1.0;1.0;B01
45007;201400029825;0;7;0;0.0;1.0;3.0;1.0;A01
45008;201400029826;0;33;0;1.0;2.0;0.0;0.0;A01
45009;201400029826;0;7;0;0.0;2.0;0.0;0.0;B01
45010;201400029827;0;7;0;0.0;2.0;2.0;0.0;A01
45011;201400029827;0;1;0;0.0;2.0;0.0;0.0;B01
45012;201400029830;0;2;0;0.0;0.0;0.0;0.0;A01
45013;201400029831;0;1;0;1.0;0.0;0.0;0.0;A01
45014;201400029832;0;7;0;0.0;1.0;3.0;0.0;A01
45015;201400029833;0;7;0;0.0;2.0;3.0;0.0;B01
45016;201400029833;0;2;0;0.0;2.0;7.0;0.0;A01
45017;201400029834;0;7;0;0.0;2.0;4.0;2.0;B01
45018;201400029834;0;7;0;0.0;2.0;0.0;2.0;D01
45019;201400029834;0;7;0;0.0;2.0;4.0;2.0;E01
45020;201400029834;0;7;0;0.0;2.0;1.0;2.0;A01
45021;201400029834;0;7;0;0.0;2.0;0.0;2.0;C01
45022;201400029835;0;33;0;0.0;0.0;0.0;0.0;A01
45023;201400029836;0;2;0;0.0;0.0;0.0;0.0;A01
45024;201400029837;0;7;0;2.0;0.0;1.0;0.0;A01
45025;201400029838;0;1;0;0.0;1.0;0.0;0.0;A01
45026;201400029839;0;7;0;0.0;2.0;1.0;0.0;B01
45027;201400029839;0;7;0;0.0;2.0;1.0;0.0;A01
45028;201400029840;0;7;0;0.0;2.0;0.0;0.0;A01
45029;201400029840;0;1;0;0.0;2.0;0.0;0.0;B01
45030;201400029841;0;7;0;16.0;0.0;0.0;0.0;A01
45031;201400029842;0;7;0;0.0;2.0;8.0;0.0;B01
45032;201400029842;0;1;0;0.0;2.0;0.0;0.0;A01
45033;201400029843;0;7;0;0.0;2.0;0.0;0.0;B01
45034;201400029843;0;2;0;0.0;2.0;0.0;0.0;A01
45035;201400029844;0;7;0;0.0;2.0;0.0;15.0;A01
45036;201400029844;0;2;0;0.0;2.0;0.0;9.0;B01
45037;201400029845;0;7;0;0.0;2.0;1.0;0.0;A01
45038;201400029845;0;7;0;0.0;2.0;4.0;0.0;B01
45039;201400029846;0;1;0;0.0;0.0;0.0;0.0;A01
45040;201400029848;0;2;0;0.0;2.0;0.0;0.0;A01
45041;201400029848;0;7;0;0.0;2.0;0.0;0.0;B01
45042;201400029849;0;7;0;0.0;1.0;1.0;1.0;A01
45043;201400029850;0;7;0;6.0;0.0;0.0;0.0;A01
45044;201400029851;0;7;0;1.0;0.0;0.0;0.0;A01
45045;201400029852;0;1;0;1.0;0.0;2.0;1.0;B01
45046;201400029852;0;7;0;0.0;2.0;2.0;24.0;A01
45047;201400029854;0;7;0;0.0;2.0;7.0;0.0;B01
45048;201400029854;0;7;0;0.0;2.0;2.0;0.0;A01
45049;201400029854;0;7;0;0.0;2.0;6.0;0.0;C01
45050;201400029855;0;2;0;0.0;2.0;1.0;0.0;A01
45051;201400029855;0;7;0;0.0;2.0;3.0;0.0;B01
45052;201400029857;0;7;0;0.0;1.0;3.0;0.0;A01
45053;201400029858;1;7;0;0.0;1.0;0.0;0.0;Z01
45054;201400029859;0;7;0;0.0;2.0;1.0;0.0;A01
45055;201400029859;0;1;0;1.0;2.0;0.0;0.0;B01
45056;201400029860;0;7;0;0.0;2.0;1.0;0.0;A01
45057;201400029860;0;7;0;0.0;2.0;4.0;0.0;B01
45058;201400029860;0;7;0;0.0;2.0;4.0;0.0;C01
45059;201400029861;0;7;0;2.0;0.0;0.0;0.0;A01
45060;201400029862;0;7;0;0.0;2.0;1.0;0.0;A01
45061;201400029862;0;7;0;0.0;2.0;6.0;0.0;B01
45062;201400029863;0;7;0;0.0;0.0;0.0;0.0;A01
45063;201400029864;0;7;0;0.0;2.0;3.0;0.0;A01
45064;201400029864;0;2;0;0.0;2.0;1.0;0.0;B01
45065;201400029865;0;7;0;0.0;0.0;0.0;0.0;A01
45066;201400029866;0;7;0;0.0;1.0;4.0;4.0;A01
45067;201400029867;0;1;0;0.0;2.0;1.0;2.0;A01
45068;201400029867;0;7;0;0.0;2.0;4.0;2.0;B01
45069;201400029868;0;7;0;0.0;2.0;1.0;0.0;A01
45070;201400029868;0;37;1;0.0;2.0;2.0;0.0;B01
45071;201400029869;0;7;0;0.0;2.0;2.0;0.0;B01
45072;201400029869;0;7;0;0.0;2.0;3.0;0.0;A01
45073;201400029870;0;7;0;0.0;2.0;0.0;0.0;A01
45074;201400029870;0;2;0;0.0;2.0;0.0;1.0;B01
45075;201400029871;0;7;0;0.0;0.0;0.0;0.0;A01
45076;201400029872;0;7;0;0.0;2.0;5.0;1.0;A01
45077;201400029872;0;33;0;0.0;2.0;0.0;0.0;B01
45078;201400029873;0;33;0;0.0;0.0;0.0;0.0;A01
45079;201400029874;0;7;0;0.0;1.0;3.0;1.0;A01
45080;201400029874;0;7;0;0.0;2.0;1.0;2.0;B01
45081;201400029874;0;7;0;0.0;2.0;1.0;2.0;C01
45082;201400029875;0;2;0;0.0;0.0;0.0;1.0;A01
45083;201400029876;0;7;0;0.0;1.0;4.0;4.0;A01
45084;201400029877;0;2;0;0.0;2.0;1.0;0.0;A01
45085;201400029877;0;7;0;0.0;2.0;5.0;0.0;B01
45086;201400029878;0;7;0;0.0;1.0;0.0;0.0;A01
45087;201400029879;0;2;0;0.0;2.0;1.0;0.0;A01
45088;201400029879;0;7;0;0.0;2.0;2.0;0.0;B01
45089;201400029880;0;7;0;9.0;0.0;0.0;0.0;A01
45090;201400029881;0;7;0;0.0;2.0;1.0;0.0;A01
45091;201400029881;0;7;0;0.0;2.0;8.0;0.0;B01
45092;201400029882;0;2;0;0.0;2.0;1.0;1.0;B01
45093;201400029882;0;7;0;0.0;2.0;2.0;15.0;A01
45094;201400029883;0;7;0;0.0;2.0;7.0;0.0;A01
45095;201400029883;0;7;0;0.0;2.0;1.0;0.0;B01
45096;201400029884;0;7;0;0.0;2.0;4.0;0.0;B01
45097;201400029884;0;7;0;0.0;2.0;4.0;0.0;C01
45098;201400029884;0;7;0;0.0;2.0;1.0;0.0;A01
45099;201400029885;0;2;0;0.0;0.0;0.0;1.0;A01
45100;201400029886;0;7;0;0.0;0.0;0.0;1.0;A01
45101;201400029887;0;7;0;0.0;0.0;0.0;1.0;A01
45102;201400029887;0;2;0;0.0;0.0;0.0;16.0;B01
45103;201400029888;0;7;0;0.0;2.0;7.0;0.0;A01
45104;201400029888;0;2;0;0.0;2.0;1.0;1.0;B01
45105;201400029890;0;7;0;0.0;1.0;4.0;4.0;A01
45106;201400029891;0;7;0;0.0;2.0;3.0;1.0;B01
45107;201400029891;0;2;0;0.0;2.0;1.0;1.0;A01
45108;201400029892;0;30;0;0.0;1.0;1.0;1.0;A01
45109;201400029893;0;31;0;0.0;1.0;1.0;1.0;A01
45110;201400029894;0;7;0;0.0;1.0;3.0;15.0;A01
45111;201400029895;0;2;0;0.0;0.0;0.0;0.0;A01
45112;201400029896;0;7;0;0.0;2.0;6.0;1.0;B01
45113;201400029896;0;13;0;0.0;2.0;2.0;14.0;A01
45114;201400029897;0;10;0;8.0;0.0;0.0;0.0;A01
45115;201400029899;0;7;0;0.0;2.0;1.0;0.0;A01
45116;201400029899;0;7;0;0.0;2.0;6.0;0.0;B01
45117;201400029900;0;7;0;0.0;2.0;4.0;0.0;B01
45118;201400029900;0;7;0;0.0;2.0;1.0;0.0;C01
45119;201400029900;0;7;0;0.0;2.0;4.0;0.0;A01
45120;201400029901;1;7;0;0.0;2.0;1.0;2.0;Z01
45121;201400029901;0;7;0;0.0;2.0;4.0;2.0;A01
45122;201400029902;0;7;0;13.0;0.0;0.0;0.0;A01
45123;201400029903;0;7;0;0.0;2.0;3.0;1.0;B01
45124;201400029903;0;7;0;0.0;2.0;0.0;0.0;A01
45125;201400029904;0;7;0;0.0;1.0;1.0;1.0;A01
45126;201400029906;0;7;0;0.0;1.0;0.0;0.0;A01
45127;201400029907;0;7;0;0.0;2.0;1.0;0.0;B01
45128;201400029907;0;7;0;0.0;2.0;1.0;0.0;A01
45129;201400029908;0;7;0;0.0;2.0;8.0;0.0;A01
45130;201400029908;0;2;0;0.0;2.0;7.0;0.0;B01
45131;201400029909;0;10;0;0.0;2.0;8.0;1.0;B01
45132;201400029909;0;7;0;0.0;2.0;2.0;15.0;A01
45133;201400029910;0;7;0;0.0;2.0;7.0;0.0;B01
45134;201400029910;0;7;0;0.0;2.0;7.0;0.0;A01
45135;201400029911;0;2;0;0.0;0.0;0.0;0.0;A01
45136;201400029912;0;7;0;0.0;1.0;2.0;0.0;A01
45137;201400029913;0;7;0;0.0;1.0;1.0;1.0;A01
45138;201400029914;0;7;0;0.0;1.0;0.0;0.0;A01
45139;201400029915;0;7;0;0.0;1.0;2.0;0.0;A01
45140;201400029916;0;7;0;0.0;2.0;1.0;2.0;F01
45141;201400029916;0;33;0;0.0;2.0;4.0;2.0;B01
45142;201400029917;0;7;0;0.0;2.0;0.0;0.0;B01
45143;201400029917;0;7;0;0.0;2.0;0.0;0.0;A01
45144;201400029918;0;7;0;0.0;2.0;1.0;0.0;A01
45145;201400029918;0;7;0;0.0;2.0;0.0;0.0;B01
45146;201400029919;0;2;0;0.0;2.0;0.0;0.0;B01
45147;201400029919;0;7;0;0.0;2.0;2.0;15.0;A01
45148;201400029920;0;7;0;2.0;;0.0;0.0;A01
45149;201400029921;0;7;0;0.0;2.0;3.0;1.0;C03
45150;201400029921;0;7;0;0.0;2.0;8.0;1.0;B02
45151;201400029921;0;7;0;0.0;2.0;3.0;1.0;A01
45152;201400029923;0;7;0;0.0;2.0;3.0;1.0;B02
45153;201400029923;0;7;0;3.0;2.0;2.0;1.0;A01
45154;201400029924;0;7;0;13.0;0.0;7.0;1.0;A01
45155;201400029925;0;7;0;2.0;0.0;8.0;14.0;A01
45156;201400029926;0;7;0;0.0;2.0;1.0;1.0;B02
45157;201400029926;0;7;0;0.0;2.0;7.0;0.0;A01
45158;201400029927;0;2;0;0.0;0.0;0.0;0.0;A01
45159;201400029928;0;1;0;0.0;2.0;7.0;0.0;C01
45160;201400029928;0;7;0;0.0;9.0;1.0;0.0;A01
45161;201400029929;0;7;0;0.0;9.0;2.0;16.0;A01
45162;201400029929;0;1;0;0.0;2.0;1.0;1.0;B01
45163;201400029930;0;7;0;0.0;1.0;1.0;1.0;A01
45164;201400029931;0;33;0;0.0;5.0;8.0;1.0;A01
45165;201400029932;0;7;0;0.0;1.0;1.0;1.0;A01
45166;201400029934;0;7;0;0.0;1.0;1.0;1.0;A01
45167;201400029936;0;7;0;0.0;0.0;4.0;2.0;C01
45168;201400029936;0;7;0;0.0;2.0;9.0;2.0;B01
45169;201400029936;0;7;0;0.0;2.0;1.0;2.0;A01
45170;201400029937;0;7;0;0.0;9.0;1.0;2.0;A01
45171;201400029937;0;1;0;0.0;2.0;4.0;1.0;B01
45172;201400029938;0;7;0;0.0;2.0;1.0;0.0;B01
45173;201400029938;0;31;0;0.0;2.0;7.0;1.0;A01
45174;201400029939;0;7;0;8.0;2.0;1.0;1.0;A01
45175;201400029939;0;7;0;0.0;2.0;4.0;1.0;B01
45176;201400029940;0;1;0;0.0;2.0;8.0;2.0;B01
45177;201400029940;1;7;0;0.0;0.0;2.0;16.0;Z01
45178;201400029943;0;7;0;0.0;1.0;1.0;1.0;A01
45179;201400029944;0;7;0;0.0;1.0;7.0;23.0;A01
45180;201400029945;0;7;0;0.0;2.0;4.0;23.0;B01
45181;201400029945;1;7;0;0.0;2.0;1.0;2.0;A01
45182;201400029946;0;7;0;0.0;2.0;1.0;1.0;A01
45183;201400029946;0;7;0;0.0;2.0;3.0;15.0;B01
45184;201400029947;0;7;0;0.0;1.0;7.0;2.0;A01
45185;201400029948;0;37;1;0.0;1.0;1.0;1.0;A01
45186;201400029949;0;1;0;0.0;2.0;2.0;1.0;B01
45187;201400029949;0;7;0;0.0;9.0;3.0;9.0;A01
45188;201400029950;0;7;0;0.0;1.0;1.0;16.0;A01
45189;201400029952;0;15;0;0.0;2.0;1.0;2.0;A01
45190;201400029952;0;14;0;0.0;2.0;4.0;2.0;D01
45191;201400029952;0;7;0;0.0;0.0;4.0;2.0;C01
45192;201400029952;0;14;0;0.0;2.0;4.0;2.0;B01
45193;201400029953;0;7;0;0.0;2.0;1.0;1.0;B01
45194;201400029953;0;7;0;0.0;2.0;1.0;9.0;A01
45195;201400029954;0;2;0;0.0;2.0;1.0;1.0;A01
45196;201400029954;0;14;0;0.0;2.0;8.0;16.0;B01
45197;201400029955;0;2;0;1.0;0.0;1.0;14.0;A01
45198;201400029956;0;38;60;0.0;2.0;2.0;12.0;A01
45199;201400029956;0;7;0;0.0;2.0;6.0;1.0;B01
45200;201400029957;0;7;0;0.0;1.0;8.0;4.0;A01
45201;201400029958;0;7;0;0.0;2.0;1.0;2.0;A01
45202;201400029958;0;7;0;0.0;2.0;6.0;23.0;B01
45203;201400029959;0;7;0;0.0;1.0;1.0;16.0;A01
45204;201400029960;0;7;0;0.0;2.0;1.0;15.0;A01
45205;201400029960;0;7;0;0.0;2.0;8.0;1.0;B01
45206;201400029961;0;10;0;0.0;1.0;4.0;4.0;A01
45207;201400029962;0;30;0;0.0;2.0;1.0;1.0;A01
45208;201400029962;0;7;0;0.0;2.0;1.0;15.0;B01
45209;201400029963;0;7;0;0.0;0.0;3.0;2.0;A01
45210;201400029963;0;7;0;0.0;2.0;5.0;2.0;B01
45211;201400029964;0;7;0;0.0;9.0;5.0;1.0;B01
45212;201400029964;0;3;0;0.0;2.0;3.0;19.0;A01
45213;201400029965;0;7;0;0.0;2.0;2.0;15.0;A01
45214;201400029965;0;33;0;0.0;2.0;1.0;1.0;B01
45215;201400029967;0;7;0;0.0;1.0;4.0;4.0;A01
45216;201400029968;0;1;0;0.0;2.0;8.0;1.0;B01
45217;201400029968;0;7;0;0.0;9.0;7.0;5.0;A01
45218;201400029969;0;7;0;0.0;2.0;1.0;2.0;A01
45219;201400029969;0;7;0;0.0;2.0;4.0;2.0;B01
45220;201400029970;0;7;0;0.0;1.0;2.0;1.0;A01
45221;201400029971;0;7;0;0.0;1.0;3.0;1.0;A01
45222;201400029972;0;7;0;16.0;2.0;3.0;13.0;A01
45223;201400029972;0;7;0;13.0;2.0;3.0;1.0;B02
45224;201400029973;0;2;0;0.0;2.0;1.0;1.0;B02
45225;201400029973;0;7;0;0.0;2.0;3.0;17.0;A01
45226;201400029974;0;7;0;0.0;0.0;3.0;1.0;B02
45227;201400029974;0;2;0;0.0;0.0;1.0;13.0;A01
45228;201400029975;0;7;0;0.0;2.0;3.0;13.0;A01
45229;201400029975;0;7;0;0.0;2.0;2.0;1.0;B02
45230;201400029976;0;10;0;6.0;0.0;2.0;1.0;A01
45231;201400029977;0;7;0;0.0;0.0;2.0;0.0;A01
45232;201400029977;0;1;0;0.0;0.0;0.0;0.0;B02
45233;201400029978;0;10;0;0.0;0.0;6.0;2.0;C03
45234;201400029978;0;7;0;0.0;2.0;1.0;13.0;A01
45235;201400029978;0;7;0;6.0;0.0;1.0;1.0;B02
45236;201400029979;0;7;0;0.0;2.0;3.0;1.0;B01
45237;201400029979;0;7;0;0.0;2.0;6.0;16.0;A01
45238;201400029980;0;7;0;0.0;1.0;2.0;1.0;A01
45239;201400029982;0;7;0;0.0;2.0;1.0;1.0;A01
45240;201400029982;0;10;0;0.0;2.0;8.0;1.0;B01
45241;201400029983;0;7;0;0.0;1.0;7.0;0.0;A01
45242;201400029984;0;7;0;0.0;2.0;1.0;2.0;A01
45243;201400029984;0;7;0;0.0;2.0;4.0;16.0;B01
45244;201400029985;0;7;0;1.0;2.0;8.0;1.0;B01
45245;201400029985;0;7;0;0.0;2.0;1.0;1.0;A01
45246;201400029986;0;10;0;0.0;1.0;4.0;4.0;A01
45247;201400029987;0;7;0;0.0;1.0;1.0;15.0;A01
45248;201400029988;0;7;0;0.0;2.0;1.0;1.0;B01
45249;201400029988;0;7;0;0.0;2.0;2.0;1.0;A01
45250;201400029989;0;2;0;0.0;2.0;9.0;0.0;B01
45251;201400029989;0;7;0;0.0;9.0;2.0;15.0;A01
45252;201400029990;0;7;0;0.0;1.0;3.0;1.0;A01
45253;201400029991;0;17;0;6.0;2.0;1.0;1.0;A01
45254;201400029991;0;7;0;0.0;0.0;8.0;1.0;B01
45255;201400029992;0;10;0;0.0;1.0;0.0;1.0;A01
45256;201400029993;0;7;0;0.0;0.0;6.0;15.0;B01
45257;201400029993;0;33;0;0.0;2.0;3.0;1.0;A01
45258;201400029995;0;7;0;0.0;1.0;1.0;1.0;A01
45259;201400029996;0;7;0;0.0;1.0;2.0;1.0;A01
45260;201400029997;0;33;0;13.0;0.0;3.0;1.0;B01
45261;201400029997;0;7;0;0.0;0.0;0.0;0.0;A01