;Num_Acc;senc;catv;occutc;obs;obsm;choc;manv;num_veh
45262;201400029998;0;7;0;15.0;2.0;2.0;1.0;B01
45263;201400029998;0;31;0;0.0;2.0;8.0;1.0;A01
45264;201400029999;0;37;6;0.0;1.0;2.0;1.0;A01
45265;201400030000;0;7;0;0.0;2.0;3.0;10.0;B01
45266;201400030000;0;33;0;0.0;2.0;1.0;1.0;A01
45267;201400030001;0;7;0;0.0;2.0;3.0;15.0;A01
45268;201400030001;0;7;0;0.0;2.0;1.0;1.0;B01
45269;201400030003;0;7;0;13.0;0.0;1.0;2.0;A01
45270;201400030005;1;7;0;0.0;1.0;1.0;1.0;A01
45271;201400030006;0;15;0;0.0;2.0;1.0;19.0;A01
45272;201400030006;0;7;0;0.0;2.0;8.0;1.0;B01
45273;201400030007;0;34;0;0.0;2.0;3.0;13.0;A01
45274;201400030007;0;15;0;0.0;9.0;6.0;1.0;B01
45275;201400030008;0;7;0;0.0;1.0;2.0;2.0;A01
45276;201400030009;0;10;0;0.0;2.0;7.0;19.0;A01
45277;201400030009;0;33;0;0.0;2.0;1.0;2.0;B01
45278;201400030010;0;7;0;13.0;0.0;2.0;14.0;A01
45279;201400030011;0;7;0;0.0;2.0;3.0;9.0;A01
45280;201400030011;0;1;0;0.0;2.0;1.0;1.0;B01
45281;201400030012;1;7;0;0.0;1.0;1.0;16.0;Z01
45282;201400030013;0;7;0;0.0;2.0;3.0;16.0;B01
45283;201400030013;0;1;0;0.0;2.0;1.0;5.0;A01
45284;201400030014;0;7;0;2.0;2.0;7.0;17.0;A01
45285;201400030014;0;10;0;0.0;2.0;3.0;15.0;B01
45286;201400030015;0;7;0;0.0;1.0;0.0;1.0;A01
45287;201400030016;0;1;0;0.0;2.0;0.0;19.0;B01
45288;201400030016;0;7;0;0.0;2.0;3.0;15.0;A01
45289;201400030018;0;7;0;0.0;2.0;2.0;17.0;A01
45290;201400030018;0;1;0;0.0;2.0;1.0;2.0;B01
45291;201400030019;0;7;0;0.0;1.0;1.0;1.0;A01
45292;201400030021;0;1;0;0.0;2.0;5.0;19.0;B01
45293;201400030021;0;7;0;0.0;2.0;3.0;1.0;A01
45294;201400030022;0;7;0;0.0;2.0;1.0;13.0;A01
45295;201400030022;0;7;0;0.0;2.0;1.0;1.0;B01
45296;201400030023;0;7;0;0.0;2.0;4.0;1.0;C01
45297;201400030023;0;7;0;0.0;2.0;4.0;1.0;B01
45298;201400030023;0;33;0;0.0;2.0;1.0;1.0;A01
45299;201400030024;0;7;0;0.0;1.0;1.0;15.0;A01
45300;201400030025;0;7;0;8.0;1.0;1.0;13.0;A01
45301;201400030026;0;7;0;0.0;1.0;1.0;1.0;A01
45302;201400030027;0;7;0;0.0;1.0;1.0;1.0;A01
45303;201400030028;0;7;0;0.0;2.0;1.0;9.0;A01
45304;201400030028;0;2;0;0.0;2.0;1.0;1.0;B01
45305;201400030029;0;7;0;0.0;2.0;2.0;15.0;A01
45306;201400030029;0;30;0;0.0;2.0;1.0;1.0;B01
45307;201400030030;0;7;0;0.0;2.0;3.0;1.0;B01
45308;201400030030;0;1;0;0.0;2.0;1.0;19.0;A01
45309;201400030031;0;7;0;0.0;1.0;1.0;1.0;A01
45310;201400030032;0;2;0;0.0;2.0;4.0;23.0;B01
45311;201400030032;0;7;0;0.0;2.0;1.0;1.0;A01
45312;201400030033;0;7;0;0.0;2.0;1.0;1.0;A01
45313;201400030033;0;7;0;0.0;2.0;4.0;1.0;B01
45314;201400030034;0;2;0;0.0;2.0;3.0;1.0;B01
45315;201400030034;0;7;0;0.0;2.0;3.0;9.0;A01
45316;201400030035;0;7;0;6.0;0.0;1.0;1.0;A01
45317;201400030037;0;31;0;0.0;2.0;2.0;17.0;A01
45318;201400030037;0;7;0;0.0;2.0;3.0;15.0;B01
45319;201400030038;0;33;0;0.0;2.0;2.0;1.0;B01
45320;201400030038;0;7;0;0.0;2.0;2.0;15.0;A01
45321;201400030039;0;31;0;8.0;2.0;3.0;7.0;A01
45322;201400030039;0;7;0;0.0;2.0;7.0;14.0;B01
45323;201400030040;0;2;0;0.0;1.0;1.0;5.0;A01
45324;201400030041;0;33;0;0.0;2.0;1.0;1.0;B01
45325;201400030041;0;37;4;0.0;2.0;3.0;1.0;A01
45326;201400030042;0;7;0;12.0;0.0;1.0;1.0;A01
45327;201400030043;0;7;0;0.0;1.0;1.0;1.0;A01
45328;201400030044;0;7;0;0.0;1.0;1.0;1.0;A01
45329;201400030045;0;1;0;0.0;2.0;1.0;1.0;A01
45330;201400030045;0;7;0;0.0;0.0;2.0;1.0;B01
45331;201400030046;0;2;0;14.0;0.0;1.0;1.0;A01
45332;201400030047;0;10;0;0.0;2.0;1.0;1.0;A01
45333;201400030047;0;7;0;0.0;2.0;1.0;15.0;B01
45334;201400030048;0;7;0;0.0;1.0;3.0;16.0;A01
45335;201400030049;0;7;0;0.0;1.0;0.0;19.0;A01
45336;201400030050;0;7;0;0.0;1.0;2.0;1.0;A01
45337;201400030051;0;30;0;0.0;2.0;3.0;1.0;A01
45338;201400030051;0;7;0;0.0;2.0;1.0;1.0;B01
45339;201400030052;0;2;0;0.0;2.0;7.0;18.0;B01
45340;201400030052;0;7;0;0.0;2.0;8.0;10.0;A01
45341;201400030053;0;7;0;0.0;1.0;3.0;1.0;A01
45342;201400030054;0;7;0;2.0;0.0;1.0;1.0;A01
45343;201400030055;0;7;0;0.0;1.0;1.0;1.0;A01
45344;201400030056;0;33;0;0.0;2.0;1.0;17.0;B01
45345;201400030056;0;7;0;0.0;2.0;1.0;9.0;A01
45346;201400030057;0;7;0;0.0;2.0;1.0;9.0;A01
45347;201400030057;0;1;0;0.0;2.0;1.0;1.0;B01
45348;201400030058;0;7;0;0.0;2.0;8.0;9.0;A01
45349;201400030058;0;7;0;0.0;2.0;1.0;1.0;B01
45350;201400030059;0;33;0;0.0;2.0;4.0;1.0;B01
45351;201400030059;0;7;0;0.0;2.0;1.0;0.0;A01
45352;201400030060;0;7;0;0.0;1.0;2.0;1.0;A01
45353;201400030061;0;2;0;0.0;2.0;1.0;1.0;B01
45354;201400030061;0;7;0;0.0;2.0;3.0;15.0;A01
45355;201400030062;1;7;0;0.0;2.0;1.0;1.0;Z01
45356;201400030062;0;1;0;0.0;2.0;2.0;15.0;A01
45357;201400030063;0;1;0;0.0;2.0;0.0;0.0;B01
45358;201400030064;1;7;0;0.0;1.0;0.0;0.0;Z01
45359;201400030065;0;1;0;0.0;2.0;1.0;1.0;A01
45360;201400030065;0;7;0;0.0;2.0;3.0;15.0;B01
45361;201400030066;0;31;0;0.0;2.0;3.0;1.0;A01
45362;201400030066;0;7;0;0.0;2.0;6.0;9.0;B01
45363;201400030067;0;1;0;0.0;2.0;1.0;1.0;B01
45364;201400030067;0;7;0;0.0;2.0;0.0;15.0;A01
45365;201400030068;0;7;0;0.0;2.0;3.0;1.0;B01
45366;201400030068;0;7;0;0.0;2.0;3.0;15.0;A01
45367;201400030069;0;7;0;0.0;2.0;4.0;2.0;B01
45368;201400030069;0;10;0;0.0;2.0;1.0;1.0;A01
45369;201400030069;0;7;0;0.0;2.0;4.0;2.0;C01
45370;201400030070;0;7;0;0.0;2.0;1.0;23.0;A01
45371;201400030070;0;1;0;2.0;2.0;1.0;21.0;B01
45372;201400030071;0;7;0;0.0;2.0;2.0;15.0;A01
45373;201400030071;0;1;0;0.0;2.0;1.0;1.0;B01
45374;201400030072;0;2;0;0.0;2.0;1.0;1.0;B01
45375;201400030072;0;7;0;0.0;2.0;2.0;9.0;A01
45376;201400030073;1;7;0;0.0;2.0;7.0;15.0;Z01
45377;201400030073;0;30;0;0.0;2.0;3.0;1.0;A01
45378;201400030074;0;7;0;14.0;0.0;1.0;1.0;A01
45379;201400030075;0;7;0;0.0;2.0;1.0;9.0;A01
45380;201400030075;0;30;0;0.0;2.0;8.0;1.0;B01
45381;201400030076;0;7;0;0.0;2.0;3.0;15.0;B01
45382;201400030076;0;33;0;0.0;2.0;2.0;17.0;A01
45383;201400030077;0;7;0;0.0;1.0;1.0;1.0;A01
45384;201400030078;0;7;0;1.0;0.0;1.0;1.0;A01
45385;201400030079;0;30;0;0.0;2.0;1.0;1.0;B01
45386;201400030079;0;7;0;0.0;2.0;4.0;1.0;A01
45387;201400030080;0;33;0;0.0;2.0;2.0;1.0;B01
45388;201400030080;0;7;0;0.0;2.0;3.0;5.0;A01
45389;201400030081;0;15;0;0.0;2.0;1.0;1.0;A01
45390;201400030081;0;7;0;0.0;2.0;3.0;9.0;B01
45391;201400030082;0;2;0;0.0;2.0;1.0;1.0;B01
45392;201400030082;0;10;0;0.0;2.0;3.0;9.0;A01
45393;201400030083;0;7;0;3.0;9.0;1.0;1.0;A01
45394;201400030083;0;7;0;0.0;9.0;1.0;1.0;B01
45395;201400030084;0;7;0;0.0;2.0;3.0;13.0;A01
45396;201400030084;0;7;0;0.0;2.0;6.0;1.0;B01
45397;201400030084;0;7;0;0.0;2.0;1.0;1.0;C01
45398;201400030085;0;7;0;0.0;2.0;1.0;1.0;B01
45399;201400030085;0;2;0;0.0;2.0;1.0;5.0;A01
45400;201400030086;0;7;0;0.0;1.0;3.0;1.0;A01
45401;201400030087;0;7;0;0.0;2.0;4.0;1.0;B01
45402;201400030087;0;7;0;0.0;2.0;7.0;1.0;C01
45403;201400030087;0;7;0;0.0;2.0;4.0;23.0;D01
45404;201400030087;0;10;0;0.0;2.0;1.0;21.0;A01
45405;201400030088;0;7;0;0.0;1.0;4.0;4.0;A01
45406;201400030089;0;7;0;0.0;2.0;1.0;1.0;A01
45407;201400030089;0;1;0;0.0;2.0;1.0;9.0;B01
45408;201400030090;0;37;1;0.0;2.0;4.0;1.0;C01
45409;201400030090;0;7;0;0.0;2.0;2.0;2.0;A01
45410;201400030090;0;7;0;0.0;2.0;4.0;1.0;B01
45411;201400030091;0;7;0;0.0;1.0;8.0;1.0;A01
45412;201400030092;0;7;0;0.0;1.0;1.0;1.0;A01
45413;201400030094;0;7;0;7.0;2.0;1.0;17.0;A01
45414;201400030094;0;7;0;0.0;2.0;3.0;15.0;B01
45415;201400030096;0;33;0;0.0;2.0;1.0;17.0;A01
45416;201400030096;0;1;0;0.0;2.0;3.0;19.0;B01
45417;201400030097;0;7;0;0.0;2.0;2.0;15.0;A01
45418;201400030097;0;7;0;0.0;2.0;1.0;1.0;B01
45419;201400030098;0;7;0;16.0;0.0;1.0;1.0;A01
45420;201400030099;0;7;0;0.0;2.0;4.0;1.0;A01
45421;201400030099;1;7;0;0.0;2.0;1.0;1.0;Z01
45422;201400030100;0;7;0;0.0;2.0;4.0;1.0;B01
45423;201400030100;0;7;0;0.0;2.0;1.0;1.0;A01
45424;201400030101;0;2;0;0.0;2.0;0.0;1.0;B01
45425;201400030101;0;7;0;0.0;2.0;3.0;15.0;A01
45426;201400030102;0;30;0;0.0;2.0;1.0;17.0;A01
45427;201400030102;0;7;0;0.0;2.0;3.0;15.0;B01
45428;201400030103;0;7;0;0.0;2.0;4.0;1.0;A01
45429;201400030103;0;33;0;0.0;9.0;1.0;1.0;B01
45430;201400030104;0;10;0;0.0;2.0;7.0;11.0;A01
45431;201400030104;0;33;0;0.0;2.0;8.0;1.0;B01
45432;201400030107;0;7;0;0.0;2.0;1.0;1.0;B01
45433;201400030107;0;7;0;0.0;2.0;8.0;9.0;A01
45434;201400030108;0;10;0;0.0;2.0;3.0;1.0;A01
45435;201400030108;0;1;0;0.0;2.0;4.0;0.0;B01
45436;201400030109;0;7;0;0.0;2.0;1.0;15.0;A01
45437;201400030109;0;1;0;0.0;2.0;1.0;1.0;B01
45438;201400030110;0;7;0;0.0;1.0;1.0;1.0;A01
45439;201400030111;0;7;0;0.0;2.0;7.0;15.0;A01
45440;201400030111;0;7;0;0.0;2.0;1.0;1.0;B01
45441;201400030112;0;7;0;0.0;2.0;2.0;15.0;A01
45442;201400030112;0;1;0;0.0;2.0;1.0;1.0;B01
45443;201400030113;0;7;0;0.0;2.0;1.0;15.0;B01
45444;201400030113;0;7;0;0.0;2.0;1.0;5.0;A01
45445;201400030114;0;7;0;6.0;0.0;2.0;1.0;A01
45446;201400030115;0;31;0;0.0;0.0;7.0;1.0;B01
45447;201400030115;0;14;0;0.0;0.0;0.0;9.0;A01
45448;201400030117;1;7;0;0.0;1.0;1.0;1.0;Z01
45449;201400030118;0;7;0;0.0;1.0;1.0;1.0;A01
45450;201400030120;0;7;0;0.0;2.0;1.0;1.0;B01
45451;201400030120;0;7;0;0.0;2.0;1.0;5.0;A01
45452;201400030120;0;7;0;0.0;2.0;1.0;1.0;C01
45453;201400030121;0;7;0;0.0;1.0;3.0;15.0;A01
45454;201400030122;0;7;0;0.0;1.0;3.0;1.0;A01
45455;201400030123;0;37;1;0.0;2.0;1.0;21.0;B01
45456;201400030123;0;32;0;0.0;2.0;1.0;5.0;A01
45457;201400030124;0;7;0;0.0;1.0;2.0;1.0;A01
45458;201400030126;0;7;0;0.0;1.0;1.0;1.0;A01
45459;201400030127;0;7;0;0.0;1.0;3.0;1.0;A01
45460;201400030128;0;7;0;1.0;0.0;1.0;1.0;B01
45461;201400030128;0;7;0;6.0;2.0;6.0;15.0;A01
45462;201400030129;0;7;0;0.0;1.0;1.0;1.0;A01
45463;201400030130;0;7;0;0.0;1.0;3.0;1.0;A01
45464;201400030131;1;7;0;0.0;1.0;3.0;1.0;A01
45465;201400030132;0;7;0;0.0;2.0;4.0;1.0;B01
45466;201400030132;1;7;0;0.0;2.0;1.0;1.0;A01
45467;201400030134;0;1;0;0.0;2.0;8.0;13.0;B01
45468;201400030134;0;7;0;0.0;2.0;1.0;17.0;A01
45469;201400030135;0;7;0;0.0;1.0;1.0;5.0;A01
45470;201400030136;1;32;0;0.0;0.0;0.0;0.0;A01
45471;201400030137;0;2;0;16.0;0.0;1.0;1.0;A01
45472;201400030138;0;2;0;6.0;0.0;1.0;14.0;A01
45473;201400030139;0;37;2;0.0;1.0;2.0;1.0;A01
45474;201400030140;0;7;0;0.0;2.0;2.0;1.0;B01
45475;201400030140;0;7;0;0.0;2.0;2.0;19.0;A01
45476;201400030142;0;33;0;0.0;2.0;1.0;1.0;B01
45477;201400030142;0;7;0;0.0;2.0;4.0;4.0;A01
45478;201400030143;0;7;0;0.0;1.0;2.0;1.0;A01
45479;201400030144;0;7;0;0.0;1.0;1.0;1.0;A01
45480;201400030145;0;37;1;0.0;1.0;2.0;1.0;A01
45481;201400030146;0;7;0;0.0;1.0;2.0;1.0;A01
45482;201400030147;0;2;0;0.0;2.0;1.0;19.0;A01
45483;201400030147;0;7;0;0.0;2.0;8.0;1.0;B01
45484;201400030148;1;7;0;0.0;0.0;0.0;2.0;Z01
45485;201400030148;0;33;0;0.0;0.0;0.0;17.0;B01
45486;201400030149;1;7;0;0.0;0.0;0.0;10.0;Z01
45487;201400030149;0;2;0;1.0;0.0;7.0;1.0;B01
45488;201400030150;0;10;0;0.0;2.0;3.0;9.0;A01
45489;201400030150;0;33;0;0.0;2.0;7.0;1.0;B01
45490;201400030151;0;7;0;0.0;2.0;1.0;0.0;A01
45491;201400030151;0;7;0;0.0;2.0;1.0;1.0;B01
45492;201400030152;0;2;0;0.0;2.0;3.0;1.0;B01
45493;201400030152;0;7;0;1.0;2.0;3.0;15.0;A01
45494;201400030153;0;7;0;0.0;1.0;0.0;4.0;A01
45495;201400030154;0;7;0;0.0;1.0;1.0;1.0;A01
45496;201400030155;0;7;0;0.0;2.0;1.0;0.0;A01
45497;201400030155;0;7;0;0.0;2.0;1.0;0.0;B01
45498;201400030156;0;7;0;0.0;2.0;4.0;1.0;B01
45499;201400030156;0;33;0;0.0;2.0;1.0;1.0;A01
45500;201400030157;0;7;0;0.0;2.0;1.0;1.0;A01
45501;201400030157;0;7;0;0.0;2.0;2.0;1.0;B01
45502;201400030158;0;7;0;0.0;9.0;1.0;1.0;A01
45503;201400030158;0;33;0;0.0;2.0;0.0;1.0;B01
45504;201400030159;0;7;0;0.0;2.0;8.0;2.0;B01
45505;201400030159;0;2;0;0.0;2.0;1.0;2.0;A01
45506;201400030160;0;7;0;0.0;2.0;1.0;0.0;B01
45507;201400030160;0;7;0;0.0;2.0;1.0;0.0;A01
45508;201400030161;0;7;0;0.0;1.0;3.0;0.0;A01
45509;201400030163;0;33;0;0.0;2.0;1.0;18.0;B01
45510;201400030163;0;7;0;0.0;2.0;2.0;15.0;A01
45511;201400030164;0;7;0;0.0;1.0;3.0;15.0;A01
45512;201400030165;0;20;0;0.0;0.0;4.0;1.0;B01
45513;201400030165;0;17;0;0.0;2.0;1.0;1.0;A01
45514;201400030166;0;7;0;0.0;1.0;2.0;1.0;A01
45515;201400030167;0;7;0;0.0;1.0;1.0;15.0;A01
45516;201400030168;0;7;0;0.0;2.0;1.0;13.0;A01
45517;201400030168;0;7;0;0.0;2.0;1.0;1.0;B01
45518;201400030169;0;7;0;0.0;1.0;3.0;15.0;A01
45519;201400030170;0;7;0;0.0;1.0;1.0;15.0;A01
45520;201400030171;0;7;0;0.0;1.0;2.0;1.0;A01
45521;201400030172;0;7;0;0.0;1.0;4.0;4.0;A01
45522;201400030173;0;7;0;0.0;1.0;4.0;4.0;A01
45523;201400030174;0;33;0;0.0;2.0;1.0;1.0;B01
45524;201400030174;0;7;0;0.0;2.0;3.0;15.0;A01
45525;201400030175;0;7;0;0.0;9.0;3.0;1.0;A01
45526;201400030175;0;1;0;0.0;2.0;1.0;19.0;B01
45527;201400030176;0;7;0;0.0;2.0;1.0;2.0;A01
45528;201400030176;0;7;0;0.0;2.0;4.0;1.0;C01
45529;201400030176;0;7;0;0.0;2.0;4.0;1.0;B01
45530;201400030177;0;7;0;3.0;0.0;1.0;1.0;A01
45531;201400030178;0;36;0;0.0;9.0;1.0;21.0;A01
45532;201400030178;0;1;0;0.0;2.0;2.0;19.0;B01
45533;201400030179;0;7;0;0.0;2.0;3.0;9.0;A01
45534;201400030179;0;2;0;0.0;2.0;2.0;1.0;B01
45535;201400030180;0;33;0;0.0;9.0;0.0;16.0;A01
45536;201400030181;0;10;0;0.0;9.0;4.0;4.0;A01
45537;201400030181;0;1;0;0.0;2.0;8.0;0.0;B01
45538;201400030182;0;7;0;0.0;1.0;1.0;9.0;A01
45539;201400030183;0;7;0;6.0;2.0;1.0;13.0;A01
45540;201400030184;0;7;0;0.0;2.0;1.0;1.0;B01
45541;201400030184;0;7;0;0.0;2.0;7.0;15.0;A01
45542;201400030185;0;7;0;0.0;2.0;3.0;15.0;A01
45543;201400030185;0;33;0;0.0;2.0;1.0;1.0;B01
45544;201400030186;0;7;0;0.0;1.0;1.0;2.0;A01
45545;201400030187;0;1;0;0.0;2.0;1.0;9.0;B01
45546;201400030187;0;7;0;0.0;2.0;1.0;2.0;A01
45547;201400030188;0;33;0;0.0;2.0;8.0;16.0;A01
45548;201400030188;0;7;0;0.0;2.0;3.0;1.0;B01
45549;201400030189;0;7;0;0.0;0.0;2.0;15.0;A01
45550;201400030189;0;2;0;0.0;2.0;1.0;1.0;B01
45551;201400030190;0;7;0;0.0;2.0;8.0;1.0;B01
45552;201400030190;0;7;0;0.0;2.0;3.0;13.0;A01
45553;201400030191;0;7;0;0.0;1.0;1.0;0.0;A01
45554;201400030192;0;7;0;0.0;2.0;2.0;1.0;B01
45555;201400030192;0;30;0;0.0;2.0;1.0;9.0;A01
45556;201400030193;0;7;0;0.0;2.0;2.0;1.0;A01
45557;201400030193;0;1;0;0.0;2.0;1.0;9.0;B01
45558;201400030194;0;7;0;12.0;0.0;2.0;14.0;A01
45559;201400030195;0;7;0;0.0;2.0;3.0;1.0;A01
45560;201400030195;0;7;0;0.0;2.0;6.0;15.0;B01
45561;201400030196;0;7;0;0.0;2.0;3.0;9.0;A01
45562;201400030196;0;30;0;0.0;2.0;1.0;1.0;B01
45563;201400030197;0;7;0;0.0;1.0;1.0;0.0;A01
45564;201400030198;0;7;0;0.0;9.0;2.0;1.0;A01
45565;201400030198;0;1;0;0.0;2.0;4.0;1.0;B01
45566;201400030199;0;2;0;0.0;2.0;1.0;1.0;B01
45567;201400030199;0;7;0;0.0;9.0;7.0;15.0;A01
45568;201400030200;0;2;0;0.0;2.0;1.0;21.0;A01
45569;201400030200;0;7;0;0.0;9.0;1.0;1.0;B01
45570;201400030201;0;30;0;0.0;0.0;1.0;17.0;A01
45571;201400030202;0;7;0;0.0;1.0;2.0;0.0;A01
45572;201400030203;0;1;0;0.0;2.0;1.0;9.0;B01
45573;201400030203;0;7;0;0.0;9.0;1.0;1.0;A01
45574;201400030204;0;7;0;0.0;1.0;2.0;1.0;A01
45575;201400030205;0;7;0;0.0;1.0;3.0;15.0;A01
45576;201400030206;0;7;0;0.0;1.0;2.0;1.0;A01
45577;201400030207;0;7;0;0.0;2.0;1.0;1.0;B01
45578;201400030207;0;7;0;0.0;2.0;3.0;10.0;A01
45579;201400030208;0;7;0;0.0;2.0;1.0;1.0;B01
45580;201400030208;0;7;0;0.0;2.0;3.0;10.0;A01
45581;201400030209;0;7;0;0.0;2.0;8.0;15.0;B01
45582;201400030209;0;30;0;0.0;2.0;2.0;17.0;A01
45583;201400030210;0;7;0;0.0;1.0;1.0;1.0;A01
45584;201400030212;0;7;0;0.0;2.0;1.0;1.0;B01
45585;201400030212;0;7;0;0.0;2.0;3.0;15.0;A01
45586;201400030213;0;10;0;0.0;1.0;4.0;4.0;A01
45587;201400030215;0;7;0;0.0;2.0;3.0;13.0;A01
45588;201400030215;0;7;0;0.0;2.0;3.0;13.0;B01
45589;201400030216;0;7;0;0.0;1.0;1.0;1.0;A01
45590;201400030217;0;7;0;0.0;1.0;1.0;1.0;A01
45591;201400030219;0;7;0;0.0;1.0;4.0;4.0;A01
45592;201400030220;0;7;0;6.0;0.0;1.0;13.0;A01
45593;201400030221;0;1;0;0.0;2.0;5.0;0.0;B01
45594;201400030221;0;7;0;0.0;0.0;1.0;0.0;A01
45595;201400030222;0;7;0;2.0;0.0;1.0;10.0;A01
45596;201400030223;0;7;0;0.0;1.0;2.0;15.0;A01
45597;201400030224;0;7;0;0.0;1.0;2.0;15.0;A01
45598;201400030225;0;7;0;0.0;1.0;1.0;9.0;A01
45599;201400030227;0;7;0;0.0;1.0;4.0;4.0;A01
45600;201400030228;0;7;0;0.0;1.0;1.0;1.0;A01
45601;201400030229;0;2;0;8.0;0.0;1.0;16.0;A01
45602;201400030230;0;7;0;0.0;1.0;1.0;15.0;A01
45603;201400030231;0;38;0;0.0;2.0;3.0;1.0;B02
45604;201400030231;0;7;0;0.0;2.0;1.0;13.0;A01
45605;201400030232;0;20;0;0.0;2.0;0.0;24.0;B02
45606;201400030232;0;17;0;1.0;0.0;3.0;1.0;A01
45607;201400030233;0;38;0;8.0;0.0;8.0;1.0;A01
45608;201400030234;0;7;0;0.0;2.0;2.0;2.0;A01
45609;201400030234;0;15;0;0.0;2.0;6.0;2.0;B02
45610;201400030235;0;38;0;0.0;9.0;2.0;1.0;B02
45611;201400030235;0;30;0;0.0;0.0;8.0;15.0;A01
45612;201400030236;0;15;0;0.0;0.0;4.0;2.0;B02
45613;201400030236;0;7;0;14.0;0.0;1.0;2.0;C03
45614;201400030236;0;7;0;0.0;2.0;1.0;2.0;A01
45615;201400030237;0;10;0;3.0;2.0;3.0;2.0;A01
45616;201400030237;0;10;0;3.0;0.0;5.0;1.0;B02
45617;201400030237;0;7;0;0.0;0.0;0.0;1.0;C03
45618;201400030238;0;7;0;0.0;2.0;1.0;5.0;A01
45619;201400030238;0;15;0;0.0;2.0;1.0;1.0;B02
45620;201400030239;0;7;0;0.0;0.0;5.0;9.0;A01
45621;201400030239;0;7;0;0.0;0.0;3.0;1.0;B02
45622;201400030239;0;7;0;0.0;0.0;2.0;1.0;C03
45623;201400030240;0;2;0;0.0;0.0;0.0;0.0;A01
45624;201400030241;0;32;0;0.0;0.0;7.0;0.0;A01
45625;201400030242;0;2;0;0.0;0.0;8.0;0.0;A01
45626;201400030243;0;2;0;0.0;0.0;0.0;0.0;A01
45627;201400030244;0;1;0;12.0;0.0;0.0;21.0;A01
45628;201400030245;0;33;0;0.0;0.0;0.0;0.0;A01
45629;201400030246;0;1;0;0.0;0.0;0.0;0.0;A01
45630;201400030247;0;30;0;0.0;0.0;0.0;0.0;A01
45631;201400030248;0;1;0;0.0;0.0;0.0;0.0;A01
45632;201400030249;0;1;0;0.0;0.0;0.0;0.0;A01
45633;201400030250;0;2;0;0.0;0.0;8.0;0.0;A01
45634;201400030251;0;30;0;0.0;0.0;8.0;0.0;A01
45635;201400030252;0;30;0;0.0;0.0;0.0;0.0;A01
45636;201400030253;0;1;0;0.0;0.0;0.0;0.0;A01
45637;201400030254;0;2;0;0.0;0.0;0.0;0.0;A01
45638;201400030255;0;1;0;0.0;0.0;0.0;0.0;A01
45639;201400030256;0;30;0;0.0;0.0;0.0;0.0;A01
45640;201400030257;0;30;0;0.0;0.0;3.0;0.0;A01
45641;201400030258;0;30;0;0.0;0.0;0.0;0.0;A01
45642;201400030259;0;32;0;0.0;0.0;8.0;0.0;A01
45643;201400030261;0;7;0;0.0;2.0;0.0;0.0;A01
45644;201400030261;0;31;0;0.0;2.0;7.0;0.0;B01
45645;201400030262;0;30;0;0.0;2.0;1.0;2.0;B01
45646;201400030262;0;7;0;0.0;2.0;6.0;2.0;A01
45647;201400030263;0;7;0;0.0;2.0;3.0;9.0;A01
45648;201400030263;0;2;0;0.0;2.0;1.0;17.0;B01
45649;201400030264;0;7;0;0.0;2.0;1.0;0.0;A01
45650;201400030264;0;20;0;0.0;2.0;1.0;0.0;B01
45651;201400030265;0;7;0;0.0;2.0;0.0;1.0;A01
45652;201400030265;0;1;0;0.0;2.0;0.0;1.0;B01
45653;201400030266;0;7;0;0.0;2.0;1.0;1.0;B01
45654;201400030266;0;1;0;0.0;2.0;7.0;1.0;A01
45655;201400030267;0;7;0;0.0;1.0;1.0;0.0;A01
45656;201400030268;0;2;0;0.0;2.0;1.0;0.0;B01
45657;201400030268;0;7;0;0.0;2.0;3.0;0.0;A01
45658;201400030270;0;7;0;0.0;2.0;1.0;0.0;A01
45659;201400030270;0;7;0;0.0;1.0;4.0;0.0;B01
45660;201400030272;0;7;0;0.0;1.0;1.0;0.0;A01
45661;201400030273;0;7;0;0.0;2.0;7.0;15.0;A01
45662;201400030273;0;2;0;0.0;2.0;1.0;1.0;B01
45663;201400030275;0;7;0;0.0;2.0;2.0;9.0;A01
45664;201400030275;0;7;0;0.0;2.0;3.0;1.0;B01
45665;201400030277;0;30;0;0.0;2.0;1.0;1.0;B01
45666;201400030277;0;7;0;0.0;2.0;3.0;15.0;A01
45667;201400030278;0;7;0;0.0;1.0;1.0;0.0;A01
45668;201400030279;0;30;0;0.0;0.0;0.0;1.0;A01
45669;201400030280;0;7;0;0.0;2.0;4.0;2.0;B01
45670;201400030280;0;7;0;0.0;2.0;1.0;2.0;A01
45671;201400030281;0;99;0;6.0;0.0;1.0;0.0;A01
45672;201400030282;0;2;0;0.0;2.0;1.0;1.0;A01
45673;201400030282;0;7;0;0.0;2.0;3.0;15.0;B01
45674;201400030283;0;7;0;0.0;2.0;1.0;0.0;A01
45675;201400030283;0;1;0;0.0;2.0;1.0;0.0;B01
45676;201400030284;0;1;0;0.0;0.0;7.0;0.0;A01
45677;201400030285;0;7;0;0.0;2.0;1.0;0.0;A01
45678;201400030285;0;2;0;0.0;2.0;1.0;0.0;B01
45679;201400030286;0;2;0;0.0;2.0;8.0;1.0;A01
45680;201400030286;0;14;0;0.0;2.0;7.0;16.0;B01
45681;201400030287;0;7;0;0.0;1.0;0.0;1.0;A01
45682;201400030288;0;7;0;0.0;2.0;1.0;2.0;A01
45683;201400030288;0;7;0;0.0;2.0;4.0;2.0;B01