;Num_Acc;senc;catv;occutc;obs;obsm;choc;manv;num_veh
46105;201400030552;0;7;0;0.0;2.0;6.0;1.0;A01
46106;201400030552;0;7;0;0.0;0.0;6.0;1.0;B01
46107;201400030553;0;7;0;0.0;2.0;1.0;1.0;B01
46108;201400030553;0;7;0;0.0;2.0;8.0;16.0;A01
46109;201400030554;0;2;0;0.0;2.0;1.0;1.0;B01
46110;201400030554;0;7;0;0.0;2.0;3.0;11.0;A01
46111;201400030555;0;30;0;0.0;1.0;0.0;0.0;A01
46112;201400030556;0;30;0;0.0;2.0;0.0;1.0;B01
46113;201400030556;1;7;0;0.0;2.0;0.0;16.0;Z01
46114;201400030557;0;7;0;8.0;0.0;7.0;6.0;A01
46115;201400030558;0;7;0;0.0;0.0;6.0;23.0;B01
46116;201400030558;0;7;0;0.0;0.0;3.0;1.0;A01
46117;201400030558;0;33;0;0.0;0.0;8.0;23.0;C01
46118;201400030559;1;7;0;0.0;1.0;2.0;1.0;A01
46119;201400030560;0;30;0;0.0;2.0;1.0;1.0;A01
46120;201400030560;0;7;0;0.0;2.0;3.0;1.0;B01
46121;201400030561;0;14;0;0.0;1.0;4.0;4.0;A01
46122;201400030562;0;37;20;0.0;1.0;0.0;0.0;A01
46123;201400030564;0;7;0;0.0;1.0;2.0;16.0;A01
46124;201400030566;0;1;0;0.0;2.0;1.0;1.0;B01
46125;201400030566;1;7;0;0.0;2.0;3.0;16.0;Z01
46126;201400030567;0;7;0;0.0;1.0;4.0;4.0;A01
46127;201400030568;0;7;0;3.0;0.0;1.0;1.0;A01
46128;201400030569;1;7;0;0.0;1.0;4.0;20.0;Z01
46129;201400030571;0;7;0;12.0;0.0;1.0;1.0;A01
46130;201400030572;0;7;0;0.0;2.0;3.0;1.0;B01
46131;201400030572;0;30;0;0.0;2.0;1.0;1.0;A01
46132;201400030573;0;7;0;0.0;0.0;1.0;1.0;A01
46133;201400030574;1;7;0;0.0;1.0;0.0;0.0;Z01
46134;201400030576;0;10;0;0.0;2.0;1.0;1.0;B01
46135;201400030576;0;7;0;9.0;2.0;0.0;6.0;A01
46136;201400030577;0;7;0;0.0;0.0;2.0;1.0;A01
46137;201400030577;0;30;0;0.0;2.0;1.0;23.0;B01
46138;201400030578;0;7;0;0.0;2.0;1.0;1.0;B01
46139;201400030578;0;7;0;0.0;2.0;1.0;1.0;A01
46140;201400030579;0;7;0;0.0;1.0;0.0;0.0;Z01
46141;201400030580;0;7;0;0.0;0.0;4.0;23.0;B01
46142;201400030580;0;7;0;1.0;0.0;1.0;2.0;Z01
46143;201400030582;0;7;0;0.0;2.0;1.0;1.0;B01
46144;201400030582;0;7;0;0.0;2.0;3.0;15.0;A01
46145;201400030584;1;7;0;0.0;1.0;1.0;1.0;Z01
46146;201400030585;0;38;51;3.0;0.0;1.0;1.0;A01
46147;201400030586;0;31;0;0.0;2.0;1.0;16.0;A01
46148;201400030586;0;7;0;0.0;2.0;7.0;1.0;B01
46149;201400030587;0;1;0;0.0;2.0;7.0;1.0;B01
46150;201400030587;1;7;0;0.0;2.0;1.0;1.0;Z01
46151;201400030588;0;7;0;0.0;1.0;4.0;4.0;A01
46152;201400030589;0;7;0;0.0;1.0;2.0;1.0;A01
46153;201400030590;0;7;0;2.0;0.0;1.0;1.0;A01
46154;201400030592;0;33;0;11.0;0.0;1.0;16.0;A01
46155;201400030593;0;7;0;5.0;0.0;1.0;1.0;A01
46156;201400030594;0;30;0;0.0;2.0;8.0;1.0;B01
46157;201400030594;0;7;0;0.0;2.0;3.0;1.0;A01
46158;201400030595;0;7;0;16.0;0.0;1.0;1.0;A01
46159;201400030596;0;7;0;14.0;0.0;1.0;1.0;A01
46160;201400030596;0;7;0;0.0;0.0;4.0;23.0;B01
46161;201400030597;0;7;0;0.0;2.0;3.0;15.0;A01
46162;201400030597;0;2;0;0.0;2.0;1.0;15.0;B01
46163;201400030598;0;7;0;0.0;2.0;8.0;15.0;B01
46164;201400030598;0;7;0;0.0;2.0;1.0;1.0;A01
46165;201400030599;0;7;0;0.0;1.0;6.0;4.0;A01
46166;201400030600;0;31;0;0.0;2.0;1.0;1.0;B01
46167;201400030600;0;7;0;0.0;2.0;3.0;20.0;A01
46168;201400030601;0;31;0;0.0;2.0;1.0;1.0;A01
46169;201400030601;0;7;0;0.0;2.0;8.0;10.0;B01
46170;201400030602;0;31;0;0.0;2.0;5.0;17.0;B01
46171;201400030602;1;7;0;0.0;2.0;8.0;13.0;Z01
46172;201400030603;0;1;0;0.0;2.0;7.0;1.0;B01
46173;201400030603;0;7;0;0.0;2.0;3.0;16.0;A01
46174;201400030604;1;7;0;0.0;2.0;1.0;1.0;Z01
46175;201400030604;0;31;0;0.0;2.0;8.0;1.0;B01
46176;201400030605;0;7;0;0.0;2.0;7.0;1.0;A01
46177;201400030605;0;7;0;0.0;2.0;1.0;1.0;B01
46178;201400030606;0;7;0;0.0;2.0;7.0;1.0;A01
46179;201400030606;0;7;0;0.0;2.0;1.0;1.0;B01
46180;201400030607;0;7;0;0.0;1.0;1.0;1.0;A01
46181;201400030608;0;99;0;0.0;2.0;1.0;17.0;A01
46182;201400030608;0;7;0;0.0;2.0;6.0;15.0;B01
46183;201400030609;0;7;0;0.0;1.0;1.0;1.0;B01
46184;201400030610;0;7;0;0.0;2.0;1.0;1.0;B01
46185;201400030610;0;7;0;0.0;2.0;7.0;1.0;A01
46186;201400030611;0;7;0;0.0;1.0;1.0;1.0;A01
46187;201400030612;0;7;0;0.0;2.0;3.0;16.0;A01
46188;201400030612;0;1;0;0.0;2.0;1.0;1.0;B01
46189;201400030613;0;7;0;3.0;0.0;3.0;16.0;A01
46190;201400030614;0;7;0;0.0;1.0;1.0;16.0;A01
46191;201400030615;0;2;0;0.0;2.0;1.0;1.0;B01
46192;201400030615;0;7;0;0.0;2.0;7.0;1.0;A01
46193;201400030616;0;2;0;0.0;1.0;1.0;1.0;A01
46194;201400030617;0;30;0;0.0;2.0;1.0;1.0;B01
46195;201400030617;1;7;0;0.0;2.0;2.0;15.0;Z01
46196;201400030618;0;7;0;0.0;0.0;4.0;23.0;B01
46197;201400030618;0;7;0;1.0;0.0;1.0;1.0;A01
46198;201400030619;0;7;0;1.0;0.0;1.0;1.0;A01
46199;201400030619;0;7;0;0.0;2.0;4.0;23.0;B01
46200;201400030620;0;7;0;0.0;2.0;1.0;1.0;B01
46201;201400030620;0;7;0;0.0;2.0;1.0;1.0;C01
46202;201400030620;1;7;0;0.0;2.0;1.0;15.0;Z01
46203;201400030621;0;7;0;0.0;1.0;0.0;1.0;A01
46204;201400030622;0;7;0;13.0;0.0;3.0;13.0;A01
46205;201400030623;0;7;0;0.0;1.0;1.0;0.0;A01
46206;201400030624;0;7;0;0.0;2.0;6.0;21.0;C01
46207;201400030624;0;21;0;0.0;2.0;6.0;0.0;B01
46208;201400030624;0;7;0;0.0;2.0;3.0;13.0;A01
46209;201400030625;0;7;0;0.0;2.0;2.0;15.0;A01
46210;201400030625;0;33;0;0.0;2.0;1.0;1.0;B01
46211;201400030625;0;7;0;0.0;0.0;0.0;1.0;C01
46212;201400030626;0;10;0;0.0;0.0;3.0;0.0;B01
46213;201400030626;0;1;0;0.0;0.0;1.0;15.0;A01
46214;201400030627;0;2;0;0.0;2.0;7.0;1.0;B01
46215;201400030627;0;7;0;0.0;2.0;7.0;15.0;A01
46216;201400030628;0;7;0;15.0;0.0;1.0;1.0;A01
46217;201400030629;0;7;0;0.0;2.0;3.0;4.0;A01
46218;201400030629;0;2;0;0.0;2.0;7.0;17.0;B01
46219;201400030632;0;7;0;0.0;1.0;8.0;15.0;A01
46220;201400030633;0;7;0;0.0;2.0;5.0;1.0;A01
46221;201400030633;1;7;0;0.0;2.0;2.0;1.0;Z01
46222;201400030634;0;30;0;0.0;2.0;1.0;1.0;B01
46223;201400030634;0;7;0;0.0;2.0;3.0;1.0;A01
46224;201400030635;0;7;0;6.0;0.0;1.0;0.0;A01
46225;201400030636;0;10;0;0.0;0.0;7.0;0.0;A01
46226;201400030636;0;1;0;0.0;0.0;1.0;0.0;B01
46227;201400030637;0;7;0;0.0;1.0;1.0;1.0;A01
46228;201400030638;0;7;0;0.0;1.0;2.0;1.0;A01
46229;201400030639;0;37;1;0.0;1.0;2.0;1.0;A01
46230;201400030640;0;7;0;0.0;0.0;8.0;0.0;B01
46231;201400030640;1;7;0;0.0;2.0;1.0;0.0;Z01
46232;201400030641;0;7;0;0.0;1.0;2.0;1.0;A01
46233;201400030642;0;7;0;0.0;2.0;1.0;0.0;A01
46234;201400030642;0;30;0;0.0;2.0;0.0;0.0;B01
46235;201400030643;0;7;0;0.0;1.0;1.0;16.0;A01
46236;201400030643;0;7;0;0.0;1.0;1.0;14.0;B01
46237;201400030644;1;7;0;0.0;1.0;1.0;0.0;Z01
46238;201400030645;0;7;0;0.0;2.0;2.0;15.0;A01
46239;201400030645;0;7;0;0.0;2.0;1.0;1.0;B01
46240;201400030646;0;7;0;0.0;2.0;2.0;1.0;A01
46241;201400030646;0;7;0;8.0;2.0;2.0;1.0;B01
46242;201400030647;1;7;0;0.0;2.0;1.0;1.0;Z01
46243;201400030647;0;7;0;14.0;2.0;8.0;15.0;B01
46244;201400030648;0;2;0;0.0;2.0;1.0;0.0;B01
46245;201400030648;1;7;0;0.0;9.0;8.0;0.0;Z01
46246;201400030649;0;2;0;0.0;2.0;1.0;15.0;A01
46247;201400030649;0;7;0;0.0;2.0;3.0;1.0;B01
46248;201400030651;0;7;0;0.0;1.0;3.0;15.0;A01
46249;201400030652;0;10;0;0.0;1.0;4.0;4.0;A01
46250;201400030653;0;7;0;0.0;1.0;1.0;15.0;A01
46251;201400030654;0;7;0;0.0;1.0;2.0;16.0;A01
46252;201400030655;0;7;0;0.0;2.0;8.0;10.0;A01
46253;201400030655;0;7;0;0.0;2.0;1.0;1.0;B01
46254;201400030656;0;7;0;0.0;2.0;2.0;15.0;A01
46255;201400030656;0;33;0;0.0;2.0;8.0;1.0;B01
46256;201400030657;0;7;0;0.0;1.0;7.0;21.0;A01
46257;201400030658;0;2;0;0.0;1.0;1.0;0.0;A01
46258;201400030659;0;7;0;0.0;1.0;1.0;15.0;A01
46259;201400030660;0;10;0;0.0;1.0;1.0;15.0;A01
46260;201400030661;0;7;0;5.0;2.0;8.0;0.0;B01
46261;201400030661;0;7;0;0.0;2.0;1.0;1.0;A01
46262;201400030662;0;7;0;0.0;1.0;1.0;1.0;A01
46263;201400030663;0;7;0;0.0;2.0;2.0;0.0;A01
46264;201400030663;0;7;0;0.0;2.0;1.0;1.0;B01
46265;201400030664;0;7;0;0.0;1.0;1.0;15.0;A01
46266;201400030665;0;7;0;0.0;2.0;7.0;20.0;A01
46267;201400030665;0;32;0;0.0;2.0;1.0;1.0;B01
46268;201400030666;0;7;0;0.0;0.0;0.0;0.0;A01
46269;201400030666;1;99;0;0.0;2.0;2.0;0.0;Z01
46270;201400030667;0;2;0;0.0;2.0;1.0;1.0;A01
46271;201400030667;0;7;0;0.0;2.0;3.0;1.0;B01
46272;201400030668;0;7;0;0.0;1.0;3.0;1.0;A01
46273;201400030669;0;7;0;13.0;0.0;9.0;0.0;A01
46274;201400030670;0;10;0;0.0;1.0;1.0;1.0;A01
46275;201400030671;0;7;0;0.0;2.0;1.0;0.0;A01
46276;201400030671;0;7;0;0.0;2.0;4.0;0.0;B01
46277;201400030672;0;7;0;0.0;2.0;0.0;0.0;A01
46278;201400030672;0;7;0;0.0;2.0;0.0;0.0;B01
46279;201400030673;0;7;0;0.0;0.0;7.0;1.0;B01
46280;201400030673;0;7;0;0.0;2.0;1.0;15.0;A01
46281;201400030674;0;7;0;0.0;1.0;1.0;21.0;A01
46282;201400030677;0;7;0;0.0;2.0;1.0;15.0;A01
46283;201400030677;0;7;0;0.0;2.0;7.0;1.0;B01
46284;201400030678;0;7;0;0.0;1.0;1.0;1.0;A01
46285;201400030679;0;7;0;0.0;1.0;1.0;15.0;A01
46286;201400030680;0;7;0;0.0;1.0;1.0;0.0;A01
46287;201400030681;0;7;0;0.0;1.0;2.0;15.0;A01
46288;201400030682;0;7;0;0.0;2.0;6.0;9.0;A01
46289;201400030682;0;34;0;0.0;2.0;1.0;17.0;B01
46290;201400030682;0;7;0;0.0;2.0;0.0;0.0;C01
46291;201400030682;0;7;0;0.0;2.0;0.0;0.0;D01
46292;201400030683;0;7;0;0.0;2.0;3.0;15.0;A01
46293;201400030683;0;7;0;0.0;2.0;1.0;1.0;B01
46294;201400030686;1;7;0;0.0;1.0;0.0;0.0;Z01
46295;201400030687;0;7;0;0.0;1.0;2.0;0.0;A01
46296;201400030688;0;7;0;1.0;0.0;9.0;16.0;A01
46297;201400030689;0;7;0;0.0;9.0;7.0;15.0;B01
46298;201400030689;0;33;0;0.0;2.0;1.0;1.0;A01
46299;201400030690;0;3;0;0.0;2.0;0.0;0.0;A01
46300;201400030690;0;15;0;0.0;2.0;0.0;0.0;B01
46301;201400030690;0;7;0;0.0;2.0;0.0;0.0;C01
46302;201400030691;0;7;0;0.0;2.0;5.0;0.0;B01
46303;201400030691;2;7;0;0.0;2.0;8.0;0.0;Z01
46304;201400030692;0;7;0;0.0;9.0;1.0;0.0;C01
46305;201400030692;0;33;0;0.0;2.0;9.0;0.0;A01
46306;201400030692;0;7;0;0.0;9.0;4.0;0.0;B01
46307;201400030693;0;7;0;0.0;9.0;4.0;0.0;B01
46308;201400030693;0;2;0;1.0;0.0;1.0;0.0;A01
46309;201400030694;0;7;0;13.0;0.0;9.0;19.0;A01
46310;201400030695;0;2;0;12.0;0.0;3.0;7.0;A01
46311;201400030696;0;7;0;8.0;0.0;1.0;0.0;A01
46312;201400030698;0;7;0;0.0;2.0;2.0;15.0;B01
46313;201400030698;0;30;0;0.0;2.0;1.0;1.0;A01
46314;201400030700;0;7;0;0.0;1.0;1.0;15.0;A01
46315;201400030701;1;7;0;0.0;2.0;1.0;0.0;Z01
46316;201400030701;0;7;0;0.0;2.0;0.0;0.0;B01
46317;201400030702;0;15;0;0.0;9.0;7.0;0.0;B01
46318;201400030702;0;2;0;0.0;2.0;1.0;0.0;A01
46319;201400030703;1;99;0;0.0;2.0;2.0;0.0;Z01
46320;201400030703;1;7;0;0.0;2.0;5.0;1.0;A01
46321;201400030704;0;7;0;0.0;9.0;1.0;0.0;B01
46322;201400030704;0;1;0;0.0;2.0;1.0;0.0;A01
46323;201400030705;0;7;0;0.0;2.0;1.0;1.0;A01
46324;201400030705;0;7;0;1.0;2.0;7.0;1.0;B01
46325;201400030706;0;7;0;0.0;1.0;1.0;0.0;A01
46326;201400030707;0;7;0;0.0;9.0;1.0;0.0;A01
46327;201400030707;0;1;0;0.0;2.0;0.0;9.0;B01
46328;201400030708;2;7;0;0.0;2.0;0.0;0.0;A01
46329;201400030708;0;7;0;0.0;2.0;0.0;0.0;B01
46330;201400030709;0;7;0;0.0;1.0;1.0;1.0;A01
46331;201400030710;2;7;0;1.0;0.0;1.0;1.0;Z01
46332;201400030710;0;7;0;0.0;2.0;5.0;23.0;B01
46333;201400030711;0;7;0;0.0;2.0;2.0;22.0;A01
46334;201400030711;0;1;0;1.0;0.0;1.0;1.0;B01
46335;201400030712;0;7;0;0.0;2.0;1.0;1.0;B01
46336;201400030712;0;10;0;0.0;2.0;1.0;13.0;A01
46337;201400030713;0;7;0;0.0;0.0;0.0;0.0;A01
46338;201400030714;0;7;0;0.0;0.0;0.0;12.0;A01
46339;201400030714;0;14;0;0.0;0.0;6.0;0.0;C01
46340;201400030714;0;7;0;0.0;0.0;1.0;7.0;B01
46341;201400030715;0;33;0;0.0;2.0;8.0;1.0;B01
46342;201400030715;0;10;0;0.0;2.0;3.0;15.0;A01
46343;201400030716;1;7;0;0.0;2.0;1.0;1.0;Z01
46344;201400030716;0;7;0;0.0;2.0;3.0;1.0;B01
46345;201400030717;0;7;0;0.0;1.0;2.0;1.0;A01
46346;201400030718;0;10;0;0.0;1.0;6.0;0.0;A01
46347;201400030719;0;33;0;0.0;2.0;1.0;5.0;A01
46348;201400030719;0;14;0;0.0;2.0;2.0;15.0;B01
46349;201400030721;1;7;0;0.0;1.0;1.0;1.0;Z01
46350;201400030722;0;7;0;0.0;1.0;1.0;1.0;A01
46351;201400030723;0;7;0;7.0;0.0;1.0;0.0;A01
46352;201400030724;1;7;0;0.0;2.0;1.0;1.0;Z01
46353;201400030724;0;1;0;0.0;2.0;4.0;1.0;B01
46354;201400030725;0;7;0;0.0;2.0;2.0;15.0;A01
46355;201400030725;2;7;0;0.0;2.0;3.0;1.0;B01
46356;201400030726;0;1;0;0.0;2.0;3.0;15.0;B01
46357;201400030726;0;7;0;0.0;2.0;1.0;1.0;A01
46358;201400030727;0;7;0;1.0;0.0;0.0;0.0;A01
46359;201400030728;0;7;0;0.0;2.0;8.0;1.0;B01
46360;201400030728;0;10;0;0.0;2.0;1.0;1.0;A01
46361;201400030729;0;35;0;0.0;2.0;1.0;1.0;A01
46362;201400030729;0;7;0;0.0;2.0;7.0;1.0;B01
46363;201400030730;0;30;0;0.0;2.0;1.0;1.0;B01
46364;201400030730;0;7;0;0.0;9.0;2.0;15.0;A01
46365;201400030732;0;7;0;0.0;1.0;2.0;1.0;A01
46366;201400030733;0;7;0;0.0;2.0;1.0;0.0;C01
46367;201400030733;2;7;0;0.0;2.0;1.0;0.0;A01
46368;201400030733;0;7;0;0.0;2.0;7.0;0.0;B01
46369;201400030734;0;2;0;0.0;2.0;1.0;0.0;A01
46370;201400030734;0;7;0;0.0;9.0;6.0;20.0;B01
46371;201400030735;0;7;0;0.0;2.0;4.0;0.0;B01
46372;201400030735;0;7;0;0.0;2.0;1.0;1.0;A01
46373;201400030735;0;7;0;0.0;2.0;4.0;0.0;C01
46374;201400030736;0;7;0;0.0;2.0;1.0;15.0;A01
46375;201400030736;0;7;0;0.0;2.0;1.0;1.0;B01
46376;201400030737;0;7;0;0.0;1.0;1.0;0.0;A01
46377;201400030738;0;30;0;0.0;2.0;1.0;1.0;B01
46378;201400030738;0;7;0;0.0;2.0;7.0;15.0;A01
46379;201400030739;1;7;0;0.0;1.0;1.0;7.0;Z01
46380;201400030740;0;1;0;0.0;2.0;0.0;1.0;B01
46381;201400030740;0;37;1;0.0;2.0;0.0;2.0;A01
46382;201400030741;0;7;0;0.0;2.0;3.0;13.0;A01
46383;201400030741;0;7;0;0.0;2.0;3.0;1.0;B01
46384;201400030742;1;7;0;0.0;1.0;0.0;0.0;A01
46385;201400030743;0;1;0;0.0;2.0;1.0;0.0;B01
46386;201400030743;0;7;0;0.0;2.0;1.0;0.0;A01
46387;201400030744;0;10;0;0.0;1.0;1.0;0.0;A01
46388;201400030745;0;7;0;0.0;1.0;3.0;0.0;A01
46389;201400030746;0;7;0;0.0;1.0;3.0;4.0;A01
46390;201400030747;0;7;0;0.0;1.0;3.0;13.0;A01
46391;201400030747;0;7;0;15.0;2.0;6.0;1.0;B01
46392;201400030749;0;21;0;0.0;2.0;2.0;14.0;A01
46393;201400030749;0;33;0;0.0;2.0;6.0;21.0;B01
46394;201400030750;1;7;0;0.0;2.0;1.0;0.0;Z01
46395;201400030750;0;2;0;0.0;2.0;4.0;1.0;B01
46396;201400030752;1;7;0;0.0;1.0;1.0;0.0;Z01
46397;201400030753;0;7;0;0.0;2.0;8.0;1.0;A01
46398;201400030753;0;7;0;0.0;2.0;7.0;1.0;B01
46399;201400030755;0;33;0;0.0;2.0;1.0;1.0;B01
46400;201400030755;0;7;0;0.0;9.0;8.0;0.0;A01
46401;201400030756;2;7;0;0.0;2.0;1.0;19.0;Z01
46402;201400030756;0;7;0;0.0;2.0;7.0;1.0;B01
46403;201400030757;0;30;0;0.0;2.0;1.0;1.0;B01
46404;201400030757;2;7;0;0.0;9.0;1.0;1.0;Z01
46405;201400030758;0;7;0;1.0;0.0;1.0;0.0;A01
46406;201400030760;0;3;0;0.0;1.0;1.0;1.0;A01
46407;201400030761;1;7;0;0.0;1.0;1.0;0.0;Z01
46408;201400030762;1;30;0;0.0;0.0;0.0;0.0;A01
46409;201400030763;0;7;0;14.0;2.0;2.0;16.0;B01
46410;201400030763;0;7;0;15.0;2.0;1.0;1.0;A01
46411;201400030764;0;7;0;0.0;2.0;7.0;1.0;B01
46412;201400030764;0;7;0;0.0;2.0;1.0;2.0;A01
46413;201400030767;0;7;0;0.0;1.0;0.0;4.0;A01
46414;201400030768;0;7;0;0.0;2.0;1.0;0.0;A01
46415;201400030768;0;1;0;0.0;2.0;1.0;1.0;B01
46416;201400030769;0;7;0;0.0;1.0;1.0;0.0;A01
46417;201400030770;0;7;0;1.0;0.0;7.0;1.0;A01
46418;201400030772;1;7;0;0.0;1.0;1.0;0.0;Z01
46419;201400030773;0;7;0;0.0;1.0;1.0;1.0;A01
46420;201400030774;0;7;0;0.0;1.0;0.0;0.0;A01
46421;201400030775;1;7;0;0.0;1.0;0.0;0.0;Z01
46422;201400030776;0;33;0;0.0;2.0;3.0;1.0;B01
46423;201400030776;0;7;0;0.0;2.0;2.0;10.0;A01
46424;201400030777;0;7;0;0.0;2.0;1.0;1.0;A01
46425;201400030777;0;7;0;0.0;2.0;3.0;1.0;B01
46426;201400030778;0;7;0;0.0;1.0;2.0;1.0;A01
46427;201400030779;0;7;0;0.0;2.0;8.0;15.0;B01
46428;201400030779;0;30;0;0.0;2.0;1.0;17.0;A01
46429;201400030780;2;7;0;7.0;0.0;9.0;2.0;A01
46430;201400030781;0;30;0;0.0;2.0;1.0;1.0;A01
46431;201400030781;0;7;0;0.0;9.0;8.0;15.0;B01
46432;201400030782;0;7;0;0.0;0.0;4.0;2.0;B01
46433;201400030782;0;15;0;0.0;2.0;1.0;2.0;A01
46434;201400030783;1;7;0;0.0;1.0;5.0;1.0;Z01
46435;201400030785;0;34;0;0.0;0.0;0.0;0.0;B01
46436;201400030785;0;7;0;0.0;9.0;0.0;0.0;A01
46437;201400030786;0;7;0;0.0;2.0;0.0;15.0;A01
46438;201400030786;0;33;0;0.0;2.0;1.0;1.0;B01
46439;201400030787;0;7;0;0.0;1.0;1.0;0.0;A01
46440;201400030788;0;7;0;0.0;2.0;2.0;9.0;A01
46441;201400030788;0;1;0;0.0;2.0;4.0;0.0;B01
46442;201400030789;0;7;0;0.0;1.0;3.0;15.0;A01
46443;201400030790;0;7;0;0.0;2.0;7.0;23.0;C01
46444;201400030790;0;7;0;0.0;2.0;1.0;0.0;B01
46445;201400030790;0;7;0;0.0;2.0;6.0;0.0;A01
46446;201400030791;0;7;0;0.0;2.0;7.0;1.0;B01
46447;201400030791;0;7;0;0.0;2.0;1.0;1.0;A01
46448;201400030793;0;33;0;0.0;2.0;1.0;7.0;A01
46449;201400030793;0;1;0;0.0;2.0;4.0;1.0;C01
46450;201400030793;0;10;0;0.0;2.0;2.0;16.0;B01
46451;201400030794;0;7;0;8.0;0.0;1.0;0.0;A01
46452;201400030795;0;7;0;0.0;2.0;8.0;0.0;B01
46453;201400030795;0;7;0;0.0;2.0;1.0;15.0;A01
46454;201400030796;0;37;0;0.0;1.0;0.0;1.0;A01
46455;201400030797;0;7;0;0.0;2.0;0.0;0.0;A01
46456;201400030797;0;33;0;0.0;2.0;0.0;0.0;B01
46457;201400030798;0;7;0;9.0;2.0;1.0;1.0;B01
46458;201400030798;2;7;0;0.0;2.0;8.0;1.0;A01
46459;201400030799;1;99;0;0.0;1.0;4.0;4.0;Z01
46460;201400030800;0;7;0;0.0;2.0;2.0;1.0;A01
46461;201400030800;0;7;0;0.0;2.0;3.0;15.0;B01
46462;201400030801;0;16;0;0.0;2.0;5.0;16.0;A01
46463;201400030801;0;1;0;0.0;2.0;1.0;0.0;B01
46464;201400030802;0;37;1;0.0;1.0;5.0;1.0;A01
46465;201400030803;0;7;0;0.0;2.0;7.0;1.0;A01
46466;201400030803;0;7;0;0.0;2.0;1.0;1.0;B01
46467;201400030804;0;33;0;0.0;2.0;0.0;0.0;B01
46468;201400030804;0;7;0;0.0;2.0;0.0;0.0;A01
46469;201400030805;0;7;0;3.0;0.0;1.0;0.0;A01
46470;201400030806;0;7;0;2.0;0.0;1.0;0.0;A01
46471;201400030807;0;10;0;0.0;2.0;0.0;0.0;A01
46472;201400030807;0;7;0;0.0;2.0;0.0;0.0;D01
46473;201400030807;0;7;0;0.0;2.0;1.0;0.0;B01
46474;201400030807;0;7;0;0.0;2.0;0.0;0.0;C01
46475;201400030809;0;7;0;0.0;2.0;8.0;15.0;B01
46476;201400030809;0;7;0;0.0;2.0;1.0;19.0;A01
46477;201400030810;0;7;0;0.0;2.0;7.0;15.0;A01
46478;201400030810;0;33;0;0.0;2.0;0.0;1.0;B01
46479;201400030811;0;7;0;0.0;2.0;0.0;1.0;B01
46480;201400030811;2;7;0;0.0;2.0;2.0;1.0;A01
46481;201400030811;0;7;0;0.0;2.0;0.0;0.0;C01
46482;201400030812;0;7;0;0.0;2.0;4.0;0.0;B01
46483;201400030812;2;7;0;0.0;2.0;1.0;0.0;A01
46484;201400030813;0;7;0;0.0;1.0;1.0;15.0;A01
46485;201400030814;0;7;0;0.0;2.0;1.0;1.0;B01
46486;201400030814;0;2;0;0.0;2.0;1.0;17.0;A01
46487;201400030815;0;7;0;14.0;0.0;1.0;1.0;A01
46488;201400030816;0;10;0;0.0;2.0;8.0;10.0;A01
46489;201400030816;0;2;0;0.0;2.0;1.0;1.0;B01
46490;201400030817;0;7;0;0.0;2.0;4.0;23.0;C01
46491;201400030817;0;7;0;0.0;2.0;4.0;1.0;B01
46492;201400030817;0;7;0;0.0;2.0;1.0;1.0;A01
46493;201400030819;0;7;0;0.0;1.0;1.0;15.0;A01
46494;201400030820;0;7;0;0.0;2.0;7.0;16.0;A01
46495;201400030820;0;2;0;0.0;2.0;8.0;1.0;B01
46496;201400030821;1;7;0;0.0;2.0;0.0;0.0;Z01
46497;201400030821;0;33;0;0.0;2.0;0.0;1.0;B01
46498;201400030822;0;7;0;0.0;1.0;1.0;0.0;A01
46499;201400030823;0;1;0;0.0;2.0;0.0;1.0;B01
46500;201400030823;0;7;0;0.0;2.0;7.0;16.0;A01
46501;201400030824;0;10;0;0.0;2.0;7.0;1.0;B01
46502;201400030824;0;30;0;0.0;2.0;1.0;1.0;A01
46503;201400030825;0;7;0;0.0;9.0;2.0;1.0;B01
46504;201400030825;0;1;0;0.0;2.0;8.0;1.0;A01
46505;201400030826;0;10;0;0.0;1.0;2.0;1.0;A01
46506;201400030827;0;7;0;0.0;1.0;3.0;1.0;A01
46507;201400030829;0;7;0;0.0;2.0;3.0;15.0;A01
46508;201400030829;2;33;0;0.0;2.0;1.0;1.0;Z01
46509;201400030830;1;7;0;0.0;1.0;0.0;1.0;Z01
46510;201400030832;0;7;0;0.0;1.0;1.0;15.0;A01
46511;201400030833;0;2;0;0.0;2.0;1.0;1.0;A01
46512;201400030833;0;7;0;0.0;2.0;4.0;1.0;C01
46513;201400030833;0;7;0;0.0;2.0;3.0;1.0;B01
46514;201400030834;1;7;0;0.0;1.0;0.0;0.0;Z01
46515;201400030835;0;1;0;0.0;2.0;1.0;1.0;B01
46516;201400030835;0;37;2;0.0;2.0;2.0;1.0;A01
46517;201400030836;0;31;0;0.0;2.0;8.0;0.0;B01
46518;201400030836;0;7;0;0.0;2.0;8.0;20.0;A01
46519;201400030837;0;7;0;0.0;1.0;1.0;1.0;A01
46520;201400030838;0;2;0;0.0;2.0;1.0;1.0;B01
46521;201400030838;0;7;0;0.0;2.0;3.0;15.0;A01
46522;201400030839;2;7;0;0.0;2.0;1.0;0.0;A01
46523;201400030839;0;7;0;0.0;2.0;1.0;1.0;C01
46524;201400030839;0;7;0;0.0;2.0;8.0;1.0;B01
46525;201400030840;0;7;0;0.0;2.0;1.0;1.0;C01
46526;201400030840;0;14;0;0.0;2.0;3.0;1.0;A01