;Num_Acc;senc;catv;occutc;obs;obsm;choc;manv;num_veh
47371;201400031397;0;7;0;0.0;2.0;1.0;15.0;A01
47372;201400031398;0;30;0;0.0;2.0;1.0;1.0;B01
47373;201400031398;1;7;0;0.0;2.0;1.0;13.0;Z01
47374;201400031399;0;7;0;0.0;1.0;1.0;1.0;A01
47375;201400031400;0;7;0;0.0;1.0;1.0;15.0;A01
47376;201400031401;0;7;0;7.0;2.0;1.0;0.0;A01
47377;201400031401;0;7;0;0.0;2.0;7.0;1.0;B01
47378;201400031402;0;2;0;0.0;2.0;1.0;1.0;A01
47379;201400031403;0;2;0;9.0;0.0;1.0;1.0;A01
47380;201400031404;1;7;0;0.0;1.0;2.0;14.0;A01
47381;201400031405;1;99;0;0.0;0.0;0.0;0.0;A01
47382;201400031405;0;7;0;0.0;2.0;4.0;1.0;B01
47383;201400031405;2;7;0;0.0;2.0;4.0;1.0;C01
47384;201400031406;0;3;0;0.0;1.0;1.0;1.0;A01
47385;201400031407;0;7;0;0.0;1.0;1.0;1.0;A01
47386;201400031408;0;7;0;0.0;2.0;1.0;1.0;A01
47387;201400031408;0;7;0;0.0;2.0;1.0;1.0;B01
47388;201400031409;0;7;0;0.0;1.0;1.0;15.0;A01
47389;201400031410;0;7;0;0.0;1.0;1.0;1.0;A01
47390;201400031411;0;7;0;0.0;1.0;1.0;1.0;A01
47391;201400031412;0;7;0;0.0;1.0;3.0;15.0;A01
47392;201400031413;1;99;0;0.0;1.0;0.0;0.0;Z01
47393;201400031414;0;7;0;0.0;2.0;1.0;1.0;A01
47394;201400031414;0;7;0;0.0;2.0;8.0;9.0;B01
47395;201400031415;0;7;0;1.0;1.0;3.0;1.0;A01
47396;201400031416;0;7;0;2.0;0.0;9.0;1.0;A01
47397;201400031417;0;30;0;0.0;0.0;0.0;1.0;A01
47398;201400031418;0;33;0;0.0;2.0;3.0;11.0;A01
47399;201400031418;0;7;0;0.0;2.0;8.0;14.0;B02
47400;201400031419;0;1;0;0.0;2.0;7.0;17.0;A01
47401;201400031419;0;7;0;0.0;2.0;3.0;15.0;B02
47402;201400031420;0;7;0;2.0;0.0;7.0;1.0;A01
47403;201400031421;0;31;0;0.0;0.0;8.0;1.0;A01
47404;201400031422;0;7;0;0.0;1.0;4.0;4.0;A01
47405;201400031423;0;7;0;0.0;2.0;3.0;1.0;A01
47406;201400031423;0;7;0;0.0;2.0;3.0;1.0;B02
47407;201400031424;0;7;0;0.0;1.0;2.0;1.0;A01
47408;201400031426;0;7;0;2.0;0.0;8.0;6.0;A01
47409;201400031427;0;31;0;0.0;2.0;3.0;23.0;A01
47410;201400031427;0;7;0;14.0;0.0;3.0;15.0;B02
47411;201400031428;0;7;0;0.0;0.0;5.0;1.0;A01
47412;201400031428;0;7;0;0.0;2.0;3.0;3.0;B02
47413;201400031429;0;7;0;0.0;1.0;2.0;1.0;A01
47414;201400031430;0;10;0;3.0;0.0;3.0;17.0;A01
47415;201400031431;0;7;0;0.0;2.0;1.0;15.0;A01
47416;201400031431;0;7;0;0.0;2.0;1.0;1.0;B02
47417;201400031432;0;7;0;4.0;0.0;3.0;17.0;A01
47418;201400031433;0;7;0;0.0;1.0;1.0;1.0;A01
47419;201400031434;0;15;0;13.0;2.0;3.0;1.0;B02
47420;201400031434;0;7;0;0.0;2.0;3.0;13.0;A01
47421;201400031435;0;33;0;0.0;2.0;7.0;1.0;B01
47422;201400031435;0;21;0;0.0;2.0;1.0;15.0;A02
47423;201400031436;0;30;0;0.0;1.0;3.0;1.0;A01
47424;201400031437;0;7;0;0.0;1.0;2.0;1.0;A01
47425;201400031438;0;7;0;0.0;2.0;8.0;9.0;A01
47426;201400031438;0;7;0;0.0;2.0;1.0;1.0;B02
47427;201400031439;0;7;0;0.0;2.0;1.0;13.0;A01
47428;201400031439;0;15;0;0.0;2.0;1.0;1.0;B02
47429;201400031441;0;7;0;0.0;0.0;3.0;1.0;B02
47430;201400031441;0;7;0;0.0;0.0;3.0;1.0;A01
47431;201400031441;0;2;0;0.0;0.0;1.0;17.0;C03
47432;201400031442;0;7;0;13.0;0.0;9.0;1.0;A01
47433;201400031443;0;7;0;0.0;2.0;1.0;15.0;A01
47434;201400031443;0;31;0;0.0;2.0;3.0;1.0;B02
47435;201400031445;0;7;0;0.0;2.0;3.0;0.0;C03
47436;201400031445;0;7;0;0.0;2.0;1.0;0.0;A01
47437;201400031445;0;7;0;0.0;2.0;7.0;0.0;B02
47438;201400031447;0;7;0;13.0;0.0;3.0;13.0;A01
47439;201400031448;0;7;0;0.0;1.0;3.0;1.0;A01
47440;201400031449;0;7;0;13.0;0.0;1.0;1.0;A01
47441;201400031450;0;34;0;6.0;0.0;1.0;1.0;A01
47442;201400031451;0;14;0;13.0;0.0;1.0;1.0;A01
47443;201400031452;0;7;0;0.0;9.0;1.0;1.0;B02
47444;201400031452;0;1;0;0.0;2.0;2.0;15.0;A01
47445;201400031454;0;7;0;0.0;2.0;1.0;17.0;A01
47446;201400031454;0;7;0;0.0;2.0;3.0;15.0;B02
47447;201400031455;0;7;0;0.0;2.0;3.0;17.0;A01
47448;201400031455;0;7;0;0.0;2.0;3.0;1.0;B02
47449;201400031456;0;7;0;0.0;1.0;2.0;1.0;C01
47450;201400031457;0;7;0;1.0;1.0;2.0;21.0;A01
47451;201400031459;0;7;0;2.0;0.0;1.0;16.0;A01
47452;201400031460;0;7;0;0.0;2.0;7.0;1.0;C01
47453;201400031460;0;7;0;0.0;2.0;6.0;1.0;B01
47454;201400031460;0;7;0;0.0;2.0;1.0;1.0;A01
47455;201400031461;0;7;0;0.0;2.0;4.0;1.0;C01
47456;201400031461;0;7;0;0.0;2.0;7.0;1.0;B01
47457;201400031461;0;7;0;0.0;2.0;1.0;1.0;A01
47458;201400031462;0;33;0;0.0;2.0;1.0;1.0;B01
47459;201400031462;0;7;0;0.0;2.0;2.0;15.0;A01
47460;201400031463;0;7;0;0.0;2.0;1.0;13.0;A01
47461;201400031463;0;7;0;0.0;2.0;1.0;1.0;B01
47462;201400031464;0;2;0;0.0;2.0;1.0;1.0;B01
47463;201400031464;0;7;0;0.0;2.0;3.0;15.0;A01
47464;201400031465;0;33;0;0.0;2.0;1.0;1.0;B01
47465;201400031465;0;7;0;0.0;2.0;8.0;19.0;A01
47466;201400031466;0;7;0;0.0;0.0;9.0;1.0;A01
47467;201400031467;0;7;0;0.0;2.0;5.0;1.0;B01
47468;201400031467;0;1;0;0.0;2.0;1.0;0.0;A01
47469;201400031470;0;2;0;0.0;2.0;2.0;0.0;A01
47470;201400031470;0;7;0;0.0;0.0;2.0;0.0;B01
47471;201400031473;0;2;0;0.0;0.0;0.0;0.0;B01
47472;201400031473;0;7;0;0.0;0.0;0.0;0.0;A01
47473;201400031474;0;7;0;0.0;1.0;0.0;0.0;A01
47474;201400031475;0;33;0;0.0;2.0;1.0;1.0;A01
47475;201400031475;0;7;0;0.0;2.0;2.0;15.0;B02
47476;201400031477;0;7;0;6.0;0.0;3.0;1.0;A01
47477;201400031478;0;10;0;0.0;2.0;2.0;17.0;A01
47478;201400031478;0;7;0;0.0;2.0;8.0;15.0;B02
47479;201400031479;0;99;0;0.0;2.0;3.0;19.0;A01
47480;201400031479;0;7;0;0.0;2.0;2.0;1.0;B02
47481;201400031480;0;33;0;0.0;0.0;8.0;15.0;A01
47482;201400031480;0;33;0;0.0;2.0;1.0;1.0;B02
47483;201400031481;0;7;0;0.0;2.0;1.0;1.0;A01
47484;201400031481;0;7;0;0.0;2.0;8.0;10.0;B02
47485;201400031482;0;33;0;0.0;2.0;1.0;1.0;A01
47486;201400031482;0;10;0;0.0;2.0;7.0;15.0;B02
47487;201400031483;0;7;0;0.0;2.0;8.0;9.0;A01
47488;201400031483;0;30;0;0.0;2.0;2.0;1.0;B02
47489;201400031484;0;7;0;0.0;1.0;1.0;1.0;A01
47490;201400031485;0;7;0;13.0;0.0;0.0;1.0;A01
47491;201400031486;0;10;0;0.0;1.0;3.0;1.0;A01
47492;201400031487;0;7;0;0.0;2.0;3.0;17.0;A01
47493;201400031487;0;7;0;0.0;2.0;3.0;1.0;B02
47494;201400031487;0;7;0;0.0;2.0;7.0;1.0;C03
47495;201400031491;0;7;0;0.0;2.0;5.0;15.0;A01
47496;201400031491;0;7;0;0.0;2.0;1.0;1.0;B02
47497;201400031491;0;7;0;0.0;2.0;3.0;1.0;C03
47498;201400031492;0;7;0;0.0;2.0;8.0;15.0;B02
47499;201400031492;0;7;0;0.0;2.0;1.0;1.0;A01
47500;201400031493;0;7;0;0.0;2.0;4.0;23.0;A01
47501;201400031493;0;7;0;0.0;2.0;4.0;23.0;B02
47502;201400031493;0;7;0;0.0;2.0;4.0;23.0;C03
47503;201400031493;0;7;0;0.0;2.0;4.0;23.0;D04
47504;201400031493;0;10;0;0.0;2.0;1.0;1.0;E05
47505;201400031494;0;7;0;0.0;2.0;3.0;5.0;A01
47506;201400031494;0;7;0;0.0;2.0;1.0;1.0;B02
47507;201400031496;0;7;0;0.0;2.0;1.0;1.0;A01
47508;201400031496;0;30;0;0.0;2.0;8.0;19.0;B02
47509;201400031497;0;17;0;0.0;2.0;1.0;13.0;A01
47510;201400031497;0;7;0;0.0;2.0;1.0;1.0;B02
47511;201400031498;0;7;0;0.0;1.0;1.0;1.0;A01
47512;201400031499;0;7;0;0.0;2.0;3.0;1.0;A01
47513;201400031499;0;30;0;0.0;2.0;8.0;1.0;B01
47514;201400031501;0;7;0;0.0;1.0;4.0;4.0;A01
47515;201400031502;0;7;0;0.0;2.0;4.0;1.0;B01
47516;201400031502;0;31;0;0.0;2.0;4.0;1.0;A01
47517;201400031504;0;7;0;0.0;0.0;4.0;1.0;B01
47518;201400031504;0;13;0;0.0;2.0;1.0;2.0;A01
47519;201400031505;0;7;0;0.0;2.0;7.0;0.0;A01
47520;201400031505;0;33;0;0.0;2.0;1.0;1.0;B01
47521;201400031506;1;31;0;0.0;2.0;1.0;1.0;A01
47522;201400031506;0;10;0;0.0;2.0;8.0;1.0;B01
47523;201400031507;0;7;0;0.0;1.0;3.0;1.0;A01
47524;201400031508;0;7;0;0.0;1.0;0.0;20.0;A01
47525;201400031509;0;7;0;0.0;2.0;1.0;2.0;A01
47526;201400031509;0;7;0;0.0;2.0;4.0;2.0;B01
47527;201400031509;0;7;0;0.0;2.0;4.0;2.0;C01
47528;201400031510;0;7;0;2.0;0.0;9.0;1.0;A01
47529;201400031512;0;7;0;0.0;1.0;1.0;1.0;A01
47530;201400031513;0;37;56;0.0;2.0;1.0;1.0;A01
47531;201400031513;0;10;0;0.0;0.0;4.0;1.0;B01
47532;201400031515;0;30;0;0.0;2.0;1.0;1.0;B01
47533;201400031515;0;7;0;0.0;2.0;8.0;6.0;A01
47534;201400031516;0;7;0;0.0;1.0;1.0;1.0;A01
47535;201400031517;0;7;0;0.0;1.0;2.0;1.0;A01
47536;201400031518;0;7;0;0.0;1.0;2.0;1.0;A01
47537;201400031519;0;7;0;0.0;2.0;2.0;17.0;A01
47538;201400031519;0;7;0;0.0;2.0;8.0;15.0;B01
47539;201400031520;0;7;0;0.0;1.0;3.0;1.0;A01
47540;201400031521;0;7;0;0.0;1.0;2.0;1.0;A01
47541;201400031522;0;1;0;0.0;2.0;1.0;1.0;B01
47542;201400031522;0;7;0;0.0;9.0;3.0;1.0;A01
47543;201400031523;0;7;0;0.0;1.0;8.0;1.0;A01
47544;201400031524;0;7;0;0.0;2.0;5.0;1.0;A01
47545;201400031524;0;1;0;0.0;2.0;1.0;1.0;B01
47546;201400031525;0;1;0;0.0;2.0;6.0;1.0;B01
47547;201400031525;0;7;0;0.0;2.0;3.0;15.0;A01
47548;201400031526;0;7;0;2.0;0.0;9.0;1.0;A01
47549;201400031527;0;7;0;0.0;1.0;2.0;1.0;A01
47550;201400031528;0;7;0;0.0;1.0;2.0;17.0;A01
47551;201400031529;0;7;0;2.0;0.0;1.0;1.0;A01
47552;201400031530;0;7;0;0.0;2.0;3.0;15.0;A01
47553;201400031530;0;33;0;0.0;0.0;8.0;1.0;B01
47554;201400031532;1;7;0;0.0;1.0;3.0;1.0;A01
47555;201400031533;1;7;0;0.0;1.0;2.0;15.0;A01
47556;201400031534;0;7;0;0.0;0.0;2.0;0.0;A01
47557;201400031536;0;7;0;0.0;1.0;1.0;0.0;A01
47558;201400031537;0;7;0;0.0;0.0;2.0;15.0;A01
47559;201400031537;0;7;0;0.0;0.0;1.0;1.0;B01
47560;201400031538;0;33;0;0.0;2.0;8.0;0.0;B01
47561;201400031538;0;7;0;1.0;2.0;8.0;0.0;A01
47562;201400031539;0;7;0;0.0;2.0;3.0;15.0;B01
47563;201400031539;0;2;0;0.0;2.0;1.0;2.0;A01
47564;201400031540;0;31;0;0.0;2.0;5.0;1.0;A01
47565;201400031540;0;1;0;0.0;2.0;5.0;15.0;B01
47566;201400031542;0;7;0;0.0;1.0;1.0;1.0;A01
47567;201400031543;0;1;0;0.0;0.0;0.0;19.0;B01
47568;201400031543;0;7;0;0.0;2.0;3.0;2.0;A01
47569;201400031544;0;1;0;0.0;2.0;8.0;0.0;B01
47570;201400031544;0;7;0;0.0;9.0;4.0;4.0;A01
47571;201400031545;0;1;0;0.0;0.0;1.0;19.0;B01
47572;201400031545;0;7;0;0.0;0.0;2.0;1.0;A01
47573;201400031546;0;7;0;0.0;2.0;1.0;15.0;B01
47574;201400031546;0;7;0;0.0;2.0;1.0;1.0;A01
47575;201400031548;0;37;1;0.0;1.0;2.0;7.0;A01
47576;201400031549;0;7;0;0.0;2.0;1.0;1.0;B01
47577;201400031549;0;7;0;0.0;2.0;7.0;6.0;A01
47578;201400031550;0;7;0;0.0;2.0;1.0;0.0;A01
47579;201400031550;0;7;0;0.0;2.0;7.0;6.0;B01
47580;201400031551;0;7;0;0.0;1.0;1.0;15.0;A01
47581;201400031552;0;33;0;0.0;2.0;1.0;2.0;A01
47582;201400031552;0;13;0;0.0;0.0;6.0;1.0;B01
47583;201400031553;0;33;0;0.0;2.0;3.0;2.0;A01
47584;201400031553;0;7;0;0.0;2.0;3.0;2.0;B01
47585;201400031554;0;7;0;0.0;1.0;2.0;9.0;A01
47586;201400031555;0;15;0;0.0;0.0;7.0;0.0;A01
47587;201400031555;0;1;0;0.0;2.0;3.0;0.0;B01
47588;201400031556;0;7;0;0.0;1.0;2.0;1.0;A01
47589;201400031557;0;7;0;0.0;2.0;2.0;21.0;B01
47590;201400031557;0;7;0;0.0;2.0;2.0;5.0;A01
47591;201400031558;1;10;0;0.0;1.0;0.0;4.0;A01
47592;201400031559;0;7;0;0.0;2.0;1.0;0.0;B01
47593;201400031559;0;7;0;0.0;0.0;8.0;0.0;C01
47594;201400031559;0;7;0;0.0;2.0;1.0;0.0;A01
47595;201400031560;0;7;0;0.0;2.0;8.0;0.0;A01
47596;201400031560;0;31;0;0.0;2.0;1.0;0.0;B01
47597;201400031561;0;7;0;0.0;2.0;1.0;0.0;B01
47598;201400031561;0;7;0;0.0;2.0;1.0;13.0;A01
47599;201400031562;1;7;0;0.0;1.0;2.0;1.0;A01
47600;201400031563;0;31;0;0.0;2.0;7.0;1.0;B02
47601;201400031563;0;7;0;0.0;2.0;1.0;19.0;A01
47602;201400031564;0;7;0;0.0;2.0;1.0;1.0;B02
47603;201400031564;0;7;0;0.0;2.0;1.0;11.0;C03
47604;201400031564;0;7;0;0.0;2.0;1.0;1.0;A01
47605;201400031565;0;10;0;0.0;0.0;1.0;1.0;A01
47606;201400031566;0;33;0;0.0;2.0;3.0;0.0;A01
47607;201400031566;0;7;0;0.0;2.0;3.0;0.0;B02
47608;201400031567;0;33;0;3.0;0.0;1.0;1.0;A01
47609;201400031568;0;33;0;10.0;0.0;2.0;15.0;A01
47610;201400031569;0;7;0;0.0;2.0;7.0;1.0;A01
47611;201400031569;0;10;0;0.0;2.0;1.0;1.0;B02
47612;201400031570;0;2;0;0.0;2.0;1.0;1.0;B02
47613;201400031570;0;7;0;0.0;2.0;2.0;15.0;A01
47614;201400031571;0;7;0;0.0;2.0;2.0;1.0;A01
47615;201400031571;0;7;0;0.0;2.0;8.0;15.0;B02
47616;201400031572;0;7;0;2.0;0.0;1.0;1.0;A01
47617;201400031573;0;7;0;3.0;0.0;8.0;1.0;A01
47618;201400031573;0;7;0;4.0;0.0;2.0;21.0;B02
47619;201400031574;0;7;0;13.0;0.0;9.0;1.0;A01
47620;201400031575;0;7;0;3.0;0.0;1.0;1.0;A01
47621;201400031576;0;7;0;13.0;0.0;9.0;13.0;A01
47622;201400031577;0;7;0;0.0;2.0;1.0;2.0;A01
47623;201400031577;0;7;0;0.0;2.0;4.0;1.0;B02
47624;201400031578;0;2;0;0.0;2.0;8.0;15.0;B01
47625;201400031578;0;10;0;0.0;2.0;2.0;15.0;A01
47626;201400031579;0;7;0;0.0;1.0;1.0;1.0;A01
47627;201400031580;0;1;0;0.0;2.0;1.0;1.0;B01
47628;201400031580;0;7;0;0.0;2.0;6.0;15.0;A01
47629;201400031581;0;7;0;6.0;0.0;3.0;13.0;A01
47630;201400031582;0;7;0;0.0;2.0;8.0;15.0;B01
47631;201400031582;0;7;0;6.0;2.0;2.0;17.0;A01
47632;201400031583;0;7;0;0.0;1.0;8.0;1.0;A01
47633;201400031584;0;7;0;6.0;0.0;3.0;1.0;A01
47634;201400031585;0;7;0;2.0;0.0;3.0;13.0;A01
47635;201400031586;0;33;0;0.0;2.0;8.0;1.0;B01
47636;201400031586;0;7;0;0.0;2.0;3.0;15.0;A01
47637;201400031587;0;7;0;0.0;1.0;3.0;1.0;A01
47638;201400031588;0;7;0;6.0;0.0;2.0;14.0;A01
47639;201400031589;0;7;0;0.0;2.0;3.0;19.0;B01
47640;201400031589;0;2;0;0.0;2.0;1.0;19.0;A01
47641;201400031590;0;14;0;0.0;1.0;1.0;20.0;A01
47642;201400031591;0;7;0;0.0;2.0;2.0;1.0;B01
47643;201400031591;0;99;0;0.0;2.0;3.0;16.0;A01
47644;201400031592;0;33;0;0.0;2.0;1.0;21.0;A01
47645;201400031592;0;7;0;0.0;2.0;3.0;1.0;B01
47646;201400031593;0;33;0;0.0;2.0;1.0;1.0;A01
47647;201400031593;0;7;0;0.0;2.0;8.0;13.0;B01
47648;201400031594;0;33;0;0.0;1.0;2.0;0.0;A01
47649;201400031595;0;1;0;0.0;2.0;1.0;1.0;B01
47650;201400031595;0;7;0;0.0;2.0;1.0;15.0;A01
47651;201400031596;0;33;0;0.0;2.0;1.0;1.0;B01
47652;201400031596;0;7;0;0.0;2.0;2.0;19.0;A01
47653;201400031597;1;7;0;0.0;1.0;1.0;1.0;X01
47654;201400031598;0;7;0;0.0;1.0;2.0;1.0;A01
47655;201400031599;0;30;0;0.0;2.0;1.0;1.0;B01
47656;201400031599;0;7;0;0.0;2.0;2.0;15.0;A01
47657;201400031600;0;7;0;0.0;1.0;1.0;15.0;A01
47658;201400031601;0;1;0;0.0;1.0;1.0;1.0;A01
47659;201400031603;0;33;0;0.0;2.0;1.0;1.0;B01
47660;201400031603;0;7;0;0.0;2.0;3.0;15.0;A01
47661;201400031604;0;7;0;0.0;1.0;1.0;0.0;A01
47662;201400031605;0;1;0;0.0;2.0;0.0;1.0;B01
47663;201400031605;0;7;0;0.0;2.0;8.0;9.0;A01
47664;201400031606;0;1;0;6.0;0.0;1.0;0.0;A01
47665;201400031607;0;7;0;0.0;2.0;1.0;15.0;B01
47666;201400031607;1;7;0;0.0;2.0;7.0;1.0;A01
47667;201400031608;0;33;0;0.0;2.0;1.0;1.0;B01
47668;201400031608;0;7;0;0.0;2.0;3.0;15.0;A01
47669;201400031609;0;7;0;0.0;1.0;6.0;4.0;A01
47670;201400031610;0;7;0;0.0;1.0;2.0;2.0;A01
47671;201400031611;0;7;0;0.0;1.0;1.0;1.0;A01
47672;201400031612;0;2;0;0.0;2.0;4.0;1.0;A01
47673;201400031612;2;7;0;0.0;2.0;1.0;9.0;B01
47674;201400031614;0;7;0;0.0;1.0;1.0;1.0;A01
47675;201400031615;0;2;0;0.0;2.0;1.0;2.0;B01
47676;201400031615;0;7;0;0.0;2.0;6.0;9.0;A01
47677;201400031617;0;10;0;0.0;2.0;3.0;15.0;A01
47678;201400031617;0;7;0;0.0;2.0;8.0;1.0;B01
47679;201400031617;0;10;0;0.0;2.0;1.0;1.0;C01
47680;201400031618;0;7;0;0.0;1.0;1.0;1.0;A01
47681;201400031619;0;7;0;0.0;1.0;2.0;1.0;A01
47682;201400031620;0;33;0;0.0;0.0;0.0;1.0;A01
47683;201400031621;0;7;0;0.0;2.0;3.0;1.0;A01
47684;201400031621;0;2;0;0.0;2.0;1.0;1.0;B01
47685;201400031622;0;7;0;0.0;2.0;5.0;24.0;B01
47686;201400031622;2;7;0;1.0;0.0;3.0;1.0;A01
47687;201400031623;0;7;0;0.0;2.0;1.0;15.0;B01
47688;201400031623;0;2;0;0.0;2.0;1.0;9.0;A01
47689;201400031624;0;7;0;0.0;1.0;1.0;1.0;A01
47690;201400031625;0;7;0;13.0;0.0;1.0;13.0;A01
47691;201400031626;0;7;0;2.0;0.0;3.0;11.0;A01
47692;201400031627;0;10;0;0.0;1.0;9.0;1.0;A01
47693;201400031629;0;15;0;8.0;0.0;2.0;1.0;A01
47694;201400031630;0;7;0;0.0;2.0;3.0;13.0;A01
47695;201400031630;0;7;0;0.0;2.0;2.0;1.0;B02
47696;201400031631;0;36;0;13.0;0.0;1.0;1.0;A01
47697;201400031632;0;17;0;0.0;2.0;6.0;1.0;B02
47698;201400031632;0;7;0;0.0;2.0;2.0;21.0;A01
47699;201400031633;2;7;0;3.0;0.0;2.0;0.0;A01
47700;201400031634;0;7;0;0.0;2.0;1.0;1.0;A01
47701;201400031634;0;7;0;0.0;0.0;4.0;1.0;B02
47702;201400031635;0;10;0;0.0;1.0;2.0;2.0;A01
47703;201400031636;0;7;0;13.0;0.0;1.0;14.0;A01
47704;201400031637;0;10;0;0.0;2.0;1.0;2.0;B02
47705;201400031637;0;15;0;0.0;2.0;4.0;2.0;A01
47706;201400031638;0;7;0;0.0;0.0;6.0;23.0;A01
47707;201400031638;0;33;0;0.0;2.0;5.0;2.0;C03
47708;201400031638;0;14;0;0.0;2.0;3.0;2.0;B02
47709;201400031639;0;31;0;0.0;0.0;8.0;1.0;B02
47710;201400031639;0;7;0;0.0;2.0;1.0;19.0;A01
47711;201400031640;0;33;0;0.0;2.0;8.0;15.0;B02
47712;201400031640;0;10;0;0.0;2.0;2.0;17.0;A01
47713;201400031641;0;33;0;0.0;2.0;1.0;2.0;B02
47714;201400031641;0;7;0;0.0;2.0;6.0;17.0;A01
47715;201400031642;0;7;0;0.0;0.0;5.0;0.0;B02
47716;201400031642;0;33;0;0.0;2.0;1.0;21.0;A01
47717;201400031643;0;10;0;0.0;1.0;7.0;1.0;A01
47718;201400031644;0;7;0;6.0;0.0;1.0;13.0;A01
47719;201400031646;0;10;0;0.0;2.0;1.0;13.0;A01
47720;201400031646;0;10;0;0.0;2.0;3.0;1.0;B02
47721;201400031647;0;7;0;1.0;0.0;6.0;23.0;A01
47722;201400031647;0;14;0;0.0;0.0;2.0;1.0;B02
47723;201400031648;0;31;0;0.0;2.0;2.0;1.0;A01
47724;201400031648;0;7;0;0.0;2.0;3.0;0.0;B02
47725;201400031649;0;10;0;0.0;0.0;0.0;1.0;A01
47726;201400031650;0;30;0;1.0;0.0;1.0;0.0;A01
47727;201400031651;0;7;0;0.0;9.0;1.0;1.0;A01
47728;201400031651;0;1;0;0.0;2.0;8.0;19.0;B02
47729;201400031653;0;7;0;0.0;2.0;2.0;0.0;A01
47730;201400031653;0;7;0;0.0;2.0;3.0;0.0;B02
47731;201400031656;0;2;0;0.0;2.0;1.0;9.0;B01
47732;201400031656;0;7;0;0.0;2.0;8.0;9.0;A01
47733;201400031657;0;7;0;0.0;1.0;3.0;0.0;A01
47734;201400031658;0;7;0;0.0;0.0;5.0;2.0;B01
47735;201400031658;0;33;0;0.0;2.0;3.0;2.0;A01
47736;201400031659;0;7;0;0.0;9.0;2.0;9.0;A01
47737;201400031659;0;1;0;0.0;2.0;1.0;1.0;B01
47738;201400031660;0;2;0;0.0;0.0;8.0;0.0;A01
47739;201400031661;0;10;0;0.0;2.0;1.0;5.0;A01
47740;201400031661;0;15;0;0.0;2.0;1.0;0.0;B01
47741;201400031662;0;39;0;0.0;2.0;2.0;1.0;B01
47742;201400031662;0;2;0;14.0;4.0;1.0;1.0;A01
47743;201400031663;0;7;0;6.0;0.0;3.0;2.0;A01
47744;201400031664;0;7;0;9.0;0.0;1.0;0.0;A01
47745;201400031665;0;7;0;0.0;2.0;1.0;2.0;A01
47746;201400031665;0;7;0;0.0;0.0;4.0;2.0;B01
47747;201400031666;0;7;0;0.0;1.0;5.0;4.0;A01
47748;201400031667;0;33;0;0.0;2.0;5.0;1.0;B01
47749;201400031667;0;7;0;0.0;2.0;1.0;1.0;A01
47750;201400031668;0;7;0;2.0;0.0;1.0;1.0;A01
47751;201400031669;0;7;0;0.0;1.0;2.0;2.0;A01
47752;201400031670;0;7;0;2.0;0.0;0.0;2.0;A01
47753;201400031671;0;1;0;0.0;2.0;1.0;1.0;A01
47754;201400031671;0;7;0;0.0;2.0;3.0;9.0;B01
47755;201400031672;0;30;0;0.0;1.0;0.0;2.0;A01
47756;201400031674;0;7;0;0.0;2.0;1.0;2.0;A01
47757;201400031674;0;21;0;0.0;2.0;4.0;2.0;B01
47758;201400031675;0;7;0;15.0;0.0;2.0;2.0;A01
47759;201400031676;0;7;0;0.0;2.0;3.0;6.0;A01
47760;201400031676;0;37;1;0.0;2.0;3.0;1.0;B01
47761;201400031677;0;15;0;0.0;2.0;1.0;1.0;B01
47762;201400031677;0;7;0;0.0;2.0;8.0;6.0;A01
47763;201400031678;0;7;0;0.0;2.0;6.0;9.0;A01
47764;201400031678;0;10;0;0.0;2.0;1.0;1.0;B01
47765;201400031680;0;7;0;0.0;2.0;6.0;17.0;A01
47766;201400031680;0;7;0;0.0;2.0;3.0;14.0;B01
47767;201400031681;0;7;0;0.0;1.0;2.0;0.0;A01
47768;201400031682;0;7;0;0.0;2.0;1.0;1.0;A01
47769;201400031682;0;7;0;0.0;2.0;7.0;1.0;B01
47770;201400031683;0;7;0;0.0;2.0;1.0;9.0;A01
47771;201400031683;0;7;0;0.0;0.0;7.0;2.0;B01
47772;201400031684;0;7;0;0.0;1.0;1.0;0.0;A01
47773;201400031685;0;7;0;0.0;2.0;3.0;0.0;B01
47774;201400031685;0;31;0;0.0;2.0;5.0;0.0;A01
47775;201400031686;0;7;0;0.0;1.0;7.0;1.0;A01
47776;201400031687;0;7;0;0.0;1.0;2.0;1.0;A01
47777;201400031688;0;7;0;0.0;1.0;1.0;0.0;A01
47778;201400031689;0;7;0;0.0;1.0;1.0;2.0;A01
47779;201400031690;0;7;0;0.0;1.0;1.0;0.0;A01
47780;201400031691;0;7;0;0.0;1.0;1.0;4.0;A01
47781;201400031692;1;17;0;0.0;9.0;0.0;2.0;A01
47782;201400031692;0;1;0;0.0;0.0;4.0;2.0;B01
47783;201400031693;0;38;1;0.0;1.0;3.0;1.0;A01
47784;201400031694;0;7;0;0.0;2.0;2.0;15.0;A01
47785;201400031694;0;7;0;0.0;2.0;1.0;1.0;B01
47786;201400031695;0;7;0;0.0;0.0;3.0;1.0;A01
47787;201400031695;0;2;0;0.0;0.0;7.0;1.0;B01
47788;201400031695;0;10;0;0.0;0.0;3.0;23.0;C01
47789;201400031696;0;7;0;0.0;2.0;1.0;15.0;A01
47790;201400031696;0;7;0;0.0;2.0;6.0;15.0;B01
47791;201400031697;0;30;0;0.0;2.0;1.0;5.0;B01