;Num_Acc;senc;catv;occutc;obs;obsm;choc;manv;num_veh
48635;201400032279;0;1;0;1.0;0.0;1.0;1.0;B01
48636;201400032280;0;1;0;0.0;2.0;4.0;7.0;B01
48637;201400032280;0;7;0;8.0;2.0;1.0;1.0;A01
48638;201400032281;0;1;0;16.0;0.0;0.0;1.0;A01
48639;201400032282;0;2;0;0.0;2.0;1.0;7.0;A01
48640;201400032282;0;7;0;0.0;0.0;5.0;16.0;B01
48641;201400032283;0;33;0;0.0;2.0;1.0;13.0;A01
48642;201400032283;0;7;0;0.0;2.0;8.0;15.0;B01
48643;201400032284;0;7;0;0.0;0.0;6.0;15.0;A01
48644;201400032284;0;33;0;0.0;2.0;1.0;17.0;B01
48645;201400032285;0;31;0;0.0;2.0;1.0;7.0;A01
48646;201400032285;0;7;0;0.0;0.0;4.0;16.0;B01
48647;201400032286;0;2;0;0.0;0.0;8.0;1.0;A01
48648;201400032287;0;33;0;0.0;0.0;8.0;1.0;A01
48649;201400032288;0;7;0;0.0;2.0;3.0;1.0;B01
48650;201400032288;0;34;0;0.0;2.0;1.0;13.0;A01
48651;201400032289;0;7;0;0.0;2.0;4.0;23.0;B01
48652;201400032289;0;7;0;0.0;2.0;1.0;2.0;A01
48653;201400032290;0;7;0;0.0;0.0;8.0;1.0;C01
48654;201400032290;0;7;0;0.0;2.0;3.0;1.0;B01
48655;201400032290;0;33;0;0.0;2.0;1.0;16.0;A01
48656;201400032291;0;32;0;12.0;0.0;1.0;14.0;A01
48657;201400032292;0;7;0;0.0;2.0;4.0;2.0;B01
48658;201400032292;0;2;0;0.0;2.0;1.0;2.0;A01
48659;201400032293;0;2;0;12.0;0.0;0.0;13.0;A01
48660;201400032294;0;31;0;0.0;5.0;1.0;21.0;B01
48661;201400032295;0;7;0;0.0;2.0;2.0;1.0;B01
48662;201400032295;0;7;0;0.0;2.0;3.0;19.0;A01
48663;201400032296;0;7;0;0.0;0.0;1.0;15.0;A01
48664;201400032296;0;33;0;0.0;2.0;1.0;17.0;B01
48665;201400032297;0;7;0;12.0;0.0;9.0;1.0;A01
48666;201400032298;0;7;0;0.0;2.0;4.0;2.0;B01
48667;201400032298;0;7;0;0.0;2.0;4.0;2.0;C01
48668;201400032298;0;7;0;0.0;2.0;1.0;2.0;A01
48669;201400032299;0;7;0;0.0;0.0;6.0;2.0;B01
48670;201400032299;0;2;0;0.0;2.0;1.0;2.0;A01
48671;201400032300;0;7;0;0.0;2.0;1.0;1.0;A01
48672;201400032300;0;7;0;0.0;2.0;6.0;19.0;B01
48673;201400032301;0;7;0;7.0;2.0;1.0;17.0;A01
48674;201400032301;0;7;0;0.0;2.0;2.0;1.0;B01
48675;201400032302;0;30;0;6.0;0.0;7.0;1.0;A01
48676;201400032303;0;32;0;0.0;2.0;1.0;23.0;B01
48677;201400032303;0;3;0;0.0;2.0;3.0;13.0;A01
48678;201400032304;0;2;0;9.0;0.0;1.0;14.0;A01
48679;201400032305;0;2;0;0.0;2.0;1.0;1.0;B01
48680;201400032305;0;7;0;0.0;0.0;7.0;1.0;A01
48681;201400032306;0;2;0;0.0;0.0;0.0;21.0;A01
48682;201400032307;0;7;0;0.0;2.0;3.0;13.0;A01
48683;201400032307;0;10;0;0.0;2.0;2.0;1.0;C01
48684;201400032307;0;30;0;0.0;2.0;1.0;1.0;B01
48685;201400032308;0;7;0;0.0;2.0;2.0;16.0;B01
48686;201400032308;0;2;0;0.0;2.0;1.0;7.0;A01
48687;201400032309;0;2;0;0.0;0.0;0.0;16.0;A01
48688;201400032310;0;33;0;0.0;2.0;1.0;1.0;B01
48689;201400032310;0;7;0;0.0;0.0;7.0;10.0;A01
48690;201400032311;0;7;0;0.0;2.0;7.0;16.0;A01
48691;201400032311;0;33;0;0.0;2.0;1.0;21.0;B01
48692;201400032312;0;33;0;12.0;0.0;1.0;0.0;A01
48693;201400032313;0;33;0;14.0;0.0;1.0;17.0;A01
48694;201400032314;0;10;0;0.0;0.0;3.0;15.0;B01
48695;201400032314;0;2;0;0.0;2.0;1.0;17.0;A01
48696;201400032315;0;31;0;15.0;0.0;1.0;15.0;A01
48697;201400032316;0;30;0;0.0;2.0;1.0;2.0;A01
48698;201400032316;0;30;0;0.0;0.0;4.0;23.0;B01
48699;201400032318;0;33;0;0.0;2.0;7.0;17.0;A01
48700;201400032318;0;7;0;0.0;0.0;8.0;15.0;B01
48701;201400032320;0;7;0;4.0;0.0;3.0;21.0;A01
48702;201400032321;0;7;0;0.0;2.0;3.0;15.0;A01
48703;201400032321;0;2;0;0.0;2.0;1.0;17.0;B01
48704;201400032322;0;30;0;11.0;0.0;1.0;1.0;A01
48705;201400032323;0;7;0;0.0;2.0;3.0;15.0;B01
48706;201400032323;0;33;0;0.0;2.0;1.0;17.0;A01
48707;201400032324;0;31;0;0.0;0.0;0.0;1.0;B01
48708;201400032324;0;17;0;0.0;0.0;0.0;1.0;A01
48709;201400032325;0;10;0;0.0;2.0;3.0;1.0;C01
48710;201400032325;0;7;0;0.0;2.0;3.0;16.0;B01
48711;201400032325;0;7;0;0.0;2.0;9.0;16.0;A01
48712;201400032326;0;2;0;0.0;2.0;1.0;1.0;B01
48713;201400032326;0;10;0;0.0;2.0;7.0;15.0;A01
48714;201400032327;0;7;0;0.0;2.0;2.0;21.0;B01
48715;201400032327;0;2;0;0.0;2.0;8.0;19.0;A01
48716;201400032328;0;32;0;0.0;0.0;7.0;21.0;A01
48717;201400032329;0;2;0;0.0;0.0;8.0;1.0;A01
48718;201400032330;0;7;0;0.0;2.0;3.0;1.0;B01
48719;201400032330;0;33;0;0.0;2.0;5.0;16.0;A01
48720;201400032331;0;33;0;0.0;2.0;1.0;1.0;A01
48721;201400032331;0;7;0;0.0;0.0;5.0;14.0;B01
48722;201400032332;0;33;0;0.0;0.0;0.0;0.0;A01
48723;201400032333;0;2;0;0.0;1.0;1.0;1.0;A01
48724;201400032334;0;10;0;0.0;2.0;1.0;9.0;B01
48725;201400032334;0;7;0;0.0;0.0;4.0;9.0;A01
48726;201400032335;0;7;0;1.0;0.0;1.0;14.0;A01
48727;201400032336;0;7;0;0.0;2.0;3.0;17.0;B01
48728;201400032336;0;7;0;0.0;2.0;3.0;1.0;C01
48729;201400032336;0;2;0;0.0;2.0;1.0;17.0;A01
48730;201400032337;0;7;0;0.0;0.0;0.0;15.0;A01
48731;201400032337;0;7;0;7.0;0.0;8.0;21.0;B01
48732;201400032338;0;30;0;0.0;0.0;0.0;1.0;A01
48733;201400032339;0;7;0;0.0;1.0;0.0;1.0;A01
48734;201400032340;0;30;0;0.0;2.0;3.0;1.0;B01
48735;201400032340;0;7;0;0.0;2.0;1.0;15.0;A01
48736;201400032341;0;30;0;0.0;0.0;0.0;1.0;A01
48737;201400032342;0;33;0;0.0;0.0;7.0;1.0;A01
48738;201400032343;0;7;0;0.0;2.0;7.0;14.0;A01
48739;201400032343;0;30;0;0.0;2.0;7.0;7.0;B01
48740;201400032345;0;30;0;0.0;2.0;1.0;2.0;A01
48741;201400032345;0;30;0;0.0;0.0;4.0;2.0;B01
48742;201400032346;0;7;0;0.0;1.0;2.0;1.0;A01
48743;201400032347;0;2;0;0.0;2.0;1.0;7.0;A01
48744;201400032347;0;7;0;0.0;0.0;6.0;9.0;B01
48745;201400032348;0;2;0;0.0;0.0;0.0;1.0;A01
48746;201400032349;0;7;0;0.0;1.0;0.0;1.0;A01
48747;201400032350;0;7;0;0.0;0.0;6.0;15.0;B01
48748;201400032350;0;1;0;0.0;2.0;1.0;1.0;A01
48749;201400032351;0;7;0;0.0;2.0;1.0;15.0;A01
48750;201400032351;0;33;0;0.0;2.0;1.0;1.0;B01
48751;201400032352;0;7;0;0.0;1.0;7.0;1.0;A01
48752;201400032353;0;7;0;0.0;0.0;6.0;11.0;A01
48753;201400032353;0;30;0;0.0;2.0;2.0;1.0;B01
48754;201400032353;0;7;0;0.0;0.0;3.0;1.0;C01
48755;201400032354;0;33;0;0.0;0.0;8.0;0.0;A01
48756;201400032355;0;10;0;0.0;2.0;7.0;16.0;B01
48757;201400032355;0;2;0;0.0;2.0;0.0;7.0;A01
48758;201400032356;0;2;0;0.0;2.0;1.0;1.0;B01
48759;201400032356;0;7;0;0.0;2.0;2.0;0.0;A01
48760;201400032357;0;10;0;13.0;0.0;2.0;0.0;A01
48761;201400032358;0;2;0;0.0;2.0;3.0;1.0;B01
48762;201400032358;0;7;0;0.0;0.0;2.0;12.0;A01
48763;201400032359;0;7;0;0.0;2.0;3.0;15.0;B01
48764;201400032359;0;2;0;0.0;2.0;8.0;1.0;A01
48765;201400032360;0;1;0;0.0;1.0;1.0;0.0;A01
48766;201400032361;0;2;0;0.0;2.0;8.0;2.0;A01
48767;201400032361;1;7;0;0.0;2.0;7.0;14.0;Z01
48768;201400032362;0;31;0;0.0;0.0;8.0;21.0;A01
48769;201400032363;0;2;0;11.0;0.0;1.0;1.0;A01
48770;201400032364;0;2;0;0.0;2.0;1.0;7.0;A01
48771;201400032364;0;7;0;0.0;0.0;6.0;7.0;B01
48772;201400032365;0;7;0;0.0;2.0;1.0;21.0;A01
48773;201400032365;0;7;0;0.0;2.0;4.0;23.0;B01
48774;201400032365;0;7;0;0.0;2.0;5.0;23.0;C01
48775;201400032366;0;1;0;14.0;0.0;0.0;1.0;A01
48776;201400032367;0;7;0;0.0;0.0;8.0;1.0;B01
48777;201400032367;0;7;0;0.0;1.0;8.0;1.0;A01
48778;201400032368;0;33;0;0.0;0.0;8.0;1.0;A01
48779;201400032369;0;7;0;0.0;0.0;3.0;9.0;A01
48780;201400032369;0;2;0;0.0;2.0;1.0;1.0;B01
48781;201400032370;0;2;0;0.0;2.0;4.0;23.0;B01
48782;201400032370;0;7;0;0.0;2.0;1.0;2.0;A01
48783;201400032371;0;7;0;0.0;2.0;1.0;1.0;B01
48784;201400032371;0;10;0;0.0;0.0;1.0;13.0;A01
48785;201400032372;0;7;0;0.0;2.0;1.0;13.0;A01
48786;201400032372;0;7;0;0.0;2.0;1.0;1.0;B01
48787;201400032374;0;10;0;0.0;1.0;4.0;4.0;A01
48788;201400032375;0;10;0;0.0;9.0;2.0;1.0;B01
48789;201400032375;0;30;0;0.0;2.0;8.0;9.0;A01
48790;201400032376;0;7;0;0.0;9.0;2.0;1.0;B01
48791;201400032376;0;2;0;0.0;2.0;1.0;9.0;A01
48792;201400032377;0;1;0;14.0;0.0;7.0;13.0;A01
48793;201400032378;0;7;0;0.0;2.0;3.0;9.0;A01
48794;201400032378;0;1;0;0.0;2.0;2.0;1.0;B01
48795;201400032379;0;31;0;0.0;2.0;1.0;1.0;A01
48796;201400032379;0;10;0;0.0;2.0;6.0;1.0;B01
48797;201400032380;0;33;0;2.0;0.0;0.0;1.0;A01
48798;201400032381;0;7;0;0.0;2.0;6.0;2.0;B01
48799;201400032381;0;33;0;0.0;2.0;1.0;2.0;A01
48800;201400032383;0;2;0;0.0;0.0;0.0;2.0;A01
48801;201400032384;0;7;0;0.0;2.0;3.0;15.0;B01
48802;201400032384;0;31;0;0.0;2.0;2.0;17.0;A01
48803;201400032385;0;33;0;0.0;2.0;1.0;2.0;A01
48804;201400032385;0;33;0;0.0;2.0;5.0;15.0;B01
48805;201400032386;0;2;0;0.0;0.0;8.0;0.0;A01
48806;201400032387;0;7;0;0.0;2.0;1.0;5.0;A01
48807;201400032387;0;7;0;0.0;2.0;1.0;1.0;B01
48808;201400032388;0;7;0;0.0;1.0;1.0;15.0;A01
48809;201400032389;0;30;0;0.0;0.0;1.0;0.0;A01
48810;201400032392;0;2;0;15.0;0.0;0.0;1.0;A01
48811;201400032393;0;7;0;1.0;0.0;1.0;14.0;A01
48812;201400032394;0;31;0;14.0;0.0;0.0;0.0;A01
48813;201400032395;0;7;0;0.0;2.0;4.0;23.0;B01
48814;201400032395;0;2;0;0.0;2.0;1.0;2.0;A01
48815;201400032396;0;31;0;0.0;0.0;7.0;1.0;A01
48816;201400032397;0;1;0;0.0;2.0;1.0;1.0;B01
48817;201400032397;0;7;0;0.0;9.0;3.0;9.0;A01
48818;201400032398;0;7;0;0.0;0.0;4.0;2.0;B01
48819;201400032398;0;2;0;0.0;2.0;1.0;2.0;A01
48820;201400032399;0;7;0;0.0;2.0;1.0;1.0;D01
48821;201400032399;0;7;0;0.0;2.0;9.0;1.0;C01
48822;201400032399;0;7;0;0.0;2.0;1.0;5.0;A01
48823;201400032399;0;7;0;0.0;2.0;6.0;1.0;B01
48824;201400032400;0;7;0;0.0;2.0;6.0;10.0;A01
48825;201400032400;0;2;0;0.0;2.0;1.0;17.0;B01
48826;201400032401;0;7;0;0.0;0.0;3.0;2.0;A01
48827;201400032401;0;7;0;0.0;0.0;4.0;2.0;B01
48828;201400032402;0;7;0;0.0;0.0;4.0;2.0;B01
48829;201400032402;0;7;0;0.0;0.0;3.0;2.0;A01
48830;201400032403;0;7;0;0.0;1.0;3.0;1.0;A01
48831;201400032404;0;2;0;13.0;0.0;1.0;0.0;A01
48832;201400032405;0;7;0;0.0;2.0;3.0;15.0;A01
48833;201400032405;0;33;0;0.0;2.0;7.0;17.0;B01
48834;201400032406;0;33;0;0.0;1.0;7.0;1.0;A01
48835;201400032407;0;7;0;0.0;1.0;1.0;15.0;A01
48836;201400032408;0;2;0;15.0;0.0;1.0;15.0;A01
48837;201400032410;0;2;0;0.0;2.0;1.0;17.0;A01
48838;201400032410;0;7;0;0.0;2.0;6.0;15.0;B01
48839;201400032412;0;2;0;0.0;2.0;1.0;17.0;B01
48840;201400032412;0;10;0;0.0;9.0;2.0;9.0;A01
48841;201400032413;0;33;0;14.0;0.0;8.0;6.0;A01
48842;201400032414;0;33;0;0.0;2.0;7.0;17.0;A01
48843;201400032414;0;7;0;0.0;9.0;3.0;1.0;B01
48844;201400032415;0;7;0;0.0;9.0;3.0;13.0;A01
48845;201400032415;0;33;0;0.0;2.0;1.0;17.0;B01
48846;201400032416;0;31;0;0.0;0.0;8.0;1.0;A01
48847;201400032418;0;7;0;0.0;0.0;8.0;1.0;B01
48848;201400032418;0;33;0;0.0;0.0;0.0;0.0;A01
48849;201400032419;0;7;0;15.0;0.0;3.0;0.0;A01
48850;201400032420;0;33;0;0.0;0.0;7.0;1.0;A01
48851;201400032421;0;7;0;0.0;1.0;0.0;0.0;A01
48852;201400032422;0;7;0;0.0;1.0;8.0;15.0;A01
48853;201400032423;1;7;0;0.0;9.0;0.0;0.0;Z01
48854;201400032423;0;31;0;0.0;2.0;8.0;2.0;A01
48855;201400032424;0;33;0;0.0;2.0;1.0;17.0;B01
48856;201400032424;0;7;0;0.0;9.0;1.0;9.0;A01
48857;201400032425;0;1;0;0.0;2.0;1.0;1.0;B01
48858;201400032425;0;7;0;0.0;9.0;1.0;15.0;A01
48859;201400032426;0;7;0;6.0;0.0;1.0;1.0;A01
48860;201400032429;0;7;0;0.0;1.0;3.0;15.0;A01
48861;201400032430;0;7;0;0.0;1.0;3.0;1.0;A01
48862;201400032431;0;33;0;0.0;2.0;2.0;17.0;A01
48863;201400032431;0;7;0;0.0;2.0;3.0;15.0;B01
48864;201400032432;0;7;0;0.0;2.0;1.0;1.0;A01
48865;201400032432;0;7;0;0.0;2.0;4.0;2.0;B01
48866;201400032433;0;32;0;0.0;2.0;0.0;1.0;B01
48867;201400032433;0;7;0;0.0;2.0;0.0;9.0;A01
48868;201400032434;0;7;0;0.0;2.0;1.0;2.0;A01
48869;201400032434;0;7;0;0.0;2.0;4.0;2.0;C01
48870;201400032434;0;7;0;0.0;2.0;4.0;2.0;B01
48871;201400032435;0;7;0;0.0;2.0;3.0;9.0;A01
48872;201400032435;0;1;0;0.0;2.0;4.0;1.0;B01
48873;201400032436;0;7;0;8.0;0.0;1.0;1.0;A01
48874;201400032437;0;30;0;0.0;2.0;7.0;1.0;B01
48875;201400032437;0;7;0;0.0;2.0;6.0;9.0;A01
48876;201400032438;0;7;0;0.0;2.0;1.0;9.0;A01
48877;201400032438;0;31;0;0.0;2.0;7.0;1.0;B01
48878;201400032439;0;7;0;0.0;1.0;3.0;20.0;A01
48879;201400032442;0;7;0;0.0;2.0;1.0;1.0;A01
48880;201400032442;0;1;0;0.0;2.0;4.0;1.0;B01
48881;201400032444;0;7;0;6.0;0.0;1.0;1.0;A01
48882;201400032445;0;7;0;0.0;2.0;1.0;1.0;B01
48883;201400032445;0;7;0;0.0;2.0;3.0;1.0;A01
48884;201400032446;0;7;0;8.0;0.0;1.0;1.0;A01
48885;201400032447;0;7;0;0.0;2.0;1.0;1.0;B01
48886;201400032447;0;7;0;0.0;2.0;2.0;15.0;A01
48887;201400032448;0;30;0;0.0;2.0;1.0;2.0;A01
48888;201400032448;0;7;0;0.0;2.0;4.0;23.0;B01
48889;201400032450;0;30;0;0.0;2.0;4.0;2.0;B01
48890;201400032450;0;7;0;0.0;2.0;2.0;2.0;A01
48891;201400032451;0;30;0;0.0;2.0;1.0;1.0;A01
48892;201400032451;0;7;0;0.0;2.0;6.0;15.0;B01
48893;201400032452;0;7;0;0.0;2.0;4.0;1.0;B01
48894;201400032452;0;7;0;0.0;2.0;1.0;1.0;A01
48895;201400032453;0;7;0;0.0;2.0;1.0;15.0;A01
48896;201400032453;0;7;0;0.0;2.0;3.0;1.0;B01
48897;201400032455;1;7;0;0.0;1.0;1.0;1.0;Z01
48898;201400032456;0;31;0;0.0;2.0;7.0;17.0;B01
48899;201400032456;0;10;0;0.0;2.0;1.0;15.0;A01
48900;201400032457;0;7;0;0.0;1.0;1.0;9.0;A01
48901;201400032458;0;32;0;0.0;2.0;4.0;1.0;B01
48902;201400032458;0;7;0;0.0;2.0;2.0;9.0;A01
48903;201400032459;0;7;0;0.0;1.0;3.0;9.0;A01
48904;201400032460;0;7;0;0.0;1.0;2.0;15.0;A01
48905;201400032461;0;7;0;0.0;2.0;3.0;1.0;B01
48906;201400032461;0;7;0;0.0;2.0;1.0;1.0;A01
48907;201400032462;0;7;0;0.0;1.0;1.0;1.0;A01
48908;201400032464;0;33;0;0.0;2.0;1.0;1.0;B01
48909;201400032464;0;7;0;0.0;2.0;3.0;15.0;A01
48910;201400032465;0;7;0;0.0;2.0;4.0;1.0;C01
48911;201400032465;0;10;0;0.0;2.0;4.0;1.0;D01
48912;201400032465;0;7;0;0.0;2.0;4.0;1.0;B01
48913;201400032465;0;7;0;0.0;2.0;1.0;1.0;A01
48914;201400032466;0;31;0;0.0;2.0;5.0;17.0;A01
48915;201400032466;0;7;0;0.0;2.0;8.0;15.0;B01
48916;201400032467;0;30;0;0.0;2.0;8.0;1.0;A01
48917;201400032467;0;7;0;0.0;2.0;3.0;15.0;B01
48918;201400032468;0;33;0;0.0;2.0;4.0;1.0;B01
48919;201400032468;0;7;0;0.0;2.0;1.0;1.0;A01
48920;201400032469;0;33;0;0.0;2.0;3.0;1.0;B01
48921;201400032469;0;7;0;0.0;2.0;1.0;1.0;A01
48922;201400032470;0;1;0;0.0;1.0;1.0;1.0;A01
48923;201400032472;0;32;0;0.0;2.0;3.0;15.0;A01
48924;201400032472;0;30;0;0.0;2.0;3.0;1.0;B01
48925;201400032473;0;7;0;0.0;2.0;3.0;15.0;A01
48926;201400032473;0;32;0;0.0;2.0;1.0;1.0;B01
48927;201400032474;0;32;0;0.0;2.0;8.0;2.0;B01
48928;201400032474;0;7;0;0.0;2.0;5.0;2.0;A01
48929;201400032475;0;7;0;0.0;2.0;1.0;2.0;A01
48930;201400032475;0;7;0;0.0;2.0;4.0;2.0;C01
48931;201400032475;0;7;0;0.0;2.0;4.0;2.0;B01
48932;201400032476;0;7;0;0.0;2.0;7.0;10.0;A01
48933;201400032476;0;7;0;0.0;2.0;3.0;1.0;B01
48934;201400032476;0;7;0;0.0;2.0;3.0;1.0;C01
48935;201400032477;0;7;0;0.0;2.0;4.0;1.0;B01
48936;201400032477;0;7;0;0.0;2.0;1.0;1.0;A01
48937;201400032477;0;7;0;0.0;2.0;4.0;1.0;C01
48938;201400032478;0;7;0;0.0;1.0;1.0;1.0;A01
48939;201400032479;0;7;0;6.0;0.0;1.0;1.0;A01
48940;201400032480;0;7;0;0.0;2.0;1.0;1.0;B01
48941;201400032480;0;7;0;0.0;2.0;1.0;15.0;A01
48942;201400032481;0;7;0;0.0;2.0;2.0;16.0;B01
48943;201400032481;0;1;0;0.0;2.0;1.0;5.0;A01
48944;201400032483;0;7;0;0.0;9.0;1.0;15.0;A01
48945;201400032484;1;7;0;0.0;2.0;8.0;2.0;Z01
48946;201400032484;0;2;0;0.0;2.0;7.0;2.0;B01
48947;201400032485;0;7;0;0.0;1.0;2.0;19.0;A01
48948;201400032486;0;7;0;0.0;2.0;1.0;2.0;A01
48949;201400032486;0;7;0;0.0;2.0;4.0;2.0;B01
48950;201400032487;0;7;0;0.0;2.0;3.0;15.0;A01
48951;201400032487;0;32;0;0.0;2.0;6.0;1.0;B01
48952;201400032488;1;7;0;0.0;2.0;4.0;1.0;Z01
48953;201400032488;0;7;0;0.0;2.0;1.0;2.0;A01
48954;201400032490;0;7;0;0.0;2.0;1.0;1.0;A01
48955;201400032490;0;7;0;0.0;2.0;4.0;1.0;B01
48956;201400032490;0;7;0;0.0;2.0;4.0;1.0;D01
48957;201400032490;0;3;0;0.0;2.0;4.0;1.0;C01
48958;201400032491;0;7;0;0.0;2.0;4.0;23.0;B01
48959;201400032491;0;7;0;0.0;2.0;4.0;23.0;C01
48960;201400032491;1;7;0;0.0;2.0;1.0;1.0;Z01
48961;201400032492;0;7;0;0.0;2.0;5.0;14.0;A01
48962;201400032492;0;30;0;0.0;2.0;1.0;1.0;B01
48963;201400032493;0;7;0;0.0;2.0;1.0;13.0;A01
48964;201400032493;0;7;0;0.0;2.0;1.0;1.0;B01
48965;201400032494;0;7;0;0.0;2.0;2.0;1.0;B01
48966;201400032494;0;10;0;0.0;2.0;3.0;1.0;A01
48967;201400032495;0;7;0;0.0;2.0;3.0;15.0;A01
48968;201400032495;0;2;0;0.0;2.0;1.0;1.0;B01
48969;201400032496;0;7;0;0.0;2.0;3.0;15.0;B01
48970;201400032496;0;30;0;0.0;2.0;7.0;17.0;A01
48971;201400032497;0;7;0;0.0;2.0;1.0;2.0;A01
48972;201400032497;0;7;0;0.0;2.0;4.0;2.0;B01
48973;201400032497;0;7;0;0.0;2.0;4.0;2.0;C01
48974;201400032498;0;30;0;0.0;2.0;1.0;2.0;A01
48975;201400032498;0;7;0;0.0;2.0;4.0;2.0;B01
48976;201400032499;0;33;0;0.0;2.0;1.0;17.0;B01
48977;201400032499;0;7;0;0.0;2.0;3.0;9.0;A01
48978;201400032500;0;7;0;0.0;1.0;7.0;1.0;A01
48979;201400032501;0;7;0;0.0;2.0;3.0;1.0;B01
48980;201400032501;0;30;0;0.0;2.0;3.0;19.0;A01
48981;201400032502;0;7;0;0.0;2.0;4.0;2.0;B01
48982;201400032502;0;7;0;0.0;2.0;1.0;2.0;A01
48983;201400032504;0;30;0;2.0;1.0;1.0;1.0;A01
48984;201400032505;0;2;0;0.0;2.0;1.0;1.0;B01
48985;201400032505;0;7;0;0.0;2.0;0.0;22.0;A01
48986;201400032506;0;7;0;0.0;2.0;1.0;2.0;A01
48987;201400032506;0;7;0;0.0;2.0;4.0;1.0;B01
48988;201400032507;0;7;0;0.0;2.0;1.0;15.0;A01
48989;201400032507;0;7;0;0.0;2.0;1.0;1.0;B01
48990;201400032508;0;7;0;0.0;2.0;4.0;1.0;B01
48991;201400032508;0;37;1;0.0;2.0;1.0;1.0;A01
48992;201400032509;0;10;0;0.0;2.0;1.0;1.0;B01
48993;201400032509;0;7;0;0.0;2.0;8.0;15.0;A01
48994;201400032510;0;7;0;0.0;2.0;4.0;23.0;B01
48995;201400032510;0;32;0;0.0;2.0;1.0;1.0;A01
48996;201400032511;0;32;0;0.0;2.0;1.0;1.0;B01
48997;201400032511;0;7;0;0.0;2.0;7.0;15.0;A01
48998;201400032512;0;32;0;0.0;1.0;1.0;1.0;A01
48999;201400032513;0;7;0;0.0;2.0;7.0;23.0;B01
49000;201400032513;0;30;0;0.0;2.0;7.0;9.0;A01
49001;201400032514;0;7;0;0.0;2.0;4.0;1.0;B01
49002;201400032514;0;7;0;0.0;2.0;1.0;1.0;A01
49003;201400032515;0;33;0;6.0;0.0;2.0;14.0;A01
49004;201400032517;0;30;0;0.0;2.0;1.0;1.0;B01
49005;201400032517;0;7;0;0.0;2.0;8.0;14.0;A01
49006;201400032518;0;7;0;0.0;2.0;3.0;15.0;B01
49007;201400032518;0;33;0;0.0;2.0;1.0;17.0;A01
49008;201400032519;0;7;0;0.0;2.0;1.0;1.0;A01
49009;201400032519;0;7;0;0.0;2.0;4.0;1.0;B01
49010;201400032520;0;2;0;0.0;2.0;7.0;1.0;B01
49011;201400032520;0;7;0;0.0;2.0;1.0;1.0;A01
49012;201400032521;0;7;0;0.0;2.0;1.0;1.0;A01
49013;201400032521;0;7;0;0.0;2.0;6.0;1.0;B01
49014;201400032522;0;2;0;0.0;2.0;1.0;1.0;A01
49015;201400032522;0;7;0;0.0;2.0;2.0;16.0;B01
49016;201400032523;0;7;0;0.0;2.0;3.0;1.0;B01
49017;201400032523;0;10;0;0.0;2.0;1.0;15.0;A01
49018;201400032525;0;34;0;0.0;2.0;1.0;1.0;A01
49019;201400032525;0;7;0;0.0;0.0;3.0;15.0;B01
49020;201400032526;0;30;0;0.0;2.0;2.0;5.0;A01
49021;201400032526;0;7;0;0.0;2.0;2.0;1.0;B01
49022;201400032527;0;7;0;0.0;2.0;4.0;1.0;B01
49023;201400032527;0;7;0;0.0;2.0;1.0;2.0;A01
49024;201400032528;0;30;0;0.0;2.0;1.0;18.0;A01
49025;201400032528;0;7;0;0.0;2.0;2.0;15.0;B01
49026;201400032530;0;7;0;0.0;1.0;1.0;1.0;A01
49027;201400032531;0;30;0;0.0;2.0;1.0;1.0;B01
49028;201400032531;0;7;0;0.0;2.0;1.0;15.0;A01
49029;201400032533;0;7;0;0.0;2.0;1.0;20.0;A01
49030;201400032533;0;31;0;0.0;2.0;7.0;1.0;B01
49031;201400032534;0;30;0;0.0;2.0;8.0;1.0;B01
49032;201400032534;0;7;0;0.0;2.0;1.0;9.0;A01
49033;201400032535;0;1;0;0.0;0.0;0.0;0.0;B01
49034;201400032535;0;7;0;0.0;2.0;0.0;15.0;A01
49035;201400032536;0;7;0;0.0;2.0;1.0;14.0;A01
49036;201400032537;0;7;0;0.0;2.0;1.0;2.0;A01
49037;201400032537;0;7;0;0.0;2.0;4.0;2.0;B01
49038;201400032538;0;7;0;0.0;2.0;8.0;1.0;B01
49039;201400032538;0;30;0;0.0;2.0;1.0;15.0;A01
49040;201400032539;0;7;0;0.0;2.0;2.0;1.0;B01
49041;201400032539;0;30;0;0.0;2.0;1.0;9.0;A01
49042;201400032540;0;7;0;0.0;2.0;7.0;1.0;B01
49043;201400032540;0;7;0;0.0;2.0;1.0;9.0;A01
49044;201400032542;0;7;0;0.0;2.0;1.0;2.0;A01
49045;201400032542;0;7;0;0.0;2.0;4.0;2.0;B01
49046;201400032542;0;7;0;0.0;2.0;4.0;2.0;C01
49047;201400032543;0;7;0;0.0;2.0;8.0;15.0;B01
49048;201400032543;0;30;0;0.0;2.0;1.0;17.0;A01
49049;201400032544;0;7;0;0.0;2.0;7.0;15.0;A01
49050;201400032544;0;32;0;0.0;2.0;1.0;1.0;B01
49051;201400032545;0;7;0;0.0;2.0;6.0;1.0;B01
49052;201400032545;0;7;0;0.0;2.0;1.0;9.0;A01
49053;201400032546;0;7;0;0.0;2.0;4.0;23.0;B01
49054;201400032546;0;7;0;0.0;2.0;1.0;1.0;A01
49055;201400032547;0;30;0;0.0;2.0;1.0;1.0;B01