;Num_Acc;senc;catv;occutc;obs;obsm;choc;manv;num_veh
50320;201400033320;0;7;0;0.0;2.0;6.0;1.0;A01
50321;201400033320;0;33;0;0.0;2.0;2.0;1.0;B01
50322;201400033321;0;7;0;0.0;2.0;2.0;1.0;B01
50323;201400033321;0;7;0;1.0;2.0;4.0;1.0;A01
50324;201400033322;0;40;0;0.0;1.0;1.0;1.0;A01
50325;201400033323;0;7;0;0.0;2.0;3.0;1.0;Z01
50326;201400033323;0;34;0;1.0;2.0;5.0;1.0;A01
50327;201400033324;0;32;0;0.0;2.0;1.0;1.0;B01
50328;201400033324;0;7;0;0.0;2.0;1.0;15.0;A01
50329;201400033325;0;7;0;0.0;2.0;2.0;1.0;A01
50330;201400033325;0;7;0;0.0;2.0;1.0;1.0;B01
50331;201400033326;0;7;0;0.0;2.0;7.0;1.0;A01
50332;201400033326;0;30;0;0.0;2.0;8.0;1.0;B01
50333;201400033327;0;7;0;0.0;2.0;1.0;15.0;A01
50334;201400033327;0;7;0;0.0;2.0;2.0;1.0;B01
50335;201400033328;0;1;0;0.0;2.0;2.0;0.0;B01
50336;201400033328;0;7;0;0.0;2.0;1.0;1.0;A01
50337;201400033329;0;1;0;0.0;9.0;0.0;1.0;A01
50338;201400033330;0;1;0;0.0;2.0;1.0;1.0;B01
50339;201400033330;0;7;0;0.0;2.0;3.0;22.0;A01
50340;201400033332;0;7;0;0.0;2.0;4.0;23.0;C01
50341;201400033332;0;7;0;0.0;2.0;4.0;23.0;B01
50342;201400033332;0;7;0;0.0;2.0;1.0;1.0;A01
50343;201400033333;0;7;0;0.0;2.0;1.0;1.0;A01
50344;201400033333;0;7;0;0.0;2.0;1.0;1.0;B01
50345;201400033334;0;2;0;0.0;2.0;0.0;1.0;A01
50346;201400033335;0;15;0;0.0;2.0;3.0;15.0;A01
50347;201400033335;0;32;0;0.0;2.0;1.0;1.0;B01
50348;201400033336;0;1;0;0.0;2.0;1.0;0.0;A01
50349;201400033336;0;33;0;0.0;2.0;1.0;1.0;B01
50350;201400033337;0;7;0;0.0;2.0;8.0;22.0;A01
50351;201400033337;0;1;0;0.0;2.0;1.0;1.0;B01
50352;201400033338;0;10;0;0.0;2.0;2.0;4.0;A01
50353;201400033338;0;7;0;0.0;2.0;5.0;23.0;B01
50354;201400033340;0;2;0;0.0;2.0;2.0;1.0;A01
50355;201400033340;0;7;0;0.0;2.0;3.0;1.0;B01
50356;201400033341;0;1;0;0.0;2.0;7.0;19.0;B01
50357;201400033341;0;7;0;0.0;2.0;1.0;1.0;A01
50358;201400033342;0;7;0;0.0;2.0;1.0;1.0;A01
50359;201400033342;0;34;0;0.0;2.0;8.0;1.0;B01
50360;201400033343;0;1;0;0.0;2.0;1.0;1.0;A01
50361;201400033343;0;1;0;0.0;2.0;8.0;19.0;B01
50362;201400033344;0;7;0;15.0;0.0;1.0;1.0;A01
50363;201400033344;1;7;0;0.0;2.0;0.0;16.0;Z01
50364;201400033345;0;7;0;0.0;2.0;1.0;1.0;B01
50365;201400033345;0;1;0;0.0;2.0;9.0;1.0;A01
50366;201400033346;0;7;0;0.0;1.0;3.0;1.0;A01
50367;201400033347;0;7;0;0.0;2.0;1.0;1.0;A01
50368;201400033347;0;7;0;0.0;2.0;4.0;1.0;C01
50369;201400033347;0;7;0;0.0;2.0;0.0;1.0;B01
50370;201400033348;0;7;0;0.0;2.0;2.0;1.0;B01
50371;201400033348;0;7;0;0.0;2.0;3.0;15.0;A01
50372;201400033349;1;7;0;0.0;1.0;0.0;10.0;Z01
50373;201400033350;0;33;0;0.0;2.0;2.0;1.0;B01
50374;201400033350;0;7;0;0.0;2.0;7.0;1.0;A01
50375;201400033351;0;7;0;0.0;2.0;1.0;1.0;B01
50376;201400033351;0;30;0;0.0;2.0;1.0;0.0;A01
50377;201400033352;0;30;0;6.0;0.0;1.0;1.0;A01
50378;201400033354;0;7;0;0.0;2.0;4.0;1.0;C01
50379;201400033354;0;7;0;0.0;2.0;9.0;1.0;B01
50380;201400033354;0;7;0;0.0;2.0;1.0;1.0;A01
50381;201400033355;0;30;0;0.0;2.0;1.0;17.0;A01
50382;201400033355;0;7;0;0.0;2.0;3.0;15.0;B01
50383;201400033356;0;7;0;0.0;2.0;8.0;15.0;B01
50384;201400033356;0;2;0;1.0;2.0;2.0;1.0;A01
50385;201400033357;1;7;0;0.0;1.0;0.0;16.0;Z01
50386;201400033358;0;7;0;0.0;2.0;1.0;1.0;A01
50387;201400033358;0;1;0;0.0;2.0;1.0;16.0;B01
50388;201400033359;0;30;0;0.0;2.0;3.0;1.0;B01
50389;201400033359;0;7;0;0.0;2.0;2.0;1.0;A01
50390;201400033360;0;40;0;0.0;1.0;2.0;1.0;A01
50391;201400033362;0;31;0;0.0;2.0;1.0;1.0;B01
50392;201400033362;0;7;0;0.0;2.0;1.0;1.0;A01
50393;201400033363;0;7;0;0.0;1.0;2.0;1.0;A01
50394;201400033365;0;7;0;0.0;2.0;4.0;1.0;B01
50395;201400033365;0;7;0;0.0;2.0;1.0;1.0;A01
50396;201400033366;0;7;0;0.0;1.0;1.0;1.0;A01
50397;201400033369;0;30;0;0.0;2.0;0.0;1.0;B01
50398;201400033369;0;7;0;0.0;2.0;7.0;1.0;A01
50399;201400033371;0;7;0;0.0;2.0;1.0;1.0;B01
50400;201400033371;0;1;0;0.0;2.0;3.0;1.0;A01
50401;201400033372;0;7;0;0.0;2.0;1.0;1.0;A01
50402;201400033372;0;7;0;0.0;2.0;4.0;1.0;C01
50403;201400033372;0;7;0;0.0;2.0;4.0;1.0;B01
50404;201400033373;0;7;0;8.0;0.0;3.0;1.0;A01
50405;201400033374;0;7;0;0.0;1.0;3.0;1.0;A01
50406;201400033375;0;1;0;0.0;2.0;1.0;1.0;A01
50407;201400033375;0;40;0;0.0;2.0;3.0;1.0;B01
50408;201400033376;0;33;0;0.0;2.0;4.0;1.0;B01
50409;201400033376;0;7;0;0.0;2.0;2.0;1.0;A01
50410;201400033378;0;7;0;0.0;1.0;2.0;1.0;A01
50411;201400033379;0;7;0;15.0;0.0;1.0;1.0;A01
50412;201400033380;0;7;0;0.0;2.0;1.0;1.0;A01
50413;201400033380;0;1;0;0.0;2.0;1.0;1.0;B01
50414;201400033381;0;1;0;0.0;2.0;1.0;1.0;A01
50415;201400033381;0;7;0;0.0;2.0;2.0;1.0;B01
50416;201400033382;0;7;0;0.0;2.0;6.0;16.0;A01
50417;201400033382;0;1;0;0.0;2.0;1.0;1.0;B01
50418;201400033384;1;99;0;0.0;0.0;0.0;0.0;Z01
50419;201400033384;0;7;0;0.0;2.0;1.0;1.0;A01
50420;201400033385;0;33;0;0.0;2.0;1.0;1.0;B01
50421;201400033385;0;7;0;0.0;2.0;7.0;15.0;A01
50422;201400033386;0;30;0;12.0;2.0;1.0;1.0;A01
50423;201400033386;0;7;0;0.0;2.0;4.0;1.0;B01
50424;201400033387;0;2;0;0.0;0.0;0.0;16.0;A01
50425;201400033388;1;33;0;0.0;2.0;1.0;1.0;B01
50426;201400033388;0;30;0;0.0;2.0;1.0;1.0;A01
50427;201400033389;0;7;0;0.0;2.0;1.0;1.0;A01
50428;201400033389;0;30;0;0.0;2.0;1.0;1.0;B01
50429;201400033390;0;40;0;0.0;2.0;2.0;1.0;A01
50430;201400033390;0;1;0;0.0;2.0;4.0;1.0;B01
50431;201400033391;0;7;0;0.0;1.0;1.0;1.0;A01
50432;201400033392;0;7;0;6.0;0.0;9.0;1.0;B01
50433;201400033392;0;7;0;8.0;2.0;1.0;1.0;A01
50434;201400033393;0;2;0;0.0;2.0;1.0;1.0;A01
50435;201400033393;0;7;0;0.0;2.0;3.0;1.0;B01
50436;201400033394;0;1;0;0.0;2.0;1.0;1.0;A01
50437;201400033394;0;7;0;0.0;2.0;4.0;1.0;B01
50438;201400033395;0;7;0;0.0;2.0;1.0;1.0;A01
50439;201400033395;0;7;0;0.0;2.0;4.0;1.0;B01
50440;201400033395;0;7;0;0.0;2.0;4.0;1.0;C01
50441;201400033396;1;30;0;0.0;1.0;0.0;1.0;Z01
50442;201400033398;0;1;0;0.0;2.0;1.0;1.0;B01
50443;201400033398;0;7;0;0.0;2.0;5.0;15.0;A01
50444;201400033399;0;10;0;0.0;2.0;3.0;1.0;B01
50445;201400033399;0;1;0;0.0;2.0;7.0;19.0;A01
50446;201400033400;0;40;0;0.0;1.0;2.0;1.0;A01
50447;201400033401;0;1;0;0.0;2.0;1.0;1.0;B01
50448;201400033401;0;7;0;0.0;2.0;2.0;9.0;A01
50449;201400033403;0;7;0;0.0;1.0;4.0;20.0;A01
50450;201400033404;0;7;0;0.0;2.0;8.0;11.0;A01
50451;201400033404;0;34;0;0.0;2.0;7.0;1.0;B01
50452;201400033406;0;7;0;0.0;2.0;1.0;2.0;A01
50453;201400033406;0;32;0;0.0;2.0;4.0;2.0;B01
50454;201400033407;0;7;0;0.0;2.0;5.0;1.0;B01
50455;201400033407;0;33;0;0.0;2.0;1.0;1.0;A01
50456;201400033408;0;10;0;0.0;2.0;5.0;10.0;A01
50457;201400033408;0;30;0;0.0;2.0;8.0;1.0;B01
50458;201400033409;0;7;0;0.0;2.0;1.0;1.0;A01
50459;201400033409;0;7;0;0.0;2.0;4.0;1.0;B01
50460;201400033410;0;1;0;0.0;2.0;1.0;5.0;A01
50461;201400033410;0;37;1;0.0;9.0;2.0;7.0;B01
50462;201400033411;0;32;0;0.0;2.0;8.0;1.0;B01
50463;201400033411;1;7;0;0.0;2.0;3.0;15.0;Z01
50464;201400033412;1;7;0;0.0;2.0;1.0;15.0;Z01
50465;201400033412;0;1;0;0.0;2.0;1.0;19.0;B01
50466;201400033413;0;7;0;0.0;9.0;3.0;20.0;A01
50467;201400033413;0;1;0;0.0;2.0;1.0;1.0;B01
50468;201400033414;0;7;0;0.0;2.0;1.0;1.0;B01
50469;201400033414;0;1;0;0.0;2.0;1.0;19.0;A01
50470;201400033415;0;7;0;0.0;2.0;1.0;1.0;A01
50471;201400033415;0;7;0;0.0;2.0;3.0;1.0;B01
50472;201400033416;0;1;0;0.0;2.0;4.0;1.0;A01
50473;201400033416;0;1;0;0.0;2.0;1.0;15.0;B01
50474;201400033417;0;7;0;0.0;2.0;2.0;16.0;B01
50475;201400033417;0;1;0;0.0;2.0;1.0;19.0;A01
50476;201400033418;0;7;0;0.0;2.0;4.0;1.0;B01
50477;201400033418;0;10;0;0.0;2.0;2.0;1.0;A01
50478;201400033420;0;7;0;0.0;2.0;1.0;19.0;A01
50479;201400033420;0;33;0;0.0;2.0;1.0;1.0;B01
50480;201400033421;0;15;0;0.0;2.0;0.0;3.0;A01
50481;201400033421;0;1;0;0.0;2.0;8.0;1.0;B01
50482;201400033422;0;1;0;0.0;2.0;1.0;1.0;B01
50483;201400033422;0;7;0;0.0;2.0;2.0;16.0;A01
50484;201400033423;0;1;0;0.0;2.0;7.0;1.0;A01
50485;201400033423;0;7;0;0.0;2.0;1.0;1.0;B01
50486;201400033424;0;7;0;0.0;1.0;1.0;1.0;A01
50487;201400033425;0;7;0;0.0;2.0;7.0;1.0;A01
50488;201400033425;0;7;0;0.0;2.0;2.0;1.0;C01
50489;201400033425;0;7;0;0.0;2.0;1.0;1.0;B01
50490;201400033426;0;37;1;0.0;1.0;5.0;1.0;A01
50491;201400033427;0;7;0;1.0;0.0;1.0;15.0;A01
50492;201400033428;0;7;0;8.0;0.0;1.0;1.0;A01
50493;201400033430;0;7;0;0.0;1.0;2.0;1.0;A01
50494;201400033431;0;33;0;14.0;0.0;1.0;1.0;A01
50495;201400033432;0;7;0;0.0;2.0;1.0;1.0;A01
50496;201400033432;0;1;0;0.0;2.0;7.0;16.0;B01
50497;201400033433;0;7;0;15.0;0.0;3.0;1.0;A01
50498;201400033433;0;7;0;0.0;2.0;6.0;1.0;B01
50499;201400033434;0;7;0;0.0;2.0;1.0;1.0;A01
50500;201400033434;0;7;0;0.0;2.0;4.0;1.0;B01
50501;201400033434;0;7;0;0.0;2.0;4.0;1.0;C01
50502;201400033435;0;7;0;0.0;1.0;3.0;14.0;A01
50503;201400033437;0;7;0;0.0;1.0;2.0;1.0;A01
50504;201400033438;0;7;0;0.0;2.0;1.0;15.0;A01
50505;201400033438;0;33;0;0.0;2.0;8.0;1.0;B01
50506;201400033438;0;7;0;0.0;2.0;1.0;1.0;C01
50507;201400033439;0;7;0;0.0;2.0;1.0;1.0;A01
50508;201400033439;0;7;0;0.0;2.0;1.0;1.0;B01
50509;201400033440;0;10;0;0.0;1.0;2.0;1.0;A01
50510;201400033441;0;7;0;0.0;2.0;1.0;1.0;A01
50511;201400033441;0;7;0;0.0;2.0;7.0;15.0;B01
50512;201400033442;0;7;0;0.0;2.0;3.0;1.0;B01
50513;201400033442;0;7;0;0.0;2.0;1.0;15.0;A01
50514;201400033443;0;7;0;0.0;1.0;3.0;1.0;A01
50515;201400033444;0;40;0;0.0;1.0;1.0;1.0;A01
50516;201400033445;0;7;0;0.0;2.0;0.0;5.0;A01
50517;201400033445;0;32;0;0.0;2.0;8.0;1.0;B01
50518;201400033446;0;7;0;0.0;2.0;3.0;15.0;B01
50519;201400033446;0;1;0;0.0;2.0;1.0;1.0;A01
50520;201400033447;0;7;0;0.0;1.0;1.0;1.0;A01
50521;201400033448;0;32;0;0.0;2.0;7.0;1.0;A01
50522;201400033448;0;7;0;0.0;2.0;8.0;1.0;B01
50523;201400033449;0;1;0;0.0;2.0;3.0;13.0;A01
50524;201400033449;0;7;0;0.0;2.0;1.0;1.0;B01
50525;201400033450;0;1;0;0.0;1.0;1.0;1.0;A01
50526;201400033452;0;32;0;1.0;0.0;3.0;1.0;A01
50527;201400033453;2;7;0;0.0;2.0;1.0;15.0;Z01
50528;201400033453;0;1;0;0.0;2.0;1.0;1.0;A01
50529;201400033454;0;14;0;0.0;2.0;3.0;16.0;B01
50530;201400033454;0;1;0;0.0;2.0;1.0;15.0;A01
50531;201400033455;0;7;0;0.0;2.0;8.0;11.0;A01
50532;201400033455;0;7;0;0.0;2.0;2.0;1.0;B01
50533;201400033456;0;10;0;0.0;2.0;8.0;13.0;A01
50534;201400033456;0;30;0;0.0;2.0;8.0;1.0;B01
50535;201400033457;0;40;0;0.0;2.0;1.0;1.0;B01
50536;201400033457;0;30;0;0.0;2.0;7.0;1.0;A01
50537;201400033458;0;7;0;8.0;0.0;8.0;1.0;A01
50538;201400033459;0;1;0;0.0;2.0;8.0;1.0;A01
50539;201400033459;0;10;0;0.0;2.0;1.0;15.0;B01
50540;201400033460;0;7;0;0.0;2.0;2.0;1.0;A01
50541;201400033460;0;1;0;0.0;2.0;1.0;15.0;B01
50542;201400033461;0;40;0;0.0;0.0;2.0;1.0;B01
50543;201400033461;0;1;0;0.0;2.0;3.0;1.0;A01
50544;201400033462;0;30;0;0.0;2.0;1.0;1.0;A01
50545;201400033462;0;7;0;0.0;2.0;1.0;9.0;B01
50546;201400033463;0;10;0;0.0;1.0;3.0;15.0;A01
50547;201400033465;0;30;0;0.0;2.0;1.0;1.0;A01
50548;201400033465;0;7;0;0.0;2.0;2.0;15.0;B01
50549;201400033466;0;7;0;0.0;2.0;0.0;1.0;A01
50550;201400033466;0;1;0;0.0;2.0;2.0;1.0;B01
50551;201400033467;0;7;0;0.0;0.0;2.0;1.0;B01
50552;201400033467;0;7;0;0.0;2.0;1.0;1.0;A01
50553;201400033468;0;7;0;0.0;9.0;7.0;1.0;A01
50554;201400033468;0;2;0;0.0;2.0;1.0;9.0;B01
50555;201400033469;0;30;0;15.0;0.0;1.0;13.0;A01
50556;201400033470;0;1;0;0.0;2.0;7.0;1.0;B01
50557;201400033470;0;7;0;0.0;2.0;1.0;9.0;A01
50558;201400033471;0;7;0;0.0;1.0;1.0;1.0;A01
50559;201400033472;0;40;0;0.0;1.0;1.0;1.0;A01
50560;201400033474;0;2;0;0.0;1.0;1.0;1.0;A01
50561;201400033475;0;2;0;0.0;2.0;6.0;1.0;B01
50562;201400033475;0;7;0;0.0;2.0;1.0;15.0;A01
50563;201400033476;0;40;10;;0.0;0.0;21.0;B01
50564;201400033476;0;7;0;0.0;4.0;1.0;1.0;A01
50565;201400033477;0;7;0;2.0;0.0;0.0;1.0;A01
50566;201400033478;0;40;0;0.0;4.0;1.0;1.0;B01
50567;201400033478;0;40;0;0.0;4.0;8.0;12.0;A01
50568;201400033479;0;1;0;0.0;2.0;7.0;1.0;B01
50569;201400033479;0;7;0;0.0;2.0;1.0;16.0;A01
50570;201400033480;0;2;0;0.0;2.0;8.0;1.0;A01
50571;201400033480;0;7;0;0.0;2.0;1.0;15.0;B01
50572;201400033481;0;10;0;0.0;2.0;8.0;15.0;B01
50573;201400033481;1;2;0;0.0;2.0;7.0;17.0;A01
50574;201400033482;0;7;0;0.0;2.0;7.0;1.0;A01
50575;201400033482;0;7;0;0.0;2.0;1.0;1.0;B01
50576;201400033483;0;10;0;0.0;1.0;4.0;4.0;A01
50577;201400033484;0;1;0;0.0;2.0;1.0;1.0;A01
50578;201400033484;0;7;0;0.0;2.0;3.0;1.0;B01
50579;201400033485;0;7;0;0.0;2.0;3.0;10.0;A01
50580;201400033485;0;1;0;0.0;2.0;1.0;1.0;B01
50581;201400033486;0;7;0;0.0;1.0;2.0;1.0;A01
50582;201400033487;0;1;0;0.0;2.0;0.0;19.0;A01
50583;201400033487;0;7;0;0.0;2.0;3.0;1.0;C01
50584;201400033487;0;7;0;0.0;2.0;2.0;1.0;B01
50585;201400033488;0;15;0;6.0;0.0;2.0;1.0;A01
50586;201400033489;0;7;0;0.0;1.0;1.0;1.0;A01
50587;201400033490;0;7;0;0.0;2.0;3.0;16.0;A01
50588;201400033490;0;1;0;0.0;2.0;1.0;1.0;B01
50589;201400033491;0;10;0;0.0;2.0;3.0;1.0;A01
50590;201400033491;0;1;0;0.0;2.0;1.0;15.0;B01
50591;201400033492;0;7;0;0.0;2.0;1.0;13.0;A01
50592;201400033492;0;7;0;0.0;2.0;2.0;16.0;B01
50593;201400033493;0;7;0;0.0;2.0;3.0;1.0;B01
50594;201400033493;0;7;0;0.0;2.0;7.0;13.0;A01
50595;201400033495;0;7;0;0.0;2.0;1.0;1.0;B01
50596;201400033495;0;7;0;0.0;2.0;3.0;13.0;A01
50597;201400033496;0;7;0;2.0;0.0;1.0;1.0;A01
50598;201400033497;0;7;0;0.0;2.0;1.0;1.0;A01
50599;201400033497;0;7;0;0.0;2.0;4.0;1.0;C01
50600;201400033497;0;30;0;0.0;2.0;4.0;1.0;B01
50601;201400033498;0;7;0;0.0;1.0;1.0;1.0;A01
50602;201400033499;0;40;0;0.0;2.0;1.0;1.0;B01
50603;201400033499;0;7;0;0.0;2.0;8.0;15.0;A01
50604;201400033500;0;7;0;0.0;1.0;1.0;1.0;A01
50605;201400033501;0;2;0;1.0;0.0;0.0;1.0;A01
50606;201400033501;1;7;0;0.0;0.0;1.0;0.0;Z01
50607;201400033502;0;40;0;0.0;1.0;3.0;1.0;A01
50608;201400033504;0;7;0;0.0;1.0;3.0;15.0;A01
50609;201400033505;1;7;0;0.0;2.0;4.0;2.0;Z01
50610;201400033505;0;7;0;0.0;2.0;4.0;1.0;B01
50611;201400033507;0;7;0;0.0;2.0;2.0;1.0;A01
50612;201400033507;0;33;0;0.0;2.0;1.0;1.0;B01
50613;201400033508;0;1;0;0.0;2.0;7.0;19.0;A01
50614;201400033508;0;7;0;0.0;2.0;1.0;1.0;B01
50615;201400033509;1;2;0;0.0;1.0;1.0;1.0;Z01
50616;201400033510;0;7;0;0.0;2.0;1.0;1.0;A01
50617;201400033510;0;7;0;0.0;2.0;5.0;1.0;B01
50618;201400033511;0;1;0;0.0;2.0;1.0;9.0;A01
50619;201400033511;0;37;1;0.0;2.0;7.0;1.0;B01
50620;201400033512;0;10;0;0.0;1.0;1.0;15.0;A01
50621;201400033513;0;7;0;0.0;2.0;2.0;1.0;A01
50622;201400033513;0;1;0;0.0;2.0;1.0;19.0;B01
50623;201400033514;0;7;0;0.0;2.0;4.0;1.0;B01
50624;201400033514;0;10;0;0.0;2.0;1.0;1.0;A01
50625;201400033514;0;7;0;0.0;2.0;4.0;1.0;C01
50626;201400033515;0;7;0;0.0;2.0;1.0;15.0;A01
50627;201400033515;0;31;0;0.0;2.0;1.0;1.0;B01
50628;201400033516;0;7;0;0.0;1.0;1.0;1.0;A01
50629;201400033517;0;7;0;0.0;1.0;1.0;1.0;A01
50630;201400033518;0;7;0;0.0;1.0;1.0;1.0;A01
50631;201400033519;0;7;0;0.0;2.0;8.0;16.0;B01
50632;201400033519;0;7;0;0.0;2.0;1.0;1.0;A01
50633;201400033520;0;7;0;0.0;2.0;1.0;1.0;A01
50634;201400033520;0;1;0;0.0;2.0;4.0;15.0;B01
50635;201400033521;0;7;0;0.0;2.0;2.0;17.0;A01
50636;201400033521;0;1;0;0.0;2.0;1.0;19.0;B01
50637;201400033522;0;7;0;0.0;2.0;3.0;15.0;B01
50638;201400033522;0;7;0;0.0;2.0;2.0;1.0;A01
50639;201400033523;0;7;0;0.0;1.0;1.0;1.0;A01
50640;201400033525;0;7;0;0.0;2.0;1.0;1.0;A01
50641;201400033525;0;1;0;0.0;2.0;7.0;6.0;B01
50642;201400033526;0;1;0;0.0;2.0;1.0;1.0;A01
50643;201400033526;0;37;1;0.0;2.0;7.0;1.0;B01
50644;201400033527;0;7;0;0.0;2.0;3.0;1.0;B01
50645;201400033527;0;1;0;0.0;2.0;1.0;1.0;A01
50646;201400033528;0;7;0;0.0;2.0;3.0;1.0;B01
50647;201400033528;0;7;0;0.0;2.0;2.0;1.0;A01
50648;201400033529;0;7;0;0.0;2.0;1.0;1.0;A01
50649;201400033529;0;7;0;0.0;2.0;4.0;1.0;B01
50650;201400033530;0;7;0;0.0;1.0;1.0;1.0;A01
50651;201400033531;0;7;0;0.0;1.0;3.0;1.0;A01
50652;201400033532;0;7;0;0.0;2.0;7.0;1.0;A01
50653;201400033532;0;10;0;0.0;2.0;3.0;1.0;B01
50654;201400033533;0;7;0;0.0;1.0;1.0;16.0;A01
50655;201400033535;1;7;0;0.0;1.0;1.0;1.0;Z01
50656;201400033536;0;7;0;0.0;1.0;1.0;1.0;A01
50657;201400033537;0;7;0;0.0;1.0;1.0;9.0;A01
50658;201400033538;0;7;0;0.0;2.0;2.0;16.0;A01
50659;201400033538;0;2;0;0.0;2.0;3.0;1.0;B01
50660;201400033539;0;7;0;0.0;1.0;1.0;1.0;A01
50661;201400033540;0;7;0;0.0;2.0;7.0;9.0;A01
50662;201400033540;0;2;0;0.0;2.0;1.0;1.0;B01
50663;201400033541;0;7;0;0.0;2.0;1.0;1.0;B01
50664;201400033541;0;7;0;0.0;2.0;8.0;9.0;A01
50665;201400033542;0;7;0;1.0;0.0;1.0;1.0;A01
50666;201400033542;0;7;0;1.0;2.0;1.0;0.0;A02
50667;201400033542;0;7;0;1.0;0.0;4.0;0.0;A03
50668;201400033543;0;7;0;0.0;2.0;3.0;1.0;A01
50669;201400033543;0;33;0;0.0;2.0;8.0;9.0;B01
50670;201400033544;0;7;0;0.0;2.0;4.0;4.0;A01
50671;201400033544;0;7;0;0.0;2.0;1.0;9.0;B01
50672;201400033545;0;7;0;0.0;2.0;2.0;15.0;A01
50673;201400033545;0;30;0;0.0;2.0;1.0;1.0;B01
50674;201400033546;0;14;0;0.0;1.0;2.0;15.0;A01
50675;201400033547;0;7;0;0.0;2.0;1.0;22.0;A01
50676;201400033547;0;1;0;0.0;2.0;1.0;1.0;B01
50677;201400033548;0;34;0;0.0;2.0;2.0;17.0;A01
50678;201400033548;0;7;0;0.0;2.0;8.0;10.0;B01
50679;201400033549;0;10;0;0.0;1.0;5.0;4.0;A01
50680;201400033550;0;7;0;0.0;1.0;8.0;1.0;A01
50681;201400033551;0;7;0;0.0;2.0;2.0;15.0;A01
50682;201400033551;0;30;0;0.0;2.0;1.0;1.0;B01
50683;201400033552;0;32;0;0.0;2.0;1.0;2.0;A01
50684;201400033552;0;7;0;0.0;2.0;6.0;23.0;B01
50685;201400033553;0;7;0;0.0;2.0;7.0;1.0;B01
50686;201400033553;0;13;0;0.0;2.0;3.0;9.0;A01
50687;201400033554;0;33;0;0.0;0.0;0.0;21.0;A01
50688;201400033554;1;7;0;0.0;0.0;0.0;1.0;Z01
50689;201400033555;0;14;0;0.0;2.0;3.0;1.0;A01
50690;201400033555;0;7;0;0.0;2.0;4.0;23.0;B01
50691;201400033555;0;7;0;0.0;2.0;4.0;23.0;C01
50692;201400033556;0;7;0;0.0;1.0;1.0;15.0;A01
50693;201400033557;0;7;0;0.0;2.0;6.0;9.0;A01
50694;201400033557;0;32;0;0.0;2.0;2.0;1.0;B01
50695;201400033558;0;7;0;0.0;2.0;3.0;15.0;A01
50696;201400033558;0;32;0;0.0;2.0;1.0;1.0;B01
50697;201400033559;0;7;0;0.0;2.0;1.0;10.0;A01
50698;201400033559;0;33;0;0.0;2.0;7.0;1.0;B01
50699;201400033560;0;7;0;0.0;2.0;2.0;2.0;A01
50700;201400033560;0;2;0;0.0;2.0;4.0;15.0;B01
50701;201400033561;0;7;0;0.0;2.0;1.0;11.0;A01
50702;201400033561;0;1;0;0.0;2.0;8.0;19.0;B01
50703;201400033562;0;1;0;0.0;2.0;1.0;19.0;B01
50704;201400033562;0;7;0;0.0;2.0;1.0;9.0;A01
50705;201400033563;0;1;0;0.0;2.0;1.0;2.0;A01
50706;201400033564;0;2;0;0.0;2.0;8.0;1.0;B01
50707;201400033564;0;7;0;0.0;2.0;1.0;9.0;A01
50708;201400033565;0;7;0;0.0;1.0;1.0;9.0;A01
50709;201400033566;0;10;0;0.0;2.0;1.0;2.0;A01
50710;201400033566;0;7;0;0.0;2.0;4.0;2.0;B01
50711;201400033566;0;7;0;0.0;2.0;4.0;23.0;C01
50712;201400033567;0;7;0;0.0;2.0;2.0;15.0;A01
50713;201400033567;0;1;0;0.0;2.0;1.0;1.0;B01
50714;201400033568;0;7;0;0.0;2.0;1.0;1.0;A01
50715;201400033568;0;1;0;0.0;2.0;8.0;19.0;B01
50716;201400033569;0;7;0;0.0;2.0;2.0;1.0;A01
50717;201400033569;0;1;0;0.0;2.0;5.0;19.0;B01
50718;201400033570;0;7;0;0.0;1.0;3.0;15.0;A01
50719;201400033571;0;7;0;0.0;2.0;1.0;5.0;A01
50720;201400033571;0;1;0;0.0;2.0;1.0;1.0;B01
50721;201400033572;0;7;0;0.0;1.0;2.0;9.0;A01
50722;201400033573;0;7;0;0.0;1.0;1.0;1.0;A01
50723;201400033573;0;7;0;0.0;1.0;6.0;1.0;B01
50724;201400033574;0;2;0;0.0;2.0;1.0;1.0;B01
50725;201400033574;0;7;0;0.0;2.0;2.0;15.0;A01
50726;201400033575;0;7;0;6.0;0.0;1.0;14.0;A01
50727;201400033577;0;33;0;0.0;2.0;1.0;1.0;A01
50728;201400033577;0;7;0;0.0;2.0;8.0;9.0;B01
50729;201400033578;0;30;0;0.0;2.0;1.0;5.0;A01
50730;201400033578;0;7;0;0.0;2.0;2.0;9.0;B01
50731;201400033579;0;2;0;0.0;2.0;1.0;1.0;A01
50732;201400033579;0;1;0;0.0;2.0;8.0;15.0;B01
50733;201400033580;0;2;0;0.0;2.0;4.0;2.0;B01
50734;201400033580;0;7;0;0.0;2.0;1.0;2.0;A01
50735;201400033581;0;7;0;6.0;0.0;1.0;15.0;A01
50736;201400033582;0;7;0;2.0;0.0;1.0;1.0;A01
50737;201400033583;0;7;0;6.0;0.0;1.0;1.0;A01
50738;201400033584;0;7;0;0.0;1.0;5.0;4.0;A01
50739;201400033585;0;39;1;0.0;1.0;1.0;1.0;A01
50740;201400033586;0;1;0;0.0;2.0;1.0;19.0;B01
50741;201400033586;0;7;0;0.0;2.0;3.0;15.0;A01