;Num_Acc;senc;catv;occutc;obs;obsm;choc;manv;num_veh
51164;201400033871;0;30;0;0.0;2.0;4.0;15.0;B01
51165;201400033872;0;7;0;0.0;2.0;3.0;15.0;A01
51166;201400033872;0;33;0;0.0;2.0;1.0;21.0;B01
51167;201400033873;0;7;0;12.0;0.0;9.0;1.0;A01
51168;201400033874;0;2;0;0.0;2.0;1.0;21.0;B01
51169;201400033874;0;7;0;0.0;2.0;8.0;10.0;A01
51170;201400033875;0;7;0;0.0;1.0;2.0;1.0;A01
51171;201400033877;0;7;0;0.0;2.0;2.0;15.0;B01
51172;201400033877;0;33;0;0.0;2.0;1.0;1.0;A01
51173;201400033878;0;7;0;0.0;1.0;2.0;1.0;A01
51174;201400033880;0;32;0;0.0;2.0;7.0;13.0;A01
51175;201400033880;0;7;0;0.0;2.0;3.0;9.0;B01
51176;201400033881;0;7;0;0.0;2.0;2.0;2.0;A01
51177;201400033881;0;7;0;6.0;2.0;6.0;0.0;B01
51178;201400033883;0;7;0;1.0;0.0;2.0;1.0;A01
51179;201400033884;0;37;1;0.0;2.0;2.0;15.0;A01
51180;201400033884;0;33;0;0.0;2.0;1.0;1.0;B01
51181;201400033885;0;31;0;0.0;2.0;1.0;1.0;B01
51182;201400033885;0;10;0;0.0;2.0;2.0;15.0;A01
51183;201400033886;0;7;0;0.0;1.0;2.0;1.0;A01
51184;201400033887;0;7;0;0.0;2.0;2.0;10.0;A01
51185;201400033887;0;30;0;0.0;2.0;1.0;1.0;B01
51186;201400033888;0;1;0;0.0;2.0;7.0;1.0;A01
51187;201400033888;0;7;0;0.0;2.0;2.0;16.0;B01
51188;201400033889;0;7;0;0.0;2.0;3.0;15.0;A01
51189;201400033889;0;33;0;0.0;2.0;1.0;1.0;B01
51190;201400033890;0;10;0;0.0;1.0;1.0;17.0;A01
51191;201400033892;1;99;0;0.0;1.0;2.0;0.0;Z01
51192;201400033893;0;10;0;0.0;2.0;4.0;1.0;B01
51193;201400033893;0;2;0;0.0;2.0;1.0;1.0;A01
51194;201400033894;0;14;0;0.0;2.0;2.0;1.0;B01
51195;201400033894;0;7;0;1.0;2.0;3.0;13.0;A01
51196;201400033895;0;7;0;0.0;0.0;1.0;5.0;B01
51197;201400033895;0;7;0;9.0;0.0;7.0;5.0;A01
51198;201400033896;0;33;0;0.0;2.0;7.0;17.0;A01
51199;201400033896;0;7;0;0.0;2.0;1.0;15.0;B01
51200;201400033897;0;7;0;0.0;1.0;7.0;1.0;A01
51201;201400033898;0;7;0;0.0;2.0;1.0;1.0;A01
51202;201400033898;0;7;0;0.0;0.0;4.0;1.0;B01
51203;201400033899;0;7;0;6.0;0.0;7.0;1.0;A01
51204;201400033900;0;7;0;0.0;2.0;1.0;15.0;A01
51205;201400033900;0;1;0;0.0;2.0;1.0;1.0;B01
51206;201400033901;0;1;0;0.0;2.0;4.0;1.0;B01
51207;201400033901;1;7;0;0.0;2.0;1.0;2.0;Z01
51208;201400033902;0;33;0;0.0;2.0;7.0;1.0;B01
51209;201400033902;1;7;0;0.0;2.0;0.0;0.0;Z01
51210;201400033903;0;99;0;0.0;2.0;3.0;1.0;B01
51211;201400033903;0;7;0;0.0;2.0;1.0;19.0;A01
51212;201400033904;0;34;0;0.0;1.0;1.0;1.0;A01
51213;201400033905;0;7;0;0.0;2.0;4.0;2.0;B01
51214;201400033905;0;7;0;0.0;2.0;1.0;2.0;A01
51215;201400033906;0;7;0;7.0;0.0;3.0;1.0;B01
51216;201400033906;0;7;0;0.0;2.0;2.0;15.0;A01
51217;201400033907;0;7;0;0.0;2.0;3.0;1.0;A01
51218;201400033907;0;33;0;0.0;2.0;1.0;1.0;B01
51219;201400033908;0;7;0;0.0;2.0;1.0;1.0;A01
51220;201400033908;0;7;0;0.0;2.0;1.0;1.0;B01
51221;201400033909;0;37;1;0.0;1.0;2.0;16.0;A01
51222;201400033910;1;7;0;0.0;1.0;0.0;4.0;Z01
51223;201400033911;0;7;0;0.0;1.0;2.0;1.0;A01
51224;201400033912;0;7;0;0.0;2.0;8.0;15.0;B01
51225;201400033912;0;33;0;0.0;2.0;1.0;2.0;A01
51226;201400033913;0;10;0;0.0;2.0;1.0;2.0;A01
51227;201400033913;0;7;0;0.0;2.0;4.0;2.0;B01
51228;201400033914;0;10;0;0.0;2.0;6.0;1.0;B01
51229;201400033914;0;33;0;0.0;2.0;1.0;2.0;A01
51230;201400033915;0;31;0;0.0;2.0;1.0;1.0;B01
51231;201400033915;0;7;0;0.0;2.0;3.0;15.0;A01
51232;201400033916;0;7;0;0.0;2.0;3.0;1.0;B01
51233;201400033916;0;7;0;0.0;2.0;2.0;15.0;A01
51234;201400033917;0;7;0;0.0;2.0;7.0;2.0;B01
51235;201400033917;0;33;0;0.0;2.0;1.0;2.0;A01
51236;201400033919;0;7;0;0.0;2.0;8.0;1.0;B01
51237;201400033919;0;34;0;0.0;2.0;1.0;1.0;A01
51238;201400033920;0;7;0;0.0;2.0;8.0;10.0;A01
51239;201400033920;0;33;0;0.0;2.0;1.0;1.0;B01
51240;201400033921;0;7;0;0.0;2.0;5.0;15.0;A01
51241;201400033921;0;30;0;0.0;2.0;1.0;1.0;B01
51242;201400033922;0;7;0;0.0;2.0;0.0;1.0;B01
51243;201400033922;0;7;0;0.0;2.0;1.0;5.0;A01
51244;201400033923;0;7;0;0.0;2.0;1.0;1.0;A01
51245;201400033923;0;7;0;0.0;2.0;4.0;1.0;B01
51246;201400033924;0;7;0;1.0;0.0;7.0;1.0;A01
51247;201400033924;0;7;0;0.0;0.0;1.0;24.0;B01
51248;201400033925;0;99;0;0.0;1.0;1.0;15.0;A01
51249;201400033926;0;32;0;0.0;0.0;8.0;21.0;A01
51250;201400033927;0;7;0;0.0;2.0;3.0;1.0;B01
51251;201400033927;0;7;0;0.0;2.0;0.0;15.0;A01
51252;201400033928;2;1;0;0.0;1.0;0.0;1.0;Z01
51253;201400033930;0;7;0;0.0;1.0;3.0;1.0;A01
51254;201400033931;0;7;0;0.0;2.0;3.0;15.0;B01
51255;201400033931;0;31;0;0.0;2.0;7.0;17.0;A01
51256;201400033932;0;7;0;0.0;2.0;3.0;15.0;A01
51257;201400033932;0;30;0;0.0;2.0;3.0;1.0;B01
51258;201400033933;0;7;0;0.0;2.0;1.0;1.0;A01
51259;201400033933;0;7;0;0.0;2.0;3.0;1.0;B01
51260;201400033934;0;7;0;0.0;0.0;0.0;16.0;B01
51261;201400033934;0;2;0;0.0;0.0;0.0;21.0;A01
51262;201400033935;0;31;0;0.0;2.0;1.0;1.0;B01
51263;201400033935;0;7;0;0.0;2.0;2.0;15.0;A01
51264;201400033937;0;32;0;0.0;2.0;1.0;2.0;B01
51265;201400033937;0;7;0;0.0;2.0;3.0;15.0;A01
51266;201400033939;0;32;0;0.0;2.0;1.0;2.0;A01
51267;201400033939;0;7;0;0.0;2.0;1.0;15.0;B01
51268;201400033940;0;7;0;0.0;2.0;3.0;15.0;A01
51269;201400033940;0;33;0;0.0;2.0;0.0;1.0;B01
51270;201400033941;0;7;0;0.0;1.0;1.0;1.0;A01
51271;201400033943;0;2;0;0.0;2.0;1.0;1.0;B01
51272;201400033943;0;2;0;0.0;2.0;2.0;5.0;A01
51273;201400033944;0;1;0;0.0;2.0;1.0;19.0;B01
51274;201400033944;0;7;0;0.0;2.0;1.0;1.0;A01
51275;201400033945;0;7;0;0.0;1.0;2.0;16.0;A01
51276;201400033946;0;7;0;0.0;2.0;7.0;1.0;A01
51277;201400033946;0;7;0;0.0;2.0;1.0;1.0;B01
51278;201400033947;0;7;0;0.0;1.0;2.0;1.0;A01
51279;201400033948;0;7;0;0.0;2.0;1.0;1.0;A01
51280;201400033948;0;7;0;0.0;1.0;7.0;1.0;B01
51281;201400033949;0;1;0;0.0;2.0;1.0;5.0;A01
51282;201400033949;0;7;0;0.0;2.0;2.0;1.0;B01
51283;201400033950;0;1;0;0.0;2.0;1.0;1.0;A01
51284;201400033950;1;7;0;0.0;2.0;2.0;0.0;Z01
51285;201400033951;0;7;0;0.0;1.0;3.0;1.0;A01
51286;201400033952;0;7;0;0.0;2.0;6.0;1.0;B01
51287;201400033952;0;7;0;0.0;2.0;2.0;15.0;A01
51288;201400033953;0;10;0;0.0;2.0;1.0;15.0;A01
51289;201400033953;0;2;0;0.0;2.0;2.0;1.0;B01
51290;201400033954;0;7;0;0.0;1.0;3.0;1.0;A01
51291;201400033955;1;7;0;0.0;2.0;0.0;0.0;Z01
51292;201400033955;0;33;0;0.0;2.0;1.0;1.0;A01
51293;201400033956;0;7;0;0.0;1.0;2.0;1.0;A01
51294;201400033957;1;30;0;0.0;2.0;0.0;0.0;Z01
51295;201400033957;0;7;0;0.0;2.0;2.0;1.0;A01
51296;201400033958;1;32;0;0.0;1.0;0.0;0.0;Z01
51297;201400033959;0;37;45;0.0;1.0;5.0;1.0;A01
51298;201400033960;0;7;0;4.0;0.0;3.0;1.0;A01
51299;201400033961;0;10;0;0.0;1.0;3.0;1.0;A01
51300;201400033962;1;7;0;0.0;1.0;0.0;16.0;Z01
51301;201400033963;0;7;0;0.0;2.0;6.0;15.0;B01
51302;201400033963;0;30;0;0.0;2.0;1.0;17.0;A01
51303;201400033964;0;7;0;0.0;2.0;6.0;15.0;A01
51304;201400033965;1;7;0;0.0;1.0;0.0;0.0;Z01
51305;201400033966;0;31;0;0.0;2.0;4.0;1.0;A01
51306;201400033967;0;1;0;0.0;2.0;0.0;19.0;B01
51307;201400033967;0;7;0;1.0;2.0;1.0;1.0;A01
51308;201400033968;0;15;0;0.0;2.0;3.0;23.0;B01
51309;201400033968;0;7;0;0.0;2.0;3.0;15.0;A01
51310;201400033970;0;7;0;2.0;2.0;2.0;15.0;B01
51311;201400033970;0;2;0;2.0;2.0;8.0;16.0;A01
51312;201400033971;0;7;0;0.0;2.0;5.0;2.0;B01
51313;201400033971;0;2;0;0.0;2.0;1.0;18.0;A01
51314;201400033972;0;7;0;0.0;2.0;1.0;1.0;A01
51315;201400033972;1;2;0;0.0;2.0;1.0;5.0;Z01
51316;201400033973;1;99;0;2.0;1.0;0.0;2.0;Z01
51317;201400033974;0;7;0;0.0;1.0;1.0;1.0;A01
51318;201400033975;0;33;0;0.0;2.0;1.0;1.0;A01
51319;201400033975;0;7;0;0.0;2.0;8.0;1.0;B01
51320;201400033976;0;7;0;0.0;2.0;3.0;15.0;A01
51321;201400033976;1;7;0;0.0;2.0;7.0;17.0;B01
51322;201400033977;0;7;0;0.0;1.0;1.0;1.0;A01
51323;201400033978;1;10;0;0.0;2.0;8.0;13.0;A01
51324;201400033978;0;7;0;0.0;2.0;7.0;1.0;B01
51325;201400033978;0;7;0;0.0;2.0;2.0;1.0;C01
51326;201400033978;0;7;0;0.0;2.0;2.0;1.0;D01
51327;201400033980;0;7;0;1.0;2.0;4.0;20.0;C01
51328;201400033980;0;7;0;0.0;2.0;3.0;17.0;A01
51329;201400033980;0;7;0;0.0;2.0;3.0;15.0;B01
51330;201400033981;0;10;0;0.0;2.0;7.0;15.0;A01
51331;201400033981;0;33;0;0.0;2.0;1.0;1.0;B01
51332;201400033982;0;7;0;0.0;2.0;2.0;15.0;A01
51333;201400033982;0;7;0;0.0;2.0;8.0;1.0;B01
51334;201400033983;0;7;0;0.0;2.0;3.0;2.0;B01
51335;201400033983;0;31;0;1.0;2.0;3.0;17.0;A01
51336;201400033984;0;10;0;8.0;0.0;6.0;13.0;A01
51337;201400033985;0;34;0;15.0;0.0;1.0;1.0;A01
51338;201400033986;0;37;7;0.0;1.0;7.0;1.0;A01
51339;201400033988;1;7;0;0.0;1.0;0.0;1.0;Z01
51340;201400033990;0;7;0;0.0;2.0;1.0;15.0;A01
51341;201400033990;0;32;0;0.0;2.0;1.0;1.0;B01
51342;201400033991;0;7;0;0.0;2.0;1.0;1.0;B01
51343;201400033991;0;7;0;8.0;2.0;7.0;1.0;A01
51344;201400033992;0;7;0;0.0;1.0;1.0;1.0;A01
51345;201400033993;0;7;0;0.0;2.0;1.0;2.0;C01
51346;201400033993;0;7;0;0.0;2.0;1.0;2.0;A01
51347;201400033993;0;7;0;0.0;2.0;3.0;2.0;B01
51348;201400033994;0;7;0;8.0;2.0;2.0;15.0;A01
51349;201400033994;0;7;0;0.0;2.0;3.0;1.0;B01
51350;201400033995;0;7;0;0.0;1.0;2.0;2.0;A01
51351;201400033996;0;7;0;0.0;1.0;1.0;1.0;A01
51352;201400033997;0;7;0;0.0;1.0;0.0;2.0;A01
51353;201400033998;0;1;0;0.0;2.0;8.0;0.0;A01
51354;201400033998;0;7;0;0.0;2.0;2.0;16.0;B01
51355;201400033999;0;7;0;0.0;2.0;1.0;2.0;A01
51356;201400033999;0;31;0;0.0;2.0;4.0;1.0;B01
51357;201400034000;0;33;0;0.0;2.0;1.0;1.0;D01
51358;201400034000;0;7;0;0.0;2.0;3.0;1.0;C01
51359;201400034000;1;7;0;0.0;1.0;1.0;15.0;A01
51360;201400034000;0;7;0;0.0;2.0;2.0;0.0;B01
51361;201400034001;0;7;0;0.0;2.0;4.0;1.0;B01
51362;201400034001;0;7;0;0.0;0.0;3.0;15.0;A01
51363;201400034002;0;7;0;0.0;2.0;3.0;1.0;A01
51364;201400034002;0;7;0;0.0;2.0;2.0;15.0;B01
51365;201400034002;0;7;0;0.0;2.0;2.0;24.0;C01
51366;201400034002;0;7;0;0.0;2.0;5.0;24.0;D01
51367;201400034002;0;7;0;0.0;0.0;8.0;24.0;E01
51368;201400034003;0;7;0;0.0;1.0;6.0;20.0;A01
51369;201400034004;0;7;0;0.0;2.0;3.0;17.0;A01
51370;201400034004;0;7;0;0.0;2.0;3.0;1.0;B01
51371;201400034005;0;7;0;0.0;0.0;4.0;2.0;B01
51372;201400034005;0;7;0;0.0;2.0;1.0;2.0;A01
51373;201400034006;0;7;0;0.0;2.0;1.0;2.0;B01
51374;201400034006;0;7;0;0.0;2.0;4.0;2.0;C01
51375;201400034006;0;7;0;0.0;2.0;1.0;2.0;A01
51376;201400034007;0;7;0;12.0;2.0;4.0;2.0;B01
51377;201400034007;0;7;0;12.0;2.0;1.0;2.0;A01
51378;201400034008;0;7;0;0.0;1.0;3.0;1.0;A01
51379;201400034009;0;34;0;1.0;1.0;1.0;1.0;A01
51380;201400034010;0;7;0;0.0;1.0;1.0;1.0;A01
51381;201400034011;0;2;0;8.0;0.0;2.0;1.0;A01
51382;201400034012;0;10;0;0.0;2.0;7.0;1.0;B01
51383;201400034012;0;7;0;0.0;2.0;2.0;1.0;A01
51384;201400034013;0;7;0;0.0;2.0;1.0;2.0;A01
51385;201400034013;0;7;0;0.0;2.0;4.0;2.0;B01
51386;201400034014;0;7;0;0.0;2.0;8.0;10.0;A01
51387;201400034014;0;30;0;0.0;2.0;1.0;1.0;B01
51388;201400034015;0;7;0;0.0;2.0;2.0;1.0;B01
51389;201400034015;0;33;0;0.0;2.0;1.0;15.0;A01
51390;201400034017;0;7;0;0.0;1.0;3.0;1.0;A01
51391;201400034018;0;33;0;0.0;2.0;1.0;13.0;A01
51392;201400034018;0;7;0;0.0;2.0;1.0;1.0;B01
51393;201400034019;0;14;0;6.0;0.0;1.0;1.0;A01
51394;201400034020;0;14;0;0.0;0.0;3.0;15.0;B01
51395;201400034020;0;33;0;0.0;2.0;1.0;16.0;A01
51396;201400034021;0;40;10;0.0;2.0;1.0;1.0;B01
51397;201400034021;0;30;0;0.0;4.0;1.0;15.0;A01
51398;201400034022;0;7;0;0.0;2.0;3.0;0.0;B01
51399;201400034022;0;7;0;0.0;2.0;3.0;0.0;C01
51400;201400034022;0;7;0;1.0;0.0;3.0;1.0;A01
51401;201400034023;0;7;0;0.0;2.0;5.0;12.0;A01
51402;201400034023;0;10;0;0.0;2.0;1.0;1.0;B01
51403;201400034024;0;30;0;0.0;2.0;1.0;1.0;B01
51404;201400034024;0;7;0;0.0;2.0;1.0;15.0;A01
51405;201400034025;0;7;0;0.0;2.0;3.0;9.0;B01
51406;201400034025;0;34;0;0.0;2.0;1.0;1.0;A01
51407;201400034026;0;7;0;1.0;0.0;1.0;2.0;A01
51408;201400034027;0;33;0;0.0;2.0;1.0;2.0;B01
51409;201400034027;0;15;0;0.0;2.0;3.0;16.0;A01
51410;201400034028;0;10;0;0.0;0.0;0.0;15.0;A01
51411;201400034028;0;1;0;0.0;0.0;0.0;1.0;B01
51412;201400034029;0;10;0;0.0;2.0;4.0;4.0;A01
51413;201400034029;0;1;0;0.0;2.0;8.0;1.0;B01
51414;201400034030;0;1;0;0.0;1.0;2.0;14.0;A01
51415;201400034031;0;7;0;8.0;0.0;1.0;0.0;A01
51416;201400034032;0;7;0;0.0;2.0;1.0;2.0;A01
51417;201400034032;0;7;0;0.0;0.0;4.0;23.0;B01
51418;201400034033;0;7;0;0.0;2.0;1.0;17.0;A01
51419;201400034033;0;7;0;0.0;2.0;8.0;9.0;B01
51420;201400034035;0;1;0;0.0;2.0;1.0;12.0;B01
51421;201400034035;0;7;0;0.0;2.0;5.0;15.0;A01
51422;201400034036;0;7;0;0.0;2.0;8.0;1.0;A01
51423;201400034036;0;1;0;0.0;2.0;7.0;16.0;B01
51424;201400034037;0;7;0;0.0;2.0;1.0;15.0;B01
51425;201400034037;2;2;0;0.0;2.0;1.0;17.0;A01
51426;201400034038;0;7;0;0.0;9.0;2.0;15.0;A01
51427;201400034039;0;7;0;0.0;2.0;2.0;1.0;A01
51428;201400034039;0;7;0;0.0;2.0;4.0;1.0;B01
51429;201400034040;0;7;0;0.0;2.0;5.0;1.0;B01
51430;201400034040;0;31;0;0.0;2.0;1.0;1.0;A01
51431;201400034041;0;7;0;0.0;1.0;3.0;2.0;A01
51432;201400034042;0;7;0;0.0;2.0;1.0;1.0;A01
51433;201400034042;0;7;0;0.0;2.0;0.0;1.0;B01
51434;201400034043;0;7;0;0.0;1.0;1.0;0.0;A01
51435;201400034044;0;10;0;0.0;1.0;0.0;0.0;A01
51436;201400034045;0;7;0;0.0;2.0;4.0;2.0;B01
51437;201400034045;0;7;0;0.0;0.0;4.0;23.0;C01
51438;201400034045;0;7;0;0.0;2.0;1.0;2.0;A01
51439;201400034046;0;3;0;0.0;2.0;3.0;1.0;B01
51440;201400034046;0;7;0;0.0;2.0;7.0;15.0;A01
51441;201400034048;2;7;0;12.0;0.0;1.0;13.0;A01
51442;201400034049;0;7;0;0.0;1.0;1.0;1.0;A01
51443;201400034050;0;7;0;0.0;1.0;1.0;16.0;A01
51444;201400034051;0;10;0;0.0;2.0;8.0;15.0;A01
51445;201400034051;0;33;0;0.0;2.0;1.0;1.0;B01
51446;201400034052;0;7;0;0.0;1.0;3.0;1.0;A01
51447;201400034053;0;7;0;0.0;1.0;8.0;17.0;A01
51448;201400034054;0;34;0;0.0;2.0;1.0;11.0;A01
51449;201400034054;0;7;0;0.0;2.0;7.0;15.0;B01
51450;201400034055;0;33;0;0.0;1.0;1.0;17.0;A01
51451;201400034056;0;7;0;0.0;9.0;1.0;2.0;A01
51452;201400034056;0;1;0;0.0;2.0;7.0;6.0;B01
51453;201400034057;0;33;0;0.0;1.0;2.0;17.0;A01
51454;201400034058;0;7;0;0.0;2.0;3.0;2.0;A01
51455;201400034058;0;7;0;0.0;2.0;6.0;23.0;B01
51456;201400034058;1;7;0;0.0;2.0;1.0;5.0;Z01
51457;201400034059;0;7;0;0.0;2.0;1.0;2.0;B01
51458;201400034059;0;7;0;0.0;2.0;4.0;2.0;A01
51459;201400034060;0;7;0;1.0;1.0;3.0;1.0;A01
51460;201400034060;0;7;0;0.0;2.0;0.0;22.0;B01
51461;201400034062;0;7;0;0.0;1.0;0.0;4.0;A01
51462;201400034063;0;1;0;0.0;1.0;1.0;1.0;A01
51463;201400034065;0;7;0;0.0;1.0;1.0;1.0;A01
51464;201400034066;1;7;0;0.0;2.0;0.0;2.0;Z01
51465;201400034066;0;30;0;0.0;0.0;4.0;15.0;B01
51466;201400034067;0;1;0;0.0;2.0;1.0;2.0;A01
51467;201400034067;0;7;0;0.0;2.0;4.0;2.0;B01
51468;201400034068;0;7;0;0.0;2.0;8.0;15.0;B01
51469;201400034068;0;30;0;0.0;2.0;1.0;1.0;A01
51470;201400034069;0;10;0;0.0;2.0;3.0;15.0;B01
51471;201400034069;0;30;0;0.0;2.0;1.0;17.0;A01
51472;201400034070;0;7;0;0.0;2.0;1.0;15.0;A01
51473;201400034070;0;7;0;0.0;2.0;3.0;1.0;B01
51474;201400034071;0;7;0;0.0;2.0;4.0;23.0;B01
51475;201400034071;0;10;0;0.0;2.0;1.0;2.0;A01
51476;201400034071;0;7;0;0.0;2.0;4.0;23.0;C01
51477;201400034072;0;7;0;0.0;2.0;1.0;1.0;A01
51478;201400034072;0;7;0;0.0;2.0;4.0;1.0;B01
51479;201400034073;1;7;0;0.0;1.0;6.0;4.0;A01
51480;201400034074;0;7;0;0.0;2.0;7.0;1.0;A01
51481;201400034074;0;1;0;0.0;2.0;1.0;1.0;B01
51482;201400034075;0;7;0;0.0;2.0;7.0;1.0;B01
51483;201400034075;0;7;0;0.0;2.0;1.0;16.0;A01
51484;201400034078;0;1;0;0.0;2.0;0.0;2.0;B01
51485;201400034078;0;7;0;0.0;2.0;0.0;2.0;A01
51486;201400034079;1;2;0;0.0;1.0;0.0;0.0;Z01
51487;201400034080;0;7;0;0.0;2.0;2.0;15.0;A01
51488;201400034080;0;7;0;0.0;2.0;2.0;1.0;B01
51489;201400034081;0;7;0;0.0;1.0;1.0;0.0;A01
51490;201400034082;0;7;0;0.0;1.0;3.0;1.0;B01
51491;201400034082;0;7;0;0.0;2.0;2.0;15.0;A01
51492;201400034083;0;7;0;0.0;2.0;6.0;2.0;B01
51493;201400034083;0;10;0;0.0;2.0;0.0;2.0;A01
51494;201400034084;0;32;0;0.0;2.0;3.0;6.0;A01
51495;201400034084;0;7;0;0.0;2.0;3.0;23.0;B01
51496;201400034085;0;7;0;0.0;2.0;1.0;2.0;A01
51497;201400034085;0;7;0;0.0;2.0;4.0;15.0;B01
51498;201400034086;0;7;0;0.0;1.0;7.0;1.0;A01
51499;201400034087;0;36;0;2.0;0.0;1.0;0.0;A01
51500;201400034088;0;7;0;0.0;2.0;1.0;1.0;A01
51501;201400034088;0;7;0;0.0;2.0;0.0;1.0;B01
51502;201400034088;0;7;0;0.0;2.0;3.0;1.0;D01
51503;201400034088;0;7;0;0.0;2.0;1.0;23.0;C01
51504;201400034089;0;7;0;6.0;0.0;1.0;1.0;A01
51505;201400034090;0;7;0;0.0;2.0;3.0;1.0;B01
51506;201400034090;0;7;0;0.0;2.0;1.0;15.0;A01
51507;201400034091;0;7;0;6.0;0.0;1.0;21.0;A01
51508;201400034092;0;7;0;0.0;1.0;2.0;1.0;A01
51509;201400034093;0;7;0;0.0;1.0;3.0;2.0;A01
51510;201400034094;0;38;45;0.0;2.0;2.0;5.0;A01
51511;201400034094;0;38;45;0.0;2.0;1.0;15.0;B01
51512;201400034095;0;7;0;0.0;2.0;1.0;15.0;B01
51513;201400034096;0;7;0;0.0;0.0;6.0;2.0;B01
51514;201400034096;0;7;0;0.0;2.0;1.0;2.0;A01
51515;201400034097;0;33;0;0.0;0.0;1.0;0.0;A01
51516;201400034098;0;7;0;0.0;1.0;1.0;1.0;A01
51517;201400034099;0;7;0;0.0;1.0;6.0;2.0;A01
51518;201400034100;0;7;0;0.0;2.0;1.0;2.0;A01
51519;201400034100;0;7;0;0.0;2.0;0.0;0.0;C01
51520;201400034100;0;7;0;0.0;2.0;4.0;2.0;B01
51521;201400034101;0;7;0;0.0;2.0;2.0;15.0;A01
51522;201400034101;0;33;0;0.0;2.0;1.0;1.0;B01
51523;201400034102;0;7;0;0.0;2.0;3.0;1.0;A01
51524;201400034102;0;7;0;0.0;2.0;5.0;1.0;B01
51525;201400034102;0;7;0;0.0;2.0;4.0;1.0;C01
51526;201400034103;0;7;0;0.0;2.0;3.0;15.0;A01
51527;201400034103;0;7;0;0.0;2.0;1.0;15.0;B01
51528;201400034104;0;7;0;0.0;2.0;2.0;1.0;B01
51529;201400034104;0;7;0;0.0;0.0;1.0;15.0;A01
51530;201400034106;0;7;0;0.0;2.0;1.0;2.0;A01
51531;201400034106;0;7;0;0.0;2.0;6.0;15.0;B01
51532;201400034107;0;7;0;0.0;2.0;1.0;1.0;B01
51533;201400034107;0;7;0;0.0;2.0;7.0;10.0;A01
51534;201400034109;0;7;0;0.0;2.0;3.0;15.0;B01
51535;201400034109;0;7;0;0.0;2.0;2.0;0.0;A01
51536;201400034110;0;7;0;0.0;1.0;1.0;1.0;A01
51537;201400034111;0;33;0;0.0;2.0;1.0;2.0;A01
51538;201400034111;0;7;0;0.0;0.0;5.0;23.0;B01
51539;201400034112;0;7;0;0.0;1.0;2.0;2.0;A01
51540;201400034114;0;7;0;0.0;0.0;4.0;2.0;B01
51541;201400034114;0;7;0;0.0;2.0;1.0;2.0;A01
51542;201400034115;0;10;0;0.0;2.0;1.0;1.0;A01
51543;201400034115;0;7;0;0.0;2.0;7.0;1.0;B01
51544;201400034115;0;7;0;12.0;0.0;6.0;2.0;C01
51545;201400034116;0;7;0;0.0;2.0;5.0;17.0;A01
51546;201400034116;0;7;0;0.0;2.0;1.0;1.0;B01
51547;201400034117;0;7;0;0.0;2.0;3.0;15.0;A01
51548;201400034117;0;30;0;0.0;2.0;8.0;1.0;B01
51549;201400034118;0;10;0;0.0;2.0;8.0;9.0;B01
51550;201400034118;1;10;0;0.0;2.0;0.0;17.0;Z01
51551;201400034119;0;7;0;0.0;0.0;0.0;13.0;B01
51552;201400034119;1;7;0;0.0;0.0;0.0;0.0;Z01
51553;201400034119;0;7;0;0.0;0.0;6.0;0.0;C01
51554;201400034120;0;7;0;0.0;1.0;1.0;1.0;A01
51555;201400034121;0;7;0;0.0;0.0;5.0;19.0;A01
51556;201400034121;0;37;45;0.0;2.0;1.0;1.0;B01
51557;201400034122;0;10;0;0.0;2.0;1.0;1.0;A01
51558;201400034122;0;37;0;0.0;2.0;1.0;23.0;C01
51559;201400034122;0;10;0;0.0;2.0;1.0;0.0;B01
51560;201400034123;0;7;0;0.0;2.0;1.0;1.0;B01
51561;201400034123;2;7;0;0.0;2.0;1.0;5.0;Z01
51562;201400034124;0;7;0;0.0;1.0;6.0;1.0;A01
51563;201400034125;0;7;0;0.0;2.0;2.0;3.0;A01
51564;201400034125;0;7;0;0.0;2.0;0.0;23.0;C01
51565;201400034125;0;7;0;0.0;2.0;6.0;23.0;B01
51566;201400034126;0;7;0;9.0;0.0;1.0;1.0;A01
51567;201400034127;0;7;0;0.0;2.0;1.0;1.0;B01
51568;201400034127;0;7;0;0.0;2.0;1.0;20.0;A01
51569;201400034129;0;7;0;7.0;2.0;3.0;1.0;B01
51570;201400034129;0;7;0;0.0;2.0;1.0;1.0;A01
51571;201400034130;0;7;0;0.0;1.0;1.0;1.0;A01
51572;201400034131;0;3;0;0.0;2.0;1.0;2.0;A01
51573;201400034131;0;7;0;0.0;2.0;6.0;23.0;B01
51574;201400034133;0;7;0;0.0;1.0;1.0;16.0;A01
51575;201400034134;0;7;0;0.0;2.0;2.0;1.0;B01
51576;201400034134;0;7;0;0.0;2.0;1.0;5.0;A01
51577;201400034135;0;1;0;0.0;2.0;3.0;1.0;A01
51578;201400034135;0;7;0;0.0;2.0;7.0;17.0;B01
51579;201400034136;0;2;0;0.0;2.0;1.0;1.0;B01
51580;201400034136;0;14;0;0.0;2.0;8.0;15.0;A01
51581;201400034138;1;99;0;0.0;1.0;2.0;0.0;Z01
51582;201400034139;0;7;0;0.0;2.0;7.0;1.0;B01
51583;201400034139;0;7;0;0.0;2.0;1.0;9.0;A01