;Num_Acc;senc;catv;occutc;obs;obsm;choc;manv;num_veh
51584;201400034140;0;7;0;0.0;2.0;2.0;1.0;B01
51585;201400034140;0;33;0;0.0;2.0;1.0;5.0;A01
51586;201400034141;0;7;0;0.0;0.0;6.0;16.0;A01
51587;201400034141;0;33;0;0.0;2.0;7.0;21.0;B01
51588;201400034142;0;10;0;0.0;2.0;2.0;2.0;A01
51589;201400034142;0;33;0;0.0;0.0;6.0;23.0;B01
51590;201400034143;0;7;0;1.0;0.0;3.0;0.0;C01
51591;201400034143;0;33;0;0.0;0.0;1.0;0.0;A01
51592;201400034143;0;13;0;1.0;0.0;0.0;0.0;B01
51593;201400034144;0;33;0;0.0;2.0;1.0;21.0;B01
51594;201400034144;0;7;0;0.0;2.0;6.0;9.0;A01
51595;201400034145;0;37;20;0.0;1.0;5.0;1.0;A01
51596;201400034146;0;7;0;0.0;2.0;1.0;9.0;B01
51597;201400034146;0;33;0;0.0;2.0;2.0;17.0;A01
51598;201400034147;0;2;0;12.0;0.0;1.0;1.0;A01
51599;201400034148;0;7;0;0.0;2.0;1.0;1.0;B01
51600;201400034148;0;7;0;1.0;2.0;7.0;1.0;A01
51601;201400034150;0;7;0;0.0;1.0;2.0;1.0;A01
51602;201400034151;0;7;0;0.0;2.0;1.0;17.0;A01
51603;201400034151;0;2;0;0.0;2.0;1.0;1.0;B01
51604;201400034152;0;7;0;0.0;1.0;1.0;0.0;A01
51605;201400034153;1;7;0;0.0;1.0;1.0;0.0;A01
51606;201400034155;0;7;0;0.0;2.0;3.0;15.0;A01
51607;201400034155;0;32;0;0.0;2.0;3.0;1.0;B01
51608;201400034156;0;7;0;0.0;1.0;1.0;12.0;A01
51609;201400034157;1;7;0;0.0;2.0;3.0;9.0;A01
51610;201400034157;0;1;0;0.0;2.0;2.0;1.0;B01
51611;201400034158;0;7;0;0.0;2.0;1.0;19.0;A01
51612;201400034158;0;7;0;0.0;2.0;7.0;19.0;B01
51613;201400034159;0;7;0;0.0;2.0;1.0;1.0;A01
51614;201400034159;0;7;0;0.0;2.0;4.0;23.0;B01
51615;201400034160;0;7;0;0.0;1.0;2.0;1.0;A01
51616;201400034161;0;37;20;0.0;1.0;7.0;1.0;A01
51617;201400034162;0;7;0;0.0;1.0;3.0;1.0;A01
51618;201400034163;0;7;0;0.0;2.0;1.0;1.0;A01
51619;201400034163;0;30;0;0.0;2.0;8.0;1.0;B01
51620;201400034164;0;7;0;0.0;2.0;3.0;15.0;B01
51621;201400034164;0;7;0;0.0;2.0;2.0;1.0;A01
51622;201400034165;0;7;0;0.0;1.0;7.0;1.0;A01
51623;201400034166;0;7;0;0.0;1.0;2.0;1.0;A01
51624;201400034167;0;2;0;0.0;2.0;2.0;17.0;B01
51625;201400034167;0;7;0;0.0;2.0;6.0;15.0;A01
51626;201400034168;1;7;0;0.0;0.0;0.0;0.0;Z01
51627;201400034168;0;7;0;0.0;2.0;3.0;16.0;A01
51628;201400034169;0;10;0;0.0;1.0;1.0;1.0;A01
51629;201400034170;0;7;0;0.0;1.0;3.0;15.0;A01
51630;201400034171;0;7;0;0.0;2.0;2.0;15.0;A01
51631;201400034171;0;33;0;0.0;2.0;1.0;1.0;B01
51632;201400034172;0;7;0;0.0;1.0;3.0;1.0;A01
51633;201400034173;0;7;0;0.0;2.0;3.0;15.0;B01
51634;201400034173;0;2;0;0.0;2.0;1.0;1.0;A01
51635;201400034175;0;2;0;0.0;1.0;3.0;16.0;A01
51636;201400034176;0;7;0;0.0;2.0;6.0;1.0;B01
51637;201400034176;1;7;0;0.0;2.0;2.0;1.0;Z01
51638;201400034177;0;7;0;0.0;2.0;2.0;1.0;A01
51639;201400034177;0;7;0;0.0;2.0;1.0;1.0;B01
51640;201400034178;0;7;0;0.0;2.0;1.0;17.0;A01
51641;201400034178;0;7;0;0.0;2.0;8.0;15.0;B01
51642;201400034179;0;7;0;0.0;2.0;1.0;1.0;A01
51643;201400034179;0;1;0;0.0;2.0;0.0;0.0;B01
51644;201400034180;0;7;0;0.0;2.0;1.0;1.0;B01
51645;201400034180;0;7;0;0.0;2.0;8.0;1.0;A01
51646;201400034181;0;7;0;0.0;2.0;1.0;1.0;B01
51647;201400034181;0;7;0;0.0;2.0;5.0;1.0;A01
51648;201400034182;0;7;0;6.0;0.0;1.0;1.0;A01
51649;201400034183;0;33;0;0.0;2.0;6.0;15.0;A01
51650;201400034183;0;33;0;0.0;2.0;1.0;1.0;B01
51651;201400034184;0;7;0;0.0;2.0;3.0;15.0;A01
51652;201400034184;0;32;0;0.0;2.0;1.0;1.0;B01
51653;201400034184;0;7;0;0.0;2.0;4.0;15.0;C01
51654;201400034186;0;7;0;0.0;1.0;2.0;1.0;A01
51655;201400034187;0;15;0;0.0;1.0;3.0;1.0;A01
51656;201400034188;0;37;45;0.0;1.0;2.0;1.0;A01
51657;201400034189;0;1;0;0.0;2.0;5.0;1.0;B01
51658;201400034189;0;7;0;0.0;2.0;1.0;9.0;A01
51659;201400034190;1;7;0;1.0;1.0;2.0;1.0;A01
51660;201400034191;0;2;0;0.0;2.0;1.0;7.0;A01
51661;201400034191;0;7;0;0.0;2.0;3.0;15.0;B01
51662;201400034193;0;7;0;0.0;2.0;4.0;2.0;A01
51663;201400034193;0;7;0;0.0;2.0;1.0;2.0;B01
51664;201400034194;0;7;0;0.0;1.0;2.0;1.0;A01
51665;201400034195;0;10;0;0.0;2.0;1.0;1.0;A01
51666;201400034195;0;7;0;0.0;2.0;4.0;2.0;B01
51667;201400034196;0;7;0;0.0;2.0;3.0;1.0;C01
51668;201400034196;0;7;0;0.0;2.0;8.0;1.0;B01
51669;201400034196;0;7;0;0.0;2.0;1.0;1.0;A01
51670;201400034197;0;34;0;0.0;2.0;1.0;17.0;A01
51671;201400034197;0;1;0;0.0;2.0;8.0;15.0;B01
51672;201400034198;0;2;0;0.0;2.0;4.0;16.0;A01
51673;201400034198;0;7;0;0.0;2.0;2.0;1.0;B01
51674;201400034199;0;7;0;0.0;1.0;6.0;1.0;A01
51675;201400034200;0;10;0;0.0;1.0;0.0;1.0;A01
51676;201400034201;0;7;0;0.0;2.0;3.0;1.0;B01
51677;201400034201;0;7;0;0.0;2.0;5.0;1.0;A01
51678;201400034202;0;33;0;0.0;2.0;1.0;1.0;B01
51679;201400034202;0;7;0;0.0;2.0;5.0;15.0;A01
51680;201400034203;0;10;0;0.0;2.0;7.0;20.0;A01
51681;201400034203;0;31;0;0.0;2.0;8.0;18.0;B01
51682;201400034204;0;99;0;15.0;0.0;0.0;1.0;A01
51683;201400034205;0;32;0;0.0;2.0;1.0;1.0;B01
51684;201400034205;0;7;0;0.0;2.0;2.0;15.0;A01
51685;201400034207;0;7;0;0.0;2.0;9.0;23.0;C01
51686;201400034207;0;7;0;0.0;2.0;3.0;16.0;B01
51687;201400034207;0;31;0;0.0;2.0;9.0;17.0;A01
51688;201400034208;0;30;0;0.0;2.0;1.0;1.0;B01
51689;201400034208;1;7;0;0.0;0.0;0.0;0.0;A01
51690;201400034209;0;40;50;0.0;2.0;3.0;1.0;C01
51691;201400034209;0;40;40;0.0;2.0;8.0;1.0;B01
51692;201400034209;0;30;0;0.0;4.0;9.0;3.0;A01
51693;201400034210;0;7;0;0.0;2.0;2.0;15.0;A01
51694;201400034210;0;32;0;0.0;2.0;1.0;1.0;B01
51695;201400034211;0;7;0;0.0;2.0;3.0;15.0;A01
51696;201400034211;0;33;0;0.0;2.0;8.0;1.0;B01
51697;201400034212;0;33;0;0.0;2.0;7.0;1.0;B01
51698;201400034212;0;7;0;0.0;2.0;1.0;1.0;A01
51699;201400034213;0;1;0;0.0;1.0;1.0;15.0;A01
51700;201400034216;0;7;0;0.0;2.0;7.0;15.0;A01
51701;201400034216;0;1;0;0.0;2.0;1.0;1.0;B01
51702;201400034217;0;7;0;12.0;2.0;3.0;10.0;A01
51703;201400034217;0;7;0;0.0;2.0;1.0;1.0;B01
51704;201400034218;0;7;0;0.0;2.0;3.0;1.0;A01
51705;201400034218;0;30;0;0.0;2.0;1.0;1.0;B01
51706;201400034220;0;2;0;0.0;1.0;6.0;1.0;A01
51707;201400034221;0;7;0;11.0;2.0;7.0;1.0;B01
51708;201400034221;0;10;0;1.0;2.0;1.0;1.0;A01
51709;201400034222;0;7;0;0.0;2.0;1.0;1.0;B01
51710;201400034222;0;7;0;0.0;2.0;7.0;15.0;A01
51711;201400034223;0;7;0;7.0;0.0;2.0;1.0;A01
51712;201400034224;0;20;0;0.0;2.0;3.0;10.0;A01
51713;201400034224;0;31;0;0.0;2.0;2.0;17.0;B01
51714;201400034225;0;99;0;0.0;2.0;0.0;0.0;A01
51715;201400034225;0;7;0;0.0;2.0;3.0;1.0;B01
51716;201400034226;0;7;0;0.0;1.0;1.0;1.0;C01
51717;201400034226;2;7;0;15.0;2.0;1.0;1.0;A01
51718;201400034226;0;7;0;0.0;2.0;1.0;1.0;B01
51719;201400034227;0;1;0;1.0;2.0;2.0;1.0;B01
51720;201400034227;0;7;0;0.0;2.0;1.0;1.0;A01
51721;201400034229;0;1;0;0.0;2.0;5.0;1.0;B01
51722;201400034229;0;7;0;0.0;2.0;3.0;1.0;A01
51723;201400034230;2;7;0;8.0;2.0;1.0;0.0;B01
51724;201400034230;1;7;0;0.0;2.0;1.0;0.0;A01
51725;201400034231;0;7;0;0.0;2.0;7.0;16.0;B01
51726;201400034231;0;30;0;0.0;2.0;8.0;2.0;A01
51727;201400034232;0;7;0;0.0;2.0;3.0;1.0;A01
51728;201400034232;0;2;0;0.0;2.0;1.0;1.0;B01
51729;201400034233;0;37;100;0.0;2.0;2.0;1.0;B01
51730;201400034233;0;7;0;0.0;2.0;3.0;9.0;A01
51731;201400034234;0;14;0;0.0;1.0;0.0;15.0;A01
51732;201400034235;0;7;0;0.0;0.0;2.0;2.0;B01
51733;201400034235;0;1;0;0.0;2.0;0.0;2.0;A01
51734;201400034236;1;30;0;0.0;0.0;0.0;20.0;Z01
51735;201400034237;0;7;0;0.0;2.0;3.0;13.0;A01
51736;201400034237;0;7;0;0.0;2.0;3.0;1.0;B01
51737;201400034238;0;7;0;0.0;2.0;1.0;2.0;A01
51738;201400034238;0;7;0;0.0;2.0;4.0;2.0;B01
51739;201400034238;0;7;0;0.0;2.0;4.0;2.0;C01
51740;201400034239;0;1;0;0.0;2.0;7.0;15.0;A01
51741;201400034239;0;7;0;0.0;2.0;3.0;1.0;B01
51742;201400034240;1;7;0;0.0;2.0;0.0;12.0;Z01
51743;201400034240;0;33;0;0.0;2.0;0.0;1.0;B01
51744;201400034241;0;7;0;0.0;2.0;1.0;1.0;B01
51745;201400034241;0;30;0;0.0;2.0;7.0;1.0;A01
51746;201400034242;0;7;0;0.0;2.0;3.0;1.0;A01
51747;201400034242;1;99;0;0.0;2.0;0.0;20.0;Z01
51748;201400034243;0;7;0;0.0;1.0;2.0;1.0;A01
51749;201400034244;0;7;0;0.0;2.0;1.0;1.0;A01
51750;201400034244;0;7;0;0.0;2.0;4.0;1.0;B01
51751;201400034244;0;7;0;0.0;2.0;4.0;16.0;C01
51752;201400034245;0;32;0;14.0;0.0;1.0;1.0;A01
51753;201400034246;0;7;0;0.0;2.0;3.0;1.0;B01
51754;201400034246;0;7;0;0.0;2.0;2.0;15.0;A01
51755;201400034247;0;7;0;0.0;1.0;2.0;1.0;A01
51756;201400034248;0;1;0;1.0;0.0;1.0;1.0;A01
51757;201400034248;0;7;0;0.0;2.0;3.0;22.0;B01
51758;201400034249;0;7;0;2.0;0.0;8.0;14.0;A01
51759;201400034250;0;30;0;0.0;1.0;1.0;1.0;A01
51760;201400034251;0;7;0;0.0;1.0;2.0;1.0;A01
51761;201400034252;0;7;0;0.0;2.0;3.0;15.0;A01
51762;201400034252;0;31;0;0.0;2.0;8.0;1.0;B01
51763;201400034254;0;34;0;12.0;0.0;1.0;1.0;A01
51764;201400034256;0;34;0;0.0;2.0;1.0;23.0;B01
51765;201400034256;0;10;0;0.0;2.0;2.0;23.0;C01
51766;201400034256;0;7;0;0.0;2.0;0.0;1.0;A01
51767;201400034257;0;32;0;0.0;2.0;1.0;1.0;B01
51768;201400034257;0;7;0;0.0;2.0;2.0;15.0;A01
51769;201400034258;0;7;0;0.0;2.0;3.0;1.0;A01
51770;201400034258;0;1;0;0.0;2.0;1.0;1.0;B01
51771;201400034260;0;33;0;0.0;2.0;3.0;18.0;A01
51772;201400034260;0;7;0;0.0;2.0;2.0;15.0;B01
51773;201400034262;0;32;0;0.0;2.0;8.0;1.0;B01
51774;201400034262;0;7;0;0.0;2.0;2.0;10.0;A01
51775;201400034263;0;7;0;0.0;1.0;0.0;1.0;A01
51776;201400034264;0;7;0;0.0;2.0;5.0;10.0;A01
51777;201400034264;0;33;0;1.0;2.0;1.0;1.0;B01
51778;201400034265;0;7;0;0.0;1.0;3.0;1.0;A01
51779;201400034267;0;7;0;0.0;1.0;2.0;14.0;A01
51780;201400034268;0;7;0;0.0;2.0;3.0;15.0;B01
51781;201400034268;0;33;0;0.0;1.0;1.0;17.0;A01
51782;201400034269;0;7;0;0.0;2.0;2.0;1.0;A01
51783;201400034269;0;7;0;0.0;2.0;8.0;1.0;B01
51784;201400034270;0;7;0;0.0;1.0;2.0;1.0;A01
51785;201400034271;0;7;0;0.0;1.0;1.0;1.0;A01
51786;201400034272;0;17;0;0.0;1.0;2.0;1.0;A01
51787;201400034273;0;7;0;0.0;1.0;1.0;1.0;A01
51788;201400034274;0;7;0;0.0;2.0;1.0;1.0;A01
51789;201400034274;0;7;0;1.0;2.0;7.0;1.0;B01
51790;201400034275;0;7;0;0.0;2.0;1.0;2.0;B01
51791;201400034275;0;7;0;0.0;1.0;1.0;2.0;A01
51792;201400034276;1;7;0;0.0;1.0;0.0;1.0;Z01
51793;201400034277;0;7;0;0.0;2.0;5.0;15.0;B01
51794;201400034277;0;7;0;0.0;1.0;5.0;17.0;A01
51795;201400034278;0;7;0;0.0;1.0;1.0;1.0;A01
51796;201400034279;0;31;0;0.0;1.0;1.0;17.0;A01
51797;201400034280;0;7;0;0.0;2.0;4.0;1.0;B01
51798;201400034280;0;7;0;0.0;2.0;1.0;2.0;A01
51799;201400034281;0;7;0;0.0;2.0;2.0;1.0;A01
51800;201400034281;0;2;0;0.0;2.0;9.0;0.0;B01
51801;201400034282;0;7;0;0.0;1.0;0.0;1.0;A01
51802;201400034283;0;1;0;0.0;2.0;2.0;16.0;B01
51803;201400034283;0;30;0;0.0;2.0;8.0;18.0;A01
51804;201400034284;0;7;0;16.0;0.0;8.0;1.0;A01
51805;201400034285;0;7;0;0.0;2.0;2.0;15.0;A01
51806;201400034285;0;7;0;0.0;2.0;2.0;1.0;B01
51807;201400034286;0;7;0;0.0;2.0;1.0;1.0;A01
51808;201400034286;0;7;0;0.0;2.0;0.0;1.0;B01
51809;201400034287;0;7;0;0.0;2.0;7.0;24.0;B01
51810;201400034287;1;7;0;0.0;0.0;;;Z01
51811;201400034288;0;7;0;0.0;2.0;3.0;1.0;B01
51812;201400034288;0;33;0;0.0;2.0;1.0;1.0;A01
51813;201400034289;0;7;0;6.0;2.0;2.0;17.0;A01
51814;201400034289;0;7;0;0.0;2.0;3.0;15.0;B01
51815;201400034291;0;33;0;0.0;9.0;0.0;1.0;A01
51816;201400034292;0;7;0;0.0;1.0;1.0;1.0;A01
51817;201400034292;0;7;0;0.0;2.0;7.0;16.0;B01
51818;201400034293;0;40;50;0.0;2.0;3.0;1.0;B01
51819;201400034293;0;1;0;0.0;4.0;1.0;1.0;A01
51820;201400034294;0;7;0;0.0;1.0;1.0;17.0;A01
51821;201400034295;0;7;0;0.0;1.0;3.0;1.0;A01
51822;201400034296;0;7;0;0.0;2.0;1.0;1.0;A01
51823;201400034296;0;7;0;0.0;2.0;7.0;1.0;B01
51824;201400034297;0;3;0;0.0;2.0;1.0;1.0;B01
51825;201400034297;0;7;0;0.0;2.0;1.0;1.0;C01
51826;201400034297;0;7;0;0.0;2.0;1.0;13.0;A01
51827;201400034298;0;7;0;1.0;0.0;8.0;1.0;A01
51828;201400034299;0;40;50;0.0;2.0;1.0;1.0;B01
51829;201400034299;0;1;0;0.0;4.0;7.0;1.0;A01
51830;201400034300;0;7;0;0.0;2.0;2.0;1.0;A01
51831;201400034300;0;7;0;0.0;2.0;2.0;16.0;B01
51832;201400034301;0;7;0;0.0;2.0;1.0;15.0;A01
51833;201400034301;0;7;0;0.0;2.0;7.0;1.0;B01
51834;201400034302;0;7;0;0.0;2.0;1.0;9.0;A01
51835;201400034302;0;32;0;0.0;2.0;7.0;1.0;B01
51836;201400034303;0;7;0;0.0;2.0;7.0;16.0;A01
51837;201400034303;0;1;0;0.0;2.0;8.0;16.0;B01
51838;201400034304;0;2;0;0.0;2.0;1.0;13.0;A01
51839;201400034304;0;7;0;0.0;2.0;2.0;1.0;B01
51840;201400034305;0;32;0;0.0;2.0;7.0;17.0;A01
51841;201400034305;0;10;0;0.0;2.0;3.0;15.0;B01
51842;201400034306;0;10;0;0.0;2.0;2.0;15.0;A01
51843;201400034306;0;7;0;0.0;2.0;3.0;15.0;B01
51844;201400034307;1;7;0;0.0;1.0;0.0;16.0;Z01
51845;201400034308;0;30;0;12.0;0.0;7.0;1.0;A01
51846;201400034311;0;7;0;0.0;1.0;2.0;1.0;A01
51847;201400034312;0;7;0;0.0;2.0;3.0;1.0;A01
51848;201400034312;2;7;0;0.0;2.0;1.0;16.0;Z01
51849;201400034313;0;7;0;0.0;2.0;1.0;1.0;A01
51850;201400034313;0;7;0;0.0;2.0;6.0;1.0;B01
51851;201400034315;0;7;0;0.0;2.0;6.0;15.0;A01
51852;201400034315;0;7;0;0.0;2.0;3.0;1.0;B01
51853;201400034316;0;34;0;0.0;2.0;8.0;1.0;A01
51854;201400034316;0;7;0;0.0;2.0;2.0;1.0;B01
51855;201400034317;0;7;0;0.0;1.0;1.0;1.0;A01
51856;201400034318;0;7;0;0.0;2.0;3.0;1.0;B01
51857;201400034318;0;7;0;0.0;2.0;1.0;15.0;A01
51858;201400034319;0;7;0;0.0;1.0;2.0;1.0;A01
51859;201400034320;0;7;0;15.0;0.0;1.0;16.0;A01
51860;201400034321;0;2;0;0.0;2.0;0.0;1.0;A01
51861;201400034321;1;7;0;0.0;0.0;;;Z01
51862;201400034322;0;7;0;0.0;2.0;2.0;1.0;B01
51863;201400034322;0;7;0;0.0;2.0;7.0;15.0;A01
51864;201400034323;0;7;0;0.0;2.0;1.0;16.0;A01
51865;201400034323;0;1;0;0.0;2.0;8.0;2.0;B01
51866;201400034324;0;7;0;0.0;1.0;1.0;1.0;A01
51867;201400034325;0;7;0;0.0;2.0;1.0;9.0;A01
51868;201400034325;0;7;0;0.0;2.0;5.0;1.0;B01
51869;201400034326;0;14;0;0.0;2.0;1.0;1.0;B01
51870;201400034326;0;7;0;0.0;2.0;8.0;10.0;A01
51871;201400034327;0;7;0;0.0;2.0;1.0;2.0;A01
51872;201400034327;0;7;0;0.0;2.0;4.0;2.0;B01
51873;201400034328;0;7;0;0.0;0.0;4.0;1.0;A01
51874;201400034328;0;7;0;0.0;0.0;1.0;1.0;B01
51875;201400034329;0;7;0;2.0;0.0;3.0;6.0;A01
51876;201400034330;0;7;0;0.0;2.0;3.0;1.0;A01
51877;201400034330;0;7;0;0.0;2.0;3.0;15.0;B01
51878;201400034331;0;7;0;0.0;2.0;4.0;1.0;B01
51879;201400034331;0;7;0;0.0;2.0;1.0;1.0;A01
51880;201400034332;0;7;0;0.0;2.0;3.0;14.0;B01
51881;201400034332;0;7;0;0.0;2.0;2.0;15.0;A01
51882;201400034333;0;7;0;0.0;0.0;0.0;0.0;A01
51883;201400034334;0;7;0;0.0;2.0;1.0;2.0;A01
51884;201400034334;0;7;0;0.0;2.0;4.0;2.0;C01
51885;201400034334;0;7;0;0.0;2.0;1.0;2.0;B01
51886;201400034335;0;7;0;0.0;1.0;1.0;1.0;A01
51887;201400034336;0;10;0;0.0;1.0;4.0;4.0;A01
51888;201400034337;0;7;0;0.0;2.0;4.0;1.0;B01
51889;201400034337;0;2;0;0.0;2.0;1.0;1.0;A01
51890;201400034338;0;7;0;0.0;2.0;4.0;0.0;B01
51891;201400034338;1;7;0;1.0;0.0;1.0;2.0;Z01
51892;201400034339;0;33;0;0.0;2.0;7.0;1.0;B01
51893;201400034339;0;7;0;0.0;2.0;1.0;9.0;A01
51894;201400034341;0;7;0;13.0;2.0;2.0;15.0;A01
51895;201400034341;0;7;0;13.0;2.0;1.0;1.0;B01
51896;201400034342;0;7;0;0.0;0.0;1.0;16.0;A01
51897;201400034344;0;7;0;0.0;2.0;1.0;9.0;A01
51898;201400034344;0;2;0;0.0;2.0;1.0;1.0;B01
51899;201400034345;0;7;0;0.0;0.0;4.0;2.0;C01
51900;201400034345;0;7;0;0.0;0.0;0.0;2.0;A01
51901;201400034345;0;7;0;0.0;0.0;4.0;2.0;B01
51902;201400034346;0;33;0;0.0;2.0;1.0;17.0;A01
51903;201400034346;0;7;0;0.0;2.0;3.0;15.0;B01
51904;201400034347;0;7;0;0.0;2.0;2.0;6.0;A01
51905;201400034347;0;7;0;0.0;2.0;6.0;1.0;B01
51906;201400034348;0;10;0;0.0;1.0;1.0;2.0;A01
51907;201400034349;0;7;0;0.0;2.0;4.0;2.0;B01
51908;201400034349;0;7;0;0.0;2.0;1.0;1.0;A01
51909;201400034349;0;7;0;0.0;2.0;4.0;1.0;C01
51910;201400034350;0;7;0;0.0;2.0;5.0;15.0;A01
51911;201400034350;0;7;0;0.0;2.0;1.0;1.0;B01
51912;201400034351;0;7;0;0.0;0.0;9.0;2.0;A01
51913;201400034353;0;30;0;0.0;2.0;8.0;15.0;A01
51914;201400034353;0;7;0;0.0;0.0;0.0;0.0;B01
51915;201400034354;0;30;0;0.0;9.0;7.0;1.0;A01
51916;201400034355;0;7;0;0.0;1.0;1.0;1.0;A01
51917;201400034356;0;7;0;0.0;2.0;2.0;15.0;A01
51918;201400034356;0;30;0;0.0;2.0;8.0;1.0;B01
51919;201400034357;0;33;0;0.0;2.0;7.0;2.0;B01
51920;201400034357;0;15;0;0.0;2.0;0.0;1.0;A01
51921;201400034358;0;40;35;0.0;2.0;1.0;1.0;B01
51922;201400034358;0;7;0;0.0;4.0;3.0;15.0;A01
51923;201400034360;0;1;0;0.0;0.0;0.0;1.0;A01
51924;201400034361;0;7;0;1.0;0.0;1.0;14.0;A01
51925;201400034362;0;7;0;0.0;2.0;4.0;1.0;B01
51926;201400034362;0;7;0;0.0;2.0;1.0;1.0;A01
51927;201400034363;0;37;48;0.0;1.0;2.0;1.0;A01
51928;201400034364;0;10;0;0.0;2.0;7.0;0.0;A01
51929;201400034364;2;7;0;0.0;2.0;1.0;0.0;Z01
51930;201400034365;0;7;0;0.0;2.0;5.0;4.0;A01
51931;201400034365;0;7;0;0.0;2.0;2.0;1.0;B01
51932;201400034366;0;10;0;0.0;2.0;5.0;4.0;A01
51933;201400034366;0;7;0;0.0;2.0;3.0;1.0;B01
51934;201400034368;0;7;0;0.0;2.0;3.0;15.0;A01
51935;201400034368;0;7;0;0.0;2.0;3.0;1.0;B01
51936;201400034369;0;7;0;0.0;2.0;2.0;15.0;A01
51937;201400034369;0;7;0;0.0;2.0;1.0;1.0;B01
51938;201400034370;0;10;0;0.0;2.0;4.0;1.0;B01
51939;201400034370;0;10;0;0.0;2.0;1.0;1.0;A01
51940;201400034371;0;7;0;0.0;2.0;7.0;15.0;A01
51941;201400034371;0;7;0;0.0;2.0;1.0;1.0;B01
51942;201400034372;0;7;0;0.0;1.0;1.0;23.0;A01
51943;201400034373;0;33;0;0.0;2.0;1.0;1.0;B01
51944;201400034373;0;7;0;0.0;2.0;2.0;1.0;A01
51945;201400034374;0;7;0;0.0;2.0;1.0;23.0;C01
51946;201400034374;0;7;0;0.0;2.0;1.0;1.0;A01
51947;201400034374;0;7;0;0.0;2.0;8.0;1.0;B01
51948;201400034375;0;7;0;6.0;0.0;1.0;1.0;A01
51949;201400034376;0;7;0;0.0;2.0;5.0;15.0;A01
51950;201400034376;0;7;0;0.0;2.0;1.0;1.0;B01
51951;201400034378;0;7;0;0.0;2.0;2.0;15.0;A01
51952;201400034378;0;33;0;0.0;2.0;6.0;1.0;B01
51953;201400034379;0;7;0;0.0;2.0;1.0;2.0;A01
51954;201400034379;0;3;0;0.0;2.0;4.0;2.0;B01
51955;201400034379;0;7;0;0.0;2.0;4.0;2.0;C01
51956;201400034380;0;7;0;0.0;1.0;3.0;1.0;A01
51957;201400034381;0;7;0;0.0;2.0;1.0;1.0;B01
51958;201400034381;0;10;0;0.0;2.0;8.0;10.0;A01
51959;201400034382;0;7;0;0.0;2.0;8.0;1.0;A01
51960;201400034382;0;7;0;0.0;2.0;1.0;1.0;B01
51961;201400034383;0;7;0;0.0;2.0;7.0;15.0;A01
51962;201400034383;0;7;0;0.0;2.0;1.0;1.0;B01
51963;201400034384;0;7;0;0.0;1.0;2.0;1.0;A01
51964;201400034385;0;2;0;0.0;0.0;3.0;1.0;A01
51965;201400034386;0;1;0;0.0;2.0;1.0;19.0;B01
51966;201400034386;0;7;0;0.0;9.0;1.0;1.0;A01
51967;201400034387;0;7;0;8.0;2.0;1.0;1.0;B01
51968;201400034387;0;7;0;8.0;2.0;1.0;15.0;A01
51969;201400034388;0;2;0;0.0;0.0;8.0;1.0;A01
51970;201400034389;0;10;0;0.0;2.0;1.0;1.0;B01
51971;201400034389;0;30;0;0.0;2.0;8.0;19.0;A01
51972;201400034390;0;7;0;0.0;1.0;0.0;1.0;A01
51973;201400034391;0;7;0;0.0;2.0;2.0;1.0;B01
51974;201400034391;0;7;0;0.0;2.0;3.0;9.0;A01
51975;201400034393;0;7;0;15.0;2.0;3.0;1.0;B01
51976;201400034393;0;7;0;0.0;2.0;1.0;13.0;A01
51977;201400034394;0;7;0;12.0;0.0;2.0;7.0;A01
51978;201400034395;0;7;0;0.0;2.0;2.0;1.0;B01
51979;201400034395;0;7;0;0.0;2.0;2.0;15.0;A01
51980;201400034396;2;7;0;0.0;2.0;1.0;1.0;Z01
51981;201400034396;0;7;0;0.0;2.0;3.0;1.0;B01
51982;201400034397;0;37;1;12.0;2.0;3.0;21.0;C01
51983;201400034397;2;7;0;12.0;2.0;6.0;8.0;A01
51984;201400034397;0;7;0;12.0;2.0;1.0;2.0;B01
51985;201400034398;0;40;10;0.0;2.0;2.0;1.0;B01
51986;201400034398;0;7;0;0.0;4.0;3.0;15.0;A01
51987;201400034399;0;7;0;0.0;2.0;1.0;13.0;A01
51988;201400034399;0;7;0;0.0;2.0;1.0;1.0;B01
51989;201400034400;0;7;0;0.0;2.0;4.0;2.0;B01
51990;201400034400;0;2;0;0.0;2.0;1.0;2.0;A01
51991;201400034401;0;7;0;0.0;2.0;2.0;1.0;A01
51992;201400034401;0;7;0;0.0;2.0;3.0;1.0;B01
51993;201400034402;0;7;0;1.0;0.0;2.0;1.0;A01
51994;201400034403;0;7;0;0.0;2.0;7.0;15.0;A01
51995;201400034403;0;7;0;0.0;2.0;1.0;1.0;B01
51996;201400034404;0;7;0;0.0;1.0;1.0;1.0;A01
51997;201400034405;0;7;0;0.0;2.0;1.0;1.0;B01
51998;201400034405;0;7;0;0.0;2.0;1.0;13.0;A01
51999;201400034406;0;7;0;0.0;2.0;1.0;1.0;A01
52000;201400034406;0;7;0;0.0;2.0;5.0;1.0;B01
52001;201400034407;0;7;0;0.0;1.0;1.0;1.0;A01
52002;201400034408;0;7;0;0.0;2.0;3.0;1.0;B01
52003;201400034408;0;30;0;0.0;2.0;3.0;1.0;A01
52004;201400034409;0;17;0;0.0;2.0;1.0;2.0;A01
52005;201400034409;0;17;0;0.0;2.0;4.0;2.0;C01