;Num_Acc;senc;catv;occutc;obs;obsm;choc;manv;num_veh
52006;201400034409;0;17;0;0.0;2.0;1.0;2.0;B01
52007;201400034410;0;7;0;0.0;2.0;3.0;2.0;A01
52008;201400034410;0;7;0;0.0;0.0;5.0;15.0;B01
52009;201400034411;0;7;0;0.0;2.0;2.0;0.0;A01
52010;201400034411;0;7;0;15.0;2.0;2.0;1.0;B01
52011;201400034412;0;7;0;3.0;0.0;1.0;6.0;A01
52012;201400034413;0;7;0;0.0;2.0;3.0;11.0;A01
52013;201400034413;0;30;0;0.0;2.0;1.0;1.0;B01
52014;201400034414;0;7;0;0.0;2.0;1.0;13.0;A01
52015;201400034414;0;7;0;0.0;2.0;2.0;21.0;B01
52016;201400034415;0;7;0;0.0;2.0;2.0;9.0;A01
52017;201400034415;0;33;0;0.0;2.0;7.0;21.0;B01
52018;201400034416;0;7;0;0.0;1.0;3.0;15.0;A01
52019;201400034417;0;7;0;0.0;1.0;3.0;1.0;A01
52020;201400034418;0;30;0;0.0;2.0;7.0;9.0;B01
52021;201400034418;0;7;0;0.0;2.0;1.0;9.0;A01
52022;201400034419;0;1;0;0.0;2.0;7.0;15.0;B01
52023;201400034419;0;7;0;0.0;2.0;1.0;9.0;A01
52024;201400034420;0;7;0;0.0;1.0;1.0;15.0;A01
52025;201400034421;0;7;0;0.0;2.0;4.0;2.0;B01
52026;201400034421;0;7;0;0.0;2.0;4.0;2.0;D01
52027;201400034421;0;10;0;0.0;2.0;1.0;2.0;A01
52028;201400034421;0;7;0;0.0;2.0;4.0;2.0;C01
52029;201400034422;0;7;0;0.0;2.0;1.0;2.0;A01
52030;201400034422;0;7;0;0.0;0.0;4.0;1.0;B01
52031;201400034423;0;7;0;0.0;2.0;8.0;15.0;B01
52032;201400034423;0;31;0;0.0;0.0;8.0;15.0;A01
52033;201400034424;1;7;0;0.0;2.0;3.0;9.0;Z01
52034;201400034424;0;2;0;0.0;2.0;7.0;1.0;B01
52035;201400034426;0;33;0;0.0;2.0;8.0;1.0;B01
52036;201400034426;0;7;0;0.0;2.0;1.0;20.0;A01
52037;201400034428;0;7;0;0.0;1.0;1.0;1.0;A01
52038;201400034429;0;7;0;0.0;2.0;3.0;1.0;B01
52039;201400034429;0;2;0;0.0;2.0;8.0;9.0;A01
52040;201400034430;0;33;0;0.0;2.0;1.0;9.0;A01
52041;201400034430;0;7;0;0.0;0.0;6.0;2.0;B01
52042;201400034431;0;7;0;0.0;2.0;8.0;9.0;A01
52043;201400034431;0;31;0;0.0;2.0;1.0;1.0;B01
52044;201400034432;0;7;0;0.0;1.0;7.0;1.0;A01
52045;201400034433;0;7;0;0.0;2.0;8.0;9.0;A01
52046;201400034433;0;7;0;0.0;2.0;1.0;1.0;B01
52047;201400034434;0;7;0;0.0;2.0;1.0;5.0;A01
52048;201400034434;0;7;0;0.0;2.0;1.0;1.0;B01
52049;201400034435;0;7;0;0.0;2.0;1.0;17.0;A01
52050;201400034435;0;2;0;0.0;2.0;1.0;1.0;B01
52051;201400034436;0;1;0;0.0;2.0;1.0;1.0;A01
52052;201400034436;1;1;0;0.0;2.0;0.0;1.0;B01
52053;201400034438;0;38;25;0.0;1.0;5.0;7.0;A01
52054;201400034439;0;7;0;0.0;1.0;2.0;1.0;A01
52055;201400034441;0;30;0;0.0;2.0;1.0;18.0;A01
52056;201400034441;0;7;0;0.0;2.0;2.0;14.0;B01
52057;201400034442;0;7;0;0.0;1.0;7.0;1.0;A01
52058;201400034443;0;7;0;0.0;2.0;2.0;15.0;A01
52059;201400034443;0;7;0;0.0;2.0;1.0;1.0;B01
52060;201400034444;0;7;0;0.0;2.0;3.0;15.0;A01
52061;201400034444;0;33;0;0.0;2.0;1.0;1.0;B01
52062;201400034445;0;7;0;0.0;2.0;1.0;5.0;A01
52063;201400034445;0;7;0;0.0;2.0;1.0;1.0;B01
52064;201400034446;0;30;0;0.0;2.0;1.0;19.0;A01
52065;201400034446;0;7;0;0.0;2.0;1.0;2.0;B01
52066;201400034447;0;17;0;0.0;1.0;1.0;1.0;A01
52067;201400034448;0;34;0;0.0;2.0;1.0;1.0;B01
52068;201400034448;0;7;0;0.0;2.0;8.0;15.0;A01
52069;201400034450;0;7;0;0.0;2.0;8.0;15.0;A01
52070;201400034450;0;7;0;0.0;2.0;1.0;1.0;B01
52071;201400034451;0;33;0;0.0;1.0;8.0;1.0;A01
52072;201400034452;0;1;0;0.0;2.0;7.0;1.0;B01
52073;201400034452;0;7;0;0.0;2.0;3.0;9.0;A01
52074;201400034453;0;7;0;0.0;1.0;1.0;1.0;A01
52075;201400034454;0;7;0;0.0;2.0;1.0;15.0;A01
52076;201400034454;0;1;0;0.0;2.0;8.0;1.0;B01
52077;201400034455;0;2;0;0.0;2.0;1.0;13.0;A01
52078;201400034455;0;10;0;0.0;2.0;1.0;1.0;B01
52079;201400034457;0;7;0;0.0;2.0;1.0;1.0;A01
52080;201400034457;0;7;0;0.0;2.0;8.0;1.0;B01
52081;201400034457;0;7;0;0.0;2.0;3.0;1.0;C01
52082;201400034457;0;2;0;0.0;2.0;1.0;1.0;D01
52083;201400034458;0;7;0;0.0;2.0;1.0;2.0;A01
52084;201400034458;0;7;0;0.0;2.0;4.0;1.0;B01
52085;201400034458;0;7;0;0.0;2.0;4.0;1.0;C01
52086;201400034459;0;10;0;0.0;2.0;1.0;1.0;A01
52087;201400034459;0;7;0;0.0;2.0;8.0;1.0;B01
52088;201400034460;0;7;0;0.0;1.0;3.0;1.0;A01
52089;201400034461;0;7;0;0.0;2.0;3.0;21.0;A01
52090;201400034461;0;2;0;0.0;2.0;1.0;1.0;B01
52091;201400034461;0;7;0;0.0;2.0;3.0;23.0;C01
52092;201400034462;1;15;0;0.0;1.0;2.0;1.0;Z01
52093;201400034463;0;7;0;0.0;2.0;7.0;16.0;A01
52094;201400034463;0;1;0;0.0;2.0;1.0;1.0;B01
52095;201400034464;0;2;0;0.0;1.0;1.0;2.0;A01
52096;201400034465;0;99;0;0.0;1.0;1.0;15.0;A01
52097;201400034466;0;7;0;0.0;1.0;1.0;1.0;A01
52098;201400034467;0;31;0;0.0;2.0;1.0;5.0;A01
52099;201400034467;0;7;0;0.0;2.0;1.0;0.0;B01
52100;201400034469;0;1;0;0.0;0.0;1.0;1.0;A01
52101;201400034469;0;7;0;0.0;9.0;8.0;1.0;B01
52102;201400034470;0;7;0;0.0;2.0;1.0;2.0;A01
52103;201400034470;0;7;0;0.0;2.0;4.0;1.0;B01
52104;201400034472;0;7;0;1.0;0.0;1.0;14.0;A01
52105;201400034473;0;7;0;0.0;2.0;1.0;1.0;A01
52106;201400034473;1;7;0;0.0;2.0;8.0;10.0;B01
52107;201400034474;0;7;0;0.0;2.0;1.0;2.0;A01
52108;201400034474;0;7;0;0.0;0.0;4.0;1.0;B01
52109;201400034475;0;33;0;0.0;2.0;7.0;1.0;A01
52110;201400034475;0;7;0;0.0;2.0;8.0;9.0;B01
52111;201400034475;0;7;0;0.0;2.0;6.0;1.0;C01
52112;201400034476;0;2;0;0.0;1.0;1.0;21.0;A01
52113;201400034477;0;31;0;0.0;2.0;7.0;17.0;A01
52114;201400034477;0;7;0;0.0;2.0;3.0;15.0;B01
52115;201400034478;0;7;0;0.0;1.0;1.0;1.0;A01
52116;201400034479;0;7;0;0.0;2.0;2.0;15.0;A01
52117;201400034479;0;31;0;0.0;2.0;1.0;1.0;B01
52118;201400034480;1;7;0;0.0;1.0;1.0;0.0;Z01
52119;201400034481;0;7;0;0.0;1.0;2.0;1.0;A01
52120;201400034482;0;7;0;8.0;1.0;9.0;1.0;B01
52121;201400034482;0;7;0;0.0;2.0;1.0;1.0;A01
52122;201400034483;0;7;0;0.0;2.0;7.0;10.0;A01
52123;201400034483;0;2;0;0.0;2.0;1.0;1.0;B01
52124;201400034484;0;7;0;0.0;2.0;1.0;13.0;A01
52125;201400034484;0;7;0;0.0;2.0;2.0;1.0;B01
52126;201400034485;0;7;0;0.0;1.0;1.0;1.0;A01
52127;201400034486;0;7;0;0.0;2.0;3.0;15.0;A01
52128;201400034486;0;31;0;0.0;2.0;1.0;1.0;B01
52129;201400034487;0;7;0;15.0;0.0;1.0;1.0;A01
52130;201400034488;0;33;0;13.0;0.0;1.0;13.0;A01
52131;201400034489;0;7;0;0.0;2.0;8.0;15.0;A01
52132;201400034489;0;33;0;0.0;2.0;7.0;15.0;B01
52133;201400034490;0;33;0;0.0;2.0;1.0;1.0;A01
52134;201400034491;0;7;0;14.0;0.0;1.0;1.0;A01
52135;201400034491;0;7;0;0.0;0.0;4.0;23.0;B01
52136;201400034492;0;7;0;0.0;2.0;2.0;15.0;A01
52137;201400034492;0;7;0;0.0;2.0;3.0;1.0;B01
52138;201400034493;0;7;0;0.0;2.0;1.0;1.0;A01
52139;201400034493;0;7;0;0.0;0.0;1.0;1.0;C01
52140;201400034493;0;7;0;0.0;0.0;1.0;1.0;D01
52141;201400034493;0;7;0;0.0;0.0;3.0;15.0;B01
52142;201400034494;0;33;0;0.0;2.0;1.0;1.0;B01
52143;201400034494;0;7;0;0.0;2.0;3.0;9.0;A01
52144;201400034495;0;7;0;0.0;2.0;3.0;9.0;A01
52145;201400034495;0;30;0;0.0;2.0;1.0;1.0;B01
52146;201400034496;0;7;0;0.0;9.0;2.0;1.0;A01
52147;201400034497;0;7;0;0.0;2.0;3.0;9.0;A01
52148;201400034497;0;30;0;0.0;2.0;1.0;1.0;B01
52149;201400034499;0;7;0;9.0;0.0;1.0;1.0;A01
52150;201400034500;0;7;0;8.0;0.0;1.0;14.0;A01
52151;201400034501;0;7;0;9.0;0.0;2.0;15.0;A01
52152;201400034502;0;2;0;0.0;2.0;1.0;5.0;A01
52153;201400034502;0;7;0;0.0;0.0;2.0;1.0;B01
52154;201400034503;0;7;0;0.0;0.0;8.0;9.0;A01
52155;201400034503;0;7;0;0.0;2.0;1.0;1.0;B01
52156;201400034504;0;7;0;0.0;2.0;1.0;9.0;A01
52157;201400034504;0;1;0;0.0;2.0;7.0;1.0;B01
52158;201400034505;0;7;0;6.0;0.0;1.0;1.0;A01
52159;201400034506;0;7;0;0.0;1.0;8.0;13.0;A01
52160;201400034507;0;7;0;1.0;0.0;2.0;14.0;A01
52161;201400034508;0;13;0;0.0;1.0;3.0;9.0;A01
52162;201400034509;0;7;0;0.0;2.0;1.0;1.0;A01
52163;201400034509;0;7;0;0.0;2.0;2.0;15.0;B01
52164;201400034510;0;7;0;0.0;0.0;8.0;10.0;A01
52165;201400034510;0;30;0;0.0;2.0;1.0;1.0;B01
52166;201400034511;0;7;0;0.0;2.0;1.0;13.0;A01
52167;201400034511;0;7;0;0.0;2.0;1.0;1.0;B01
52168;201400034511;0;7;0;0.0;2.0;1.0;1.0;C01
52169;201400034512;0;7;0;0.0;2.0;2.0;15.0;A01
52170;201400034512;0;33;0;0.0;2.0;1.0;1.0;B01
52171;201400034513;0;7;0;0.0;2.0;7.0;15.0;A01
52172;201400034513;0;2;0;0.0;2.0;1.0;1.0;B01
52173;201400034516;0;7;0;0.0;2.0;1.0;5.0;A01
52174;201400034516;0;7;0;0.0;2.0;1.0;1.0;B01
52175;201400034517;0;7;0;0.0;1.0;2.0;1.0;A01
52176;201400034517;0;7;0;0.0;1.0;6.0;23.0;B01
52177;201400034518;0;7;0;0.0;1.0;0.0;1.0;A01
52178;201400034519;0;7;0;0.0;2.0;1.0;19.0;A01
52179;201400034519;0;7;0;0.0;2.0;1.0;1.0;B01
52180;201400034520;0;7;0;1.0;0.0;7.0;1.0;A01
52181;201400034521;0;7;0;0.0;1.0;0.0;1.0;A01
52182;201400034522;0;7;0;0.0;1.0;3.0;1.0;A01
52183;201400034523;0;7;0;0.0;1.0;2.0;1.0;A01
52184;201400034524;0;7;0;0.0;2.0;2.0;1.0;B01
52185;201400034524;0;7;0;0.0;2.0;1.0;1.0;A01
52186;201400034525;0;7;0;0.0;0.0;0.0;15.0;A01
52187;201400034525;0;33;0;0.0;0.0;0.0;21.0;B01
52188;201400034526;0;33;0;0.0;2.0;1.0;13.0;A01
52189;201400034526;0;15;0;0.0;2.0;3.0;1.0;B01
52190;201400034527;0;7;0;0.0;0.0;4.0;2.0;B01
52191;201400034527;0;7;0;0.0;2.0;1.0;2.0;A01
52192;201400034528;0;40;30;0.0;1.0;2.0;1.0;A01
52193;201400034529;0;7;0;0.0;0.0;8.0;15.0;B01
52194;201400034529;0;33;0;0.0;2.0;1.0;17.0;A01
52195;201400034531;0;7;0;0.0;0.0;8.0;1.0;B01
52196;201400034531;0;1;0;0.0;2.0;1.0;1.0;A01
52197;201400034532;0;33;0;0.0;2.0;1.0;17.0;A01
52198;201400034532;0;7;0;0.0;0.0;4.0;15.0;B01
52199;201400034533;0;31;0;0.0;2.0;1.0;1.0;B01
52200;201400034533;0;7;0;0.0;0.0;5.0;15.0;A01
52201;201400034534;0;7;0;8.0;2.0;7.0;12.0;A01
52202;201400034534;0;7;0;0.0;0.0;3.0;1.0;B01
52203;201400034535;0;7;0;0.0;1.0;1.0;1.0;A01
52204;201400034536;0;7;0;0.0;2.0;1.0;1.0;A01
52205;201400034536;0;2;0;0.0;0.0;4.0;1.0;B01
52206;201400034538;1;7;0;0.0;2.0;1.0;1.0;Z01
52207;201400034538;0;2;0;0.0;0.0;7.0;1.0;A01
52208;201400034539;0;33;0;0.0;0.0;1.0;1.0;C01
52209;201400034539;0;10;0;0.0;0.0;7.0;15.0;A01
52210;201400034539;0;33;0;0.0;2.0;0.0;1.0;B01
52211;201400034540;0;31;0;6.0;0.0;1.0;1.0;A01
52212;201400034541;0;7;0;0.0;2.0;5.0;11.0;A01
52213;201400034541;0;33;0;0.0;2.0;1.0;1.0;B01
52214;201400034542;1;7;0;0.0;1.0;0.0;0.0;Z01
52215;201400034543;0;33;0;0.0;2.0;1.0;1.0;B01
52216;201400034543;0;37;1;0.0;2.0;2.0;16.0;A01
52217;201400034544;0;7;0;0.0;1.0;1.0;1.0;A01
52218;201400034545;0;7;0;0.0;2.0;2.0;1.0;A01
52219;201400034545;0;7;0;0.0;2.0;3.0;15.0;B01
52220;201400034546;0;1;0;1.0;0.0;1.0;1.0;B01
52221;201400034546;0;7;0;0.0;2.0;4.0;23.0;A01
52222;201400034548;0;7;0;15.0;0.0;3.0;17.0;A01
52223;201400034549;0;33;0;16.0;0.0;8.0;1.0;A01
52224;201400034550;0;7;0;0.0;2.0;2.0;16.0;A01
52225;201400034550;0;30;0;0.0;2.0;1.0;18.0;B01
52226;201400034551;0;7;0;0.0;1.0;1.0;1.0;B01
52227;201400034552;0;7;0;0.0;0.0;7.0;16.0;B01
52228;201400034552;0;30;0;0.0;2.0;1.0;18.0;A01
52229;201400034554;0;7;0;0.0;0.0;4.0;2.0;B01
52230;201400034554;0;7;0;0.0;2.0;1.0;2.0;A01
52231;201400034557;0;7;0;2.0;0.0;1.0;1.0;A01
52232;201400034558;1;7;0;0.0;9.0;1.0;1.0;A01
52233;201400034558;0;1;0;0.0;0.0;4.0;1.0;B01
52234;201400034559;0;7;0;0.0;1.0;2.0;1.0;A01
52235;201400034560;0;33;0;0.0;2.0;7.0;17.0;B01
52236;201400034560;0;7;0;0.0;2.0;8.0;15.0;A01
52237;201400034561;0;7;0;16.0;2.0;3.0;13.0;A01
52238;201400034561;0;7;0;0.0;2.0;3.0;1.0;B01
52239;201400034562;0;7;0;0.0;1.0;2.0;1.0;A01
52240;201400034563;0;33;0;0.0;2.0;8.0;1.0;B01
52241;201400034563;0;7;0;0.0;2.0;1.0;16.0;A01
52242;201400034564;0;7;0;0.0;1.0;1.0;15.0;A01
52243;201400034565;0;33;0;0.0;2.0;1.0;1.0;A01
52244;201400034565;0;7;0;0.0;2.0;5.0;1.0;B01
52245;201400034566;0;7;0;0.0;1.0;1.0;1.0;A01
52246;201400034567;0;7;0;0.0;2.0;2.0;15.0;A01
52247;201400034567;0;1;0;0.0;2.0;1.0;1.0;B01
52248;201400034568;0;7;0;0.0;2.0;7.0;19.0;A01
52249;201400034568;0;33;0;0.0;2.0;1.0;1.0;B01
52250;201400034569;0;30;0;0.0;2.0;2.0;1.0;A01
52251;201400034569;0;7;0;0.0;2.0;1.0;1.0;B01
52252;201400034570;0;7;0;0.0;2.0;1.0;5.0;A01
52253;201400034570;0;7;0;0.0;2.0;1.0;1.0;B01
52254;201400034571;0;7;0;0.0;2.0;2.0;15.0;A01
52255;201400034571;0;33;0;0.0;2.0;1.0;1.0;B01
52256;201400034572;0;7;0;0.0;1.0;1.0;1.0;A01
52257;201400034573;0;7;0;0.0;2.0;1.0;2.0;A01
52258;201400034573;0;7;0;0.0;2.0;4.0;21.0;B01
52259;201400034573;0;7;0;0.0;0.0;4.0;1.0;C01
52260;201400034574;0;7;0;0.0;2.0;3.0;10.0;A01
52261;201400034574;0;2;0;0.0;2.0;2.0;1.0;B01
52262;201400034575;0;7;0;0.0;1.0;1.0;1.0;A01
52263;201400034576;0;7;0;1.0;1.0;4.0;1.0;A01
52264;201400034577;0;1;0;0.0;2.0;4.0;1.0;A01
52265;201400034577;1;7;0;0.0;2.0;1.0;9.0;B01
52266;201400034578;0;7;0;0.0;1.0;2.0;1.0;A01
52267;201400034579;0;7;0;0.0;1.0;3.0;1.0;A01
52268;201400034580;0;7;0;0.0;2.0;4.0;2.0;B01
52269;201400034580;0;7;0;0.0;2.0;1.0;2.0;A01
52270;201400034581;0;7;0;0.0;1.0;2.0;1.0;A01
52271;201400034582;0;7;0;0.0;1.0;1.0;1.0;A01
52272;201400034583;0;7;0;0.0;2.0;8.0;9.0;A01
52273;201400034583;0;10;0;0.0;2.0;1.0;1.0;B01
52274;201400034584;0;7;0;0.0;1.0;5.0;4.0;A01
52275;201400034585;0;7;0;0.0;1.0;7.0;1.0;A01
52276;201400034586;0;7;0;0.0;9.0;2.0;1.0;A01
52277;201400034586;0;1;0;0.0;2.0;1.0;1.0;B01
52278;201400034587;1;7;0;0.0;1.0;0.0;1.0;A01
52279;201400034588;0;31;0;0.0;2.0;1.0;1.0;B01
52280;201400034588;0;7;0;0.0;2.0;1.0;1.0;A01
52281;201400034589;0;7;0;3.0;0.0;1.0;0.0;A01
52282;201400034589;0;13;0;0.0;2.0;1.0;1.0;B01
52283;201400034591;0;7;0;0.0;2.0;1.0;1.0;A01
52284;201400034591;0;2;0;0.0;2.0;1.0;1.0;B01
52285;201400034592;0;33;0;0.0;0.0;1.0;1.0;A01
52286;201400034593;0;7;0;0.0;2.0;7.0;22.0;A01
52287;201400034593;0;1;0;1.0;0.0;1.0;1.0;B01
52288;201400034594;0;7;0;0.0;2.0;1.0;9.0;A01
52289;201400034594;0;1;0;0.0;2.0;0.0;1.0;B01
52290;201400034595;0;7;0;0.0;2.0;7.0;15.0;A01
52291;201400034595;0;30;0;0.0;2.0;1.0;1.0;B01
52292;201400034596;0;7;0;0.0;1.0;2.0;1.0;A01
52293;201400034597;0;7;0;0.0;2.0;3.0;9.0;A01
52294;201400034597;0;2;0;0.0;0.0;1.0;1.0;B01
52295;201400034598;0;7;0;0.0;1.0;3.0;1.0;A01
52296;201400034599;0;7;0;0.0;1.0;2.0;1.0;A01
52297;201400034600;0;7;0;0.0;2.0;8.0;13.0;A01
52298;201400034600;0;7;0;0.0;0.0;2.0;1.0;B01
52299;201400034601;0;10;0;0.0;1.0;4.0;4.0;A01
52300;201400034603;0;7;0;0.0;1.0;3.0;1.0;A01
52301;201400034604;0;7;0;0.0;2.0;1.0;5.0;A01
52302;201400034604;0;10;0;0.0;2.0;1.0;1.0;B01
52303;201400034605;0;7;0;0.0;2.0;2.0;19.0;A01
52304;201400034605;0;33;0;0.0;2.0;1.0;1.0;B01
52305;201400034607;1;31;0;0.0;1.0;1.0;0.0;Z01
52306;201400034608;0;7;0;0.0;1.0;1.0;15.0;A01
52307;201400034609;0;32;0;0.0;2.0;1.0;1.0;B01
52308;201400034609;0;7;0;0.0;2.0;1.0;20.0;A01
52309;201400034610;0;7;0;0.0;1.0;1.0;1.0;A01
52310;201400034611;0;7;0;0.0;2.0;1.0;1.0;A01
52311;201400034611;0;1;0;0.0;2.0;4.0;1.0;B01
52312;201400034612;0;7;0;0.0;1.0;1.0;1.0;A01
52313;201400034613;0;7;0;0.0;2.0;8.0;1.0;B01
52314;201400034613;0;7;0;10.0;2.0;2.0;17.0;A01
52315;201400034613;0;7;0;0.0;2.0;1.0;1.0;C01
52316;201400034614;0;14;0;0.0;2.0;0.0;1.0;A01
52317;201400034614;0;33;0;0.0;2.0;0.0;15.0;B01
52318;201400034615;0;7;0;0.0;1.0;2.0;1.0;A01
52319;201400034616;0;33;0;0.0;2.0;1.0;15.0;B01
52320;201400034616;0;7;0;0.0;2.0;3.0;1.0;A01
52321;201400034617;0;2;0;0.0;2.0;1.0;1.0;B01
52322;201400034617;0;7;0;0.0;2.0;8.0;9.0;A01
52323;201400034619;0;30;0;14.0;0.0;4.0;17.0;A01
52324;201400034620;0;7;0;0.0;1.0;8.0;1.0;A01
52325;201400034621;0;7;0;0.0;2.0;1.0;1.0;A01
52326;201400034621;0;1;0;0.0;2.0;7.0;19.0;B01
52327;201400034622;0;10;0;0.0;1.0;1.0;0.0;A01
52328;201400034623;0;7;0;12.0;2.0;1.0;13.0;A01
52329;201400034623;0;1;0;0.0;2.0;1.0;1.0;B01
52330;201400034624;1;7;0;0.0;1.0;3.0;15.0;Z01
52331;201400034625;0;1;0;0.0;2.0;6.0;9.0;A01
52332;201400034625;0;34;0;0.0;2.0;2.0;2.0;B01
52333;201400034626;0;7;0;0.0;1.0;2.0;15.0;A01
52334;201400034627;0;7;0;0.0;2.0;8.0;9.0;A01
52335;201400034627;0;31;0;0.0;2.0;7.0;1.0;B01
52336;201400034628;0;33;0;2.0;0.0;2.0;0.0;A01
52337;201400034629;0;38;1;0.0;0.0;6.0;24.0;A01
52338;201400034629;0;33;0;1.0;0.0;1.0;1.0;B01
52339;201400034630;0;34;0;11.0;0.0;1.0;17.0;A01
52340;201400034631;0;33;0;0.0;2.0;1.0;5.0;A01
52341;201400034631;0;7;0;0.0;2.0;2.0;9.0;B01
52342;201400034632;0;7;0;0.0;1.0;2.0;17.0;A01
52343;201400034635;0;33;0;0.0;2.0;1.0;17.0;A01
52344;201400034635;1;7;0;0.0;2.0;8.0;15.0;B01
52345;201400034636;0;7;0;0.0;2.0;8.0;10.0;A01
52346;201400034636;0;7;0;0.0;2.0;1.0;2.0;B01
52347;201400034637;0;33;0;0.0;1.0;3.0;17.0;A01
52348;201400034639;0;7;0;0.0;1.0;1.0;2.0;A01
52349;201400034640;0;1;0;0.0;2.0;7.0;17.0;B01
52350;201400034640;0;7;0;0.0;2.0;3.0;17.0;A01
52351;201400034641;0;7;0;6.0;0.0;3.0;1.0;A01
52352;201400034643;0;33;0;0.0;2.0;8.0;2.0;A01
52353;201400034643;0;10;0;0.0;2.0;3.0;9.0;B01
52354;201400034644;0;7;0;0.0;1.0;8.0;15.0;A01
52355;201400034645;0;32;0;0.0;2.0;1.0;2.0;A01
52356;201400034645;0;7;0;0.0;2.0;3.0;2.0;C01
52357;201400034645;0;32;0;0.0;0.0;4.0;2.0;B01
52358;201400034646;0;7;0;0.0;1.0;7.0;2.0;A01
52359;201400034647;0;30;0;12.0;0.0;0.0;1.0;A01
52360;201400034648;0;7;0;0.0;2.0;3.0;15.0;A01
52361;201400034648;0;33;0;0.0;2.0;1.0;1.0;B01
52362;201400034651;0;30;0;0.0;2.0;1.0;17.0;A01
52363;201400034651;0;7;0;0.0;2.0;3.0;9.0;B01
52364;201400034652;0;7;0;0.0;1.0;3.0;15.0;A01
52365;201400034653;0;7;0;0.0;9.0;5.0;15.0;A01
52366;201400034653;0;1;0;0.0;0.0;2.0;1.0;B01
52367;201400034654;0;7;0;0.0;1.0;2.0;1.0;A01
52368;201400034655;0;7;0;0.0;2.0;2.0;1.0;B01
52369;201400034655;0;7;0;1.0;2.0;1.0;6.0;A01
52370;201400034656;0;7;0;0.0;2.0;8.0;15.0;A01
52371;201400034656;0;33;0;0.0;2.0;1.0;17.0;B01
52372;201400034657;0;7;0;15.0;0.0;0.0;0.0;A01
52373;201400034658;0;7;0;0.0;1.0;2.0;1.0;A01
52374;201400034659;0;7;0;0.0;1.0;2.0;1.0;A01
52375;201400034660;0;7;0;0.0;2.0;3.0;5.0;A01
52376;201400034660;0;7;0;0.0;2.0;8.0;1.0;B01
52377;201400034661;0;30;0;0.0;0.0;0.0;1.0;A01
52378;201400034662;0;7;0;0.0;1.0;3.0;1.0;A01
52379;201400034663;0;33;0;0.0;2.0;1.0;1.0;B01
52380;201400034663;0;1;0;0.0;2.0;4.0;1.0;C01
52381;201400034663;0;1;0;0.0;2.0;1.0;11.0;A01
52382;201400034665;0;7;0;0.0;2.0;3.0;1.0;B01
52383;201400034665;0;7;0;0.0;2.0;3.0;15.0;A01
52384;201400034666;0;7;0;0.0;2.0;7.0;16.0;A01
52385;201400034666;0;2;0;0.0;2.0;8.0;1.0;B01
52386;201400034667;0;7;0;0.0;2.0;2.0;16.0;B01
52387;201400034667;0;2;0;0.0;2.0;8.0;18.0;A01
52388;201400034668;0;7;0;0.0;9.0;3.0;1.0;A01
52389;201400034668;0;1;0;0.0;0.0;1.0;11.0;B01
52390;201400034669;0;7;0;9.0;0.0;3.0;13.0;A01
52391;201400034669;0;7;0;0.0;2.0;3.0;1.0;B01
52392;201400034671;0;17;0;15.0;0.0;7.0;1.0;A01
52393;201400034672;0;7;0;0.0;0.0;5.0;15.0;A01
52394;201400034672;0;33;0;0.0;2.0;1.0;1.0;B01
52395;201400034673;0;32;0;0.0;2.0;1.0;1.0;A01
52396;201400034673;0;7;0;0.0;2.0;8.0;15.0;B01
52397;201400034674;0;7;0;0.0;0.0;1.0;2.0;A01
52398;201400034674;0;7;0;0.0;0.0;4.0;2.0;B01
52399;201400034675;0;7;0;0.0;1.0;2.0;1.0;A01
52400;201400034676;0;7;0;0.0;2.0;4.0;15.0;B01
52401;201400034676;0;33;0;0.0;2.0;1.0;1.0;A01
52402;201400034677;0;7;0;0.0;0.0;0.0;1.0;A01
52403;201400034678;0;7;0;0.0;1.0;0.0;1.0;A01
52404;201400034679;0;7;0;0.0;2.0;1.0;13.0;A01
52405;201400034679;0;7;0;0.0;2.0;0.0;1.0;B01
52406;201400034679;0;7;0;0.0;2.0;3.0;1.0;C01
52407;201400034680;0;31;0;0.0;2.0;1.0;1.0;B01
52408;201400034680;0;7;0;0.0;2.0;7.0;15.0;A01
52409;201400034681;0;1;0;0.0;2.0;0.0;19.0;B01
52410;201400034681;0;7;0;0.0;2.0;3.0;2.0;A01
52411;201400034682;0;7;0;0.0;2.0;2.0;15.0;B01
52412;201400034682;0;2;0;0.0;2.0;6.0;1.0;A01
52413;201400034683;0;7;0;0.0;2.0;1.0;13.0;A01
52414;201400034683;0;7;0;0.0;2.0;1.0;1.0;B01
52415;201400034684;0;7;0;13.0;2.0;1.0;2.0;A01
52416;201400034685;0;7;0;0.0;2.0;3.0;15.0;A01
52417;201400034685;0;1;0;0.0;0.0;8.0;15.0;B01
52418;201400034686;0;7;0;0.0;1.0;3.0;1.0;A01
52419;201400034687;0;2;0;0.0;2.0;1.0;1.0;B01
52420;201400034687;0;7;0;0.0;9.0;5.0;11.0;A01
52421;201400034688;0;33;0;0.0;2.0;0.0;1.0;B01
52422;201400034688;0;7;0;0.0;2.0;3.0;9.0;A01
52423;201400034689;0;7;0;13.0;0.0;9.0;0.0;A01
52424;201400034690;0;30;0;1.0;0.0;1.0;1.0;A01
52425;201400034692;0;7;0;0.0;2.0;4.0;23.0;B01
52426;201400034692;0;7;0;0.0;2.0;1.0;2.0;A01