;Num_Acc;senc;catv;occutc;obs;obsm;choc;manv;num_veh
52427;201400034693;0;7;0;0.0;0.0;4.0;2.0;B01
52428;201400034693;0;7;0;0.0;2.0;1.0;2.0;A01
52429;201400034694;0;1;0;0.0;2.0;7.0;0.0;B01
52430;201400034694;0;7;0;0.0;2.0;8.0;9.0;A01
52431;201400034695;0;7;0;0.0;2.0;1.0;1.0;A01
52432;201400034695;0;7;0;0.0;0.0;3.0;1.0;B01
52433;201400034696;0;7;0;0.0;1.0;3.0;1.0;A01
52434;201400034697;0;7;0;0.0;1.0;1.0;15.0;A01
52435;201400034698;0;7;0;0.0;1.0;1.0;0.0;A01
52436;201400034699;0;7;0;0.0;2.0;2.0;15.0;A01
52437;201400034699;0;7;0;0.0;2.0;7.0;1.0;B01
52438;201400034700;0;7;0;0.0;1.0;1.0;1.0;A01
52439;201400034701;0;7;0;12.0;0.0;2.0;0.0;A01
52440;201400034702;0;7;0;0.0;1.0;3.0;1.0;A01
52441;201400034703;0;7;0;0.0;2.0;1.0;1.0;B01
52442;201400034703;0;7;0;0.0;2.0;8.0;19.0;A01
52443;201400034704;0;7;0;0.0;2.0;1.0;2.0;A01
52444;201400034704;0;7;0;0.0;2.0;4.0;23.0;B01
52445;201400034704;0;7;0;0.0;2.0;1.0;1.0;C01
52446;201400034705;0;7;0;15.0;0.0;9.0;0.0;A01
52447;201400034706;0;7;0;0.0;1.0;2.0;0.0;A01
52448;201400034707;0;7;0;14.0;0.0;4.0;0.0;A01
52449;201400034709;0;7;0;0.0;1.0;1.0;0.0;A01
52450;201400034710;0;7;0;0.0;2.0;4.0;2.0;C01
52451;201400034710;0;7;0;0.0;2.0;4.0;2.0;B01
52452;201400034710;0;10;0;0.0;2.0;1.0;2.0;A01
52453;201400034711;0;33;0;0.0;0.0;0.0;14.0;A01
52454;201400034712;0;7;0;0.0;2.0;2.0;15.0;B01
52455;201400034712;0;33;0;0.0;2.0;1.0;1.0;A01
52456;201400034713;0;7;0;0.0;2.0;1.0;2.0;A01
52457;201400034713;0;7;0;0.0;2.0;4.0;23.0;C01
52458;201400034713;0;7;0;0.0;0.0;4.0;23.0;D01
52459;201400034713;0;7;0;0.0;2.0;5.0;23.0;B01
52460;201400034714;0;7;0;0.0;2.0;3.0;0.0;A01
52461;201400034714;0;7;0;0.0;2.0;8.0;9.0;B01
52462;201400034715;0;33;0;0.0;2.0;1.0;17.0;B01
52463;201400034715;0;7;0;0.0;2.0;3.0;15.0;A01
52464;201400034716;0;7;0;0.0;2.0;1.0;2.0;A01
52465;201400034716;0;7;0;0.0;2.0;4.0;2.0;B01
52466;201400034717;0;7;0;0.0;2.0;1.0;13.0;A01
52467;201400034717;0;7;0;0.0;2.0;1.0;1.0;B01
52468;201400034718;0;35;0;12.0;0.0;1.0;1.0;A01
52469;201400034719;0;7;0;8.0;0.0;2.0;2.0;A01
52470;201400034720;0;7;0;0.0;0.0;9.0;14.0;A01
52471;201400034721;0;7;0;16.0;0.0;2.0;1.0;A01
52472;201400034722;0;7;0;0.0;2.0;5.0;2.0;A01
52473;201400034722;0;7;0;3.0;2.0;3.0;2.0;B01
52474;201400034723;0;7;0;0.0;2.0;0.0;0.0;B01
52475;201400034723;0;30;0;0.0;2.0;7.0;12.0;A01
52476;201400034725;0;7;0;0.0;2.0;3.0;1.0;B01
52477;201400034725;0;1;0;0.0;2.0;8.0;15.0;A01
52478;201400034726;0;30;0;0.0;1.0;1.0;1.0;A01
52479;201400034727;0;1;0;0.0;2.0;1.0;19.0;A01
52480;201400034727;0;7;0;0.0;2.0;2.0;1.0;B01
52481;201400034729;0;7;0;0.0;2.0;1.0;17.0;A01
52482;201400034729;0;7;0;0.0;0.0;8.0;15.0;B01
52483;201400034730;0;7;0;0.0;2.0;8.0;15.0;B01
52484;201400034730;0;33;0;0.0;2.0;7.0;17.0;A01
52485;201400034731;0;15;0;0.0;2.0;1.0;1.0;B01
52486;201400034731;0;7;0;0.0;2.0;8.0;19.0;A01
52487;201400034732;0;30;0;0.0;1.0;1.0;0.0;A01
52488;201400034733;0;7;0;0.0;1.0;1.0;1.0;A01
52489;201400034734;0;7;0;15.0;1.0;1.0;14.0;A01
52490;201400034735;0;1;0;0.0;2.0;2.0;15.0;A01
52491;201400034735;0;7;0;0.0;9.0;3.0;1.0;B01
52492;201400034736;0;30;0;0.0;2.0;4.0;2.0;B01
52493;201400034736;0;7;0;0.0;2.0;1.0;2.0;A01
52494;201400034737;0;7;0;8.0;0.0;1.0;1.0;A01
52495;201400034738;0;7;0;0.0;2.0;8.0;15.0;B01
52496;201400034738;0;15;0;0.0;2.0;2.0;2.0;A01
52497;201400034739;0;2;0;0.0;2.0;1.0;2.0;A01
52498;201400034739;0;7;0;0.0;0.0;4.0;2.0;B01
52499;201400034740;0;7;0;0.0;1.0;0.0;16.0;A01
52500;201400034741;0;7;0;0.0;2.0;1.0;1.0;B01
52501;201400034741;0;7;0;0.0;2.0;1.0;19.0;A01
52502;201400034742;0;7;0;0.0;1.0;2.0;1.0;A01
52503;201400034743;0;7;0;0.0;2.0;8.0;10.0;A01
52504;201400034743;0;30;0;0.0;2.0;1.0;1.0;B01
52505;201400034744;0;7;0;0.0;2.0;3.0;11.0;B01
52506;201400034744;0;2;0;0.0;2.0;2.0;1.0;A01
52507;201400034745;0;7;0;7.0;0.0;1.0;1.0;A01
52508;201400034746;0;7;0;7.0;2.0;8.0;15.0;B01
52509;201400034746;0;7;0;1.0;2.0;1.0;1.0;A01
52510;201400034747;0;7;0;0.0;2.0;3.0;1.0;B01
52511;201400034747;0;7;0;0.0;2.0;3.0;5.0;A01
52512;201400034748;0;33;0;0.0;2.0;9.0;2.0;B01
52513;201400034748;0;7;0;0.0;2.0;3.0;10.0;A01
52514;201400034749;0;33;0;0.0;2.0;1.0;1.0;B01
52515;201400034749;0;7;0;0.0;2.0;7.0;15.0;A01
52516;201400034750;0;33;0;3.0;0.0;8.0;0.0;A01
52517;201400034751;0;31;0;0.0;2.0;3.0;0.0;B01
52518;201400034751;1;7;0;0.0;0.0;0.0;10.0;A01
52519;201400034752;0;10;0;0.0;1.0;2.0;0.0;A01
52520;201400034753;0;7;0;0.0;2.0;3.0;0.0;B01
52521;201400034753;0;7;0;0.0;2.0;3.0;0.0;A01
52522;201400034754;0;7;0;0.0;0.0;0.0;0.0;B01
52523;201400034754;0;33;0;0.0;0.0;0.0;0.0;A01
52524;201400034754;0;7;0;0.0;0.0;0.0;0.0;C01
52525;201400034755;0;7;0;0.0;1.0;2.0;1.0;A01
52526;201400034756;0;7;0;0.0;2.0;1.0;1.0;A01
52527;201400034756;0;7;0;13.0;2.0;7.0;13.0;B01
52528;201400034757;0;7;0;0.0;2.0;2.0;0.0;A01
52529;201400034757;0;7;0;0.0;2.0;1.0;1.0;B01
52530;201400034758;0;7;0;0.0;1.0;2.0;1.0;A01
52531;201400034759;0;7;0;0.0;1.0;7.0;17.0;A01
52532;201400034761;0;33;0;0.0;2.0;7.0;1.0;A01
52533;201400034761;0;7;0;0.0;2.0;8.0;1.0;B01
52534;201400034762;0;31;0;0.0;2.0;1.0;0.0;A01
52535;201400034762;0;7;0;0.0;0.0;7.0;2.0;B01
52536;201400034763;0;1;0;0.0;2.0;1.0;1.0;B01
52537;201400034763;0;7;0;0.0;2.0;7.0;15.0;A01
52538;201400034764;0;7;0;1.0;2.0;2.0;17.0;A01
52539;201400034764;0;33;0;0.0;0.0;4.0;0.0;B01
52540;201400034765;0;1;0;0.0;1.0;0.0;16.0;A01
52541;201400034766;0;7;0;0.0;2.0;1.0;21.0;B01
52542;201400034766;0;14;0;0.0;2.0;2.0;19.0;A01
52543;201400034768;0;33;0;0.0;1.0;1.0;1.0;A01
52544;201400034769;2;7;0;2.0;0.0;4.0;1.0;A01
52545;201400034770;0;7;0;0.0;2.0;2.0;1.0;A01
52546;201400034770;0;7;0;0.0;2.0;3.0;15.0;B01
52547;201400034771;0;7;0;0.0;1.0;1.0;1.0;A01
52548;201400034772;0;7;0;4.0;0.0;3.0;1.0;A01
52549;201400034773;0;30;0;0.0;0.0;0.0;21.0;A01
52550;201400034774;0;7;0;7.0;0.0;1.0;1.0;A01
52551;201400034775;0;7;0;0.0;1.0;3.0;1.0;A01
52552;201400034776;0;7;0;0.0;1.0;1.0;1.0;A01
52553;201400034777;2;7;0;11.0;0.0;1.0;1.0;A01
52554;201400034778;0;1;0;0.0;2.0;6.0;9.0;A01
52555;201400034778;0;7;0;0.0;2.0;1.0;1.0;B01
52556;201400034779;0;1;0;16.0;0.0;0.0;1.0;A01
52557;201400034780;0;7;0;0.0;2.0;1.0;1.0;A01
52558;201400034780;0;7;0;0.0;2.0;5.0;1.0;B01
52559;201400034781;0;2;0;12.0;0.0;7.0;14.0;A01
52560;201400034782;0;7;0;0.0;1.0;1.0;15.0;A01
52561;201400034783;0;7;0;5.0;0.0;1.0;1.0;A01
52562;201400034784;0;7;0;0.0;2.0;1.0;15.0;A01
52563;201400034784;0;33;0;0.0;2.0;1.0;1.0;B01
52564;201400034785;0;7;0;0.0;1.0;1.0;15.0;A01
52565;201400034786;0;7;0;0.0;1.0;3.0;1.0;A01
52566;201400034787;0;7;0;0.0;1.0;1.0;1.0;A01
52567;201400034788;0;7;0;0.0;1.0;1.0;1.0;A01
52568;201400034789;2;7;0;0.0;2.0;1.0;1.0;Z01
52569;201400034789;0;10;0;0.0;2.0;3.0;1.0;B01
52570;201400034790;0;30;0;0.0;0.0;0.0;1.0;A01
52571;201400034791;0;7;0;0.0;1.0;1.0;17.0;A01
52572;201400034792;0;17;0;4.0;0.0;7.0;14.0;A01
52573;201400034793;0;10;0;0.0;2.0;6.0;1.0;B01
52574;201400034793;0;7;0;0.0;2.0;1.0;2.0;A01
52575;201400034793;0;7;0;0.0;2.0;3.0;1.0;C01
52576;201400034795;0;7;0;0.0;1.0;1.0;1.0;A01
52577;201400034796;0;10;0;0.0;1.0;7.0;1.0;A01
52578;201400034797;0;1;0;0.0;2.0;6.0;1.0;B01
52579;201400034797;1;7;0;0.0;2.0;7.0;18.0;A01
52580;201400034798;0;7;0;6.0;0.0;1.0;1.0;A01
52581;201400034799;0;7;0;0.0;1.0;7.0;1.0;A01
52582;201400034802;0;7;0;0.0;1.0;2.0;1.0;A01
52583;201400034803;0;7;0;0.0;1.0;0.0;1.0;A01
52584;201400034805;1;7;0;0.0;2.0;1.0;15.0;Z01
52585;201400034805;0;30;0;0.0;2.0;8.0;1.0;B01
52586;201400034806;0;7;0;0.0;2.0;2.0;15.0;A01
52587;201400034806;0;30;0;0.0;2.0;1.0;1.0;B01
52588;201400034807;0;7;0;0.0;2.0;8.0;10.0;A01
52589;201400034807;0;33;0;0.0;2.0;1.0;1.0;B01
52590;201400034808;0;7;0;0.0;2.0;2.0;15.0;A01
52591;201400034808;0;2;0;0.0;2.0;1.0;1.0;B01
52592;201400034809;0;7;0;0.0;2.0;1.0;2.0;A01
52593;201400034809;0;7;0;0.0;2.0;4.0;2.0;B01
52594;201400034810;0;34;0;0.0;2.0;8.0;18.0;B01
52595;201400034810;1;7;0;0.0;2.0;2.0;16.0;A01
52596;201400034811;0;7;0;0.0;2.0;1.0;1.0;B01
52597;201400034811;0;7;0;0.0;2.0;2.0;1.0;A01
52598;201400034812;0;7;0;0.0;2.0;8.0;1.0;B01
52599;201400034812;0;2;0;0.0;2.0;1.0;13.0;A01
52600;201400034813;0;33;0;0.0;2.0;1.0;2.0;A01
52601;201400034813;0;10;0;0.0;2.0;4.0;2.0;B01
52602;201400034814;0;7;0;0.0;2.0;8.0;1.0;B01
52603;201400034814;0;33;0;0.0;2.0;1.0;1.0;A01
52604;201400034815;0;7;0;0.0;2.0;2.0;17.0;A01
52605;201400034815;0;10;0;0.0;2.0;8.0;15.0;B01
52606;201400034816;0;7;0;0.0;2.0;7.0;1.0;B01
52607;201400034816;0;1;0;0.0;2.0;8.0;11.0;A01
52608;201400034817;0;7;0;0.0;1.0;1.0;1.0;A01
52609;201400034818;0;7;0;0.0;2.0;8.0;1.0;B01
52610;201400034818;0;7;0;0.0;2.0;3.0;1.0;A01
52611;201400034819;1;99;0;1.0;0.0;1.0;1.0;Z01
52612;201400034820;0;7;0;0.0;2.0;3.0;1.0;B01
52613;201400034820;0;30;0;0.0;2.0;1.0;16.0;A01
52614;201400034821;0;33;0;0.0;2.0;3.0;13.0;A01
52615;201400034821;0;7;0;0.0;2.0;8.0;1.0;B01
52616;201400034822;0;30;0;0.0;0.0;0.0;0.0;A01
52617;201400034823;0;31;0;0.0;2.0;1.0;1.0;A01
52618;201400034823;0;7;0;0.0;2.0;1.0;23.0;B01
52619;201400034824;0;7;0;0.0;1.0;1.0;1.0;A01
52620;201400034825;0;33;0;16.0;0.0;0.0;1.0;A01
52621;201400034826;0;7;0;1.0;0.0;1.0;1.0;B01
52622;201400034826;1;7;0;0.0;0.0;0.0;1.0;A01
52623;201400034827;0;7;0;1.0;0.0;9.0;1.0;A01
52624;201400034828;0;99;0;0.0;2.0;1.0;0.0;B01
52625;201400034828;0;7;0;0.0;2.0;7.0;15.0;A01
52626;201400034829;0;7;0;0.0;2.0;1.0;1.0;A01
52627;201400034829;0;7;0;0.0;2.0;4.0;1.0;B01
52628;201400034830;0;40;0;0.0;1.0;1.0;1.0;A01
52629;201400034832;0;7;0;4.0;0.0;3.0;1.0;A01
52630;201400034833;0;7;0;0.0;2.0;2.0;12.0;A01
52631;201400034833;0;2;0;0.0;2.0;8.0;1.0;B01
52632;201400034834;0;30;0;0.0;2.0;3.0;1.0;B01
52633;201400034834;0;7;0;0.0;2.0;2.0;1.0;A01
52634;201400034835;0;33;0;1.0;0.0;0.0;1.0;A01
52635;201400034836;0;7;0;0.0;2.0;7.0;1.0;B01
52636;201400034836;0;7;0;0.0;2.0;1.0;1.0;A01
52637;201400034837;0;1;0;0.0;2.0;7.0;15.0;B01
52638;201400034837;0;7;0;0.0;2.0;8.0;15.0;A01
52639;201400034838;0;10;0;0.0;2.0;1.0;10.0;A01
52640;201400034838;0;33;0;0.0;2.0;1.0;1.0;B01
52641;201400034839;0;7;0;1.0;0.0;9.0;15.0;A01
52642;201400034840;0;7;0;0.0;1.0;1.0;1.0;A01
52643;201400034841;0;1;0;16.0;0.0;0.0;1.0;A01
52644;201400034842;0;32;0;0.0;2.0;7.0;17.0;A01
52645;201400034842;0;7;0;0.0;2.0;3.0;13.0;B01
52646;201400034843;0;7;0;0.0;2.0;1.0;1.0;A01
52647;201400034843;0;7;0;0.0;2.0;9.0;24.0;C01
52648;201400034843;0;7;0;0.0;2.0;3.0;23.0;B01
52649;201400034844;0;30;0;16.0;0.0;8.0;1.0;A01
52650;201400034845;1;7;0;0.0;1.0;2.0;0.0;Z01
52651;201400034846;0;1;0;0.0;2.0;7.0;19.0;A01
52652;201400034846;0;1;0;0.0;2.0;1.0;1.0;B01
52653;201400034847;0;30;0;0.0;0.0;0.0;1.0;A01
52654;201400034849;0;7;0;0.0;2.0;1.0;1.0;B01
52655;201400034849;0;7;0;0.0;2.0;2.0;15.0;A01
52656;201400034850;0;7;0;0.0;2.0;1.0;1.0;C01
52657;201400034850;0;10;0;0.0;2.0;0.0;15.0;A01
52658;201400034850;0;7;0;0.0;2.0;2.0;15.0;B01
52659;201400034851;0;7;0;0.0;1.0;1.0;1.0;A01
52660;201400034853;0;30;0;0.0;2.0;7.0;15.0;A01
52661;201400034853;0;7;0;0.0;2.0;1.0;1.0;C01
52662;201400034853;0;7;0;0.0;2.0;1.0;1.0;B01
52663;201400034854;0;30;0;0.0;0.0;0.0;0.0;A01
52664;201400034855;0;32;0;0.0;0.0;0.0;1.0;A01
52665;201400034856;0;7;0;0.0;1.0;1.0;1.0;A01
52666;201400034857;2;7;0;0.0;2.0;1.0;1.0;A01
52667;201400034857;0;7;0;0.0;2.0;4.0;23.0;B01
52668;201400034857;0;7;0;0.0;2.0;4.0;23.0;C01
52669;201400034858;0;30;0;0.0;0.0;0.0;1.0;A01
52670;201400034859;0;7;0;12.0;0.0;2.0;1.0;A01
52671;201400034860;0;7;0;0.0;0.0;4.0;1.0;C01
52672;201400034860;0;2;0;0.0;2.0;1.0;1.0;A01
52673;201400034860;0;7;0;0.0;2.0;1.0;1.0;B01
52674;201400034861;0;7;0;0.0;1.0;3.0;1.0;A01
52675;201400034862;0;7;0;0.0;1.0;4.0;4.0;A01
52676;201400034863;0;30;0;16.0;0.0;0.0;1.0;A01
52677;201400034864;1;7;0;0.0;1.0;3.0;1.0;Z01
52678;201400034865;0;7;0;0.0;2.0;5.0;16.0;B01
52679;201400034865;0;7;0;0.0;2.0;1.0;7.0;A01
52680;201400034866;0;7;0;3.0;0.0;3.0;1.0;A01
52681;201400034867;0;2;0;0.0;2.0;1.0;16.0;A01
52682;201400034867;0;7;0;0.0;2.0;2.0;1.0;B01
52683;201400034868;0;30;0;0.0;1.0;1.0;1.0;A01
52684;201400034869;0;10;0;0.0;2.0;7.0;1.0;A01
52685;201400034869;0;1;0;0.0;2.0;0.0;13.0;B01
52686;201400034870;0;7;0;0.0;2.0;8.0;15.0;B01
52687;201400034870;0;30;0;0.0;2.0;7.0;17.0;A01
52688;201400034871;1;7;0;0.0;2.0;1.0;2.0;A01
52689;201400034871;0;30;0;0.0;2.0;4.0;23.0;B01
52690;201400034872;0;1;0;0.0;2.0;8.0;0.0;B01
52691;201400034872;0;7;0;0.0;2.0;7.0;1.0;A01
52692;201400034873;0;7;0;0.0;1.0;1.0;1.0;A01
52693;201400034874;0;1;0;0.0;2.0;1.0;19.0;A01
52694;201400034874;0;7;0;0.0;0.0;3.0;1.0;B01
52695;201400034875;0;7;0;1.0;0.0;1.0;1.0;A01
52696;201400034876;0;7;0;0.0;1.0;3.0;15.0;A01
52697;201400034877;0;7;0;0.0;1.0;1.0;15.0;A01
52698;201400034878;0;1;0;0.0;0.0;0.0;0.0;A01
52699;201400034879;0;7;0;0.0;1.0;3.0;1.0;A01
52700;201400034880;0;7;0;0.0;2.0;4.0;15.0;B01
52701;201400034880;0;34;0;0.0;2.0;1.0;1.0;A01
52702;201400034881;0;2;0;0.0;0.0;8.0;0.0;A01
52703;201400034882;0;33;0;0.0;0.0;0.0;0.0;A01
52704;201400034883;0;7;0;0.0;1.0;7.0;1.0;A01
52705;201400034884;0;7;0;0.0;2.0;1.0;1.0;B01
52706;201400034884;0;7;0;0.0;2.0;1.0;1.0;A01
52707;201400034885;0;33;0;0.0;0.0;2.0;14.0;A01
52708;201400034886;0;7;0;0.0;1.0;7.0;1.0;B01
52709;201400034887;1;7;0;0.0;1.0;0.0;4.0;Z01
52710;201400034888;0;7;0;14.0;0.0;1.0;1.0;A01
52711;201400034888;0;7;0;0.0;0.0;4.0;23.0;E01
52712;201400034888;0;7;0;14.0;0.0;4.0;23.0;D01
52713;201400034888;0;33;0;0.0;0.0;4.0;23.0;B01
52714;201400034888;0;33;0;14.0;0.0;4.0;23.0;C01
52715;201400034888;0;7;0;0.0;0.0;4.0;23.0;F02
52716;201400034889;1;2;0;0.0;2.0;2.0;;A01
52717;201400034889;0;1;0;0.0;2.0;3.0;1.0;B01
52718;201400034890;2;7;0;0.0;2.0;1.0;1.0;A01
52719;201400034890;0;7;0;0.0;0.0;8.0;15.0;B01
52720;201400034891;0;30;0;16.0;0.0;8.0;1.0;A01
52721;201400034892;0;31;0;0.0;2.0;8.0;1.0;B01
52722;201400034892;0;7;0;0.0;2.0;2.0;16.0;A01
52723;201400034893;0;7;0;0.0;1.0;4.0;4.0;A01
52724;201400034894;0;37;0;0.0;1.0;6.0;15.0;A01
52725;201400034895;0;7;0;0.0;2.0;5.0;15.0;A01
52726;201400034895;0;7;0;0.0;2.0;2.0;1.0;B01
52727;201400034896;0;33;0;0.0;0.0;0.0;1.0;A01
52728;201400034897;0;7;0;0.0;1.0;2.0;1.0;A01
52729;201400034898;0;7;0;0.0;0.0;5.0;12.0;B01
52730;201400034898;0;30;0;0.0;0.0;3.0;12.0;A01
52731;201400034899;1;7;0;0.0;0.0;0.0;0.0;A01
52732;201400034899;0;30;0;16.0;0.0;7.0;1.0;B01
52733;201400034900;0;1;0;0.0;2.0;1.0;1.0;B01
52734;201400034900;0;7;0;0.0;2.0;2.0;15.0;A01
52735;201400034901;0;17;0;0.0;2.0;1.0;1.0;B01
52736;201400034901;0;17;0;0.0;2.0;3.0;1.0;A01
52737;201400034902;0;2;0;16.0;0.0;0.0;15.0;A01
52738;201400034903;0;7;0;1.0;0.0;3.0;9.0;A01
52739;201400034904;2;7;0;0.0;2.0;2.0;1.0;A01
52740;201400034904;0;30;0;0.0;2.0;7.0;15.0;B01
52741;201400034906;0;33;0;1.0;0.0;0.0;0.0;A01
52742;201400034907;0;7;0;0.0;1.0;0.0;0.0;A01
52743;201400034908;0;2;0;16.0;0.0;0.0;1.0;A01
52744;201400034909;0;7;0;1.0;1.0;1.0;1.0;A01
52745;201400034909;0;7;0;0.0;2.0;6.0;1.0;B01
52746;201400034910;0;7;0;5.0;0.0;3.0;1.0;A01
52747;201400034911;0;31;0;0.0;2.0;1.0;1.0;A01
52748;201400034911;0;7;0;0.0;2.0;4.0;23.0;B01
52749;201400034912;1;7;0;0.0;1.0;0.0;0.0;A01
52750;201400034913;0;7;0;0.0;2.0;3.0;15.0;A01
52751;201400034913;0;7;0;0.0;2.0;3.0;1.0;B01
52752;201400034914;0;2;0;0.0;2.0;1.0;13.0;A01
52753;201400034914;0;10;0;0.0;2.0;3.0;1.0;B01
52754;201400034915;0;10;0;0.0;2.0;7.0;1.0;B01
52755;201400034915;0;7;0;0.0;2.0;1.0;1.0;A01
52756;201400034916;0;7;0;0.0;0.0;4.0;1.0;B01
52757;201400034916;0;33;0;0.0;2.0;1.0;16.0;A01
52758;201400034917;0;14;0;6.0;0.0;4.0;1.0;A01
52759;201400034918;0;1;0;6.0;0.0;1.0;1.0;A01
52760;201400034919;0;30;0;0.0;2.0;1.0;1.0;B01
52761;201400034919;0;7;0;0.0;2.0;1.0;16.0;A01
52762;201400034921;0;10;0;1.0;0.0;7.0;14.0;A01
52763;201400034922;0;30;0;0.0;0.0;7.0;1.0;A01
52764;201400034923;0;7;0;0.0;0.0;1.0;1.0;B01
52765;201400034923;0;7;0;0.0;2.0;3.0;15.0;A01
52766;201400034924;0;7;0;0.0;1.0;4.0;4.0;A01
52767;201400034925;0;7;0;0.0;0.0;1.0;19.0;A01
52768;201400034925;0;33;0;0.0;2.0;8.0;1.0;B01
52769;201400034926;0;7;0;8.0;1.0;1.0;13.0;A01
52770;201400034927;0;7;0;0.0;2.0;1.0;1.0;A01
52771;201400034927;0;1;0;0.0;2.0;7.0;19.0;B01
52772;201400034928;0;7;0;0.0;2.0;4.0;1.0;B01
52773;201400034928;0;7;0;0.0;2.0;1.0;1.0;A01
52774;201400034929;0;7;0;0.0;0.0;6.0;1.0;B01
52775;201400034929;0;34;0;0.0;2.0;1.0;2.0;A01
52776;201400034930;0;30;0;0.0;0.0;4.0;1.0;B01
52777;201400034930;0;7;0;0.0;2.0;2.0;16.0;A01
52778;201400034931;2;7;0;6.0;0.0;8.0;13.0;A01
52779;201400034932;0;2;0;0.0;0.0;0.0;1.0;A01
52780;201400034933;0;7;0;0.0;2.0;1.0;1.0;A01
52781;201400034933;0;7;0;0.0;2.0;8.0;15.0;B01
52782;201400034934;0;7;0;0.0;2.0;1.0;1.0;A01
52783;201400034934;0;7;0;0.0;0.0;3.0;1.0;C01
52784;201400034934;0;1;0;0.0;2.0;1.0;0.0;B01
52785;201400034935;0;7;0;0.0;2.0;1.0;1.0;B01
52786;201400034935;0;1;0;0.0;0.0;8.0;19.0;A01
52787;201400034937;0;2;0;0.0;2.0;1.0;2.0;A01
52788;201400034937;0;7;0;0.0;0.0;4.0;2.0;B01
52789;201400034938;0;30;0;12.0;0.0;1.0;17.0;A01
52790;201400034939;0;7;0;0.0;1.0;2.0;1.0;A01
52791;201400034940;0;17;0;0.0;1.0;7.0;15.0;A01
52792;201400034941;0;30;0;0.0;2.0;8.0;19.0;A01
52793;201400034941;0;30;0;0.0;2.0;1.0;1.0;B01
52794;201400034942;0;7;0;0.0;1.0;2.0;1.0;A01
52795;201400034943;1;7;0;;;1.0;;Z01
52796;201400034943;0;7;0;0.0;2.0;4.0;23.0;B01
52797;201400034944;0;30;0;8.0;2.0;0.0;2.0;A01
52798;201400034944;1;7;0;0.0;2.0;2.0;0.0;Z01
52799;201400034945;0;30;0;0.0;0.0;0.0;0.0;A01
52800;201400034946;0;10;0;0.0;2.0;2.0;1.0;B01
52801;201400034946;0;1;0;0.0;2.0;3.0;11.0;A01
52802;201400034947;0;7;0;0.0;1.0;2.0;1.0;A01
52803;201400034948;0;33;0;0.0;0.0;0.0;1.0;A01
52804;201400034949;0;30;0;1.0;0.0;1.0;0.0;A01
52805;201400034950;0;1;0;0.0;0.0;0.0;1.0;A01
52806;201400034950;1;7;0;0.0;0.0;0.0;0.0;Z01
52807;201400034952;0;7;0;0.0;2.0;1.0;1.0;A01
52808;201400034952;0;7;0;0.0;2.0;3.0;1.0;B01
52809;201400034954;0;7;0;1.0;0.0;2.0;0.0;A01
52810;201400034955;0;7;0;4.0;0.0;8.0;1.0;A01
52811;201400034956;0;7;0;0.0;2.0;8.0;5.0;A01
52812;201400034956;0;1;0;0.0;2.0;8.0;1.0;B01
52813;201400034957;0;30;0;0.0;2.0;1.0;17.0;B01
52814;201400034957;0;7;0;0.0;2.0;3.0;15.0;A01
52815;201400034958;0;15;0;0.0;2.0;1.0;13.0;A01
52816;201400034958;0;7;0;0.0;2.0;3.0;1.0;B01
52817;201400034958;0;10;0;0.0;2.0;1.0;1.0;C01
52818;201400034959;0;7;0;0.0;2.0;1.0;1.0;A01
52819;201400034959;0;7;0;0.0;2.0;4.0;23.0;B01
52820;201400034959;0;7;0;0.0;2.0;4.0;23.0;C01
52821;201400034960;0;30;0;0.0;0.0;0.0;1.0;A01
52822;201400034961;0;7;0;1.0;0.0;1.0;1.0;A01
52823;201400034962;0;33;0;0.0;0.0;0.0;0.0;A01
52824;201400034963;0;30;0;0.0;0.0;7.0;1.0;A01
52825;201400034964;1;30;0;0.0;1.0;1.0;1.0;A01
52826;201400034965;0;7;0;0.0;2.0;1.0;1.0;A01
52827;201400034965;1;33;0;0.0;0.0;0.0;0.0;B01
52828;201400034966;0;1;0;0.0;2.0;8.0;19.0;A01
52829;201400034966;0;1;0;0.0;2.0;1.0;5.0;B01
52830;201400034967;1;10;0;0.0;1.0;0.0;0.0;Z01
52831;201400034968;0;33;0;14.0;0.0;1.0;11.0;A01
52832;201400034969;0;33;0;0.0;2.0;1.0;17.0;B01
52833;201400034969;0;7;0;0.0;2.0;3.0;15.0;A01
52834;201400034970;0;2;0;0.0;2.0;7.0;1.0;A01
52835;201400034970;1;7;0;0.0;2.0;1.0;1.0;Z01
52836;201400034971;0;33;0;0.0;2.0;1.0;1.0;A01
52837;201400034971;0;7;0;0.0;2.0;8.0;15.0;B01
52838;201400034972;1;7;0;0.0;1.0;1.0;1.0;A01
52839;201400034973;0;33;0;16.0;0.0;7.0;1.0;A01
52840;201400034975;0;1;0;8.0;0.0;1.0;1.0;A01
52841;201400034976;0;2;0;0.0;2.0;1.0;17.0;A01
52842;201400034976;0;7;0;0.0;2.0;3.0;15.0;B01
52843;201400034978;0;30;0;0.0;0.0;0.0;1.0;A01
52844;201400034980;0;30;0;0.0;0.0;0.0;1.0;A01
52845;201400034981;0;2;0;0.0;0.0;9.0;14.0;A01
52846;201400034982;1;7;0;0.0;1.0;3.0;1.0;A01
52847;201400034983;0;7;0;0.0;1.0;3.0;16.0;A01