;Num_Acc;senc;catv;occutc;obs;obsm;choc;manv;num_veh
52848;201400034985;0;7;0;11.0;0.0;1.0;2.0;A01
52849;201400034986;0;7;0;0.0;1.0;1.0;1.0;A01
52850;201400034987;0;7;0;0.0;2.0;1.0;3.0;A01
52851;201400034987;0;7;0;0.0;2.0;1.0;1.0;B01
52852;201400034988;0;7;0;0.0;1.0;1.0;1.0;A01
52853;201400034989;0;7;0;8.0;2.0;3.0;1.0;A01
52854;201400034989;0;7;0;0.0;2.0;2.0;15.0;B01
52855;201400034990;0;7;0;0.0;1.0;1.0;1.0;A01
52856;201400034991;0;31;0;0.0;2.0;7.0;1.0;B01
52857;201400034991;0;7;0;0.0;2.0;3.0;11.0;A01
52858;201400034992;0;7;0;0.0;1.0;2.0;1.0;A01
52859;201400034993;0;7;0;0.0;1.0;1.0;16.0;A01
52860;201400034994;0;33;0;0.0;2.0;1.0;1.0;A01
52861;201400034994;0;7;0;0.0;2.0;1.0;1.0;B01
52862;201400034995;0;7;0;0.0;1.0;1.0;15.0;A01
52863;201400034996;0;10;0;0.0;2.0;8.0;1.0;B01
52864;201400034996;0;17;0;0.0;2.0;6.0;1.0;A01
52865;201400034997;0;7;0;0.0;1.0;1.0;1.0;A01
52866;201400034998;0;7;0;0.0;2.0;0.0;1.0;B01
52867;201400034998;0;7;0;0.0;2.0;0.0;4.0;A01
52868;201400034999;0;7;0;0.0;2.0;2.0;11.0;A01
52869;201400034999;0;30;0;0.0;2.0;1.0;1.0;B01
52870;201400035000;0;7;0;1.0;2.0;8.0;1.0;B01
52871;201400035000;0;7;0;0.0;2.0;1.0;1.0;A01
52872;201400035001;0;7;0;0.0;2.0;6.0;1.0;B01
52873;201400035001;0;10;0;0.0;2.0;3.0;1.0;A01
52874;201400035002;0;7;0;0.0;2.0;2.0;1.0;A01
52875;201400035002;0;2;0;0.0;2.0;1.0;1.0;B01
52876;201400035003;0;7;0;0.0;2.0;3.0;1.0;A01
52877;201400035003;0;7;0;0.0;2.0;3.0;15.0;B01
52878;201400035004;0;7;0;6.0;0.0;1.0;1.0;A01
52879;201400035005;0;7;0;0.0;2.0;1.0;1.0;A01
52880;201400035005;0;7;0;0.0;2.0;4.0;23.0;C01
52881;201400035005;0;7;0;0.0;2.0;4.0;23.0;B01
52882;201400035006;0;7;0;0.0;2.0;4.0;11.0;B01
52883;201400035006;0;7;0;0.0;2.0;6.0;1.0;C01
52884;201400035006;0;7;0;0.0;2.0;1.0;1.0;A01
52885;201400035007;0;1;0;0.0;5.0;0.0;0.0;A01
52886;201400035008;0;7;0;4.0;0.0;9.0;1.0;A01
52887;201400035009;2;7;0;1.0;2.0;7.0;1.0;A01
52888;201400035009;0;7;0;0.0;2.0;1.0;1.0;B01
52889;201400035011;0;7;0;0.0;1.0;3.0;1.0;A01
52890;201400035012;0;7;0;0.0;1.0;0.0;0.0;A01
52891;201400035013;0;30;0;0.0;2.0;1.0;0.0;A01
52892;201400035013;0;7;0;0.0;2.0;8.0;1.0;B01
52893;201400035014;0;7;0;0.0;1.0;1.0;1.0;A01
52894;201400035015;0;7;0;0.0;2.0;3.0;0.0;B01
52895;201400035015;0;30;0;0.0;2.0;1.0;0.0;A01
52896;201400035016;0;7;0;2.0;0.0;7.0;13.0;A01
52897;201400035017;0;2;0;0.0;2.0;1.0;1.0;B01
52898;201400035017;0;10;0;0.0;2.0;2.0;15.0;A01
52899;201400035018;1;7;0;0.0;9.0;3.0;1.0;Z01
52900;201400035018;0;99;0;0.0;2.0;7.0;15.0;A01
52901;201400035019;0;7;0;0.0;1.0;1.0;2.0;A01
52902;201400035020;0;7;0;0.0;2.0;1.0;13.0;A01
52903;201400035020;0;7;0;0.0;2.0;1.0;1.0;C01
52904;201400035020;0;7;0;0.0;2.0;1.0;1.0;B01
52905;201400035021;0;7;0;0.0;2.0;1.0;1.0;B01
52906;201400035021;0;7;0;0.0;2.0;1.0;15.0;A01
52907;201400035022;0;7;0;1.0;2.0;3.0;9.0;B01
52908;201400035022;0;7;0;1.0;2.0;1.0;1.0;A01
52909;201400035023;0;7;0;0.0;2.0;7.0;1.0;B01
52910;201400035023;0;7;0;0.0;2.0;1.0;9.0;A01
52911;201400035024;0;7;0;1.0;0.0;1.0;14.0;A01
52912;201400035025;0;7;0;0.0;1.0;1.0;1.0;A01
52913;201400035026;0;7;0;0.0;1.0;3.0;15.0;A01
52914;201400035027;0;7;0;2.0;0.0;1.0;0.0;A01
52915;201400035029;0;7;0;0.0;2.0;1.0;1.0;A01
52916;201400035029;0;2;0;0.0;2.0;7.0;0.0;B01
52917;201400035030;0;7;0;0.0;2.0;1.0;2.0;A01
52918;201400035030;0;7;0;0.0;2.0;4.0;1.0;B01
52919;201400035031;0;7;0;0.0;1.0;3.0;1.0;A01
52920;201400035032;0;7;0;0.0;2.0;1.0;2.0;A01
52921;201400035032;0;7;0;0.0;2.0;6.0;0.0;B01
52922;201400035033;0;30;0;0.0;2.0;1.0;1.0;B01
52923;201400035033;0;7;0;0.0;2.0;3.0;15.0;A01
52924;201400035034;0;7;0;0.0;2.0;1.0;0.0;A01
52925;201400035034;0;3;0;0.0;2.0;1.0;0.0;B01
52926;201400035035;1;99;0;0.0;1.0;2.0;0.0;Z01
52927;201400035036;0;33;0;0.0;2.0;1.0;1.0;B01
52928;201400035036;0;7;0;0.0;2.0;2.0;15.0;A01
52929;201400035037;0;7;0;3.0;0.0;1.0;1.0;A01
52930;201400035038;0;7;0;15.0;0.0;1.0;1.0;A01
52931;201400035043;0;7;0;0.0;2.0;2.0;2.0;A01
52932;201400035043;0;7;0;0.0;0.0;4.0;23.0;B01
52933;201400035044;0;7;0;0.0;2.0;6.0;4.0;B01
52934;201400035044;0;7;0;0.0;2.0;2.0;16.0;A01
52935;201400035045;0;33;0;0.0;2.0;8.0;9.0;B01
52936;201400035045;0;7;0;0.0;2.0;7.0;12.0;A01
52937;201400035046;0;2;0;0.0;2.0;6.0;15.0;A01
52938;201400035046;0;7;0;0.0;2.0;3.0;1.0;B01
52939;201400035047;0;1;0;0.0;2.0;0.0;1.0;C01
52940;201400035047;0;7;0;0.0;2.0;1.0;1.0;D01
52941;201400035047;0;33;0;0.0;2.0;3.0;1.0;B01
52942;201400035047;0;7;0;0.0;2.0;1.0;15.0;A01
52943;201400035048;0;7;0;0.0;2.0;4.0;0.0;B01
52944;201400035048;1;7;0;0.0;2.0;1.0;0.0;Z01
52945;201400035049;0;30;0;0.0;2.0;2.0;0.0;A01
52946;201400035049;0;7;0;0.0;2.0;1.0;0.0;B01
52947;201400035050;0;7;0;0.0;2.0;4.0;1.0;B01
52948;201400035050;0;7;0;0.0;2.0;1.0;2.0;A01
52949;201400035051;0;7;0;0.0;1.0;2.0;0.0;A01
52950;201400035052;0;7;0;2.0;0.0;1.0;1.0;A01
52951;201400035053;0;7;0;0.0;2.0;3.0;1.0;B01
52952;201400035053;0;7;0;0.0;2.0;2.0;19.0;A01
52953;201400035054;0;7;0;0.0;2.0;5.0;15.0;B01
52954;201400035054;0;7;0;0.0;2.0;1.0;1.0;A01
52955;201400035055;0;2;0;0.0;2.0;2.0;1.0;B01
52956;201400035055;0;7;0;0.0;2.0;6.0;9.0;A01
52957;201400035057;0;7;0;0.0;2.0;1.0;1.0;B01
52958;201400035057;0;7;0;0.0;2.0;1.0;5.0;A01
52959;201400035057;0;7;0;0.0;2.0;7.0;0.0;C01
52960;201400035058;0;7;0;3.0;2.0;1.0;1.0;C01
52961;201400035058;0;7;0;0.0;2.0;1.0;1.0;B01
52962;201400035058;0;7;0;0.0;2.0;1.0;0.0;A01
52963;201400035059;0;7;0;0.0;2.0;4.0;2.0;C01
52964;201400035059;0;7;0;0.0;2.0;1.0;2.0;B01
52965;201400035059;0;7;0;0.0;2.0;1.0;2.0;A01
52966;201400035060;0;7;0;0.0;1.0;2.0;1.0;A01
52967;201400035061;0;7;0;0.0;2.0;3.0;1.0;B01
52968;201400035061;0;7;0;0.0;2.0;2.0;15.0;A01
52969;201400035062;0;7;0;0.0;2.0;2.0;0.0;A01
52970;201400035062;0;7;0;0.0;2.0;6.0;2.0;B01
52971;201400035062;0;7;0;0.0;2.0;4.0;2.0;C01
52972;201400035062;0;7;0;0.0;2.0;4.0;2.0;D01
52973;201400035063;0;7;0;0.0;2.0;5.0;15.0;A01
52974;201400035063;0;7;0;0.0;2.0;1.0;1.0;B01
52975;201400035064;0;17;0;0.0;1.0;1.0;15.0;A01
52976;201400035065;0;7;0;0.0;1.0;0.0;0.0;A01
52977;201400035066;0;2;0;0.0;2.0;8.0;1.0;B01
52978;201400035066;0;14;0;0.0;2.0;8.0;15.0;A01
52979;201400035067;0;7;0;0.0;2.0;6.0;1.0;B01
52980;201400035067;0;7;0;0.0;2.0;1.0;13.0;A01
52981;201400035069;0;7;0;14.0;0.0;3.0;0.0;A01
52982;201400035070;0;7;0;0.0;2.0;2.0;1.0;A01
52983;201400035070;0;7;0;0.0;2.0;1.0;1.0;B01
52984;201400035071;0;7;0;0.0;2.0;3.0;1.0;B01
52985;201400035071;0;7;0;0.0;2.0;3.0;15.0;A01
52986;201400035072;0;7;0;0.0;2.0;6.0;1.0;B01
52987;201400035072;0;2;0;0.0;2.0;2.0;2.0;A01
52988;201400035073;0;37;1;0.0;1.0;0.0;23.0;A01
52989;201400035074;0;7;0;0.0;2.0;3.0;1.0;B01
52990;201400035074;0;7;0;0.0;2.0;3.0;15.0;A01
52991;201400035075;0;7;0;0.0;1.0;2.0;7.0;A01
52992;201400035076;0;7;0;0.0;2.0;1.0;0.0;C01
52993;201400035076;0;7;0;0.0;2.0;3.0;0.0;A01
52994;201400035076;0;7;0;0.0;2.0;4.0;0.0;D01
52995;201400035076;0;10;0;0.0;2.0;4.0;0.0;B01
52996;201400035077;0;7;0;0.0;1.0;1.0;15.0;A01
52997;201400035078;0;7;0;0.0;2.0;2.0;1.0;A01
52998;201400035078;0;7;0;0.0;2.0;3.0;1.0;B01
52999;201400035079;0;7;0;1.0;1.0;3.0;0.0;A01
53000;201400035080;0;7;0;0.0;2.0;3.0;15.0;B01
53001;201400035080;0;31;0;0.0;2.0;7.0;0.0;A01
53002;201400035082;0;7;0;0.0;2.0;1.0;15.0;A01
53003;201400035082;0;7;0;0.0;2.0;1.0;1.0;B01
53004;201400035083;1;7;0;0.0;1.0;0.0;0.0;A01
53005;201400035084;0;7;0;8.0;0.0;1.0;0.0;A01
53006;201400035085;0;7;0;0.0;2.0;2.0;12.0;A01
53007;201400035085;0;30;0;0.0;2.0;8.0;1.0;B01
53008;201400035086;0;7;0;0.0;2.0;6.0;15.0;A01
53009;201400035086;0;30;0;0.0;2.0;0.0;0.0;B01
53010;201400035087;0;7;0;0.0;2.0;2.0;0.0;A01
53011;201400035087;0;1;0;0.0;2.0;0.0;0.0;B01
53012;201400035088;1;7;0;0.0;2.0;0.0;19.0;Z01
53013;201400035088;0;33;0;1.0;0.0;2.0;0.0;A01
53014;201400035089;0;33;0;12.0;0.0;2.0;0.0;A01
53015;201400035090;0;7;0;0.0;1.0;1.0;0.0;A01
53016;201400035091;0;7;0;0.0;2.0;1.0;10.0;A01
53017;201400035091;0;33;0;1.0;2.0;1.0;1.0;B01
53018;201400035092;0;7;0;0.0;2.0;6.0;7.0;A01
53019;201400035092;0;30;0;0.0;2.0;1.0;1.0;B01
53020;201400035093;0;17;0;0.0;2.0;4.0;23.0;C01
53021;201400035093;0;7;0;0.0;2.0;4.0;1.0;B01
53022;201400035093;0;7;0;0.0;2.0;1.0;1.0;A01
53023;201400035094;0;7;0;0.0;2.0;1.0;0.0;A01
53024;201400035094;0;7;0;0.0;2.0;6.0;1.0;B01
53025;201400035095;0;7;0;0.0;2.0;8.0;15.0;A01
53026;201400035095;0;37;4;0.0;0.0;1.0;1.0;C01
53027;201400035095;0;31;0;0.0;2.0;0.0;0.0;B01
53028;201400035096;0;7;0;0.0;2.0;1.0;1.0;A01
53029;201400035096;0;7;0;0.0;2.0;4.0;1.0;B01
53030;201400035097;1;7;0;0.0;2.0;0.0;0.0;Z01
53031;201400035097;0;1;0;0.0;2.0;1.0;0.0;B01
53032;201400035098;0;34;0;0.0;2.0;7.0;0.0;B01
53033;201400035098;0;7;0;0.0;2.0;2.0;15.0;A01
53034;201400035099;0;15;0;0.0;2.0;1.0;2.0;A01
53035;201400035099;0;7;0;0.0;2.0;4.0;2.0;B01
53036;201400035100;1;7;0;0.0;1.0;0.0;14.0;Z01
53037;201400035101;0;31;0;0.0;2.0;0.0;1.0;B01
53038;201400035101;0;7;0;0.0;2.0;0.0;1.0;C01
53039;201400035101;0;7;0;0.0;2.0;1.0;0.0;A01
53040;201400035101;0;7;0;0.0;2.0;4.0;1.0;D01
53041;201400035102;0;1;0;0.0;2.0;1.0;1.0;B01
53042;201400035102;0;7;0;0.0;2.0;1.0;16.0;A01
53043;201400035103;0;33;0;0.0;2.0;2.0;16.0;A01
53044;201400035103;0;7;0;0.0;2.0;3.0;0.0;B01
53045;201400035104;0;30;0;0.0;2.0;1.0;1.0;A01
53046;201400035104;0;7;0;0.0;2.0;4.0;1.0;B01
53047;201400035105;0;33;0;0.0;2.0;4.0;23.0;B01
53048;201400035105;0;17;0;0.0;2.0;3.0;1.0;A01
53049;201400035107;1;7;0;0.0;2.0;1.0;2.0;Z01
53050;201400035107;0;7;0;0.0;2.0;4.0;1.0;B01
53051;201400035108;0;7;0;0.0;2.0;1.0;1.0;A01
53052;201400035108;0;7;0;0.0;2.0;4.0;1.0;B01
53053;201400035109;0;7;0;0.0;2.0;1.0;1.0;C01
53054;201400035109;0;7;0;0.0;2.0;1.0;1.0;D01
53055;201400035109;0;7;0;0.0;2.0;4.0;1.0;B01
53056;201400035109;0;7;0;0.0;2.0;1.0;1.0;A01
53057;201400035111;0;7;0;0.0;2.0;8.0;15.0;B01
53058;201400035111;0;99;0;15.0;2.0;1.0;17.0;A01
53059;201400035112;0;7;0;0.0;2.0;7.0;23.0;A01
53060;201400035112;0;33;0;0.0;2.0;1.0;1.0;B01
53061;201400035113;0;33;0;0.0;2.0;6.0;1.0;B01
53062;201400035113;0;7;0;0.0;2.0;3.0;0.0;A01
53063;201400035114;0;7;0;0.0;2.0;1.0;16.0;B01
53064;201400035114;0;7;0;0.0;2.0;2.0;1.0;A01
53065;201400035116;0;7;0;0.0;2.0;2.0;0.0;C01
53066;201400035116;0;7;0;0.0;2.0;6.0;0.0;B01
53067;201400035116;0;3;0;1.0;0.0;1.0;0.0;A01
53068;201400035118;0;7;0;0.0;2.0;7.0;15.0;A01
53069;201400035118;0;7;0;0.0;2.0;1.0;1.0;B01
53070;201400035119;0;7;0;0.0;1.0;1.0;1.0;A01
53071;201400035120;0;7;0;0.0;2.0;1.0;19.0;B01
53072;201400035120;0;33;0;0.0;2.0;1.0;1.0;A01
53073;201400035121;0;7;0;0.0;2.0;4.0;2.0;C01
53074;201400035121;0;7;0;0.0;2.0;1.0;2.0;A01
53075;201400035121;0;7;0;0.0;2.0;4.0;2.0;B01
53076;201400035121;0;7;0;0.0;2.0;4.0;2.0;D01
53077;201400035122;0;1;0;0.0;0.0;0.0;0.0;B01
53078;201400035122;0;1;0;0.0;0.0;0.0;0.0;A01
53079;201400035123;0;7;0;0.0;2.0;2.0;1.0;B01
53080;201400035123;0;7;0;0.0;2.0;1.0;19.0;A01
53081;201400035123;0;7;0;0.0;2.0;3.0;1.0;C01
53082;201400035124;0;7;0;0.0;1.0;7.0;0.0;A01
53083;201400035125;0;7;0;0.0;2.0;8.0;15.0;B01
53084;201400035125;0;33;0;0.0;2.0;1.0;1.0;A01
53085;201400035126;0;7;0;0.0;2.0;1.0;1.0;B01
53086;201400035126;0;7;0;0.0;2.0;8.0;11.0;A01
53087;201400035127;0;7;0;12.0;2.0;4.0;1.0;B01
53088;201400035127;0;7;0;0.0;2.0;1.0;1.0;A01
53089;201400035128;0;10;0;0.0;1.0;1.0;1.0;A01
53090;201400035129;0;7;0;0.0;1.0;1.0;1.0;A01
53091;201400035130;0;7;0;0.0;2.0;2.0;1.0;A01
53092;201400035130;0;7;0;0.0;2.0;4.0;12.0;B01
53093;201400035131;0;7;0;0.0;2.0;1.0;0.0;A01
53094;201400035131;0;7;0;0.0;2.0;7.0;0.0;B01
53095;201400035132;1;7;0;0.0;2.0;0.0;0.0;Z01
53096;201400035132;0;1;0;0.0;2.0;0.0;0.0;B01
53097;201400035133;0;7;0;0.0;2.0;4.0;2.0;C01
53098;201400035133;0;7;0;0.0;2.0;4.0;2.0;B01
53099;201400035133;0;7;0;0.0;2.0;1.0;2.0;A01
53100;201400035134;0;7;0;0.0;1.0;2.0;1.0;A01
53101;201400035135;0;33;0;0.0;2.0;1.0;12.0;B01
53102;201400035135;0;10;0;0.0;2.0;5.0;12.0;A01
53103;201400035136;0;7;0;0.0;1.0;2.0;0.0;A01
53104;201400035137;0;7;0;0.0;2.0;1.0;15.0;B01
53105;201400035137;0;31;0;0.0;2.0;1.0;1.0;A01
53106;201400035139;0;7;0;0.0;2.0;1.0;1.0;A01
53107;201400035139;0;7;0;1.0;2.0;1.0;1.0;C01
53108;201400035139;0;7;0;0.0;2.0;7.0;15.0;B01
53109;201400035140;2;7;0;2.0;0.0;5.0;0.0;A01
53110;201400035141;0;30;0;0.0;1.0;1.0;1.0;A01
53111;201400035142;1;7;0;0.0;2.0;0.0;2.0;Z01
53112;201400035142;0;7;0;0.0;2.0;1.0;2.0;B01
53113;201400035142;0;7;0;0.0;2.0;4.0;1.0;A01
53114;201400035143;0;7;0;0.0;2.0;1.0;2.0;A01
53115;201400035143;0;7;0;0.0;2.0;4.0;23.0;B01
53116;201400035144;0;33;0;0.0;2.0;1.0;1.0;B01
53117;201400035144;0;10;0;0.0;2.0;1.0;17.0;A01
53118;201400035145;0;7;0;0.0;1.0;4.0;4.0;A01
53119;201400035146;0;7;0;0.0;0.0;6.0;24.0;B01
53120;201400035146;0;2;0;0.0;2.0;1.0;1.0;C01
53121;201400035146;0;7;0;1.0;0.0;5.0;20.0;A01
53122;201400035147;1;99;0;6.0;0.0;1.0;0.0;A01
53123;201400035148;0;33;0;0.0;0.0;0.0;21.0;A01
53124;201400035149;0;7;0;0.0;1.0;1.0;1.0;A01
53125;201400035150;0;7;0;0.0;1.0;2.0;1.0;A01
53126;201400035151;0;7;0;2.0;0.0;9.0;1.0;A01
53127;201400035153;0;7;0;13.0;0.0;9.0;1.0;A01
53128;201400035154;0;7;0;0.0;2.0;8.0;11.0;A01
53129;201400035154;0;7;0;0.0;2.0;7.0;1.0;B01
53130;201400035155;0;30;0;0.0;1.0;0.0;2.0;A01
53131;201400035156;0;7;0;0.0;2.0;1.0;0.0;A01
53132;201400035156;0;7;0;0.0;2.0;1.0;0.0;B01
53133;201400035157;0;33;0;0.0;2.0;1.0;1.0;B01
53134;201400035157;0;7;0;0.0;2.0;3.0;15.0;A01
53135;201400035158;0;7;0;0.0;2.0;3.0;7.0;A01
53136;201400035158;0;7;0;0.0;2.0;2.0;1.0;B01
53137;201400035159;0;33;0;15.0;0.0;1.0;14.0;A01
53138;201400035160;0;99;0;0.0;0.0;8.0;15.0;A01
53139;201400035161;0;7;0;0.0;1.0;3.0;15.0;A01
53140;201400035162;0;7;0;0.0;1.0;1.0;15.0;A01
53141;201400035163;0;10;0;0.0;2.0;1.0;2.0;A01
53142;201400035163;0;7;0;0.0;2.0;4.0;2.0;B01
53143;201400035164;0;32;0;0.0;2.0;4.0;2.0;A01
53144;201400035164;1;31;0;0.0;2.0;1.0;2.0;Z01
53145;201400035165;0;7;0;0.0;1.0;3.0;2.0;A01
53146;201400035166;0;33;0;0.0;2.0;1.0;1.0;B01
53147;201400035166;0;7;0;2.0;2.0;3.0;13.0;A01
53148;201400035167;0;2;0;0.0;2.0;3.0;1.0;B01
53149;201400035167;0;30;0;0.0;2.0;7.0;1.0;A01
53150;201400035168;0;7;0;0.0;2.0;1.0;2.0;A01
53151;201400035168;0;7;0;0.0;2.0;4.0;2.0;B01
53152;201400035168;0;7;0;0.0;2.0;4.0;2.0;C01
53153;201400035169;0;32;0;12.0;1.0;8.0;21.0;A01
53154;201400035170;0;7;0;0.0;2.0;3.0;1.0;B01
53155;201400035170;2;7;0;12.0;2.0;3.0;15.0;A01
53156;201400035171;0;7;0;0.0;2.0;2.0;1.0;B01
53157;201400035171;0;7;0;1.0;1.0;8.0;9.0;A01
53158;201400035172;0;7;0;0.0;1.0;3.0;0.0;A01
53159;201400035173;0;33;0;0.0;2.0;1.0;1.0;B01
53160;201400035173;0;10;0;0.0;2.0;2.0;15.0;A01
53161;201400035174;0;7;0;0.0;1.0;1.0;1.0;A01
53162;201400035175;0;7;0;0.0;2.0;0.0;9.0;B01
53163;201400035175;0;33;0;0.0;2.0;0.0;21.0;A01
53164;201400035176;0;7;0;0.0;2.0;2.0;16.0;B01
53165;201400035176;0;33;0;0.0;2.0;8.0;16.0;A01
53166;201400035177;0;1;0;0.0;2.0;1.0;18.0;B01
53167;201400035177;0;7;0;0.0;2.0;7.0;22.0;A01
53168;201400035178;0;7;0;0.0;2.0;3.0;23.0;B01
53169;201400035178;0;1;0;0.0;2.0;1.0;16.0;A01
53170;201400035179;0;30;0;0.0;2.0;1.0;0.0;B01
53171;201400035179;0;7;0;0.0;2.0;1.0;15.0;A01
53172;201400035180;0;7;0;0.0;1.0;2.0;1.0;A01
53173;201400035181;1;99;0;0.0;1.0;1.0;0.0;Z01
53174;201400035182;0;7;0;0.0;2.0;2.0;15.0;A01
53175;201400035182;0;2;0;0.0;2.0;0.0;1.0;B01
53176;201400035183;0;7;0;0.0;2.0;1.0;1.0;A01
53177;201400035183;0;7;0;0.0;2.0;1.0;5.0;B01
53178;201400035184;0;7;0;0.0;1.0;1.0;16.0;A01
53179;201400035185;0;10;0;0.0;1.0;2.0;1.0;A01
53180;201400035186;0;33;0;1.0;0.0;0.0;14.0;A01
53181;201400035187;0;7;0;0.0;2.0;3.0;13.0;A01
53182;201400035187;0;10;0;0.0;2.0;3.0;1.0;B01
53183;201400035188;0;7;0;0.0;1.0;1.0;1.0;A01
53184;201400035189;0;7;0;3.0;2.0;6.0;1.0;B01
53185;201400035189;0;7;0;0.0;2.0;0.0;0.0;C01
53186;201400035189;0;15;0;0.0;2.0;2.0;1.0;A01
53187;201400035190;0;7;0;0.0;2.0;4.0;2.0;C01
53188;201400035190;0;7;0;1.0;2.0;4.0;1.0;B01
53189;201400035190;0;15;0;0.0;2.0;1.0;1.0;A01
53190;201400035191;0;7;0;0.0;1.0;1.0;1.0;A01
53191;201400035192;0;33;0;4.0;0.0;8.0;13.0;A01
53192;201400035193;0;30;0;0.0;1.0;1.0;1.0;A01
53193;201400035194;0;7;0;13.0;0.0;8.0;2.0;A01
53194;201400035195;0;7;0;6.0;0.0;2.0;15.0;A01
53195;201400035196;0;7;0;12.0;0.0;1.0;1.0;A01
53196;201400035197;0;33;0;0.0;1.0;1.0;1.0;A01
53197;201400035198;0;7;0;0.0;2.0;1.0;2.0;A01
53198;201400035198;0;7;0;0.0;2.0;4.0;2.0;B01
53199;201400035199;0;7;0;0.0;1.0;2.0;15.0;A01
53200;201400035200;0;7;0;0.0;1.0;1.0;1.0;A01
53201;201400035201;0;37;1;0.0;1.0;1.0;1.0;A01
53202;201400035202;0;7;0;0.0;2.0;3.0;14.0;A01
53203;201400035202;0;7;0;0.0;2.0;8.0;23.0;B01
53204;201400035203;1;30;0;0.0;1.0;0.0;0.0;Z01
53205;201400035204;0;7;0;0.0;0.0;1.0;0.0;A01
53206;201400035205;0;7;0;6.0;0.0;1.0;2.0;A01
53207;201400035206;0;30;0;8.0;0.0;1.0;1.0;A01
53208;201400035207;0;7;0;0.0;1.0;3.0;21.0;A01
53209;201400035208;0;7;0;0.0;2.0;8.0;1.0;B01
53210;201400035208;0;7;0;0.0;2.0;1.0;1.0;A01
53211;201400035209;0;7;0;0.0;1.0;1.0;1.0;A01
53212;201400035210;0;30;0;1.0;0.0;1.0;15.0;A01
53213;201400035211;0;7;0;13.0;0.0;9.0;1.0;A01
53214;201400035212;0;10;0;0.0;1.0;4.0;4.0;A01
53215;201400035214;0;7;0;1.0;0.0;6.0;1.0;A01
53216;201400035215;1;7;0;0.0;2.0;1.0;0.0;Z01
53217;201400035215;0;1;0;0.0;2.0;0.0;1.0;B01
53218;201400035216;0;7;0;4.0;0.0;1.0;0.0;A01
53219;201400035217;0;7;0;0.0;2.0;6.0;2.0;B01
53220;201400035217;0;7;0;0.0;2.0;2.0;2.0;A01
53221;201400035218;1;7;0;0.0;2.0;1.0;0.0;A01
53222;201400035218;0;7;0;0.0;2.0;4.0;0.0;B01
53223;201400035219;0;7;0;0.0;2.0;1.0;15.0;A01
53224;201400035219;0;33;0;0.0;2.0;8.0;1.0;B01
53225;201400035220;0;7;0;0.0;2.0;8.0;1.0;B01
53226;201400035220;0;33;0;0.0;2.0;1.0;15.0;A01
53227;201400035221;0;10;0;0.0;1.0;8.0;15.0;A01
53228;201400035223;0;7;0;0.0;2.0;1.0;2.0;A01
53229;201400035223;0;7;0;0.0;2.0;4.0;23.0;B01
53230;201400035224;0;37;1;0.0;1.0;1.0;1.0;A01
53231;201400035225;0;7;0;0.0;1.0;3.0;15.0;A01
53232;201400035226;0;30;0;14.0;0.0;9.0;1.0;A01
53233;201400035227;0;7;0;3.0;0.0;1.0;14.0;A01
53234;201400035229;0;33;0;0.0;0.0;3.0;1.0;A01
53235;201400035230;0;7;0;0.0;2.0;4.0;2.0;B01
53236;201400035230;0;7;0;0.0;2.0;1.0;2.0;A01
53237;201400035232;0;2;0;0.0;2.0;1.0;1.0;B01
53238;201400035232;0;7;0;0.0;2.0;3.0;15.0;A01
53239;201400035234;0;7;0;0.0;2.0;2.0;23.0;B01
53240;201400035234;0;30;0;12.0;0.0;8.0;13.0;A01
53241;201400035235;0;31;0;0.0;2.0;1.0;1.0;B01
53242;201400035235;0;7;0;0.0;2.0;2.0;15.0;A01
53243;201400035236;0;7;0;0.0;2.0;4.0;2.0;B01
53244;201400035236;0;2;0;0.0;2.0;1.0;2.0;A01
53245;201400035237;0;7;0;0.0;2.0;1.0;15.0;A01
53246;201400035237;0;1;0;0.0;2.0;1.0;1.0;B01
53247;201400035238;0;33;0;0.0;2.0;1.0;1.0;B01
53248;201400035238;0;7;0;0.0;2.0;6.0;15.0;A01
53249;201400035240;0;7;0;0.0;2.0;4.0;2.0;B01
53250;201400035240;1;7;0;0.0;2.0;1.0;2.0;A01
53251;201400035240;0;7;0;0.0;2.0;4.0;2.0;C01
53252;201400035241;0;37;1;0.0;1.0;3.0;16.0;A01
53253;201400035242;2;7;0;0.0;2.0;2.0;0.0;A01
53254;201400035242;0;7;0;0.0;2.0;6.0;1.0;B01
53255;201400035243;0;2;0;0.0;2.0;1.0;0.0;B01
53256;201400035243;0;7;0;0.0;2.0;8.0;15.0;A01
53257;201400035244;0;7;0;0.0;2.0;1.0;1.0;B01
53258;201400035244;2;7;0;0.0;2.0;0.0;5.0;A01
53259;201400035245;0;33;0;0.0;2.0;1.0;1.0;B01
53260;201400035245;0;7;0;0.0;2.0;5.0;15.0;A01
53261;201400035246;0;7;0;0.0;2.0;3.0;13.0;A01
53262;201400035246;0;7;0;0.0;2.0;3.0;1.0;B01
53263;201400035247;0;33;0;0.0;2.0;2.0;17.0;A01
53264;201400035247;0;7;0;0.0;2.0;3.0;1.0;B01
53265;201400035248;0;33;0;0.0;2.0;1.0;13.0;A01
53266;201400035248;0;7;0;0.0;2.0;2.0;15.0;B01
53267;201400035248;0;7;0;0.0;2.0;1.0;1.0;C01
53268;201400035249;1;7;0;0.0;1.0;0.0;0.0;Z01