;Num_Acc;senc;catv;occutc;obs;obsm;choc;manv;num_veh
53269;201400035250;0;7;0;0.0;2.0;2.0;21.0;B01
53270;201400035250;0;32;0;0.0;2.0;1.0;13.0;A01
53271;201400035252;0;7;0;0.0;2.0;2.0;15.0;A01
53272;201400035252;0;30;0;0.0;2.0;1.0;1.0;B01
53273;201400035253;0;7;0;0.0;1.0;3.0;1.0;A01
53274;201400035254;1;1;0;0.0;1.0;1.0;0.0;Z01
53275;201400035256;0;7;0;0.0;1.0;3.0;0.0;A01
53276;201400035257;0;30;0;0.0;2.0;8.0;0.0;B01
53277;201400035257;0;7;0;0.0;2.0;3.0;1.0;A01
53278;201400035258;0;7;0;0.0;1.0;4.0;4.0;A01
53279;201400035259;0;1;0;0.0;2.0;4.0;1.0;B01
53280;201400035259;0;7;0;0.0;2.0;2.0;1.0;A01
53281;201400035260;0;30;0;0.0;2.0;8.0;1.0;B01
53282;201400035260;0;7;0;6.0;2.0;7.0;1.0;A01
53283;201400035261;0;7;0;0.0;1.0;3.0;0.0;A01
53284;201400035262;0;7;0;0.0;1.0;3.0;1.0;A01
53285;201400035263;0;7;0;0.0;2.0;1.0;1.0;B01
53286;201400035263;0;36;0;0.0;2.0;1.0;13.0;A01
53287;201400035264;0;7;0;0.0;2.0;8.0;22.0;A01
53288;201400035264;0;30;0;0.0;2.0;0.0;1.0;B01
53289;201400035265;0;7;0;0.0;2.0;6.0;15.0;B01
53290;201400035265;0;7;0;0.0;2.0;1.0;1.0;A01
53291;201400035266;0;7;0;0.0;1.0;3.0;1.0;A01
53292;201400035267;0;7;0;0.0;2.0;3.0;15.0;A01
53293;201400035267;0;7;0;0.0;2.0;2.0;1.0;B01
53294;201400035268;0;7;0;0.0;2.0;2.0;1.0;B01
53295;201400035268;0;7;0;0.0;2.0;3.0;1.0;A01
53296;201400035270;0;7;0;0.0;2.0;4.0;1.0;B01
53297;201400035270;0;7;0;0.0;2.0;1.0;1.0;A01
53298;201400035271;0;7;0;2.0;0.0;3.0;16.0;A01
53299;201400035272;0;33;0;0.0;2.0;3.0;1.0;B01
53300;201400035272;0;7;0;0.0;2.0;1.0;9.0;A01
53301;201400035273;0;7;0;0.0;1.0;4.0;4.0;A01
53302;201400035274;1;2;0;0.0;1.0;1.0;1.0;Z01
53303;201400035276;0;7;0;0.0;2.0;1.0;0.0;A01
53304;201400035276;0;33;0;0.0;2.0;8.0;0.0;B01
53305;201400035277;0;7;0;0.0;2.0;8.0;0.0;A01
53306;201400035277;0;17;0;0.0;2.0;1.0;0.0;B01
53307;201400035278;0;7;0;0.0;2.0;3.0;15.0;A01
53308;201400035278;0;7;0;0.0;2.0;2.0;1.0;B01
53309;201400035279;0;2;0;0.0;2.0;1.0;1.0;B01
53310;201400035279;0;7;0;0.0;2.0;7.0;13.0;A01
53311;201400035281;2;7;0;12.0;0.0;1.0;0.0;A01
53312;201400035282;0;37;20;0.0;2.0;3.0;1.0;B01
53313;201400035282;0;7;0;0.0;2.0;7.0;1.0;A01
53314;201400035283;0;7;0;0.0;1.0;1.0;1.0;A01
53315;201400035284;0;2;0;0.0;2.0;1.0;1.0;A01
53316;201400035284;0;7;0;0.0;2.0;2.0;15.0;B01
53317;201400035285;0;7;0;0.0;2.0;1.0;13.0;A01
53318;201400035285;0;7;0;0.0;2.0;1.0;1.0;B01
53319;201400035286;0;7;0;0.0;2.0;3.0;16.0;B01
53320;201400035286;0;33;0;0.0;2.0;1.0;1.0;A01
53321;201400035287;0;7;0;0.0;2.0;1.0;1.0;B01
53322;201400035287;0;7;0;0.0;2.0;2.0;15.0;A01
53323;201400035288;0;7;0;0.0;2.0;1.0;1.0;C01
53324;201400035288;0;7;0;0.0;2.0;1.0;1.0;A01
53325;201400035288;0;7;0;0.0;2.0;1.0;1.0;B01
53326;201400035288;0;7;0;0.0;2.0;4.0;1.0;D01
53327;201400035289;0;7;0;0.0;2.0;3.0;1.0;B01
53328;201400035289;2;7;0;0.0;2.0;7.0;1.0;A01
53329;201400035290;0;33;0;0.0;2.0;1.0;1.0;B01
53330;201400035290;1;7;0;0.0;0.0;0.0;0.0;Z01
53331;201400035291;0;7;0;0.0;1.0;2.0;1.0;A01
53332;201400035292;0;7;0;2.0;0.0;3.0;1.0;A01
53333;201400035293;0;7;0;0.0;2.0;3.0;1.0;B01
53334;201400035293;0;7;0;0.0;2.0;2.0;12.0;A01
53335;201400035294;0;7;0;0.0;1.0;1.0;1.0;A01
53336;201400035295;0;7;0;0.0;1.0;1.0;1.0;A01
53337;201400035296;0;7;0;0.0;2.0;1.0;15.0;A01
53338;201400035296;0;7;0;0.0;2.0;3.0;1.0;B01
53339;201400035297;0;7;0;0.0;1.0;1.0;1.0;A01
53340;201400035299;0;1;0;0.0;2.0;1.0;9.0;A01
53341;201400035299;0;7;0;0.0;2.0;5.0;1.0;B01
53342;201400035300;0;7;0;0.0;2.0;2.0;20.0;A01
53343;201400035300;0;2;0;0.0;2.0;3.0;1.0;B01
53344;201400035301;0;7;0;0.0;2.0;2.0;14.0;A01
53345;201400035301;0;7;0;8.0;2.0;6.0;1.0;B01
53346;201400035302;0;37;44;0.0;2.0;2.0;7.0;B01
53347;201400035302;0;7;0;0.0;2.0;8.0;10.0;A01
53348;201400035303;0;7;0;0.0;2.0;3.0;15.0;B01
53349;201400035303;0;7;0;0.0;2.0;1.0;0.0;A01
53350;201400035304;0;7;0;0.0;1.0;2.0;15.0;A01
53351;201400035305;0;40;0;0.0;2.0;0.0;0.0;B01
53352;201400035305;0;7;0;0.0;4.0;8.0;15.0;A01
53353;201400035306;0;7;0;0.0;1.0;4.0;4.0;A01
53354;201400035307;0;7;0;0.0;1.0;5.0;0.0;A01
53355;201400035308;0;7;0;0.0;1.0;4.0;4.0;A01
53356;201400035309;0;7;0;0.0;2.0;1.0;15.0;A01
53357;201400035309;0;7;0;0.0;2.0;1.0;1.0;B01
53358;201400035309;0;7;0;0.0;2.0;2.0;23.0;C01
53359;201400035310;1;3;0;0.0;1.0;1.0;1.0;Z01
53360;201400035311;0;7;0;0.0;2.0;1.0;1.0;A01
53361;201400035311;0;3;0;0.0;2.0;0.0;1.0;B01
53362;201400035312;0;7;0;0.0;2.0;2.0;1.0;A01
53363;201400035312;0;30;0;0.0;2.0;6.0;16.0;B01
53364;201400035313;0;7;0;0.0;2.0;3.0;1.0;A01
53365;201400035313;0;33;0;0.0;2.0;0.0;9.0;B01
53366;201400035314;0;7;0;0.0;1.0;1.0;15.0;A01
53367;201400035315;0;7;0;0.0;1.0;1.0;17.0;A01
53368;201400035316;0;7;0;0.0;2.0;6.0;0.0;B01
53369;201400035316;0;7;0;0.0;2.0;1.0;0.0;A01
53370;201400035317;0;7;0;0.0;1.0;1.0;1.0;A01
53371;201400035319;0;37;2;0.0;2.0;1.0;1.0;A01
53372;201400035319;0;37;1;0.0;2.0;6.0;1.0;B01
53373;201400035320;0;7;0;0.0;2.0;1.0;9.0;A01
53374;201400035320;0;33;0;0.0;2.0;1.0;1.0;B01
53375;201400035321;0;7;0;0.0;1.0;1.0;1.0;A01
53376;201400035322;0;7;0;0.0;1.0;4.0;4.0;A01
53377;201400035323;0;7;0;2.0;0.0;1.0;0.0;A01
53378;201400035324;0;37;2;0.0;2.0;3.0;1.0;B01
53379;201400035324;0;7;0;0.0;2.0;1.0;1.0;A01
53380;201400035325;0;7;0;0.0;2.0;1.0;1.0;A01
53381;201400035325;0;30;0;0.0;2.0;1.0;13.0;B01
53382;201400035326;0;7;0;0.0;2.0;2.0;1.0;A01
53383;201400035326;0;7;0;0.0;2.0;3.0;1.0;B01
53384;201400035327;0;33;0;0.0;2.0;7.0;12.0;A01
53385;201400035327;0;7;0;0.0;2.0;3.0;1.0;B01
53386;201400035329;0;1;0;0.0;2.0;8.0;0.0;A01
53387;201400035329;0;7;0;0.0;2.0;7.0;1.0;B01
53388;201400035330;0;7;0;0.0;0.0;7.0;17.0;A01
53389;201400035330;0;37;1;0.0;2.0;3.0;2.0;B01
53390;201400035331;0;7;0;0.0;2.0;4.0;0.0;B01
53391;201400035331;0;7;0;0.0;2.0;1.0;0.0;C01
53392;201400035331;0;7;0;0.0;0.0;4.0;0.0;A01
53393;201400035332;0;7;0;0.0;2.0;3.0;15.0;B01
53394;201400035332;0;33;0;0.0;2.0;2.0;17.0;A01
53395;201400035333;0;7;0;0.0;0.0;4.0;2.0;B01
53396;201400035333;0;7;0;0.0;2.0;1.0;2.0;A01
53397;201400035334;0;7;0;0.0;2.0;2.0;1.0;A01
53398;201400035334;0;1;0;0.0;2.0;8.0;19.0;B01
53399;201400035335;0;7;0;0.0;2.0;1.0;2.0;A01
53400;201400035335;0;7;0;0.0;2.0;3.0;16.0;C01
53401;201400035336;0;7;0;14.0;0.0;1.0;1.0;A01
53402;201400035337;0;10;0;13.0;0.0;1.0;6.0;A01
53403;201400035338;0;7;0;0.0;0.0;4.0;2.0;B01
53404;201400035338;0;7;0;0.0;0.0;1.0;2.0;C01
53405;201400035338;0;7;0;0.0;0.0;4.0;2.0;A01
53406;201400035339;0;7;0;0.0;1.0;0.0;2.0;A01
53407;201400035340;0;7;0;0.0;0.0;1.0;10.0;A01
53408;201400035340;0;7;0;0.0;2.0;8.0;1.0;B01
53409;201400035341;0;7;0;0.0;2.0;2.0;2.0;A01
53410;201400035341;0;7;0;0.0;2.0;1.0;9.0;B01
53411;201400035342;0;7;0;0.0;2.0;1.0;2.0;A01
53412;201400035342;0;7;0;0.0;2.0;4.0;2.0;B01
53413;201400035343;0;33;0;0.0;2.0;1.0;17.0;A01
53414;201400035343;0;7;0;0.0;0.0;6.0;15.0;B01
53415;201400035344;0;7;0;14.0;2.0;2.0;1.0;A01
53416;201400035344;0;7;0;0.0;2.0;8.0;16.0;B01
53417;201400035345;0;30;0;0.0;1.0;1.0;3.0;A01
53418;201400035346;0;7;0;0.0;2.0;1.0;16.0;A01
53419;201400035346;0;1;0;0.0;0.0;8.0;19.0;B01
53420;201400035347;0;3;0;0.0;2.0;1.0;16.0;B01
53421;201400035347;0;3;0;1.0;2.0;7.0;1.0;A01
53422;201400035348;0;7;0;0.0;0.0;4.0;23.0;B01
53423;201400035348;0;2;0;0.0;2.0;1.0;2.0;A01
53424;201400035349;0;7;0;0.0;0.0;3.0;1.0;A01
53425;201400035349;0;7;0;0.0;0.0;3.0;1.0;B01
53426;201400035350;0;34;0;0.0;0.0;8.0;0.0;A01
53427;201400035351;0;7;0;0.0;2.0;1.0;9.0;B01
53428;201400035351;0;7;0;0.0;2.0;1.0;1.0;A01
53429;201400035352;0;7;0;0.0;0.0;3.0;17.0;A01
53430;201400035352;0;33;0;0.0;0.0;0.0;1.0;B01
53431;201400035353;1;2;0;2.0;0.0;0.0;1.0;A01
53432;201400035354;0;7;0;0.0;2.0;1.0;1.0;B01
53433;201400035354;0;7;0;0.0;0.0;7.0;19.0;A01
53434;201400035356;0;30;0;0.0;1.0;1.0;9.0;A01
53435;201400035357;0;10;0;0.0;2.0;4.0;4.0;A01
53436;201400035357;0;7;0;0.0;2.0;1.0;1.0;B01
53437;201400035358;0;2;0;0.0;2.0;1.0;17.0;A01
53438;201400035358;0;32;0;0.0;0.0;6.0;0.0;B01
53439;201400035359;0;37;0;0.0;1.0;2.0;0.0;A01
53440;201400035360;0;7;0;0.0;1.0;1.0;17.0;A01
53441;201400035361;0;7;0;0.0;2.0;1.0;1.0;A01
53442;201400035361;0;7;0;0.0;2.0;7.0;0.0;B01
53443;201400035363;0;7;0;0.0;1.0;7.0;0.0;A01
53444;201400035364;0;7;0;2.0;0.0;1.0;14.0;A01
53445;201400035365;0;7;0;0.0;1.0;3.0;9.0;A01
53446;201400035366;0;7;0;0.0;1.0;3.0;9.0;A01
53447;201400035367;0;7;0;0.0;2.0;0.0;17.0;A01
53448;201400035367;0;1;0;0.0;2.0;0.0;1.0;B01
53449;201400035368;0;30;0;0.0;2.0;1.0;0.0;B01
53450;201400035368;0;7;0;0.0;2.0;3.0;9.0;A01
53451;201400035370;0;7;0;0.0;2.0;2.0;15.0;A01
53452;201400035370;0;7;0;0.0;2.0;1.0;1.0;C01
53453;201400035370;0;7;0;0.0;0.0;8.0;23.0;B01
53454;201400035371;0;7;0;0.0;2.0;1.0;21.0;A01
53455;201400035371;0;7;0;0.0;2.0;1.0;1.0;B01
53456;201400035372;0;7;0;0.0;1.0;1.0;1.0;A01
53457;201400035373;0;37;1;0.0;1.0;0.0;2.0;A01
53458;201400035373;1;7;0;0.0;1.0;1.0;2.0;B01
53459;201400035374;0;7;0;0.0;1.0;3.0;1.0;A01
53460;201400035375;0;7;0;0.0;1.0;0.0;4.0;A01
53461;201400035376;0;7;0;0.0;2.0;8.0;0.0;A01
53462;201400035376;0;15;0;0.0;2.0;1.0;0.0;B01
53463;201400035377;0;7;0;0.0;2.0;2.0;0.0;A01
53464;201400035377;0;2;0;0.0;2.0;8.0;0.0;B01
53465;201400035378;0;7;0;13.0;0.0;3.0;1.0;A01
53466;201400035379;0;33;0;0.0;2.0;1.0;17.0;A01
53467;201400035379;0;7;0;0.0;2.0;5.0;15.0;B01
53468;201400035380;0;7;0;0.0;2.0;1.0;5.0;A01
53469;201400035380;0;7;0;0.0;2.0;6.0;1.0;B01
53470;201400035380;0;7;0;0.0;2.0;5.0;1.0;C01
53471;201400035380;0;7;0;0.0;0.0;6.0;0.0;D01
53472;201400035381;0;7;0;15.0;0.0;1.0;2.0;A01
53473;201400035382;0;7;0;0.0;2.0;1.0;2.0;A01
53474;201400035382;0;7;0;0.0;2.0;4.0;2.0;B01
53475;201400035382;0;7;0;0.0;2.0;4.0;2.0;C01
53476;201400035382;0;7;0;0.0;0.0;0.0;23.0;T01
53477;201400035383;0;7;0;0.0;2.0;3.0;2.0;A01
53478;201400035383;0;33;0;0.0;2.0;4.0;0.0;B01
53479;201400035384;0;33;0;0.0;0.0;1.0;1.0;B01
53480;201400035384;0;7;0;0.0;0.0;1.0;15.0;A01
53481;201400035385;0;7;0;0.0;2.0;1.0;1.0;B01
53482;201400035385;0;7;0;0.0;2.0;1.0;1.0;C01
53483;201400035385;0;7;0;0.0;2.0;1.0;1.0;A01
53484;201400035386;0;36;0;12.0;2.0;1.0;1.0;A01
53485;201400035387;0;7;0;0.0;2.0;7.0;15.0;A01
53486;201400035387;0;31;0;0.0;2.0;1.0;0.0;B01
53487;201400035388;0;7;0;0.0;1.0;3.0;15.0;A01
53488;201400035389;0;7;0;0.0;0.0;6.0;15.0;B01
53489;201400035389;0;2;0;0.0;2.0;1.0;0.0;A01
53490;201400035390;0;7;0;0.0;2.0;1.0;13.0;A01
53491;201400035390;0;7;0;0.0;2.0;1.0;1.0;B01
53492;201400035391;0;7;0;0.0;2.0;1.0;2.0;A01
53493;201400035391;0;10;0;0.0;2.0;4.0;2.0;B01
53494;201400035392;0;33;0;0.0;0.0;8.0;0.0;B01
53495;201400035392;0;7;0;0.0;0.0;2.0;15.0;A01
53496;201400035393;0;7;0;0.0;2.0;4.0;13.0;A01
53497;201400035393;0;7;0;0.0;2.0;1.0;1.0;B01
53498;201400035394;0;7;0;0.0;2.0;1.0;19.0;A01
53499;201400035394;0;7;0;0.0;2.0;7.0;1.0;B01
53500;201400035395;0;7;0;0.0;2.0;3.0;19.0;A01
53501;201400035395;0;7;0;0.0;2.0;3.0;23.0;C01
53502;201400035395;0;33;0;0.0;2.0;1.0;1.0;B01
53503;201400035397;0;33;0;16.0;0.0;8.0;1.0;A01
53504;201400035398;0;33;0;0.0;2.0;0.0;21.0;B01
53505;201400035398;1;7;0;0.0;0.0;0.0;15.0;Z01
53506;201400035399;0;10;0;0.0;9.0;0.0;1.0;A01
53507;201400035399;0;7;0;0.0;9.0;1.0;1.0;B01
53508;201400035399;0;30;0;0.0;9.0;1.0;0.0;C01
53509;201400035400;0;7;0;0.0;0.0;8.0;0.0;A01
53510;201400035401;0;7;0;13.0;0.0;2.0;1.0;A01
53511;201400035402;0;7;0;0.0;2.0;1.0;2.0;A01
53512;201400035402;0;7;0;0.0;0.0;4.0;1.0;B01
53513;201400035403;0;30;0;2.0;0.0;1.0;0.0;A01
53514;201400035403;1;7;0;0.0;0.0;0.0;2.0;Z01
53515;201400035404;0;7;0;0.0;2.0;1.0;16.0;A01
53516;201400035404;0;7;0;0.0;0.0;3.0;23.0;B01
53517;201400035405;0;7;0;0.0;0.0;0.0;0.0;A01
53518;201400035406;0;31;0;0.0;2.0;1.0;11.0;A01
53519;201400035406;0;7;0;0.0;2.0;1.0;0.0;B01
53520;201400035407;0;7;0;6.0;9.0;1.0;0.0;A01
53521;201400035407;0;7;0;0.0;2.0;4.0;2.0;C01
53522;201400035409;0;7;0;0.0;2.0;1.0;17.0;A01
53523;201400035409;0;7;0;0.0;0.0;5.0;13.0;B01
53524;201400035409;0;7;0;0.0;0.0;4.0;0.0;C01
53525;201400035409;0;7;0;0.0;0.0;4.0;1.0;D01
53526;201400035410;0;7;0;0.0;2.0;3.0;15.0;A01
53527;201400035410;0;33;0;0.0;2.0;3.0;1.0;B01
53528;201400035411;0;7;0;0.0;2.0;3.0;1.0;B01
53529;201400035411;0;30;0;0.0;2.0;5.0;19.0;A01
53530;201400035412;0;7;0;13.0;0.0;2.0;1.0;A01
53531;201400035413;0;7;0;0.0;2.0;1.0;1.0;A01
53532;201400035413;0;7;0;0.0;2.0;0.0;1.0;B01
53533;201400035414;0;7;0;0.0;2.0;1.0;0.0;C01
53534;201400035414;0;7;0;0.0;2.0;8.0;0.0;B01
53535;201400035414;0;7;0;0.0;2.0;1.0;13.0;A01
53536;201400035415;0;7;0;0.0;2.0;3.0;0.0;B01
53537;201400035415;0;7;0;0.0;2.0;3.0;0.0;A01
53538;201400035416;0;7;0;0.0;2.0;7.0;19.0;A01
53539;201400035416;0;2;0;0.0;2.0;1.0;0.0;B01
53540;201400035417;0;7;0;13.0;0.0;1.0;1.0;A01
53541;201400035418;0;33;0;0.0;2.0;2.0;2.0;A01
53542;201400035418;0;33;0;0.0;0.0;6.0;2.0;B01
53543;201400035419;0;33;0;16.0;0.0;0.0;10.0;A01
53544;201400035419;0;33;0;16.0;0.0;0.0;13.0;B01
53545;201400035419;0;33;0;16.0;0.0;0.0;13.0;C01
53546;201400035420;0;7;0;12.0;0.0;3.0;1.0;A01
53547;201400035421;0;7;0;0.0;2.0;3.0;1.0;B01
53548;201400035421;0;7;0;0.0;2.0;0.0;13.0;C01
53549;201400035421;0;7;0;0.0;2.0;3.0;13.0;A01
53550;201400035422;0;99;0;1.0;0.0;6.0;0.0;C01
53551;201400035422;0;7;0;1.0;0.0;6.0;14.0;A01
53552;201400035422;0;7;0;0.0;2.0;6.0;24.0;B01
53553;201400035423;0;13;0;0.0;2.0;7.0;15.0;A01
53554;201400035423;0;33;0;0.0;2.0;1.0;1.0;B01
53555;201400035424;0;33;0;13.0;0.0;1.0;6.0;A01
53556;201400035425;0;33;0;0.0;6.0;1.0;1.0;A01
53557;201400035426;0;33;0;0.0;2.0;2.0;21.0;B01
53558;201400035426;0;7;0;0.0;0.0;3.0;10.0;A01
53559;201400035427;0;7;0;2.0;0.0;2.0;0.0;A01
53560;201400035428;0;7;0;13.0;0.0;1.0;14.0;A01
53561;201400035429;0;33;0;0.0;0.0;8.0;10.0;A01
53562;201400035429;0;7;0;0.0;2.0;1.0;1.0;B01
53563;201400035430;0;7;0;0.0;2.0;1.0;1.0;B01
53564;201400035430;0;7;0;0.0;2.0;2.0;15.0;A01
53565;201400035431;0;7;0;0.0;2.0;1.0;5.0;A01
53566;201400035431;0;7;0;0.0;2.0;1.0;1.0;B01
53567;201400035432;0;33;0;0.0;2.0;1.0;1.0;B01
53568;201400035432;0;7;0;0.0;2.0;7.0;15.0;A01
53569;201400035433;0;7;0;12.0;0.0;1.0;0.0;A01
53570;201400035434;0;33;0;0.0;2.0;1.0;1.0;B01
53571;201400035434;0;10;0;0.0;2.0;7.0;9.0;A01
53572;201400035435;0;7;0;0.0;2.0;8.0;5.0;A01
53573;201400035435;0;7;0;0.0;2.0;1.0;1.0;B01
53574;201400035436;0;7;0;2.0;0.0;2.0;0.0;A01
53575;201400035437;0;7;0;0.0;2.0;0.0;1.0;A01
53576;201400035437;0;1;0;2.0;2.0;4.0;2.0;B01
53577;201400035438;0;7;0;0.0;2.0;3.0;10.0;A01
53578;201400035438;0;33;0;0.0;2.0;1.0;3.0;B01
53579;201400035439;0;7;0;0.0;1.0;3.0;15.0;A01
53580;201400035440;0;7;0;14.0;1.0;1.0;2.0;A01
53581;201400035442;0;7;0;0.0;1.0;2.0;17.0;A01
53582;201400035443;0;7;0;0.0;0.0;4.0;2.0;B01
53583;201400035443;0;7;0;0.0;0.0;1.0;2.0;A01
53584;201400035444;0;7;0;0.0;2.0;0.0;15.0;A01
53585;201400035444;0;33;0;0.0;2.0;0.0;1.0;B01
53586;201400035445;0;7;0;0.0;2.0;8.0;1.0;B01
53587;201400035445;0;7;0;11.0;2.0;1.0;1.0;A01
53588;201400035446;0;7;0;0.0;0.0;6.0;2.0;C01
53589;201400035446;0;7;0;0.0;0.0;1.0;2.0;A01
53590;201400035446;0;2;0;0.0;0.0;4.0;2.0;B01
53591;201400035447;0;7;0;0.0;1.0;1.0;1.0;A01
53592;201400035448;0;7;0;0.0;0.0;1.0;2.0;A01
53593;201400035448;0;7;0;0.0;0.0;4.0;2.0;B01
53594;201400035450;0;7;0;0.0;1.0;0.0;0.0;A01
53595;201400035451;0;37;1;0.0;0.0;3.0;1.0;A01
53596;201400035451;1;7;0;0.0;2.0;6.0;0.0;Z01
53597;201400035452;2;7;0;0.0;0.0;2.0;0.0;B01
53598;201400035452;0;7;0;0.0;2.0;3.0;0.0;A01
53599;201400035453;0;7;0;0.0;1.0;2.0;1.0;A01
53600;201400035454;0;37;5;0.0;1.0;1.0;1.0;A01
53601;201400035455;0;7;0;0.0;2.0;1.0;0.0;B01
53602;201400035455;0;7;0;0.0;0.0;1.0;0.0;A01
53603;201400035457;0;7;0;0.0;1.0;2.0;0.0;A01
53604;201400035459;0;33;0;13.0;0.0;1.0;0.0;A01
53605;201400035460;1;7;0;0.0;2.0;1.0;2.0;Z01
53606;201400035460;0;7;0;0.0;2.0;5.0;2.0;C01
53607;201400035460;0;7;0;0.0;2.0;4.0;2.0;B01
53608;201400035461;0;7;0;0.0;2.0;1.0;2.0;C01
53609;201400035461;0;7;0;0.0;2.0;1.0;2.0;D01
53610;201400035461;0;7;0;0.0;2.0;1.0;2.0;E01
53611;201400035461;0;7;0;0.0;2.0;4.0;2.0;B01
53612;201400035461;1;7;0;0.0;0.0;0.0;23.0;A01
53613;201400035462;0;7;0;0.0;0.0;8.0;0.0;B01
53614;201400035462;0;3;0;0.0;0.0;8.0;0.0;C01
53615;201400035462;0;33;0;0.0;2.0;9.0;0.0;A01
53616;201400035463;0;7;0;0.0;1.0;2.0;17.0;A01
53617;201400035464;0;7;0;0.0;2.0;5.0;2.0;B01
53618;201400035464;0;32;0;0.0;2.0;3.0;2.0;A01
53619;201400035465;0;37;3;12.0;1.0;1.0;1.0;A01
53620;201400035466;0;7;0;0.0;2.0;5.0;1.0;A01
53621;201400035466;0;7;0;0.0;2.0;1.0;1.0;B01
53622;201400035467;0;7;0;0.0;2.0;1.0;1.0;C01
53623;201400035467;0;7;0;0.0;2.0;1.0;2.0;B01
53624;201400035467;0;7;0;0.0;0.0;4.0;0.0;A01
53625;201400035468;0;7;0;0.0;2.0;1.0;15.0;A01
53626;201400035468;0;2;0;0.0;2.0;1.0;2.0;B01
53627;201400035470;0;30;0;0.0;0.0;0.0;2.0;A01
53628;201400035471;0;10;0;0.0;2.0;1.0;2.0;A01
53629;201400035471;0;7;0;0.0;2.0;4.0;1.0;B01
53630;201400035472;1;7;0;0.0;1.0;2.0;1.0;A01
53631;201400035473;0;10;0;0.0;1.0;2.0;16.0;A01
53632;201400035474;0;7;0;0.0;1.0;3.0;2.0;A01
53633;201400035475;0;7;0;0.0;1.0;2.0;0.0;A01
53634;201400035476;0;7;0;0.0;2.0;7.0;12.0;A01
53635;201400035476;0;2;0;0.0;2.0;8.0;0.0;B01
53636;201400035477;0;7;0;13.0;0.0;4.0;10.0;B01
53637;201400035477;0;7;0;13.0;2.0;1.0;0.0;A01
53638;201400035478;1;7;0;0.0;9.0;2.0;1.0;A01
53639;201400035478;0;1;0;0.0;0.0;4.0;1.0;B01
53640;201400035479;0;7;0;0.0;1.0;1.0;0.0;A01
53641;201400035480;0;7;0;0.0;2.0;1.0;13.0;A01
53642;201400035480;0;7;0;0.0;2.0;1.0;5.0;B01
53643;201400035481;0;7;0;0.0;2.0;1.0;5.0;A01
53644;201400035481;0;7;0;0.0;2.0;1.0;1.0;B01
53645;201400035482;0;7;0;0.0;0.0;7.0;1.0;A01
53646;201400035482;0;10;0;0.0;2.0;1.0;1.0;B01
53647;201400035482;0;7;0;0.0;0.0;0.0;1.0;C01
53648;201400035483;0;7;0;0.0;0.0;2.0;10.0;A01
53649;201400035483;0;33;0;0.0;2.0;3.0;1.0;B01
53650;201400035484;0;7;0;0.0;1.0;1.0;1.0;A01
53651;201400035485;0;10;0;15.0;0.0;2.0;14.0;A01
53652;201400035486;0;7;0;16.0;2.0;1.0;11.0;A01
53653;201400035486;0;33;0;0.0;0.0;1.0;2.0;B01
53654;201400035487;0;7;0;0.0;1.0;1.0;16.0;A01
53655;201400035488;0;7;0;0.0;2.0;3.0;15.0;B01
53656;201400035488;0;31;0;0.0;2.0;1.0;17.0;A01
53657;201400035489;0;7;0;2.0;0.0;1.0;13.0;A01
53658;201400035490;0;7;0;0.0;1.0;2.0;0.0;A01
53659;201400035491;0;7;0;0.0;2.0;1.0;1.0;A01
53660;201400035491;0;7;0;0.0;2.0;4.0;1.0;B01
53661;201400035492;0;7;0;0.0;1.0;2.0;0.0;A01
53662;201400035493;0;7;0;0.0;2.0;2.0;12.0;A01
53663;201400035493;0;33;0;0.0;2.0;3.0;1.0;B01
53664;201400035494;0;7;0;0.0;0.0;6.0;15.0;A01
53665;201400035494;0;33;0;0.0;0.0;8.0;2.0;B01
53666;201400035495;0;7;0;1.0;1.0;3.0;1.0;A01
53667;201400035496;2;7;0;0.0;2.0;7.0;1.0;A01
53668;201400035496;0;7;0;0.0;0.0;3.0;1.0;B01
53669;201400035496;0;7;0;0.0;2.0;3.0;23.0;C01
53670;201400035496;0;7;0;0.0;2.0;1.0;23.0;D01
53671;201400035497;0;7;0;0.0;1.0;1.0;20.0;A01
53672;201400035498;0;33;0;0.0;2.0;1.0;15.0;B01
53673;201400035498;0;7;0;0.0;2.0;1.0;15.0;A01
53674;201400035499;0;99;0;0.0;0.0;1.0;1.0;A01
53675;201400035499;0;33;0;0.0;0.0;8.0;9.0;B01
53676;201400035500;0;33;0;2.0;2.0;3.0;1.0;A01
53677;201400035500;0;7;0;0.0;2.0;3.0;15.0;B01
53678;201400035501;0;2;0;0.0;2.0;1.0;1.0;B01
53679;201400035501;0;7;0;0.0;2.0;8.0;15.0;A01
53680;201400035502;0;7;0;0.0;2.0;1.0;1.0;B01
53681;201400035502;0;7;0;0.0;2.0;3.0;19.0;A01
53682;201400035503;0;1;0;0.0;2.0;4.0;2.0;B01
53683;201400035503;0;7;0;0.0;2.0;1.0;2.0;A01
53684;201400035504;0;33;0;0.0;2.0;3.0;15.0;B01
53685;201400035504;0;7;0;0.0;2.0;2.0;1.0;A01
53686;201400035505;0;30;0;0.0;2.0;1.0;19.0;B01
53687;201400035505;0;7;0;0.0;2.0;3.0;1.0;A01
53688;201400035506;0;1;0;0.0;0.0;8.0;0.0;A01
53689;201400035506;1;7;0;0.0;0.0;0.0;20.0;Z01
53690;201400035507;0;30;0;0.0;0.0;1.0;2.0;A01