;Num_Acc;senc;catv;occutc;obs;obsm;choc;manv;num_veh
53691;201400035507;0;7;0;0.0;0.0;4.0;16.0;B01
53692;201400035508;0;7;0;0.0;2.0;2.0;15.0;A01
53693;201400035508;0;7;0;0.0;2.0;1.0;1.0;B01
53694;201400035509;0;7;0;0.0;1.0;3.0;2.0;A01
53695;201400035510;0;7;0;0.0;0.0;1.0;0.0;A01
53696;201400035510;0;38;1;0.0;0.0;1.0;0.0;B01
53697;201400035511;0;7;0;0.0;2.0;2.0;17.0;A01
53698;201400035511;0;33;0;0.0;2.0;1.0;1.0;B01
53699;201400035511;0;7;0;0.0;0.0;1.0;2.0;C01
53700;201400035512;0;1;0;0.0;0.0;4.0;2.0;B01
53701;201400035512;1;7;0;0.0;0.0;0.0;0.0;Z01
53702;201400035513;0;7;0;0.0;1.0;2.0;0.0;A01
53703;201400035514;0;7;0;0.0;1.0;3.0;1.0;A01
53704;201400035515;0;7;0;0.0;1.0;2.0;12.0;A01
53705;201400035516;0;10;0;0.0;1.0;2.0;2.0;A01
53706;201400035517;0;37;2;0.0;1.0;3.0;1.0;A01
53707;201400035519;0;32;0;0.0;2.0;8.0;0.0;B01
53708;201400035519;0;7;0;0.0;2.0;1.0;15.0;A01
53709;201400035520;0;1;0;0.0;2.0;8.0;13.0;B01
53710;201400035520;0;7;0;0.0;2.0;7.0;17.0;A01
53711;201400035521;0;7;0;0.0;2.0;1.0;2.0;A01
53712;201400035521;0;7;0;0.0;0.0;4.0;2.0;B01
53713;201400035522;0;7;0;0.0;2.0;1.0;1.0;B01
53714;201400035522;0;3;0;0.0;2.0;3.0;1.0;A01
53715;201400035523;0;33;0;0.0;2.0;8.0;1.0;B01
53716;201400035523;0;7;0;0.0;2.0;1.0;6.0;A01
53717;201400035524;0;7;0;0.0;1.0;2.0;16.0;A01
53718;201400035525;0;33;0;12.0;0.0;8.0;15.0;A01
53719;201400035526;1;2;0;0.0;1.0;1.0;0.0;Z01
53720;201400035527;0;7;0;0.0;2.0;6.0;2.0;B01
53721;201400035527;0;33;0;0.0;2.0;1.0;9.0;A01
53722;201400035528;0;31;0;16.0;0.0;1.0;0.0;A01
53723;201400035529;0;7;0;0.0;1.0;2.0;2.0;A01
53724;201400035530;0;7;0;0.0;1.0;2.0;1.0;A01
53725;201400035531;0;31;0;0.0;1.0;1.0;17.0;A01
53726;201400035532;0;34;0;0.0;0.0;8.0;1.0;B01
53727;201400035532;0;7;0;0.0;0.0;1.0;15.0;A01
53728;201400035533;0;34;0;0.0;2.0;7.0;0.0;B01
53729;201400035533;0;7;0;0.0;2.0;3.0;1.0;C01
53730;201400035533;0;10;0;0.0;2.0;3.0;15.0;A01
53731;201400035534;0;2;0;1.0;0.0;1.0;2.0;A01
53732;201400035535;2;7;0;0.0;2.0;2.0;1.0;A01
53733;201400035535;1;99;0;0.0;2.0;2.0;0.0;B01
53734;201400035536;0;2;0;8.0;0.0;2.0;1.0;A01
53735;201400035537;0;7;0;14.0;0.0;1.0;6.0;A01
53736;201400035538;0;1;0;0.0;2.0;5.0;19.0;Y01
53737;201400035538;1;7;0;0.0;2.0;1.0;0.0;Z01
53738;201400035539;1;7;0;0.0;1.0;1.0;0.0;Z01
53739;201400035540;0;2;0;0.0;2.0;1.0;1.0;B01
53740;201400035541;1;7;0;0.0;1.0;2.0;1.0;Z01
53741;201400035542;0;7;0;0.0;2.0;3.0;1.0;B01
53742;201400035542;0;7;0;0.0;2.0;3.0;13.0;Z01
53743;201400035543;0;7;0;0.0;2.0;4.0;2.0;C01
53744;201400035543;0;14;0;0.0;2.0;3.0;2.0;A01
53745;201400035543;0;7;0;0.0;2.0;5.0;2.0;B01
53746;201400035543;0;7;0;0.0;2.0;4.0;2.0;D01
53747;201400035544;0;7;0;0.0;2.0;3.0;15.0;B01
53748;201400035544;0;33;0;0.0;2.0;1.0;1.0;A01
53749;201400035545;0;7;0;0.0;1.0;2.0;15.0;A01
53750;201400035546;0;32;0;0.0;0.0;0.0;1.0;A01
53751;201400035547;0;1;0;0.0;2.0;1.0;16.0;B01
53752;201400035547;0;7;0;0.0;2.0;2.0;1.0;A01
53753;201400035548;0;7;0;8.0;2.0;3.0;15.0;A01
53754;201400035548;0;33;0;0.0;2.0;1.0;13.0;B01
53755;201400035549;0;7;0;14.0;0.0;3.0;1.0;A01
53756;201400035550;0;7;0;0.0;2.0;3.0;0.0;A01
53757;201400035550;0;7;0;0.0;0.0;6.0;0.0;B01
53758;201400035550;0;7;0;0.0;2.0;3.0;0.0;C01
53759;201400035550;0;7;0;0.0;2.0;2.0;0.0;D01
53760;201400035551;0;7;0;0.0;1.0;2.0;2.0;A01
53761;201400035552;0;7;0;0.0;2.0;2.0;15.0;A01
53762;201400035552;0;2;0;0.0;2.0;1.0;1.0;B01
53763;201400035553;0;32;0;0.0;0.0;0.0;1.0;A01
53764;201400035554;0;7;0;2.0;0.0;3.0;6.0;A01
53765;201400035555;0;10;0;0.0;1.0;3.0;1.0;A01
53766;201400035556;0;7;0;12.0;0.0;0.0;17.0;A01
53767;201400035557;1;99;0;0.0;1.0;7.0;15.0;Z01
53768;201400035558;0;1;0;0.0;2.0;8.0;15.0;B01
53769;201400035558;0;7;0;0.0;2.0;1.0;17.0;A01
53770;201400035559;0;7;0;0.0;0.0;6.0;0.0;A01
53771;201400035559;1;7;0;0.0;0.0;0.0;0.0;Z01
53772;201400035560;0;7;0;0.0;1.0;3.0;16.0;A01
53773;201400035561;0;2;0;0.0;2.0;1.0;21.0;A01
53774;201400035561;0;30;0;0.0;0.0;4.0;23.0;B01
53775;201400035562;0;31;0;0.0;0.0;0.0;2.0;A01
53776;201400035563;0;7;0;2.0;2.0;8.0;0.0;B01
53777;201400035563;0;7;0;0.0;2.0;1.0;15.0;A01
53778;201400035563;0;7;0;0.0;2.0;2.0;23.0;C01
53779;201400035564;0;7;0;0.0;2.0;7.0;21.0;B01
53780;201400035564;0;7;0;2.0;2.0;1.0;13.0;A01
53781;201400035565;0;7;0;0.0;1.0;3.0;9.0;A01
53782;201400035566;0;7;0;2.0;9.0;0.0;0.0;A01
53783;201400035567;0;7;0;0.0;2.0;1.0;13.0;A01
53784;201400035567;0;7;0;0.0;2.0;1.0;1.0;B01
53785;201400035568;0;7;0;0.0;0.0;1.0;5.0;A01
53786;201400035569;0;10;0;0.0;0.0;1.0;5.0;A01
53787;201400035569;0;7;0;0.0;2.0;1.0;1.0;B01
53788;201400035570;0;7;0;6.0;0.0;1.0;13.0;A01
53789;201400035571;0;7;0;0.0;2.0;8.0;1.0;B01
53790;201400035571;0;7;0;8.0;2.0;2.0;1.0;A01
53791;201400035572;0;7;0;0.0;1.0;3.0;1.0;A01
53792;201400035573;0;7;0;0.0;2.0;8.0;1.0;A01
53793;201400035573;0;7;0;0.0;2.0;1.0;1.0;B01
53794;201400035574;0;7;0;0.0;1.0;1.0;1.0;A01
53795;201400035575;0;7;0;0.0;2.0;2.0;17.0;A01
53796;201400035575;0;2;0;0.0;2.0;5.0;0.0;B01
53797;201400035576;0;7;0;0.0;0.0;4.0;23.0;C01
53798;201400035576;0;7;0;0.0;2.0;1.0;2.0;A01
53799;201400035576;0;7;0;0.0;0.0;4.0;23.0;B01
53800;201400035577;0;7;0;0.0;0.0;6.0;1.0;A01
53801;201400035577;0;7;0;0.0;2.0;6.0;1.0;B01
53802;201400035578;0;7;0;0.0;2.0;5.0;15.0;A01
53803;201400035578;0;31;0;0.0;2.0;1.0;1.0;B01
53804;201400035579;0;7;0;0.0;1.0;2.0;1.0;A01
53805;201400035580;0;7;0;0.0;2.0;8.0;1.0;A01
53806;201400035580;0;17;0;0.0;2.0;3.0;11.0;C01
53807;201400035580;0;7;0;0.0;2.0;8.0;2.0;B01
53808;201400035581;0;7;0;0.0;1.0;2.0;16.0;A01
53809;201400035582;0;7;0;0.0;0.0;6.0;23.0;B01
53810;201400035582;0;7;0;7.0;2.0;1.0;6.0;A01
53811;201400035583;0;7;0;2.0;0.0;1.0;14.0;A01
53812;201400035585;0;7;0;2.0;0.0;2.0;11.0;A01
53813;201400035586;0;7;0;0.0;1.0;0.0;19.0;A01
53814;201400035587;0;7;0;0.0;1.0;1.0;1.0;A01
53815;201400035588;0;7;0;0.0;1.0;2.0;1.0;A01
53816;201400035589;0;7;0;0.0;2.0;2.0;1.0;A01
53817;201400035589;0;33;0;0.0;2.0;6.0;1.0;B01
53818;201400035590;0;7;0;0.0;1.0;2.0;1.0;A01
53819;201400035591;0;7;0;0.0;1.0;3.0;1.0;A01
53820;201400035592;0;7;0;0.0;2.0;1.0;17.0;A01
53821;201400035592;0;7;0;0.0;2.0;6.0;15.0;B01
53822;201400035593;0;7;0;0.0;1.0;1.0;1.0;A01
53823;201400035594;0;7;0;0.0;2.0;3.0;6.0;A01
53824;201400035594;0;33;0;0.0;2.0;1.0;1.0;B01
53825;201400035595;0;1;0;0.0;2.0;8.0;15.0;A01
53826;201400035595;0;7;0;0.0;2.0;2.0;1.0;B01
53827;201400035596;0;7;0;2.0;0.0;1.0;1.0;A01
53828;201400035597;0;33;0;14.0;2.0;0.0;1.0;A01
53829;201400035597;0;7;0;0.0;2.0;3.0;1.0;B01
53830;201400035598;0;33;0;0.0;2.0;7.0;1.0;B01
53831;201400035598;0;7;0;0.0;2.0;7.0;15.0;A01
53832;201400035599;0;37;1;0.0;2.0;2.0;1.0;A01
53833;201400035599;0;33;0;0.0;2.0;6.0;9.0;B01
53834;201400035600;0;7;0;0.0;2.0;1.0;1.0;A01
53835;201400035600;0;7;0;0.0;2.0;4.0;2.0;B01
53836;201400035601;0;33;0;0.0;0.0;7.0;1.0;A01
53837;201400035602;0;7;0;0.0;2.0;7.0;1.0;B01
53838;201400035602;0;7;0;0.0;2.0;1.0;9.0;A01
53839;201400035603;0;7;0;0.0;1.0;2.0;1.0;A01
53840;201400035605;0;7;0;0.0;1.0;2.0;1.0;A01
53841;201400035606;0;3;0;0.0;2.0;3.0;1.0;B01
53842;201400035606;0;7;0;0.0;2.0;2.0;15.0;A01
53843;201400035607;0;31;0;0.0;2.0;1.0;1.0;B01
53844;201400035607;1;10;0;0.0;2.0;8.0;1.0;A01
53845;201400035608;0;7;0;0.0;2.0;3.0;15.0;A01
53846;201400035608;0;34;0;0.0;2.0;1.0;1.0;B01
53847;201400035609;0;7;0;0.0;2.0;3.0;2.0;A01
53848;201400035609;0;1;0;0.0;2.0;1.0;2.0;B01
53849;201400035610;0;32;0;0.0;2.0;1.0;1.0;B01
53850;201400035610;0;7;0;0.0;2.0;3.0;9.0;A01
53851;201400035611;0;10;0;0.0;1.0;4.0;4.0;A01
53852;201400035612;0;7;0;0.0;2.0;5.0;2.0;B01
53853;201400035612;0;2;0;0.0;2.0;1.0;2.0;A01
53854;201400035613;0;33;0;2.0;0.0;1.0;1.0;A01
53855;201400035614;0;32;0;0.0;2.0;1.0;17.0;B01
53856;201400035614;0;10;0;0.0;2.0;8.0;15.0;A01
53857;201400035615;0;10;0;0.0;1.0;1.0;1.0;A01
53858;201400035616;0;7;0;1.0;2.0;0.0;1.0;B01
53859;201400035616;0;7;0;1.0;2.0;8.0;10.0;A01
53860;201400035617;0;33;0;0.0;1.0;7.0;2.0;A01
53861;201400035618;1;33;0;0.0;2.0;1.0;0.0;A01
53862;201400035618;0;1;0;0.0;2.0;1.0;0.0;B01
53863;201400035619;0;7;0;0.0;2.0;3.0;15.0;A01
53864;201400035619;0;33;0;0.0;2.0;1.0;17.0;B01
53865;201400035620;0;33;0;0.0;0.0;0.0;1.0;A01
53866;201400035622;0;31;0;15.0;0.0;1.0;1.0;A01
53867;201400035623;0;7;0;0.0;2.0;7.0;9.0;A01
53868;201400035623;0;7;0;0.0;2.0;8.0;1.0;C01
53869;201400035623;0;7;0;9.0;2.0;3.0;1.0;B01
53870;201400035624;0;7;0;0.0;1.0;2.0;1.0;A01
53871;201400035625;0;7;0;0.0;2.0;7.0;15.0;A01
53872;201400035625;0;31;0;0.0;2.0;1.0;1.0;B01
53873;201400035626;0;33;0;0.0;0.0;8.0;15.0;A01
53874;201400035627;0;7;0;0.0;1.0;2.0;1.0;A01
53875;201400035628;0;7;0;0.0;2.0;3.0;10.0;A01
53876;201400035628;0;33;0;0.0;2.0;1.0;2.0;B01
53877;201400035629;0;7;0;0.0;1.0;2.0;15.0;A01
53878;201400035630;0;30;0;0.0;2.0;1.0;1.0;B01
53879;201400035630;0;7;0;0.0;2.0;3.0;15.0;A01
53880;201400035631;1;7;0;0.0;2.0;6.0;10.0;A01
53881;201400035631;0;33;0;0.0;2.0;1.0;1.0;B01
53882;201400035632;0;7;0;0.0;2.0;1.0;9.0;A01
53883;201400035632;0;7;0;0.0;2.0;2.0;1.0;B01
53884;201400035633;0;7;0;0.0;1.0;2.0;1.0;A01
53885;201400035634;0;7;0;16.0;0.0;9.0;1.0;A01
53886;201400035636;0;30;0;0.0;2.0;1.0;1.0;B01
53887;201400035636;0;7;0;0.0;2.0;1.0;15.0;A01
53888;201400035637;0;7;0;0.0;1.0;3.0;1.0;A01
53889;201400035638;0;7;0;0.0;1.0;2.0;1.0;A01
53890;201400035639;0;7;0;0.0;1.0;1.0;2.0;A01
53891;201400035640;0;7;0;0.0;2.0;1.0;1.0;B01
53892;201400035640;0;7;0;0.0;2.0;1.0;13.0;A01
53893;201400035641;0;7;0;0.0;0.0;8.0;1.0;B01
53894;201400035641;0;33;0;0.0;0.0;8.0;17.0;A01
53895;201400035642;0;7;0;0.0;1.0;7.0;0.0;A01
53896;201400035643;0;7;0;9.0;0.0;1.0;2.0;A01
53897;201400035644;0;7;0;3.0;0.0;2.0;14.0;A01
53898;201400035645;0;32;0;0.0;2.0;0.0;1.0;B01
53899;201400035645;0;7;0;0.0;2.0;0.0;0.0;A01
53900;201400035646;0;7;0;0.0;2.0;1.0;1.0;B01
53901;201400035646;0;7;0;0.0;2.0;2.0;15.0;A01
53902;201400035647;1;99;0;0.0;2.0;2.0;0.0;B01
53903;201400035647;0;33;0;0.0;0.0;7.0;17.0;A01
53904;201400035648;0;7;0;0.0;2.0;2.0;19.0;A01
53905;201400035648;0;33;0;0.0;0.0;8.0;1.0;B01
53906;201400035649;1;7;0;0.0;1.0;0.0;0.0;Z01
53907;201400035650;0;33;0;0.0;0.0;1.0;17.0;A01
53908;201400035650;0;7;0;0.0;0.0;8.0;15.0;B01
53909;201400035651;0;7;0;15.0;0.0;9.0;2.0;A01
53910;201400035652;0;1;0;0.0;2.0;8.0;2.0;B01
53911;201400035652;0;31;0;0.0;9.0;7.0;2.0;A01
53912;201400035653;0;7;0;0.0;2.0;8.0;2.0;B01
53913;201400035653;0;31;0;0.0;2.0;2.0;17.0;A01
53914;201400035654;0;7;0;0.0;2.0;8.0;1.0;B01
53915;201400035654;0;7;0;0.0;2.0;2.0;15.0;A01
53916;201400035655;2;7;0;1.0;1.0;1.0;0.0;A01
53917;201400035656;0;7;0;15.0;0.0;1.0;1.0;A01
53918;201400035657;0;7;0;0.0;1.0;1.0;15.0;A01
53919;201400035658;0;33;0;15.0;0.0;1.0;1.0;A01
53920;201400035659;0;7;0;0.0;2.0;1.0;13.0;A01
53921;201400035659;0;7;0;0.0;2.0;1.0;1.0;B01
53922;201400035660;0;7;0;0.0;1.0;2.0;1.0;A01
53923;201400035661;0;7;0;3.0;2.0;1.0;1.0;B01
53924;201400035661;0;7;0;3.0;2.0;1.0;13.0;A01
53925;201400035662;0;7;0;0.0;2.0;3.0;1.0;A01
53926;201400035662;0;1;0;0.0;2.0;8.0;15.0;B01
53927;201400035663;0;7;0;0.0;2.0;8.0;15.0;B01
53928;201400035663;0;1;0;14.0;2.0;0.0;13.0;A01
53929;201400035665;0;7;0;0.0;2.0;1.0;2.0;A01
53930;201400035665;0;7;0;0.0;0.0;6.0;1.0;B01
53931;201400035666;0;7;0;0.0;2.0;4.0;0.0;A01
53932;201400035666;0;7;0;0.0;2.0;1.0;2.0;F02
53933;201400035666;0;7;0;0.0;2.0;7.0;0.0;D01
53934;201400035666;0;7;0;0.0;2.0;1.0;11.0;E01
53935;201400035666;0;7;0;0.0;2.0;1.0;2.0;C01
53936;201400035666;0;7;0;0.0;2.0;8.0;0.0;B01
53937;201400035667;0;7;0;0.0;1.0;2.0;1.0;A01
53938;201400035668;0;7;0;0.0;1.0;2.0;1.0;A01
53939;201400035669;0;7;0;1.0;0.0;3.0;2.0;A01
53940;201400035669;0;7;0;0.0;2.0;7.0;24.0;B01
53941;201400035670;0;7;0;0.0;2.0;8.0;10.0;A01
53942;201400035670;0;33;0;0.0;2.0;1.0;17.0;B01
53943;201400035671;0;7;0;12.0;1.0;3.0;1.0;A01
53944;201400035672;0;7;0;2.0;0.0;7.0;0.0;A01
53945;201400035673;0;7;0;0.0;2.0;4.0;2.0;B01
53946;201400035673;1;7;0;0.0;2.0;1.0;2.0;A01
53947;201400035674;0;7;0;0.0;2.0;7.0;0.0;B01
53948;201400035674;0;2;0;0.0;2.0;1.0;0.0;A01
53949;201400035675;0;14;0;0.0;2.0;1.0;1.0;A01
53950;201400035675;0;7;0;0.0;2.0;4.0;1.0;B01
53951;201400035675;0;10;0;0.0;2.0;4.0;1.0;C01
53952;201400035675;0;7;0;0.0;2.0;1.0;2.0;D01
53953;201400035676;0;33;0;0.0;0.0;0.0;0.0;A01
53954;201400035677;0;7;0;0.0;0.0;1.0;13.0;A01
53955;201400035677;0;7;0;0.0;0.0;3.0;1.0;B01
53956;201400035677;0;7;0;0.0;0.0;8.0;1.0;C01
53957;201400035678;0;7;0;0.0;2.0;8.0;2.0;B01
53958;201400035678;0;7;0;0.0;2.0;1.0;2.0;A01
53959;201400035679;0;7;0;1.0;0.0;6.0;1.0;A01
53960;201400035679;0;7;0;0.0;0.0;2.0;9.0;B01
53961;201400035680;0;7;0;0.0;1.0;3.0;1.0;A01
53962;201400035681;0;7;0;0.0;1.0;3.0;1.0;A01
53963;201400035682;0;10;0;0.0;1.0;2.0;1.0;A01
53964;201400035683;0;7;0;0.0;2.0;2.0;6.0;A01
53965;201400035683;0;7;0;0.0;2.0;3.0;1.0;B01
53966;201400035684;0;7;0;0.0;2.0;3.0;9.0;A01
53967;201400035684;0;33;0;0.0;2.0;8.0;1.0;B01
53968;201400035685;0;7;0;0.0;2.0;4.0;2.0;D01
53969;201400035685;0;7;0;0.0;2.0;4.0;1.0;C01
53970;201400035685;0;7;0;0.0;2.0;4.0;2.0;B01
53971;201400035685;0;7;0;0.0;2.0;1.0;1.0;A01
53972;201400035686;0;10;0;0.0;2.0;8.0;2.0;A01
53973;201400035686;0;7;0;0.0;2.0;1.0;2.0;B01
53974;201400035687;0;10;0;0.0;1.0;1.0;15.0;A01
53975;201400035688;0;7;0;0.0;0.0;5.0;15.0;B01
53976;201400035688;0;31;0;0.0;2.0;1.0;1.0;A01
53977;201400035689;0;7;0;0.0;2.0;7.0;15.0;A01
53978;201400035689;0;34;0;0.0;2.0;1.0;21.0;B01
53979;201400035690;0;10;0;0.0;1.0;4.0;20.0;A01
53980;201400035691;0;7;0;3.0;0.0;5.0;2.0;B01
53981;201400035691;0;7;0;3.0;2.0;3.0;2.0;A01
53982;201400035691;0;7;0;3.0;2.0;5.0;2.0;C01
53983;201400035692;0;10;0;0.0;2.0;1.0;2.0;C01
53984;201400035692;0;7;0;0.0;2.0;1.0;5.0;A01
53985;201400035692;0;10;0;0.0;2.0;1.0;2.0;B01
53986;201400035693;0;99;0;0.0;0.0;1.0;23.0;B01
53987;201400035693;0;1;0;0.0;9.0;1.0;5.0;A01
53988;201400035694;0;7;0;0.0;2.0;7.0;15.0;B01
53989;201400035694;0;7;0;0.0;2.0;1.0;1.0;A01
53990;201400035695;0;33;0;0.0;1.0;2.0;0.0;A01
53991;201400035696;0;7;0;0.0;2.0;2.0;0.0;A01
53992;201400035696;0;1;0;0.0;0.0;4.0;0.0;B01
53993;201400035698;0;7;0;6.0;2.0;5.0;1.0;A01
53994;201400035698;0;7;0;0.0;2.0;1.0;1.0;B01
53995;201400035699;0;7;0;0.0;1.0;2.0;0.0;A01
53996;201400035700;0;33;0;11.0;2.0;1.0;17.0;A01
53997;201400035701;0;33;0;0.0;0.0;7.0;1.0;A01
53998;201400035702;0;7;0;0.0;2.0;4.0;23.0;B01
53999;201400035702;0;7;0;0.0;2.0;4.0;23.0;C01
54000;201400035702;0;7;0;0.0;2.0;1.0;2.0;A01
54001;201400035703;0;1;0;0.0;2.0;1.0;0.0;C01
54002;201400035703;0;7;0;0.0;9.0;2.0;0.0;A01
54003;201400035704;0;7;0;0.0;9.0;1.0;0.0;A01
54004;201400035704;0;1;0;0.0;2.0;0.0;19.0;C01
54005;201400035705;0;7;0;0.0;2.0;4.0;23.0;B01
54006;201400035705;0;7;0;0.0;2.0;1.0;2.0;A01
54007;201400035706;0;7;0;0.0;1.0;2.0;1.0;A01
54008;201400035707;0;7;0;0.0;1.0;2.0;1.0;A01
54009;201400035708;0;30;0;0.0;2.0;3.0;16.0;B01
54010;201400035708;0;7;0;0.0;2.0;2.0;16.0;A01
54011;201400035709;0;7;0;0.0;2.0;8.0;0.0;A01
54012;201400035709;0;7;0;0.0;2.0;1.0;1.0;B01
54013;201400035710;0;7;0;9.0;0.0;2.0;15.0;A01
54014;201400035710;0;7;0;0.0;2.0;1.0;2.0;B01
54015;201400035711;0;7;0;0.0;2.0;1.0;19.0;A01
54016;201400035711;0;7;0;0.0;0.0;8.0;15.0;B01
54017;201400035712;0;37;0;0.0;1.0;1.0;19.0;A01
54018;201400035713;0;7;0;0.0;9.0;3.0;0.0;A01
54019;201400035713;0;1;0;0.0;2.0;0.0;19.0;C01
54020;201400035714;0;7;0;0.0;2.0;6.0;16.0;B01
54021;201400035714;0;1;0;0.0;2.0;6.0;19.0;A01
54022;201400035715;0;7;0;0.0;1.0;2.0;15.0;A01
54023;201400035716;0;10;0;0.0;2.0;3.0;19.0;A01
54024;201400035716;0;37;2;0.0;2.0;5.0;0.0;B01
54025;201400035717;0;7;0;0.0;2.0;1.0;2.0;A01
54026;201400035717;0;7;0;0.0;2.0;4.0;2.0;B01
54027;201400035718;0;7;0;0.0;2.0;8.0;0.0;B01
54028;201400035718;0;7;0;0.0;2.0;1.0;19.0;A01
54029;201400035719;0;7;0;0.0;0.0;5.0;1.0;B01
54030;201400035719;0;7;0;0.0;2.0;3.0;9.0;A01
54031;201400035720;0;13;0;0.0;1.0;2.0;1.0;A01
54032;201400035721;0;7;0;0.0;1.0;1.0;0.0;A01
54033;201400035722;1;7;0;0.0;2.0;1.0;19.0;A01
54034;201400035722;0;7;0;0.0;2.0;7.0;19.0;B01
54035;201400035723;0;7;0;0.0;2.0;2.0;0.0;B01
54036;201400035723;0;3;0;0.0;2.0;1.0;19.0;A01
54037;201400035724;0;7;0;0.0;2.0;1.0;0.0;B01
54038;201400035724;0;7;0;0.0;2.0;4.0;23.0;A01
54039;201400035725;0;7;0;0.0;0.0;3.0;0.0;A01
54040;201400035725;0;7;0;0.0;0.0;3.0;0.0;B01
54041;201400035726;0;7;0;0.0;0.0;8.0;10.0;B01
54042;201400035726;0;7;0;0.0;2.0;2.0;1.0;A01
54043;201400035727;0;7;0;0.0;1.0;3.0;2.0;A01
54044;201400035728;0;7;0;1.0;1.0;4.0;20.0;A01
54045;201400035729;0;7;0;0.0;2.0;3.0;13.0;A01
54046;201400035729;0;7;0;1.0;2.0;3.0;1.0;B01
54047;201400035730;0;7;0;2.0;0.0;5.0;2.0;A01
54048;201400035730;0;7;0;2.0;0.0;1.0;2.0;B01
54049;201400035731;0;33;0;0.0;2.0;1.0;17.0;A01
54050;201400035731;0;7;0;0.0;2.0;3.0;1.0;B01
54051;201400035732;0;7;0;0.0;1.0;1.0;1.0;A01
54052;201400035733;0;33;0;0.0;2.0;1.0;3.0;B01
54053;201400035733;0;7;0;0.0;0.0;7.0;1.0;C01
54054;201400035734;0;7;0;0.0;1.0;1.0;1.0;A01
54055;201400035735;0;7;0;0.0;2.0;2.0;1.0;B01
54056;201400035735;0;7;0;0.0;2.0;1.0;1.0;A01
54057;201400035736;0;7;0;0.0;2.0;1.0;2.0;A01
54058;201400035736;0;7;0;0.0;2.0;4.0;2.0;B01
54059;201400035737;0;7;0;0.0;1.0;1.0;15.0;A01
54060;201400035738;0;7;0;0.0;2.0;1.0;1.0;A01
54061;201400035738;0;7;0;0.0;2.0;8.0;1.0;B01
54062;201400035739;0;7;0;0.0;1.0;1.0;15.0;A01
54063;201400035740;0;7;0;0.0;0.0;1.0;1.0;A01
54064;201400035740;0;7;0;0.0;2.0;8.0;1.0;B01
54065;201400035743;0;7;0;1.0;0.0;0.0;1.0;A01
54066;201400035744;0;7;0;0.0;1.0;1.0;1.0;A01
54067;201400035745;0;7;0;0.0;2.0;6.0;11.0;A01
54068;201400035745;0;33;0;0.0;2.0;7.0;1.0;B01
54069;201400035746;0;1;0;0.0;2.0;4.0;1.0;B01
54070;201400035746;0;7;0;0.0;2.0;1.0;1.0;A01
54071;201400035747;0;33;0;0.0;6.0;7.0;1.0;A01
54072;201400035748;1;7;0;0.0;1.0;1.0;1.0;Z01
54073;201400035749;0;7;0;0.0;2.0;4.0;2.0;B01
54074;201400035749;0;7;0;0.0;2.0;1.0;2.0;A01
54075;201400035750;0;7;0;0.0;1.0;1.0;1.0;A01
54076;201400035751;0;7;0;0.0;2.0;4.0;1.0;A01
54077;201400035751;1;99;0;0.0;2.0;2.0;0.0;Z01
54078;201400035752;0;7;0;0.0;0.0;4.0;1.0;B01
54079;201400035752;0;33;0;0.0;2.0;1.0;1.0;A01
54080;201400035753;0;33;0;0.0;2.0;3.0;1.0;B01
54081;201400035753;0;7;0;0.0;2.0;2.0;16.0;A01
54082;201400035754;0;7;0;0.0;1.0;7.0;1.0;A01
54083;201400035755;0;7;0;0.0;1.0;1.0;19.0;A01
54084;201400035756;0;10;0;0.0;0.0;7.0;19.0;A01
54085;201400035756;0;10;0;0.0;0.0;8.0;23.0;C01
54086;201400035756;0;7;0;0.0;0.0;1.0;19.0;B01
54087;201400035757;0;7;0;0.0;9.0;1.0;1.0;A01
54088;201400035757;0;1;0;0.0;2.0;8.0;19.0;B01
54089;201400035758;0;7;0;0.0;2.0;2.0;1.0;B01
54090;201400035758;0;13;0;0.0;2.0;6.0;11.0;A01
54091;201400035760;0;2;0;0.0;2.0;7.0;1.0;A01
54092;201400035760;0;7;0;0.0;2.0;7.0;1.0;B01
54093;201400035761;0;7;0;0.0;2.0;2.0;15.0;A01
54094;201400035761;0;33;0;0.0;2.0;1.0;1.0;B01
54095;201400035762;0;7;0;0.0;2.0;6.0;15.0;B01
54096;201400035762;0;33;0;0.0;2.0;1.0;17.0;A01
54097;201400035763;0;7;0;0.0;1.0;1.0;16.0;A01
54098;201400035764;0;7;0;0.0;2.0;3.0;15.0;B01
54099;201400035764;0;10;0;0.0;2.0;1.0;1.0;A01
54100;201400035765;0;7;0;0.0;2.0;1.0;2.0;A01
54101;201400035765;0;7;0;0.0;2.0;4.0;2.0;B01
54102;201400035766;0;38;7;0.0;2.0;3.0;1.0;B01
54103;201400035766;0;7;0;0.0;2.0;7.0;13.0;A01
54104;201400035767;0;1;0;0.0;0.0;8.0;1.0;B01
54105;201400035767;0;7;0;8.0;2.0;1.0;1.0;A01
54106;201400035768;0;30;0;12.0;2.0;1.0;2.0;B01
54107;201400035768;0;7;0;0.0;2.0;5.0;4.0;A01
54108;201400035770;0;7;0;0.0;2.0;3.0;15.0;B01
54109;201400035770;0;33;0;0.0;2.0;8.0;0.0;A01
54110;201400035771;0;7;0;0.0;1.0;2.0;2.0;A01
54111;201400035772;0;7;0;0.0;2.0;3.0;15.0;B01