;Num_Acc;senc;catv;occutc;obs;obsm;choc;manv;num_veh
54533;201400036070;0;7;0;0.0;2.0;7.0;1.0;B01
54534;201400036070;0;1;0;0.0;2.0;2.0;5.0;A01
54535;201400036071;0;33;0;0.0;2.0;8.0;2.0;B01
54536;201400036071;0;7;0;0.0;9.0;5.0;1.0;A01
54537;201400036072;0;7;0;0.0;1.0;2.0;16.0;A01
54538;201400036073;0;7;0;0.0;1.0;2.0;19.0;A01
54539;201400036074;0;33;0;0.0;2.0;2.0;17.0;A01
54540;201400036074;0;7;0;0.0;2.0;3.0;15.0;B01
54541;201400036075;0;7;0;0.0;1.0;5.0;16.0;A01
54542;201400036077;0;7;0;0.0;1.0;2.0;16.0;A01
54543;201400036078;0;1;0;0.0;2.0;8.0;1.0;B01
54544;201400036078;0;7;0;0.0;9.0;2.0;17.0;A01
54545;201400036079;0;32;0;0.0;2.0;1.0;1.0;A01
54546;201400036079;0;7;0;0.0;2.0;7.0;1.0;B01
54547;201400036080;0;7;0;0.0;1.0;2.0;1.0;A01
54548;201400036081;0;7;0;15.0;0.0;1.0;1.0;A01
54549;201400036082;0;33;0;8.0;2.0;7.0;1.0;A01
54550;201400036082;0;7;0;4.0;2.0;3.0;9.0;Z01
54551;201400036083;0;7;0;0.0;2.0;1.0;1.0;A01
54552;201400036083;0;7;0;0.0;2.0;4.0;23.0;D01
54553;201400036083;0;7;0;0.0;2.0;4.0;23.0;E01
54554;201400036083;0;7;0;0.0;2.0;4.0;23.0;B01
54555;201400036083;0;7;0;0.0;2.0;4.0;23.0;C01
54556;201400036084;0;7;0;0.0;2.0;7.0;15.0;A01
54557;201400036084;0;7;0;0.0;2.0;1.0;1.0;B01
54558;201400036085;0;31;0;0.0;2.0;5.0;3.0;B01
54559;201400036085;0;7;0;0.0;2.0;2.0;9.0;A01
54560;201400036086;0;33;0;0.0;2.0;1.0;0.0;A01
54561;201400036086;0;7;0;0.0;2.0;1.0;11.0;B01
54562;201400036087;0;37;0;0.0;1.0;2.0;7.0;A01
54563;201400036088;0;7;0;0.0;1.0;4.0;2.0;B01
54564;201400036088;0;7;0;0.0;2.0;1.0;2.0;A01
54565;201400036089;0;7;0;8.0;2.0;2.0;1.0;A01
54566;201400036089;0;7;0;0.0;2.0;1.0;1.0;B01
54567;201400036090;0;30;0;0.0;2.0;1.0;9.0;A01
54568;201400036090;0;1;0;0.0;0.0;1.0;19.0;B01
54569;201400036091;0;10;0;0.0;1.0;1.0;1.0;A01
54570;201400036093;0;33;0;1.0;0.0;1.0;1.0;B01
54571;201400036093;0;7;0;0.0;2.0;3.0;1.0;A01
54572;201400036094;0;7;0;0.0;1.0;3.0;0.0;A01
54573;201400036095;0;7;0;0.0;1.0;1.0;15.0;A01
54574;201400036096;0;7;0;0.0;1.0;1.0;15.0;A01
54575;201400036097;0;1;0;0.0;2.0;7.0;17.0;B01
54576;201400036097;0;7;0;0.0;2.0;3.0;15.0;A01
54577;201400036098;0;30;0;0.0;1.0;1.0;0.0;A01
54578;201400036099;0;7;0;0.0;1.0;3.0;15.0;A01
54579;201400036100;0;7;0;0.0;2.0;3.0;9.0;A01
54580;201400036100;0;33;0;0.0;2.0;1.0;1.0;B01
54581;201400036101;0;7;0;0.0;2.0;4.0;2.0;B01
54582;201400036101;0;7;0;0.0;2.0;1.0;2.0;C01
54583;201400036101;0;7;0;0.0;2.0;2.0;9.0;A01
54584;201400036102;0;7;0;0.0;1.0;1.0;0.0;A01
54585;201400036103;0;7;0;0.0;1.0;3.0;10.0;A01
54586;201400036104;0;2;0;0.0;2.0;6.0;15.0;B01
54587;201400036104;0;7;0;0.0;2.0;1.0;1.0;A01
54588;201400036105;0;7;0;0.0;2.0;5.0;12.0;A01
54589;201400036105;0;1;0;0.0;2.0;1.0;1.0;B01
54590;201400036106;0;7;0;0.0;2.0;5.0;1.0;B01
54591;201400036106;0;1;0;0.0;2.0;1.0;1.0;A01
54592;201400036107;0;2;0;0.0;2.0;1.0;3.0;B01
54593;201400036107;0;10;0;0.0;2.0;7.0;22.0;A01
54594;201400036107;0;7;0;0.0;2.0;6.0;1.0;C01
54595;201400036108;0;7;0;0.0;2.0;2.0;9.0;A01
54596;201400036108;0;33;0;0.0;2.0;1.0;2.0;B01
54597;201400036109;0;7;0;0.0;2.0;1.0;9.0;A01
54598;201400036109;0;30;0;0.0;2.0;3.0;1.0;B01
54599;201400036110;0;7;0;1.0;1.0;1.0;0.0;A01
54600;201400036111;0;1;0;0.0;2.0;1.0;1.0;B01
54601;201400036111;0;7;0;0.0;2.0;2.0;15.0;A01
54602;201400036112;0;33;0;0.0;2.0;1.0;21.0;A01
54603;201400036112;0;7;0;0.0;2.0;6.0;11.0;B01
54604;201400036113;0;33;0;0.0;1.0;1.0;0.0;A01
54605;201400036114;0;10;0;0.0;1.0;1.0;1.0;A01
54606;201400036115;0;33;0;0.0;2.0;1.0;2.0;A01
54607;201400036115;0;7;0;0.0;2.0;4.0;9.0;B01
54608;201400036116;1;30;0;0.0;1.0;1.0;1.0;Z01
54609;201400036117;0;30;0;0.0;2.0;1.0;1.0;A01
54610;201400036117;0;7;0;0.0;2.0;3.0;1.0;B01
54611;201400036117;0;7;0;0.0;2.0;1.0;1.0;C01
54612;201400036118;0;7;0;0.0;2.0;0.0;24.0;A01
54613;201400036118;0;1;0;1.0;0.0;0.0;21.0;B01
54614;201400036120;0;7;0;0.0;2.0;1.0;15.0;A01
54615;201400036120;0;31;0;0.0;2.0;1.0;1.0;B01
54616;201400036121;0;7;0;0.0;1.0;1.0;0.0;A01
54617;201400036122;0;34;0;14.0;0.0;1.0;0.0;A01
54618;201400036124;0;33;0;0.0;0.0;8.0;2.0;B01
54619;201400036124;0;7;0;0.0;0.0;2.0;2.0;A01
54620;201400036127;1;7;0;0.0;0.0;5.0;12.0;Z01
54621;201400036127;0;1;0;0.0;0.0;3.0;1.0;B01
54622;201400036128;0;33;0;0.0;1.0;1.0;2.0;A01
54623;201400036129;0;7;0;1.0;0.0;3.0;2.0;A01
54624;201400036131;0;10;0;0.0;1.0;2.0;16.0;A01
54625;201400036132;0;2;0;0.0;2.0;8.0;0.0;B01
54626;201400036132;0;7;0;0.0;2.0;5.0;17.0;A01
54627;201400036135;0;37;6;1.0;1.0;8.0;2.0;A01
54628;201400036136;0;7;0;0.0;2.0;1.0;0.0;A01
54629;201400036136;0;7;0;0.0;2.0;8.0;0.0;B01
54630;201400036137;0;30;0;0.0;2.0;1.0;1.0;A01
54631;201400036137;0;37;1;0.0;2.0;3.0;15.0;B01
54632;201400036138;0;7;0;0.0;1.0;0.0;0.0;A01
54633;201400036139;0;7;0;0.0;1.0;3.0;15.0;A01
54634;201400036140;0;10;0;0.0;1.0;5.0;1.0;A01
54635;201400036142;0;10;0;0.0;2.0;7.0;19.0;A01
54636;201400036142;0;33;0;0.0;2.0;1.0;21.0;B01
54637;201400036143;0;32;0;0.0;1.0;1.0;1.0;A01
54638;201400036144;0;7;0;0.0;2.0;3.0;1.0;B01
54639;201400036144;0;7;0;0.0;2.0;3.0;1.0;A01
54640;201400036145;0;1;0;0.0;1.0;1.0;0.0;A01
54641;201400036147;0;7;0;0.0;9.0;3.0;15.0;B01
54642;201400036147;0;30;0;0.0;2.0;1.0;2.0;A01
54643;201400036150;0;30;0;0.0;2.0;1.0;1.0;A01
54644;201400036150;0;7;0;0.0;2.0;3.0;1.0;B01
54645;201400036151;0;7;0;0.0;2.0;2.0;5.0;A01
54646;201400036151;0;1;0;0.0;2.0;1.0;1.0;B01
54647;201400036153;0;7;0;0.0;1.0;2.0;1.0;A01
54648;201400036154;0;7;0;6.0;0.0;2.0;1.0;A01
54649;201400036155;0;1;0;0.0;2.0;1.0;1.0;B01
54650;201400036155;0;7;0;0.0;2.0;3.0;5.0;A01
54651;201400036157;0;7;0;0.0;2.0;2.0;1.0;A01
54652;201400036157;0;33;0;0.0;2.0;3.0;1.0;B01
54653;201400036158;0;34;0;0.0;2.0;3.0;15.0;A01
54654;201400036158;0;7;0;0.0;2.0;1.0;13.0;B01
54655;201400036159;0;33;0;8.0;0.0;2.0;14.0;A01
54656;201400036160;0;7;0;0.0;1.0;2.0;1.0;A01
54657;201400036161;0;7;0;0.0;2.0;1.0;1.0;B01
54658;201400036161;0;7;0;0.0;2.0;3.0;5.0;A01
54659;201400036163;0;33;0;0.0;2.0;1.0;17.0;B01
54660;201400036163;0;7;0;0.0;2.0;8.0;10.0;A01
54661;201400036164;0;32;0;0.0;2.0;1.0;2.0;A01
54662;201400036164;0;7;0;0.0;2.0;4.0;23.0;B01
54663;201400036166;0;3;0;0.0;2.0;8.0;1.0;B01
54664;201400036166;0;7;0;0.0;2.0;7.0;15.0;A01
54665;201400036167;0;7;0;0.0;2.0;8.0;1.0;A01
54666;201400036167;0;7;0;0.0;2.0;2.0;1.0;B01
54667;201400036168;0;15;0;0.0;2.0;3.0;1.0;B01
54668;201400036168;0;7;0;0.0;2.0;3.0;13.0;A01
54669;201400036169;0;7;0;14.0;0.0;2.0;1.0;A01
54670;201400036171;0;7;0;0.0;2.0;8.0;10.0;B01
54671;201400036171;0;33;0;0.0;2.0;1.0;17.0;A01
54672;201400036172;0;2;0;0.0;2.0;1.0;1.0;A01
54673;201400036172;0;30;0;0.0;2.0;7.0;1.0;B01
54674;201400036173;0;33;0;0.0;0.0;0.0;1.0;A01
54675;201400036174;0;7;0;11.0;0.0;2.0;1.0;A01
54676;201400036175;0;33;0;0.0;2.0;7.0;1.0;B01
54677;201400036175;0;7;0;0.0;2.0;1.0;9.0;A01
54678;201400036176;0;7;0;0.0;2.0;8.0;1.0;B01
54679;201400036176;0;30;0;0.0;2.0;7.0;17.0;A01
54680;201400036177;0;10;0;0.0;2.0;3.0;1.0;B01
54681;201400036177;0;30;0;0.0;2.0;1.0;3.0;A01
54682;201400036178;0;31;0;0.0;9.0;2.0;1.0;A01
54683;201400036180;0;7;0;0.0;2.0;8.0;1.0;B01
54684;201400036180;0;33;0;0.0;2.0;2.0;17.0;A01
54685;201400036182;0;3;0;0.0;0.0;0.0;1.0;A01
54686;201400036183;0;7;0;0.0;2.0;2.0;15.0;A01
54687;201400036183;0;2;0;0.0;2.0;1.0;1.0;B01
54688;201400036184;0;2;0;0.0;2.0;3.0;14.0;B01
54689;201400036184;0;7;0;0.0;2.0;7.0;15.0;A01
54690;201400036185;0;33;0;0.0;0.0;0.0;1.0;A01
54691;201400036187;0;7;0;0.0;1.0;3.0;1.0;A01
54692;201400036188;0;2;0;1.0;0.0;0.0;1.0;A01
54693;201400036189;0;30;0;0.0;2.0;6.0;1.0;B01
54694;201400036189;0;10;0;0.0;2.0;2.0;1.0;A01
54695;201400036190;0;7;0;0.0;1.0;1.0;1.0;A01
54696;201400036191;0;2;0;14.0;0.0;1.0;0.0;A01
54697;201400036192;0;2;0;15.0;0.0;1.0;0.0;A01
54698;201400036193;0;33;0;0.0;2.0;5.0;15.0;B01
54699;201400036193;0;7;0;0.0;2.0;2.0;9.0;A01
54700;201400036194;0;2;0;0.0;0.0;0.0;1.0;A01
54701;201400036196;0;7;0;0.0;2.0;5.0;16.0;B01
54702;201400036196;0;30;0;0.0;2.0;1.0;2.0;A01
54703;201400036197;0;7;0;6.0;0.0;1.0;2.0;A01
54704;201400036198;0;7;0;0.0;2.0;3.0;13.0;A01
54705;201400036198;0;7;0;0.0;2.0;3.0;1.0;B01
54706;201400036199;0;30;0;0.0;0.0;2.0;16.0;A01
54707;201400036200;0;1;0;0.0;2.0;1.0;1.0;B01
54708;201400036200;0;7;0;0.0;2.0;7.0;19.0;A01
54709;201400036202;0;7;0;0.0;1.0;8.0;1.0;A01
54710;201400036203;0;7;0;0.0;2.0;6.0;1.0;B01
54711;201400036203;0;7;0;0.0;2.0;1.0;1.0;A01
54712;201400036204;0;1;0;0.0;0.0;0.0;0.0;B01
54713;201400036204;1;7;0;0.0;0.0;0.0;0.0;A01
54714;201400036205;0;14;0;0.0;2.0;3.0;1.0;B01
54715;201400036205;0;7;0;0.0;2.0;2.0;6.0;A01
54716;201400036207;0;30;0;0.0;2.0;8.0;17.0;A01
54717;201400036207;0;17;0;0.0;2.0;2.0;1.0;B01
54718;201400036208;0;7;0;0.0;2.0;3.0;1.0;B01
54719;201400036208;0;7;0;0.0;2.0;2.0;1.0;A01
54720;201400036209;0;7;0;0.0;0.0;5.0;15.0;A01
54721;201400036209;0;33;0;0.0;2.0;4.0;21.0;B01
54722;201400036210;0;7;0;0.0;1.0;1.0;0.0;A01
54723;201400036211;0;2;0;0.0;0.0;1.0;1.0;A01
54724;201400036212;0;7;0;0.0;2.0;1.0;15.0;A01
54725;201400036212;0;10;0;0.0;2.0;6.0;1.0;B01
54726;201400036213;0;7;0;0.0;2.0;1.0;1.0;A01
54727;201400036213;0;7;0;1.0;2.0;2.0;1.0;B01
54728;201400036214;0;15;0;0.0;2.0;3.0;1.0;B01
54729;201400036214;0;7;0;0.0;2.0;6.0;9.0;A01
54730;201400036216;0;7;0;0.0;2.0;3.0;9.0;A01
54731;201400036216;0;30;0;0.0;2.0;2.0;1.0;B01
54732;201400036217;0;7;0;0.0;2.0;3.0;2.0;A01
54733;201400036217;0;2;0;0.0;2.0;1.0;2.0;B01
54734;201400036218;0;2;0;0.0;0.0;7.0;1.0;A01
54735;201400036219;0;7;0;0.0;0.0;3.0;1.0;B01
54736;201400036219;0;30;0;0.0;2.0;1.0;19.0;A01
54737;201400036220;0;7;0;0.0;2.0;5.0;23.0;B01
54738;201400036220;0;2;0;0.0;2.0;1.0;2.0;A01
54739;201400036221;0;30;0;0.0;0.0;0.0;1.0;A01
54740;201400036222;0;2;0;0.0;5.0;7.0;21.0;A01
54741;201400036223;0;7;0;0.0;2.0;1.0;9.0;A01
54742;201400036223;0;30;0;0.0;2.0;3.0;1.0;B01
54743;201400036224;0;2;0;0.0;2.0;8.0;1.0;B01
54744;201400036224;0;7;0;0.0;2.0;2.0;1.0;A01
54745;201400036225;0;7;0;0.0;2.0;3.0;15.0;A01
54746;201400036225;0;1;0;0.0;2.0;1.0;1.0;B01
54747;201400036226;0;7;0;0.0;1.0;3.0;1.0;A01
54748;201400036227;1;99;0;0.0;1.0;3.0;1.0;A01
54749;201400036228;0;17;0;0.0;2.0;4.0;1.0;C01
54750;201400036228;0;17;0;14.0;0.0;1.0;2.0;A01
54751;201400036228;0;7;0;14.0;2.0;4.0;1.0;B01
54752;201400036229;0;7;0;8.0;0.0;8.0;1.0;A01
54753;201400036230;0;7;0;0.0;1.0;2.0;1.0;A01
54754;201400036231;0;7;0;0.0;2.0;1.0;1.0;A01
54755;201400036231;0;30;0;0.0;2.0;1.0;5.0;B01
54756;201400036232;0;31;0;7.0;0.0;1.0;1.0;A01
54757;201400036233;0;7;0;0.0;1.0;1.0;1.0;A01
54758;201400036234;0;10;0;0.0;1.0;5.0;4.0;A01
54759;201400036236;0;7;0;2.0;0.0;3.0;5.0;A01
54760;201400036237;0;7;0;0.0;2.0;2.0;2.0;A01
54761;201400036237;0;7;0;0.0;0.0;6.0;2.0;B01
54762;201400036238;0;2;0;0.0;2.0;1.0;16.0;A01
54763;201400036238;0;7;0;0.0;2.0;7.0;16.0;B01
54764;201400036239;0;7;0;0.0;1.0;1.0;0.0;A01
54765;201400036240;0;7;0;0.0;2.0;1.0;9.0;A01
54766;201400036240;0;7;0;0.0;0.0;6.0;2.0;B01
54767;201400036241;0;7;0;0.0;2.0;1.0;5.0;A01
54768;201400036241;0;7;0;0.0;2.0;3.0;1.0;B01
54769;201400036243;0;7;0;0.0;2.0;3.0;1.0;B01
54770;201400036243;0;7;0;0.0;2.0;1.0;16.0;A01
54771;201400036244;0;2;0;0.0;2.0;1.0;1.0;A01
54772;201400036244;0;7;0;0.0;2.0;3.0;15.0;B01
54773;201400036245;0;7;0;0.0;2.0;1.0;1.0;A01
54774;201400036245;0;7;0;0.0;2.0;4.0;1.0;B01
54775;201400036246;0;7;0;0.0;2.0;4.0;1.0;B01
54776;201400036246;0;7;0;0.0;2.0;1.0;1.0;A01
54777;201400036247;0;1;0;0.0;2.0;7.0;2.0;B01
54778;201400036247;0;7;0;0.0;9.0;1.0;9.0;A01
54779;201400036248;0;2;0;0.0;2.0;7.0;1.0;A01
54780;201400036248;0;7;0;0.0;2.0;3.0;1.0;B01
54781;201400036249;0;7;0;0.0;2.0;1.0;1.0;A01
54782;201400036249;0;7;0;0.0;2.0;1.0;1.0;B01
54783;201400036250;0;7;0;0.0;2.0;1.0;0.0;A01
54784;201400036250;0;7;0;0.0;2.0;1.0;1.0;D01
54785;201400036250;0;7;0;0.0;2.0;1.0;1.0;B01
54786;201400036250;0;7;0;0.0;2.0;1.0;1.0;C01
54787;201400036252;2;33;0;0.0;2.0;1.0;19.0;A01
54788;201400036252;0;3;0;0.0;2.0;7.0;16.0;B01
54789;201400036253;0;7;0;0.0;2.0;1.0;1.0;A01
54790;201400036253;0;7;0;0.0;2.0;4.0;1.0;C01
54791;201400036253;0;7;0;0.0;2.0;4.0;1.0;B01
54792;201400036254;0;7;0;0.0;1.0;1.0;1.0;A01
54793;201400036255;0;7;0;0.0;2.0;6.0;1.0;B01
54794;201400036255;0;7;0;0.0;2.0;2.0;1.0;A01
54795;201400036256;0;30;0;0.0;2.0;1.0;1.0;A01
54796;201400036256;0;7;0;0.0;2.0;4.0;1.0;B01
54797;201400036257;0;7;0;0.0;1.0;1.0;1.0;A01
54798;201400036258;0;7;0;0.0;2.0;1.0;1.0;A01
54799;201400036258;0;7;0;0.0;2.0;1.0;1.0;B01
54800;201400036258;0;7;0;0.0;2.0;7.0;1.0;C01
54801;201400036258;0;7;0;0.0;2.0;8.0;1.0;D01
54802;201400036258;0;17;0;0.0;2.0;1.0;1.0;E01
54803;201400036259;0;7;0;0.0;2.0;1.0;23.0;C01
54804;201400036259;0;7;0;0.0;2.0;1.0;13.0;B01
54805;201400036259;0;7;0;0.0;2.0;1.0;9.0;A01
54806;201400036260;0;13;0;0.0;1.0;1.0;1.0;A01
54807;201400036261;0;14;0;0.0;2.0;3.0;1.0;B01
54808;201400036261;0;7;0;0.0;2.0;7.0;9.0;A01
54809;201400036262;0;7;0;0.0;2.0;4.0;1.0;A01
54810;201400036262;0;7;0;0.0;0.0;4.0;1.0;C01
54811;201400036262;0;7;0;0.0;0.0;4.0;1.0;D01
54812;201400036262;0;7;0;0.0;2.0;4.0;1.0;B01
54813;201400036263;0;7;0;0.0;1.0;1.0;1.0;A01
54814;201400036264;0;7;0;0.0;1.0;1.0;1.0;A01
54815;201400036265;0;7;0;0.0;2.0;7.0;12.0;B01
54816;201400036265;0;7;0;0.0;2.0;1.0;9.0;A01
54817;201400036266;0;7;0;0.0;1.0;4.0;1.0;B01
54818;201400036266;0;7;0;0.0;2.0;1.0;1.0;A01
54819;201400036267;0;7;0;0.0;1.0;3.0;1.0;A01
54820;201400036268;0;7;0;0.0;1.0;1.0;1.0;A01
54821;201400036269;0;37;5;0.0;9.0;0.0;1.0;A01
54822;201400036270;0;7;0;0.0;2.0;1.0;1.0;B01
54823;201400036270;0;7;0;0.0;2.0;1.0;1.0;A01
54824;201400036271;0;7;0;0.0;0.0;1.0;1.0;A01
54825;201400036271;0;7;0;0.0;2.0;4.0;1.0;B01
54826;201400036273;0;7;0;0.0;2.0;3.0;15.0;A01
54827;201400036273;0;7;0;0.0;2.0;0.0;23.0;B01
54828;201400036274;0;7;0;0.0;2.0;1.0;1.0;A01
54829;201400036274;0;7;0;0.0;2.0;4.0;1.0;B01
54830;201400036275;0;7;0;0.0;1.0;1.0;1.0;A01
54831;201400036276;0;7;0;0.0;0.0;9.0;0.0;A01
54832;201400036277;0;7;0;0.0;1.0;1.0;1.0;A01
54833;201400036278;0;7;0;0.0;2.0;0.0;1.0;A01
54834;201400036278;0;37;2;0.0;2.0;8.0;1.0;B01
54835;201400036279;0;7;0;0.0;1.0;1.0;1.0;A01
54836;201400036280;0;7;0;0.0;2.0;1.0;1.0;B01
54837;201400036280;0;7;0;0.0;2.0;1.0;1.0;A01
54838;201400036280;0;7;0;0.0;2.0;4.0;1.0;C01
54839;201400036281;0;7;0;0.0;0.0;1.0;1.0;A01
54840;201400036282;0;7;0;0.0;2.0;4.0;17.0;B01
54841;201400036282;0;7;0;0.0;2.0;1.0;1.0;A01
54842;201400036283;0;33;0;0.0;0.0;8.0;16.0;A01
54843;201400036284;0;7;0;0.0;2.0;3.0;15.0;A01
54844;201400036284;0;30;0;0.0;2.0;1.0;1.0;B01
54845;201400036285;0;7;0;0.0;2.0;1.0;1.0;A01
54846;201400036285;0;34;0;0.0;2.0;1.0;1.0;B01
54847;201400036285;0;7;0;0.0;2.0;2.0;1.0;C01
54848;201400036286;0;7;0;0.0;0.0;1.0;1.0;A01
54849;201400036287;0;33;0;0.0;2.0;1.0;1.0;B01
54850;201400036287;0;7;0;0.0;2.0;5.0;15.0;A01
54851;201400036288;0;7;0;0.0;1.0;1.0;1.0;A01
54852;201400036291;1;7;0;0.0;1.0;1.0;1.0;A01
54853;201400036292;0;7;0;0.0;6.0;1.0;1.0;A01
54854;201400036293;0;7;0;16.0;0.0;1.0;1.0;A01
54855;201400036294;0;7;0;0.0;2.0;3.0;1.0;C01
54856;201400036294;0;7;0;0.0;2.0;1.0;1.0;D01
54857;201400036294;0;7;0;0.0;2.0;3.0;1.0;A01
54858;201400036294;0;7;0;0.0;2.0;3.0;1.0;B01
54859;201400036295;0;7;0;0.0;2.0;3.0;1.0;A01
54860;201400036295;0;7;0;0.0;2.0;1.0;1.0;B01
54861;201400036296;0;7;0;15.0;0.0;1.0;1.0;A01
54862;201400036297;0;7;0;0.0;1.0;1.0;1.0;A01
54863;201400036298;0;7;0;0.0;2.0;1.0;1.0;B01
54864;201400036298;0;7;0;0.0;2.0;7.0;1.0;A01
54865;201400036299;0;7;0;0.0;2.0;1.0;1.0;A01
54866;201400036299;0;7;0;0.0;2.0;4.0;1.0;B01
54867;201400036300;0;7;0;0.0;2.0;3.0;20.0;A01
54868;201400036300;0;2;0;0.0;2.0;1.0;1.0;B01
54869;201400036301;0;7;0;0.0;1.0;1.0;1.0;A01
54870;201400036302;0;2;0;0.0;2.0;1.0;5.0;A01
54871;201400036302;0;7;0;0.0;2.0;6.0;15.0;B01
54872;201400036303;0;7;0;0.0;1.0;4.0;4.0;A01
54873;201400036305;0;7;0;0.0;2.0;4.0;1.0;B01
54874;201400036305;0;7;0;0.0;2.0;1.0;1.0;A01
54875;201400036306;0;7;0;0.0;2.0;2.0;1.0;A01
54876;201400036306;0;2;0;0.0;2.0;1.0;16.0;B01
54877;201400036307;0;7;0;0.0;2.0;4.0;1.0;C01
54878;201400036307;0;7;0;0.0;2.0;1.0;1.0;A01
54879;201400036307;0;7;0;0.0;2.0;4.0;1.0;B01
54880;201400036308;0;2;0;0.0;2.0;1.0;1.0;B01
54881;201400036308;1;7;0;0.0;2.0;3.0;9.0;A01
54882;201400036309;0;7;0;0.0;2.0;3.0;1.0;A01
54883;201400036309;0;33;0;0.0;2.0;7.0;1.0;B01
54884;201400036310;0;7;0;0.0;1.0;1.0;1.0;A01
54885;201400036311;0;7;0;0.0;2.0;3.0;1.0;A01
54886;201400036311;0;34;0;0.0;0.0;7.0;16.0;B01
54887;201400036313;0;7;0;8.0;1.0;1.0;1.0;A01
54888;201400036316;0;14;0;0.0;1.0;2.0;1.0;A01
54889;201400036317;1;7;0;0.0;2.0;1.0;1.0;A01
54890;201400036317;0;2;0;0.0;2.0;7.0;15.0;B01
54891;201400036318;0;31;0;0.0;1.0;1.0;1.0;A01
54892;201400036320;0;31;0;0.0;2.0;1.0;17.0;A01
54893;201400036320;0;7;0;0.0;0.0;3.0;15.0;B01
54894;201400036321;0;2;0;0.0;2.0;1.0;1.0;A01
54895;201400036321;0;7;0;0.0;2.0;6.0;9.0;B01
54896;201400036322;0;7;0;0.0;2.0;1.0;1.0;A01
54897;201400036322;0;7;0;0.0;2.0;4.0;1.0;B01
54898;201400036323;0;1;0;0.0;2.0;4.0;1.0;B01
54899;201400036323;0;7;0;0.0;2.0;1.0;17.0;A01
54900;201400036324;0;7;0;0.0;1.0;1.0;1.0;A01
54901;201400036325;0;7;0;0.0;1.0;1.0;1.0;A01
54902;201400036326;0;7;0;0.0;2.0;2.0;15.0;A01
54903;201400036326;0;33;0;0.0;2.0;1.0;1.0;B01
54904;201400036327;0;1;0;0.0;2.0;2.0;15.0;B01
54905;201400036327;0;7;0;0.0;2.0;1.0;1.0;A01
54906;201400036328;0;32;0;0.0;2.0;1.0;1.0;B01
54907;201400036328;0;7;0;0.0;2.0;8.0;20.0;A01
54908;201400036329;2;2;0;0.0;2.0;1.0;15.0;A01
54909;201400036329;0;33;0;0.0;2.0;7.0;1.0;B01
54910;201400036330;0;7;0;0.0;2.0;4.0;1.0;B01
54911;201400036330;0;7;0;0.0;2.0;4.0;1.0;C01
54912;201400036330;0;7;0;0.0;2.0;1.0;1.0;A01
54913;201400036331;0;37;1;0.0;2.0;1.0;1.0;A01
54914;201400036331;0;1;0;0.0;2.0;4.0;1.0;B01
54915;201400036332;0;7;0;0.0;1.0;1.0;1.0;A01
54916;201400036333;0;7;0;0.0;2.0;2.0;1.0;A01
54917;201400036333;0;7;0;0.0;2.0;3.0;1.0;B01
54918;201400036334;0;7;0;0.0;1.0;1.0;1.0;A01
54919;201400036335;0;1;0;0.0;2.0;1.0;1.0;B01
54920;201400036335;0;7;0;0.0;2.0;3.0;15.0;A01
54921;201400036336;0;30;0;0.0;2.0;1.0;1.0;A01
54922;201400036336;0;7;0;0.0;2.0;4.0;1.0;B01
54923;201400036337;0;7;0;2.0;0.0;1.0;1.0;A01
54924;201400036338;0;14;0;0.0;2.0;1.0;1.0;A01
54925;201400036338;0;7;0;0.0;2.0;4.0;1.0;B01
54926;201400036339;0;2;0;0.0;2.0;8.0;1.0;A01
54927;201400036339;0;7;0;0.0;2.0;1.0;15.0;B01
54928;201400036340;0;33;0;0.0;2.0;7.0;1.0;B01
54929;201400036340;0;7;0;0.0;2.0;3.0;1.0;A01
54930;201400036341;0;7;0;0.0;2.0;8.0;24.0;A01
54931;201400036341;0;1;0;0.0;2.0;7.0;1.0;B01
54932;201400036342;0;2;0;0.0;2.0;8.0;1.0;A01
54933;201400036342;0;7;0;0.0;2.0;2.0;15.0;B01
54934;201400036343;0;17;0;0.0;2.0;1.0;1.0;A01
54935;201400036343;0;7;0;0.0;2.0;4.0;1.0;C01
54936;201400036343;0;7;0;0.0;2.0;4.0;1.0;B01
54937;201400036344;0;7;0;0.0;2.0;1.0;1.0;A01
54938;201400036344;0;7;0;0.0;2.0;4.0;1.0;B01
54939;201400036345;0;2;0;0.0;2.0;1.0;1.0;A01
54940;201400036345;0;7;0;0.0;2.0;3.0;1.0;B01
54941;201400036346;0;10;0;0.0;2.0;1.0;1.0;A01
54942;201400036346;0;7;0;0.0;2.0;4.0;1.0;B01
54943;201400036347;0;7;0;0.0;2.0;2.0;12.0;A01
54944;201400036347;0;33;0;0.0;2.0;8.0;1.0;B01
54945;201400036348;0;7;0;0.0;2.0;3.0;1.0;B01
54946;201400036348;0;1;0;0.0;2.0;1.0;14.0;A01
54947;201400036350;0;2;0;0.0;0.0;1.0;0.0;A01
54948;201400036351;0;7;0;0.0;0.0;2.0;1.0;A01
54949;201400036353;0;10;0;0.0;1.0;2.0;0.0;A01
54950;201400036354;0;7;0;0.0;2.0;1.0;13.0;A01
54951;201400036354;0;33;0;0.0;2.0;1.0;1.0;B01
54952;201400036355;0;7;0;0.0;0.0;1.0;1.0;A01
54953;201400036355;0;10;0;0.0;0.0;4.0;15.0;B01
54954;201400036356;0;2;0;0.0;0.0;1.0;1.0;A01