;Num_Acc;senc;catv;occutc;obs;obsm;choc;manv;num_veh
54955;201400036356;0;7;0;0.0;0.0;4.0;15.0;B01
54956;201400036357;0;7;0;0.0;0.0;2.0;1.0;A01
54957;201400036357;0;7;0;0.0;0.0;1.0;11.0;B01
54958;201400036358;1;7;0;0.0;2.0;1.0;1.0;A01
54959;201400036358;0;7;0;0.0;2.0;1.0;1.0;B01
54960;201400036359;0;7;0;0.0;0.0;7.0;14.0;A01
54961;201400036360;0;7;0;0.0;2.0;1.0;1.0;A01
54962;201400036360;0;7;0;0.0;2.0;1.0;1.0;B01
54963;201400036361;0;30;0;0.0;1.0;1.0;0.0;A01
54964;201400036362;0;2;0;0.0;0.0;0.0;0.0;A01
54965;201400036363;0;7;0;0.0;0.0;7.0;0.0;A01
54966;201400036363;0;10;0;0.0;0.0;3.0;0.0;B01
54967;201400036364;0;10;0;0.0;0.0;1.0;0.0;B01
54968;201400036364;0;7;0;0.0;0.0;7.0;0.0;A01
54969;201400036365;0;7;0;0.0;0.0;1.0;2.0;A01
54970;201400036365;0;7;0;0.0;0.0;4.0;2.0;B01
54971;201400036365;0;7;0;0.0;0.0;4.0;2.0;C01
54972;201400036365;0;7;0;0.0;0.0;4.0;2.0;D01
54973;201400036366;0;1;0;0.0;2.0;1.0;1.0;B01
54974;201400036366;0;7;0;0.0;2.0;3.0;15.0;A01
54975;201400036367;0;7;0;0.0;2.0;1.0;1.0;A01
54976;201400036367;0;7;0;0.0;2.0;4.0;1.0;B01
54977;201400036367;0;7;0;0.0;2.0;4.0;1.0;C01
54978;201400036368;0;7;0;0.0;2.0;1.0;1.0;A01
54979;201400036368;0;7;0;0.0;2.0;8.0;1.0;B01
54980;201400036370;0;7;0;0.0;2.0;1.0;1.0;A01
54981;201400036370;0;7;0;0.0;2.0;4.0;1.0;B01
54982;201400036372;0;7;0;0.0;2.0;1.0;1.0;A01
54983;201400036372;0;7;0;0.0;2.0;4.0;1.0;B01
54984;201400036373;0;7;0;0.0;2.0;1.0;1.0;A01
54985;201400036373;0;7;0;0.0;2.0;3.0;1.0;B01
54986;201400036374;0;7;0;0.0;2.0;1.0;1.0;A01
54987;201400036374;0;7;0;0.0;2.0;4.0;1.0;B01
54988;201400036376;0;7;0;0.0;1.0;1.0;1.0;A01
54989;201400036377;0;7;0;0.0;1.0;1.0;16.0;A01
54990;201400036378;1;2;0;0.0;1.0;1.0;1.0;A01
54991;201400036379;0;1;0;0.0;2.0;1.0;1.0;A01
54992;201400036379;0;7;0;0.0;2.0;4.0;1.0;B01
54993;201400036380;0;2;0;0.0;2.0;1.0;1.0;A01
54994;201400036380;0;7;0;0.0;2.0;8.0;15.0;B01
54995;201400036381;1;7;0;0.0;1.0;1.0;1.0;A01
54996;201400036383;0;1;0;0.0;2.0;1.0;1.0;A01
54997;201400036383;0;7;0;0.0;2.0;5.0;1.0;B01
54998;201400036384;0;2;0;0.0;2.0;1.0;6.0;A01
54999;201400036384;0;7;0;0.0;2.0;8.0;15.0;B01
55000;201400036385;0;7;0;0.0;1.0;1.0;1.0;A01
55001;201400036386;0;7;0;0.0;2.0;8.0;15.0;A01
55002;201400036386;0;33;0;0.0;2.0;2.0;17.0;B01
55003;201400036389;0;2;0;0.0;2.0;1.0;5.0;A01
55004;201400036389;0;7;0;0.0;2.0;1.0;1.0;B01
55005;201400036390;0;7;0;0.0;2.0;1.0;1.0;A01
55006;201400036390;0;1;0;0.0;2.0;1.0;1.0;B01
55007;201400036392;0;7;0;0.0;1.0;1.0;1.0;A01
55008;201400036393;0;7;0;0.0;2.0;1.0;9.0;A01
55009;201400036393;0;7;0;0.0;2.0;2.0;1.0;B01
55010;201400036393;0;7;0;0.0;2.0;1.0;1.0;C01
55011;201400036394;0;7;0;8.0;0.0;9.0;1.0;A01
55012;201400036395;0;7;0;0.0;2.0;8.0;15.0;A01
55013;201400036395;0;7;0;0.0;2.0;2.0;1.0;B01
55014;201400036396;0;2;0;1.0;2.0;1.0;1.0;A01
55015;201400036396;0;7;0;0.0;2.0;8.0;15.0;B01
55016;201400036397;0;7;0;0.0;2.0;2.0;0.0;A01
55017;201400036397;0;7;0;15.0;2.0;1.0;1.0;B01
55018;201400036398;0;7;0;0.0;2.0;1.0;1.0;A01
55019;201400036398;0;2;0;0.0;2.0;4.0;1.0;B01
55020;201400036399;0;2;0;0.0;2.0;1.0;1.0;A01
55021;201400036399;0;7;0;0.0;2.0;3.0;15.0;B01
55022;201400036400;0;17;0;0.0;2.0;1.0;1.0;A01
55023;201400036400;0;7;0;8.0;2.0;4.0;15.0;B01
55024;201400036401;0;2;0;0.0;1.0;8.0;1.0;A01
55025;201400036402;0;7;0;0.0;2.0;1.0;1.0;A01
55026;201400036402;0;7;0;0.0;2.0;8.0;1.0;B01
55027;201400036403;2;7;0;1.0;0.0;1.0;1.0;A01
55028;201400036404;0;7;0;0.0;2.0;3.0;9.0;A01
55029;201400036404;0;2;0;0.0;2.0;1.0;1.0;B01
55030;201400036405;0;7;0;0.0;1.0;1.0;15.0;A01
55031;201400036406;0;30;0;1.0;0.0;1.0;1.0;A01
55032;201400036406;0;7;0;0.0;2.0;5.0;1.0;B01
55033;201400036407;0;7;0;2.0;0.0;3.0;16.0;A01
55034;201400036408;0;7;0;0.0;2.0;1.0;1.0;A01
55035;201400036408;0;7;0;0.0;2.0;4.0;1.0;B01
55036;201400036409;0;7;0;0.0;2.0;3.0;10.0;A01
55037;201400036409;0;2;0;1.0;2.0;1.0;1.0;B01
55038;201400036410;0;7;0;0.0;1.0;2.0;1.0;A01
55039;201400036411;0;7;0;0.0;2.0;3.0;15.0;A01
55040;201400036411;0;2;0;0.0;2.0;1.0;1.0;B01
55041;201400036412;0;2;0;0.0;2.0;1.0;1.0;B01
55042;201400036412;0;7;0;0.0;2.0;3.0;15.0;A01
55043;201400036413;0;7;0;0.0;1.0;2.0;1.0;A01
55044;201400036415;0;7;0;1.0;0.0;1.0;1.0;A01
55045;201400036415;0;7;0;0.0;2.0;4.0;1.0;B01
55046;201400036416;0;7;0;2.0;0.0;4.0;1.0;A01
55047;201400036417;0;3;0;0.0;2.0;7.0;15.0;A01
55048;201400036417;0;7;0;0.0;2.0;3.0;1.0;B01
55049;201400036419;0;7;0;0.0;1.0;1.0;1.0;A01
55050;201400036420;0;7;0;0.0;2.0;1.0;1.0;A01
55051;201400036420;0;7;0;0.0;2.0;4.0;23.0;B01
55052;201400036421;0;7;0;1.0;2.0;1.0;7.0;A01
55053;201400036421;0;7;0;0.0;2.0;3.0;15.0;B01
55054;201400036422;0;7;0;1.0;0.0;1.0;1.0;A01
55055;201400036422;0;7;0;1.0;0.0;1.0;1.0;B01
55056;201400036422;0;7;0;1.0;0.0;4.0;1.0;C01
55057;201400036422;0;7;0;0.0;2.0;4.0;1.0;D01
55058;201400036423;0;2;0;0.0;2.0;1.0;1.0;A01
55059;201400036423;0;2;0;0.0;2.0;4.0;1.0;B01
55060;201400036424;0;7;0;0.0;2.0;3.0;15.0;A01
55061;201400036424;0;7;0;0.0;2.0;2.0;1.0;B01
55062;201400036425;0;7;0;1.0;1.0;1.0;20.0;A01
55063;201400036426;0;7;0;1.0;0.0;3.0;21.0;A01
55064;201400036427;0;7;0;0.0;2.0;5.0;4.0;A01
55065;201400036427;0;2;0;0.0;2.0;1.0;1.0;B01
55066;201400036428;0;7;0;0.0;1.0;1.0;1.0;A01
55067;201400036429;0;7;0;0.0;1.0;1.0;1.0;A01
55068;201400036430;0;7;0;0.0;1.0;1.0;1.0;A01
55069;201400036431;0;7;0;0.0;2.0;2.0;15.0;A01
55070;201400036431;0;2;0;0.0;2.0;1.0;1.0;B01
55071;201400036432;0;2;0;0.0;2.0;1.0;1.0;A01
55072;201400036432;0;7;0;0.0;2.0;2.0;17.0;B01
55073;201400036433;0;2;0;1.0;1.0;1.0;3.0;A01
55074;201400036433;0;7;0;0.0;2.0;1.0;23.0;B01
55075;201400036435;0;7;0;0.0;2.0;8.0;9.0;A01
55076;201400036435;0;7;0;0.0;2.0;1.0;1.0;B01
55077;201400036436;0;33;0;0.0;2.0;1.0;1.0;A01
55078;201400036436;0;10;0;0.0;2.0;3.0;15.0;B01
55079;201400036437;0;7;0;0.0;0.0;7.0;1.0;A01
55080;201400036438;0;7;0;2.0;2.0;2.0;1.0;A01
55081;201400036438;0;7;0;0.0;2.0;2.0;1.0;B01
55082;201400036439;0;7;0;0.0;2.0;1.0;1.0;B01
55083;201400036439;0;7;0;0.0;2.0;8.0;15.0;A01
55084;201400036440;0;7;0;0.0;2.0;1.0;1.0;A01
55085;201400036440;0;7;0;0.0;2.0;1.0;1.0;B01
55086;201400036441;0;20;0;0.0;1.0;4.0;4.0;A01
55087;201400036442;0;7;0;0.0;2.0;2.0;15.0;A01
55088;201400036442;0;1;0;0.0;2.0;1.0;1.0;B01
55089;201400036444;0;2;0;0.0;2.0;1.0;15.0;A01
55090;201400036444;0;7;0;0.0;2.0;2.0;21.0;B01
55091;201400036445;0;1;0;0.0;1.0;1.0;21.0;A01
55092;201400036446;0;7;0;0.0;1.0;2.0;1.0;A01
55093;201400036447;0;2;0;0.0;2.0;1.0;1.0;A01
55094;201400036447;0;7;0;0.0;2.0;7.0;15.0;B01
55095;201400036448;0;2;0;0.0;2.0;1.0;17.0;A01
55096;201400036448;0;7;0;0.0;2.0;8.0;15.0;B01
55097;201400036449;0;30;0;0.0;2.0;1.0;1.0;A01
55098;201400036449;0;7;0;0.0;2.0;1.0;15.0;B01
55099;201400036450;0;2;0;0.0;2.0;2.0;15.0;A01
55100;201400036450;0;2;0;0.0;2.0;1.0;1.0;B01
55101;201400036451;0;2;0;0.0;1.0;1.0;1.0;A01
55102;201400036453;0;7;0;0.0;2.0;1.0;1.0;A01
55103;201400036453;0;7;0;0.0;0.0;4.0;1.0;B01
55104;201400036453;0;7;0;0.0;2.0;4.0;1.0;C01
55105;201400036454;0;7;0;0.0;2.0;8.0;1.0;A01
55106;201400036454;0;33;0;0.0;2.0;1.0;1.0;B01
55107;201400036455;0;7;0;0.0;2.0;1.0;16.0;A01
55108;201400036455;0;7;0;0.0;2.0;1.0;1.0;B01
55109;201400036456;0;7;0;0.0;1.0;1.0;1.0;A01
55110;201400036457;0;7;0;0.0;2.0;3.0;20.0;A01
55111;201400036457;0;33;0;0.0;2.0;2.0;1.0;B01
55112;201400036458;0;7;0;0.0;1.0;1.0;1.0;A01
55113;201400036459;0;7;0;0.0;1.0;1.0;1.0;A01
55114;201400036460;0;7;0;0.0;2.0;1.0;1.0;A01
55115;201400036460;0;7;0;0.0;2.0;4.0;23.0;B01
55116;201400036461;0;7;0;0.0;2.0;2.0;1.0;A01
55117;201400036461;0;7;0;0.0;2.0;4.0;16.0;B01
55118;201400036461;0;7;0;0.0;2.0;4.0;16.0;C01
55119;201400036462;0;1;0;0.0;2.0;3.0;17.0;A01
55120;201400036462;0;7;0;0.0;2.0;3.0;1.0;B01
55121;201400036463;0;7;0;0.0;2.0;1.0;2.0;A01
55122;201400036463;0;7;0;0.0;2.0;4.0;1.0;B01
55123;201400036464;0;2;0;0.0;2.0;7.0;1.0;A01
55124;201400036464;0;7;0;0.0;2.0;8.0;1.0;B01
55125;201400036465;0;7;0;0.0;1.0;1.0;15.0;A01
55126;201400036466;0;7;0;0.0;2.0;2.0;2.0;A01
55127;201400036466;0;2;0;0.0;2.0;4.0;2.0;B01
55128;201400036467;0;7;0;0.0;1.0;2.0;1.0;A01
55129;201400036468;0;37;0;0.0;1.0;2.0;1.0;A01
55130;201400036469;0;7;0;0.0;1.0;1.0;16.0;A01
55131;201400036470;0;2;0;0.0;2.0;1.0;1.0;B01
55132;201400036470;0;7;0;0.0;2.0;2.0;15.0;A01
55133;201400036471;0;7;0;0.0;2.0;7.0;15.0;A01
55134;201400036471;0;33;0;0.0;2.0;1.0;1.0;B01
55135;201400036472;0;7;0;0.0;2.0;1.0;1.0;B01
55136;201400036472;0;1;0;0.0;2.0;7.0;19.0;A01
55137;201400036473;0;7;0;0.0;1.0;2.0;1.0;A01
55138;201400036474;0;7;0;0.0;2.0;3.0;9.0;A01
55139;201400036474;0;7;0;0.0;2.0;2.0;1.0;B01
55140;201400036475;0;7;0;0.0;1.0;6.0;4.0;A01
55141;201400036476;0;7;0;0.0;1.0;1.0;17.0;A01
55142;201400036479;0;7;0;0.0;2.0;1.0;15.0;A01
55143;201400036479;0;2;0;0.0;2.0;1.0;1.0;B01
55144;201400036480;0;7;0;0.0;1.0;2.0;1.0;A01
55145;201400036481;0;7;0;0.0;1.0;2.0;16.0;A01
55146;201400036482;0;7;0;0.0;2.0;6.0;1.0;B01
55147;201400036482;0;30;0;0.0;2.0;1.0;19.0;A01
55148;201400036485;0;7;0;0.0;2.0;2.0;15.0;A01
55149;201400036485;0;30;0;0.0;2.0;1.0;1.0;B01
55150;201400036486;0;7;0;0.0;2.0;1.0;0.0;A01
55151;201400036486;0;7;0;0.0;2.0;3.0;1.0;B01
55152;201400036488;0;7;0;0.0;2.0;1.0;17.0;A01
55153;201400036488;0;7;0;0.0;2.0;1.0;0.0;B01
55154;201400036489;0;7;0;0.0;2.0;1.0;1.0;B01
55155;201400036489;0;7;0;0.0;2.0;3.0;13.0;A01
55156;201400036491;0;7;0;2.0;2.0;1.0;17.0;A01
55157;201400036491;0;7;0;0.0;2.0;8.0;15.0;B01
55158;201400036492;0;2;0;12.0;0.0;1.0;1.0;A01
55159;201400036493;0;7;0;0.0;2.0;1.0;1.0;B01
55160;201400036493;0;30;0;0.0;2.0;8.0;1.0;A01
55161;201400036495;0;30;0;0.0;1.0;1.0;1.0;A01
55162;201400036496;0;7;0;0.0;1.0;3.0;10.0;A01
55163;201400036497;0;7;0;3.0;0.0;9.0;15.0;A01
55164;201400036498;0;7;0;0.0;1.0;3.0;17.0;A01
55165;201400036499;0;1;0;0.0;0.0;4.0;2.0;B01
55166;201400036499;0;10;0;0.0;2.0;2.0;2.0;A01
55167;201400036500;0;7;0;2.0;0.0;1.0;2.0;A01
55168;201400036501;0;7;0;6.0;0.0;2.0;2.0;A01
55169;201400036502;0;7;0;2.0;0.0;2.0;14.0;A01
55170;201400036503;0;7;0;0.0;0.0;1.0;1.0;C01
55171;201400036503;0;15;0;0.0;0.0;8.0;1.0;B01
55172;201400036503;0;7;0;0.0;2.0;8.0;13.0;A01
55173;201400036504;0;7;0;6.0;2.0;1.0;13.0;A01
55174;201400036506;0;34;0;0.0;0.0;3.0;1.0;B01
55175;201400036506;0;7;0;0.0;0.0;6.0;15.0;A01
55176;201400036508;0;2;0;0.0;0.0;2.0;1.0;B01
55177;201400036508;0;7;0;0.0;2.0;3.0;1.0;A01
55178;201400036509;0;7;0;0.0;0.0;1.0;1.0;C01
55179;201400036509;0;31;0;0.0;2.0;1.0;21.0;B01
55180;201400036509;1;7;0;0.0;0.0;0.0;9.0;A01
55181;201400036510;0;7;0;0.0;1.0;1.0;1.0;A01
55182;201400036511;0;7;0;6.0;0.0;2.0;14.0;A01
55183;201400036512;0;7;0;0.0;2.0;2.0;2.0;B01
55184;201400036512;0;7;0;0.0;2.0;3.0;19.0;A01
55185;201400036513;0;7;0;0.0;2.0;7.0;15.0;A01
55186;201400036513;0;7;0;10.0;2.0;7.0;1.0;B01
55187;201400036514;0;2;0;0.0;2.0;3.0;15.0;B01
55188;201400036514;0;7;0;12.0;2.0;5.0;17.0;A01
55189;201400036515;0;7;0;0.0;1.0;3.0;2.0;A01
55190;201400036516;0;10;0;8.0;2.0;1.0;5.0;A01
55191;201400036516;0;7;0;0.0;2.0;1.0;5.0;B01
55192;201400036517;0;7;0;0.0;2.0;3.0;5.0;A01
55193;201400036517;0;7;0;0.0;2.0;7.0;2.0;B01
55194;201400036517;0;7;0;0.0;2.0;1.0;2.0;C01
55195;201400036519;0;7;0;1.0;0.0;1.0;1.0;A01
55196;201400036519;0;13;0;0.0;0.0;6.0;23.0;B01
55197;201400036520;0;7;0;0.0;2.0;6.0;15.0;A01
55198;201400036520;0;33;0;0.0;2.0;2.0;1.0;B01
55199;201400036522;0;31;0;0.0;2.0;8.0;0.0;A01
55200;201400036522;0;7;0;0.0;2.0;8.0;15.0;B01
55201;201400036523;0;7;0;0.0;0.0;5.0;2.0;A01
55202;201400036523;0;99;0;0.0;2.0;2.0;2.0;B01
55203;201400036524;0;7;0;2.0;0.0;1.0;16.0;A01
55204;201400036525;0;33;0;0.0;2.0;1.0;5.0;A01
55205;201400036525;0;7;0;0.0;2.0;3.0;2.0;B01
55206;201400036526;0;7;0;6.0;0.0;1.0;1.0;A01
55207;201400036527;0;30;0;0.0;2.0;1.0;2.0;A01
55208;201400036527;0;7;0;0.0;0.0;4.0;2.0;B01
55209;201400036528;0;10;0;0.0;0.0;5.0;16.0;A01
55210;201400036528;0;2;0;0.0;2.0;5.0;2.0;B01
55211;201400036529;0;7;0;13.0;0.0;1.0;1.0;A01
55212;201400036530;0;1;0;0.0;2.0;7.0;1.0;B01
55213;201400036530;0;7;0;0.0;2.0;1.0;16.0;A01
55214;201400036531;0;7;0;2.0;0.0;1.0;14.0;A01
55215;201400036532;0;1;0;0.0;2.0;4.0;1.0;B01
55216;201400036532;0;7;0;0.0;2.0;4.0;9.0;A01
55217;201400036533;0;10;0;0.0;2.0;8.0;1.0;A01
55218;201400036533;0;34;0;0.0;2.0;7.0;17.0;B01
55219;201400036534;0;7;0;0.0;1.0;3.0;1.0;A01
55220;201400036535;0;7;0;0.0;1.0;3.0;1.0;A01
55221;201400036536;0;7;0;13.0;0.0;9.0;13.0;A01
55222;201400036537;0;7;0;0.0;2.0;1.0;1.0;B01
55223;201400036537;0;7;0;0.0;2.0;1.0;15.0;A01
55224;201400036538;0;7;0;14.0;0.0;1.0;2.0;A01
55225;201400036538;0;7;0;0.0;1.0;1.0;23.0;B01
55226;201400036539;0;7;0;0.0;1.0;4.0;4.0;A01
55227;201400036540;0;7;0;0.0;2.0;1.0;1.0;A01
55228;201400036540;0;10;0;0.0;0.0;4.0;1.0;B01
55229;201400036541;0;33;0;12.0;0.0;1.0;13.0;A01
55230;201400036542;0;33;0;0.0;2.0;1.0;1.0;B01
55231;201400036542;0;7;0;0.0;2.0;3.0;15.0;A01
55232;201400036543;0;7;0;0.0;1.0;2.0;1.0;A01
55233;201400036544;0;2;0;0.0;2.0;7.0;15.0;A01
55234;201400036544;0;7;0;0.0;2.0;1.0;1.0;B01
55235;201400036545;0;7;0;0.0;1.0;3.0;1.0;A01
55236;201400036546;0;7;0;8.0;0.0;1.0;13.0;A01
55237;201400036547;0;1;0;14.0;0.0;1.0;18.0;A01
55238;201400036547;0;7;0;0.0;2.0;7.0;22.0;B01
55239;201400036548;0;7;0;8.0;2.0;1.0;13.0;A01
55240;201400036548;0;7;0;0.0;2.0;8.0;1.0;B01
55241;201400036549;0;7;0;2.0;0.0;7.0;14.0;A01
55242;201400036550;0;10;0;0.0;1.0;4.0;4.0;A01
55243;201400036551;0;7;0;13.0;0.0;0.0;14.0;A01
55244;201400036552;0;10;0;13.0;0.0;0.0;13.0;A01
55245;201400036553;0;7;0;0.0;2.0;1.0;2.0;A01
55246;201400036553;0;1;0;0.0;2.0;4.0;2.0;B01
55247;201400036553;0;1;0;0.0;2.0;4.0;2.0;C01
55248;201400036554;0;7;0;2.0;0.0;1.0;13.0;A01
55249;201400036555;0;7;0;0.0;2.0;2.0;14.0;A01
55250;201400036555;0;7;0;8.0;2.0;6.0;1.0;B01
55251;201400036556;0;7;0;0.0;2.0;3.0;13.0;A01
55252;201400036556;0;7;0;13.0;2.0;3.0;1.0;B01
55253;201400036557;0;7;0;0.0;2.0;3.0;10.0;A01
55254;201400036557;0;33;0;0.0;2.0;1.0;1.0;B01
55255;201400036558;0;7;0;0.0;2.0;6.0;5.0;A01
55256;201400036558;0;1;0;0.0;2.0;1.0;1.0;B01
55257;201400036559;0;31;0;0.0;2.0;1.0;0.0;A01
55258;201400036559;0;33;0;0.0;2.0;1.0;1.0;B01
55259;201400036560;0;1;0;12.0;0.0;1.0;0.0;A01
55260;201400036562;0;7;0;13.0;0.0;1.0;14.0;A01
55261;201400036563;0;1;0;0.0;2.0;1.0;1.0;B01
55262;201400036563;0;7;0;0.0;2.0;3.0;9.0;A01
55263;201400036565;0;33;0;3.0;0.0;0.0;1.0;A01
55264;201400036566;0;10;0;0.0;2.0;2.0;15.0;A01
55265;201400036566;0;2;0;0.0;2.0;1.0;1.0;B01
55266;201400036567;0;1;0;0.0;2.0;9.0;1.0;A01
55267;201400036567;1;7;0;0.0;2.0;0.0;9.0;Z01
55268;201400036568;0;7;0;0.0;2.0;8.0;15.0;A01
55269;201400036568;0;33;0;0.0;2.0;1.0;17.0;B01
55270;201400036569;0;7;0;0.0;2.0;1.0;1.0;B01
55271;201400036569;0;7;0;0.0;2.0;8.0;19.0;A01
55272;201400036570;0;7;0;0.0;1.0;1.0;9.0;A01
55273;201400036572;0;7;0;0.0;2.0;1.0;2.0;A01
55274;201400036572;1;31;0;0.0;1.0;1.0;1.0;Z01
55275;201400036573;0;7;0;0.0;2.0;2.0;15.0;A01
55276;201400036573;0;7;0;0.0;2.0;2.0;1.0;B01
55277;201400036574;0;7;0;0.0;2.0;1.0;1.0;A01
55278;201400036574;0;7;0;0.0;2.0;4.0;1.0;B01
55279;201400036575;0;7;0;0.0;2.0;1.0;1.0;A01
55280;201400036575;0;2;0;0.0;2.0;4.0;1.0;B01
55281;201400036576;0;7;0;0.0;1.0;4.0;4.0;A01
55282;201400036577;0;2;0;0.0;2.0;1.0;1.0;B01
55283;201400036577;0;7;0;0.0;2.0;3.0;16.0;A01
55284;201400036578;0;7;0;0.0;2.0;2.0;15.0;A01
55285;201400036578;0;31;0;0.0;2.0;1.0;1.0;B01
55286;201400036579;0;7;0;0.0;1.0;2.0;1.0;A01
55287;201400036581;0;14;0;0.0;4.0;8.0;23.0;A01
55288;201400036581;0;39;50;14.0;0.0;1.0;1.0;B01
55289;201400036582;0;7;0;0.0;1.0;1.0;1.0;A01
55290;201400036583;0;7;0;0.0;2.0;3.0;13.0;A01
55291;201400036583;0;7;0;0.0;2.0;1.0;1.0;B01
55292;201400036584;0;7;0;0.0;1.0;2.0;1.0;A01
55293;201400036585;0;33;0;0.0;2.0;1.0;1.0;B01
55294;201400036585;0;7;0;0.0;2.0;2.0;15.0;A01
55295;201400036586;0;7;0;0.0;2.0;1.0;1.0;A01
55296;201400036586;0;7;0;0.0;2.0;3.0;9.0;B01
55297;201400036587;0;7;0;0.0;2.0;1.0;2.0;A01
55298;201400036587;0;7;0;0.0;2.0;4.0;2.0;B01
55299;201400036588;0;7;0;0.0;2.0;2.0;1.0;B01
55300;201400036588;1;7;0;0.0;2.0;0.0;1.0;A01
55301;201400036589;0;7;0;0.0;2.0;3.0;9.0;C01
55302;201400036589;0;7;0;0.0;2.0;1.0;2.0;A01
55303;201400036589;0;7;0;0.0;2.0;4.0;23.0;B01
55304;201400036590;0;7;0;0.0;2.0;3.0;15.0;B01
55305;201400036590;0;33;0;0.0;2.0;5.0;17.0;A01
55306;201400036592;0;37;1;0.0;1.0;0.0;0.0;A01
55307;201400036593;0;7;0;0.0;1.0;2.0;1.0;A01
55308;201400036594;0;7;0;0.0;1.0;3.0;17.0;A01
55309;201400036595;0;33;0;0.0;0.0;5.0;15.0;B01
55310;201400036595;0;1;0;0.0;2.0;1.0;1.0;A01
55311;201400036596;0;7;0;0.0;2.0;3.0;15.0;B01
55312;201400036596;0;31;0;0.0;2.0;1.0;17.0;A01
55313;201400036597;0;32;0;0.0;2.0;1.0;1.0;B01
55314;201400036597;0;2;0;0.0;2.0;0.0;1.0;A01
55315;201400036599;0;7;0;0.0;2.0;3.0;6.0;A01
55316;201400036599;0;33;0;0.0;2.0;8.0;1.0;B01
55317;201400036602;0;7;0;0.0;1.0;2.0;2.0;A01
55318;201400036603;0;7;0;0.0;0.0;7.0;1.0;B01
55319;201400036603;0;10;0;0.0;0.0;1.0;19.0;A01
55320;201400036604;0;7;0;0.0;1.0;3.0;1.0;B01
55321;201400036604;0;7;0;0.0;1.0;8.0;0.0;A01
55322;201400036606;0;7;0;0.0;2.0;8.0;2.0;B01
55323;201400036606;0;33;0;0.0;2.0;2.0;2.0;A01
55324;201400036607;0;33;0;0.0;1.0;1.0;18.0;A01
55325;201400036608;0;1;0;0.0;0.0;7.0;15.0;B01
55326;201400036608;0;7;0;0.0;0.0;8.0;9.0;A01
55327;201400036609;0;7;0;0.0;1.0;1.0;0.0;A01
55328;201400036610;0;33;0;0.0;2.0;0.0;1.0;A01
55329;201400036610;0;1;0;0.0;2.0;6.0;2.0;B01
55330;201400036611;0;7;0;0.0;2.0;1.0;0.0;B01
55331;201400036611;0;7;0;0.0;2.0;1.0;5.0;A01
55332;201400036612;0;7;0;0.0;2.0;1.0;1.0;B01
55333;201400036612;0;7;0;0.0;2.0;1.0;15.0;A01
55334;201400036613;0;7;0;0.0;1.0;6.0;4.0;A01
55335;201400036614;0;30;0;0.0;2.0;1.0;9.0;B01
55336;201400036614;0;7;0;0.0;9.0;1.0;11.0;A01
55337;201400036615;0;7;0;0.0;1.0;3.0;0.0;A01
55338;201400036616;0;7;0;0.0;1.0;1.0;1.0;A01
55339;201400036617;0;2;0;12.0;0.0;1.0;0.0;A01
55340;201400036618;0;33;0;0.0;2.0;1.0;0.0;A01
55341;201400036618;0;7;0;0.0;2.0;3.0;0.0;B01
55342;201400036619;0;7;0;0.0;2.0;3.0;1.0;B01
55343;201400036619;0;7;0;0.0;2.0;1.0;15.0;A01
55344;201400036620;0;7;0;0.0;2.0;1.0;0.0;A01
55345;201400036620;0;7;0;0.0;2.0;2.0;0.0;B01
55346;201400036621;0;10;0;0.0;2.0;8.0;1.0;A01
55347;201400036621;0;2;0;0.0;2.0;1.0;1.0;B01
55348;201400036622;0;31;0;0.0;0.0;8.0;1.0;A01
55349;201400036623;0;30;0;0.0;2.0;4.0;0.0;B01
55350;201400036623;0;7;0;0.0;2.0;1.0;0.0;A01
55351;201400036624;0;7;0;0.0;1.0;8.0;1.0;A01
55352;201400036626;0;32;0;0.0;0.0;8.0;1.0;A01
55353;201400036627;0;1;0;0.0;0.0;0.0;0.0;A01
55354;201400036628;0;7;0;0.0;1.0;2.0;1.0;A01
55355;201400036629;0;33;0;8.0;0.0;0.0;0.0;A01
55356;201400036630;0;7;0;0.0;1.0;1.0;9.0;A01
55357;201400036632;0;30;0;0.0;1.0;1.0;1.0;A01
55358;201400036633;0;10;0;0.0;2.0;1.0;23.0;A01
55359;201400036633;0;20;0;1.0;2.0;5.0;4.0;B01
55360;201400036634;0;7;0;0.0;2.0;1.0;9.0;A01
55361;201400036634;0;2;0;0.0;2.0;7.0;1.0;B01
55362;201400036635;0;7;0;0.0;2.0;1.0;12.0;B01
55363;201400036635;0;7;0;0.0;2.0;4.0;1.0;A01
55364;201400036636;0;10;0;0.0;2.0;3.0;1.0;A01
55365;201400036636;0;10;0;0.0;2.0;1.0;13.0;B01
55366;201400036639;0;7;0;2.0;0.0;1.0;1.0;A01
55367;201400036640;0;3;0;0.0;1.0;1.0;1.0;A01
55368;201400036641;0;99;0;0.0;2.0;8.0;1.0;A01
55369;201400036641;0;33;0;0.0;2.0;6.0;13.0;B01
55370;201400036642;0;32;0;0.0;0.0;0.0;0.0;A01
55371;201400036643;0;7;0;0.0;1.0;3.0;1.0;A01
55372;201400036644;0;7;0;0.0;0.0;0.0;1.0;A01
55373;201400036645;0;7;0;0.0;0.0;1.0;1.0;A01
55374;201400036645;0;31;0;14.0;2.0;1.0;17.0;B01
55375;201400036646;0;7;0;0.0;2.0;3.0;15.0;B01