;Num_Acc;senc;catv;occutc;obs;obsm;choc;manv;num_veh
56217;201400037187;0;7;0;0.0;2.0;3.0;1.0;C01
56218;201400037187;0;7;0;0.0;2.0;1.0;17.0;A01
56219;201400037187;0;7;0;0.0;2.0;8.0;1.0;B01
56220;201400037188;0;7;0;0.0;2.0;3.0;9.0;A01
56221;201400037188;0;1;0;0.0;2.0;7.0;1.0;B01
56222;201400037189;0;7;0;6.0;2.0;7.0;1.0;B01
56223;201400037189;0;10;0;0.0;2.0;1.0;1.0;A01
56224;201400037190;1;7;0;0.0;2.0;0.0;20.0;Z01
56225;201400037190;0;1;0;0.0;2.0;3.0;1.0;B01
56226;201400037191;0;32;0;0.0;1.0;1.0;1.0;A01
56227;201400037193;0;7;0;0.0;2.0;3.0;9.0;A01
56228;201400037193;0;1;0;0.0;2.0;2.0;1.0;B01
56229;201400037194;0;1;0;0.0;2.0;2.0;13.0;A01
56230;201400037194;0;1;0;0.0;2.0;1.0;1.0;B01
56231;201400037195;0;7;0;0.0;2.0;2.0;1.0;B01
56232;201400037195;0;1;0;0.0;2.0;7.0;19.0;A01
56233;201400037196;0;7;0;0.0;2.0;7.0;14.0;A01
56234;201400037196;0;1;0;0.0;2.0;8.0;1.0;B01
56235;201400037198;0;33;0;0.0;2.0;1.0;1.0;B01
56236;201400037198;0;7;0;0.0;2.0;1.0;9.0;A01
56237;201400037200;0;1;0;0.0;2.0;7.0;1.0;B01
56238;201400037200;0;2;0;0.0;2.0;3.0;9.0;A01
56239;201400037201;0;7;0;0.0;2.0;2.0;1.0;A01
56240;201400037201;0;1;0;0.0;2.0;1.0;15.0;B01
56241;201400037202;0;7;0;0.0;2.0;2.0;16.0;A01
56242;201400037202;0;30;0;0.0;2.0;3.0;1.0;B01
56243;201400037204;0;1;0;0.0;2.0;7.0;1.0;B01
56244;201400037204;0;7;0;0.0;2.0;3.0;22.0;A01
56245;201400037204;0;7;0;0.0;2.0;2.0;14.0;C01
56246;201400037205;0;1;0;0.0;2.0;1.0;1.0;B01
56247;201400037205;0;7;0;0.0;2.0;2.0;9.0;A01
56248;201400037206;0;33;0;0.0;2.0;2.0;1.0;B01
56249;201400037206;0;7;0;0.0;2.0;8.0;9.0;A01
56250;201400037207;0;7;0;0.0;1.0;1.0;14.0;A01
56251;201400037208;0;30;0;0.0;2.0;7.0;1.0;B01
56252;201400037208;0;7;0;0.0;2.0;3.0;9.0;A01
56253;201400037209;0;7;0;0.0;1.0;1.0;1.0;A01
56254;201400037210;0;7;0;0.0;1.0;2.0;1.0;A01
56255;201400037211;0;7;0;0.0;1.0;2.0;6.0;A01
56256;201400037212;0;1;0;0.0;2.0;1.0;1.0;B01
56257;201400037212;0;7;0;0.0;2.0;2.0;9.0;A01
56258;201400037213;0;7;0;0.0;1.0;2.0;1.0;A01
56259;201400037215;0;21;0;0.0;0.0;0.0;0.0;A01
56260;201400037215;0;33;0;13.0;9.0;9.0;1.0;B01
56261;201400037216;0;7;0;0.0;1.0;6.0;4.0;A01
56262;201400037217;0;7;0;4.0;2.0;2.0;15.0;A01
56263;201400037217;0;33;0;0.0;2.0;1.0;1.0;B01
56264;201400037218;0;2;0;0.0;1.0;1.0;1.0;A01
56265;201400037220;0;7;0;0.0;1.0;2.0;1.0;A01
56266;201400037221;0;7;0;0.0;1.0;5.0;4.0;A01
56267;201400037222;0;7;0;0.0;1.0;1.0;1.0;A01
56268;201400037224;0;7;0;0.0;2.0;3.0;1.0;B01
56269;201400037224;0;1;0;0.0;2.0;1.0;5.0;A01
56270;201400037225;0;7;0;0.0;2.0;1.0;5.0;A01
56271;201400037225;0;7;0;0.0;2.0;8.0;1.0;B01
56272;201400037225;0;7;0;0.0;2.0;8.0;1.0;C01
56273;201400037225;0;7;0;0.0;2.0;1.0;1.0;D01
56274;201400037226;0;1;0;0.0;2.0;1.0;5.0;A01
56275;201400037226;0;7;0;0.0;2.0;1.0;1.0;B01
56276;201400037227;0;7;0;0.0;2.0;3.0;9.0;A01
56277;201400037227;0;2;0;0.0;2.0;1.0;1.0;B01
56278;201400037229;0;32;0;14.0;0.0;1.0;1.0;A01
56279;201400037230;0;7;0;0.0;1.0;2.0;1.0;A01
56280;201400037231;0;33;0;0.0;2.0;1.0;16.0;A01
56281;201400037231;0;7;0;0.0;2.0;3.0;23.0;B01
56282;201400037232;0;10;0;0.0;1.0;2.0;1.0;A01
56283;201400037233;0;10;0;0.0;1.0;3.0;1.0;A01
56284;201400037235;0;7;0;0.0;1.0;3.0;1.0;A01
56285;201400037236;0;7;0;0.0;2.0;2.0;1.0;B01
56286;201400037236;0;1;0;2.0;2.0;1.0;1.0;A01
56287;201400037237;0;7;0;0.0;2.0;3.0;13.0;A01
56288;201400037237;0;7;0;0.0;2.0;3.0;1.0;B01
56289;201400037238;0;33;0;0.0;1.0;0.0;11.0;A01
56290;201400037238;0;7;0;0.0;2.0;6.0;13.0;B01
56291;201400037239;0;30;0;0.0;2.0;7.0;2.0;A01
56292;201400037239;0;30;0;0.0;2.0;8.0;2.0;B01
56293;201400037240;0;10;0;0.0;2.0;1.0;1.0;B01
56294;201400037240;0;7;0;0.0;2.0;2.0;15.0;A01
56295;201400037241;0;30;0;0.0;2.0;3.0;17.0;A01
56296;201400037241;0;7;0;0.0;2.0;8.0;1.0;B01
56297;201400037241;0;7;0;0.0;2.0;7.0;1.0;C01
56298;201400037242;0;7;0;0.0;2.0;3.0;15.0;A01
56299;201400037242;0;1;0;0.0;2.0;1.0;23.0;B01
56300;201400037243;0;7;0;0.0;1.0;3.0;1.0;A01
56301;201400037244;0;7;0;0.0;2.0;7.0;1.0;B01
56302;201400037244;0;7;0;0.0;2.0;1.0;1.0;A01
56303;201400037245;0;2;0;0.0;2.0;1.0;1.0;B01
56304;201400037245;0;10;0;0.0;2.0;3.0;9.0;A01
56305;201400037246;0;7;0;0.0;2.0;3.0;0.0;A01
56306;201400037246;0;7;0;0.0;2.0;1.0;1.0;B01
56307;201400037247;0;7;0;6.0;0.0;1.0;1.0;A01
56308;201400037248;0;7;0;3.0;0.0;1.0;0.0;A01
56309;201400037249;0;7;0;0.0;2.0;3.0;9.0;A01
56310;201400037249;0;30;0;0.0;2.0;1.0;1.0;B01
56311;201400037250;0;7;0;0.0;1.0;2.0;1.0;A01
56312;201400037251;0;30;0;0.0;2.0;1.0;1.0;B01
56313;201400037251;0;7;0;0.0;2.0;3.0;16.0;A01
56314;201400037252;0;3;0;0.0;2.0;3.0;16.0;A01
56315;201400037252;0;7;0;0.0;2.0;7.0;21.0;B01
56316;201400037253;0;7;0;0.0;1.0;1.0;1.0;A01
56317;201400037254;0;2;0;14.0;0.0;1.0;1.0;A01
56318;201400037255;0;7;0;0.0;2.0;1.0;10.0;A01
56319;201400037255;0;10;0;0.0;2.0;1.0;1.0;B01
56320;201400037256;0;7;0;0.0;2.0;1.0;1.0;A01
56321;201400037256;0;7;0;0.0;2.0;4.0;2.0;B01
56322;201400037257;0;33;0;3.0;0.0;1.0;1.0;A01
56323;201400037258;0;2;0;0.0;0.0;0.0;1.0;A01
56324;201400037258;0;7;0;0.0;0.0;2.0;1.0;B01
56325;201400037259;0;7;0;0.0;2.0;3.0;1.0;A01
56326;201400037259;0;7;0;0.0;2.0;8.0;1.0;B01
56327;201400037260;0;7;0;0.0;2.0;1.0;15.0;A01
56328;201400037260;0;2;0;0.0;2.0;1.0;1.0;B01
56329;201400037261;0;7;0;0.0;2.0;3.0;10.0;A01
56330;201400037261;0;31;0;0.0;2.0;1.0;1.0;B01
56331;201400037262;0;7;0;0.0;1.0;2.0;1.0;A01
56332;201400037263;0;7;0;2.0;0.0;8.0;1.0;A01
56333;201400037264;0;2;0;0.0;2.0;1.0;2.0;A01
56334;201400037264;1;7;0;0.0;2.0;4.0;2.0;Z01
56335;201400037265;0;7;0;0.0;2.0;4.0;2.0;C01
56336;201400037265;0;7;0;0.0;2.0;1.0;2.0;B01
56337;201400037265;0;31;0;0.0;2.0;1.0;1.0;A01
56338;201400037266;0;3;0;0.0;2.0;1.0;1.0;A01
56339;201400037266;0;7;0;0.0;2.0;8.0;15.0;B01
56340;201400037266;0;7;0;0.0;2.0;8.0;16.0;C01
56341;201400037267;0;7;0;0.0;2.0;1.0;1.0;A01
56342;201400037267;0;3;0;0.0;2.0;4.0;2.0;B01
56343;201400037267;0;10;0;0.0;2.0;4.0;2.0;C01
56344;201400037268;0;7;0;0.0;2.0;8.0;1.0;A01
56345;201400037268;0;33;0;0.0;2.0;1.0;12.0;B01
56346;201400037269;0;7;0;0.0;2.0;3.0;20.0;A01
56347;201400037269;0;2;0;0.0;2.0;1.0;1.0;B01
56348;201400037270;0;30;0;0.0;2.0;1.0;1.0;A01
56349;201400037270;0;7;0;0.0;2.0;1.0;1.0;B01
56350;201400037271;0;14;0;0.0;2.0;3.0;1.0;A01
56351;201400037271;0;7;0;0.0;2.0;4.0;15.0;B01
56352;201400037271;0;7;0;0.0;2.0;1.0;1.0;C01
56353;201400037272;0;10;0;0.0;2.0;1.0;1.0;A01
56354;201400037272;0;2;0;0.0;2.0;4.0;1.0;B01
56355;201400037272;0;7;0;0.0;2.0;1.0;1.0;C01
56356;201400037273;0;32;0;0.0;1.0;8.0;1.0;A01
56357;201400037274;0;7;0;0.0;1.0;1.0;1.0;A01
56358;201400037276;0;2;0;0.0;2.0;1.0;2.0;A01
56359;201400037276;0;7;0;0.0;2.0;4.0;1.0;B01
56360;201400037277;0;2;0;0.0;2.0;1.0;1.0;A01
56361;201400037277;0;7;0;0.0;2.0;2.0;1.0;B01
56362;201400037278;0;7;0;0.0;2.0;1.0;2.0;A01
56363;201400037278;0;7;0;0.0;2.0;4.0;1.0;B01
56364;201400037279;0;7;0;0.0;2.0;8.0;9.0;A01
56365;201400037279;0;7;0;0.0;2.0;2.0;1.0;B01
56366;201400037280;1;7;0;15.0;1.0;2.0;1.0;Z01
56367;201400037281;0;7;0;0.0;1.0;1.0;15.0;A01
56368;201400037283;0;7;0;0.0;2.0;1.0;1.0;A01
56369;201400037283;0;7;0;0.0;2.0;4.0;1.0;B01
56370;201400037283;0;7;0;0.0;2.0;4.0;1.0;C01
56371;201400037284;0;7;0;0.0;1.0;7.0;0.0;A01
56372;201400037285;0;1;0;0.0;2.0;3.0;19.0;B01
56373;201400037285;1;7;0;0.0;2.0;2.0;1.0;Z01
56374;201400037286;0;7;0;0.0;2.0;7.0;16.0;A01
56375;201400037286;0;1;0;0.0;2.0;8.0;9.0;B01
56376;201400037287;0;7;0;0.0;2.0;8.0;15.0;A01
56377;201400037287;0;33;0;0.0;2.0;1.0;1.0;B01
56378;201400037288;0;7;0;0.0;2.0;3.0;9.0;A01
56379;201400037288;0;10;0;0.0;2.0;1.0;1.0;B01
56380;201400037289;0;7;0;5.0;0.0;3.0;13.0;A01
56381;201400037290;0;33;0;0.0;2.0;4.0;2.0;B01
56382;201400037290;0;7;0;0.0;2.0;1.0;1.0;A01
56383;201400037290;0;7;0;0.0;2.0;4.0;2.0;C01
56384;201400037291;0;7;0;0.0;1.0;0.0;1.0;A01
56385;201400037292;0;7;0;0.0;1.0;2.0;1.0;A01
56386;201400037293;0;10;0;1.0;2.0;1.0;1.0;A01
56387;201400037293;0;10;0;0.0;2.0;3.0;1.0;B01
56388;201400037295;0;7;0;0.0;2.0;4.0;1.0;B01
56389;201400037295;0;7;0;0.0;2.0;1.0;1.0;A01
56390;201400037296;0;34;0;1.0;0.0;1.0;1.0;A01
56391;201400037297;0;7;0;0.0;2.0;1.0;5.0;A01
56392;201400037297;0;7;0;0.0;2.0;1.0;1.0;B01
56393;201400037298;0;7;0;0.0;1.0;1.0;1.0;A01
56394;201400037299;0;7;0;0.0;2.0;1.0;13.0;A01
56395;201400037299;0;10;0;0.0;2.0;3.0;1.0;B01
56396;201400037299;0;7;0;0.0;2.0;3.0;1.0;C01
56397;201400037300;0;7;0;0.0;1.0;2.0;1.0;A01
56398;201400037301;0;7;0;0.0;1.0;1.0;1.0;A01
56399;201400037302;0;7;0;0.0;2.0;1.0;1.0;A01
56400;201400037302;0;10;0;0.0;2.0;4.0;2.0;B01
56401;201400037302;0;7;0;0.0;2.0;4.0;2.0;C01
56402;201400037304;0;1;0;0.0;2.0;1.0;1.0;A01
56403;201400037304;0;7;0;0.0;2.0;2.0;1.0;B01
56404;201400037305;0;7;0;0.0;2.0;2.0;15.0;A01
56405;201400037305;0;33;0;0.0;2.0;1.0;1.0;B01
56406;201400037306;0;7;0;0.0;2.0;1.0;1.0;B01
56407;201400037306;0;7;0;0.0;2.0;2.0;1.0;A01
56408;201400037307;0;7;0;0.0;2.0;7.0;15.0;A01
56409;201400037307;0;7;0;0.0;2.0;1.0;1.0;B01
56410;201400037309;0;7;0;0.0;1.0;1.0;1.0;A01
56411;201400037310;0;7;0;0.0;2.0;1.0;1.0;A01
56412;201400037310;0;7;0;0.0;0.0;4.0;1.0;B01
56413;201400037312;0;7;0;12.0;0.0;1.0;1.0;A01
56414;201400037313;0;7;0;3.0;2.0;1.0;1.0;A01
56415;201400037313;0;7;0;0.0;2.0;1.0;1.0;B01
56416;201400037314;0;7;0;0.0;2.0;7.0;17.0;A01
56417;201400037314;0;1;0;0.0;2.0;8.0;1.0;B01
56418;201400037316;0;33;0;0.0;1.0;8.0;1.0;A01
56419;201400037317;0;7;0;0.0;2.0;1.0;1.0;A01
56420;201400037317;0;7;0;0.0;2.0;4.0;2.0;B01
56421;201400037318;0;7;0;0.0;1.0;3.0;1.0;A01
56422;201400037318;0;38;1;0.0;1.0;3.0;1.0;B01
56423;201400037319;0;10;0;13.0;0.0;2.0;1.0;A01
56424;201400037320;0;30;0;16.0;0.0;7.0;1.0;A01
56425;201400037321;0;7;0;0.0;2.0;1.0;0.0;A01
56426;201400037321;0;7;0;0.0;2.0;1.0;1.0;B01
56427;201400037322;0;7;0;0.0;2.0;2.0;15.0;A01
56428;201400037322;0;30;0;0.0;2.0;3.0;1.0;B01
56429;201400037323;0;7;0;13.0;2.0;4.0;2.0;B01
56430;201400037323;0;7;0;0.0;2.0;1.0;1.0;A01
56431;201400037324;0;7;0;0.0;1.0;7.0;1.0;A01
56432;201400037325;0;7;0;0.0;2.0;1.0;1.0;A01
56433;201400037325;0;7;0;0.0;2.0;4.0;1.0;B01
56434;201400037326;0;7;0;0.0;2.0;3.0;15.0;A01
56435;201400037326;0;7;0;0.0;2.0;1.0;1.0;B01
56436;201400037327;0;7;0;0.0;2.0;1.0;1.0;A01
56437;201400037327;0;7;0;0.0;2.0;4.0;1.0;B01
56438;201400037328;0;7;0;6.0;0.0;1.0;1.0;A01
56439;201400037330;0;7;0;0.0;2.0;1.0;1.0;B01
56440;201400037330;0;7;0;0.0;2.0;8.0;1.0;A01
56441;201400037331;0;7;0;0.0;2.0;2.0;15.0;A01
56442;201400037331;0;7;0;0.0;2.0;1.0;1.0;B01
56443;201400037332;0;7;0;13.0;0.0;7.0;1.0;A01
56444;201400037333;0;7;0;0.0;2.0;1.0;1.0;A01
56445;201400037333;0;7;0;0.0;2.0;9.0;1.0;B01
56446;201400037334;0;7;0;0.0;2.0;3.0;20.0;A01
56447;201400037334;0;7;0;0.0;2.0;2.0;1.0;B01
56448;201400037335;0;10;0;0.0;2.0;2.0;15.0;A01
56449;201400037335;0;7;0;0.0;2.0;1.0;1.0;B01
56450;201400037337;0;7;0;0.0;2.0;1.0;2.0;A01
56451;201400037337;0;7;0;0.0;2.0;4.0;2.0;B01
56452;201400037337;0;7;0;0.0;2.0;4.0;2.0;C01
56453;201400037337;0;7;0;0.0;0.0;4.0;2.0;D01
56454;201400037338;0;7;0;0.0;2.0;1.0;1.0;A01
56455;201400037338;0;7;0;0.0;2.0;4.0;2.0;B01
56456;201400037338;0;7;0;0.0;2.0;4.0;2.0;C01
56457;201400037339;0;7;0;0.0;2.0;2.0;1.0;A01
56458;201400037339;0;7;0;0.0;2.0;3.0;1.0;B01
56459;201400037340;0;7;0;0.0;1.0;1.0;15.0;A01
56460;201400037342;0;2;0;0.0;2.0;1.0;1.0;B01
56461;201400037342;0;7;0;0.0;2.0;3.0;9.0;A01
56462;201400037343;0;7;0;0.0;1.0;1.0;1.0;A01
56463;201400037344;0;7;0;16.0;0.0;9.0;17.0;A01
56464;201400037346;0;7;0;0.0;2.0;8.0;10.0;A01
56465;201400037346;0;33;0;0.0;2.0;1.0;1.0;B01
56466;201400037347;0;7;0;0.0;1.0;1.0;1.0;A01
56467;201400037348;0;10;0;0.0;2.0;1.0;1.0;A01
56468;201400037348;0;7;0;0.0;2.0;4.0;1.0;B01
56469;201400037348;0;7;0;0.0;2.0;4.0;1.0;C01
56470;201400037349;0;7;0;0.0;2.0;1.0;1.0;A01
56471;201400037349;0;7;0;0.0;2.0;4.0;23.0;B01
56472;201400037350;0;10;0;13.0;0.0;1.0;1.0;A01
56473;201400037351;0;7;0;0.0;2.0;1.0;2.0;A01
56474;201400037351;0;7;0;6.0;2.0;4.0;2.0;B01
56475;201400037352;0;7;0;0.0;2.0;2.0;1.0;A01
56476;201400037352;0;7;0;6.0;2.0;3.0;1.0;B01
56477;201400037353;0;7;0;4.0;0.0;1.0;1.0;A01
56478;201400037354;0;7;0;0.0;1.0;1.0;1.0;A01
56479;201400037355;0;7;0;0.0;1.0;3.0;15.0;A01
56480;201400037356;0;1;0;0.0;2.0;7.0;1.0;B01
56481;201400037356;0;7;0;0.0;2.0;1.0;1.0;A01
56482;201400037357;0;7;0;0.0;2.0;1.0;2.0;A01
56483;201400037357;0;7;0;0.0;2.0;4.0;2.0;B01
56484;201400037357;0;7;0;0.0;2.0;4.0;2.0;C01
56485;201400037358;0;1;0;0.0;2.0;3.0;19.0;A01
56486;201400037358;0;7;0;0.0;2.0;1.0;1.0;B01
56487;201400037359;0;7;0;0.0;2.0;8.0;15.0;B01
56488;201400037359;0;7;0;0.0;2.0;3.0;1.0;A01
56489;201400037360;0;7;0;0.0;2.0;1.0;9.0;A01
56490;201400037360;0;1;0;0.0;2.0;7.0;1.0;B01
56491;201400037361;0;7;0;1.0;0.0;2.0;1.0;A01
56492;201400037362;0;7;0;0.0;2.0;1.0;2.0;A01
56493;201400037362;0;7;0;0.0;2.0;4.0;2.0;B01
56494;201400037362;0;7;0;0.0;0.0;4.0;2.0;C01
56495;201400037363;0;7;0;0.0;2.0;6.0;15.0;A01
56496;201400037363;0;33;0;0.0;2.0;1.0;1.0;B01
56497;201400037364;0;10;0;0.0;2.0;1.0;2.0;A01
56498;201400037364;0;7;0;0.0;2.0;4.0;13.0;B01
56499;201400037364;0;7;0;0.0;2.0;4.0;2.0;C01
56500;201400037365;0;1;0;0.0;2.0;7.0;1.0;B01
56501;201400037365;0;7;0;0.0;2.0;1.0;1.0;A01
56502;201400037366;0;7;0;0.0;2.0;1.0;9.0;A01
56503;201400037366;0;7;0;0.0;2.0;1.0;1.0;B01
56504;201400037367;0;2;0;0.0;0.0;1.0;1.0;A01
56505;201400037368;0;10;0;0.0;1.0;2.0;1.0;A01
56506;201400037371;0;14;0;0.0;2.0;8.0;15.0;A01
56507;201400037371;0;7;0;0.0;2.0;2.0;1.0;B01
56508;201400037372;0;7;0;6.0;5.0;2.0;1.0;A01
56509;201400037373;0;7;0;0.0;1.0;0.0;0.0;A01
56510;201400037374;0;10;0;1.0;0.0;3.0;13.0;A01
56511;201400037375;0;2;0;5.0;0.0;1.0;0.0;A01
56512;201400037376;0;7;0;0.0;2.0;1.0;15.0;A01
56513;201400037376;0;1;0;0.0;2.0;1.0;15.0;B01
56514;201400037377;0;10;0;0.0;2.0;1.0;9.0;A01
56515;201400037377;0;31;0;0.0;2.0;7.0;1.0;B01
56516;201400037378;0;7;0;0.0;1.0;1.0;15.0;A01
56517;201400037379;0;7;0;0.0;1.0;4.0;4.0;A01
56518;201400037380;0;7;0;0.0;2.0;3.0;13.0;A01
56519;201400037380;0;7;0;0.0;2.0;1.0;1.0;B01
56520;201400037380;0;7;0;0.0;2.0;3.0;1.0;C01
56521;201400037381;0;7;0;0.0;1.0;1.0;0.0;A01
56522;201400037382;0;7;0;0.0;2.0;3.0;13.0;A01
56523;201400037382;0;7;0;0.0;2.0;3.0;1.0;B01
56524;201400037383;0;7;0;0.0;2.0;1.0;2.0;A01
56525;201400037383;0;7;0;0.0;2.0;4.0;1.0;B01
56526;201400037384;0;7;0;0.0;2.0;3.0;1.0;B01
56527;201400037384;0;7;0;0.0;2.0;1.0;15.0;A01
56528;201400037385;0;7;0;0.0;1.0;1.0;1.0;A01
56529;201400037386;0;2;0;12.0;0.0;1.0;1.0;A01
56530;201400037387;0;32;0;0.0;2.0;3.0;1.0;B01
56531;201400037387;0;7;0;0.0;2.0;2.0;1.0;A01
56532;201400037388;0;2;0;0.0;0.0;7.0;1.0;A01
56533;201400037389;0;7;0;0.0;2.0;1.0;1.0;A01
56534;201400037389;0;7;0;0.0;2.0;4.0;2.0;B01
56535;201400037389;0;7;0;0.0;2.0;4.0;15.0;C01
56536;201400037390;0;33;0;16.0;0.0;7.0;1.0;A01
56537;201400037392;0;7;0;0.0;2.0;3.0;1.0;A01
56538;201400037392;0;30;0;0.0;2.0;1.0;1.0;B01
56539;201400037393;0;2;0;0.0;2.0;1.0;17.0;A01
56540;201400037393;0;7;0;0.0;2.0;3.0;15.0;B01
56541;201400037394;0;7;0;0.0;2.0;1.0;2.0;A01
56542;201400037394;0;7;0;0.0;2.0;4.0;2.0;B01
56543;201400037394;0;7;0;0.0;2.0;4.0;2.0;C01
56544;201400037395;0;7;0;0.0;2.0;3.0;13.0;A01
56545;201400037395;0;7;0;0.0;2.0;3.0;1.0;B01
56546;201400037395;0;7;0;0.0;9.0;1.0;1.0;C01
56547;201400037396;0;7;0;0.0;2.0;7.0;15.0;A01
56548;201400037396;0;7;0;0.0;2.0;1.0;1.0;B01
56549;201400037397;0;1;0;0.0;2.0;7.0;1.0;B01
56550;201400037397;0;7;0;0.0;2.0;3.0;9.0;A01
56551;201400037398;0;7;0;0.0;2.0;1.0;1.0;A01
56552;201400037398;0;7;0;0.0;2.0;7.0;1.0;B01
56553;201400037399;0;7;0;0.0;1.0;4.0;4.0;A01
56554;201400037400;0;7;0;0.0;2.0;6.0;1.0;B01
56555;201400037400;0;2;0;0.0;2.0;6.0;15.0;A01
56556;201400037401;0;31;0;0.0;2.0;1.0;1.0;B01
56557;201400037401;0;7;0;0.0;2.0;7.0;1.0;A01
56558;201400037402;0;7;0;0.0;2.0;1.0;1.0;A01
56559;201400037402;0;7;0;0.0;2.0;4.0;2.0;B01
56560;201400037402;0;7;0;0.0;2.0;4.0;2.0;C01
56561;201400037404;0;7;0;0.0;2.0;1.0;1.0;A01
56562;201400037404;0;7;0;6.0;2.0;7.0;1.0;B01
56563;201400037405;0;7;0;0.0;2.0;1.0;1.0;B01
56564;201400037405;0;2;0;0.0;2.0;1.0;9.0;A01
56565;201400037406;0;31;0;14.0;0.0;1.0;1.0;A01
56566;201400037407;0;7;0;0.0;2.0;3.0;15.0;A01
56567;201400037407;0;7;0;0.0;2.0;6.0;1.0;B01
56568;201400037408;0;32;0;0.0;2.0;1.0;17.0;A01
56569;201400037408;0;7;0;0.0;2.0;3.0;15.0;B01
56570;201400037409;0;33;0;0.0;0.0;1.0;1.0;A01
56571;201400037409;0;14;0;0.0;2.0;2.0;1.0;B01
56572;201400037410;0;7;0;0.0;2.0;6.0;4.0;A01
56573;201400037410;0;7;0;0.0;2.0;2.0;1.0;B01
56574;201400037411;0;7;0;0.0;1.0;1.0;16.0;A01
56575;201400037412;0;30;0;2.0;0.0;2.0;1.0;A01
56576;201400037413;0;7;0;13.0;0.0;1.0;1.0;A01
56577;201400037414;0;7;0;0.0;2.0;4.0;2.0;B01
56578;201400037414;0;7;0;0.0;2.0;4.0;2.0;C01
56579;201400037414;1;7;0;0.0;2.0;1.0;1.0;Z01
56580;201400037415;0;14;0;0.0;2.0;1.0;1.0;A01
56581;201400037415;0;14;0;0.0;2.0;3.0;1.0;B01
56582;201400037416;0;7;0;0.0;2.0;1.0;15.0;A01
56583;201400037416;0;33;0;0.0;2.0;2.0;17.0;B01
56584;201400037417;0;7;0;12.0;0.0;7.0;1.0;A01
56585;201400037418;0;30;0;0.0;2.0;1.0;1.0;A01
56586;201400037418;0;10;0;0.0;2.0;5.0;2.0;B01
56587;201400037420;0;7;0;1.0;0.0;3.0;14.0;A01
56588;201400037420;0;7;0;0.0;2.0;8.0;24.0;B01
56589;201400037421;0;7;0;0.0;2.0;3.0;5.0;A01
56590;201400037421;0;7;0;0.0;2.0;3.0;1.0;B01
56591;201400037422;0;7;0;0.0;2.0;1.0;1.0;A01
56592;201400037422;0;7;0;0.0;2.0;4.0;2.0;B01
56593;201400037423;0;7;0;0.0;1.0;3.0;15.0;A01
56594;201400037424;0;7;0;0.0;1.0;3.0;1.0;A01
56595;201400037425;0;7;0;0.0;0.0;9.0;1.0;A01
56596;201400037426;0;1;0;0.0;2.0;8.0;0.0;B01
56597;201400037426;0;7;0;0.0;2.0;1.0;16.0;A01
56598;201400037428;0;10;0;0.0;1.0;1.0;1.0;A01
56599;201400037429;0;7;0;0.0;2.0;1.0;2.0;A01
56600;201400037429;0;7;0;0.0;2.0;4.0;2.0;B01
56601;201400037431;0;7;0;0.0;2.0;1.0;1.0;A01
56602;201400037431;0;7;0;0.0;2.0;4.0;2.0;B01
56603;201400037432;0;7;0;0.0;2.0;0.0;0.0;A01
56604;201400037432;0;7;0;0.0;2.0;1.0;1.0;B01
56605;201400037433;0;1;0;0.0;2.0;4.0;1.0;B01
56606;201400037433;0;7;0;0.0;2.0;1.0;9.0;A01
56607;201400037434;0;7;0;0.0;2.0;4.0;12.0;A01
56608;201400037434;0;33;0;0.0;2.0;1.0;1.0;B01
56609;201400037435;0;7;0;0.0;2.0;2.0;5.0;A01
56610;201400037435;0;7;0;0.0;2.0;2.0;1.0;B01
56611;201400037436;0;7;0;0.0;2.0;1.0;16.0;A01
56612;201400037436;0;1;0;0.0;2.0;4.0;16.0;B01
56613;201400037437;0;7;0;0.0;2.0;1.0;1.0;A01
56614;201400037437;0;7;0;0.0;2.0;4.0;2.0;B01
56615;201400037438;0;7;0;0.0;2.0;1.0;16.0;A01
56616;201400037438;0;10;0;0.0;2.0;1.0;1.0;B01
56617;201400037439;0;7;0;0.0;2.0;1.0;16.0;A01
56618;201400037439;0;1;0;0.0;2.0;1.0;8.0;B01
56619;201400037440;0;7;0;6.0;0.0;9.0;1.0;A01
56620;201400037441;0;1;0;0.0;2.0;1.0;8.0;A01
56621;201400037441;0;7;0;0.0;2.0;2.0;9.0;B01
56622;201400037442;0;7;0;0.0;2.0;2.0;15.0;A01
56623;201400037442;0;7;0;0.0;2.0;3.0;1.0;B01
56624;201400037443;0;2;0;15.0;0.0;1.0;1.0;A01
56625;201400037445;0;2;0;16.0;0.0;8.0;1.0;A01
56626;201400037446;1;30;0;0.0;1.0;1.0;1.0;Z01
56627;201400037447;0;7;0;0.0;1.0;1.0;1.0;A01
56628;201400037448;0;2;0;16.0;0.0;0.0;1.0;A01
56629;201400037449;0;7;0;0.0;1.0;3.0;1.0;A01
56630;201400037450;0;7;0;0.0;1.0;8.0;0.0;A01
56631;201400037451;0;7;0;0.0;2.0;1.0;1.0;A01
56632;201400037451;0;7;0;0.0;2.0;1.0;15.0;B01
56633;201400037452;0;10;0;0.0;2.0;1.0;15.0;A01
56634;201400037452;0;30;0;0.0;2.0;1.0;1.0;B01
56635;201400037454;0;7;0;0.0;1.0;2.0;1.0;A01
56636;201400037455;0;2;0;16.0;0.0;8.0;1.0;A01
56637;201400037457;0;7;0;13.0;0.0;1.0;1.0;A01
56638;201400037458;0;37;1;0.0;2.0;1.0;1.0;A01
56639;201400037458;0;7;0;0.0;2.0;4.0;2.0;B01