;Num_Acc;senc;catv;occutc;obs;obsm;choc;manv;num_veh
57483;201400038012;0;7;0;0.0;2.0;1.0;1.0;B01
57484;201400038012;0;7;0;0.0;2.0;0.0;0.0;C01
57485;201400038013;0;7;0;0.0;1.0;1.0;0.0;A01
57486;201400038014;0;30;0;0.0;2.0;2.0;0.0;A01
57487;201400038014;0;7;0;0.0;2.0;1.0;0.0;B01
57488;201400038015;0;7;0;0.0;2.0;1.0;1.0;A01
57489;201400038015;0;7;0;0.0;2.0;4.0;23.0;B01
57490;201400038017;0;7;0;8.0;0.0;2.0;1.0;A01
57491;201400038018;0;7;0;0.0;2.0;0.0;0.0;A01
57492;201400038018;0;7;0;0.0;2.0;7.0;1.0;B01
57493;201400038020;0;7;0;0.0;2.0;0.0;0.0;A01
57494;201400038020;0;7;0;0.0;2.0;0.0;0.0;B01
57495;201400038021;1;7;0;0.0;9.0;2.0;17.0;A01
57496;201400038021;0;1;0;0.0;2.0;3.0;0.0;B01
57497;201400038024;0;7;0;0.0;2.0;1.0;1.0;A01
57498;201400038024;0;14;0;0.0;2.0;7.0;1.0;B01
57499;201400038025;0;7;0;0.0;1.0;1.0;1.0;A01
57500;201400038026;0;7;0;0.0;1.0;8.0;9.0;A01
57501;201400038027;0;7;0;0.0;0.0;0.0;0.0;A01
57502;201400038027;0;33;0;0.0;0.0;0.0;0.0;B01
57503;201400038028;0;7;0;0.0;1.0;2.0;1.0;A01
57504;201400038029;0;7;0;0.0;2.0;1.0;9.0;A01
57505;201400038029;0;7;0;0.0;2.0;7.0;1.0;B01
57506;201400038030;0;7;0;0.0;2.0;8.0;10.0;A01
57507;201400038030;0;7;0;0.0;2.0;1.0;1.0;B01
57508;201400038031;0;33;0;0.0;0.0;1.0;2.0;A01
57509;201400038031;0;7;0;0.0;2.0;4.0;2.0;B01
57510;201400038032;0;7;0;0.0;1.0;2.0;1.0;A01
57511;201400038033;0;7;0;0.0;2.0;1.0;2.0;A01
57512;201400038033;0;7;0;0.0;0.0;4.0;2.0;B01
57513;201400038034;0;7;0;0.0;2.0;3.0;15.0;A01
57514;201400038034;0;7;0;0.0;2.0;8.0;1.0;B01
57515;201400038035;2;32;0;0.0;2.0;0.0;0.0;A01
57516;201400038035;0;1;0;0.0;2.0;0.0;0.0;B01
57517;201400038036;0;1;0;0.0;1.0;1.0;1.0;A01
57518;201400038038;1;7;0;0.0;1.0;2.0;1.0;A01
57519;201400038039;0;7;0;0.0;1.0;2.0;1.0;A01
57520;201400038040;0;2;0;0.0;2.0;1.0;1.0;B01
57521;201400038040;0;7;0;0.0;2.0;2.0;15.0;A01
57522;201400038041;0;7;0;0.0;2.0;0.0;2.0;B01
57523;201400038041;0;7;0;0.0;2.0;1.0;2.0;A01
57524;201400038042;0;1;0;0.0;2.0;1.0;0.0;A01
57525;201400038042;0;7;0;0.0;2.0;2.0;2.0;B01
57526;201400038043;0;7;0;0.0;2.0;2.0;1.0;A01
57527;201400038043;0;10;0;0.0;0.0;2.0;3.0;B01
57528;201400038044;0;7;0;0.0;2.0;1.0;0.0;A01
57529;201400038044;0;33;0;0.0;2.0;4.0;0.0;B01
57530;201400038045;0;1;0;0.0;2.0;8.0;19.0;B01
57531;201400038045;0;7;0;0.0;9.0;1.0;1.0;A01
57532;201400038046;0;1;0;0.0;9.0;1.0;15.0;B01
57533;201400038046;0;7;0;0.0;2.0;1.0;0.0;A01
57534;201400038047;0;7;0;0.0;2.0;1.0;2.0;A01
57535;201400038047;0;3;0;0.0;2.0;4.0;2.0;B01
57536;201400038047;0;7;0;0.0;2.0;4.0;2.0;C01
57537;201400038048;0;7;0;0.0;2.0;1.0;2.0;A01
57538;201400038048;0;7;0;0.0;2.0;4.0;15.0;B01
57539;201400038050;0;7;0;0.0;2.0;1.0;0.0;A01
57540;201400038050;0;7;0;0.0;2.0;3.0;0.0;B01
57541;201400038051;0;32;0;0.0;2.0;1.0;2.0;A01
57542;201400038051;0;7;0;0.0;2.0;2.0;2.0;B01
57543;201400038052;0;7;0;0.0;2.0;4.0;2.0;B01
57544;201400038052;0;7;0;0.0;2.0;1.0;2.0;A01
57545;201400038053;0;7;0;0.0;2.0;5.0;15.0;A01
57546;201400038053;0;7;0;0.0;2.0;2.0;2.0;B01
57547;201400038054;0;31;0;0.0;2.0;1.0;3.0;B01
57548;201400038054;0;7;0;0.0;2.0;2.0;11.0;A01
57549;201400038055;0;1;0;0.0;2.0;7.0;0.0;B01
57550;201400038055;0;7;0;0.0;2.0;1.0;0.0;A01
57551;201400038056;0;7;0;1.0;0.0;8.0;0.0;A01
57552;201400038057;0;7;0;0.0;0.0;0.0;0.0;A01
57553;201400038057;0;7;0;0.0;0.0;0.0;2.0;B01
57554;201400038058;0;7;0;0.0;2.0;1.0;1.0;A01
57555;201400038058;0;7;0;0.0;2.0;4.0;1.0;B01
57556;201400038058;0;7;0;0.0;0.0;4.0;1.0;C01
57557;201400038060;0;7;0;8.0;0.0;2.0;1.0;A01
57558;201400038061;0;7;0;0.0;1.0;7.0;2.0;A01
57559;201400038062;0;10;0;0.0;1.0;4.0;4.0;A01
57560;201400038063;0;7;0;0.0;2.0;1.0;2.0;A01
57561;201400038063;0;7;0;0.0;2.0;4.0;0.0;B01
57562;201400038063;0;7;0;0.0;2.0;1.0;2.0;C01
57563;201400038064;0;31;0;0.0;2.0;1.0;2.0;A01
57564;201400038064;0;10;0;0.0;2.0;4.0;2.0;B01
57565;201400038065;0;7;0;0.0;2.0;2.0;9.0;A01
57566;201400038065;0;7;0;0.0;2.0;3.0;15.0;B01
57567;201400038066;0;7;0;0.0;1.0;1.0;5.0;A01
57568;201400038067;0;7;0;0.0;2.0;1.0;2.0;A01
57569;201400038067;0;7;0;0.0;2.0;4.0;2.0;B01
57570;201400038068;1;1;0;0.0;1.0;0.0;0.0;A01
57571;201400038069;0;7;0;0.0;2.0;0.0;0.0;B01
57572;201400038069;0;7;0;0.0;2.0;0.0;0.0;A01
57573;201400038070;0;7;0;0.0;2.0;4.0;2.0;A01
57574;201400038070;0;7;0;0.0;2.0;1.0;2.0;C01
57575;201400038070;0;7;0;0.0;2.0;1.0;2.0;B01
57576;201400038071;0;7;0;0.0;2.0;2.0;0.0;A01
57577;201400038071;0;7;0;0.0;0.0;1.0;0.0;B01
57578;201400038072;0;7;0;0.0;0.0;0.0;0.0;B01
57579;201400038072;0;1;0;0.0;2.0;1.0;2.0;A01
57580;201400038074;0;99;0;0.0;0.0;0.0;0.0;A01
57581;201400038075;0;2;0;0.0;1.0;1.0;1.0;A01
57582;201400038076;0;7;0;0.0;1.0;1.0;1.0;A01
57583;201400038077;0;7;0;0.0;1.0;2.0;1.0;A01
57584;201400038078;0;7;0;0.0;1.0;7.0;17.0;A01
57585;201400038079;0;7;0;0.0;2.0;7.0;1.0;B01
57586;201400038079;0;7;0;0.0;2.0;2.0;0.0;A01
57587;201400038080;0;7;0;0.0;2.0;4.0;2.0;A01
57588;201400038080;0;7;0;0.0;2.0;1.0;2.0;B01
57589;201400038081;0;7;0;0.0;2.0;3.0;1.0;B01
57590;201400038081;0;7;0;0.0;2.0;3.0;1.0;A01
57591;201400038082;0;7;0;0.0;1.0;3.0;1.0;A01
57592;201400038083;0;7;0;0.0;2.0;3.0;1.0;A01
57593;201400038083;0;7;0;0.0;2.0;7.0;15.0;B01
57594;201400038084;0;7;0;0.0;2.0;1.0;2.0;A01
57595;201400038084;0;7;0;0.0;2.0;4.0;2.0;B01
57596;201400038087;0;7;0;0.0;1.0;1.0;15.0;A01
57597;201400038088;0;7;0;0.0;0.0;0.0;0.0;A01
57598;201400038088;0;7;0;0.0;0.0;0.0;0.0;B01
57599;201400038089;0;7;0;0.0;2.0;4.0;0.0;C01
57600;201400038089;0;7;0;0.0;2.0;1.0;2.0;B01
57601;201400038089;0;7;0;0.0;2.0;1.0;2.0;A01
57602;201400038090;0;32;0;0.0;2.0;1.0;2.0;A01
57603;201400038090;0;7;0;0.0;2.0;4.0;2.0;B01
57604;201400038091;0;7;0;0.0;2.0;2.0;0.0;A01
57605;201400038091;0;30;0;0.0;2.0;4.0;19.0;B01
57606;201400038092;0;7;0;0.0;1.0;1.0;15.0;A01
57607;201400038093;0;7;0;0.0;2.0;2.0;0.0;A01
57608;201400038093;0;33;0;0.0;2.0;1.0;0.0;B01
57609;201400038094;0;7;0;0.0;2.0;4.0;2.0;C01
57610;201400038094;0;7;0;0.0;2.0;2.0;2.0;A01
57611;201400038094;0;7;0;0.0;2.0;9.0;2.0;B01
57612;201400038095;0;7;0;0.0;1.0;1.0;0.0;A01
57613;201400038096;0;37;1;0.0;1.0;2.0;0.0;A01
57614;201400038097;1;7;0;11.0;2.0;0.0;17.0;A01
57615;201400038097;0;7;0;12.0;2.0;3.0;2.0;B01
57616;201400038098;0;1;0;0.0;2.0;2.0;2.0;B01
57617;201400038098;0;7;0;0.0;9.0;2.0;0.0;A01
57618;201400038099;0;7;0;0.0;2.0;1.0;2.0;A01
57619;201400038099;0;7;0;0.0;2.0;1.0;2.0;B01
57620;201400038099;0;7;0;0.0;0.0;4.0;2.0;C01
57621;201400038101;0;7;0;0.0;2.0;0.0;0.0;A01
57622;201400038101;0;1;0;0.0;2.0;0.0;0.0;B01
57623;201400038102;0;7;0;0.0;2.0;6.0;2.0;B01
57624;201400038102;0;7;0;0.0;0.0;1.0;2.0;A01
57625;201400038103;1;7;0;0.0;1.0;2.0;0.0;A01
57626;201400038104;0;7;0;0.0;2.0;8.0;11.0;A01
57627;201400038104;0;34;0;0.0;2.0;1.0;1.0;B01
57628;201400038105;0;7;0;0.0;1.0;5.0;0.0;A01
57629;201400038107;0;7;0;0.0;2.0;1.0;5.0;A01
57630;201400038107;0;7;0;0.0;2.0;1.0;5.0;B01
57631;201400038108;0;33;0;0.0;2.0;3.0;1.0;B01
57632;201400038108;0;7;0;0.0;2.0;1.0;9.0;A01
57633;201400038109;0;7;0;0.0;2.0;1.0;0.0;B01
57634;201400038109;0;7;0;0.0;2.0;1.0;0.0;A01
57635;201400038109;0;7;0;0.0;2.0;4.0;0.0;C01
57636;201400038111;0;7;0;0.0;1.0;1.0;1.0;A01
57637;201400038113;0;7;0;0.0;2.0;4.0;1.0;B01
57638;201400038113;0;7;0;0.0;2.0;1.0;9.0;A01
57639;201400038114;0;7;0;0.0;1.0;2.0;1.0;A01
57640;201400038115;0;30;0;0.0;2.0;1.0;1.0;B01
57641;201400038115;0;7;0;0.0;2.0;2.0;16.0;A01
57642;201400038117;0;7;0;0.0;2.0;1.0;1.0;B01
57643;201400038117;0;7;0;0.0;2.0;4.0;17.0;A01
57644;201400038120;0;31;0;0.0;2.0;9.0;1.0;B01
57645;201400038120;0;37;1;0.0;2.0;1.0;15.0;A01
57646;201400038121;0;34;0;0.0;2.0;1.0;17.0;A01
57647;201400038121;0;7;0;0.0;2.0;3.0;15.0;B01
57648;201400038122;0;33;0;0.0;2.0;0.0;17.0;B01
57649;201400038122;0;7;0;0.0;2.0;3.0;13.0;A01
57650;201400038123;0;7;0;0.0;2.0;1.0;15.0;A01
57651;201400038123;0;31;0;0.0;2.0;1.0;1.0;B01
57652;201400038124;0;7;0;0.0;2.0;1.0;15.0;A01
57653;201400038124;0;7;0;0.0;2.0;1.0;1.0;B01
57654;201400038125;0;7;0;0.0;2.0;1.0;1.0;B01
57655;201400038125;0;7;0;0.0;2.0;2.0;15.0;A01
57656;201400038128;0;7;0;0.0;2.0;4.0;23.0;A01
57657;201400038128;0;7;0;0.0;2.0;8.0;2.0;B01
57658;201400038128;0;7;0;0.0;2.0;1.0;1.0;C01
57659;201400038129;0;7;0;0.0;1.0;1.0;1.0;A01
57660;201400038130;0;7;0;0.0;2.0;2.0;1.0;A01
57661;201400038130;0;32;0;0.0;2.0;1.0;1.0;B01
57662;201400038131;0;7;0;0.0;2.0;1.0;1.0;A01
57663;201400038131;0;7;0;0.0;2.0;4.0;2.0;B01
57664;201400038132;0;7;0;0.0;2.0;1.0;13.0;A01
57665;201400038132;0;7;0;0.0;2.0;1.0;1.0;B01
57666;201400038134;0;3;0;0.0;2.0;4.0;2.0;B01
57667;201400038134;0;7;0;0.0;2.0;4.0;2.0;C01
57668;201400038134;0;7;0;0.0;2.0;1.0;1.0;A01
57669;201400038135;0;7;0;0.0;2.0;4.0;14.0;A01
57670;201400038135;0;33;0;0.0;2.0;1.0;3.0;B01
57671;201400038136;0;7;0;0.0;2.0;1.0;1.0;A01
57672;201400038136;0;7;0;0.0;2.0;6.0;1.0;B01
57673;201400038137;0;31;0;0.0;1.0;1.0;1.0;A01
57674;201400038138;0;7;0;0.0;2.0;4.0;2.0;B01
57675;201400038138;0;7;0;0.0;2.0;1.0;1.0;A01
57676;201400038139;0;7;0;0.0;2.0;4.0;2.0;B01
57677;201400038139;0;7;0;0.0;2.0;1.0;1.0;A01
57678;201400038140;0;7;0;0.0;2.0;4.0;2.0;B01
57679;201400038140;0;7;0;0.0;2.0;1.0;1.0;A01
57680;201400038141;0;30;0;0.0;2.0;4.0;2.0;B01
57681;201400038141;0;7;0;0.0;2.0;1.0;1.0;A01
57682;201400038142;0;33;0;0.0;2.0;7.0;1.0;B01
57683;201400038142;0;7;0;0.0;2.0;8.0;1.0;A01
57684;201400038143;0;7;0;0.0;2.0;1.0;1.0;A01
57685;201400038143;0;7;0;0.0;2.0;4.0;1.0;B01
57686;201400038144;0;7;0;0.0;2.0;3.0;1.0;B01
57687;201400038144;0;7;0;0.0;2.0;3.0;1.0;A01
57688;201400038145;0;7;0;0.0;1.0;2.0;14.0;A01
57689;201400038146;0;7;0;0.0;2.0;4.0;2.0;B01
57690;201400038146;0;7;0;0.0;2.0;1.0;1.0;A01
57691;201400038147;0;7;0;0.0;1.0;1.0;1.0;A01
57692;201400038148;0;7;0;1.0;1.0;4.0;4.0;A01
57693;201400038149;0;7;0;0.0;2.0;1.0;1.0;A01
57694;201400038149;0;7;0;0.0;2.0;9.0;1.0;B01
57695;201400038150;0;7;0;0.0;2.0;1.0;9.0;A01
57696;201400038150;0;7;0;0.0;2.0;7.0;1.0;B01
57697;201400038151;0;7;0;0.0;2.0;1.0;1.0;A01
57698;201400038151;0;7;0;0.0;2.0;4.0;2.0;B01
57699;201400038152;0;7;0;0.0;2.0;8.0;15.0;B01
57700;201400038152;0;2;0;0.0;2.0;7.0;17.0;A01
57701;201400038153;0;34;0;0.0;2.0;0.0;1.0;B01
57702;201400038153;0;7;0;0.0;2.0;1.0;9.0;A01
57703;201400038155;0;2;0;0.0;2.0;7.0;17.0;A01
57704;201400038155;0;7;0;0.0;2.0;8.0;15.0;B01
57705;201400038156;0;7;0;0.0;2.0;4.0;2.0;C01
57706;201400038156;0;7;0;0.0;2.0;4.0;1.0;A01
57707;201400038156;0;7;0;0.0;2.0;9.0;2.0;B01
57708;201400038157;0;1;0;0.0;2.0;1.0;1.0;A01
57709;201400038157;0;31;0;0.0;2.0;1.0;1.0;B01
57710;201400038159;0;32;0;0.0;2.0;9.0;2.0;B01
57711;201400038159;0;7;0;0.0;2.0;4.0;1.0;C01
57712;201400038159;0;7;0;0.0;2.0;1.0;1.0;A01
57713;201400038160;0;7;0;0.0;2.0;4.0;2.0;B01
57714;201400038160;0;7;0;0.0;2.0;1.0;1.0;A01
57715;201400038161;0;7;0;0.0;2.0;2.0;1.0;B01
57716;201400038161;0;1;0;0.0;2.0;1.0;1.0;A01
57717;201400038162;0;7;0;0.0;2.0;3.0;1.0;B01
57718;201400038162;0;7;0;0.0;2.0;1.0;1.0;A01
57719;201400038163;0;1;0;0.0;2.0;9.0;1.0;B01
57720;201400038163;0;7;0;0.0;2.0;1.0;1.0;A01
57721;201400038164;0;7;0;0.0;2.0;7.0;1.0;B01
57722;201400038164;0;33;0;0.0;2.0;8.0;9.0;A01
57723;201400038165;0;7;0;0.0;1.0;1.0;1.0;A01
57724;201400038166;0;7;0;0.0;2.0;5.0;10.0;A01
57725;201400038166;0;33;0;0.0;2.0;9.0;1.0;B01
57726;201400038167;0;33;0;0.0;2.0;9.0;1.0;B01
57727;201400038167;0;7;0;0.0;2.0;5.0;12.0;A01
57728;201400038168;0;7;0;0.0;2.0;1.0;1.0;A01
57729;201400038168;0;7;0;0.0;2.0;9.0;2.0;B01
57730;201400038168;0;7;0;0.0;2.0;4.0;2.0;C01
57731;201400038169;0;7;0;0.0;2.0;1.0;5.0;A01
57732;201400038169;0;7;0;0.0;2.0;1.0;1.0;B01
57733;201400038170;0;7;0;0.0;2.0;4.0;2.0;B01
57734;201400038170;0;31;0;0.0;2.0;1.0;1.0;A01
57735;201400038171;0;7;0;0.0;2.0;2.0;2.0;B01
57736;201400038171;0;1;0;0.0;2.0;1.0;18.0;A01
57737;201400038172;0;7;0;0.0;2.0;7.0;2.0;B01
57738;201400038172;0;1;0;0.0;2.0;1.0;1.0;A01
57739;201400038173;0;7;0;0.0;2.0;3.0;1.0;B01
57740;201400038173;0;7;0;0.0;2.0;9.0;12.0;A01
57741;201400038174;0;7;0;0.0;2.0;1.0;13.0;A01
57742;201400038174;0;7;0;0.0;2.0;4.0;1.0;D01
57743;201400038174;0;33;0;0.0;2.0;9.0;1.0;B01
57744;201400038174;0;7;0;0.0;2.0;1.0;1.0;C01
57745;201400038175;0;15;0;0.0;1.0;2.0;1.0;A01
57746;201400038176;0;7;0;0.0;2.0;0.0;1.0;C01
57747;201400038176;0;7;0;0.0;2.0;0.0;1.0;B01
57748;201400038176;0;7;0;0.0;2.0;1.0;1.0;A01
57749;201400038177;0;7;0;0.0;1.0;1.0;1.0;A01
57750;201400038178;0;7;0;0.0;2.0;4.0;2.0;B01
57751;201400038178;0;31;0;0.0;2.0;1.0;1.0;A01
57752;201400038179;0;7;0;0.0;2.0;4.0;2.0;B01
57753;201400038179;0;7;0;0.0;2.0;1.0;1.0;A01
57754;201400038180;0;7;0;0.0;1.0;7.0;1.0;A01
57755;201400038181;0;31;0;0.0;2.0;1.0;1.0;A01
57756;201400038181;0;7;0;0.0;2.0;4.0;2.0;B01
57757;201400038183;0;20;0;0.0;2.0;1.0;1.0;B01
57758;201400038183;0;7;0;0.0;2.0;2.0;1.0;A01
57759;201400038184;0;7;0;0.0;2.0;8.0;9.0;C01
57760;201400038184;0;15;0;0.0;2.0;1.0;1.0;A01
57761;201400038184;0;7;0;0.0;2.0;9.0;11.0;B01
57762;201400038185;0;7;0;0.0;2.0;1.0;1.0;A01
57763;201400038185;0;7;0;0.0;2.0;4.0;2.0;B01
57764;201400038187;0;7;0;0.0;2.0;3.0;1.0;A01
57765;201400038187;0;7;0;3.0;2.0;5.0;1.0;B01
57766;201400038188;0;7;0;0.0;1.0;1.0;19.0;A01
57767;201400038190;0;7;0;0.0;2.0;1.0;1.0;A01
57768;201400038190;0;13;0;0.0;2.0;4.0;2.0;B01
57769;201400038191;0;33;0;0.0;2.0;4.0;2.0;B01
57770;201400038191;0;7;0;0.0;2.0;1.0;1.0;A01
57771;201400038192;0;7;0;0.0;1.0;1.0;20.0;A01
57772;201400038194;0;7;0;0.0;2.0;2.0;1.0;A01
57773;201400038194;0;31;0;0.0;2.0;1.0;15.0;B01
57774;201400038195;0;33;0;0.0;2.0;9.0;1.0;A01
57775;201400038195;0;7;0;0.0;2.0;6.0;2.0;B01
57776;201400038196;0;7;0;6.0;0.0;1.0;1.0;A01
57777;201400038197;0;7;0;0.0;2.0;2.0;1.0;B01
57778;201400038197;0;7;0;0.0;2.0;5.0;4.0;A01
57779;201400038198;1;7;0;0.0;2.0;7.0;0.0;A01
57780;201400038198;0;7;0;0.0;2.0;1.0;1.0;B01
57781;201400038199;0;7;0;6.0;0.0;2.0;14.0;A01
57782;201400038200;0;7;0;0.0;1.0;1.0;1.0;A01
57783;201400038201;2;7;0;0.0;2.0;1.0;1.0;A01
57784;201400038201;0;33;0;0.0;2.0;4.0;1.0;B01
57785;201400038202;0;30;0;0.0;2.0;4.0;2.0;B01
57786;201400038202;0;7;0;0.0;2.0;1.0;1.0;A01
57787;201400038203;0;7;0;0.0;2.0;1.0;15.0;B01
57788;201400038203;0;7;0;0.0;2.0;1.0;1.0;A01
57789;201400038204;0;10;0;8.0;0.0;1.0;1.0;A01
57790;201400038205;0;31;0;0.0;0.0;0.0;1.0;A01
57791;201400038206;0;7;0;0.0;2.0;3.0;1.0;B01
57792;201400038206;0;7;0;0.0;2.0;1.0;1.0;A01
57793;201400038206;0;7;0;0.0;2.0;3.0;1.0;C01
57794;201400038207;0;15;0;0.0;2.0;4.0;24.0;A01
57795;201400038207;0;30;0;1.0;0.0;1.0;2.0;B01
57796;201400038208;0;7;0;0.0;2.0;1.0;1.0;B01
57797;201400038208;0;30;0;0.0;2.0;3.0;9.0;A01
57798;201400038209;0;7;0;0.0;2.0;1.0;15.0;A01
57799;201400038209;0;33;0;0.0;2.0;7.0;1.0;B01
57800;201400038210;0;7;0;0.0;2.0;1.0;1.0;B01
57801;201400038210;0;7;0;0.0;2.0;1.0;13.0;A01
57802;201400038211;0;7;0;0.0;2.0;1.0;1.0;A01
57803;201400038211;0;7;0;0.0;2.0;4.0;2.0;B01
57804;201400038214;0;7;0;0.0;2.0;1.0;1.0;A01
57805;201400038214;0;7;0;0.0;2.0;4.0;2.0;B01
57806;201400038215;0;7;0;0.0;2.0;4.0;2.0;B01
57807;201400038215;0;7;0;0.0;2.0;1.0;1.0;A01
57808;201400038216;0;7;0;0.0;0.0;7.0;1.0;A01
57809;201400038217;0;7;0;0.0;0.0;9.0;1.0;A01
57810;201400038218;0;7;0;0.0;1.0;1.0;1.0;A01
57811;201400038219;0;7;0;0.0;2.0;4.0;2.0;C01
57812;201400038219;0;7;0;0.0;2.0;1.0;1.0;A01
57813;201400038219;0;7;0;0.0;2.0;4.0;2.0;B01
57814;201400038220;0;7;0;0.0;2.0;1.0;1.0;B01
57815;201400038220;0;7;0;0.0;2.0;1.0;13.0;A01
57816;201400038221;0;7;0;0.0;2.0;1.0;16.0;A01
57817;201400038221;0;1;0;0.0;2.0;1.0;1.0;B01
57818;201400038223;0;7;0;0.0;1.0;2.0;1.0;A01
57819;201400038224;0;7;0;8.0;0.0;1.0;1.0;A01
57820;201400038225;0;7;0;0.0;2.0;1.0;1.0;A01
57821;201400038225;0;7;0;0.0;2.0;3.0;1.0;B01
57822;201400038226;0;31;0;0.0;2.0;4.0;2.0;B01
57823;201400038226;0;7;0;0.0;2.0;1.0;1.0;A01
57824;201400038227;0;7;0;0.0;2.0;1.0;1.0;B01
57825;201400038227;1;99;0;0.0;0.0;1.0;0.0;A01
57826;201400038228;0;7;0;0.0;1.0;1.0;0.0;A01
57827;201400038229;0;7;0;0.0;2.0;4.0;2.0;B01
57828;201400038229;1;99;0;0.0;2.0;1.0;1.0;A01
57829;201400038230;0;1;0;4.0;0.0;1.0;1.0;A01
57830;201400038231;0;33;0;1.0;0.0;7.0;1.0;B01
57831;201400038233;0;7;0;0.0;2.0;1.0;17.0;B01
57832;201400038233;0;33;0;0.0;2.0;7.0;15.0;A01
57833;201400038234;0;7;0;0.0;2.0;3.0;15.0;A01
57834;201400038234;0;7;0;0.0;2.0;6.0;2.0;B01
57835;201400038235;0;7;0;0.0;1.0;2.0;1.0;A01
57836;201400038236;1;2;0;0.0;1.0;1.0;1.0;A01
57837;201400038237;0;7;0;0.0;2.0;6.0;2.0;B01
57838;201400038237;0;33;0;0.0;2.0;1.0;1.0;A01
57839;201400038238;0;1;0;0.0;2.0;7.0;1.0;B01
57840;201400038238;0;7;0;0.0;2.0;1.0;1.0;A01
57841;201400038239;0;7;0;0.0;2.0;1.0;1.0;D01
57842;201400038239;0;7;0;0.0;2.0;2.0;1.0;B01
57843;201400038239;0;7;0;0.0;2.0;3.0;10.0;A01
57844;201400038240;0;33;0;0.0;2.0;7.0;2.0;B01
57845;201400038240;0;7;0;0.0;2.0;6.0;11.0;A01
57846;201400038241;0;7;0;0.0;2.0;8.0;1.0;C01
57847;201400038241;0;33;0;0.0;2.0;1.0;1.0;A01
57848;201400038241;1;7;0;0.0;2.0;2.0;20.0;Z01
57849;201400038242;0;7;0;0.0;1.0;2.0;15.0;A01
57850;201400038244;0;7;0;0.0;2.0;2.0;12.0;A01
57851;201400038244;0;31;0;0.0;2.0;3.0;1.0;B01
57852;201400038245;0;7;0;0.0;2.0;1.0;1.0;A01
57853;201400038245;0;7;0;0.0;2.0;4.0;1.0;B01
57854;201400038246;0;7;0;0.0;1.0;1.0;1.0;A01
57855;201400038247;0;99;0;0.0;2.0;4.0;2.0;B01
57856;201400038247;0;7;0;0.0;2.0;1.0;1.0;A01
57857;201400038248;0;7;0;0.0;2.0;1.0;1.0;A01
57858;201400038248;0;7;0;0.0;2.0;8.0;19.0;B01
57859;201400038249;0;7;0;0.0;2.0;1.0;1.0;B01
57860;201400038249;0;1;0;0.0;2.0;1.0;1.0;A01
57861;201400038250;0;7;0;0.0;1.0;1.0;1.0;A01
57862;201400038251;1;7;0;0.0;2.0;1.0;9.0;Z01
57863;201400038251;0;10;0;0.0;2.0;2.0;1.0;B01
57864;201400038252;0;7;0;0.0;2.0;4.0;2.0;B01
57865;201400038252;0;7;0;0.0;2.0;1.0;1.0;A01
57866;201400038253;0;14;0;0.0;2.0;1.0;1.0;A01
57867;201400038253;0;7;0;0.0;1.0;4.0;2.0;B01
57868;201400038254;0;7;0;0.0;2.0;1.0;9.0;A01
57869;201400038254;0;1;0;0.0;2.0;8.0;15.0;B01
57870;201400038255;0;7;0;0.0;2.0;1.0;13.0;B01
57871;201400038255;0;7;0;0.0;2.0;1.0;13.0;A01
57872;201400038256;0;10;0;0.0;2.0;1.0;1.0;A01
57873;201400038256;0;7;0;0.0;2.0;4.0;23.0;B01
57874;201400038258;0;7;0;0.0;1.0;1.0;1.0;A01
57875;201400038259;1;7;0;0.0;2.0;1.0;5.0;A01
57876;201400038259;0;7;0;13.0;2.0;1.0;1.0;B01
57877;201400038260;0;7;0;0.0;2.0;1.0;1.0;A01
57878;201400038260;0;10;0;0.0;2.0;4.0;2.0;B01
57879;201400038261;0;7;0;0.0;2.0;2.0;1.0;A01
57880;201400038261;0;7;0;0.0;2.0;2.0;1.0;B01
57881;201400038262;0;32;0;0.0;2.0;2.0;1.0;B01
57882;201400038262;0;7;0;0.0;2.0;6.0;8.0;A01
57883;201400038263;0;1;0;0.0;2.0;1.0;19.0;B01
57884;201400038263;0;7;0;0.0;2.0;2.0;1.0;A01
57885;201400038264;0;7;0;2.0;2.0;5.0;1.0;B01
57886;201400038264;0;7;0;0.0;2.0;3.0;11.0;A01
57887;201400038265;0;33;0;0.0;2.0;1.0;1.0;B01
57888;201400038265;0;14;0;0.0;2.0;1.0;1.0;A01
57889;201400038266;0;7;0;0.0;2.0;8.0;1.0;C01
57890;201400038266;0;15;0;0.0;2.0;1.0;1.0;A01
57891;201400038266;0;7;0;0.0;2.0;4.0;2.0;B01
57892;201400038267;0;1;0;0.0;2.0;4.0;1.0;B01
57893;201400038267;0;7;0;0.0;2.0;1.0;1.0;A01
57894;201400038268;0;33;0;0.0;2.0;1.0;2.0;B01
57895;201400038268;0;7;0;0.0;2.0;4.0;1.0;A01
57896;201400038269;0;7;0;0.0;1.0;1.0;1.0;A01
57897;201400038270;0;7;0;0.0;2.0;1.0;1.0;A01
57898;201400038270;0;7;0;0.0;2.0;4.0;2.0;B01
57899;201400038271;0;7;0;0.0;2.0;3.0;1.0;A01
57900;201400038271;0;30;0;0.0;2.0;1.0;1.0;B01
57901;201400038272;0;7;0;0.0;2.0;8.0;9.0;A01
57902;201400038272;0;33;0;0.0;2.0;1.0;1.0;B01
57903;201400038273;0;7;0;0.0;2.0;4.0;23.0;B01
57904;201400038273;0;7;0;0.0;2.0;1.0;1.0;A01
57905;201400038274;0;7;0;0.0;1.0;1.0;1.0;A01