;Num_Acc;senc;catv;occutc;obs;obsm;choc;manv;num_veh
58328;201400038568;0;7;0;0.0;1.0;1.0;1.0;A01
58329;201400038569;0;7;0;0.0;1.0;7.0;1.0;A01
58330;201400038570;0;7;0;0.0;2.0;1.0;1.0;A01
58331;201400038570;0;7;0;0.0;2.0;4.0;1.0;B01
58332;201400038571;0;7;0;0.0;1.0;4.0;20.0;A01
58333;201400038572;0;7;0;0.0;1.0;7.0;0.0;A01
58334;201400038573;0;7;0;0.0;1.0;3.0;1.0;A01
58335;201400038574;0;7;0;0.0;2.0;1.0;1.0;E01
58336;201400038574;0;7;0;0.0;2.0;7.0;1.0;C01
58337;201400038574;0;7;0;0.0;2.0;1.0;1.0;A01
58338;201400038574;0;7;0;0.0;2.0;3.0;0.0;B01
58339;201400038574;0;7;0;0.0;2.0;8.0;0.0;D01
58340;201400038575;0;7;0;0.0;2.0;8.0;1.0;B01
58341;201400038575;0;7;0;0.0;2.0;1.0;1.0;A01
58342;201400038577;0;7;0;0.0;2.0;4.0;2.0;B01
58343;201400038577;0;7;0;0.0;2.0;4.0;2.0;C01
58344;201400038577;0;7;0;0.0;2.0;1.0;1.0;A01
58345;201400038577;0;7;0;0.0;2.0;4.0;2.0;E01
58346;201400038577;0;7;0;0.0;2.0;4.0;2.0;D01
58347;201400038578;1;7;0;0.0;1.0;1.0;1.0;Z01
58348;201400038579;0;7;0;0.0;1.0;1.0;1.0;A01
58349;201400038580;0;33;0;0.0;2.0;1.0;1.0;B01
58350;201400038580;2;7;0;0.0;2.0;1.0;1.0;Z01
58351;201400038581;0;7;0;0.0;2.0;7.0;1.0;B01
58352;201400038581;0;7;0;0.0;2.0;1.0;1.0;A01
58353;201400038582;0;7;0;0.0;1.0;4.0;4.0;A01
58354;201400038583;0;7;0;0.0;2.0;7.0;14.0;A01
58355;201400038583;0;7;0;0.0;2.0;8.0;1.0;B01
58356;201400038585;0;10;0;0.0;1.0;7.0;1.0;A01
58357;201400038587;0;37;1;0.0;1.0;8.0;1.0;A01
58358;201400038588;0;7;0;0.0;1.0;1.0;1.0;A01
58359;201400038589;0;7;0;0.0;1.0;1.0;17.0;A01
58360;201400038590;0;7;0;0.0;1.0;1.0;16.0;A01
58361;201400038591;0;34;0;0.0;2.0;1.0;1.0;B01
58362;201400038591;0;7;0;0.0;2.0;8.0;15.0;A01
58363;201400038592;0;7;0;0.0;2.0;7.0;1.0;B01
58364;201400038592;0;7;0;0.0;2.0;1.0;9.0;A01
58365;201400038593;0;15;0;0.0;2.0;1.0;1.0;B01
58366;201400038593;0;7;0;0.0;2.0;8.0;1.0;C01
58367;201400038593;0;7;0;0.0;2.0;1.0;13.0;A01
58368;201400038594;1;7;0;0.0;1.0;1.0;16.0;Z01
58369;201400038595;0;30;0;0.0;1.0;1.0;1.0;A01
58370;201400038596;0;7;0;0.0;1.0;1.0;1.0;A01
58371;201400038598;0;31;0;0.0;2.0;1.0;1.0;B01
58372;201400038598;0;7;0;0.0;2.0;3.0;15.0;A01
58373;201400038599;0;7;0;3.0;0.0;1.0;13.0;A01
58374;201400038600;1;7;0;0.0;2.0;1.0;2.0;Z01
58375;201400038600;0;33;0;0.0;2.0;4.0;1.0;A01
58376;201400038601;0;7;0;0.0;2.0;1.0;1.0;A01
58377;201400038601;0;7;0;0.0;2.0;4.0;1.0;B01
58378;201400038602;0;7;0;0.0;1.0;2.0;1.0;A01
58379;201400038603;1;31;0;0.0;1.0;1.0;0.0;Z01
58380;201400038604;0;7;0;0.0;2.0;2.0;1.0;A01
58381;201400038604;0;32;0;0.0;2.0;7.0;17.0;B01
58382;201400038606;0;14;0;0.0;2.0;1.0;1.0;B01
58383;201400038606;0;7;0;0.0;2.0;4.0;23.0;A01
58384;201400038607;0;34;0;0.0;2.0;1.0;3.0;A01
58385;201400038607;0;7;0;0.0;2.0;3.0;9.0;B01
58386;201400038608;0;7;0;0.0;1.0;4.0;4.0;A01
58387;201400038609;0;2;0;0.0;2.0;1.0;17.0;A01
58388;201400038609;0;7;0;0.0;2.0;8.0;15.0;B01
58389;201400038610;0;30;0;0.0;2.0;1.0;1.0;B01
58390;201400038610;0;7;0;0.0;2.0;2.0;15.0;A01
58391;201400038611;0;1;0;0.0;2.0;8.0;15.0;B01
58392;201400038611;0;7;0;0.0;2.0;1.0;15.0;A01
58393;201400038612;0;7;0;0.0;2.0;4.0;1.0;A01
58394;201400038612;0;13;0;0.0;2.0;1.0;2.0;B01
58395;201400038613;0;10;0;0.0;2.0;1.0;1.0;B01
58396;201400038613;0;7;0;0.0;2.0;1.0;1.0;C01
58397;201400038613;0;7;0;0.0;2.0;7.0;13.0;A01
58398;201400038614;0;7;0;0.0;2.0;3.0;20.0;B01
58399;201400038614;0;33;0;0.0;2.0;1.0;1.0;A01
58400;201400038615;0;30;0;0.0;2.0;1.0;17.0;A01
58401;201400038615;0;7;0;0.0;2.0;3.0;19.0;B01
58402;201400038616;0;33;0;0.0;2.0;3.0;2.0;B01
58403;201400038616;0;13;0;0.0;2.0;4.0;1.0;A01
58404;201400038617;0;33;0;0.0;2.0;7.0;14.0;A01
58405;201400038617;0;7;0;0.0;2.0;3.0;1.0;B01
58406;201400038618;0;7;0;0.0;2.0;1.0;2.0;B01
58407;201400038618;0;7;0;0.0;2.0;4.0;1.0;A01
58408;201400038620;0;7;0;0.0;1.0;2.0;1.0;A01
58409;201400038621;0;1;0;0.0;2.0;8.0;0.0;B01
58410;201400038621;0;7;0;0.0;2.0;1.0;0.0;A01
58411;201400038622;0;15;0;0.0;2.0;2.0;1.0;A01
58412;201400038622;0;33;0;0.0;2.0;6.0;2.0;B01
58413;201400038623;0;7;0;0.0;1.0;1.0;1.0;A01
58414;201400038625;0;7;0;0.0;1.0;1.0;1.0;A01
58415;201400038626;0;7;0;0.0;2.0;1.0;1.0;A01
58416;201400038626;0;31;0;0.0;2.0;4.0;2.0;B01
58417;201400038627;0;7;0;0.0;2.0;1.0;15.0;A01
58418;201400038627;0;33;0;0.0;2.0;7.0;13.0;B01
58419;201400038628;0;7;0;0.0;2.0;7.0;1.0;A01
58420;201400038628;0;33;0;1.0;2.0;2.0;3.0;B01
58421;201400038629;0;7;0;0.0;2.0;3.0;1.0;A01
58422;201400038629;0;33;0;0.0;2.0;7.0;1.0;B01
58423;201400038630;0;7;0;0.0;2.0;3.0;19.0;A01
58424;201400038630;0;30;0;0.0;2.0;7.0;1.0;B01
58425;201400038631;0;7;0;0.0;2.0;2.0;9.0;A01
58426;201400038631;0;31;0;0.0;2.0;8.0;1.0;B01
58427;201400038632;0;7;0;0.0;2.0;1.0;1.0;B01
58428;201400038632;0;7;0;0.0;2.0;3.0;19.0;A01
58429;201400038633;0;1;0;0.0;2.0;3.0;19.0;B01
58430;201400038633;0;7;0;0.0;2.0;1.0;16.0;A01
58431;201400038634;0;7;0;0.0;2.0;3.0;1.0;B01
58432;201400038634;0;7;0;0.0;2.0;3.0;5.0;A01
58433;201400038635;0;7;0;0.0;2.0;3.0;1.0;B01
58434;201400038635;0;10;0;0.0;2.0;3.0;15.0;A01
58435;201400038636;0;7;0;0.0;1.0;1.0;1.0;A01
58436;201400038637;0;7;0;0.0;2.0;1.0;15.0;A01
58437;201400038637;0;34;0;0.0;2.0;3.0;1.0;B01
58438;201400038638;0;7;0;0.0;1.0;1.0;1.0;A01
58439;201400038639;0;7;0;0.0;2.0;2.0;15.0;A01
58440;201400038639;0;30;0;0.0;2.0;1.0;1.0;B01
58441;201400038640;0;37;1;0.0;1.0;1.0;1.0;A01
58442;201400038641;0;7;0;0.0;2.0;0.0;0.0;B01
58443;201400038641;0;7;0;0.0;2.0;0.0;0.0;A01
58444;201400038642;0;32;0;0.0;2.0;3.0;1.0;B01
58445;201400038642;0;7;0;0.0;2.0;7.0;1.0;A01
58446;201400038643;0;99;0;0.0;1.0;3.0;1.0;A01
58447;201400038644;0;7;0;0.0;1.0;1.0;1.0;A01
58448;201400038645;0;2;0;0.0;2.0;2.0;1.0;B01
58449;201400038645;0;7;0;0.0;2.0;3.0;20.0;A01
58450;201400038646;0;7;0;0.0;2.0;3.0;9.0;A01
58451;201400038646;0;2;0;0.0;2.0;2.0;1.0;B01
58452;201400038647;0;10;0;0.0;2.0;8.0;11.0;A01
58453;201400038647;0;33;0;0.0;2.0;7.0;17.0;B01
58454;201400038648;0;7;0;0.0;1.0;1.0;1.0;A01
58455;201400038649;0;33;0;0.0;2.0;1.0;1.0;B01
58456;201400038649;0;10;0;0.0;2.0;4.0;23.0;A01
58457;201400038650;0;7;0;0.0;2.0;1.0;1.0;B01
58458;201400038650;0;7;0;0.0;2.0;2.0;1.0;A01
58459;201400038651;0;7;0;0.0;1.0;1.0;1.0;A01
58460;201400038652;0;7;0;0.0;1.0;1.0;1.0;A01
58461;201400038653;0;2;0;0.0;2.0;2.0;1.0;B01
58462;201400038653;0;7;0;0.0;2.0;1.0;10.0;A01
58463;201400038654;0;33;0;0.0;2.0;7.0;1.0;B01
58464;201400038654;0;7;0;0.0;2.0;8.0;10.0;A01
58465;201400038655;0;7;0;0.0;1.0;1.0;1.0;A01
58466;201400038656;0;7;0;1.0;1.0;3.0;1.0;A01
58467;201400038657;0;34;0;12.0;2.0;7.0;1.0;A01
58468;201400038657;0;17;0;0.0;2.0;1.0;1.0;B01
58469;201400038658;0;7;0;0.0;1.0;1.0;1.0;A01
58470;201400038660;0;99;0;0.0;2.0;7.0;1.0;B01
58471;201400038660;0;7;0;0.0;2.0;1.0;9.0;A01
58472;201400038661;0;32;0;0.0;2.0;1.0;1.0;B01
58473;201400038661;0;7;0;0.0;2.0;3.0;15.0;A01
58474;201400038663;0;7;0;4.0;2.0;4.0;1.0;A01
58475;201400038663;0;7;0;14.0;2.0;1.0;2.0;B01
58476;201400038664;0;7;0;2.0;0.0;1.0;1.0;A01
58477;201400038665;0;7;0;1.0;0.0;2.0;1.0;A01
58478;201400038666;0;7;0;0.0;2.0;4.0;2.0;B01
58479;201400038666;0;7;0;0.0;2.0;1.0;1.0;A01
58480;201400038668;0;7;0;0.0;1.0;1.0;1.0;A01
58481;201400038669;0;7;0;0.0;1.0;7.0;1.0;A01
58482;201400038670;0;7;0;0.0;1.0;1.0;1.0;A01
58483;201400038672;0;7;0;0.0;2.0;1.0;1.0;A01
58484;201400038672;0;1;0;0.0;2.0;8.0;1.0;B01
58485;201400038674;0;10;0;6.0;0.0;1.0;1.0;A01
58486;201400038675;0;7;0;6.0;0.0;1.0;1.0;A01
58487;201400038676;0;7;0;0.0;1.0;1.0;1.0;A01
58488;201400038678;0;7;0;0.0;2.0;1.0;1.0;A01
58489;201400038678;0;7;0;0.0;2.0;3.0;1.0;B01
58490;201400038679;0;1;0;0.0;2.0;1.0;1.0;B01
58491;201400038679;0;7;0;0.0;2.0;4.0;23.0;A01
58492;201400038680;0;7;0;6.0;0.0;1.0;1.0;A01
58493;201400038681;0;33;0;0.0;2.0;1.0;1.0;B01
58494;201400038681;0;17;0;0.0;2.0;2.0;1.0;A01
58495;201400038682;0;7;0;0.0;2.0;4.0;2.0;B01
58496;201400038682;0;7;0;0.0;2.0;1.0;1.0;A01
58497;201400038683;0;7;0;0.0;1.0;1.0;1.0;A01
58498;201400038684;0;33;0;0.0;2.0;1.0;1.0;B01
58499;201400038684;0;7;0;0.0;2.0;3.0;15.0;A01
58500;201400038685;0;7;0;0.0;1.0;1.0;1.0;A01
58501;201400038686;0;7;0;0.0;2.0;1.0;1.0;A01
58502;201400038686;0;7;0;0.0;2.0;4.0;2.0;B01
58503;201400038687;0;7;0;1.0;0.0;1.0;1.0;A01
58504;201400038688;0;30;0;0.0;2.0;1.0;2.0;B01
58505;201400038688;0;7;0;0.0;2.0;4.0;4.0;A01
58506;201400038689;0;7;0;0.0;1.0;1.0;1.0;A01
58507;201400038690;0;7;0;0.0;1.0;1.0;1.0;A01
58508;201400038691;0;7;0;0.0;2.0;8.0;15.0;A01
58509;201400038691;0;30;0;0.0;2.0;9.0;17.0;B01
58510;201400038692;0;7;0;0.0;2.0;1.0;1.0;A01
58511;201400038692;0;7;0;0.0;2.0;7.0;2.0;B01
58512;201400038693;0;7;0;0.0;2.0;1.0;9.0;A01
58513;201400038693;0;33;0;0.0;2.0;2.0;1.0;B01
58514;201400038695;0;7;0;0.0;2.0;1.0;2.0;B01
58515;201400038695;0;7;0;0.0;2.0;4.0;1.0;A01
58516;201400038696;0;33;0;0.0;2.0;1.0;3.0;A01
58517;201400038696;0;7;0;0.0;2.0;6.0;15.0;B01
58518;201400038697;0;10;0;0.0;1.0;1.0;17.0;A01
58519;201400038698;0;7;0;0.0;2.0;4.0;2.0;B01
58520;201400038698;0;30;0;0.0;2.0;1.0;1.0;A01
58521;201400038699;0;7;0;1.0;2.0;1.0;13.0;A01
58522;201400038699;0;7;0;0.0;2.0;1.0;2.0;B01
58523;201400038700;0;34;0;0.0;2.0;2.0;1.0;B01
58524;201400038700;0;2;0;0.0;2.0;1.0;20.0;A01
58525;201400038701;0;7;0;1.0;2.0;1.0;1.0;A01
58526;201400038701;0;7;0;1.0;2.0;4.0;24.0;C01
58527;201400038702;0;7;0;0.0;2.0;1.0;1.0;B01
58528;201400038702;0;7;0;0.0;2.0;1.0;1.0;A01
58529;201400038703;0;20;0;0.0;2.0;4.0;2.0;B01
58530;201400038703;0;7;0;0.0;2.0;1.0;1.0;A01
58531;201400038704;0;7;0;0.0;2.0;1.0;1.0;A01
58532;201400038704;0;7;0;0.0;2.0;4.0;1.0;B01
58533;201400038705;0;7;0;0.0;2.0;2.0;1.0;A01
58534;201400038705;0;7;0;0.0;2.0;6.0;11.0;B01
58535;201400038706;0;1;0;0.0;2.0;1.0;1.0;B01
58536;201400038706;0;7;0;0.0;2.0;8.0;22.0;A01
58537;201400038707;0;7;0;6.0;0.0;1.0;1.0;A01
58538;201400038708;0;7;0;0.0;2.0;1.0;1.0;A01
58539;201400038708;0;7;0;0.0;2.0;3.0;1.0;B01
58540;201400038709;0;7;0;0.0;2.0;4.0;24.0;C01
58541;201400038709;0;7;0;0.0;2.0;1.0;1.0;A01
58542;201400038709;0;10;0;0.0;2.0;4.0;2.0;B01
58543;201400038710;0;7;0;0.0;2.0;6.0;2.0;B01
58544;201400038710;0;33;0;0.0;2.0;1.0;1.0;A01
58545;201400038712;0;33;0;0.0;2.0;1.0;1.0;B01
58546;201400038712;0;7;0;0.0;2.0;3.0;16.0;A01
58547;201400038713;0;7;0;0.0;1.0;2.0;1.0;A01
58548;201400038714;0;32;0;0.0;0.0;7.0;21.0;B01
58549;201400038716;0;7;0;4.0;0.0;1.0;16.0;A01
58550;201400038717;0;7;0;0.0;1.0;1.0;1.0;A01
58551;201400038718;0;7;0;0.0;2.0;1.0;1.0;A01
58552;201400038718;0;7;0;0.0;2.0;6.0;2.0;B01
58553;201400038719;0;7;0;0.0;2.0;3.0;20.0;A01
58554;201400038719;0;33;0;0.0;2.0;1.0;1.0;B01
58555;201400038720;0;2;0;0.0;2.0;2.0;1.0;A01
58556;201400038720;0;7;0;0.0;2.0;3.0;1.0;B01
58557;201400038721;0;7;0;0.0;2.0;1.0;2.0;B01
58558;201400038721;0;30;0;0.0;2.0;4.0;1.0;A01
58559;201400038722;0;30;0;0.0;2.0;1.0;1.0;A01
58560;201400038722;0;7;0;0.0;2.0;7.0;15.0;B01
58561;201400038723;0;7;0;0.0;1.0;1.0;1.0;A01
58562;201400038724;0;10;0;0.0;2.0;7.0;1.0;C01
58563;201400038724;0;7;0;0.0;2.0;9.0;1.0;A01
58564;201400038724;0;7;0;0.0;2.0;9.0;1.0;B01
58565;201400038725;0;7;0;1.0;0.0;2.0;1.0;A01
58566;201400038727;0;7;0;0.0;0.0;8.0;17.0;A01
58567;201400038728;0;7;0;0.0;1.0;1.0;1.0;A01
58568;201400038729;0;31;0;0.0;1.0;1.0;17.0;A01
58569;201400038730;0;7;0;4.0;2.0;1.0;13.0;A01
58570;201400038730;0;7;0;0.0;2.0;1.0;1.0;B01
58571;201400038731;0;7;0;4.0;0.0;1.0;1.0;A01
58572;201400038732;0;7;0;0.0;1.0;1.0;1.0;A01
58573;201400038733;0;7;0;0.0;1.0;2.0;16.0;A01
58574;201400038734;0;7;0;0.0;1.0;1.0;1.0;A01
58575;201400038735;0;7;0;0.0;1.0;7.0;1.0;A01
58576;201400038736;0;7;0;1.0;0.0;1.0;1.0;A01
58577;201400038737;0;7;0;0.0;1.0;1.0;1.0;A01
58578;201400038738;0;7;0;0.0;1.0;1.0;1.0;A01
58579;201400038739;0;7;0;0.0;1.0;4.0;4.0;A01
58580;201400038740;1;7;0;0.0;1.0;1.0;1.0;Z01
58581;201400038742;0;7;0;0.0;1.0;1.0;1.0;A01
58582;201400038743;0;7;0;5.0;0.0;1.0;14.0;A01
58583;201400038744;0;7;0;0.0;1.0;3.0;1.0;A01
58584;201400038745;0;7;0;1.0;2.0;2.0;16.0;B01
58585;201400038745;0;7;0;0.0;2.0;2.0;1.0;A01
58586;201400038746;0;7;0;0.0;2.0;3.0;1.0;B01
58587;201400038746;0;7;0;1.0;2.0;8.0;19.0;A01
58588;201400038747;0;7;0;0.0;2.0;1.0;1.0;A01
58589;201400038747;0;7;0;0.0;2.0;4.0;2.0;B01
58590;201400038748;0;7;0;0.0;1.0;3.0;1.0;A01
58591;201400038749;0;7;0;0.0;2.0;3.0;9.0;B01
58592;201400038749;0;7;0;0.0;2.0;2.0;1.0;A01
58593;201400038750;0;7;0;0.0;2.0;4.0;1.0;A01
58594;201400038750;0;1;0;0.0;2.0;1.0;2.0;B01
58595;201400038751;0;7;0;0.0;1.0;1.0;1.0;A01
58596;201400038752;0;7;0;0.0;2.0;1.0;15.0;A01
58597;201400038752;0;1;0;0.0;2.0;7.0;1.0;B01
58598;201400038753;0;7;0;0.0;2.0;4.0;2.0;B01
58599;201400038753;0;7;0;0.0;2.0;1.0;1.0;A01
58600;201400038754;0;10;0;0.0;1.0;3.0;15.0;A01
58601;201400038755;0;2;0;0.0;2.0;1.0;1.0;A01
58602;201400038755;0;7;0;0.0;2.0;8.0;15.0;B01
58603;201400038756;0;10;0;0.0;2.0;1.0;1.0;A01
58604;201400038756;0;7;0;0.0;2.0;1.0;15.0;B01
58605;201400038757;0;7;0;0.0;1.0;1.0;1.0;A01
58606;201400038758;0;7;0;0.0;1.0;7.0;1.0;A01
58607;201400038759;0;30;0;0.0;2.0;1.0;16.0;A01
58608;201400038759;0;37;1;0.0;2.0;1.0;1.0;B01
58609;201400038760;0;7;0;0.0;1.0;1.0;15.0;A01
58610;201400038761;0;2;0;0.0;2.0;2.0;1.0;B01
58611;201400038761;0;7;0;0.0;2.0;3.0;9.0;A01
58612;201400038763;0;7;0;0.0;1.0;2.0;1.0;A01
58613;201400038764;0;33;0;0.0;1.0;1.0;1.0;A01
58614;201400038765;0;2;0;0.0;2.0;7.0;1.0;B01
58615;201400038765;0;7;0;0.0;2.0;2.0;1.0;A01
58616;201400038766;0;7;0;8.0;2.0;3.0;0.0;B01
58617;201400038766;0;7;0;0.0;2.0;1.0;0.0;A01
58618;201400038767;0;33;0;0.0;2.0;1.0;17.0;B01
58619;201400038767;0;10;0;0.0;2.0;8.0;11.0;A01
58620;201400038768;0;7;0;0.0;1.0;2.0;1.0;A01
58621;201400038769;1;13;0;0.0;2.0;4.0;2.0;Z01
58622;201400038769;0;38;1;0.0;2.0;1.0;1.0;A01
58623;201400038770;0;7;0;0.0;2.0;1.0;2.0;B01
58624;201400038770;0;30;0;0.0;2.0;4.0;1.0;A01
58625;201400038771;1;30;0;0.0;1.0;1.0;21.0;Z01
58626;201400038772;0;7;0;0.0;2.0;3.0;5.0;A01
58627;201400038772;0;7;0;0.0;2.0;3.0;1.0;B01
58628;201400038773;0;7;0;1.0;2.0;1.0;1.0;B01
58629;201400038773;0;7;0;0.0;0.0;4.0;23.0;A01
58630;201400038774;0;7;0;0.0;2.0;1.0;13.0;A01
58631;201400038774;0;1;0;0.0;2.0;1.0;1.0;B01
58632;201400038775;0;30;0;0.0;0.0;3.0;1.0;A01
58633;201400038776;0;7;0;0.0;2.0;1.0;1.0;A01
58634;201400038776;0;7;0;0.0;2.0;4.0;2.0;B01
58635;201400038777;0;1;0;0.0;2.0;1.0;1.0;A01
58636;201400038777;0;38;1;0.0;2.0;3.0;7.0;B01
58637;201400038779;0;33;0;0.0;1.0;2.0;3.0;A01
58638;201400038780;0;33;0;0.0;2.0;1.0;1.0;A01
58639;201400038780;0;7;0;0.0;2.0;3.0;1.0;B01
58640;201400038781;0;33;0;0.0;2.0;1.0;17.0;B01
58641;201400038781;0;7;0;0.0;2.0;8.0;10.0;A01
58642;201400038782;0;2;0;0.0;2.0;1.0;1.0;A01
58643;201400038782;0;7;0;0.0;2.0;2.0;1.0;B01
58644;201400038783;0;7;0;0.0;2.0;6.0;15.0;B01
58645;201400038783;0;30;0;0.0;2.0;1.0;17.0;A01
58646;201400038784;0;7;0;0.0;2.0;2.0;16.0;A01
58647;201400038784;0;7;0;0.0;2.0;3.0;13.0;B01
58648;201400038785;0;7;0;0.0;2.0;4.0;2.0;B01
58649;201400038785;0;7;0;0.0;2.0;1.0;1.0;A01
58650;201400038786;0;1;0;0.0;2.0;8.0;0.0;B01
58651;201400038786;0;7;0;0.0;2.0;7.0;0.0;A01
58652;201400038787;0;10;0;0.0;1.0;1.0;1.0;A01
58653;201400038788;0;7;0;0.0;2.0;2.0;1.0;A01
58654;201400038788;0;7;0;0.0;2.0;2.0;0.0;B01
58655;201400038789;0;7;0;0.0;2.0;1.0;1.0;A01
58656;201400038789;0;7;0;0.0;2.0;4.0;2.0;B01
58657;201400038790;0;33;0;0.0;2.0;8.0;1.0;B01
58658;201400038790;0;7;0;0.0;2.0;2.0;15.0;A01
58659;201400038791;0;7;0;1.0;1.0;2.0;20.0;A01
58660;201400038792;0;2;0;0.0;2.0;1.0;13.0;A01
58661;201400038792;0;7;0;0.0;2.0;3.0;13.0;B01
58662;201400038793;0;33;0;0.0;2.0;1.0;1.0;B01
58663;201400038793;0;10;0;0.0;2.0;2.0;15.0;A01
58664;201400038794;0;7;0;0.0;2.0;1.0;1.0;A01
58665;201400038794;0;7;0;0.0;2.0;4.0;23.0;D01
58666;201400038794;0;7;0;0.0;2.0;4.0;23.0;B01
58667;201400038794;0;7;0;0.0;2.0;4.0;23.0;C01
58668;201400038795;0;1;0;0.0;1.0;1.0;1.0;A01
58669;201400038796;0;7;0;0.0;1.0;4.0;4.0;A01
58670;201400038797;0;7;0;0.0;2.0;2.0;1.0;B01
58671;201400038797;0;7;0;0.0;2.0;4.0;4.0;A01
58672;201400038798;0;7;0;0.0;1.0;2.0;1.0;A01
58673;201400038799;0;7;0;0.0;2.0;2.0;1.0;A01
58674;201400038799;0;7;0;0.0;2.0;3.0;16.0;B01
58675;201400038800;2;7;0;2.0;0.0;1.0;1.0;Z01
58676;201400038801;0;10;0;0.0;1.0;4.0;4.0;A01
58677;201400038802;0;7;0;0.0;1.0;1.0;1.0;A01
58678;201400038803;0;7;0;0.0;2.0;2.0;2.0;B01
58679;201400038803;0;33;0;0.0;2.0;3.0;1.0;A01
58680;201400038804;0;7;0;0.0;1.0;2.0;1.0;A01
58681;201400038805;0;7;0;0.0;1.0;1.0;1.0;A01
58682;201400038806;0;7;0;0.0;1.0;1.0;1.0;A01
58683;201400038807;0;7;0;0.0;1.0;7.0;5.0;A01
58684;201400038808;0;7;0;0.0;2.0;7.0;1.0;A01
58685;201400038808;0;30;0;0.0;2.0;8.0;2.0;B01
58686;201400038810;0;7;0;0.0;1.0;2.0;1.0;A01
58687;201400038811;0;7;0;9.0;0.0;1.0;1.0;A01
58688;201400038812;0;7;0;0.0;1.0;1.0;15.0;A01
58689;201400038813;0;7;0;14.0;1.0;2.0;17.0;A01
58690;201400038814;0;7;0;15.0;0.0;1.0;1.0;A01
58691;201400038815;0;7;0;0.0;1.0;1.0;1.0;A01
58692;201400038816;0;7;0;0.0;2.0;1.0;15.0;A01
58693;201400038816;0;2;0;0.0;2.0;1.0;1.0;B01
58694;201400038817;0;7;0;0.0;1.0;1.0;1.0;A01
58695;201400038818;0;13;0;0.0;1.0;5.0;1.0;A01
58696;201400038819;1;7;0;0.0;2.0;1.0;1.0;Z01
58697;201400038819;0;1;0;0.0;2.0;2.0;1.0;A01
58698;201400038820;0;7;0;0.0;2.0;1.0;1.0;A01
58699;201400038820;0;7;0;0.0;2.0;1.0;1.0;B01
58700;201400038821;0;7;0;0.0;1.0;2.0;1.0;A01
58701;201400038822;0;7;0;0.0;1.0;1.0;1.0;A01
58702;201400038823;0;7;0;0.0;2.0;7.0;1.0;A01
58703;201400038823;0;7;0;0.0;2.0;1.0;1.0;B01
58704;201400038824;1;7;0;6.0;9.0;2.0;0.0;Z01
58705;201400038824;0;1;0;0.0;2.0;1.0;16.0;B01
58706;201400038825;0;7;0;0.0;2.0;2.0;19.0;A01
58707;201400038825;0;34;0;0.0;2.0;8.0;21.0;B01
58708;201400038826;0;7;0;0.0;1.0;1.0;1.0;A01
58709;201400038827;0;7;0;0.0;2.0;7.0;1.0;A01
58710;201400038827;0;7;0;0.0;2.0;1.0;1.0;B01
58711;201400038828;0;7;0;0.0;1.0;1.0;1.0;A01
58712;201400038830;0;7;0;0.0;1.0;3.0;1.0;A01
58713;201400038831;0;7;0;0.0;2.0;1.0;11.0;B01
58714;201400038831;0;99;0;0.0;0.0;1.0;0.0;A01
58715;201400038832;0;7;0;0.0;1.0;1.0;1.0;A01
58716;201400038834;0;7;0;0.0;2.0;2.0;19.0;A01
58717;201400038834;0;1;0;0.0;2.0;1.0;1.0;B01
58718;201400038836;0;7;0;0.0;2.0;7.0;1.0;B01
58719;201400038836;0;2;0;0.0;2.0;1.0;1.0;A01
58720;201400038837;0;30;0;0.0;2.0;7.0;1.0;B01
58721;201400038837;0;10;0;0.0;2.0;8.0;9.0;A01
58722;201400038838;0;7;0;0.0;1.0;8.0;1.0;A01
58723;201400038840;0;7;0;0.0;1.0;2.0;1.0;A01
58724;201400038841;0;30;0;1.0;2.0;1.0;0.0;B01
58725;201400038841;0;7;0;0.0;2.0;1.0;0.0;A01
58726;201400038842;0;7;0;0.0;2.0;2.0;0.0;A01
58727;201400038842;0;1;0;0.0;2.0;1.0;0.0;B01
58728;201400038843;0;33;0;0.0;2.0;7.0;1.0;A01
58729;201400038843;0;7;0;0.0;2.0;3.0;1.0;B01
58730;201400038844;0;20;0;0.0;1.0;6.0;16.0;A01
58731;201400038845;0;7;0;0.0;1.0;2.0;1.0;A01
58732;201400038848;0;7;0;0.0;2.0;1.0;1.0;B01
58733;201400038848;0;7;0;0.0;2.0;4.0;1.0;A01
58734;201400038849;0;30;0;0.0;2.0;8.0;16.0;B01
58735;201400038849;1;7;0;0.0;0.0;0.0;1.0;A01
58736;201400038850;0;3;0;0.0;2.0;2.0;15.0;A01
58737;201400038850;0;2;0;0.0;2.0;1.0;1.0;B01
58738;201400038851;0;7;0;0.0;2.0;2.0;1.0;A01
58739;201400038851;0;7;0;0.0;2.0;3.0;1.0;B01
58740;201400038852;0;37;30;0.0;1.0;7.0;1.0;A01
58741;201400038853;0;34;0;0.0;2.0;7.0;1.0;B01
58742;201400038853;0;7;0;0.0;2.0;8.0;11.0;A01
58743;201400038854;0;7;0;0.0;2.0;1.0;1.0;A01
58744;201400038854;0;7;0;0.0;2.0;3.0;1.0;B01
58745;201400038855;0;33;0;0.0;2.0;1.0;1.0;A01
58746;201400038855;0;7;0;0.0;2.0;6.0;2.0;B01
58747;201400038856;0;1;0;0.0;1.0;1.0;1.0;A01
58748;201400038857;0;7;0;0.0;2.0;3.0;1.0;A01
58749;201400038857;0;1;0;0.0;2.0;1.0;1.0;B01