;Num_Acc;senc;catv;occutc;obs;obsm;choc;manv;num_veh
58750;201400038858;1;7;0;0.0;1.0;3.0;1.0;Z01
58751;201400038859;0;7;0;0.0;1.0;1.0;1.0;A01
58752;201400038860;0;7;0;0.0;2.0;8.0;16.0;B01
58753;201400038860;0;7;0;8.0;2.0;1.0;1.0;A01
58754;201400038861;0;7;0;0.0;2.0;1.0;1.0;B01
58755;201400038861;0;7;0;0.0;2.0;1.0;15.0;A01
58756;201400038862;0;2;0;6.0;0.0;1.0;1.0;A01
58757;201400038863;0;33;0;0.0;2.0;1.0;12.0;B01
58758;201400038863;0;7;0;0.0;2.0;7.0;17.0;A01
58759;201400038864;0;7;0;0.0;1.0;2.0;1.0;A01
58760;201400038865;0;7;0;0.0;2.0;2.0;1.0;B01
58761;201400038865;0;7;0;0.0;2.0;3.0;9.0;A01
58762;201400038867;0;7;0;0.0;2.0;3.0;1.0;B01
58763;201400038867;0;2;0;0.0;2.0;1.0;17.0;A01
58764;201400038868;0;33;0;0.0;2.0;1.0;1.0;A01
58765;201400038868;0;14;0;0.0;2.0;4.0;1.0;B01
58766;201400038869;0;2;0;0.0;2.0;1.0;1.0;A01
58767;201400038869;0;7;0;0.0;2.0;8.0;1.0;B01
58768;201400038870;0;7;0;0.0;2.0;3.0;15.0;A01
58769;201400038870;0;33;0;9.0;2.0;1.0;1.0;B01
58770;201400038871;0;7;0;0.0;1.0;4.0;20.0;A01
58771;201400038872;0;7;0;0.0;9.0;2.0;11.0;A01
58772;201400038872;0;1;0;0.0;2.0;1.0;1.0;B01
58773;201400038873;0;7;0;0.0;2.0;1.0;1.0;A01
58774;201400038873;0;7;0;0.0;2.0;3.0;15.0;B01
58775;201400038874;0;7;0;0.0;1.0;1.0;15.0;A01
58776;201400038875;0;7;0;6.0;2.0;1.0;11.0;A01
58777;201400038875;0;7;0;0.0;2.0;1.0;1.0;B01
58778;201400038876;0;7;0;0.0;2.0;4.0;1.0;A01
58779;201400038876;0;1;0;0.0;2.0;1.0;1.0;B01
58780;201400038877;0;1;0;0.0;2.0;7.0;1.0;B01
58781;201400038877;0;7;0;0.0;2.0;4.0;4.0;A01
58782;201400038878;0;7;0;0.0;1.0;1.0;1.0;A01
58783;201400038879;0;7;0;13.0;0.0;1.0;1.0;A01
58784;201400038880;1;7;0;0.0;1.0;1.0;1.0;Z01
58785;201400038881;0;7;0;0.0;2.0;8.0;2.0;B01
58786;201400038881;0;7;0;0.0;2.0;7.0;14.0;A01
58787;201400038882;0;7;0;0.0;1.0;3.0;1.0;A01
58788;201400038883;0;7;0;0.0;2.0;1.0;15.0;A01
58789;201400038883;0;7;0;0.0;2.0;1.0;1.0;B01
58790;201400038884;0;7;0;0.0;2.0;4.0;1.0;C01
58791;201400038884;0;7;0;0.0;2.0;1.0;1.0;D01
58792;201400038884;0;7;0;0.0;2.0;4.0;1.0;B01
58793;201400038884;0;7;0;0.0;2.0;4.0;1.0;A01
58794;201400038885;0;7;0;0.0;2.0;2.0;15.0;A01
58795;201400038885;0;33;0;0.0;2.0;1.0;1.0;B01
58796;201400038886;0;7;0;0.0;2.0;3.0;1.0;B01
58797;201400038886;0;37;1;0.0;2.0;1.0;1.0;A01
58798;201400038887;0;7;0;0.0;2.0;2.0;23.0;B01
58799;201400038887;0;7;0;0.0;2.0;3.0;10.0;A01
58800;201400038888;0;7;0;0.0;1.0;3.0;1.0;A01
58801;201400038889;0;7;0;0.0;2.0;1.0;1.0;B01
58802;201400038889;0;10;0;6.0;2.0;1.0;1.0;A01
58803;201400038890;0;30;0;0.0;0.0;7.0;1.0;A01
58804;201400038891;0;7;0;0.0;1.0;1.0;1.0;A01
58805;201400038892;0;7;0;1.0;0.0;2.0;20.0;A01
58806;201400038893;0;7;0;0.0;2.0;4.0;1.0;A01
58807;201400038893;0;10;0;0.0;2.0;1.0;1.0;B01
58808;201400038894;0;7;0;0.0;1.0;3.0;1.0;A01
58809;201400038895;0;7;0;0.0;2.0;7.0;1.0;B01
58810;201400038895;0;31;0;0.0;2.0;1.0;1.0;A01
58811;201400038897;0;7;0;0.0;1.0;1.0;16.0;A01
58812;201400038898;0;7;0;0.0;9.0;2.0;1.0;A01
58813;201400038898;0;1;0;0.0;2.0;3.0;1.0;B01
58814;201400038899;0;7;0;0.0;2.0;8.0;1.0;B01
58815;201400038899;0;7;0;0.0;2.0;3.0;1.0;A01
58816;201400038900;0;7;0;3.0;0.0;7.0;1.0;A01
58817;201400038902;0;7;0;0.0;2.0;2.0;15.0;A01
58818;201400038902;0;32;0;0.0;2.0;1.0;1.0;B01
58819;201400038903;0;2;0;0.0;2.0;4.0;0.0;B01
58820;201400038903;0;7;0;0.0;2.0;0.0;1.0;A01
58821;201400038904;0;7;0;0.0;2.0;2.0;1.0;A01
58822;201400038904;0;7;0;0.0;2.0;0.0;1.0;B01
58823;201400038905;0;7;0;1.0;0.0;1.0;1.0;A01
58824;201400038907;0;7;0;0.0;1.0;3.0;16.0;A01
58825;201400038908;0;7;0;0.0;1.0;1.0;1.0;A01
58826;201400038910;0;7;0;0.0;2.0;3.0;1.0;B01
58827;201400038910;0;34;0;0.0;2.0;1.0;1.0;A01
58828;201400038911;0;7;0;0.0;2.0;3.0;1.0;B01
58829;201400038911;0;7;0;0.0;2.0;7.0;1.0;A01
58830;201400038912;0;33;0;0.0;2.0;1.0;17.0;A01
58831;201400038912;0;7;0;0.0;2.0;3.0;23.0;B01
58832;201400038913;0;7;0;0.0;1.0;2.0;1.0;A01
58833;201400038914;0;33;0;0.0;2.0;1.0;1.0;A01
58834;201400038914;0;1;0;0.0;2.0;0.0;0.0;B01
58835;201400038916;0;7;0;0.0;2.0;7.0;16.0;B01
58836;201400038916;0;34;0;0.0;2.0;1.0;2.0;A01
58837;201400038917;0;7;0;0.0;2.0;1.0;10.0;A01
58838;201400038917;0;7;0;0.0;2.0;7.0;1.0;B01
58839;201400038918;0;7;0;0.0;2.0;4.0;23.0;A01
58840;201400038918;0;1;0;0.0;2.0;1.0;2.0;B01
58841;201400038919;0;7;0;0.0;2.0;5.0;23.0;B01
58842;201400038919;0;33;0;0.0;2.0;1.0;1.0;A01
58843;201400038920;0;7;0;0.0;2.0;7.0;1.0;B01
58844;201400038920;0;30;0;0.0;2.0;7.0;0.0;A01
58845;201400038921;0;7;0;0.0;2.0;7.0;22.0;A01
58846;201400038921;0;33;0;1.0;0.0;1.0;18.0;B01
58847;201400038922;0;7;0;0.0;2.0;1.0;15.0;A01
58848;201400038922;0;33;0;0.0;2.0;1.0;1.0;B01
58849;201400038923;0;7;0;0.0;2.0;5.0;1.0;A01
58850;201400038923;0;1;0;0.0;2.0;0.0;2.0;B01
58851;201400038924;0;7;0;6.0;1.0;1.0;15.0;A01
58852;201400038925;0;14;0;0.0;1.0;1.0;1.0;A01
58853;201400038926;0;7;0;0.0;1.0;2.0;1.0;A01
58854;201400038927;0;2;0;0.0;2.0;1.0;2.0;A01
58855;201400038927;0;10;0;0.0;2.0;5.0;1.0;B01
58856;201400038928;0;7;0;0.0;1.0;1.0;1.0;A01
58857;201400038929;0;7;0;0.0;9.0;4.0;1.0;B01
58858;201400038929;0;7;0;0.0;2.0;4.0;2.0;A01
58859;201400038930;0;17;0;0.0;1.0;1.0;1.0;A01
58860;201400038931;0;33;0;0.0;2.0;1.0;1.0;B01
58861;201400038931;0;7;0;0.0;2.0;2.0;15.0;A01
58862;201400038932;0;7;0;0.0;2.0;4.0;23.0;B01
58863;201400038932;0;7;0;0.0;2.0;1.0;1.0;A01
58864;201400038933;0;1;0;0.0;2.0;1.0;15.0;B01
58865;201400038933;1;7;0;0.0;2.0;3.0;0.0;A01
58866;201400038935;0;7;0;0.0;2.0;2.0;15.0;A01
58867;201400038935;0;30;0;0.0;2.0;1.0;0.0;B01
58868;201400038936;0;32;0;0.0;1.0;1.0;1.0;A01
58869;201400038937;1;7;0;0.0;1.0;1.0;1.0;A01
58870;201400038938;0;7;0;0.0;2.0;6.0;0.0;A01
58871;201400038938;0;33;0;0.0;2.0;1.0;1.0;B01
58872;201400038939;0;33;0;0.0;2.0;7.0;1.0;B01
58873;201400038939;0;7;0;0.0;2.0;2.0;10.0;A01
58874;201400038941;0;7;0;0.0;1.0;1.0;1.0;A01
58875;201400038942;0;14;0;0.0;1.0;2.0;16.0;A01
58876;201400038943;0;7;0;0.0;1.0;1.0;1.0;A01
58877;201400038944;0;7;0;0.0;1.0;2.0;0.0;A01
58878;201400038945;0;7;0;0.0;1.0;2.0;15.0;A01
58879;201400038946;0;7;0;0.0;2.0;4.0;1.0;B01
58880;201400038946;0;33;0;0.0;2.0;1.0;1.0;A01
58881;201400038947;0;7;0;0.0;1.0;3.0;0.0;A01
58882;201400038948;0;7;0;0.0;2.0;7.0;1.0;A01
58883;201400038948;0;34;0;0.0;2.0;1.0;1.0;B01
58884;201400038951;0;30;0;0.0;0.0;8.0;1.0;A01
58885;201400038952;0;37;1;0.0;2.0;7.0;1.0;B01
58886;201400038952;0;7;0;0.0;2.0;1.0;15.0;A01
58887;201400038953;0;30;0;0.0;1.0;1.0;1.0;A01
58888;201400038954;0;7;0;0.0;2.0;7.0;15.0;A01
58889;201400038954;0;2;0;0.0;2.0;1.0;1.0;B01
58890;201400038955;0;32;0;0.0;2.0;8.0;1.0;B01
58891;201400038955;0;7;0;0.0;2.0;3.0;16.0;A01
58892;201400038956;0;30;0;12.0;0.0;1.0;1.0;A01
58893;201400038957;0;7;0;0.0;1.0;0.0;4.0;A01
58894;201400038958;0;7;0;0.0;2.0;7.0;1.0;A01
58895;201400038958;0;30;0;0.0;2.0;1.0;1.0;B01
58896;201400038959;1;31;0;0.0;1.0;1.0;17.0;Z01
58897;201400038960;0;7;0;0.0;2.0;3.0;5.0;A01
58898;201400038960;0;7;0;0.0;2.0;3.0;1.0;B01
58899;201400038961;0;7;0;0.0;1.0;2.0;1.0;A01
58900;201400038962;0;1;0;0.0;1.0;0.0;0.0;A01
58901;201400038963;0;31;0;0.0;1.0;8.0;1.0;A01
58902;201400038964;0;7;0;0.0;2.0;0.0;0.0;B01
58903;201400038964;0;33;0;0.0;0.0;0.0;11.0;A01
58904;201400038965;0;7;0;0.0;1.0;2.0;1.0;A01
58905;201400038966;0;33;0;12.0;0.0;1.0;0.0;A01
58906;201400038967;0;7;0;0.0;1.0;3.0;1.0;A01
58907;201400038968;0;32;0;0.0;1.0;7.0;1.0;A01
58908;201400038969;0;7;0;0.0;2.0;0.0;20.0;B01
58909;201400038969;0;30;0;0.0;2.0;8.0;1.0;A01
58910;201400038970;0;33;0;0.0;2.0;1.0;13.0;A01
58911;201400038970;0;7;0;0.0;2.0;5.0;1.0;B01
58912;201400038971;0;7;0;0.0;1.0;4.0;20.0;A01
58913;201400038972;0;1;0;0.0;2.0;4.0;2.0;A01
58914;201400038972;1;7;0;0.0;2.0;0.0;0.0;Z01
58915;201400038973;0;7;0;0.0;1.0;1.0;1.0;A01
58916;201400038974;0;7;0;8.0;2.0;4.0;16.0;B01
58917;201400038974;0;33;0;0.0;2.0;1.0;1.0;A01
58918;201400038975;0;7;0;9.0;1.0;1.0;16.0;A01
58919;201400038976;0;7;0;0.0;2.0;8.0;24.0;B01
58920;201400038976;0;7;0;0.0;1.0;2.0;1.0;A01
58921;201400038977;0;7;0;0.0;1.0;1.0;0.0;A01
58922;201400038978;0;7;0;0.0;2.0;4.0;2.0;B01
58923;201400038978;0;7;0;0.0;2.0;1.0;2.0;A01
58924;201400038979;0;10;0;0.0;2.0;3.0;1.0;B01
58925;201400038979;0;34;0;0.0;2.0;1.0;1.0;A01
58926;201400038980;0;30;0;0.0;0.0;8.0;1.0;A01
58927;201400038981;0;7;0;0.0;2.0;1.0;1.0;A01
58928;201400038981;0;7;0;0.0;2.0;2.0;1.0;B01
58929;201400038982;0;10;0;0.0;1.0;1.0;1.0;A01
58930;201400038983;0;31;0;0.0;2.0;2.0;1.0;B01
58931;201400038983;0;7;0;0.0;2.0;3.0;20.0;A01
58932;201400038984;0;7;0;0.0;2.0;7.0;15.0;A01
58933;201400038984;0;30;0;0.0;2.0;1.0;1.0;B01
58934;201400038985;0;7;0;0.0;2.0;6.0;1.0;B01
58935;201400038985;0;7;0;0.0;2.0;3.0;1.0;C01
58936;201400038985;0;14;0;0.0;2.0;1.0;1.0;A01
58937;201400038986;0;34;0;0.0;1.0;1.0;3.0;A01
58938;201400038987;0;37;50;0.0;2.0;3.0;11.0;A01
58939;201400038987;1;7;0;0.0;2.0;6.0;2.0;Z01
58940;201400038988;0;7;0;0.0;1.0;8.0;15.0;A01
58941;201400038990;0;1;0;0.0;1.0;1.0;5.0;A01
58942;201400038992;0;7;0;0.0;2.0;7.0;1.0;B01
58943;201400038992;0;7;0;0.0;2.0;8.0;1.0;A01
58944;201400038993;0;7;0;0.0;1.0;7.0;1.0;A01
58945;201400038994;0;33;0;0.0;2.0;1.0;1.0;B01
58946;201400038994;0;7;0;0.0;2.0;1.0;9.0;A01
58947;201400038995;0;30;0;0.0;2.0;2.0;0.0;A01
58948;201400038995;0;7;0;0.0;2.0;1.0;15.0;B01
58949;201400038996;0;7;0;0.0;2.0;4.0;2.0;B01
58950;201400038996;1;7;0;0.0;2.0;1.0;2.0;Z01
58951;201400038997;0;37;50;0.0;2.0;6.0;1.0;B01
58952;201400038997;0;30;0;0.0;2.0;1.0;12.0;A01
58953;201400038998;0;2;0;0.0;2.0;8.0;15.0;B01
58954;201400038998;0;7;0;0.0;2.0;7.0;1.0;A01
58955;201400038999;0;7;0;0.0;2.0;3.0;9.0;A01
58956;201400038999;0;30;0;0.0;2.0;1.0;1.0;B01
58957;201400039000;0;2;0;0.0;2.0;1.0;1.0;A01
58958;201400039000;1;7;0;0.0;2.0;3.0;15.0;B01
58959;201400039001;0;33;0;0.0;2.0;1.0;1.0;A01
58960;201400039001;0;7;0;0.0;2.0;3.0;16.0;B01
58961;201400039002;0;33;0;0.0;2.0;2.0;17.0;A01
58962;201400039003;2;7;0;0.0;2.0;1.0;1.0;Z01
58963;201400039003;0;7;0;0.0;2.0;4.0;1.0;A01
58964;201400039004;0;7;0;0.0;2.0;4.0;2.0;B01
58965;201400039004;0;31;0;0.0;2.0;1.0;2.0;A01
58966;201400039005;1;7;0;0.0;1.0;2.0;16.0;Z01
58967;201400039006;0;7;0;0.0;2.0;3.0;16.0;A01
58968;201400039006;0;1;0;0.0;2.0;1.0;1.0;B01
58969;201400039007;0;13;0;0.0;2.0;4.0;4.0;A01
58970;201400039007;0;30;0;0.0;0.0;4.0;1.0;B01
58971;201400039008;0;7;0;8.0;0.0;1.0;1.0;A01
58972;201400039009;0;30;0;8.0;0.0;0.0;1.0;A01
58973;201400039010;0;30;0;0.0;2.0;1.0;17.0;A01
58974;201400039010;0;7;0;0.0;2.0;4.0;1.0;B01
58975;201400039011;0;2;0;0.0;2.0;7.0;15.0;A01
58976;201400039011;1;7;0;0.0;2.0;6.0;17.0;B01
58977;201400039012;0;7;0;0.0;1.0;1.0;1.0;A01
58978;201400039013;0;7;0;0.0;2.0;4.0;1.0;B01
58979;201400039013;0;31;0;0.0;2.0;1.0;1.0;A01
58980;201400039014;0;7;0;0.0;2.0;8.0;1.0;B01
58981;201400039014;0;32;0;0.0;2.0;1.0;1.0;A01
58982;201400039015;0;7;0;0.0;1.0;1.0;0.0;A01
58983;201400039016;0;32;0;0.0;1.0;1.0;1.0;A01
58984;201400039017;0;13;0;0.0;2.0;4.0;1.0;B01
58985;201400039017;0;7;0;0.0;2.0;1.0;1.0;A01
58986;201400039018;0;32;0;8.0;0.0;0.0;0.0;A01
58987;201400039019;0;7;0;0.0;1.0;2.0;1.0;A01
58988;201400039020;0;7;0;0.0;1.0;5.0;1.0;A01
58989;201400039021;0;7;0;0.0;1.0;1.0;15.0;A01
58990;201400039022;0;7;0;0.0;1.0;6.0;4.0;A01
58991;201400039023;0;33;0;0.0;2.0;1.0;1.0;B01
58992;201400039023;0;7;0;0.0;2.0;5.0;1.0;A01
58993;201400039024;0;32;0;0.0;2.0;7.0;1.0;A01
58994;201400039024;0;7;0;0.0;2.0;8.0;1.0;B01
58995;201400039025;0;30;0;0.0;0.0;3.0;16.0;A01
58996;201400039026;0;7;0;0.0;1.0;3.0;1.0;B01
58997;201400039026;0;7;0;0.0;1.0;3.0;1.0;A01
58998;201400039027;0;7;0;0.0;1.0;3.0;16.0;A01
58999;201400039028;0;33;0;0.0;2.0;1.0;1.0;B01
59000;201400039028;0;10;0;0.0;2.0;5.0;1.0;A01
59001;201400039029;0;37;10;0.0;2.0;2.0;1.0;B01
59002;201400039029;0;33;0;0.0;2.0;4.0;15.0;A01
59003;201400039030;0;7;0;0.0;1.0;0.0;1.0;A01
59004;201400039031;0;7;0;0.0;2.0;6.0;1.0;B01
59005;201400039031;0;30;0;0.0;2.0;0.0;17.0;A01
59006;201400039032;0;7;0;1.0;0.0;1.0;0.0;A01
59007;201400039033;0;7;0;0.0;2.0;8.0;1.0;B01
59008;201400039033;0;7;0;1.0;0.0;1.0;17.0;A01
59009;201400039034;0;7;0;0.0;2.0;0.0;0.0;B01
59010;201400039034;0;32;0;0.0;0.0;0.0;0.0;A01
59011;201400039035;0;33;0;0.0;2.0;8.0;0.0;A01
59012;201400039035;0;32;0;0.0;2.0;7.0;0.0;B01
59013;201400039036;0;10;0;0.0;2.0;1.0;9.0;A01
59014;201400039036;0;2;0;0.0;2.0;1.0;1.0;B01
59015;201400039037;0;2;0;0.0;1.0;1.0;10.0;A01
59016;201400039038;0;7;0;0.0;2.0;0.0;0.0;A01
59017;201400039038;0;7;0;0.0;0.0;0.0;0.0;B01
59018;201400039039;0;7;0;0.0;1.0;1.0;15.0;A01
59019;201400039040;0;32;0;0.0;0.0;8.0;0.0;A01
59020;201400039041;0;33;0;14.0;0.0;1.0;1.0;A01
59021;201400039042;0;7;0;0.0;1.0;7.0;15.0;A01
59022;201400039043;0;7;0;8.0;0.0;0.0;0.0;A01
59023;201400039045;0;31;0;12.0;0.0;1.0;1.0;A01
59024;201400039046;0;7;0;0.0;1.0;7.0;1.0;A01
59025;201400039047;0;33;0;0.0;2.0;1.0;1.0;A01
59026;201400039047;0;7;0;0.0;2.0;8.0;1.0;B01
59027;201400039048;0;7;0;0.0;2.0;7.0;1.0;A01
59028;201400039048;0;34;0;0.0;2.0;1.0;1.0;B01
59029;201400039049;0;33;0;0.0;1.0;1.0;1.0;A01
59030;201400039050;0;31;0;0.0;2.0;1.0;1.0;A01
59031;201400039050;0;1;0;0.0;2.0;8.0;10.0;B01
59032;201400039051;0;7;0;0.0;2.0;3.0;15.0;B01
59033;201400039051;0;33;0;0.0;2.0;1.0;5.0;A01
59034;201400039052;0;33;0;0.0;2.0;1.0;0.0;B01
59035;201400039052;0;7;0;0.0;2.0;2.0;15.0;A01
59036;201400039053;0;7;0;0.0;2.0;1.0;0.0;A01
59037;201400039053;0;7;0;0.0;2.0;7.0;1.0;B01
59038;201400039054;0;7;0;0.0;2.0;1.0;15.0;A01
59039;201400039054;0;30;0;0.0;2.0;8.0;1.0;B01
59040;201400039055;0;7;0;4.0;2.0;3.0;1.0;A01
59041;201400039055;0;7;0;0.0;2.0;1.0;1.0;B01
59042;201400039056;0;7;0;4.0;0.0;3.0;1.0;A01
59043;201400039057;0;2;0;0.0;2.0;1.0;1.0;A01
59044;201400039057;0;7;0;0.0;2.0;5.0;16.0;B01
59045;201400039058;0;10;0;0.0;2.0;3.0;1.0;A01
59046;201400039058;0;7;0;0.0;2.0;5.0;1.0;B01
59047;201400039059;0;15;0;0.0;2.0;6.0;24.0;B01
59048;201400039059;0;7;0;1.0;0.0;1.0;1.0;A01
59049;201400039060;0;31;0;0.0;0.0;0.0;1.0;B01
59050;201400039060;0;30;0;0.0;0.0;0.0;1.0;A01
59051;201400039061;0;10;0;0.0;1.0;1.0;1.0;A01
59052;201400039062;0;7;0;0.0;2.0;1.0;5.0;A01
59053;201400039062;0;7;0;12.0;2.0;1.0;21.0;B01
59054;201400039063;0;33;0;0.0;0.0;1.0;0.0;A01
59055;201400039064;0;13;0;0.0;2.0;4.0;1.0;B01
59056;201400039064;0;13;0;0.0;2.0;1.0;1.0;A01
59057;201400039065;0;14;0;0.0;2.0;6.0;1.0;B01
59058;201400039065;0;2;0;1.0;0.0;1.0;9.0;A01
59059;201400039066;0;7;0;0.0;2.0;1.0;1.0;A01
59060;201400039066;0;7;0;0.0;2.0;3.0;15.0;B01
59061;201400039067;0;7;0;11.0;0.0;1.0;1.0;A01
59062;201400039068;0;7;0;0.0;2.0;5.0;1.0;A01
59063;201400039068;0;32;0;0.0;2.0;8.0;0.0;B01
59064;201400039069;0;7;0;0.0;1.0;3.0;1.0;A01
59065;201400039070;0;7;0;0.0;2.0;8.0;15.0;B01
59066;201400039070;0;2;0;0.0;2.0;7.0;17.0;A01
59067;201400039071;0;2;0;0.0;1.0;7.0;21.0;B01
59068;201400039071;0;7;0;0.0;2.0;1.0;15.0;A01
59069;201400039072;0;7;0;0.0;1.0;2.0;1.0;A01
59070;201400039073;0;2;0;0.0;1.0;2.0;1.0;A01
59071;201400039074;0;7;0;0.0;2.0;5.0;1.0;B01
59072;201400039074;0;31;0;0.0;2.0;1.0;1.0;A01
59073;201400039076;0;10;0;1.0;0.0;1.0;2.0;A01
59074;201400039076;0;10;0;0.0;2.0;4.0;23.0;B01
59075;201400039077;0;7;0;0.0;2.0;8.0;15.0;B01
59076;201400039077;0;1;0;0.0;2.0;2.0;1.0;A01
59077;201400039078;0;7;0;0.0;2.0;2.0;10.0;A01
59078;201400039078;0;31;0;0.0;2.0;8.0;1.0;B01
59079;201400039079;0;37;1;0.0;1.0;7.0;15.0;A01
59080;201400039081;0;7;0;0.0;2.0;7.0;22.0;B01
59081;201400039081;0;37;1;0.0;2.0;1.0;1.0;A01
59082;201400039082;0;7;0;0.0;1.0;1.0;1.0;A01
59083;201400039083;0;7;0;0.0;2.0;4.0;2.0;B01
59084;201400039083;0;10;0;0.0;0.0;0.0;2.0;A01
59085;201400039084;0;33;0;0.0;1.0;1.0;17.0;A01
59086;201400039086;0;2;0;0.0;1.0;1.0;1.0;A01
59087;201400039087;0;7;0;0.0;2.0;6.0;1.0;A01
59088;201400039087;0;7;0;0.0;2.0;2.0;17.0;B01
59089;201400039088;0;34;0;4.0;0.0;8.0;17.0;A01
59090;201400039089;0;7;0;0.0;2.0;1.0;1.0;A01
59091;201400039089;0;7;0;0.0;0.0;4.0;23.0;B01
59092;201400039090;0;33;0;0.0;2.0;7.0;20.0;B01
59093;201400039090;0;30;0;0.0;2.0;7.0;18.0;A01
59094;201400039091;0;7;0;0.0;2.0;7.0;15.0;B01
59095;201400039091;0;1;0;0.0;2.0;7.0;1.0;A01
59096;201400039092;0;32;0;0.0;0.0;0.0;1.0;A01
59097;201400039093;0;30;0;0.0;2.0;0.0;0.0;A01
59098;201400039093;0;7;0;0.0;2.0;7.0;1.0;B01
59099;201400039094;1;34;0;0.0;1.0;0.0;1.0;Z01
59100;201400039095;0;33;0;0.0;2.0;0.0;0.0;B01
59101;201400039095;0;7;0;0.0;2.0;8.0;15.0;A01
59102;201400039096;1;7;0;0.0;2.0;0.0;15.0;Z01
59103;201400039096;0;33;0;0.0;2.0;1.0;1.0;A01
59104;201400039097;0;7;0;0.0;2.0;7.0;16.0;A01
59105;201400039097;0;1;0;0.0;2.0;8.0;1.0;B01
59106;201400039098;0;7;0;0.0;2.0;2.0;1.0;A01
59107;201400039098;0;33;0;0.0;2.0;1.0;1.0;B01
59108;201400039099;0;34;0;0.0;2.0;0.0;3.0;A01
59109;201400039099;0;7;0;0.0;2.0;2.0;1.0;B01
59110;201400039100;0;7;0;0.0;2.0;3.0;15.0;B01
59111;201400039100;0;7;0;0.0;2.0;3.0;1.0;A01
59112;201400039101;0;7;0;0.0;1.0;3.0;15.0;A01
59113;201400039102;0;7;0;0.0;1.0;0.0;1.0;A01
59114;201400039103;0;30;0;0.0;0.0;0.0;0.0;A01
59115;201400039104;0;32;0;0.0;2.0;7.0;1.0;A01
59116;201400039104;0;7;0;0.0;2.0;8.0;15.0;B01
59117;201400039105;0;1;0;0.0;2.0;1.0;1.0;B01
59118;201400039105;0;7;0;0.0;2.0;1.0;5.0;A01
59119;201400039106;0;7;0;0.0;1.0;1.0;1.0;A01
59120;201400039107;0;2;0;0.0;0.0;8.0;2.0;A01
59121;201400039108;0;33;0;0.0;1.0;1.0;1.0;A01
59122;201400039110;0;2;0;0.0;2.0;3.0;3.0;B01
59123;201400039110;0;7;0;0.0;2.0;2.0;12.0;A01
59124;201400039111;0;7;0;0.0;2.0;3.0;15.0;A01
59125;201400039111;0;33;0;0.0;2.0;8.0;16.0;B01
59126;201400039112;0;10;0;0.0;2.0;6.0;1.0;B01
59127;201400039112;0;7;0;0.0;2.0;1.0;1.0;A01
59128;201400039113;0;7;0;0.0;2.0;8.0;2.0;A01
59129;201400039113;0;30;0;0.0;2.0;1.0;13.0;B01
59130;201400039114;0;7;0;0.0;2.0;2.0;17.0;A01
59131;201400039114;0;7;0;0.0;2.0;6.0;1.0;B01
59132;201400039115;0;7;0;0.0;2.0;4.0;2.0;B01
59133;201400039115;1;7;0;0.0;2.0;1.0;2.0;A01
59134;201400039116;0;32;0;0.0;2.0;7.0;0.0;B01
59135;201400039116;1;7;0;0.0;2.0;1.0;10.0;A01
59136;201400039117;0;32;0;0.0;2.0;1.0;1.0;B01
59137;201400039117;0;7;0;0.0;2.0;6.0;10.0;A01
59138;201400039118;0;7;0;0.0;1.0;2.0;1.0;A01
59139;201400039119;0;7;0;0.0;2.0;3.0;23.0;B01
59140;201400039119;0;30;0;0.0;2.0;1.0;16.0;A01
59141;201400039120;0;34;0;0.0;2.0;3.0;1.0;B01
59142;201400039120;0;7;0;0.0;2.0;1.0;15.0;A01
59143;201400039121;0;34;0;0.0;2.0;1.0;1.0;A01
59144;201400039121;0;7;0;0.0;2.0;8.0;10.0;B01
59145;201400039122;0;7;0;0.0;2.0;1.0;16.0;B01
59146;201400039122;0;7;0;0.0;2.0;2.0;15.0;A01
59147;201400039123;0;7;0;0.0;2.0;1.0;1.0;B01
59148;201400039123;0;10;0;0.0;2.0;2.0;15.0;A01
59149;201400039124;0;7;0;0.0;2.0;4.0;2.0;B01
59150;201400039124;0;33;0;0.0;2.0;1.0;2.0;A01
59151;201400039125;0;7;0;0.0;2.0;3.0;15.0;A01
59152;201400039125;0;30;0;0.0;2.0;2.0;17.0;B01
59153;201400039126;0;7;0;0.0;1.0;1.0;1.0;A01
59154;201400039127;0;1;0;0.0;0.0;0.0;1.0;A01
59155;201400039128;0;7;0;0.0;2.0;1.0;1.0;A01
59156;201400039128;0;7;0;0.0;2.0;7.0;1.0;B01
59157;201400039129;0;7;0;0.0;2.0;0.0;10.0;A01
59158;201400039129;0;33;0;0.0;2.0;0.0;1.0;B01
59159;201400039130;0;1;0;0.0;2.0;8.0;1.0;B01
59160;201400039130;0;7;0;0.0;2.0;1.0;1.0;A01
59161;201400039131;0;37;0;0.0;1.0;0.0;7.0;A01
59162;201400039132;0;30;0;0.0;2.0;0.0;1.0;A01
59163;201400039132;0;1;0;0.0;2.0;4.0;1.0;B01
59164;201400039133;0;32;0;0.0;2.0;2.0;1.0;B01
59165;201400039133;0;10;0;0.0;2.0;2.0;10.0;A01
59166;201400039134;0;1;0;0.0;2.0;7.0;19.0;B01
59167;201400039134;0;33;0;0.0;2.0;1.0;1.0;A01
59168;201400039135;0;7;0;0.0;2.0;1.0;15.0;A01
59169;201400039135;0;7;0;0.0;2.0;3.0;1.0;B01
59170;201400039136;0;7;0;0.0;2.0;3.0;15.0;A01