;Num_Acc;senc;catv;occutc;obs;obsm;choc;manv;num_veh
59171;201400039136;0;1;0;0.0;2.0;7.0;17.0;B01
59172;201400039137;0;10;0;0.0;1.0;4.0;4.0;A01
59173;201400039139;0;30;0;0.0;2.0;2.0;1.0;A01
59174;201400039139;0;30;0;0.0;2.0;2.0;1.0;B01
59175;201400039140;0;10;0;0.0;2.0;2.0;15.0;A01
59176;201400039140;0;32;0;0.0;2.0;1.0;1.0;B01
59177;201400039141;0;7;0;0.0;1.0;2.0;17.0;A01
59178;201400039142;0;7;0;0.0;2.0;3.0;1.0;B01
59179;201400039142;0;30;0;0.0;2.0;1.0;1.0;A01
59180;201400039143;0;7;0;0.0;2.0;2.0;16.0;A01
59181;201400039143;0;1;0;0.0;2.0;1.0;1.0;B01
59182;201400039144;0;7;0;0.0;2.0;2.0;2.0;B01
59183;201400039144;0;33;0;0.0;2.0;8.0;2.0;A01
59184;201400039145;0;34;0;0.0;2.0;1.0;2.0;A01
59185;201400039145;0;7;0;0.0;2.0;4.0;2.0;B01
59186;201400039146;0;1;0;0.0;2.0;7.0;1.0;B01
59187;201400039146;0;7;0;0.0;2.0;1.0;9.0;A01
59188;201400039147;0;33;0;0.0;2.0;8.0;1.0;B01
59189;201400039147;0;7;0;0.0;2.0;2.0;15.0;A01
59190;201400039148;0;7;0;0.0;2.0;4.0;1.0;B01
59191;201400039148;0;7;0;0.0;2.0;1.0;1.0;A01
59192;201400039148;0;7;0;0.0;2.0;3.0;24.0;C01
59193;201400039149;0;7;0;0.0;2.0;1.0;1.0;B01
59194;201400039149;0;7;0;0.0;2.0;2.0;10.0;A01
59195;201400039150;0;30;0;0.0;2.0;3.0;1.0;B01
59196;201400039150;0;32;0;0.0;2.0;1.0;15.0;A01
59197;201400039151;0;2;0;0.0;2.0;1.0;17.0;B01
59198;201400039151;0;7;0;0.0;2.0;6.0;15.0;A01
59199;201400039152;0;10;0;0.0;2.0;2.0;1.0;B01
59200;201400039152;0;33;0;0.0;2.0;8.0;11.0;A01
59201;201400039153;0;7;0;0.0;2.0;3.0;10.0;A01
59202;201400039153;0;33;0;0.0;2.0;1.0;1.0;B01
59203;201400039154;0;7;0;0.0;2.0;6.0;24.0;C01
59204;201400039154;0;99;0;0.0;2.0;1.0;19.0;A01
59205;201400039154;0;7;0;0.0;2.0;7.0;1.0;B01
59206;201400039155;0;7;0;6.0;0.0;1.0;14.0;A01
59207;201400039156;0;7;0;0.0;2.0;3.0;13.0;A01
59208;201400039156;0;34;0;0.0;2.0;4.0;1.0;B01
59209;201400039157;0;7;0;0.0;1.0;1.0;1.0;A01
59210;201400039158;0;30;0;0.0;1.0;1.0;1.0;A01
59211;201400039159;0;7;0;0.0;2.0;3.0;15.0;B01
59212;201400039159;0;33;0;0.0;2.0;8.0;1.0;A01
59213;201400039160;0;7;0;0.0;1.0;4.0;4.0;A01
59214;201400039161;0;30;0;0.0;1.0;3.0;1.0;A01
59215;201400039162;0;7;0;0.0;1.0;1.0;1.0;A01
59216;201400039163;0;7;0;0.0;1.0;3.0;15.0;A01
59217;201400039164;0;7;0;0.0;2.0;1.0;2.0;C01
59218;201400039164;0;7;0;0.0;2.0;4.0;2.0;A01
59219;201400039164;0;7;0;0.0;2.0;4.0;2.0;B01
59220;201400039165;0;7;0;0.0;1.0;1.0;1.0;A01
59221;201400039166;0;7;0;0.0;1.0;1.0;15.0;A01
59222;201400039167;0;10;0;0.0;2.0;2.0;16.0;A01
59223;201400039167;0;33;0;0.0;2.0;3.0;18.0;B01
59224;201400039168;0;7;0;0.0;1.0;6.0;4.0;A01
59225;201400039169;0;7;0;0.0;1.0;4.0;4.0;A01
59226;201400039170;0;7;0;0.0;2.0;3.0;15.0;A01
59227;201400039170;0;33;0;0.0;2.0;8.0;1.0;B01
59228;201400039171;0;32;0;0.0;2.0;0.0;1.0;A01
59229;201400039171;0;7;0;0.0;2.0;0.0;12.0;B01
59230;201400039172;0;10;0;0.0;2.0;3.0;10.0;A01
59231;201400039172;0;31;0;0.0;2.0;7.0;1.0;B01
59232;201400039174;0;7;0;0.0;2.0;8.0;11.0;A01
59233;201400039174;0;32;0;0.0;2.0;1.0;1.0;B01
59234;201400039175;0;1;0;0.0;2.0;8.0;1.0;B01
59235;201400039175;0;14;0;0.0;2.0;7.0;12.0;A01
59236;201400039176;0;7;0;0.0;1.0;8.0;17.0;A01
59237;201400039177;0;7;0;0.0;2.0;0.0;12.0;A01
59238;201400039177;0;32;0;0.0;2.0;1.0;1.0;B01
59239;201400039178;0;7;0;0.0;2.0;2.0;15.0;A01
59240;201400039178;0;7;0;0.0;2.0;3.0;1.0;B01
59241;201400039179;0;7;0;0.0;1.0;2.0;1.0;A01
59242;201400039180;0;33;0;0.0;2.0;1.0;1.0;B01
59243;201400039180;0;7;0;0.0;2.0;5.0;1.0;A01
59244;201400039182;0;7;0;7.0;0.0;1.0;1.0;A01
59245;201400039183;1;34;0;0.0;1.0;7.0;21.0;A01
59246;201400039184;0;7;0;0.0;1.0;1.0;16.0;A01
59247;201400039185;0;10;0;0.0;1.0;1.0;1.0;A01
59248;201400039186;0;34;0;12.0;0.0;3.0;16.0;A01
59249;201400039187;0;37;30;0.0;2.0;2.0;2.0;B01
59250;201400039187;0;7;0;0.0;2.0;6.0;2.0;A01
59251;201400039188;0;34;0;0.0;2.0;4.0;2.0;B01
59252;201400039188;0;7;0;0.0;2.0;1.0;2.0;A01
59253;201400039189;0;32;0;0.0;1.0;1.0;1.0;A01
59254;201400039190;0;1;0;0.0;1.0;1.0;5.0;A01
59255;201400039191;0;33;0;0.0;2.0;1.0;1.0;B01
59256;201400039191;0;7;0;0.0;2.0;6.0;15.0;A01
59257;201400039192;0;7;0;0.0;1.0;2.0;1.0;A01
59258;201400039193;0;7;0;0.0;2.0;3.0;13.0;A01
59259;201400039193;0;30;0;0.0;2.0;2.0;1.0;B01
59260;201400039194;0;30;0;0.0;2.0;1.0;2.0;A01
59261;201400039194;0;7;0;0.0;2.0;4.0;2.0;B01
59262;201400039195;0;7;0;0.0;2.0;2.0;15.0;A01
59263;201400039195;0;33;0;0.0;2.0;3.0;1.0;B01
59264;201400039196;0;30;0;0.0;0.0;0.0;1.0;A01
59265;201400039198;1;7;0;0.0;1.0;1.0;0.0;A01
59266;201400039199;0;7;0;0.0;2.0;3.0;15.0;A01
59267;201400039199;0;30;0;0.0;2.0;1.0;1.0;B01
59268;201400039200;0;1;0;0.0;1.0;1.0;1.0;A01
59269;201400039201;0;10;0;0.0;2.0;2.0;10.0;A01
59270;201400039201;0;1;0;0.0;2.0;1.0;1.0;B01
59271;201400039202;1;7;0;0.0;1.0;1.0;1.0;A01
59272;201400039203;0;30;0;0.0;2.0;3.0;15.0;A01
59273;201400039203;0;7;0;0.0;2.0;2.0;1.0;B01
59274;201400039204;0;13;0;0.0;2.0;1.0;2.0;A01
59275;201400039204;0;7;0;0.0;2.0;4.0;2.0;B01
59276;201400039205;0;30;0;0.0;0.0;0.0;1.0;A01
59277;201400039206;0;30;0;0.0;2.0;1.0;17.0;A01
59278;201400039206;0;7;0;0.0;2.0;3.0;15.0;B01
59279;201400039207;1;7;0;0.0;2.0;4.0;17.0;B01
59280;201400039207;0;7;0;12.0;2.0;3.0;2.0;A01
59281;201400039208;0;7;0;7.0;0.0;1.0;1.0;A01
59282;201400039209;0;1;0;0.0;2.0;1.0;11.0;A01
59283;201400039209;0;7;0;0.0;2.0;5.0;23.0;B01
59284;201400039210;0;1;0;0.0;2.0;5.0;19.0;B01
59285;201400039210;0;7;0;0.0;2.0;3.0;1.0;A01
59286;201400039211;0;7;0;0.0;1.0;1.0;17.0;A01
59287;201400039212;0;32;0;12.0;0.0;8.0;17.0;A01
59288;201400039213;0;7;0;0.0;1.0;4.0;4.0;A01
59289;201400039214;0;30;0;12.0;0.0;0.0;21.0;A01
59290;201400039216;0;1;0;0.0;2.0;1.0;2.0;A01
59291;201400039216;0;7;0;0.0;2.0;4.0;2.0;B01
59292;201400039217;0;7;0;0.0;2.0;3.0;1.0;B01
59293;201400039217;0;7;0;0.0;2.0;8.0;1.0;C01
59294;201400039217;0;7;0;0.0;2.0;6.0;1.0;D01
59295;201400039217;0;7;0;0.0;2.0;3.0;19.0;A01
59296;201400039218;0;30;0;0.0;2.0;8.0;1.0;B01
59297;201400039218;0;32;0;0.0;2.0;8.0;13.0;A01
59298;201400039219;0;30;0;0.0;0.0;0.0;16.0;A01
59299;201400039220;0;1;0;1.0;0.0;1.0;1.0;A01
59300;201400039221;0;31;0;0.0;0.0;2.0;1.0;A01
59301;201400039222;0;30;0;0.0;2.0;1.0;9.0;A01
59302;201400039222;0;7;0;0.0;2.0;2.0;1.0;B01
59303;201400039223;0;32;0;0.0;0.0;8.0;1.0;A01
59304;201400039224;0;33;0;0.0;2.0;4.0;23.0;B01
59305;201400039224;0;7;0;0.0;2.0;1.0;2.0;A01
59306;201400039226;0;30;0;0.0;1.0;1.0;1.0;A01
59307;201400039227;0;7;0;0.0;1.0;2.0;1.0;A01
59308;201400039228;0;7;0;0.0;1.0;1.0;15.0;A01
59309;201400039229;0;30;0;0.0;2.0;1.0;2.0;A01
59310;201400039229;0;7;0;0.0;2.0;4.0;23.0;B01
59311;201400039230;0;7;0;0.0;2.0;3.0;15.0;A01
59312;201400039230;0;1;0;0.0;2.0;3.0;19.0;B01
59313;201400039232;0;7;0;0.0;2.0;4.0;2.0;B01
59314;201400039232;0;37;42;0.0;2.0;1.0;2.0;A01
59315;201400039233;0;1;0;0.0;2.0;1.0;2.0;A01
59316;201400039233;0;7;0;0.0;2.0;4.0;20.0;B01
59317;201400039234;0;30;0;0.0;1.0;1.0;16.0;A01
59318;201400039235;0;32;0;0.0;1.0;1.0;1.0;A01
59319;201400039236;0;7;0;0.0;1.0;2.0;1.0;A01
59320;201400039237;0;33;0;0.0;1.0;3.0;1.0;A01
59321;201400039238;0;7;0;0.0;2.0;3.0;1.0;B01
59322;201400039238;0;33;0;0.0;2.0;1.0;1.0;A01
59323;201400039239;0;7;0;0.0;1.0;1.0;1.0;A01
59324;201400039240;0;7;0;0.0;2.0;2.0;10.0;A01
59325;201400039240;0;33;0;0.0;2.0;1.0;1.0;B01
59326;201400039241;0;7;0;0.0;1.0;7.0;1.0;A01
59327;201400039243;0;7;0;9.0;0.0;1.0;1.0;A01
59328;201400039245;0;7;0;0.0;1.0;2.0;1.0;A01
59329;201400039246;0;7;0;0.0;2.0;2.0;1.0;B01
59330;201400039246;0;30;0;0.0;2.0;1.0;1.0;A01
59331;201400039248;0;10;0;0.0;1.0;1.0;1.0;A01
59332;201400039249;0;10;0;0.0;2.0;4.0;2.0;B01
59333;201400039249;0;33;0;0.0;2.0;1.0;3.0;A01
59334;201400039250;0;7;0;12.0;0.0;2.0;1.0;A01
59335;201400039251;0;34;0;0.0;1.0;1.0;9.0;A01
59336;201400039252;0;7;0;0.0;2.0;4.0;2.0;B01
59337;201400039252;0;34;0;0.0;2.0;1.0;2.0;A01
59338;201400039253;0;7;0;0.0;2.0;3.0;1.0;A01
59339;201400039253;0;1;0;0.0;2.0;1.0;19.0;B01
59340;201400039254;0;30;0;0.0;2.0;7.0;1.0;B01
59341;201400039254;0;7;0;0.0;2.0;8.0;10.0;A01
59342;201400039256;0;7;0;0.0;2.0;0.0;17.0;A01
59343;201400039256;0;31;0;0.0;0.0;8.0;21.0;B01
59344;201400039257;0;30;0;0.0;2.0;1.0;9.0;A01
59345;201400039257;0;37;60;0.0;2.0;3.0;1.0;B01
59346;201400039258;0;30;0;0.0;2.0;1.0;1.0;A01
59347;201400039258;0;7;0;0.0;2.0;3.0;1.0;B01
59348;201400039259;0;1;0;0.0;1.0;1.0;1.0;A01
59349;201400039260;0;30;0;0.0;0.0;0.0;1.0;A01
59350;201400039261;0;31;0;0.0;0.0;7.0;1.0;A01
59351;201400039263;0;7;0;0.0;2.0;3.0;1.0;A01
59352;201400039263;0;1;0;0.0;2.0;4.0;1.0;B01
59353;201400039264;0;7;0;6.0;0.0;2.0;16.0;A01
59354;201400039266;0;7;0;0.0;2.0;3.0;1.0;A01
59355;201400039266;0;1;0;0.0;2.0;4.0;1.0;B01
59356;201400039267;0;10;0;0.0;2.0;1.0;1.0;A01
59357;201400039267;0;7;0;0.0;2.0;4.0;1.0;B01
59358;201400039268;0;7;0;0.0;2.0;1.0;15.0;A01
59359;201400039268;0;34;0;0.0;2.0;7.0;15.0;B01
59360;201400039269;0;1;0;0.0;2.0;1.0;1.0;A01
59361;201400039269;0;7;0;0.0;2.0;3.0;15.0;B01
59362;201400039270;0;1;0;0.0;2.0;7.0;1.0;B01
59363;201400039270;0;7;0;0.0;2.0;1.0;15.0;A01
59364;201400039272;0;33;0;0.0;1.0;1.0;1.0;A01
59365;201400039273;0;32;0;0.0;2.0;5.0;1.0;B01
59366;201400039273;0;7;0;0.0;2.0;3.0;2.0;A01
59367;201400039274;0;7;0;1.0;0.0;1.0;1.0;A01
59368;201400039275;0;30;0;0.0;2.0;8.0;1.0;B01
59369;201400039275;0;7;0;0.0;2.0;2.0;15.0;A01
59370;201400039276;0;7;0;0.0;2.0;3.0;9.0;A01
59371;201400039276;0;30;0;0.0;2.0;7.0;3.0;B01
59372;201400039277;0;7;0;0.0;2.0;3.0;2.0;A01
59373;201400039277;0;33;0;0.0;2.0;4.0;3.0;B01
59374;201400039278;0;7;0;0.0;2.0;1.0;15.0;A01
59375;201400039278;0;7;0;0.0;2.0;1.0;1.0;B01
59376;201400039279;0;2;0;0.0;0.0;1.0;1.0;A01
59377;201400039280;0;7;0;0.0;2.0;4.0;2.0;B01
59378;201400039280;0;7;0;0.0;2.0;4.0;2.0;C01
59379;201400039280;0;7;0;0.0;2.0;1.0;1.0;A01
59380;201400039281;0;7;0;0.0;2.0;3.0;15.0;B01
59381;201400039281;0;33;0;0.0;2.0;1.0;15.0;A01
59382;201400039282;0;7;0;0.0;2.0;8.0;24.0;A01
59383;201400039282;0;1;0;1.0;0.0;1.0;1.0;B01
59384;201400039284;0;7;0;0.0;2.0;1.0;1.0;A01
59385;201400039284;0;37;1;0.0;2.0;1.0;1.0;B01
59386;201400039285;0;10;0;0.0;2.0;2.0;1.0;A01
59387;201400039285;0;7;0;0.0;2.0;1.0;1.0;B01
59388;201400039286;0;32;0;1.0;2.0;1.0;1.0;A01
59389;201400039286;0;7;0;0.0;2.0;4.0;23.0;B01
59390;201400039287;0;14;0;0.0;2.0;3.0;13.0;A01
59391;201400039287;0;32;0;0.0;2.0;3.0;23.0;B01
59392;201400039288;0;2;0;0.0;2.0;1.0;1.0;B01
59393;201400039288;0;13;0;0.0;2.0;3.0;15.0;A01
59394;201400039289;0;7;0;0.0;2.0;8.0;15.0;A01
59395;201400039289;0;2;0;0.0;2.0;1.0;17.0;B01
59396;201400039290;0;1;0;0.0;2.0;1.0;1.0;B01
59397;201400039290;0;7;0;0.0;2.0;3.0;15.0;A01
59398;201400039291;0;33;0;10.0;0.0;8.0;13.0;A01
59399;201400039294;0;2;0;0.0;2.0;4.0;1.0;B01
59400;201400039294;0;7;0;0.0;2.0;1.0;2.0;A01
59401;201400039295;0;1;0;0.0;2.0;1.0;5.0;A01
59402;201400039295;0;7;0;0.0;2.0;5.0;16.0;B01
59403;201400039296;0;7;0;0.0;1.0;1.0;17.0;A01
59404;201400039297;0;32;0;0.0;0.0;0.0;1.0;A01
59405;201400039298;0;7;0;0.0;2.0;8.0;13.0;A01
59406;201400039298;0;2;0;0.0;2.0;2.0;17.0;B01
59407;201400039299;0;30;0;0.0;2.0;1.0;1.0;B01
59408;201400039299;0;7;0;0.0;2.0;5.0;15.0;A01
59409;201400039301;0;7;0;0.0;2.0;1.0;2.0;A01
59410;201400039301;0;1;0;0.0;2.0;4.0;1.0;B01
59411;201400039302;0;7;0;0.0;2.0;2.0;1.0;A01
59412;201400039302;0;7;0;0.0;2.0;8.0;1.0;B01
59413;201400039303;0;7;0;0.0;2.0;3.0;1.0;B01
59414;201400039303;0;33;0;0.0;2.0;1.0;13.0;A01
59415;201400039304;0;7;0;0.0;2.0;4.0;1.0;C01
59416;201400039304;0;10;0;0.0;2.0;4.0;1.0;B01
59417;201400039304;0;7;0;0.0;2.0;1.0;2.0;A01
59418;201400039305;0;2;0;0.0;2.0;1.0;2.0;A01
59419;201400039305;0;7;0;0.0;2.0;4.0;1.0;B01
59420;201400039306;0;7;0;1.0;0.0;1.0;1.0;A01
59421;201400039307;0;33;0;0.0;2.0;1.0;1.0;A01
59422;201400039308;0;7;0;0.0;1.0;1.0;1.0;A01
59423;201400039310;0;32;0;0.0;2.0;1.0;1.0;B01
59424;201400039310;0;7;0;0.0;2.0;1.0;5.0;A01
59425;201400039311;0;7;0;0.0;1.0;3.0;1.0;A01
59426;201400039312;0;7;0;0.0;2.0;4.0;1.0;B01
59427;201400039312;0;7;0;0.0;2.0;1.0;2.0;A01
59428;201400039313;0;32;0;0.0;0.0;1.0;16.0;A01
59429;201400039314;1;7;0;0.0;2.0;8.0;15.0;A01
59430;201400039314;0;33;0;0.0;2.0;1.0;2.0;B01
59431;201400039315;0;33;0;11.0;0.0;1.0;17.0;A01
59432;201400039316;0;30;0;0.0;0.0;1.0;1.0;A01
59433;201400039317;0;32;0;0.0;2.0;1.0;16.0;A01
59434;201400039317;0;1;0;0.0;2.0;5.0;7.0;B01
59435;201400039318;0;1;0;0.0;2.0;1.0;13.0;B01
59436;201400039318;0;7;0;0.0;2.0;7.0;17.0;A01
59437;201400039319;0;33;0;0.0;2.0;1.0;1.0;B01
59438;201400039319;0;7;0;0.0;2.0;2.0;9.0;A01
59439;201400039321;0;7;0;0.0;1.0;3.0;15.0;A01
59440;201400039322;0;30;0;0.0;2.0;1.0;1.0;B01
59441;201400039322;0;7;0;0.0;2.0;3.0;13.0;A01
59442;201400039323;0;7;0;0.0;1.0;2.0;1.0;A01
59443;201400039324;0;7;0;0.0;2.0;8.0;24.0;A01
59444;201400039324;0;1;0;1.0;0.0;1.0;1.0;B01
59445;201400039325;0;7;0;0.0;1.0;2.0;1.0;A01
59446;201400039326;0;32;0;0.0;2.0;1.0;1.0;A01
59447;201400039327;0;31;0;0.0;2.0;3.0;21.0;A01
59448;201400039327;0;7;0;0.0;2.0;0.0;1.0;B01
59449;201400039328;0;32;0;0.0;2.0;1.0;1.0;B01
59450;201400039328;0;7;0;0.0;2.0;2.0;15.0;A01
59451;201400039329;0;7;0;0.0;2.0;8.0;24.0;A01
59452;201400039329;0;1;0;1.0;0.0;1.0;1.0;B01
59453;201400039330;0;30;0;0.0;0.0;1.0;21.0;A01
59454;201400039331;0;7;0;0.0;2.0;1.0;2.0;A01
59455;201400039331;0;34;0;0.0;1.0;4.0;23.0;B01
59456;201400039332;0;2;0;0.0;0.0;1.0;17.0;A01
59457;201400039333;0;31;0;0.0;1.0;1.0;9.0;A01
59458;201400039334;0;1;0;0.0;2.0;1.0;2.0;A01
59459;201400039334;0;7;0;0.0;2.0;4.0;23.0;B01
59460;201400039335;0;7;0;0.0;2.0;1.0;1.0;A01
59461;201400039335;0;7;0;0.0;2.0;7.0;1.0;B01
59462;201400039336;0;7;0;0.0;2.0;2.0;10.0;A01
59463;201400039336;0;33;0;0.0;2.0;1.0;1.0;B01
59464;201400039338;0;7;0;0.0;1.0;1.0;9.0;A01
59465;201400039339;0;7;0;0.0;2.0;3.0;1.0;B01
59466;201400039339;0;2;0;0.0;2.0;1.0;17.0;A01
59467;201400039340;0;32;0;0.0;2.0;4.0;23.0;C01
59468;201400039340;0;7;0;0.0;2.0;4.0;2.0;B01
59469;201400039340;0;7;0;0.0;2.0;2.0;2.0;A01
59470;201400039341;0;1;0;1.0;0.0;0.0;1.0;B01
59471;201400039341;0;7;0;0.0;2.0;8.0;24.0;A01
59472;201400039342;0;33;0;0.0;1.0;1.0;1.0;A01
59473;201400039343;0;7;0;0.0;2.0;6.0;10.0;A01
59474;201400039343;0;33;0;0.0;2.0;1.0;1.0;B01
59475;201400039344;0;7;0;0.0;1.0;3.0;9.0;A01
59476;201400039345;0;33;0;0.0;2.0;1.0;1.0;B01
59477;201400039345;0;7;0;0.0;2.0;8.0;15.0;A01
59478;201400039346;0;30;0;0.0;0.0;0.0;1.0;A01
59479;201400039347;0;7;0;0.0;2.0;6.0;10.0;A01
59480;201400039347;0;30;0;0.0;2.0;1.0;17.0;B01
59481;201400039348;0;2;0;0.0;2.0;1.0;1.0;B01
59482;201400039348;0;7;0;0.0;2.0;7.0;15.0;A01
59483;201400039349;0;7;0;0.0;1.0;1.0;15.0;A01
59484;201400039350;0;34;0;0.0;1.0;1.0;1.0;A01
59485;201400039351;0;33;0;0.0;2.0;1.0;1.0;A01
59486;201400039351;0;7;0;0.0;2.0;6.0;15.0;B01
59487;201400039352;0;7;0;0.0;1.0;0.0;1.0;A01
59488;201400039353;0;7;0;0.0;2.0;4.0;1.0;B02
59489;201400039353;0;32;0;0.0;2.0;1.0;2.0;A01
59490;201400039354;0;7;0;11.0;0.0;0.0;0.0;A01
59491;201400039355;0;7;0;0.0;1.0;1.0;1.0;A01
59492;201400039356;0;7;0;0.0;1.0;0.0;1.0;A01
59493;201400039357;0;7;0;0.0;1.0;1.0;16.0;A01
59494;201400039358;0;7;0;0.0;0.0;3.0;1.0;A01
59495;201400039359;0;2;0;0.0;2.0;2.0;5.0;A01
59496;201400039359;0;34;0;0.0;2.0;1.0;16.0;B01
59497;201400039360;0;33;0;0.0;2.0;2.0;0.0;B01
59498;201400039360;0;7;0;0.0;2.0;8.0;1.0;A01
59499;201400039361;0;7;0;0.0;2.0;1.0;0.0;B01
59500;201400039361;0;7;0;0.0;2.0;2.0;0.0;A01
59501;201400039362;0;34;0;0.0;1.0;1.0;1.0;A01
59502;201400039363;0;30;0;0.0;2.0;1.0;1.0;B01
59503;201400039363;0;7;0;0.0;2.0;1.0;15.0;A01
59504;201400039364;0;32;0;0.0;2.0;1.0;10.0;B01
59505;201400039364;0;7;0;0.0;2.0;6.0;15.0;A01
59506;201400039365;0;7;0;0.0;2.0;7.0;15.0;A01
59507;201400039365;0;2;0;0.0;2.0;1.0;1.0;B01
59508;201400039366;0;7;0;0.0;2.0;1.0;2.0;A01
59509;201400039366;0;10;0;0.0;2.0;4.0;23.0;B01
59510;201400039367;0;7;0;0.0;2.0;1.0;1.0;A01
59511;201400039367;0;2;0;0.0;2.0;6.0;15.0;B01
59512;201400039368;0;7;0;0.0;1.0;2.0;1.0;A01
59513;201400039369;0;7;0;0.0;2.0;3.0;15.0;A01
59514;201400039369;0;2;0;0.0;2.0;1.0;17.0;B01
59515;201400039371;0;7;0;0.0;0.0;4.0;1.0;B01
59516;201400039371;0;7;0;0.0;0.0;1.0;1.0;A01
59517;201400039372;0;7;0;14.0;0.0;1.0;1.0;A01
59518;201400039373;0;34;0;0.0;2.0;1.0;1.0;A01
59519;201400039373;0;7;0;0.0;2.0;3.0;1.0;B01
59520;201400039374;0;7;0;15.0;0.0;2.0;1.0;A01
59521;201400039375;0;32;0;0.0;2.0;0.0;1.0;A01
59522;201400039375;0;7;0;0.0;0.0;0.0;20.0;B01
59523;201400039376;0;7;0;0.0;2.0;1.0;15.0;B01
59524;201400039376;0;7;0;0.0;2.0;1.0;1.0;A01
59525;201400039377;1;10;0;0.0;1.0;0.0;15.0;Z01
59526;201400039378;0;2;0;1.0;0.0;7.0;1.0;B01
59527;201400039379;0;7;0;0.0;1.0;2.0;1.0;A01
59528;201400039380;0;2;0;0.0;2.0;1.0;1.0;A01
59529;201400039380;0;7;0;0.0;2.0;5.0;16.0;B01
59530;201400039381;0;7;0;0.0;1.0;1.0;1.0;A01
59531;201400039383;0;7;0;0.0;2.0;1.0;2.0;A01
59532;201400039383;0;7;0;0.0;2.0;4.0;2.0;B01
59533;201400039384;0;7;0;0.0;1.0;1.0;1.0;A01
59534;201400039385;0;31;0;0.0;2.0;1.0;2.0;A01
59535;201400039385;0;7;0;0.0;0.0;6.0;2.0;B01
59536;201400039386;0;7;0;0.0;1.0;3.0;2.0;A01
59537;201400039388;0;31;0;0.0;2.0;3.0;21.0;A01
59538;201400039388;0;7;0;0.0;2.0;7.0;20.0;B01
59539;201400039389;0;30;0;0.0;2.0;1.0;0.0;A01
59540;201400039389;0;7;0;0.0;2.0;3.0;16.0;B01
59541;201400039390;0;2;0;14.0;0.0;2.0;2.0;A01
59542;201400039390;1;7;0;0.0;0.0;0.0;0.0;Z01
59543;201400039391;0;7;0;0.0;1.0;6.0;1.0;A01
59544;201400039392;0;7;0;0.0;1.0;6.0;1.0;A01
59545;201400039393;0;7;0;0.0;2.0;1.0;1.0;A01
59546;201400039393;0;7;0;0.0;2.0;6.0;1.0;B01
59547;201400039394;0;7;0;12.0;2.0;7.0;1.0;B01
59548;201400039394;0;7;0;0.0;2.0;1.0;19.0;A01
59549;201400039395;0;2;0;1.0;0.0;1.0;13.0;A01
59550;201400039395;1;7;0;0.0;2.0;5.0;0.0;B01
59551;201400039396;0;7;0;1.0;2.0;3.0;1.0;C01
59552;201400039396;0;7;0;0.0;2.0;4.0;1.0;B01
59553;201400039396;0;7;0;0.0;2.0;1.0;1.0;A01
59554;201400039397;0;7;0;0.0;2.0;3.0;1.0;A01
59555;201400039397;0;33;0;0.0;2.0;0.0;1.0;B01
59556;201400039398;0;33;0;0.0;1.0;0.0;1.0;A01
59557;201400039399;0;7;0;0.0;0.0;4.0;2.0;B01
59558;201400039399;0;7;0;0.0;0.0;1.0;2.0;A01
59559;201400039400;0;7;0;0.0;1.0;1.0;1.0;A01
59560;201400039401;0;7;0;0.0;1.0;1.0;1.0;A01
59561;201400039402;0;7;0;0.0;2.0;8.0;16.0;B01
59562;201400039402;0;7;0;0.0;2.0;7.0;0.0;C01
59563;201400039402;2;7;0;0.0;2.0;1.0;2.0;A01
59564;201400039403;0;7;0;0.0;2.0;2.0;1.0;A01
59565;201400039403;0;31;0;0.0;2.0;6.0;1.0;B01
59566;201400039404;0;7;0;0.0;2.0;3.0;15.0;B01
59567;201400039404;0;30;0;0.0;2.0;1.0;17.0;A01
59568;201400039405;0;33;0;0.0;1.0;2.0;16.0;A01
59569;201400039406;0;33;0;3.0;0.0;7.0;18.0;A01
59570;201400039407;0;7;0;0.0;2.0;3.0;10.0;A01
59571;201400039407;0;30;0;0.0;2.0;1.0;1.0;B01
59572;201400039408;0;7;0;0.0;1.0;2.0;16.0;A01
59573;201400039409;0;1;0;0.0;2.0;1.0;19.0;B01
59574;201400039409;0;7;0;0.0;2.0;1.0;16.0;A01
59575;201400039410;0;33;0;0.0;0.0;0.0;1.0;A01
59576;201400039411;0;7;0;0.0;1.0;1.0;16.0;A01
59577;201400039412;1;7;0;0.0;1.0;0.0;0.0;Z01
59578;201400039413;0;7;0;0.0;2.0;3.0;16.0;A01
59579;201400039413;0;7;0;0.0;2.0;1.0;1.0;B01
59580;201400039414;0;7;0;0.0;2.0;3.0;9.0;A01
59581;201400039414;0;33;0;0.0;2.0;1.0;1.0;B01
59582;201400039415;0;7;0;0.0;2.0;5.0;1.0;B01
59583;201400039415;0;7;0;0.0;2.0;3.0;9.0;A01
59584;201400039416;0;7;0;0.0;1.0;1.0;15.0;A01
59585;201400039417;0;34;0;0.0;2.0;1.0;1.0;B01
59586;201400039417;0;7;0;0.0;2.0;6.0;15.0;A01
59587;201400039418;0;7;0;0.0;1.0;1.0;0.0;A01
59588;201400039419;0;7;0;0.0;2.0;5.0;1.0;A01
59589;201400039419;0;33;0;0.0;2.0;6.0;18.0;B01