;Num_Acc;senc;catv;occutc;obs;obsm;choc;manv;num_veh
60010;201400039711;0;32;0;0.0;2.0;1.0;2.0;A01
60011;201400039711;0;14;0;0.0;2.0;5.0;15.0;B01
60012;201400039712;0;7;0;0.0;1.0;3.0;1.0;A01
60013;201400039713;0;33;0;0.0;0.0;0.0;0.0;B01
60014;201400039713;0;7;0;0.0;0.0;0.0;0.0;A01
60015;201400039714;0;34;0;0.0;1.0;1.0;17.0;A01
60016;201400039715;0;2;0;0.0;2.0;1.0;1.0;A01
60017;201400039715;0;7;0;0.0;2.0;5.0;1.0;B01
60018;201400039716;0;7;0;0.0;0.0;0.0;0.0;B01
60019;201400039716;0;1;0;0.0;0.0;0.0;0.0;A01
60020;201400039717;0;7;0;0.0;2.0;1.0;15.0;A01
60021;201400039717;0;30;0;0.0;2.0;8.0;0.0;B01
60022;201400039718;0;30;0;0.0;2.0;1.0;0.0;A01
60023;201400039718;0;7;0;0.0;2.0;8.0;15.0;B01
60024;201400039719;0;7;0;0.0;0.0;0.0;0.0;B01
60025;201400039719;0;30;0;0.0;0.0;0.0;0.0;A01
60026;201400039720;0;7;0;0.0;1.0;1.0;2.0;A01
60027;201400039721;0;34;0;0.0;2.0;1.0;1.0;B01
60028;201400039721;0;7;0;0.0;2.0;2.0;15.0;A01
60029;201400039722;0;7;0;0.0;2.0;3.0;1.0;A01
60030;201400039722;0;7;0;0.0;2.0;1.0;1.0;B01
60031;201400039723;0;7;0;0.0;2.0;6.0;2.0;B01
60032;201400039723;0;7;0;0.0;2.0;1.0;2.0;C01
60033;201400039723;0;7;0;0.0;2.0;4.0;2.0;A01
60034;201400039724;0;7;0;0.0;2.0;1.0;1.0;A01
60035;201400039724;0;32;0;0.0;2.0;3.0;1.0;B01
60036;201400039725;0;7;0;0.0;0.0;0.0;1.0;A01
60037;201400039725;0;7;0;0.0;2.0;8.0;1.0;B01
60038;201400039726;0;7;0;0.0;2.0;8.0;15.0;B01
60039;201400039727;0;1;0;0.0;2.0;1.0;1.0;B01
60040;201400039727;0;7;0;0.0;2.0;2.0;16.0;A01
60041;201400039728;0;30;0;0.0;2.0;1.0;2.0;A01
60042;201400039728;0;7;0;0.0;2.0;7.0;16.0;B01
60043;201400039729;0;7;0;0.0;2.0;7.0;23.0;A01
60044;201400039729;0;1;0;0.0;2.0;1.0;18.0;B01
60045;201400039730;0;2;0;0.0;1.0;1.0;1.0;A01
60046;201400039731;0;1;0;0.0;2.0;8.0;2.0;A01
60047;201400039731;1;31;0;0.0;2.0;0.0;2.0;B01
60048;201400039733;0;37;0;0.0;2.0;1.0;1.0;A01
60049;201400039733;0;10;0;0.0;2.0;7.0;16.0;B01
60050;201400039734;0;7;0;0.0;2.0;3.0;15.0;A01
60051;201400039734;0;33;0;0.0;2.0;7.0;2.0;B01
60052;201400039735;0;2;0;0.0;2.0;8.0;2.0;B01
60053;201400039735;1;7;0;0.0;2.0;1.0;2.0;A01
60054;201400039736;0;7;0;0.0;2.0;2.0;15.0;A01
60055;201400039736;0;7;0;0.0;2.0;1.0;1.0;B01
60056;201400039737;0;30;0;0.0;2.0;5.0;17.0;B01
60057;201400039737;0;7;0;0.0;2.0;3.0;2.0;A01
60058;201400039738;0;7;0;0.0;2.0;2.0;15.0;A01
60059;201400039738;0;7;0;6.0;2.0;3.0;1.0;B01
60060;201400039739;2;7;0;0.0;2.0;1.0;2.0;A01
60061;201400039739;0;7;0;0.0;2.0;4.0;2.0;B01
60062;201400039742;0;33;0;0.0;2.0;7.0;2.0;A01
60063;201400039742;0;7;0;0.0;2.0;4.0;23.0;B01
60064;201400039743;0;7;0;0.0;2.0;3.0;24.0;C01
60065;201400039743;0;2;0;1.0;2.0;3.0;1.0;A01
60066;201400039743;0;7;0;0.0;2.0;5.0;23.0;B01
60067;201400039744;1;30;0;0.0;2.0;0.0;0.0;A01
60068;201400039744;0;7;0;0.0;2.0;4.0;2.0;B01
60069;201400039745;0;30;0;0.0;2.0;3.0;1.0;B01
60070;201400039745;0;7;0;0.0;2.0;2.0;15.0;A01
60071;201400039746;0;32;0;0.0;2.0;7.0;17.0;B01
60072;201400039747;0;30;0;0.0;1.0;0.0;1.0;A01
60073;201400039748;0;33;0;0.0;2.0;5.0;16.0;A01
60074;201400039748;0;7;0;0.0;2.0;1.0;1.0;B01
60075;201400039749;0;30;0;0.0;2.0;8.0;2.0;B01
60076;201400039749;0;7;0;0.0;2.0;1.0;15.0;A01
60077;201400039751;0;7;0;0.0;2.0;1.0;1.0;A01
60078;201400039751;0;7;0;0.0;2.0;4.0;1.0;B01
60079;201400039752;0;33;0;0.0;2.0;8.0;16.0;B01
60080;201400039753;0;7;0;0.0;1.0;0.0;0.0;A01
60081;201400039754;0;33;0;0.0;1.0;1.0;1.0;A01
60082;201400039755;0;7;0;0.0;2.0;8.0;15.0;A01
60083;201400039755;0;33;0;0.0;2.0;1.0;2.0;B01
60084;201400039756;0;7;0;0.0;2.0;1.0;15.0;A01
60085;201400039756;0;7;0;0.0;2.0;8.0;1.0;B01
60086;201400039757;0;32;0;0.0;2.0;1.0;17.0;A01
60087;201400039757;0;7;0;0.0;2.0;6.0;15.0;B01
60088;201400039759;0;7;0;0.0;2.0;1.0;1.0;B01
60089;201400039759;0;7;0;0.0;2.0;1.0;1.0;A01
60090;201400039760;0;7;0;0.0;2.0;1.0;12.0;A01
60091;201400039760;0;7;0;0.0;2.0;2.0;1.0;B01
60092;201400039762;0;32;0;0.0;2.0;1.0;1.0;B01
60093;201400039762;0;7;0;0.0;2.0;2.0;15.0;A01
60094;201400039763;0;7;0;0.0;1.0;1.0;1.0;A01
60095;201400039764;0;7;0;0.0;2.0;4.0;4.0;A01
60096;201400039764;0;37;0;0.0;2.0;8.0;2.0;B01
60097;201400039765;0;40;0;0.0;1.0;8.0;1.0;A01
60098;201400039767;0;7;0;0.0;2.0;2.0;2.0;A01
60099;201400039767;0;1;0;0.0;2.0;8.0;19.0;B01
60100;201400039769;0;33;0;0.0;2.0;8.0;2.0;B01
60101;201400039769;0;7;0;0.0;2.0;3.0;15.0;A01
60102;201400039770;0;7;0;0.0;2.0;2.0;15.0;A01
60103;201400039770;0;7;0;0.0;2.0;1.0;1.0;B01
60104;201400039771;0;7;0;0.0;2.0;4.0;1.0;B01
60105;201400039771;0;2;0;0.0;2.0;1.0;2.0;A01
60106;201400039772;0;32;0;0.0;2.0;1.0;2.0;A01
60107;201400039772;0;7;0;0.0;2.0;4.0;2.0;B01
60108;201400039773;0;33;0;8.0;2.0;1.0;1.0;A01
60109;201400039773;1;7;0;0.0;2.0;1.0;1.0;B01
60110;201400039774;0;32;0;0.0;2.0;4.0;1.0;C01
60111;201400039774;0;7;0;0.0;2.0;1.0;1.0;A01
60112;201400039774;0;7;0;0.0;2.0;4.0;1.0;B01
60113;201400039774;0;7;0;0.0;2.0;4.0;23.0;D01
60114;201400039775;0;7;0;0.0;2.0;1.0;2.0;A01
60115;201400039775;0;3;0;0.0;2.0;4.0;2.0;B01
60116;201400039776;0;7;0;0.0;2.0;4.0;1.0;B01
60117;201400039776;0;7;0;0.0;2.0;1.0;1.0;A01
60118;201400039777;0;30;0;0.0;2.0;2.0;17.0;B01
60119;201400039777;0;7;0;0.0;2.0;3.0;15.0;A01
60120;201400039778;0;34;0;0.0;2.0;5.0;2.0;A01
60121;201400039778;1;7;0;0.0;2.0;1.0;0.0;B01
60122;201400039779;0;7;0;0.0;1.0;3.0;1.0;A01
60123;201400039780;0;7;0;0.0;2.0;4.0;2.0;B01
60124;201400039780;0;30;0;1.0;0.0;1.0;2.0;A01
60125;201400039781;0;34;0;8.0;1.0;1.0;1.0;A01
60126;201400039782;0;7;0;6.0;2.0;3.0;1.0;B01
60127;201400039782;0;7;0;1.0;0.0;6.0;15.0;A01
60128;201400039783;0;7;0;0.0;2.0;1.0;15.0;B01
60129;201400039783;0;10;0;1.0;2.0;3.0;1.0;A01
60130;201400039785;0;7;0;0.0;2.0;7.0;1.0;B01
60131;201400039785;0;1;0;0.0;2.0;1.0;19.0;A01
60132;201400039786;0;7;0;0.0;2.0;1.0;15.0;A01
60133;201400039786;0;32;0;0.0;2.0;1.0;1.0;B01
60134;201400039787;0;7;0;0.0;2.0;2.0;15.0;A01
60135;201400039787;0;3;0;0.0;2.0;3.0;2.0;B01
60136;201400039788;1;32;0;9.0;1.0;1.0;1.0;A01
60137;201400039789;0;30;0;0.0;0.0;0.0;1.0;A01
60138;201400039790;1;7;0;0.0;0.0;0.0;0.0;B01
60139;201400039790;0;30;0;0.0;2.0;0.0;24.0;A01
60140;201400039791;0;34;0;8.0;2.0;8.0;1.0;B01
60141;201400039791;0;7;0;0.0;2.0;7.0;16.0;A01
60142;201400039792;0;34;0;0.0;2.0;1.0;17.0;A01
60143;201400039792;0;7;0;0.0;2.0;3.0;1.0;B01
60144;201400039793;0;7;0;0.0;2.0;1.0;2.0;A01
60145;201400039793;0;34;0;0.0;2.0;7.0;2.0;C01
60146;201400039793;0;7;0;0.0;2.0;8.0;15.0;B01
60147;201400039795;0;7;0;0.0;2.0;3.0;9.0;A01
60148;201400039795;0;7;0;0.0;2.0;2.0;1.0;B01
60149;201400039796;0;10;0;0.0;2.0;1.0;15.0;A01
60150;201400039796;0;37;0;0.0;2.0;1.0;1.0;B01
60151;201400039797;1;7;0;0.0;1.0;0.0;0.0;A01
60152;201400039798;0;30;0;0.0;2.0;1.0;2.0;A01
60153;201400039798;0;7;0;0.0;2.0;5.0;2.0;B01
60154;201400039799;0;32;0;0.0;0.0;0.0;1.0;A01
60155;201400039800;0;1;0;0.0;2.0;4.0;10.0;A01
60156;201400039800;0;32;0;0.0;2.0;1.0;1.0;B01
60157;201400039801;0;34;0;0.0;0.0;0.0;1.0;A01
60158;201400039802;0;10;0;0.0;2.0;3.0;15.0;A01
60159;201400039802;0;7;0;0.0;2.0;1.0;15.0;B01
60160;201400039803;0;7;0;0.0;2.0;1.0;1.0;A01
60161;201400039803;0;7;0;0.0;2.0;5.0;1.0;B01
60162;201400039804;0;7;0;12.0;2.0;2.0;1.0;A01
60163;201400039804;0;7;0;0.0;2.0;3.0;9.0;B01
60164;201400039805;0;34;0;0.0;1.0;1.0;1.0;A01
60165;201400039806;0;32;0;0.0;0.0;7.0;1.0;A01
60166;201400039808;0;7;0;0.0;2.0;8.0;10.0;A01
60167;201400039808;0;33;0;0.0;2.0;7.0;1.0;B01
60168;201400039809;0;7;0;0.0;2.0;5.0;1.0;A01
60169;201400039809;0;34;0;0.0;2.0;1.0;16.0;B01
60170;201400039810;0;33;0;9.0;2.0;7.0;1.0;B01
60171;201400039810;0;7;0;0.0;2.0;8.0;1.0;A01
60172;201400039811;0;30;0;0.0;2.0;1.0;5.0;A01
60173;201400039811;0;7;0;0.0;2.0;3.0;1.0;B01
60174;201400039812;0;7;0;0.0;2.0;4.0;0.0;A01
60175;201400039812;0;7;0;0.0;2.0;1.0;1.0;B01
60176;201400039813;0;30;0;0.0;2.0;1.0;1.0;B01
60177;201400039813;0;7;0;0.0;2.0;2.0;15.0;A01
60178;201400039814;0;33;0;0.0;2.0;4.0;2.0;B01
60179;201400039814;0;7;0;0.0;2.0;1.0;2.0;A01
60180;201400039815;0;33;0;0.0;1.0;1.0;16.0;A01
60181;201400039817;0;31;0;0.0;2.0;1.0;2.0;A01
60182;201400039817;0;7;0;0.0;2.0;4.0;2.0;B01
60183;201400039818;0;7;0;0.0;2.0;2.0;15.0;A01
60184;201400039818;0;32;0;0.0;2.0;2.0;1.0;B01
60185;201400039819;0;7;0;0.0;1.0;1.0;1.0;A01
60186;201400039820;0;7;0;0.0;2.0;3.0;15.0;A01
60187;201400039820;0;31;0;0.0;2.0;1.0;1.0;B01
60188;201400039821;0;30;0;0.0;2.0;7.0;1.0;B01
60189;201400039821;0;7;0;0.0;2.0;3.0;10.0;A01
60190;201400039823;0;7;0;0.0;1.0;2.0;1.0;A01
60191;201400039824;0;33;0;0.0;0.0;7.0;21.0;A01
60192;201400039825;0;7;0;0.0;0.0;4.0;1.0;B01
60193;201400039825;0;7;0;0.0;2.0;1.0;2.0;A01
60194;201400039826;0;7;0;1.0;1.0;1.0;1.0;A01
60195;201400039827;0;33;0;0.0;2.0;8.0;1.0;A01
60196;201400039827;0;7;0;0.0;2.0;7.0;16.0;B01
60197;201400039828;0;7;0;0.0;1.0;0.0;23.0;A01
60198;201400039829;0;32;0;0.0;0.0;7.0;2.0;A01
60199;201400039829;0;7;0;0.0;2.0;1.0;9.0;B01
60200;201400039830;0;7;0;0.0;2.0;1.0;2.0;C01
60201;201400039830;0;7;0;0.0;2.0;4.0;23.0;B01
60202;201400039830;0;7;0;0.0;0.0;4.0;23.0;A01
60203;201400039831;0;32;0;0.0;0.0;4.0;9.0;A01
60204;201400039831;0;37;1;0.0;2.0;0.0;2.0;B01
60205;201400039832;0;7;0;0.0;1.0;2.0;15.0;A01
60206;201400039833;0;34;0;0.0;2.0;1.0;15.0;A01
60207;201400039833;0;32;0;0.0;2.0;1.0;2.0;B01
60208;201400039835;2;1;0;0.0;1.0;1.0;1.0;A01
60209;201400039836;0;7;0;0.0;2.0;4.0;2.0;B01
60210;201400039836;0;7;0;0.0;2.0;4.0;2.0;C01
60211;201400039836;0;10;0;0.0;2.0;1.0;2.0;A01
60212;201400039837;0;10;0;0.0;1.0;7.0;1.0;A01
60213;201400039838;0;1;0;0.0;2.0;1.0;17.0;B01
60214;201400039838;0;7;0;0.0;9.0;3.0;9.0;A01
60215;201400039839;0;30;0;0.0;2.0;2.0;17.0;B01
60216;201400039839;0;7;0;0.0;2.0;8.0;15.0;A01
60217;201400039840;0;10;0;0.0;2.0;3.0;2.0;A01
60218;201400039840;0;7;0;0.0;2.0;4.0;2.0;B01
60219;201400039841;0;1;0;0.0;0.0;4.0;2.0;B01
60220;201400039841;0;7;0;0.0;2.0;1.0;2.0;A01
60221;201400039842;0;7;0;0.0;2.0;6.0;15.0;B01
60222;201400039842;0;31;0;0.0;2.0;8.0;17.0;A01
60223;201400039843;0;7;0;0.0;2.0;4.0;2.0;B01
60224;201400039843;0;7;0;0.0;2.0;1.0;2.0;A01
60225;201400039844;0;33;0;0.0;0.0;7.0;2.0;B01
60226;201400039844;0;7;0;0.0;2.0;1.0;10.0;A01
60227;201400039845;0;33;0;0.0;1.0;8.0;1.0;A01
60228;201400039846;0;34;0;9.0;0.0;1.0;0.0;A01
60229;201400039847;0;34;0;0.0;0.0;0.0;2.0;A01
60230;201400039848;0;7;0;0.0;2.0;1.0;2.0;A01
60231;201400039848;0;7;0;0.0;2.0;2.0;19.0;B01
60232;201400039849;0;7;0;0.0;2.0;3.0;16.0;B01
60233;201400039849;0;30;0;0.0;2.0;1.0;1.0;A01
60234;201400039850;0;33;0;0.0;2.0;4.0;1.0;B01
60235;201400039850;0;10;0;0.0;2.0;2.0;16.0;A01
60236;201400039852;0;7;0;0.0;2.0;1.0;2.0;A01
60237;201400039852;0;7;0;0.0;2.0;4.0;2.0;B01
60238;201400039853;0;33;0;0.0;2.0;1.0;1.0;B01
60239;201400039853;0;7;0;0.0;2.0;3.0;15.0;A01
60240;201400039854;0;3;0;0.0;1.0;1.0;15.0;A01
60241;201400039855;0;7;0;0.0;1.0;4.0;20.0;A01
60242;201400039857;0;7;0;1.0;0.0;9.0;1.0;A01
60243;201400039858;0;31;0;12.0;0.0;8.0;0.0;A01
60244;201400039859;0;1;0;0.0;0.0;1.0;1.0;A01
60245;201400039860;0;7;0;0.0;1.0;3.0;1.0;A01
60246;201400039861;0;33;0;0.0;9.0;0.0;2.0;B01
60247;201400039861;0;1;0;0.0;2.0;0.0;15.0;A01
60248;201400039862;0;7;0;0.0;0.0;4.0;23.0;B01
60249;201400039862;0;7;0;0.0;2.0;1.0;1.0;A01
60250;201400039863;0;7;0;0.0;2.0;6.0;2.0;B01
60251;201400039863;0;32;0;0.0;2.0;1.0;2.0;A01
60252;201400039865;0;2;0;0.0;2.0;8.0;18.0;B01
60253;201400039865;0;7;0;0.0;9.0;1.0;15.0;A01
60254;201400039866;0;7;0;0.0;2.0;6.0;2.0;A01
60255;201400039866;0;34;0;0.0;2.0;2.0;2.0;B01
60256;201400039867;0;30;0;0.0;2.0;1.0;1.0;A01
60257;201400039867;0;33;0;0.0;2.0;2.0;1.0;B01
60258;201400039868;0;7;0;0.0;0.0;0.0;15.0;A01
60259;201400039870;0;7;0;0.0;0.0;0.0;12.0;A01
60260;201400039870;0;30;0;0.0;2.0;0.0;7.0;B01
60261;201400039871;0;30;0;0.0;0.0;1.0;0.0;A01
60262;201400039872;0;33;0;0.0;2.0;1.0;2.0;B01
60263;201400039872;0;7;0;0.0;2.0;7.0;15.0;A01
60264;201400039873;0;7;0;0.0;2.0;2.0;15.0;A01
60265;201400039873;0;33;0;0.0;2.0;1.0;1.0;B01
60266;201400039874;0;7;0;0.0;2.0;1.0;2.0;B01
60267;201400039874;0;7;0;0.0;2.0;1.0;10.0;A01
60268;201400039875;0;7;0;0.0;2.0;1.0;2.0;B01
60269;201400039875;0;7;0;0.0;2.0;4.0;15.0;A01
60270;201400039876;0;7;0;0.0;2.0;1.0;1.0;A01
60271;201400039876;0;31;0;0.0;2.0;9.0;15.0;B01
60272;201400039877;0;33;0;0.0;2.0;1.0;17.0;A01
60273;201400039877;0;7;0;0.0;0.0;6.0;20.0;B01
60274;201400039878;0;33;0;0.0;0.0;9.0;1.0;A01
60275;201400039879;0;7;0;0.0;2.0;8.0;11.0;A01
60276;201400039879;0;33;0;0.0;2.0;8.0;1.0;B01
60277;201400039880;0;7;0;0.0;1.0;1.0;2.0;A01
60278;201400039881;0;30;0;0.0;2.0;1.0;16.0;A01
60279;201400039881;0;7;0;0.0;0.0;7.0;15.0;B01
60280;201400039882;1;1;0;0.0;1.0;1.0;1.0;Z01
60281;201400039883;0;33;0;0.0;2.0;2.0;1.0;B01
60282;201400039883;0;7;0;0.0;2.0;8.0;9.0;A01
60283;201400039884;0;7;0;0.0;1.0;1.0;15.0;A01
60284;201400039885;0;7;0;0.0;2.0;2.0;1.0;B01
60285;201400039885;0;7;0;0.0;2.0;1.0;2.0;C01
60286;201400039885;0;31;0;0.0;2.0;2.0;9.0;A01
60287;201400039886;0;33;0;0.0;2.0;8.0;17.0;A01
60288;201400039886;0;7;0;0.0;2.0;8.0;15.0;B01
60289;201400039888;0;30;0;0.0;2.0;1.0;1.0;B01
60290;201400039888;0;7;0;0.0;2.0;7.0;15.0;A01
60291;201400039890;0;7;0;0.0;9.0;1.0;2.0;A01
60292;201400039890;0;1;0;0.0;0.0;4.0;2.0;B01
60293;201400039891;0;32;0;0.0;2.0;1.0;9.0;B01
60294;201400039891;0;7;0;0.0;9.0;1.0;2.0;A01
60295;201400039892;0;7;0;0.0;1.0;2.0;15.0;A01
60296;201400039893;0;7;0;0.0;2.0;3.0;21.0;A01
60297;201400039893;0;7;0;0.0;2.0;3.0;19.0;B01
60298;201400039895;0;10;0;0.0;2.0;7.0;1.0;A01
60299;201400039895;0;1;0;0.0;2.0;1.0;1.0;B01
60300;201400039896;0;30;0;0.0;0.0;8.0;0.0;A01
60301;201400039897;0;32;0;0.0;2.0;0.0;21.0;B01
60302;201400039897;0;7;0;0.0;0.0;0.0;13.0;A01
60303;201400039898;0;7;0;0.0;1.0;1.0;15.0;A01
60304;201400039899;0;7;0;0.0;1.0;1.0;2.0;A01
60305;201400039900;0;7;0;0.0;2.0;3.0;22.0;A01
60306;201400039900;0;31;0;0.0;2.0;9.0;1.0;B01
60307;201400039900;0;7;0;0.0;2.0;3.0;1.0;C01
60308;201400039902;0;30;0;0.0;0.0;7.0;1.0;A01
60309;201400039903;0;1;0;0.0;2.0;8.0;1.0;B01
60310;201400039903;0;7;0;0.0;0.0;7.0;17.0;A01
60311;201400039904;0;31;0;0.0;2.0;9.0;1.0;A01
60312;201400039904;0;7;0;0.0;2.0;3.0;1.0;B01
60313;201400039905;0;33;0;0.0;1.0;0.0;2.0;A01
60314;201400039907;0;7;0;0.0;1.0;1.0;0.0;A01
60315;201400039908;0;7;0;15.0;0.0;2.0;0.0;A01
60316;201400039909;0;1;0;0.0;1.0;1.0;3.0;A01
60317;201400039910;0;7;0;0.0;2.0;4.0;2.0;B01
60318;201400039910;0;2;0;0.0;2.0;1.0;2.0;A01
60319;201400039911;0;7;0;0.0;0.0;3.0;5.0;B01
60320;201400039911;0;2;0;0.0;0.0;1.0;0.0;A01
60321;201400039912;0;7;0;0.0;2.0;6.0;2.0;B01
60322;201400039912;0;33;0;0.0;2.0;1.0;2.0;A01
60323;201400039912;0;33;0;0.0;2.0;8.0;2.0;C01
60324;201400039913;0;7;0;0.0;0.0;2.0;16.0;A01
60325;201400039913;0;7;0;0.0;0.0;1.0;0.0;B01
60326;201400039914;0;34;0;0.0;0.0;9.0;0.0;A01
60327;201400039915;0;30;0;0.0;2.0;7.0;0.0;A01
60328;201400039915;0;99;0;0.0;2.0;2.0;0.0;B01
60329;201400039916;0;33;0;0.0;1.0;7.0;3.0;A01
60330;201400039917;0;7;0;0.0;1.0;1.0;0.0;A01
60331;201400039918;0;10;0;0.0;1.0;8.0;15.0;A01
60332;201400039919;0;33;0;0.0;1.0;1.0;0.0;A01
60333;201400039920;0;30;0;0.0;2.0;1.0;1.0;B01
60334;201400039920;0;7;0;0.0;2.0;2.0;15.0;A01
60335;201400039921;0;33;0;0.0;2.0;3.0;1.0;B01
60336;201400039921;0;7;0;0.0;2.0;2.0;13.0;A01
60337;201400039922;0;33;0;0.0;0.0;0.0;0.0;A01
60338;201400039923;0;10;0;0.0;2.0;7.0;15.0;A01
60339;201400039923;0;31;0;0.0;2.0;1.0;1.0;B01
60340;201400039924;0;7;0;0.0;2.0;7.0;15.0;A01
60341;201400039924;0;33;0;0.0;2.0;0.0;1.0;B01
60342;201400039925;0;7;0;0.0;1.0;2.0;1.0;A01
60343;201400039926;0;1;0;1.0;0.0;2.0;1.0;A01
60344;201400039926;0;7;0;0.0;2.0;8.0;24.0;B01
60345;201400039927;0;7;0;0.0;1.0;1.0;14.0;A01
60346;201400039928;0;30;0;0.0;2.0;3.0;18.0;A01
60347;201400039928;0;7;0;0.0;2.0;5.0;17.0;B01
60348;201400039930;0;7;0;0.0;2.0;7.0;16.0;A01
60349;201400039930;0;1;0;0.0;2.0;8.0;1.0;B01
60350;201400039931;0;31;0;0.0;2.0;1.0;1.0;B01
60351;201400039931;0;7;0;0.0;2.0;6.0;10.0;A01
60352;201400039932;0;33;0;0.0;1.0;0.0;1.0;A01
60353;201400039933;0;1;0;0.0;2.0;1.0;1.0;A01
60354;201400039933;1;7;0;0.0;2.0;6.0;15.0;Z01
60355;201400039934;0;7;0;0.0;2.0;7.0;15.0;A01
60356;201400039934;0;32;0;0.0;2.0;1.0;1.0;B01
60357;201400039935;0;33;0;1.0;0.0;0.0;1.0;A01
60358;201400039936;0;7;0;0.0;2.0;8.0;9.0;A01
60359;201400039936;0;30;0;0.0;2.0;1.0;1.0;B01
60360;201400039937;0;30;0;0.0;0.0;0.0;1.0;A01
60361;201400039938;1;7;0;;;;;Z02
60362;201400039938;0;31;0;0.0;2.0;0.0;1.0;A01
60363;201400039939;0;7;0;0.0;1.0;1.0;15.0;A01
60364;201400039940;0;14;0;0.0;1.0;4.0;4.0;A01
60365;201400039941;0;7;0;0.0;1.0;2.0;16.0;A01
60366;201400039942;0;32;0;0.0;0.0;0.0;1.0;A01
60367;201400039943;0;33;0;0.0;1.0;1.0;1.0;A01
60368;201400039944;0;34;0;0.0;2.0;4.0;15.0;B01
60369;201400039944;0;10;0;0.0;2.0;1.0;15.0;A01
60370;201400039945;0;30;0;0.0;1.0;1.0;17.0;A01
60371;201400039946;0;31;0;0.0;0.0;0.0;0.0;A01
60372;201400039947;1;7;0;0.0;1.0;0.0;0.0;Z01
60373;201400039948;0;1;0;0.0;1.0;1.0;1.0;A01
60374;201400039949;0;33;0;0.0;1.0;1.0;3.0;A01
60375;201400039950;0;7;0;0.0;2.0;1.0;2.0;A01
60376;201400039950;0;7;0;0.0;2.0;4.0;23.0;B01
60377;201400039951;0;7;0;0.0;1.0;3.0;14.0;A01
60378;201400039952;0;7;0;0.0;2.0;2.0;15.0;A01
60379;201400039952;0;33;0;0.0;2.0;1.0;1.0;B01
60380;201400039953;0;30;0;0.0;2.0;5.0;1.0;B01
60381;201400039953;0;15;0;0.0;2.0;6.0;16.0;A01
60382;201400039954;0;7;0;0.0;2.0;3.0;1.0;A01
60383;201400039954;0;7;0;0.0;2.0;1.0;15.0;B01
60384;201400039955;1;7;0;0.0;1.0;0.0;4.0;Z01
60385;201400039956;0;33;0;1.0;0.0;9.0;1.0;A01
60386;201400039957;0;30;0;0.0;1.0;1.0;1.0;A01
60387;201400039959;0;15;0;1.0;0.0;7.0;17.0;B01
60388;201400039959;0;10;0;0.0;2.0;6.0;22.0;A01
60389;201400039960;0;7;0;1.0;0.0;1.0;1.0;A01
60390;201400039962;0;30;0;0.0;2.0;8.0;0.0;B01
60391;201400039962;0;7;0;0.0;2.0;1.0;0.0;A01
60392;201400039963;0;1;0;0.0;2.0;0.0;0.0;B01
60393;201400039963;0;7;0;0.0;9.0;2.0;0.0;A01
60394;201400039964;0;7;0;0.0;2.0;1.0;1.0;A01
60395;201400039964;0;7;0;0.0;0.0;4.0;1.0;C01
60396;201400039964;0;7;0;0.0;2.0;4.0;1.0;B01
60397;201400039965;0;31;0;0.0;2.0;6.0;1.0;B01
60398;201400039965;0;7;0;0.0;2.0;1.0;15.0;A01
60399;201400039966;0;7;0;0.0;2.0;4.0;1.0;B01
60400;201400039966;0;30;0;0.0;2.0;3.0;1.0;A01
60401;201400039968;0;2;0;0.0;0.0;0.0;1.0;A01
60402;201400039969;0;7;0;0.0;1.0;1.0;15.0;A01
60403;201400039970;0;7;0;0.0;1.0;1.0;1.0;A01
60404;201400039971;0;34;0;0.0;2.0;3.0;1.0;B01
60405;201400039971;0;7;0;0.0;0.0;2.0;1.0;A01
60406;201400039972;0;7;0;0.0;2.0;1.0;1.0;A01
60407;201400039972;0;7;0;0.0;2.0;3.0;1.0;B01
60408;201400039973;0;7;0;0.0;1.0;8.0;1.0;A01
60409;201400039975;0;30;0;0.0;2.0;1.0;1.0;B01
60410;201400039975;0;7;0;0.0;2.0;1.0;15.0;A01
60411;201400039976;0;33;0;0.0;1.0;6.0;1.0;A01
60412;201400039977;0;32;0;0.0;1.0;1.0;1.0;A01
60413;201400039978;0;34;0;0.0;2.0;1.0;1.0;B01
60414;201400039978;0;7;0;0.0;2.0;1.0;15.0;A01
60415;201400039979;0;7;0;0.0;1.0;0.0;11.0;A01
60416;201400039980;1;7;0;0.0;2.0;0.0;0.0;Z01
60417;201400039980;0;32;0;0.0;2.0;7.0;17.0;A01
60418;201400039981;0;7;0;0.0;2.0;2.0;15.0;A01
60419;201400039981;0;31;0;0.0;2.0;1.0;1.0;B01
60420;201400039982;0;7;0;0.0;1.0;7.0;1.0;A01
60421;201400039983;0;7;0;0.0;2.0;3.0;1.0;B01
60422;201400039983;0;7;0;0.0;2.0;5.0;16.0;A01
60423;201400039984;0;30;0;0.0;2.0;4.0;23.0;B01
60424;201400039984;0;2;0;0.0;2.0;1.0;1.0;A01
60425;201400039985;0;10;0;0.0;2.0;2.0;1.0;A01
60426;201400039985;0;7;0;0.0;2.0;3.0;15.0;B01
60427;201400039986;0;7;0;0.0;2.0;4.0;2.0;B01
60428;201400039986;0;7;0;0.0;2.0;1.0;2.0;A01
60429;201400039987;0;7;0;0.0;1.0;7.0;1.0;A01