;Num_Acc;senc;catv;occutc;obs;obsm;choc;manv;num_veh
60430;201400039988;0;32;0;0.0;0.0;0.0;0.0;A01
60431;201400039990;0;34;0;0.0;1.0;1.0;1.0;A01
60432;201400039991;0;1;0;1.0;0.0;0.0;0.0;A01
60433;201400039992;0;1;0;0.0;0.0;2.0;14.0;A01
60434;201400039993;0;7;0;0.0;1.0;1.0;1.0;A01
60435;201400039995;0;30;0;4.0;0.0;1.0;1.0;A01
60436;201400039996;0;14;0;0.0;2.0;2.0;9.0;A01
60437;201400039996;0;32;0;0.0;2.0;8.0;15.0;B01
60438;201400039997;0;2;0;0.0;2.0;2.0;17.0;B01
60439;201400039997;0;7;0;0.0;2.0;3.0;15.0;A01
60440;201400039998;0;7;0;0.0;1.0;8.0;1.0;A01
60441;201400039999;0;7;0;0.0;1.0;3.0;1.0;A01
60442;201400040001;0;7;0;0.0;2.0;8.0;9.0;B01
60443;201400040001;0;33;0;12.0;2.0;2.0;14.0;A01
60444;201400040002;0;7;0;0.0;1.0;2.0;1.0;A01
60445;201400040003;0;30;0;0.0;0.0;1.0;0.0;A01
60446;201400040004;0;7;0;0.0;1.0;3.0;1.0;A01
60447;201400040005;0;33;0;0.0;0.0;0.0;0.0;A01
60448;201400040006;0;30;0;0.0;1.0;1.0;1.0;A01
60449;201400040007;0;7;0;0.0;2.0;2.0;15.0;A01
60450;201400040007;0;33;0;0.0;2.0;1.0;1.0;B01
60451;201400040008;0;2;0;0.0;0.0;0.0;0.0;A01
60452;201400040009;0;1;0;0.0;9.0;0.0;0.0;A01
60453;201400040010;0;30;0;0.0;9.0;0.0;16.0;A01
60454;201400040011;0;7;0;0.0;2.0;1.0;15.0;A01
60455;201400040011;0;32;0;0.0;2.0;7.0;1.0;B01
60456;201400040014;0;10;0;0.0;2.0;1.0;1.0;B01
60457;201400040014;0;33;0;0.0;2.0;7.0;16.0;A01
60458;201400040015;0;2;0;0.0;1.0;1.0;0.0;A01
60459;201400040017;0;7;0;8.0;0.0;1.0;14.0;A01
60460;201400040018;0;7;0;0.0;2.0;4.0;2.0;B01
60461;201400040018;0;10;0;0.0;2.0;1.0;2.0;A01
60462;201400040019;0;31;0;0.0;0.0;0.0;16.0;A01
60463;201400040020;0;10;0;0.0;1.0;2.0;16.0;A01
60464;201400040021;0;7;0;12.0;0.0;1.0;13.0;A01
60465;201400040022;0;7;0;0.0;2.0;4.0;1.0;B01
60466;201400040022;0;30;0;0.0;2.0;2.0;21.0;A01
60467;201400040023;0;7;0;0.0;2.0;4.0;2.0;C01
60468;201400040023;0;7;0;0.0;2.0;1.0;2.0;A01
60469;201400040023;0;7;0;0.0;2.0;4.0;2.0;B01
60470;201400040024;0;7;0;8.0;0.0;2.0;13.0;A01
60471;201400040025;0;30;0;0.0;0.0;1.0;0.0;A01
60472;201400040026;0;10;0;0.0;2.0;1.0;2.0;A01
60473;201400040026;0;15;0;0.0;2.0;4.0;2.0;B01
60474;201400040027;1;7;0;0.0;1.0;4.0;0.0;Z01
60475;201400040030;0;14;0;0.0;1.0;7.0;15.0;A01
60476;201400040031;0;10;0;0.0;2.0;7.0;16.0;A01
60477;201400040031;0;32;0;0.0;2.0;3.0;18.0;B01
60478;201400040033;0;7;0;0.0;2.0;3.0;9.0;A01
60479;201400040033;0;7;0;0.0;2.0;3.0;21.0;B01
60480;201400040034;0;34;0;0.0;9.0;0.0;14.0;A01
60481;201400040035;0;30;0;0.0;0.0;0.0;0.0;A01
60482;201400040036;0;7;0;2.0;0.0;1.0;0.0;A01
60483;201400040037;0;1;0;1.0;0.0;8.0;13.0;A01
60484;201400040037;1;7;0;0.0;9.0;0.0;24.0;Z01
60485;201400040039;0;34;0;0.0;2.0;2.0;17.0;A01
60486;201400040039;0;10;0;0.0;2.0;6.0;15.0;B01
60487;201400040040;0;32;0;0.0;2.0;3.0;1.0;B01
60488;201400040040;0;7;0;0.0;2.0;5.0;18.0;A01
60489;201400040041;0;14;0;0.0;4.0;3.0;15.0;B01
60490;201400040041;0;39;0;0.0;2.0;1.0;1.0;A01
60491;201400040042;0;10;0;0.0;2.0;1.0;1.0;B01
60492;201400040042;0;7;0;0.0;2.0;7.0;1.0;A01
60493;201400040043;0;10;0;1.0;2.0;1.0;1.0;B01
60494;201400040043;0;10;0;0.0;2.0;2.0;17.0;A01
60495;201400040044;0;7;0;0.0;2.0;3.0;2.0;B01
60496;201400040044;0;7;0;0.0;2.0;2.0;1.0;A01
60497;201400040045;0;7;0;2.0;0.0;0.0;1.0;A01
60498;201400040046;0;34;0;0.0;2.0;4.0;0.0;B01
60499;201400040046;0;7;0;0.0;2.0;1.0;0.0;A01
60500;201400040047;0;7;0;0.0;2.0;3.0;9.0;A01
60501;201400040047;0;32;0;1.0;2.0;1.0;1.0;B01
60502;201400040049;1;14;0;0.0;2.0;8.0;16.0;Z01
60503;201400040049;0;33;0;0.0;2.0;0.0;3.0;A01
60504;201400040050;0;33;0;0.0;2.0;5.0;16.0;A01
60505;201400040050;0;33;0;0.0;2.0;1.0;1.0;B01
60506;201400040051;0;7;0;0.0;2.0;3.0;15.0;A01
60507;201400040051;0;7;0;0.0;2.0;2.0;1.0;B01
60508;201400040052;0;34;0;0.0;2.0;2.0;13.0;B01
60509;201400040052;0;10;0;0.0;2.0;8.0;6.0;A01
60510;201400040053;0;7;0;0.0;2.0;1.0;1.0;B01
60511;201400040053;0;7;0;0.0;2.0;7.0;1.0;A01
60512;201400040055;0;7;0;2.0;0.0;2.0;14.0;A01
60513;201400040056;0;30;0;0.0;1.0;1.0;1.0;A01
60514;201400040057;0;7;0;0.0;1.0;5.0;1.0;A01
60515;201400040058;1;7;0;0.0;1.0;1.0;1.0;Z01
60516;201400040059;0;10;0;0.0;2.0;4.0;1.0;A01
60517;201400040059;1;10;0;0.0;2.0;1.0;2.0;Z01
60518;201400040060;0;7;0;1.0;2.0;1.0;1.0;B01
60519;201400040060;0;33;0;1.0;2.0;7.0;1.0;A01
60520;201400040061;0;7;0;0.0;1.0;3.0;9.0;A01
60521;201400040062;0;7;0;0.0;2.0;1.0;2.0;A01
60522;201400040062;0;7;0;0.0;2.0;4.0;2.0;B01
60523;201400040063;0;32;0;14.0;2.0;0.0;14.0;A01
60524;201400040064;0;32;0;0.0;0.0;0.0;0.0;A01
60525;201400040065;0;7;0;0.0;2.0;3.0;15.0;B01
60526;201400040065;0;33;0;0.0;2.0;2.0;3.0;A01
60527;201400040066;0;10;0;0.0;2.0;5.0;16.0;B01
60528;201400040066;0;34;0;0.0;2.0;3.0;18.0;A01
60529;201400040067;0;33;0;0.0;2.0;1.0;1.0;B01
60530;201400040067;0;7;0;0.0;2.0;7.0;15.0;A01
60531;201400040068;0;33;0;0.0;2.0;6.0;1.0;B01
60532;201400040068;0;7;0;0.0;2.0;3.0;15.0;A01
60533;201400040069;0;33;0;0.0;2.0;1.0;2.0;A01
60534;201400040069;0;7;0;0.0;2.0;5.0;1.0;B01
60535;201400040070;0;10;0;0.0;0.0;0.0;1.0;B01
60536;201400040070;0;2;0;12.0;2.0;2.0;14.0;A01
60537;201400040071;0;30;0;0.0;0.0;0.0;0.0;A01
60538;201400040072;0;7;0;0.0;2.0;6.0;1.0;C01
60539;201400040072;0;7;0;0.0;1.0;1.0;21.0;A01
60540;201400040073;0;7;0;0.0;1.0;1.0;1.0;A01
60541;201400040074;0;7;0;0.0;2.0;1.0;1.0;B01
60542;201400040074;0;10;0;0.0;2.0;5.0;15.0;A01
60543;201400040075;0;7;0;0.0;1.0;0.0;16.0;A01
60544;201400040076;0;7;0;0.0;1.0;1.0;1.0;A01
60545;201400040077;0;10;0;0.0;2.0;4.0;23.0;B01
60546;201400040077;0;32;0;0.0;2.0;1.0;2.0;A01
60547;201400040078;0;32;0;0.0;1.0;0.0;21.0;A01
60548;201400040079;0;30;0;0.0;2.0;1.0;14.0;A01
60549;201400040079;0;7;0;0.0;2.0;2.0;15.0;B01
60550;201400040080;0;7;0;11.0;0.0;3.0;12.0;A01
60551;201400040081;0;33;0;0.0;2.0;7.0;1.0;B01
60552;201400040081;1;7;0;0.0;2.0;1.0;16.0;A01
60553;201400040082;0;7;0;0.0;2.0;1.0;15.0;A01
60554;201400040082;0;31;0;0.0;2.0;1.0;1.0;B01
60555;201400040083;0;7;0;0.0;2.0;3.0;15.0;A01
60556;201400040083;0;32;0;1.0;2.0;1.0;1.0;B01
60557;201400040084;0;34;0;0.0;1.0;1.0;1.0;A01
60558;201400040085;0;7;0;0.0;2.0;3.0;15.0;A01
60559;201400040085;0;33;0;0.0;2.0;1.0;17.0;B01
60560;201400040086;0;30;0;0.0;1.0;1.0;1.0;A01
60561;201400040088;0;7;0;0.0;2.0;0.0;12.0;A01
60562;201400040088;0;31;0;0.0;2.0;7.0;1.0;B01
60563;201400040089;0;7;0;0.0;2.0;4.0;23.0;B01
60564;201400040089;0;7;0;0.0;2.0;1.0;1.0;A01
60565;201400040090;0;7;0;0.0;1.0;1.0;1.0;A01
60566;201400040091;0;31;0;0.0;2.0;1.0;1.0;A01
60567;201400040091;0;7;0;0.0;2.0;4.0;1.0;B01
60568;201400040092;0;7;0;0.0;1.0;1.0;1.0;A01
60569;201400040093;0;31;0;8.0;2.0;7.0;19.0;A01
60570;201400040093;0;7;0;0.0;2.0;3.0;1.0;B01
60571;201400040094;0;7;0;0.0;1.0;2.0;16.0;A01
60572;201400040095;0;10;0;0.0;2.0;3.0;1.0;B01
60573;201400040095;0;7;0;0.0;2.0;3.0;13.0;A01
60574;201400040096;0;33;0;0.0;2.0;1.0;1.0;B01
60575;201400040096;0;7;0;0.0;2.0;2.0;15.0;A01
60576;201400040097;0;31;0;0.0;0.0;7.0;1.0;A01
60577;201400040098;0;2;0;0.0;0.0;2.0;1.0;A01
60578;201400040099;0;2;0;0.0;1.0;2.0;1.0;A01
60579;201400040100;0;7;0;14.0;0.0;1.0;9.0;A01
60580;201400040101;0;30;0;0.0;2.0;1.0;1.0;B01
60581;201400040101;0;7;0;0.0;2.0;7.0;15.0;A01
60582;201400040103;0;37;1;0.0;2.0;0.0;0.0;B01
60583;201400040103;0;7;0;0.0;2.0;2.0;17.0;A01
60584;201400040104;0;34;0;0.0;2.0;1.0;15.0;A01
60585;201400040104;0;7;0;0.0;2.0;3.0;0.0;B01
60586;201400040105;0;33;0;0.0;9.0;8.0;13.0;A01
60587;201400040106;0;34;0;0.0;2.0;1.0;1.0;A01
60588;201400040106;0;7;0;0.0;2.0;4.0;1.0;B01
60589;201400040107;0;7;0;0.0;2.0;3.0;20.0;B01
60590;201400040107;0;7;0;0.0;2.0;6.0;24.0;C01
60591;201400040107;0;33;0;1.0;2.0;1.0;1.0;A01
60592;201400040108;0;7;0;0.0;2.0;2.0;15.0;A01
60593;201400040108;0;32;0;0.0;2.0;3.0;1.0;B01
60594;201400040109;0;7;0;0.0;2.0;4.0;1.0;B01
60595;201400040109;0;7;0;0.0;2.0;1.0;1.0;A01
60596;201400040110;0;1;0;1.0;0.0;1.0;1.0;A01
60597;201400040110;0;7;0;0.0;2.0;8.0;22.0;B01
60598;201400040111;0;34;0;0.0;2.0;2.0;2.0;A01
60599;201400040111;0;7;0;0.0;2.0;3.0;15.0;B01
60600;201400040112;0;7;0;0.0;2.0;6.0;0.0;A01
60601;201400040112;0;33;0;0.0;2.0;2.0;0.0;B01
60602;201400040113;0;7;0;0.0;2.0;1.0;0.0;A01
60603;201400040113;0;30;0;0.0;2.0;4.0;0.0;B01
60604;201400040113;0;7;0;0.0;2.0;8.0;0.0;C01
60605;201400040114;0;7;0;0.0;1.0;1.0;1.0;A01
60606;201400040115;0;31;0;0.0;2.0;1.0;1.0;B01
60607;201400040115;1;7;0;0.0;2.0;0.0;15.0;A01
60608;201400040116;0;32;0;0.0;0.0;7.0;5.0;A01
60609;201400040118;0;33;0;0.0;2.0;1.0;5.0;A01
60610;201400040118;0;7;0;0.0;2.0;1.0;17.0;B01
60611;201400040119;0;7;0;0.0;1.0;1.0;1.0;A01
60612;201400040121;0;7;0;0.0;1.0;3.0;1.0;A01
60613;201400040122;0;1;0;12.0;0.0;1.0;16.0;A01
60614;201400040123;0;7;0;0.0;2.0;7.0;9.0;A01
60615;201400040123;1;30;0;0.0;2.0;7.0;1.0;B01
60616;201400040124;0;7;0;0.0;1.0;1.0;1.0;A01
60617;201400040125;0;14;0;0.0;2.0;1.0;1.0;A01
60618;201400040125;0;31;0;0.0;2.0;4.0;2.0;B01
60619;201400040126;0;33;0;0.0;2.0;1.0;1.0;A01
60620;201400040126;0;10;0;0.0;2.0;8.0;10.0;B01
60621;201400040127;0;2;0;0.0;9.0;2.0;1.0;A01
60622;201400040128;0;7;0;1.0;0.0;7.0;1.0;A01
60623;201400040129;0;7;0;0.0;1.0;2.0;0.0;A01
60624;201400040130;0;7;0;0.0;2.0;9.0;2.0;B01
60625;201400040130;0;7;0;0.0;2.0;4.0;2.0;D01
60626;201400040130;0;7;0;0.0;2.0;9.0;2.0;C01
60627;201400040130;0;10;0;0.0;2.0;1.0;2.0;A01
60628;201400040131;0;7;0;0.0;1.0;1.0;1.0;A01
60629;201400040132;0;7;0;0.0;2.0;5.0;16.0;A01
60630;201400040132;0;1;0;0.0;2.0;1.0;1.0;B01
60631;201400040133;0;7;0;0.0;1.0;4.0;4.0;A01
60632;201400040134;0;10;0;0.0;1.0;7.0;1.0;A01
60633;201400040134;1;31;0;0.0;2.0;7.0;23.0;B01
60634;201400040135;0;37;0;0.0;2.0;3.0;9.0;A01
60635;201400040135;1;10;0;0.0;2.0;0.0;1.0;B01
60636;201400040137;0;7;0;0.0;1.0;1.0;1.0;A01
60637;201400040138;0;1;0;0.0;2.0;0.0;1.0;B01
60638;201400040138;0;7;0;0.0;2.0;8.0;2.0;A01
60639;201400040139;0;32;0;0.0;2.0;1.0;17.0;A01
60640;201400040139;0;7;0;0.0;2.0;3.0;15.0;B01
60641;201400040140;0;7;0;0.0;2.0;2.0;24.0;B01
60642;201400040140;0;7;0;0.0;2.0;0.0;1.0;C01
60643;201400040140;0;1;0;1.0;2.0;0.0;1.0;A01
60644;201400040141;0;1;0;0.0;0.0;1.0;1.0;A01
60645;201400040142;0;7;0;0.0;2.0;1.0;1.0;B01
60646;201400040142;0;1;0;0.0;2.0;7.0;1.0;A01
60647;201400040143;0;7;0;0.0;1.0;2.0;15.0;A01
60648;201400040144;0;15;0;0.0;2.0;6.0;24.0;B01
60649;201400040144;0;32;0;0.0;2.0;1.0;1.0;A01
60650;201400040145;0;10;0;0.0;1.0;4.0;4.0;A01
60651;201400040147;0;30;0;0.0;0.0;1.0;1.0;A01
60652;201400040148;0;30;0;0.0;2.0;1.0;1.0;B01
60653;201400040148;0;7;0;0.0;2.0;2.0;16.0;A01
60654;201400040149;0;33;0;0.0;1.0;1.0;15.0;A01
60655;201400040150;0;7;0;0.0;2.0;2.0;15.0;A01
60656;201400040150;0;2;0;0.0;2.0;1.0;1.0;B01
60657;201400040151;0;1;0;0.0;2.0;1.0;1.0;A01
60658;201400040151;0;7;0;0.0;2.0;4.0;1.0;B01
60659;201400040152;0;7;0;0.0;1.0;1.0;1.0;A01
60660;201400040153;0;7;0;0.0;2.0;8.0;24.0;A01
60661;201400040153;0;1;0;1.0;0.0;1.0;1.0;B01
60662;201400040154;0;7;0;0.0;2.0;3.0;9.0;A01
60663;201400040154;0;33;0;1.0;2.0;8.0;1.0;B01
60664;201400040155;0;31;0;0.0;2.0;1.0;2.0;A01
60665;201400040155;0;7;0;0.0;2.0;4.0;20.0;B01
60666;201400040156;0;7;0;0.0;1.0;4.0;4.0;A01
60667;201400040157;0;7;0;0.0;2.0;8.0;16.0;A01
60668;201400040157;0;1;0;0.0;2.0;5.0;1.0;B01
60669;201400040158;0;33;0;0.0;2.0;1.0;1.0;B01
60670;201400040158;0;7;0;0.0;2.0;8.0;10.0;A01
60671;201400040159;0;10;0;0.0;1.0;1.0;1.0;A01
60672;201400040160;0;7;0;0.0;2.0;2.0;1.0;A01
60673;201400040160;0;7;0;0.0;2.0;6.0;16.0;B01
60674;201400040161;0;7;0;0.0;1.0;1.0;1.0;A01
60675;201400040162;0;31;0;0.0;1.0;1.0;1.0;A01
60676;201400040163;0;2;0;0.0;0.0;0.0;1.0;A01
60677;201400040164;0;7;0;0.0;2.0;4.0;2.0;D01
60678;201400040164;0;7;0;0.0;2.0;2.0;9.0;B01
60679;201400040164;0;10;0;0.0;2.0;8.0;2.0;C01
60680;201400040164;0;7;0;0.0;2.0;7.0;1.0;A01
60681;201400040165;0;7;0;0.0;2.0;3.0;1.0;B01
60682;201400040165;0;7;0;0.0;2.0;2.0;1.0;A01
60683;201400040166;1;7;0;0.0;2.0;8.0;10.0;B01
60684;201400040166;0;33;0;0.0;2.0;1.0;1.0;A01
60685;201400040167;0;7;0;0.0;2.0;3.0;15.0;B01
60686;201400040167;0;33;0;0.0;2.0;1.0;1.0;A01
60687;201400040167;0;7;0;0.0;2.0;8.0;1.0;C01
60688;201400040168;0;33;0;8.0;0.0;1.0;1.0;B01
60689;201400040168;0;10;0;0.0;0.0;0.0;15.0;A01
60690;201400040169;0;2;0;0.0;2.0;1.0;1.0;A01
60691;201400040169;0;7;0;0.0;0.0;3.0;15.0;B01
60692;201400040170;0;7;0;0.0;1.0;3.0;1.0;A01
60693;201400040171;0;7;0;0.0;2.0;8.0;15.0;A01
60694;201400040171;0;33;0;0.0;2.0;7.0;1.0;B01
60695;201400040172;0;33;0;8.0;2.0;1.0;1.0;B01
60696;201400040172;0;7;0;0.0;2.0;2.0;16.0;A01
60697;201400040173;0;33;0;0.0;2.0;1.0;1.0;B01
60698;201400040173;0;7;0;0.0;2.0;1.0;15.0;A01
60699;201400040174;0;7;0;0.0;0.0;0.0;12.0;A01
60700;201400040174;0;2;0;0.0;0.0;0.0;1.0;B01
60701;201400040175;0;10;0;0.0;2.0;1.0;1.0;A01
60702;201400040175;0;7;0;0.0;2.0;4.0;23.0;B01
60703;201400040176;0;32;0;1.0;0.0;7.0;1.0;A01
60704;201400040177;0;10;0;0.0;2.0;4.0;23.0;B01
60705;201400040177;0;7;0;0.0;2.0;1.0;1.0;A01
60706;201400040179;0;10;0;0.0;1.0;1.0;16.0;A01
60707;201400040180;1;7;0;0.0;1.0;0.0;0.0;Z01
60708;201400040181;0;10;0;0.0;1.0;4.0;4.0;A01
60709;201400040183;0;31;0;0.0;0.0;8.0;1.0;A01
60710;201400040184;0;7;0;0.0;2.0;4.0;10.0;A01
60711;201400040184;0;7;0;0.0;2.0;1.0;1.0;B01
60712;201400040185;0;13;0;0.0;1.0;8.0;15.0;A01
60713;201400040187;0;31;0;0.0;2.0;1.0;1.0;B01
60714;201400040187;0;10;0;0.0;2.0;6.0;10.0;A01
60715;201400040188;0;7;0;0.0;1.0;1.0;0.0;A01
60716;201400040189;0;7;0;0.0;2.0;3.0;15.0;A01
60717;201400040189;0;13;0;0.0;2.0;3.0;1.0;B01
60718;201400040190;0;7;0;0.0;1.0;1.0;15.0;A01
60719;201400040191;0;32;0;0.0;1.0;1.0;1.0;A01
60720;201400040192;0;7;0;0.0;0.0;1.0;1.0;A01
60721;201400040192;0;7;0;0.0;2.0;3.0;1.0;B01
60722;201400040193;0;7;0;8.0;0.0;1.0;0.0;A01
60723;201400040194;0;37;10;0.0;1.0;2.0;19.0;A01
60724;201400040196;0;2;0;0.0;2.0;1.0;1.0;B01
60725;201400040196;0;7;0;0.0;2.0;1.0;15.0;A01
60726;201400040197;0;7;0;0.0;2.0;7.0;1.0;B01
60727;201400040197;0;34;0;0.0;2.0;1.0;3.0;A01
60728;201400040198;0;33;0;0.0;1.0;0.0;7.0;A01
60729;201400040199;0;33;0;0.0;1.0;1.0;1.0;A01
60730;201400040200;0;33;0;1.0;0.0;1.0;13.0;A01
60731;201400040201;0;30;0;0.0;2.0;8.0;1.0;A01
60732;201400040201;0;33;0;0.0;2.0;8.0;1.0;B01
60733;201400040202;0;30;0;8.0;0.0;1.0;1.0;A01
60734;201400040203;0;7;0;0.0;1.0;2.0;21.0;A01
60735;201400040204;0;33;0;0.0;1.0;1.0;1.0;A01
60736;201400040205;0;10;0;0.0;0.0;4.0;2.0;B01
60737;201400040205;0;10;0;0.0;0.0;1.0;2.0;A01
60738;201400040206;1;7;0;0.0;1.0;1.0;0.0;A01
60739;201400040208;0;7;0;0.0;0.0;2.0;1.0;A01
60740;201400040208;0;2;0;0.0;0.0;3.0;1.0;B01
60741;201400040209;0;7;0;1.0;1.0;1.0;21.0;A01
60742;201400040209;0;7;0;0.0;2.0;6.0;1.0;B01
60743;201400040210;0;7;0;0.0;2.0;2.0;21.0;A01
60744;201400040210;0;33;0;0.0;2.0;8.0;1.0;B01
60745;201400040211;1;7;0;0.0;1.0;7.0;1.0;A01
60746;201400040212;0;32;0;9.0;0.0;1.0;1.0;A01
60747;201400040213;0;7;0;0.0;1.0;2.0;15.0;A01
60748;201400040214;0;32;0;0.0;2.0;4.0;1.0;B01
60749;201400040214;0;7;0;0.0;2.0;1.0;1.0;A01
60750;201400040215;0;30;0;0.0;2.0;1.0;1.0;B01
60751;201400040215;0;7;0;0.0;2.0;6.0;13.0;A01
60752;201400040217;0;33;0;0.0;0.0;0.0;1.0;A01
60753;201400040218;0;7;0;0.0;2.0;0.0;1.0;A01
60754;201400040218;0;33;0;0.0;2.0;0.0;1.0;B01
60755;201400040219;0;7;0;0.0;1.0;6.0;4.0;A01
60756;201400040220;0;7;0;0.0;1.0;1.0;1.0;A01
60757;201400040221;0;33;0;0.0;0.0;0.0;16.0;A01
60758;201400040222;0;7;0;0.0;2.0;1.0;15.0;B01
60759;201400040222;0;30;0;0.0;2.0;1.0;1.0;A01
60760;201400040223;0;1;0;1.0;0.0;1.0;1.0;B01
60761;201400040223;0;7;0;0.0;9.0;3.0;24.0;A01
60762;201400040224;0;34;0;0.0;1.0;1.0;1.0;A01
60763;201400040225;0;7;0;1.0;0.0;1.0;1.0;A01
60764;201400040225;0;33;0;0.0;2.0;4.0;23.0;B01
60765;201400040226;0;31;0;0.0;2.0;3.0;1.0;A01
60766;201400040226;0;30;0;0.0;2.0;4.0;16.0;B01
60767;201400040227;1;7;0;0.0;9.0;5.0;1.0;A01
60768;201400040227;0;1;0;0.0;2.0;1.0;1.0;B01
60769;201400040228;0;1;0;0.0;2.0;4.0;1.0;B01
60770;201400040228;0;7;0;0.0;9.0;1.0;1.0;A01
60771;201400040229;0;7;0;0.0;1.0;1.0;1.0;A01
60772;201400040230;0;7;0;1.0;0.0;1.0;1.0;A01
60773;201400040231;0;7;0;0.0;2.0;1.0;1.0;B01
60774;201400040231;0;32;0;0.0;2.0;8.0;9.0;A01
60775;201400040232;0;7;0;0.0;1.0;1.0;1.0;A01
60776;201400040233;0;7;0;0.0;1.0;4.0;4.0;A01
60777;201400040234;0;30;0;11.0;0.0;1.0;1.0;A01
60778;201400040235;0;7;0;0.0;2.0;2.0;1.0;A01
60779;201400040236;0;7;0;0.0;1.0;4.0;4.0;A01
60780;201400040237;0;7;0;0.0;1.0;3.0;1.0;A01
60781;201400040238;0;30;0;0.0;0.0;0.0;1.0;A01
60782;201400040239;0;7;0;0.0;2.0;1.0;1.0;B01
60783;201400040239;0;7;0;0.0;2.0;3.0;1.0;A01
60784;201400040240;0;7;0;1.0;2.0;9.0;16.0;A01
60785;201400040240;0;7;0;0.0;2.0;1.0;23.0;C01
60786;201400040240;0;31;0;0.0;2.0;1.0;23.0;B01
60787;201400040240;0;7;0;0.0;2.0;3.0;23.0;F01
60788;201400040241;0;30;0;0.0;0.0;1.0;1.0;A01
60789;201400040243;0;31;0;0.0;2.0;1.0;1.0;B01
60790;201400040243;0;7;0;0.0;2.0;3.0;1.0;A01
60791;201400040244;1;7;0;0.0;9.0;2.0;14.0;A01
60792;201400040244;0;1;0;0.0;2.0;1.0;1.0;B01
60793;201400040245;0;33;0;0.0;0.0;7.0;9.0;A01
60794;201400040246;0;7;0;0.0;1.0;3.0;15.0;A01
60795;201400040247;0;7;0;1.0;0.0;1.0;1.0;A01
60796;201400040247;0;7;0;0.0;2.0;4.0;23.0;B01
60797;201400040248;0;7;0;0.0;2.0;2.0;24.0;B01
60798;201400040248;2;7;0;0.0;2.0;1.0;1.0;A01
60799;201400040249;0;32;0;0.0;9.0;7.0;23.0;A01
60800;201400040251;0;7;0;0.0;1.0;4.0;4.0;A01
60801;201400040252;0;30;0;9.0;0.0;7.0;17.0;A01
60802;201400040254;0;7;0;0.0;2.0;4.0;23.0;A01
60803;201400040254;0;7;0;1.0;0.0;1.0;1.0;B01
60804;201400040255;0;7;0;0.0;1.0;1.0;16.0;A01
60805;201400040256;0;7;0;0.0;1.0;5.0;1.0;A01
60806;201400040257;0;7;0;0.0;2.0;1.0;1.0;B01
60807;201400040257;0;33;0;0.0;2.0;1.0;1.0;A01
60808;201400040258;0;7;0;0.0;2.0;7.0;1.0;A01
60809;201400040258;0;7;0;0.0;2.0;3.0;1.0;B01
60810;201400040259;0;7;0;0.0;1.0;1.0;1.0;A01
60811;201400040261;0;7;0;0.0;2.0;2.0;13.0;A01
60812;201400040261;0;33;0;0.0;2.0;1.0;1.0;B01
60813;201400040262;0;7;0;0.0;1.0;2.0;1.0;A01
60814;201400040263;0;7;0;0.0;1.0;1.0;9.0;A01
60815;201400040264;0;7;0;0.0;2.0;8.0;1.0;B01
60816;201400040264;0;7;0;0.0;2.0;2.0;1.0;A01
60817;201400040265;0;1;0;11.0;0.0;1.0;1.0;A01
60818;201400040266;0;33;0;0.0;0.0;8.0;1.0;A01
60819;201400040267;0;30;0;0.0;2.0;1.0;1.0;A01
60820;201400040267;0;7;0;0.0;2.0;7.0;1.0;B01
60821;201400040268;0;32;0;0.0;1.0;1.0;17.0;A01
60822;201400040269;0;33;0;15.0;0.0;0.0;1.0;A01
60823;201400040270;0;7;0;0.0;1.0;1.0;1.0;A01
60824;201400040271;0;7;0;4.0;0.0;3.0;1.0;A01
60825;201400040272;0;7;0;0.0;1.0;6.0;4.0;A01
60826;201400040273;0;30;0;11.0;0.0;1.0;1.0;A01
60827;201400040274;0;7;0;5.0;0.0;1.0;1.0;A01
60828;201400040275;0;30;0;3.0;0.0;7.0;1.0;A01
60829;201400040276;0;7;0;0.0;1.0;1.0;1.0;A01
60830;201400040277;0;7;0;0.0;2.0;1.0;1.0;B01
60831;201400040277;0;7;0;0.0;2.0;7.0;9.0;A01
60832;201400040278;1;7;0;0.0;0.0;0.0;1.0;Z01
60833;201400040278;0;32;0;0.0;1.0;0.0;1.0;A01
60834;201400040279;0;7;0;0.0;0.0;7.0;1.0;A01
60835;201400040281;0;2;0;8.0;0.0;0.0;1.0;A01
60836;201400040282;0;1;0;0.0;1.0;1.0;1.0;A01
60837;201400040283;0;32;0;0.0;0.0;7.0;1.0;A01
60838;201400040284;0;7;0;0.0;2.0;8.0;4.0;A01
60839;201400040284;0;7;0;0.0;2.0;3.0;1.0;B01
60840;201400040285;0;7;0;0.0;1.0;7.0;1.0;A01
60841;201400040286;0;7;0;0.0;1.0;1.0;1.0;A01
60842;201400040287;0;34;0;0.0;2.0;1.0;1.0;B01
60843;201400040287;0;7;0;0.0;2.0;3.0;10.0;A01
60844;201400040287;1;7;0;1.0;0.0;8.0;0.0;C01
60845;201400040288;0;7;0;0.0;1.0;1.0;1.0;A01
60846;201400040289;0;7;0;3.0;0.0;8.0;1.0;A01
60847;201400040290;0;7;0;0.0;2.0;1.0;1.0;A01
60848;201400040290;0;7;0;0.0;2.0;8.0;1.0;B01
60849;201400040291;0;31;0;0.0;0.0;0.0;1.0;A01