;Num_Acc;senc;catv;occutc;obs;obsm;choc;manv;num_veh
62109;201400041172;0;7;0;0.0;2.0;1.0;2.0;B01
62110;201400041173;0;30;0;0.0;2.0;3.0;16.0;A01
62111;201400041173;0;7;0;0.0;2.0;3.0;1.0;B01
62112;201400041174;0;32;0;0.0;0.0;0.0;21.0;A01
62113;201400041176;0;1;0;0.0;2.0;1.0;1.0;B01
62114;201400041176;0;7;0;0.0;2.0;3.0;15.0;A01
62115;201400041177;0;33;0;0.0;2.0;7.0;17.0;B01
62116;201400041177;0;7;0;0.0;2.0;3.0;15.0;A01
62117;201400041179;0;7;0;0.0;2.0;1.0;1.0;B01
62118;201400041179;0;7;0;0.0;2.0;8.0;1.0;A01
62119;201400041180;0;10;0;0.0;1.0;3.0;1.0;A01
62120;201400041181;0;2;0;0.0;2.0;1.0;17.0;B01
62121;201400041181;0;7;0;0.0;2.0;3.0;9.0;A01
62122;201400041182;0;7;0;0.0;2.0;6.0;1.0;A01
62123;201400041182;0;32;0;0.0;2.0;7.0;17.0;B01
62124;201400041183;0;34;0;0.0;2.0;1.0;1.0;B01
62125;201400041183;1;7;0;0.0;2.0;1.0;1.0;Z01
62126;201400041184;0;7;0;2.0;0.0;1.0;1.0;A01
62127;201400041185;0;7;0;0.0;1.0;2.0;1.0;A01
62128;201400041186;0;31;0;0.0;1.0;0.0;1.0;A01
62129;201400041187;0;1;0;0.0;2.0;8.0;1.0;B01
62130;201400041187;0;7;0;0.0;2.0;3.0;15.0;A01
62131;201400041188;0;7;0;0.0;2.0;1.0;15.0;B01
62132;201400041188;0;1;0;0.0;2.0;8.0;1.0;A01
62133;201400041189;0;7;0;6.0;0.0;2.0;1.0;A01
62134;201400041190;0;7;0;0.0;1.0;3.0;1.0;A01
62135;201400041192;0;10;0;0.0;2.0;2.0;1.0;B01
62136;201400041192;0;10;0;0.0;2.0;1.0;5.0;A01
62137;201400041193;0;2;0;8.0;0.0;1.0;1.0;A01
62138;201400041195;0;34;0;0.0;2.0;1.0;1.0;A01
62139;201400041195;1;7;0;0.0;2.0;0.0;10.0;Z01
62140;201400041196;0;7;0;0.0;2.0;1.0;15.0;A01
62141;201400041196;0;7;0;0.0;2.0;1.0;1.0;B01
62142;201400041197;0;7;0;0.0;2.0;8.0;15.0;A01
62143;201400041197;0;2;0;0.0;2.0;1.0;1.0;B01
62144;201400041198;0;2;0;12.0;0.0;7.0;1.0;A01
62145;201400041200;0;7;0;0.0;2.0;3.0;19.0;A01
62146;201400041200;0;33;0;0.0;2.0;1.0;1.0;B01
62147;201400041201;0;37;2;1.0;0.0;3.0;13.0;A01
62148;201400041202;0;2;0;1.0;0.0;8.0;1.0;A01
62149;201400041202;1;7;0;0.0;0.0;5.0;0.0;B01
62150;201400041203;0;7;0;15.0;0.0;1.0;1.0;A01
62151;201400041204;0;7;0;0.0;2.0;1.0;1.0;A01
62152;201400041204;0;1;0;0.0;2.0;7.0;1.0;B01
62153;201400041205;0;7;0;0.0;2.0;3.0;1.0;A01
62154;201400041205;0;7;0;0.0;2.0;3.0;15.0;B01
62155;201400041207;0;30;0;0.0;0.0;7.0;21.0;B01
62156;201400041207;0;7;0;0.0;0.0;0.0;15.0;A01
62157;201400041208;0;10;0;1.0;2.0;6.0;11.0;A01
62158;201400041208;0;14;0;0.0;2.0;2.0;1.0;B01
62159;201400041209;0;31;0;12.0;0.0;1.0;20.0;A01
62160;201400041210;0;7;0;0.0;1.0;1.0;1.0;A01
62161;201400041211;0;33;0;0.0;2.0;8.0;1.0;A01
62162;201400041211;0;7;0;0.0;0.0;2.0;7.0;B01
62163;201400041212;0;7;0;0.0;2.0;3.0;15.0;A01
62164;201400041212;0;1;0;0.0;2.0;0.0;1.0;B01
62165;201400041213;0;1;0;0.0;2.0;1.0;1.0;B01
62166;201400041213;0;7;0;0.0;2.0;2.0;15.0;A01
62167;201400041214;0;7;0;0.0;0.0;4.0;2.0;B01
62168;201400041214;0;7;0;0.0;2.0;1.0;2.0;A01
62169;201400041215;0;7;0;0.0;2.0;0.0;15.0;A01
62170;201400041215;0;33;0;0.0;2.0;0.0;17.0;B01
62171;201400041216;0;31;0;0.0;2.0;1.0;1.0;A01
62172;201400041216;0;10;0;0.0;2.0;3.0;15.0;B01
62173;201400041218;0;30;0;0.0;2.0;7.0;9.0;B01
62174;201400041218;0;7;0;0.0;2.0;2.0;1.0;A01
62175;201400041219;0;30;0;0.0;2.0;8.0;1.0;B01
62176;201400041219;0;7;0;0.0;2.0;7.0;14.0;A01
62177;201400041221;0;7;0;0.0;2.0;3.0;15.0;B01
62178;201400041221;0;2;0;0.0;2.0;1.0;0.0;A01
62179;201400041222;0;33;0;0.0;2.0;7.0;1.0;B01
62180;201400041222;0;7;0;0.0;2.0;8.0;23.0;A01
62181;201400041223;0;7;0;1.0;0.0;2.0;1.0;A01
62182;201400041224;0;7;0;0.0;1.0;1.0;15.0;A01
62183;201400041225;0;13;0;0.0;2.0;3.0;1.0;A01
62184;201400041225;0;7;0;0.0;2.0;6.0;15.0;B01
62185;201400041226;0;7;0;1.0;0.0;2.0;14.0;A01
62186;201400041228;0;7;0;0.0;2.0;4.0;1.0;B01
62187;201400041228;1;7;0;0.0;2.0;1.0;1.0;Z01
62188;201400041229;0;7;0;0.0;1.0;2.0;1.0;A01
62189;201400041230;0;33;0;0.0;2.0;1.0;1.0;A01
62190;201400041230;0;10;0;0.0;2.0;6.0;15.0;B01
62191;201400041232;0;32;0;0.0;2.0;1.0;1.0;B01
62192;201400041232;0;7;0;0.0;2.0;3.0;10.0;A01
62193;201400041233;1;7;0;0.0;1.0;0.0;1.0;A01
62194;201400041234;0;1;0;0.0;1.0;1.0;1.0;A01
62195;201400041235;0;1;0;0.0;2.0;0.0;1.0;B01
62196;201400041235;0;7;0;0.0;2.0;3.0;9.0;A01
62197;201400041236;0;1;0;0.0;0.0;8.0;15.0;B01
62198;201400041236;0;33;0;0.0;2.0;1.0;17.0;A01
62199;201400041237;0;33;0;1.0;0.0;1.0;1.0;A01
62200;201400041238;0;1;0;8.0;0.0;1.0;1.0;A01
62201;201400041239;1;7;0;0.0;0.0;0.0;15.0;Z01
62202;201400041239;0;32;0;15.0;0.0;1.0;1.0;A01
62203;201400041240;0;34;0;0.0;2.0;1.0;21.0;A01
62204;201400041240;0;10;0;0.0;2.0;1.0;20.0;B01
62205;201400041241;0;30;0;0.0;1.0;0.0;1.0;A01
62206;201400041242;0;30;0;0.0;0.0;0.0;1.0;A01
62207;201400041243;0;37;1;0.0;0.0;0.0;23.0;B01
62208;201400041243;0;7;0;0.0;1.0;2.0;1.0;A01
62209;201400041245;0;34;0;0.0;2.0;2.0;21.0;A01
62210;201400041245;0;10;0;0.0;2.0;5.0;15.0;B01
62211;201400041246;0;31;0;0.0;0.0;0.0;21.0;A01
62212;201400041247;0;7;0;0.0;2.0;1.0;16.0;A01
62213;201400041247;0;33;0;0.0;2.0;7.0;1.0;B01
62214;201400041248;0;7;0;0.0;1.0;4.0;4.0;A01
62215;201400041249;0;10;0;0.0;0.0;0.0;16.0;A01
62216;201400041249;0;32;0;0.0;0.0;8.0;2.0;B01
62217;201400041250;0;37;1;0.0;0.0;0.0;1.0;A01
62218;201400041251;0;33;0;0.0;2.0;7.0;1.0;B01
62219;201400041251;0;10;0;0.0;2.0;1.0;1.0;A01
62220;201400041252;0;2;0;0.0;2.0;0.0;1.0;A01
62221;201400041252;0;10;0;0.0;0.0;0.0;1.0;B01
62222;201400041253;0;33;0;0.0;0.0;0.0;1.0;A01
62223;201400041254;0;31;0;14.0;0.0;0.0;1.0;A01
62224;201400041254;0;7;0;0.0;0.0;0.0;15.0;B01
62225;201400041255;0;10;0;0.0;2.0;2.0;15.0;A01
62226;201400041255;0;31;0;0.0;2.0;1.0;1.0;B01
62227;201400041256;0;2;0;0.0;0.0;7.0;1.0;A01
62228;201400041258;0;7;0;0.0;1.0;1.0;1.0;A01
62229;201400041259;0;10;0;0.0;1.0;4.0;4.0;A01
62230;201400041260;0;7;0;0.0;2.0;5.0;15.0;A01
62231;201400041260;0;31;0;0.0;2.0;1.0;1.0;B01
62232;201400041261;0;30;0;9.0;0.0;1.0;0.0;A01
62233;201400041262;0;7;0;0.0;1.0;7.0;1.0;A01
62234;201400041264;0;2;0;0.0;2.0;1.0;1.0;B01
62235;201400041264;0;7;0;0.0;2.0;6.0;11.0;A01
62236;201400041265;0;20;0;0.0;2.0;2.0;2.0;B01
62237;201400041265;0;7;0;0.0;2.0;3.0;19.0;A01
62238;201400041266;0;10;0;0.0;2.0;4.0;2.0;B01
62239;201400041266;0;7;0;0.0;2.0;1.0;2.0;A01
62240;201400041267;0;2;0;0.0;2.0;1.0;1.0;A01
62241;201400041267;0;7;0;0.0;2.0;3.0;1.0;B01
62242;201400041268;0;7;0;0.0;1.0;2.0;16.0;A01
62243;201400041269;0;7;0;0.0;2.0;3.0;1.0;A01
62244;201400041269;0;7;0;0.0;2.0;5.0;1.0;B01
62245;201400041270;0;1;0;1.0;0.0;1.0;0.0;A01
62246;201400041270;0;7;0;0.0;2.0;8.0;22.0;B01
62247;201400041271;0;7;0;0.0;1.0;1.0;1.0;A01
62248;201400041272;0;7;0;0.0;2.0;8.0;10.0;A01
62249;201400041272;0;32;0;0.0;2.0;2.0;1.0;B01
62250;201400041273;0;7;0;0.0;0.0;1.0;2.0;A01
62251;201400041273;0;7;0;0.0;0.0;4.0;23.0;B01
62252;201400041274;0;7;0;14.0;0.0;1.0;1.0;B01
62253;201400041274;0;30;0;0.0;2.0;8.0;23.0;A01
62254;201400041275;0;7;0;0.0;0.0;1.0;2.0;A01
62255;201400041275;0;7;0;0.0;0.0;4.0;23.0;B01
62256;201400041276;0;7;0;9.0;0.0;3.0;13.0;A01
62257;201400041277;0;2;0;1.0;0.0;8.0;22.0;B01
62258;201400041277;0;10;0;0.0;2.0;7.0;24.0;A01
62259;201400041278;0;7;0;0.0;1.0;1.0;1.0;A01
62260;201400041279;0;7;0;0.0;1.0;1.0;1.0;A01
62261;201400041280;0;33;0;14.0;0.0;1.0;13.0;A01
62262;201400041281;0;7;0;0.0;1.0;1.0;0.0;A01
62263;201400041282;1;37;0;0.0;1.0;8.0;1.0;A01
62264;201400041283;1;7;0;0.0;2.0;1.0;15.0;A01
62265;201400041283;0;7;0;0.0;2.0;7.0;1.0;B01
62266;201400041284;0;32;0;0.0;0.0;8.0;16.0;A01
62267;201400041287;0;7;0;0.0;0.0;4.0;1.0;C01
62268;201400041287;0;3;0;0.0;2.0;8.0;1.0;B01
62269;201400041287;0;7;0;0.0;2.0;2.0;12.0;A01
62270;201400041288;0;7;0;0.0;1.0;3.0;1.0;A01
62271;201400041289;0;7;0;0.0;2.0;1.0;1.0;A01
62272;201400041289;0;7;0;0.0;2.0;4.0;23.0;B01
62273;201400041290;0;32;0;0.0;0.0;7.0;1.0;A01
62274;201400041291;0;7;0;0.0;1.0;2.0;1.0;A01
62275;201400041292;0;31;0;8.0;0.0;2.0;1.0;A01
62276;201400041293;0;7;0;1.0;2.0;2.0;18.0;A01
62277;201400041293;0;7;0;0.0;0.0;6.0;1.0;B01
62278;201400041293;0;7;0;0.0;2.0;7.0;1.0;C01
62279;201400041294;0;7;0;0.0;1.0;6.0;2.0;A01
62280;201400041295;0;2;0;12.0;0.0;1.0;1.0;A01
62281;201400041297;0;7;0;0.0;2.0;1.0;2.0;A01
62282;201400041297;0;10;0;0.0;0.0;4.0;23.0;B01
62283;201400041298;0;30;0;0.0;2.0;3.0;1.0;B01
62284;201400041298;0;33;0;0.0;2.0;1.0;1.0;A01
62285;201400041299;0;31;0;0.0;0.0;8.0;1.0;A01
62286;201400041301;0;7;0;0.0;2.0;7.0;1.0;A01
62287;201400041301;0;7;0;0.0;2.0;1.0;15.0;B01
62288;201400041302;0;7;0;0.0;1.0;5.0;4.0;A01
62289;201400041303;0;32;0;0.0;0.0;8.0;1.0;A01
62290;201400041304;0;33;0;0.0;0.0;0.0;1.0;A01
62291;201400041305;0;7;0;0.0;2.0;1.0;2.0;A01
62292;201400041305;0;30;0;0.0;2.0;0.0;2.0;B01
62293;201400041306;0;7;0;0.0;2.0;1.0;2.0;A01
62294;201400041306;0;7;0;0.0;0.0;2.0;23.0;E01
62295;201400041306;0;31;0;0.0;0.0;4.0;23.0;D01
62296;201400041306;0;31;0;0.0;0.0;4.0;23.0;C01
62297;201400041306;0;7;0;0.0;0.0;4.0;23.0;B01
62298;201400041307;0;7;0;0.0;2.0;7.0;2.0;C01
62299;201400041307;0;7;0;0.0;2.0;9.0;21.0;A01
62300;201400041307;0;10;0;0.0;2.0;6.0;1.0;B01
62301;201400041308;0;32;0;12.0;0.0;1.0;1.0;A01
62302;201400041309;0;7;0;0.0;1.0;2.0;15.0;A01
62303;201400041310;0;7;0;0.0;2.0;1.0;2.0;B01
62304;201400041310;0;7;0;0.0;2.0;8.0;1.0;A01
62305;201400041311;0;31;0;0.0;0.0;0.0;3.0;A01
62306;201400041312;0;10;0;0.0;2.0;5.0;1.0;A01
62307;201400041312;0;33;0;0.0;2.0;1.0;1.0;B01
62308;201400041313;0;33;0;0.0;0.0;4.0;23.0;B01
62309;201400041313;1;7;0;0.0;2.0;1.0;1.0;A01
62310;201400041314;0;38;1;0.0;2.0;2.0;1.0;A01
62311;201400041314;0;7;0;0.0;2.0;6.0;23.0;B01
62312;201400041315;0;7;0;12.0;2.0;5.0;15.0;B01
62313;201400041315;0;7;0;9.0;2.0;1.0;1.0;A01
62314;201400041316;1;32;0;16.0;0.0;7.0;1.0;A01
62315;201400041317;0;7;0;0.0;1.0;3.0;1.0;A01
62316;201400041318;0;7;0;0.0;2.0;7.0;16.0;A01
62317;201400041318;0;33;0;0.0;2.0;3.0;1.0;B01
62318;201400041319;0;7;0;0.0;2.0;3.0;11.0;A01
62319;201400041319;0;33;0;0.0;2.0;7.0;11.0;B01
62320;201400041320;0;7;0;0.0;2.0;1.0;1.0;A01
62321;201400041320;0;7;0;0.0;0.0;4.0;23.0;B01
62322;201400041321;0;30;0;0.0;2.0;1.0;5.0;A01
62323;201400041321;0;10;0;0.0;2.0;1.0;15.0;B01
62324;201400041322;0;7;0;0.0;0.0;6.0;15.0;B01
62325;201400041322;0;7;0;0.0;2.0;6.0;15.0;A01
62326;201400041324;0;32;0;0.0;2.0;1.0;1.0;A01
62327;201400041324;0;7;0;0.0;2.0;3.0;15.0;B01
62328;201400041325;0;30;0;1.0;0.0;2.0;14.0;A01
62329;201400041326;0;7;0;0.0;2.0;8.0;0.0;A01
62330;201400041326;0;7;0;1.0;0.0;0.0;0.0;B01
62331;201400041327;0;15;0;0.0;9.0;2.0;1.0;A01
62332;201400041327;0;1;0;0.0;2.0;0.0;0.0;B01
62333;201400041328;0;7;0;0.0;2.0;1.0;2.0;A01
62334;201400041328;0;14;0;0.0;2.0;4.0;2.0;B01
62335;201400041329;0;7;0;15.0;2.0;6.0;1.0;A01
62336;201400041329;0;7;0;0.0;2.0;1.0;9.0;B01
62337;201400041330;0;7;0;0.0;2.0;1.0;2.0;A01
62338;201400041330;0;7;0;0.0;2.0;1.0;2.0;B01
62339;201400041330;0;7;0;0.0;0.0;4.0;3.0;C01
62340;201400041331;0;7;0;0.0;2.0;1.0;2.0;A01
62341;201400041331;0;7;0;0.0;0.0;4.0;1.0;B01
62342;201400041332;2;7;0;0.0;2.0;4.0;4.0;Z01
62343;201400041332;0;33;0;0.0;2.0;4.0;0.0;A01
62344;201400041334;0;7;0;0.0;2.0;7.0;0.0;B01
62345;201400041334;0;30;0;0.0;2.0;1.0;9.0;A01
62346;201400041335;0;37;0;0.0;1.0;8.0;0.0;B01
62347;201400041336;0;30;0;0.0;2.0;1.0;0.0;B01
62348;201400041336;0;7;0;0.0;2.0;1.0;0.0;A01
62349;201400041337;0;30;0;0.0;2.0;0.0;5.0;A01
62350;201400041337;0;7;0;0.0;2.0;2.0;0.0;B01
62351;201400041338;0;7;0;0.0;1.0;1.0;1.0;A01
62352;201400041339;0;7;0;0.0;0.0;5.0;22.0;A01
62353;201400041339;0;1;0;0.0;0.0;1.0;18.0;B01
62354;201400041340;0;33;0;0.0;1.0;8.0;2.0;A01
62355;201400041341;0;7;0;0.0;1.0;4.0;4.0;A01
62356;201400041342;0;30;0;0.0;2.0;3.0;15.0;A01
62357;201400041342;0;7;0;0.0;0.0;2.0;16.0;B01
62358;201400041343;0;7;0;0.0;2.0;2.0;1.0;A01
62359;201400041343;0;30;0;0.0;2.0;1.0;16.0;B01
62360;201400041344;0;10;0;0.0;2.0;8.0;15.0;A01
62361;201400041344;0;34;0;0.0;2.0;7.0;2.0;B01
62362;201400041345;1;30;0;0.0;1.0;1.0;0.0;Z01
62363;201400041346;0;7;0;0.0;2.0;1.0;2.0;A01
62364;201400041346;0;7;0;0.0;2.0;4.0;2.0;B01
62365;201400041346;0;7;0;0.0;2.0;4.0;2.0;C01
62366;201400041346;0;7;0;0.0;0.0;4.0;2.0;D01
62367;201400041347;0;7;0;0.0;0.0;2.0;19.0;A01
62368;201400041347;0;14;0;0.0;2.0;5.0;15.0;B01
62369;201400041348;1;33;0;0.0;1.0;1.0;0.0;A01
62370;201400041349;0;32;0;14.0;0.0;1.0;1.0;A01
62371;201400041350;0;7;0;0.0;1.0;3.0;0.0;A01
62372;201400041351;0;7;0;0.0;2.0;3.0;10.0;A01
62373;201400041351;0;34;0;0.0;2.0;2.0;17.0;B01
62374;201400041352;0;34;0;0.0;2.0;1.0;3.0;A01
62375;201400041352;0;7;0;0.0;2.0;3.0;15.0;B01
62376;201400041353;0;2;0;0.0;2.0;1.0;2.0;A01
62377;201400041353;0;7;0;0.0;2.0;3.0;11.0;B01
62378;201400041354;0;7;0;0.0;2.0;7.0;12.0;A01
62379;201400041354;0;37;35;0.0;2.0;3.0;1.0;B01
62380;201400041355;0;7;0;0.0;1.0;4.0;4.0;A01
62381;201400041356;0;34;0;0.0;0.0;9.0;2.0;A01
62382;201400041356;0;7;0;0.0;0.0;6.0;2.0;B01
62383;201400041357;0;10;0;0.0;2.0;3.0;14.0;A01
62384;201400041357;0;7;0;0.0;0.0;5.0;0.0;B01
62385;201400041359;0;7;0;0.0;1.0;7.0;0.0;A01
62386;201400041360;1;32;0;0.0;1.0;0.0;0.0;Z01
62387;201400041361;0;7;0;0.0;2.0;2.0;1.0;A01
62388;201400041361;0;34;0;0.0;2.0;1.0;1.0;B01
62389;201400041362;0;7;0;1.0;0.0;7.0;1.0;A01
62390;201400041362;0;7;0;0.0;2.0;3.0;1.0;B01
62391;201400041363;0;2;0;0.0;2.0;1.0;0.0;A01
62392;201400041363;0;7;0;0.0;0.0;0.0;0.0;B01
62393;201400041364;0;7;0;0.0;1.0;1.0;1.0;A01
62394;201400041365;0;7;0;0.0;0.0;3.0;1.0;B01
62395;201400041365;0;33;0;0.0;0.0;1.0;1.0;A01
62396;201400041366;0;3;0;0.0;1.0;2.0;2.0;A01
62397;201400041367;0;7;0;0.0;2.0;7.0;2.0;B01
62398;201400041367;0;7;0;0.0;2.0;1.0;2.0;A01
62399;201400041368;0;7;0;0.0;2.0;2.0;1.0;A01
62400;201400041368;0;10;0;0.0;2.0;3.0;1.0;B01
62401;201400041369;0;34;0;0.0;0.0;1.0;17.0;A01
62402;201400041369;0;7;0;0.0;2.0;3.0;15.0;B01
62403;201400041370;0;1;0;0.0;2.0;3.0;17.0;A01
62404;201400041370;0;7;0;0.0;9.0;3.0;1.0;B01
62405;201400041371;0;7;0;0.0;1.0;3.0;1.0;A01
62406;201400041372;0;33;0;1.0;2.0;3.0;1.0;A01
62407;201400041372;0;7;0;0.0;2.0;2.0;11.0;B01
62408;201400041373;1;7;0;0.0;1.0;0.0;0.0;Z01
62409;201400041374;0;10;0;0.0;0.0;4.0;2.0;A01
62410;201400041374;0;7;0;0.0;2.0;1.0;2.0;B01
62411;201400041374;0;7;0;0.0;0.0;4.0;2.0;C01
62412;201400041375;0;34;0;0.0;0.0;0.0;1.0;A01
62413;201400041376;0;7;0;0.0;2.0;2.0;1.0;A01
62414;201400041376;0;34;0;0.0;2.0;2.0;1.0;B01
62415;201400041377;0;1;0;0.0;2.0;8.0;1.0;A01
62416;201400041377;1;30;0;0.0;9.0;1.0;2.0;Z01
62417;201400041378;0;7;0;0.0;2.0;8.0;1.0;A01
62418;201400041378;0;1;0;1.0;0.0;1.0;1.0;B01
62419;201400041379;0;1;0;0.0;2.0;8.0;2.0;A01
62420;201400041379;0;7;0;0.0;9.0;7.0;2.0;B01
62421;201400041380;0;30;0;0.0;2.0;6.0;2.0;A01
62422;201400041380;0;7;0;0.0;2.0;6.0;2.0;B01
62423;201400041381;0;32;0;0.0;2.0;2.0;15.0;A01
62424;201400041381;0;7;0;0.0;9.0;6.0;15.0;B01
62425;201400041382;0;7;0;14.0;0.0;2.0;15.0;A01
62426;201400041382;0;33;0;0.0;2.0;1.0;1.0;B01
62427;201400041383;0;7;0;0.0;2.0;2.0;1.0;B01
62428;201400041383;1;7;0;0.0;2.0;2.0;10.0;A01
62429;201400041384;0;32;0;0.0;2.0;3.0;1.0;A01
62430;201400041384;1;7;0;0.0;2.0;2.0;1.0;Z01
62431;201400041385;1;7;0;0.0;1.0;0.0;0.0;A01
62432;201400041386;0;7;0;0.0;2.0;1.0;1.0;A01
62433;201400041386;0;7;0;0.0;2.0;4.0;2.0;B01
62434;201400041386;0;7;0;0.0;2.0;4.0;2.0;C01
62435;201400041386;0;7;0;0.0;2.0;5.0;2.0;D01
62436;201400041387;0;7;0;0.0;0.0;4.0;0.0;A01
62437;201400041387;0;7;0;0.0;0.0;1.0;1.0;B01
62438;201400041388;0;32;0;0.0;2.0;1.0;2.0;A01
62439;201400041388;0;32;0;0.0;0.0;6.0;2.0;B01
62440;201400041390;0;3;0;0.0;1.0;3.0;1.0;A01
62441;201400041391;0;34;0;0.0;0.0;7.0;1.0;A01
62442;201400041391;0;7;0;0.0;0.0;6.0;15.0;B01
62443;201400041392;0;7;0;0.0;1.0;3.0;1.0;A01
62444;201400041393;0;31;0;0.0;1.0;1.0;2.0;A01
62445;201400041394;0;31;0;0.0;0.0;7.0;1.0;A01
62446;201400041394;0;7;0;0.0;0.0;1.0;16.0;B01
62447;201400041395;1;30;0;0.0;0.0;0.0;0.0;A01
62448;201400041396;0;7;0;0.0;1.0;3.0;1.0;A01
62449;201400041397;0;7;0;0.0;2.0;3.0;15.0;A01
62450;201400041397;0;30;0;0.0;2.0;2.0;1.0;B01
62451;201400041398;0;7;0;0.0;1.0;1.0;0.0;A01
62452;201400041399;0;7;0;0.0;0.0;7.0;1.0;A01
62453;201400041399;1;30;0;0.0;0.0;1.0;3.0;B01
62454;201400041400;0;7;0;0.0;2.0;1.0;0.0;A01
62455;201400041400;0;7;0;0.0;0.0;7.0;0.0;B01
62456;201400041401;0;7;0;0.0;1.0;4.0;4.0;A01
62457;201400041402;0;7;0;0.0;1.0;0.0;0.0;A01
62458;201400041403;0;7;0;0.0;0.0;1.0;15.0;A01
62459;201400041403;0;1;0;0.0;0.0;1.0;1.0;B01
62460;201400041404;0;33;0;0.0;2.0;1.0;1.0;B01
62461;201400041404;0;7;0;0.0;2.0;2.0;15.0;A01
62462;201400041405;0;37;1;0.0;1.0;1.0;1.0;A01
62463;201400041406;0;7;0;0.0;1.0;1.0;15.0;A01
62464;201400041407;0;7;0;0.0;1.0;3.0;0.0;A01
62465;201400041408;0;7;0;0.0;1.0;2.0;2.0;A01
62466;201400041408;0;7;0;0.0;2.0;6.0;2.0;B01
62467;201400041410;0;7;0;3.0;0.0;1.0;0.0;A01
62468;201400041411;0;7;0;0.0;2.0;1.0;1.0;A01
62469;201400041411;0;7;0;0.0;2.0;4.0;1.0;B01
62470;201400041412;0;10;0;0.0;2.0;1.0;1.0;A01
62471;201400041412;0;7;0;0.0;2.0;2.0;1.0;B01
62472;201400041413;0;30;0;0.0;1.0;7.0;5.0;B01
62473;201400041413;1;7;0;0.0;2.0;8.0;5.0;Z01
62474;201400041414;0;3;0;0.0;2.0;3.0;15.0;A01
62475;201400041414;0;32;0;0.0;2.0;8.0;17.0;B01
62476;201400041415;0;7;0;0.0;2.0;1.0;1.0;A01
62477;201400041415;0;7;0;0.0;2.0;4.0;1.0;B01
62478;201400041416;0;32;0;0.0;2.0;3.0;2.0;A01
62479;201400041416;0;7;0;0.0;2.0;2.0;2.0;B01
62480;201400041417;0;7;0;0.0;2.0;1.0;0.0;A01
62481;201400041417;0;7;0;0.0;2.0;4.0;2.0;B01
62482;201400041418;0;10;0;0.0;1.0;1.0;1.0;A01
62483;201400041419;0;7;0;12.0;1.0;0.0;1.0;A01
62484;201400041420;0;7;0;0.0;2.0;3.0;15.0;A01
62485;201400041420;0;7;0;0.0;2.0;3.0;1.0;B01
62486;201400041421;0;14;0;0.0;1.0;3.0;1.0;A01
62487;201400041422;0;7;0;0.0;2.0;4.0;0.0;A01
62488;201400041422;0;7;0;0.0;2.0;1.0;0.0;B01
62489;201400041423;0;7;0;0.0;1.0;2.0;0.0;A01
62490;201400041424;1;30;0;0.0;1.0;1.0;0.0;Z01
62491;201400041425;0;3;0;0.0;1.0;1.0;1.0;A01
62492;201400041428;0;10;0;0.0;1.0;1.0;1.0;A01
62493;201400041429;1;7;0;0.0;1.0;1.0;0.0;Z01
62494;201400041430;0;7;0;0.0;2.0;1.0;2.0;A01
62495;201400041430;0;7;0;0.0;2.0;4.0;2.0;B01
62496;201400041431;2;33;0;1.0;2.0;0.0;0.0;A01
62497;201400041431;0;33;0;0.0;2.0;1.0;0.0;B01
62498;201400041432;0;2;0;3.0;0.0;2.0;2.0;A01
62499;201400041433;0;7;0;0.0;2.0;3.0;6.0;A01
62500;201400041433;0;30;0;0.0;2.0;1.0;1.0;B01
62501;201400041434;0;2;0;0.0;1.0;1.0;0.0;A01
62502;201400041435;0;33;0;0.0;1.0;1.0;0.0;A01
62503;201400041436;0;7;0;0.0;2.0;3.0;0.0;A01
62504;201400041436;0;15;0;0.0;2.0;2.0;0.0;B01
62505;201400041437;0;10;0;0.0;1.0;1.0;16.0;A01
62506;201400041438;2;10;0;0.0;2.0;1.0;19.0;A01
62507;201400041438;0;34;0;0.0;2.0;2.0;1.0;B01
62508;201400041439;1;7;0;0.0;1.0;1.0;1.0;A01
62509;201400041441;0;7;0;0.0;1.0;3.0;0.0;A01
62510;201400041442;0;1;0;0.0;1.0;1.0;1.0;A01
62511;201400041443;0;37;42;0.0;1.0;3.0;2.0;A01
62512;201400041444;0;34;0;0.0;2.0;8.0;1.0;B01
62513;201400041444;0;7;0;0.0;2.0;2.0;0.0;A01
62514;201400041445;0;33;0;0.0;2.0;2.0;17.0;A01
62515;201400041445;0;7;0;0.0;2.0;3.0;15.0;B01
62516;201400041446;1;7;0;0.0;2.0;0.0;0.0;Z01
62517;201400041446;0;7;0;0.0;2.0;1.0;0.0;A01
62518;201400041447;0;14;0;0.0;2.0;5.0;15.0;A01
62519;201400041447;0;33;0;0.0;2.0;1.0;1.0;B01
62520;201400041448;0;7;0;0.0;2.0;8.0;15.0;A01
62521;201400041448;0;2;0;0.0;2.0;1.0;1.0;B01
62522;201400041449;0;3;0;0.0;2.0;3.0;15.0;A01
62523;201400041449;0;1;0;0.0;2.0;1.0;17.0;B01
62524;201400041450;1;7;0;0.0;1.0;0.0;1.0;Z01
62525;201400041452;0;7;0;0.0;2.0;4.0;0.0;B01
62526;201400041452;1;7;0;0.0;2.0;1.0;0.0;Z01
62527;201400041453;1;7;0;14.0;2.0;1.0;2.0;Z01
62528;201400041453;0;34;0;0.0;2.0;4.0;0.0;B01