;Num_Acc;senc;catv;occutc;obs;obsm;choc;manv;num_veh
62529;201400041454;0;7;0;0.0;2.0;5.0;1.0;A01
62530;201400041454;0;13;0;0.0;2.0;2.0;2.0;B01
62531;201400041456;0;1;0;0.0;2.0;1.0;1.0;B01
62532;201400041456;0;7;0;0.0;2.0;3.0;15.0;A01
62533;201400041457;0;7;0;0.0;1.0;3.0;0.0;A01
62534;201400041458;1;7;0;0.0;2.0;1.0;1.0;A01
62535;201400041458;0;32;0;0.0;2.0;1.0;1.0;B01
62536;201400041459;0;7;0;0.0;1.0;3.0;1.0;A01
62537;201400041460;0;2;0;0.0;2.0;1.0;0.0;B01
62538;201400041460;0;7;0;0.0;2.0;3.0;0.0;A01
62539;201400041461;0;30;0;0.0;2.0;2.0;1.0;A01
62540;201400041461;0;7;0;0.0;2.0;1.0;15.0;B01
62541;201400041463;0;7;0;0.0;2.0;5.0;16.0;A01
62542;201400041463;0;1;0;0.0;2.0;1.0;19.0;B01
62543;201400041464;0;7;0;0.0;1.0;1.0;0.0;A01
62544;201400041466;0;1;0;0.0;2.0;7.0;1.0;A01
62545;201400041466;1;3;0;0.0;2.0;3.0;1.0;Z01
62546;201400041467;0;7;0;0.0;2.0;7.0;1.0;B01
62547;201400041467;2;7;0;0.0;2.0;1.0;1.0;A01
62548;201400041468;0;7;0;0.0;1.0;3.0;2.0;A01
62549;201400041469;0;7;0;0.0;2.0;2.0;19.0;A01
62550;201400041469;0;33;0;0.0;0.0;1.0;1.0;B01
62551;201400041471;0;7;0;0.0;2.0;1.0;2.0;A01
62552;201400041471;0;7;0;0.0;2.0;1.0;1.0;B01
62553;201400041474;0;7;0;0.0;2.0;1.0;5.0;A01
62554;201400041474;0;7;0;0.0;2.0;1.0;1.0;B01
62555;201400041475;0;7;0;0.0;2.0;2.0;1.0;B01
62556;201400041475;0;7;0;0.0;2.0;3.0;1.0;A01
62557;201400041476;0;7;0;0.0;1.0;3.0;1.0;A01
62558;201400041477;0;7;0;0.0;2.0;1.0;20.0;A01
62559;201400041477;0;7;0;0.0;2.0;3.0;1.0;B01
62560;201400041477;0;7;0;0.0;2.0;8.0;2.0;E01
62561;201400041478;0;7;0;0.0;2.0;1.0;2.0;A01
62562;201400041478;0;7;0;0.0;1.0;1.0;23.0;B01
62563;201400041479;0;7;0;0.0;2.0;1.0;2.0;A01
62564;201400041479;0;7;0;0.0;0.0;4.0;2.0;B01
62565;201400041480;0;7;0;0.0;2.0;1.0;1.0;A01
62566;201400041480;0;7;0;0.0;0.0;4.0;1.0;B01
62567;201400041481;0;7;0;0.0;2.0;3.0;1.0;B01
62568;201400041481;0;7;0;0.0;2.0;2.0;15.0;A01
62569;201400041482;0;7;0;0.0;0.0;1.0;2.0;A01
62570;201400041482;0;7;0;0.0;0.0;4.0;2.0;B01
62571;201400041483;0;7;0;0.0;2.0;2.0;19.0;A01
62572;201400041483;0;7;0;0.0;2.0;3.0;19.0;B01
62573;201400041484;0;7;0;0.0;1.0;3.0;1.0;A01
62574;201400041485;0;10;0;0.0;1.0;4.0;4.0;A01
62575;201400041486;0;10;0;0.0;0.0;4.0;1.0;B01
62576;201400041486;0;7;0;0.0;0.0;0.0;1.0;A01
62577;201400041487;0;7;0;0.0;2.0;1.0;2.0;A01
62578;201400041487;0;7;0;0.0;2.0;4.0;2.0;B01
62579;201400041488;0;7;0;0.0;2.0;7.0;9.0;A01
62580;201400041488;0;7;0;0.0;2.0;1.0;19.0;B01
62581;201400041489;1;7;0;0.0;9.0;1.0;0.0;Z01
62582;201400041489;0;2;0;0.0;0.0;4.0;0.0;A01
62583;201400041491;0;10;0;0.0;1.0;2.0;0.0;A01
62584;201400041492;0;7;0;0.0;2.0;1.0;0.0;A01
62585;201400041492;0;7;0;0.0;0.0;0.0;0.0;B01
62586;201400041493;0;32;0;0.0;1.0;0.0;0.0;A01
62587;201400041494;0;32;0;0.0;2.0;8.0;0.0;A01
62588;201400041494;0;7;0;0.0;2.0;7.0;12.0;B01
62589;201400041495;0;7;0;0.0;1.0;1.0;0.0;A01
62590;201400041496;0;7;0;0.0;1.0;1.0;1.0;A01
62591;201400041498;0;7;0;0.0;1.0;2.0;0.0;A01
62592;201400041499;0;7;0;0.0;1.0;4.0;4.0;A01
62593;201400041500;0;7;0;0.0;1.0;1.0;1.0;A01
62594;201400041501;0;7;0;8.0;0.0;2.0;2.0;A01
62595;201400041501;0;7;0;0.0;2.0;6.0;1.0;B01
62596;201400041502;0;7;0;0.0;1.0;2.0;0.0;A01
62597;201400041503;0;7;0;0.0;0.0;4.0;0.0;A01
62598;201400041503;0;14;0;0.0;2.0;1.0;2.0;B01
62599;201400041504;0;7;0;0.0;2.0;3.0;0.0;A01
62600;201400041504;0;7;0;0.0;2.0;1.0;5.0;B01
62601;201400041505;0;7;0;0.0;2.0;3.0;0.0;A01
62602;201400041505;0;7;0;0.0;2.0;3.0;5.0;B01
62603;201400041507;0;7;0;8.0;0.0;2.0;5.0;A01
62604;201400041507;0;7;0;0.0;2.0;1.0;9.0;B01
62605;201400041508;0;7;0;0.0;2.0;1.0;2.0;A01
62606;201400041508;0;7;0;0.0;2.0;4.0;2.0;B01
62607;201400041509;2;36;0;6.0;0.0;2.0;0.0;A01
62608;201400041510;0;7;0;0.0;2.0;0.0;0.0;A01
62609;201400041510;0;7;0;0.0;2.0;0.0;0.0;B01
62610;201400041511;0;7;0;0.0;9.0;2.0;0.0;A01
62611;201400041511;0;1;0;0.0;2.0;1.0;0.0;B01
62612;201400041513;0;7;0;0.0;1.0;1.0;16.0;A01
62613;201400041514;0;1;0;0.0;2.0;8.0;1.0;A01
62614;201400041514;1;7;0;0.0;9.0;7.0;1.0;Z01
62615;201400041515;0;7;0;0.0;2.0;1.0;1.0;A01
62616;201400041515;0;7;0;0.0;0.0;4.0;23.0;B01
62617;201400041516;0;7;0;0.0;2.0;1.0;2.0;A01
62618;201400041516;0;7;0;0.0;2.0;4.0;23.0;B01
62619;201400041517;0;7;0;0.0;0.0;8.0;11.0;A01
62620;201400041517;0;10;0;0.0;0.0;7.0;1.0;B01
62621;201400041518;0;7;0;0.0;2.0;3.0;2.0;A01
62622;201400041518;0;31;0;0.0;2.0;5.0;2.0;B01
62623;201400041519;1;7;0;0.0;9.0;1.0;0.0;A01
62624;201400041519;0;1;0;0.0;2.0;1.0;5.0;B01
62625;201400041520;0;33;0;0.0;2.0;1.0;1.0;A01
62626;201400041520;0;7;0;0.0;2.0;3.0;9.0;B01
62627;201400041521;0;7;0;0.0;2.0;1.0;2.0;A01
62628;201400041521;0;1;0;0.0;0.0;4.0;2.0;B01
62629;201400041522;0;3;0;1.0;0.0;2.0;1.0;A01
62630;201400041523;0;1;0;0.0;2.0;8.0;1.0;B01
62631;201400041523;1;7;0;0.0;9.0;1.0;19.0;Z01
62632;201400041524;0;7;0;2.0;0.0;3.0;0.0;A01
62633;201400041525;2;7;0;1.0;2.0;0.0;1.0;A01
62634;201400041525;0;7;0;0.0;2.0;4.0;1.0;B01
62635;201400041526;0;2;0;0.0;9.0;1.0;0.0;A01
62636;201400041526;0;1;0;0.0;0.0;1.0;0.0;B01
62637;201400041527;0;33;0;0.0;2.0;1.0;0.0;B01
62638;201400041527;0;7;0;0.0;0.0;3.0;0.0;A01
62639;201400041528;0;7;0;0.0;2.0;1.0;2.0;A01
62640;201400041528;0;7;0;0.0;2.0;4.0;2.0;B01
62641;201400041528;0;7;0;0.0;2.0;4.0;2.0;C01
62642;201400041528;0;7;0;0.0;0.0;4.0;2.0;D01
62643;201400041530;0;37;0;0.0;1.0;1.0;1.0;A01
62644;201400041531;0;7;0;0.0;2.0;1.0;14.0;A01
62645;201400041531;0;7;0;0.0;2.0;1.0;1.0;B01
62646;201400041532;0;7;0;0.0;2.0;1.0;2.0;A01
62647;201400041532;0;2;0;0.0;1.0;1.0;2.0;B01
62648;201400041533;0;7;0;0.0;2.0;1.0;1.0;A01
62649;201400041533;0;7;0;0.0;2.0;2.0;15.0;B01
62650;201400041535;0;7;0;0.0;2.0;1.0;1.0;A01
62651;201400041535;0;7;0;0.0;2.0;7.0;1.0;B01
62652;201400041537;0;7;0;0.0;2.0;1.0;2.0;A01
62653;201400041537;0;7;0;0.0;2.0;4.0;2.0;B01
62654;201400041537;0;7;0;0.0;0.0;4.0;2.0;C01
62655;201400041538;0;7;0;0.0;2.0;2.0;16.0;A01
62656;201400041538;0;7;0;8.0;2.0;3.0;1.0;B01
62657;201400041539;0;7;0;11.0;2.0;8.0;9.0;A01
62658;201400041539;0;30;0;0.0;2.0;1.0;1.0;B01
62659;201400041540;0;1;0;1.0;0.0;3.0;1.0;A01
62660;201400041540;0;7;0;1.0;0.0;3.0;0.0;B01
62661;201400041541;1;10;0;0.0;2.0;0.0;0.0;A01
62662;201400041541;0;7;0;0.0;2.0;0.0;16.0;B01
62663;201400041543;0;30;0;0.0;0.0;0.0;1.0;A01
62664;201400041544;1;99;0;0.0;0.0;0.0;0.0;A01
62665;201400041544;0;7;0;0.0;0.0;3.0;0.0;B01
62666;201400041545;1;99;0;0.0;2.0;0.0;0.0;A01
62667;201400041547;0;7;0;0.0;2.0;1.0;1.0;B01
62668;201400041547;0;7;0;0.0;2.0;8.0;9.0;A01
62669;201400041548;1;31;0;0.0;1.0;1.0;1.0;Z01
62670;201400041549;0;7;0;0.0;1.0;1.0;1.0;A01
62671;201400041550;0;7;0;0.0;1.0;1.0;0.0;A01
62672;201400041551;0;7;0;0.0;2.0;2.0;17.0;A01
62673;201400041551;0;7;0;0.0;2.0;3.0;19.0;B01
62674;201400041552;0;7;0;0.0;1.0;1.0;0.0;A01
62675;201400041553;0;7;0;0.0;1.0;2.0;16.0;A01
62676;201400041554;0;7;0;0.0;1.0;2.0;2.0;A01
62677;201400041556;0;7;0;0.0;2.0;3.0;15.0;A01
62678;201400041556;0;33;0;0.0;2.0;1.0;2.0;B01
62679;201400041556;0;7;0;0.0;2.0;3.0;15.0;C01
62680;201400041557;0;34;0;0.0;2.0;1.0;1.0;A01
62681;201400041557;0;7;0;0.0;0.0;6.0;1.0;B01
62682;201400041558;0;34;0;0.0;1.0;1.0;2.0;A01
62683;201400041559;1;99;0;0.0;1.0;0.0;0.0;A01
62684;201400041560;1;33;0;0.0;1.0;1.0;1.0;A01
62685;201400041561;0;7;0;0.0;0.0;8.0;1.0;B01
62686;201400041561;0;7;0;0.0;2.0;1.0;1.0;A01
62687;201400041562;1;99;0;0.0;2.0;0.0;0.0;A01
62688;201400041563;0;7;0;0.0;0.0;1.0;2.0;A01
62689;201400041563;0;7;0;0.0;0.0;4.0;2.0;B01
62690;201400041564;0;7;0;0.0;2.0;1.0;2.0;A01
62691;201400041564;0;7;0;0.0;2.0;1.0;2.0;B01
62692;201400041565;0;7;0;0.0;2.0;1.0;16.0;A01
62693;201400041565;0;2;0;0.0;2.0;3.0;15.0;B01
62694;201400041566;0;7;0;0.0;2.0;6.0;0.0;A01
62695;201400041566;1;7;0;0.0;2.0;0.0;0.0;Z01
62696;201400041567;0;7;0;0.0;1.0;1.0;1.0;A01
62697;201400041568;0;7;0;0.0;0.0;7.0;15.0;A01
62698;201400041568;0;7;0;0.0;0.0;1.0;1.0;B01
62699;201400041570;0;7;0;1.0;0.0;2.0;1.0;A01
62700;201400041571;0;7;0;0.0;1.0;1.0;23.0;A01
62701;201400041573;0;7;0;0.0;1.0;4.0;0.0;A01
62702;201400041574;0;7;0;0.0;2.0;2.0;9.0;A01
62703;201400041574;0;7;0;0.0;2.0;8.0;19.0;B01
62704;201400041575;0;7;0;14.0;0.0;4.0;23.0;A01
62705;201400041575;0;7;0;0.0;0.0;1.0;0.0;B01
62706;201400041576;0;7;0;0.0;2.0;1.0;3.0;A01
62707;201400041576;0;7;0;0.0;2.0;4.0;2.0;B01
62708;201400041576;0;7;0;0.0;2.0;4.0;2.0;C01
62709;201400041577;0;7;0;0.0;1.0;1.0;1.0;A01
62710;201400041578;0;7;0;0.0;1.0;5.0;9.0;A01
62711;201400041580;0;7;0;9.0;2.0;8.0;11.0;A01
62712;201400041580;0;7;0;0.0;2.0;2.0;1.0;B01
62713;201400041581;0;10;0;0.0;2.0;3.0;1.0;A01
62714;201400041581;0;7;0;0.0;0.0;6.0;11.0;B01
62715;201400041582;0;7;0;0.0;1.0;1.0;1.0;A01
62716;201400041583;0;7;0;0.0;2.0;3.0;0.0;B01
62717;201400041583;0;7;0;15.0;2.0;2.0;0.0;A01
62718;201400041584;0;7;0;0.0;2.0;1.0;2.0;A01
62719;201400041584;0;7;0;0.0;2.0;3.0;9.0;B01
62720;201400041585;0;2;0;0.0;2.0;1.0;19.0;A01
62721;201400041585;0;7;0;0.0;2.0;1.0;16.0;B01
62722;201400041586;0;32;0;0.0;2.0;1.0;0.0;B01
62723;201400041586;0;7;0;0.0;2.0;1.0;1.0;A01
62724;201400041587;0;10;0;0.0;2.0;4.0;0.0;A01
62725;201400041587;0;7;0;0.0;2.0;1.0;0.0;B01
62726;201400041589;0;7;0;0.0;2.0;1.0;1.0;A01
62727;201400041589;0;7;0;0.0;0.0;4.0;1.0;B01
62728;201400041590;0;7;0;0.0;2.0;8.0;1.0;A01
62729;201400041590;0;2;0;0.0;2.0;1.0;3.0;B01
62730;201400041591;0;1;0;0.0;2.0;1.0;0.0;B01
62731;201400041591;0;7;0;0.0;2.0;3.0;0.0;A01
62732;201400041592;0;7;0;0.0;1.0;1.0;1.0;A01
62733;201400041593;0;32;0;12.0;0.0;1.0;0.0;A01
62734;201400041594;0;7;0;0.0;2.0;2.0;1.0;B01
62735;201400041594;0;1;0;0.0;2.0;7.0;0.0;A01
62736;201400041595;0;7;0;0.0;1.0;2.0;1.0;A01
62737;201400041596;0;7;0;0.0;0.0;5.0;15.0;A01
62738;201400041596;0;33;0;0.0;2.0;1.0;1.0;B01
62739;201400041597;0;7;0;0.0;0.0;0.0;0.0;A01
62740;201400041597;0;7;0;0.0;0.0;0.0;0.0;B01
62741;201400041597;1;99;0;0.0;0.0;0.0;0.0;Z01
62742;201400041598;0;7;0;0.0;1.0;2.0;0.0;A01
62743;201400041599;0;37;0;0.0;2.0;2.0;0.0;B01
62744;201400041600;0;7;0;0.0;2.0;3.0;1.0;A01
62745;201400041600;2;7;0;0.0;2.0;3.0;15.0;Z01
62746;201400041601;0;7;0;0.0;0.0;3.0;15.0;A01
62747;201400041601;0;1;0;0.0;2.0;0.0;17.0;B01
62748;201400041602;0;7;0;0.0;0.0;7.0;0.0;A01
62749;201400041602;0;7;0;0.0;0.0;1.0;1.0;B01
62750;201400041603;0;7;0;0.0;2.0;7.0;1.0;A01
62751;201400041603;0;7;0;0.0;2.0;1.0;1.0;B01
62752;201400041605;0;7;0;0.0;0.0;4.0;2.0;A01
62753;201400041605;0;7;0;0.0;2.0;1.0;2.0;B01
62754;201400041606;0;2;0;15.0;0.0;1.0;1.0;A01
62755;201400041607;2;7;0;0.0;2.0;0.0;0.0;A01
62756;201400041607;0;7;0;0.0;2.0;0.0;0.0;B01
62757;201400041608;0;7;0;0.0;2.0;7.0;1.0;A01
62758;201400041608;0;7;0;0.0;2.0;1.0;15.0;B01
62759;201400041609;0;7;0;0.0;1.0;2.0;1.0;A01
62760;201400041610;0;3;0;2.0;0.0;2.0;0.0;A01
62761;201400041611;1;10;0;1.0;1.0;3.0;0.0;Z01
62762;201400041612;0;7;0;0.0;0.0;2.0;0.0;A01
62763;201400041613;0;7;0;0.0;2.0;1.0;2.0;A01
62764;201400041613;0;7;0;0.0;2.0;4.0;2.0;B01
62765;201400041613;0;7;0;0.0;0.0;4.0;2.0;C01
62766;201400041614;0;32;0;0.0;1.0;1.0;1.0;A01
62767;201400041615;0;7;0;0.0;1.0;1.0;2.0;A01
62768;201400041616;0;7;0;0.0;0.0;3.0;1.0;A01
62769;201400041616;0;7;0;0.0;0.0;3.0;1.0;B01
62770;201400041617;0;7;0;2.0;0.0;1.0;2.0;A01
62771;201400041618;0;7;0;0.0;0.0;3.0;9.0;A01
62772;201400041618;0;34;0;0.0;0.0;1.0;1.0;B01
62773;201400041619;0;7;0;0.0;2.0;2.0;1.0;A01
62774;201400041619;0;7;0;15.0;2.0;3.0;1.0;B01
62775;201400041620;0;7;0;0.0;2.0;2.0;15.0;A01
62776;201400041620;0;7;0;0.0;2.0;3.0;1.0;B01
62777;201400041621;0;7;0;0.0;1.0;1.0;9.0;A01
62778;201400041622;0;3;0;0.0;1.0;2.0;0.0;A01
62779;201400041623;0;7;0;12.0;0.0;1.0;0.0;A01
62780;201400041624;0;10;0;0.0;2.0;1.0;1.0;A01
62781;201400041624;0;7;0;0.0;0.0;4.0;1.0;B01
62782;201400041625;0;10;0;0.0;2.0;2.0;11.0;A01
62783;201400041625;0;33;0;0.0;2.0;1.0;2.0;B01
62784;201400041626;0;1;0;0.0;0.0;0.0;0.0;B01
62785;201400041626;0;7;0;0.0;0.0;2.0;0.0;A01
62786;201400041627;0;7;0;0.0;2.0;2.0;15.0;A01
62787;201400041627;0;33;0;0.0;2.0;3.0;2.0;B01
62788;201400041628;0;37;2;0.0;2.0;3.0;1.0;B01
62789;201400041628;0;7;0;0.0;2.0;2.0;15.0;A01
62790;201400041630;0;7;0;0.0;2.0;2.0;15.0;A01
62791;201400041630;0;7;0;8.0;2.0;8.0;19.0;B01
62792;201400041631;0;7;0;6.0;0.0;3.0;2.0;A01
62793;201400041632;0;7;0;0.0;2.0;0.0;0.0;A01
62794;201400041632;0;7;0;0.0;2.0;0.0;0.0;B01
62795;201400041633;0;3;0;0.0;1.0;0.0;9.0;A01
62796;201400041634;0;7;0;0.0;2.0;2.0;1.0;A01
62797;201400041634;0;7;0;0.0;2.0;1.0;15.0;B01
62798;201400041635;0;7;0;0.0;2.0;4.0;2.0;B01
62799;201400041635;0;7;0;0.0;2.0;4.0;0.0;C01
62800;201400041635;0;7;0;0.0;2.0;4.0;2.0;D01
62801;201400041635;0;7;0;0.0;2.0;4.0;2.0;E01
62802;201400041635;2;7;0;0.0;2.0;1.0;1.0;Z01
62803;201400041635;0;7;0;0.0;2.0;0.0;2.0;F02
62804;201400041635;0;7;0;0.0;2.0;4.0;2.0;G02
62805;201400041635;0;7;0;0.0;2.0;4.0;2.0;H02
62806;201400041636;1;7;0;0.0;1.0;0.0;0.0;Z01
62807;201400041637;0;7;0;0.0;1.0;1.0;0.0;A01
62808;201400041638;0;7;0;0.0;2.0;1.0;0.0;A01
62809;201400041638;0;34;0;0.0;2.0;1.0;0.0;B01
62810;201400041639;0;7;0;0.0;2.0;1.0;2.0;A01
62811;201400041639;0;7;0;0.0;2.0;4.0;2.0;B01
62812;201400041640;0;10;0;0.0;2.0;4.0;5.0;A01
62813;201400041640;0;7;0;0.0;2.0;1.0;1.0;B01
62814;201400041641;0;7;0;0.0;0.0;0.0;0.0;A01
62815;201400041641;0;7;0;0.0;0.0;4.0;0.0;B01
62816;201400041642;0;7;0;0.0;2.0;1.0;1.0;B01
62817;201400041642;0;7;0;0.0;2.0;1.0;1.0;A01
62818;201400041643;0;1;0;0.0;0.0;0.0;1.0;A01
62819;201400041644;0;3;0;0.0;2.0;4.0;2.0;A01
62820;201400041644;0;7;0;0.0;2.0;1.0;2.0;B01
62821;201400041645;0;7;0;0.0;1.0;2.0;0.0;A01
62822;201400041646;0;7;0;0.0;1.0;1.0;1.0;A01
62823;201400041647;0;7;0;0.0;2.0;7.0;0.0;B01
62824;201400041647;0;7;0;0.0;2.0;1.0;9.0;A01
62825;201400041648;0;7;0;0.0;2.0;1.0;1.0;A01
62826;201400041648;0;7;0;0.0;2.0;2.0;10.0;B01
62827;201400041649;0;7;0;0.0;1.0;1.0;20.0;A01
62828;201400041650;0;7;0;1.0;0.0;2.0;1.0;A01
62829;201400041651;0;7;0;0.0;1.0;1.0;1.0;A01
62830;201400041652;2;7;0;0.0;1.0;1.0;1.0;A01
62831;201400041653;0;7;0;0.0;0.0;2.0;1.0;A01
62832;201400041653;0;7;0;0.0;0.0;3.0;1.0;B01
62833;201400041653;0;7;0;0.0;0.0;3.0;1.0;C01
62834;201400041654;2;7;0;0.0;0.0;1.0;5.0;A01
62835;201400041654;0;7;0;0.0;2.0;1.0;1.0;B01
62836;201400041655;0;7;0;0.0;0.0;0.0;0.0;A01
62837;201400041655;2;7;0;0.0;0.0;0.0;0.0;B01
62838;201400041657;0;7;0;0.0;2.0;1.0;1.0;A01
62839;201400041657;0;7;0;0.0;2.0;3.0;9.0;B01
62840;201400041659;0;7;0;0.0;1.0;3.0;0.0;A01
62841;201400041660;0;1;0;0.0;0.0;8.0;5.0;B01
62842;201400041660;0;7;0;0.0;0.0;3.0;0.0;A01
62843;201400041661;0;10;0;0.0;1.0;1.0;1.0;A01
62844;201400041662;0;7;0;0.0;0.0;0.0;0.0;A01
62845;201400041663;0;7;0;0.0;2.0;1.0;1.0;A01
62846;201400041663;0;7;0;0.0;2.0;9.0;0.0;B01
62847;201400041663;0;7;0;0.0;2.0;4.0;0.0;C01
62848;201400041664;0;7;0;0.0;2.0;8.0;10.0;A01
62849;201400041664;0;7;0;0.0;2.0;1.0;1.0;B01
62850;201400041665;1;7;0;0.0;1.0;0.0;0.0;A01
62851;201400041666;0;7;0;0.0;1.0;2.0;2.0;A01
62852;201400041667;0;7;0;0.0;0.0;2.0;1.0;B01
62853;201400041667;0;7;0;0.0;2.0;1.0;19.0;A01
62854;201400041668;0;10;0;0.0;1.0;4.0;4.0;A01
62855;201400041669;0;37;0;0.0;2.0;1.0;2.0;B01
62856;201400041669;0;33;0;0.0;2.0;4.0;2.0;A01
62857;201400041670;0;7;0;0.0;2.0;7.0;0.0;B01
62858;201400041670;0;7;0;0.0;2.0;1.0;9.0;A01
62859;201400041671;0;10;0;0.0;2.0;1.0;2.0;A01
62860;201400041671;0;10;0;0.0;0.0;4.0;2.0;B01
62861;201400041672;0;30;0;0.0;2.0;1.0;2.0;B01
62862;201400041672;0;7;0;0.0;2.0;3.0;9.0;A01
62863;201400041674;0;33;0;0.0;1.0;3.0;0.0;A01
62864;201400041675;0;33;0;0.0;2.0;1.0;1.0;A01
62865;201400041675;0;7;0;0.0;2.0;2.0;0.0;B01
62866;201400041676;0;7;0;0.0;1.0;1.0;0.0;A01
62867;201400041677;0;7;0;3.0;2.0;7.0;15.0;A01
62868;201400041677;0;7;0;0.0;2.0;2.0;5.0;B01
62869;201400041679;0;7;0;1.0;0.0;2.0;9.0;A01
62870;201400041680;1;7;0;0.0;2.0;2.0;1.0;A01
62871;201400041680;0;32;0;0.0;2.0;5.0;1.0;B01
62872;201400041681;0;32;0;0.0;2.0;2.0;17.0;A01
62873;201400041681;0;7;0;0.0;2.0;3.0;15.0;B01
62874;201400041682;0;7;0;0.0;2.0;2.0;0.0;A01
62875;201400041682;0;7;0;0.0;2.0;1.0;0.0;B01
62876;201400041683;1;2;0;0.0;2.0;1.0;1.0;A01
62877;201400041683;0;7;0;0.0;0.0;0.0;1.0;B01
62878;201400041684;0;7;0;15.0;1.0;0.0;1.0;A01
62879;201400041685;0;7;0;0.0;1.0;8.0;1.0;A01
62880;201400041686;2;7;0;0.0;2.0;1.0;1.0;A01
62881;201400041686;0;7;0;0.0;2.0;8.0;15.0;B01
62882;201400041687;2;7;0;1.0;2.0;8.0;14.0;A01
62883;201400041687;0;10;0;0.0;2.0;1.0;1.0;B01
62884;201400041688;0;7;0;0.0;2.0;2.0;2.0;A01
62885;201400041688;0;7;0;0.0;2.0;6.0;0.0;B01
62886;201400041688;0;7;0;0.0;2.0;3.0;0.0;C01
62887;201400041689;1;7;0;0.0;1.0;0.0;4.0;A01
62888;201400041690;0;7;0;1.0;2.0;2.0;1.0;A01
62889;201400041690;0;13;0;6.0;0.0;1.0;1.0;B01
62890;201400041691;0;7;0;0.0;2.0;1.0;1.0;B01
62891;201400041691;0;7;0;6.0;2.0;1.0;1.0;C01
62892;201400041691;0;7;0;0.0;2.0;3.0;9.0;A01
62893;201400041692;0;38;1;0.0;2.0;3.0;16.0;B01
62894;201400041692;0;32;0;0.0;2.0;3.0;9.0;A01
62895;201400041693;0;34;0;0.0;1.0;1.0;1.0;A01
62896;201400041694;0;7;0;0.0;1.0;1.0;1.0;A01
62897;201400041695;0;7;0;0.0;2.0;3.0;2.0;A01
62898;201400041695;0;30;0;0.0;2.0;1.0;2.0;B01
62899;201400041696;0;7;0;0.0;1.0;2.0;0.0;A01
62900;201400041697;0;7;0;0.0;2.0;4.0;23.0;B01
62901;201400041697;0;7;0;0.0;2.0;4.0;23.0;C01
62902;201400041697;2;7;0;1.0;2.0;1.0;2.0;A01
62903;201400041698;0;33;0;8.0;2.0;7.0;15.0;A01
62904;201400041698;0;10;0;8.0;2.0;1.0;16.0;B01
62905;201400041699;0;7;0;0.0;1.0;7.0;0.0;A01
62906;201400041701;0;1;0;0.0;2.0;7.0;0.0;A01
62907;201400041701;0;7;0;0.0;2.0;1.0;0.0;B01
62908;201400041702;0;7;0;0.0;1.0;1.0;15.0;A01
62909;201400041703;0;99;0;0.0;2.0;3.0;15.0;A01
62910;201400041703;0;1;0;0.0;2.0;4.0;15.0;B01
62911;201400041704;0;7;0;1.0;1.0;2.0;1.0;A01
62912;201400041705;0;13;0;0.0;2.0;1.0;2.0;A01
62913;201400041705;0;7;0;8.0;2.0;7.0;10.0;B01
62914;201400041707;0;7;0;8.0;1.0;1.0;16.0;A01
62915;201400041708;0;7;0;0.0;2.0;1.0;15.0;A01
62916;201400041708;0;7;0;0.0;2.0;1.0;1.0;B01
62917;201400041709;0;7;0;0.0;1.0;2.0;1.0;A01
62918;201400041710;0;7;0;0.0;1.0;1.0;0.0;A01
62919;201400041712;0;34;0;0.0;1.0;1.0;2.0;A01
62920;201400041713;0;7;0;0.0;1.0;1.0;0.0;A01
62921;201400041714;0;7;0;0.0;2.0;7.0;12.0;A01
62922;201400041714;0;37;1;0.0;2.0;1.0;7.0;B01
62923;201400041715;1;7;0;0.0;1.0;0.0;0.0;A01
62924;201400041716;0;17;0;0.0;1.0;1.0;1.0;A01
62925;201400041717;0;99;0;0.0;1.0;1.0;1.0;A01
62926;201400041718;0;7;0;0.0;1.0;0.0;2.0;A01
62927;201400041719;0;7;0;0.0;2.0;3.0;15.0;A01
62928;201400041719;0;32;0;0.0;0.0;8.0;1.0;B01
62929;201400041720;0;30;0;0.0;2.0;9.0;1.0;A01
62930;201400041720;1;7;0;0.0;2.0;0.0;10.0;Z01
62931;201400041721;0;7;0;0.0;2.0;1.0;2.0;A01
62932;201400041721;0;15;0;0.0;2.0;4.0;2.0;B01
62933;201400041722;0;7;0;14.0;0.0;1.0;1.0;A01
62934;201400041723;1;7;0;0.0;1.0;1.0;1.0;A01
62935;201400041724;0;7;0;0.0;0.0;0.0;0.0;A01
62936;201400041724;0;7;0;0.0;0.0;0.0;0.0;B01
62937;201400041726;0;7;0;0.0;1.0;2.0;16.0;A01
62938;201400041727;2;7;0;0.0;1.0;0.0;0.0;A01
62939;201400041728;0;7;0;0.0;1.0;1.0;0.0;A01
62940;201400041729;0;7;0;1.0;2.0;8.0;11.0;A01
62941;201400041729;0;7;0;0.0;2.0;9.0;1.0;B01
62942;201400041729;0;13;0;0.0;2.0;1.0;1.0;C01
62943;201400041730;0;7;0;0.0;2.0;1.0;16.0;A01
62944;201400041730;0;7;0;0.0;2.0;7.0;9.0;B01
62945;201400041731;0;7;0;12.0;0.0;0.0;0.0;A01
62946;201400041732;0;2;0;0.0;2.0;1.0;3.0;A01
62947;201400041732;0;2;0;0.0;2.0;3.0;2.0;C01
62948;201400041732;0;32;0;0.0;2.0;4.0;1.0;B01
62949;201400041732;0;7;0;0.0;2.0;7.0;2.0;F02
62950;201400041732;0;7;0;0.0;2.0;6.0;2.0;E01
62951;201400041732;0;7;0;0.0;2.0;2.0;0.0;D01