;Num_Acc;senc;catv;occutc;obs;obsm;choc;manv;num_veh
62952;201400041733;0;7;0;0.0;4.0;8.0;9.0;A01
62953;201400041733;0;21;0;0.0;2.0;1.0;2.0;B01
62954;201400041734;0;7;0;0.0;2.0;8.0;16.0;A01
62955;201400041734;0;7;0;0.0;2.0;2.0;15.0;B01
62956;201400041735;0;2;0;1.0;0.0;9.0;2.0;A01
62957;201400041736;0;7;0;0.0;2.0;2.0;1.0;A01
62958;201400041736;0;2;0;0.0;2.0;7.0;6.0;B01
62959;201400041737;0;7;0;0.0;2.0;2.0;0.0;A01
62960;201400041737;0;15;0;0.0;2.0;6.0;1.0;B01
62961;201400041738;0;7;0;0.0;2.0;1.0;1.0;A01
62962;201400041738;0;7;0;0.0;2.0;8.0;9.0;B01
62963;201400041739;0;7;0;0.0;1.0;6.0;4.0;A01
62964;201400041740;0;2;0;0.0;2.0;8.0;0.0;A01
62965;201400041740;0;7;0;0.0;2.0;8.0;0.0;B01
62966;201400041741;0;7;0;0.0;0.0;8.0;0.0;A01
62967;201400041741;0;7;0;0.0;0.0;2.0;0.0;B01
62968;201400041742;0;33;0;0.0;2.0;0.0;21.0;A01
62969;201400041742;0;7;0;0.0;2.0;0.0;19.0;B01
62970;201400041743;1;99;0;0.0;2.0;0.0;0.0;A01
62971;201400041743;0;7;0;0.0;2.0;1.0;0.0;B01
62972;201400041744;0;7;0;0.0;2.0;3.0;11.0;A01
62973;201400041744;0;34;0;0.0;2.0;5.0;3.0;B01
62974;201400041744;0;7;0;0.0;2.0;5.0;1.0;C01
62975;201400041745;0;7;0;0.0;2.0;1.0;0.0;A01
62976;201400041745;0;99;0;0.0;0.0;0.0;0.0;B01
62977;201400041746;0;40;0;0.0;0.0;3.0;0.0;A01
62978;201400041746;0;14;0;0.0;0.0;3.0;0.0;B01
62979;201400041747;0;7;0;0.0;1.0;1.0;1.0;A01
62980;201400041748;0;31;0;0.0;2.0;2.0;17.0;A01
62981;201400041748;0;7;0;0.0;2.0;3.0;15.0;B01
62982;201400041749;0;7;0;0.0;2.0;1.0;1.0;B01
62983;201400041749;0;7;0;0.0;2.0;1.0;1.0;A01
62984;201400041750;0;7;0;0.0;1.0;5.0;4.0;A01
62985;201400041750;0;7;0;0.0;1.0;2.0;23.0;B01
62986;201400041751;0;7;0;0.0;0.0;5.0;0.0;A01
62987;201400041751;0;32;0;0.0;0.0;1.0;0.0;B01
62988;201400041752;0;7;0;8.0;0.0;0.0;0.0;A01
62989;201400041753;0;32;0;0.0;0.0;7.0;17.0;A01
62990;201400041753;0;7;0;0.0;0.0;3.0;15.0;B01
62991;201400041754;0;7;0;0.0;0.0;2.0;12.0;A01
62992;201400041754;0;7;0;0.0;0.0;3.0;1.0;B01
62993;201400041755;0;7;0;0.0;2.0;1.0;12.0;A01
62994;201400041755;0;7;0;0.0;0.0;6.0;2.0;B01
62995;201400041756;0;7;0;0.0;2.0;2.0;0.0;A01
62996;201400041756;0;7;0;0.0;2.0;5.0;0.0;B01
62997;201400041757;0;7;0;0.0;2.0;1.0;19.0;B01
62998;201400041757;0;7;0;0.0;2.0;7.0;19.0;A01
62999;201400041758;2;7;0;0.0;1.0;1.0;0.0;A01
63000;201400041759;1;7;0;0.0;0.0;1.0;2.0;A01
63001;201400041759;0;7;0;0.0;2.0;1.0;2.0;B01
63002;201400041759;0;7;0;0.0;2.0;4.0;0.0;C01
63003;201400041760;0;7;0;0.0;1.0;2.0;16.0;A01
63004;201400041761;0;7;0;0.0;1.0;0.0;0.0;A01
63005;201400041762;0;1;0;0.0;0.0;0.0;0.0;B01
63006;201400041762;1;7;0;0.0;0.0;1.0;0.0;A01
63007;201400041763;0;33;0;0.0;0.0;1.0;1.0;A01
63008;201400041763;0;99;0;0.0;0.0;4.0;11.0;B01
63009;201400041764;0;7;0;0.0;2.0;4.0;0.0;A01
63010;201400041764;0;15;0;0.0;0.0;0.0;0.0;B01
63011;201400041765;0;7;0;12.0;0.0;1.0;2.0;A01
63012;201400041766;0;7;0;1.0;0.0;1.0;0.0;A01
63013;201400041766;0;7;0;0.0;2.0;4.0;24.0;B01
63014;201400041766;0;7;0;0.0;2.0;6.0;24.0;C01
63015;201400041767;0;7;0;0.0;2.0;7.0;2.0;A01
63016;201400041767;0;32;0;12.0;2.0;8.0;2.0;B01
63017;201400041768;0;34;0;0.0;2.0;7.0;2.0;A01
63018;201400041768;0;10;0;0.0;2.0;6.0;2.0;B01
63019;201400041770;0;7;0;14.0;2.0;1.0;2.0;A01
63020;201400041770;0;7;0;0.0;0.0;4.0;2.0;B01
63021;201400041770;0;7;0;14.0;2.0;1.0;2.0;C01
63022;201400041771;0;10;0;11.0;0.0;1.0;19.0;A01
63023;201400041772;0;7;0;0.0;2.0;5.0;15.0;A01
63024;201400041772;0;34;0;0.0;2.0;3.0;1.0;B01
63025;201400041773;0;10;0;0.0;2.0;1.0;2.0;A01
63026;201400041773;0;7;0;0.0;0.0;6.0;2.0;B01
63027;201400041774;0;7;0;0.0;0.0;2.0;20.0;A01
63028;201400041774;0;1;0;0.0;2.0;1.0;0.0;Y01
63029;201400041775;0;15;0;0.0;0.0;7.0;12.0;A01
63030;201400041775;0;30;0;0.0;0.0;8.0;1.0;B01
63031;201400041776;0;7;0;8.0;1.0;1.0;0.0;A01
63032;201400041777;0;7;0;0.0;9.0;4.0;0.0;A01
63033;201400041777;0;30;0;0.0;2.0;1.0;0.0;B01
63034;201400041778;0;30;0;0.0;1.0;1.0;1.0;A01
63035;201400041779;0;7;0;0.0;1.0;2.0;2.0;A01
63036;201400041780;1;7;0;0.0;1.0;0.0;0.0;A01
63037;201400041781;1;7;0;0.0;1.0;2.0;0.0;A01
63038;201400041782;0;7;0;9.0;9.0;3.0;2.0;A01
63039;201400041783;0;7;0;8.0;2.0;3.0;0.0;A01
63040;201400041783;1;7;0;0.0;2.0;0.0;0.0;Z01
63041;201400041784;0;7;0;0.0;2.0;2.0;20.0;A01
63042;201400041784;0;7;0;0.0;2.0;3.0;1.0;B01
63043;201400041785;0;7;0;0.0;2.0;6.0;9.0;A01
63044;201400041785;0;32;0;0.0;2.0;1.0;1.0;B01
63045;201400041788;0;7;0;0.0;1.0;3.0;15.0;A01
63046;201400041789;0;7;0;0.0;1.0;1.0;1.0;A01
63047;201400041790;0;15;0;0.0;1.0;6.0;1.0;A01
63048;201400041791;0;7;0;0.0;1.0;2.0;0.0;A01
63049;201400041792;0;7;0;0.0;2.0;1.0;2.0;A01
63050;201400041792;0;7;0;0.0;2.0;4.0;2.0;B01
63051;201400041792;0;7;0;0.0;2.0;4.0;2.0;C01
63052;201400041793;0;30;0;0.0;0.0;7.0;0.0;A01
63053;201400041794;0;7;0;0.0;0.0;3.0;9.0;A01
63054;201400041794;0;7;0;0.0;0.0;2.0;9.0;B01
63055;201400041795;0;7;0;0.0;2.0;1.0;11.0;A01
63056;201400041795;0;20;0;0.0;2.0;1.0;8.0;B01
63057;201400041796;0;7;0;0.0;0.0;4.0;0.0;A01
63058;201400041796;0;7;0;0.0;0.0;0.0;0.0;B01
63059;201400041797;0;7;0;0.0;2.0;1.0;2.0;A01
63060;201400041797;0;7;0;0.0;0.0;4.0;2.0;B01
63061;201400041798;0;30;0;0.0;0.0;8.0;10.0;A01
63062;201400041799;0;3;0;0.0;2.0;3.0;1.0;B01
63063;201400041799;0;14;0;0.0;2.0;7.0;16.0;A01
63064;201400041800;0;7;0;0.0;2.0;8.0;9.0;A01
63065;201400041800;0;37;5;0.0;2.0;7.0;12.0;B01
63066;201400041801;0;7;0;0.0;2.0;3.0;13.0;A01
63067;201400041801;0;7;0;0.0;2.0;8.0;2.0;B01
63068;201400041802;0;7;0;0.0;2.0;1.0;1.0;A01
63069;201400041802;0;7;0;0.0;0.0;2.0;1.0;B01
63070;201400041803;0;7;0;0.0;1.0;1.0;17.0;A01
63071;201400041804;1;7;0;0.0;9.0;1.0;2.0;A01
63072;201400041804;0;1;0;0.0;0.0;4.0;1.0;B01
63073;201400041805;0;7;0;14.0;0.0;1.0;2.0;A01
63074;201400041805;0;7;0;0.0;0.0;4.0;2.0;B01
63075;201400041805;0;7;0;14.0;0.0;4.0;2.0;C01
63076;201400041806;0;7;0;9.0;2.0;7.0;16.0;A01
63077;201400041806;0;7;0;9.0;2.0;1.0;21.0;B01
63078;201400041807;0;7;0;0.0;2.0;3.0;2.0;A01
63079;201400041807;0;7;0;0.0;0.0;5.0;2.0;B01
63080;201400041808;0;7;0;0.0;0.0;7.0;20.0;A01
63081;201400041808;0;33;0;0.0;2.0;3.0;18.0;B01
63082;201400041809;0;33;0;1.0;0.0;1.0;1.0;A01
63083;201400041809;0;7;0;0.0;2.0;7.0;24.0;B01
63084;201400041810;0;7;0;0.0;2.0;1.0;1.0;A01
63085;201400041810;1;7;0;0.0;2.0;7.0;0.0;B01
63086;201400041811;0;33;0;0.0;2.0;1.0;1.0;A01
63087;201400041811;0;7;0;0.0;2.0;2.0;15.0;B01
63088;201400041812;0;7;0;0.0;1.0;2.0;0.0;A01
63089;201400041813;0;7;0;0.0;1.0;3.0;1.0;A01
63090;201400041814;0;7;0;0.0;1.0;6.0;4.0;A01
63091;201400041815;1;7;0;0.0;1.0;1.0;2.0;Z01
63092;201400041816;0;7;0;0.0;2.0;3.0;2.0;A01
63093;201400041816;0;34;0;0.0;2.0;2.0;15.0;B01
63094;201400041817;0;7;0;15.0;2.0;5.0;16.0;A01
63095;201400041817;0;7;0;0.0;2.0;1.0;16.0;B01
63096;201400041818;0;7;0;0.0;2.0;2.0;0.0;A01
63097;201400041818;0;7;0;0.0;2.0;3.0;0.0;B01
63098;201400041819;0;7;0;0.0;2.0;1.0;15.0;A01
63099;201400041819;0;30;0;0.0;2.0;5.0;3.0;B01
63100;201400041820;0;7;0;0.0;1.0;3.0;1.0;A01
63101;201400041821;0;7;0;14.0;2.0;1.0;0.0;A01
63102;201400041821;0;7;0;0.0;0.0;1.0;1.0;B01
63103;201400041822;0;7;0;0.0;2.0;8.0;15.0;A01
63104;201400041822;0;30;0;0.0;2.0;8.0;1.0;B01
63105;201400041823;0;30;0;0.0;2.0;1.0;15.0;A01
63106;201400041823;1;99;0;0.0;2.0;3.0;1.0;Z01
63107;201400041825;0;7;0;0.0;2.0;1.0;1.0;A01
63108;201400041825;0;7;0;0.0;2.0;4.0;1.0;B01
63109;201400041825;0;7;0;0.0;0.0;4.0;1.0;C01
63110;201400041826;0;7;0;0.0;2.0;1.0;2.0;A01
63111;201400041826;0;7;0;0.0;2.0;4.0;2.0;B01
63112;201400041827;0;7;0;0.0;0.0;2.0;0.0;A01
63113;201400041828;0;7;0;0.0;1.0;1.0;0.0;A01
63114;201400041829;0;7;0;0.0;1.0;1.0;0.0;A01
63115;201400041830;0;7;0;0.0;1.0;1.0;1.0;A01
63116;201400041831;0;7;0;0.0;1.0;2.0;1.0;A01
63117;201400041832;0;10;0;0.0;2.0;8.0;15.0;A01
63118;201400041832;0;33;0;0.0;2.0;7.0;15.0;B01
63119;201400041833;0;7;0;1.0;0.0;1.0;0.0;A01
63120;201400041833;0;7;0;0.0;0.0;0.0;0.0;B01
63121;201400041834;2;7;0;0.0;1.0;1.0;1.0;A01
63122;201400041835;0;7;0;0.0;2.0;5.0;0.0;A01
63123;201400041835;1;3;0;0.0;0.0;0.0;0.0;B01
63124;201400041836;0;7;0;0.0;1.0;4.0;4.0;A01
63125;201400041840;0;7;0;0.0;1.0;0.0;0.0;A01
63126;201400041841;0;7;0;12.0;5.0;9.0;0.0;A01
63127;201400041842;0;7;0;0.0;1.0;0.0;0.0;A01
63128;201400041844;0;7;0;0.0;0.0;0.0;0.0;A01
63129;201400041844;0;7;0;0.0;0.0;0.0;0.0;B01
63130;201400041845;0;7;0;0.0;2.0;1.0;9.0;A01
63131;201400041845;0;7;0;0.0;2.0;1.0;1.0;B01
63132;201400041846;0;7;0;0.0;2.0;6.0;1.0;A01
63133;201400041846;0;30;0;0.0;2.0;1.0;11.0;B01
63134;201400041847;0;7;0;0.0;2.0;1.0;15.0;A01
63135;201400041847;0;30;0;0.0;0.0;0.0;0.0;B01
63136;201400041848;0;7;0;0.0;2.0;3.0;10.0;A01
63137;201400041848;0;7;0;0.0;0.0;1.0;1.0;B01
63138;201400041849;0;30;0;0.0;1.0;3.0;1.0;A01
63139;201400041850;0;7;0;0.0;2.0;3.0;1.0;A01
63140;201400041850;0;7;0;0.0;0.0;0.0;1.0;C01
63141;201400041851;0;7;0;0.0;2.0;1.0;2.0;A01
63142;201400041851;0;7;0;0.0;0.0;4.0;0.0;B01
63143;201400041853;0;7;0;0.0;1.0;1.0;0.0;A01
63144;201400041855;0;7;0;0.0;0.0;1.0;0.0;A01
63145;201400041855;0;7;0;0.0;0.0;8.0;0.0;B01
63146;201400041856;0;14;0;0.0;2.0;7.0;1.0;A01
63147;201400041856;0;33;0;0.0;2.0;8.0;3.0;B01
63148;201400041856;0;7;0;0.0;2.0;0.0;13.0;C01
63149;201400041857;0;7;0;0.0;0.0;1.0;15.0;A01
63150;201400041857;0;30;0;0.0;0.0;1.0;2.0;B01
63151;201400041859;0;7;0;0.0;1.0;5.0;1.0;A01
63152;201400041860;0;30;0;0.0;2.0;3.0;17.0;A01
63153;201400041860;0;7;0;0.0;2.0;6.0;15.0;B01
63154;201400041861;0;7;0;1.0;1.0;2.0;2.0;A01
63155;201400041862;0;7;0;0.0;0.0;8.0;0.0;A01
63156;201400041862;0;2;0;0.0;0.0;1.0;0.0;B01
63157;201400041863;0;7;0;0.0;1.0;2.0;2.0;A01
63158;201400041864;0;7;0;0.0;2.0;3.0;11.0;A01
63159;201400041864;0;7;0;0.0;2.0;3.0;2.0;B01
63160;201400041865;1;7;0;0.0;1.0;4.0;4.0;A01
63161;201400041867;0;7;0;0.0;2.0;1.0;2.0;A01
63162;201400041867;0;7;0;0.0;2.0;1.0;0.0;B01
63163;201400041868;0;7;0;0.0;1.0;2.0;1.0;A01
63164;201400041869;0;33;0;0.0;0.0;0.0;0.0;A01
63165;201400041869;0;7;0;0.0;0.0;0.0;0.0;B01
63166;201400041870;0;7;0;0.0;9.0;5.0;2.0;A01
63167;201400041870;0;30;0;0.0;2.0;1.0;2.0;B01
63168;201400041871;0;10;0;0.0;0.0;1.0;1.0;A01
63169;201400041871;0;7;0;0.0;0.0;4.0;1.0;B01
63170;201400041871;0;7;0;0.0;0.0;4.0;1.0;C01
63171;201400041871;0;7;0;0.0;0.0;4.0;1.0;D01
63172;201400041873;0;34;0;0.0;1.0;1.0;0.0;A01
63173;201400041874;0;2;0;0.0;1.0;1.0;1.0;A01
63174;201400041875;0;7;0;0.0;1.0;0.0;0.0;A01
63175;201400041876;0;10;0;0.0;1.0;2.0;1.0;A01
63176;201400041876;0;7;0;0.0;1.0;2.0;1.0;B01
63177;201400041877;0;37;0;0.0;1.0;7.0;1.0;A01
63178;201400041878;0;7;0;0.0;1.0;3.0;0.0;A01
63179;201400041879;0;7;0;0.0;1.0;6.0;0.0;A01
63180;201400041880;0;7;0;0.0;2.0;4.0;1.0;D01
63181;201400041880;0;7;0;0.0;2.0;4.0;1.0;B01
63182;201400041880;0;7;0;0.0;2.0;1.0;1.0;A01
63183;201400041880;0;7;0;0.0;2.0;4.0;1.0;C01
63184;201400041881;0;7;0;0.0;2.0;1.0;10.0;A01
63185;201400041881;0;31;0;0.0;2.0;8.0;1.0;B01
63186;201400041882;0;7;0;0.0;2.0;1.0;1.0;A01
63187;201400041882;0;7;0;0.0;2.0;3.0;1.0;B01
63188;201400041883;0;7;0;0.0;2.0;1.0;2.0;A01
63189;201400041883;0;7;0;0.0;2.0;4.0;2.0;B01
63190;201400041883;0;7;0;0.0;2.0;4.0;2.0;C01
63191;201400041883;0;7;0;0.0;2.0;4.0;2.0;D01
63192;201400041884;0;10;0;0.0;0.0;2.0;2.0;A01
63193;201400041884;0;32;0;0.0;0.0;4.0;2.0;B01
63194;201400041885;0;7;0;0.0;2.0;2.0;12.0;A01
63195;201400041885;0;34;0;0.0;2.0;1.0;1.0;B01
63196;201400041886;0;7;0;0.0;2.0;3.0;7.0;A01
63197;201400041886;0;10;0;0.0;2.0;2.0;1.0;B01
63198;201400041887;0;31;0;0.0;2.0;7.0;1.0;B01
63199;201400041887;0;7;0;0.0;2.0;1.0;11.0;A01
63200;201400041889;0;10;0;1.0;1.0;3.0;0.0;B01
63201;201400041889;0;20;0;1.0;0.0;3.0;10.0;A01
63202;201400041890;0;2;0;0.0;2.0;1.0;0.0;A01
63203;201400041890;0;7;0;0.0;2.0;3.0;0.0;B01
63204;201400041891;0;7;0;0.0;2.0;1.0;1.0;A01
63205;201400041891;0;7;0;0.0;0.0;8.0;9.0;B01
63206;201400041892;0;7;0;0.0;0.0;7.0;1.0;A01
63207;201400041892;0;30;0;0.0;2.0;8.0;18.0;B01
63208;201400041893;0;7;0;0.0;2.0;2.0;5.0;A01
63209;201400041893;0;33;0;0.0;2.0;1.0;2.0;B01
63210;201400041894;0;7;0;0.0;0.0;3.0;15.0;A01
63211;201400041894;0;32;0;0.0;0.0;1.0;0.0;B01
63212;201400041895;0;7;0;0.0;1.0;0.0;0.0;A01
63213;201400041896;0;7;0;0.0;1.0;3.0;0.0;A01
63214;201400041897;0;7;0;0.0;1.0;3.0;1.0;A01
63215;201400041898;0;7;0;0.0;2.0;4.0;2.0;B01
63216;201400041898;0;7;0;0.0;2.0;1.0;2.0;A01
63217;201400041899;0;3;0;0.0;2.0;3.0;11.0;A01
63218;201400041899;0;3;0;0.0;2.0;5.0;0.0;B01
63219;201400041900;0;7;0;14.0;1.0;2.0;0.0;A01
63220;201400041901;0;7;0;0.0;9.0;3.0;9.0;A01
63221;201400041901;0;30;0;0.0;2.0;2.0;1.0;B01
63222;201400041902;0;7;0;0.0;2.0;3.0;0.0;A01
63223;201400041902;0;32;0;0.0;2.0;7.0;2.0;B01
63224;201400041903;0;37;1;0.0;1.0;2.0;1.0;A01
63225;201400041904;0;2;0;0.0;2.0;8.0;0.0;B01
63226;201400041904;1;7;0;0.0;2.0;2.0;0.0;A01
63227;201400041905;0;10;0;0.0;9.0;1.0;17.0;A01
63228;201400041905;0;37;2;0.0;2.0;8.0;15.0;B01
63229;201400041906;0;7;0;0.0;2.0;5.0;12.0;A01
63230;201400041906;0;7;0;0.0;0.0;3.0;2.0;B01
63231;201400041907;0;7;0;0.0;1.0;1.0;1.0;A01
63232;201400041908;0;7;0;0.0;2.0;3.0;9.0;A01
63233;201400041909;0;7;0;0.0;1.0;1.0;10.0;A01
63234;201400041910;0;7;0;0.0;2.0;1.0;0.0;A01
63235;201400041910;0;32;0;0.0;2.0;4.0;0.0;B01
63236;201400041911;0;30;0;0.0;2.0;7.0;1.0;A01
63237;201400041911;0;7;0;0.0;2.0;2.0;2.0;B01
63238;201400041912;0;7;0;0.0;1.0;1.0;0.0;A01
63239;201400041913;0;7;0;0.0;1.0;3.0;1.0;A01
63240;201400041914;0;7;0;0.0;1.0;1.0;2.0;A01
63241;201400041915;0;7;0;0.0;1.0;0.0;0.0;A01
63242;201400041916;0;7;0;0.0;2.0;3.0;15.0;B01
63243;201400041916;0;7;0;0.0;2.0;1.0;2.0;A01
63244;201400041917;0;7;0;0.0;0.0;3.0;15.0;A01
63245;201400041917;0;30;0;0.0;2.0;8.0;17.0;B01
63246;201400041919;0;7;0;0.0;2.0;7.0;0.0;A01
63247;201400041919;0;7;0;0.0;2.0;3.0;0.0;B01
63248;201400041920;0;7;0;9.0;2.0;7.0;19.0;A01
63249;201400041920;0;7;0;6.0;2.0;1.0;19.0;B01
63250;201400041921;1;99;0;0.0;1.0;0.0;0.0;A01
63251;201400041922;0;7;0;0.0;2.0;3.0;1.0;A01
63252;201400041922;1;7;0;0.0;2.0;1.0;0.0;Y01
63253;201400041924;0;99;0;0.0;2.0;2.0;17.0;A01
63254;201400041924;0;99;0;0.0;0.0;3.0;15.0;B01
63255;201400041926;0;7;0;8.0;2.0;2.0;13.0;A01
63256;201400041926;0;7;0;1.0;0.0;3.0;0.0;B01
63257;201400041927;0;2;0;0.0;2.0;1.0;17.0;A01
63258;201400041927;0;3;0;0.0;2.0;8.0;13.0;B01
63259;201400041928;0;7;0;6.0;2.0;2.0;0.0;A01
63260;201400041928;0;7;0;0.0;2.0;2.0;13.0;B01
63261;201400041929;0;33;0;1.0;0.0;1.0;0.0;A01
63262;201400041930;0;7;0;0.0;2.0;7.0;1.0;B01
63263;201400041930;0;7;0;0.0;2.0;1.0;9.0;A01
63264;201400041931;0;7;0;0.0;2.0;4.0;2.0;A01
63265;201400041931;0;33;0;0.0;2.0;1.0;6.0;B01
63266;201400041932;0;7;0;0.0;1.0;1.0;15.0;A01
63267;201400041933;0;7;0;0.0;0.0;3.0;1.0;B01
63268;201400041933;0;7;0;0.0;0.0;2.0;1.0;A01
63269;201400041934;0;7;0;0.0;0.0;3.0;0.0;A01
63270;201400041934;0;33;0;0.0;0.0;1.0;0.0;B01
63271;201400041935;0;7;0;0.0;2.0;1.0;1.0;A01
63272;201400041935;0;7;0;0.0;2.0;4.0;2.0;B01
63273;201400041936;0;36;0;0.0;2.0;5.0;17.0;A01
63274;201400041936;0;7;0;0.0;2.0;2.0;0.0;B01
63275;201400041937;0;7;0;0.0;2.0;7.0;0.0;A01
63276;201400041937;0;7;0;9.0;2.0;3.0;0.0;B01
63277;201400041938;0;7;0;0.0;1.0;2.0;1.0;A01
63278;201400041939;0;7;0;0.0;1.0;3.0;1.0;A01
63279;201400041940;0;7;0;0.0;0.0;1.0;0.0;A01
63280;201400041940;0;7;0;0.0;0.0;4.0;1.0;B01
63281;201400041941;1;7;0;0.0;0.0;0.0;0.0;A01
63282;201400041941;0;7;0;0.0;0.0;3.0;15.0;B01
63283;201400041942;0;7;0;0.0;1.0;3.0;0.0;A01
63284;201400041943;0;7;0;0.0;2.0;8.0;22.0;A01
63285;201400041943;0;7;0;1.0;0.0;2.0;1.0;B01
63286;201400041944;0;7;0;0.0;2.0;1.0;0.0;B01
63287;201400041944;0;7;0;0.0;2.0;3.0;10.0;A01
63288;201400041946;0;7;0;0.0;1.0;3.0;2.0;A01
63289;201400041947;0;7;0;0.0;2.0;2.0;15.0;A01
63290;201400041947;0;32;0;0.0;2.0;0.0;1.0;B01
63291;201400041948;0;7;0;0.0;2.0;2.0;9.0;A01
63292;201400041948;1;7;0;0.0;0.0;0.0;0.0;B01
63293;201400041950;0;7;0;0.0;2.0;2.0;20.0;A01
63294;201400041950;0;7;0;0.0;2.0;6.0;1.0;B01
63295;201400041951;0;7;0;0.0;2.0;7.0;1.0;B01
63296;201400041951;0;7;0;0.0;2.0;1.0;1.0;A01
63297;201400041952;0;7;0;0.0;2.0;3.0;1.0;A01
63298;201400041952;1;30;0;0.0;2.0;0.0;3.0;B01
63299;201400041953;0;7;0;0.0;2.0;3.0;0.0;A01
63300;201400041953;0;7;0;8.0;2.0;8.0;2.0;B01
63301;201400041954;0;33;0;0.0;2.0;1.0;0.0;A01
63302;201400041954;0;7;0;0.0;0.0;5.0;1.0;B01
63303;201400041955;0;30;0;0.0;2.0;3.0;1.0;A01
63304;201400041955;0;7;0;0.0;2.0;2.0;1.0;B01
63305;201400041956;0;7;0;0.0;1.0;3.0;2.0;A01
63306;201400041957;0;30;0;0.0;2.0;1.0;17.0;A01
63307;201400041957;0;2;0;0.0;2.0;1.0;0.0;B01
63308;201400041958;0;3;0;0.0;0.0;5.0;4.0;A01
63309;201400041958;0;32;0;0.0;2.0;7.0;12.0;B01
63310;201400041959;0;1;0;0.0;0.0;0.0;0.0;B01
63311;201400041959;1;7;0;0.0;0.0;0.0;0.0;A01
63312;201400041960;0;7;0;0.0;2.0;1.0;1.0;B01
63313;201400041960;0;7;0;0.0;0.0;2.0;1.0;A01
63314;201400041961;1;7;0;0.0;1.0;1.0;1.0;A01
63315;201400041962;0;2;0;0.0;5.0;1.0;1.0;A01
63316;201400041963;0;34;0;0.0;1.0;1.0;2.0;A01
63317;201400041964;0;7;0;12.0;0.0;1.0;1.0;A01
63318;201400041965;0;7;0;0.0;1.0;1.0;2.0;A01
63319;201400041966;0;33;0;0.0;2.0;1.0;21.0;A01
63320;201400041966;0;7;0;0.0;2.0;3.0;16.0;B01
63321;201400041967;0;7;0;0.0;0.0;2.0;0.0;A01
63322;201400041967;0;2;0;0.0;2.0;9.0;13.0;B01
63323;201400041968;0;33;0;0.0;0.0;1.0;1.0;A01
63324;201400041968;0;7;0;0.0;0.0;3.0;2.0;B01
63325;201400041969;0;7;0;0.0;2.0;1.0;2.0;A01
63326;201400041969;0;7;0;0.0;2.0;4.0;2.0;B01
63327;201400041969;0;7;0;0.0;0.0;4.0;2.0;C01
63328;201400041970;0;1;0;0.0;2.0;1.0;19.0;B01
63329;201400041970;0;7;0;0.0;9.0;1.0;1.0;A01
63330;201400041971;0;7;0;0.0;0.0;1.0;2.0;A01
63331;201400041971;0;7;0;0.0;0.0;8.0;0.0;B01
63332;201400041972;0;7;0;0.0;1.0;1.0;1.0;A01
63333;201400041973;0;7;0;0.0;0.0;1.0;16.0;A01
63334;201400041973;0;7;0;0.0;0.0;3.0;1.0;B01
63335;201400041974;1;7;0;0.0;9.0;8.0;2.0;A01
63336;201400041974;0;1;0;0.0;0.0;8.0;2.0;B01
63337;201400041975;0;7;0;0.0;2.0;1.0;15.0;A01
63338;201400041975;0;1;0;0.0;2.0;1.0;1.0;B01
63339;201400041976;0;7;0;0.0;1.0;2.0;1.0;A01
63340;201400041977;0;7;0;0.0;2.0;6.0;1.0;B01
63341;201400041977;0;10;0;0.0;2.0;2.0;1.0;A01
63342;201400041978;0;33;0;0.0;2.0;8.0;21.0;B01
63343;201400041978;0;7;0;0.0;2.0;5.0;19.0;A01
63344;201400041979;0;7;0;0.0;2.0;5.0;0.0;B01
63345;201400041979;0;7;0;0.0;2.0;1.0;0.0;A01
63346;201400041980;0;7;0;0.0;1.0;1.0;19.0;A01
63347;201400041981;0;7;0;0.0;0.0;1.0;0.0;A01
63348;201400041981;0;7;0;0.0;0.0;8.0;0.0;B01
63349;201400041982;0;7;0;0.0;2.0;7.0;15.0;A01
63350;201400041982;0;7;0;0.0;2.0;1.0;2.0;B01
63351;201400041983;0;7;0;0.0;2.0;2.0;2.0;A01
63352;201400041983;0;7;0;0.0;0.0;6.0;2.0;B01
63353;201400041984;0;7;0;6.0;0.0;1.0;1.0;A01
63354;201400041985;0;7;0;0.0;2.0;1.0;5.0;A01
63355;201400041985;0;7;0;0.0;2.0;3.0;1.0;B01
63356;201400041986;0;7;0;6.0;0.0;3.0;2.0;A01
63357;201400041987;0;34;0;0.0;2.0;7.0;1.0;A01
63358;201400041987;0;7;0;0.0;2.0;7.0;15.0;B01
63359;201400041988;0;7;0;0.0;2.0;1.0;17.0;A01
63360;201400041988;0;37;8;0.0;2.0;1.0;1.0;B01
63361;201400041990;0;7;0;0.0;1.0;1.0;1.0;A01
63362;201400041991;0;7;0;6.0;0.0;1.0;1.0;A01
63363;201400041992;0;7;0;0.0;1.0;1.0;1.0;A01
63364;201400041993;0;7;0;0.0;2.0;1.0;13.0;A01
63365;201400041993;0;7;0;0.0;2.0;1.0;0.0;B01
63366;201400041994;0;32;0;0.0;0.0;8.0;1.0;A01
63367;201400041995;0;7;0;0.0;2.0;3.0;2.0;A01
63368;201400041995;0;7;0;0.0;2.0;4.0;0.0;B01
63369;201400041996;0;7;0;2.0;2.0;6.0;17.0;A01
63370;201400041996;0;7;0;0.0;2.0;1.0;1.0;B01
63371;201400041997;0;7;0;0.0;2.0;1.0;1.0;A01
63372;201400041997;0;7;0;0.0;0.0;4.0;0.0;B01
63373;201400041998;0;2;0;0.0;2.0;1.0;1.0;B01