;Num_Acc;senc;catv;occutc;obs;obsm;choc;manv;num_veh
63374;201400041998;0;7;0;0.0;2.0;3.0;9.0;A01
63375;201400041999;0;7;0;8.0;2.0;1.0;3.0;A01
63376;201400041999;0;31;0;0.0;2.0;3.0;1.0;B01
63377;201400041999;0;7;0;1.0;2.0;6.0;1.0;C01
63378;201400041999;0;7;0;0.0;2.0;3.0;0.0;D01
63379;201400042000;0;7;0;0.0;2.0;1.0;19.0;A01
63380;201400042000;0;7;0;0.0;2.0;2.0;9.0;B01
63381;201400042001;1;7;0;0.0;2.0;1.0;17.0;A01
63382;201400042001;0;7;0;1.0;2.0;3.0;11.0;B01
63383;201400042002;2;7;0;0.0;2.0;1.0;0.0;A01
63384;201400042002;0;7;0;0.0;2.0;8.0;19.0;B01
63385;201400042003;0;2;0;0.0;2.0;0.0;0.0;A01
63386;201400042003;0;7;0;0.0;2.0;3.0;0.0;B01
63387;201400042004;0;2;0;15.0;2.0;2.0;15.0;A01
63388;201400042004;0;7;0;0.0;2.0;2.0;1.0;B01
63389;201400042005;0;2;0;0.0;2.0;1.0;2.0;A01
63390;201400042005;0;10;0;0.0;0.0;4.0;2.0;B01
63391;201400042007;0;7;0;0.0;2.0;3.0;10.0;A01
63392;201400042007;0;2;0;0.0;2.0;1.0;1.0;B01
63393;201400042008;0;7;0;0.0;2.0;1.0;2.0;A01
63394;201400042008;0;7;0;0.0;0.0;4.0;2.0;B01
63395;201400042010;0;7;0;0.0;0.0;6.0;15.0;A01
63396;201400042010;0;2;0;0.0;2.0;1.0;0.0;B01
63397;201400042011;0;7;0;0.0;0.0;7.0;0.0;B01
63398;201400042011;0;7;0;0.0;0.0;8.0;0.0;C01
63399;201400042011;0;2;0;0.0;2.0;0.0;0.0;A01
63400;201400042012;0;7;0;0.0;2.0;3.0;2.0;A01
63401;201400042012;0;10;0;0.0;0.0;4.0;2.0;B01
63402;201400042013;0;7;0;0.0;2.0;7.0;9.0;A01
63403;201400042013;0;2;0;0.0;2.0;1.0;1.0;B01
63404;201400042014;0;7;0;0.0;1.0;1.0;0.0;A01
63405;201400042015;0;7;0;1.0;2.0;1.0;1.0;A01
63406;201400042015;0;7;0;1.0;0.0;1.0;1.0;B01
63407;201400042016;0;7;0;0.0;2.0;5.0;15.0;A01
63408;201400042016;0;7;0;0.0;2.0;1.0;1.0;B01
63409;201400042016;0;7;0;0.0;2.0;1.0;23.0;C01
63410;201400042017;0;7;0;0.0;1.0;7.0;2.0;A01
63411;201400042018;0;10;0;0.0;1.0;1.0;2.0;A01
63412;201400042019;0;7;0;0.0;1.0;2.0;1.0;A01
63413;201400042020;0;7;0;0.0;1.0;3.0;1.0;A01
63414;201400042021;0;7;0;0.0;2.0;1.0;1.0;A01
63415;201400042021;0;7;0;0.0;0.0;8.0;1.0;B01
63416;201400042022;0;7;0;0.0;1.0;6.0;1.0;A01
63417;201400042023;2;7;0;6.0;0.0;0.0;0.0;A01
63418;201400042024;0;7;0;0.0;1.0;1.0;0.0;A01
63419;201400042025;0;7;0;0.0;0.0;1.0;10.0;A01
63420;201400042025;0;34;0;0.0;0.0;8.0;1.0;B01
63421;201400042027;0;7;0;0.0;2.0;6.0;9.0;A01
63422;201400042027;0;34;0;0.0;2.0;1.0;2.0;B01
63423;201400042028;0;7;0;0.0;0.0;4.0;0.0;B01
63424;201400042028;0;7;0;0.0;2.0;1.0;1.0;A01
63425;201400042029;0;7;0;0.0;2.0;8.0;2.0;A01
63426;201400042029;0;32;0;0.0;2.0;1.0;2.0;B01
63427;201400042030;0;2;0;0.0;2.0;1.0;2.0;A01
63428;201400042030;0;34;0;0.0;2.0;2.0;14.0;B01
63429;201400042031;0;7;0;0.0;2.0;2.0;1.0;A01
63430;201400042031;0;7;0;0.0;2.0;8.0;2.0;B01
63431;201400042032;0;7;0;0.0;2.0;1.0;2.0;B01
63432;201400042032;0;7;0;0.0;0.0;4.0;2.0;C01
63433;201400042032;1;7;0;0.0;2.0;1.0;2.0;A01
63434;201400042034;1;7;0;0.0;1.0;7.0;16.0;A01
63435;201400042035;0;7;0;0.0;1.0;2.0;0.0;A01
63436;201400042036;0;7;0;0.0;2.0;1.0;2.0;A01
63437;201400042036;0;7;0;0.0;2.0;4.0;16.0;B01
63438;201400042037;0;10;0;0.0;0.0;1.0;2.0;A01
63439;201400042037;0;7;0;0.0;0.0;4.0;2.0;B01
63440;201400042038;0;7;0;0.0;0.0;8.0;11.0;A01
63441;201400042038;0;32;0;0.0;0.0;7.0;1.0;B01
63442;201400042039;0;7;0;12.0;2.0;1.0;1.0;A01
63443;201400042039;0;7;0;0.0;2.0;1.0;1.0;B01
63444;201400042040;0;15;0;0.0;1.0;3.0;0.0;A01
63445;201400042041;0;7;0;0.0;0.0;5.0;16.0;A01
63446;201400042041;0;33;0;0.0;2.0;1.0;1.0;B01
63447;201400042042;0;7;0;0.0;1.0;1.0;17.0;A01
63448;201400042043;0;7;0;0.0;1.0;1.0;11.0;A01
63449;201400042045;0;7;0;0.0;2.0;1.0;2.0;A01
63450;201400042045;0;7;0;0.0;2.0;4.0;2.0;B01
63451;201400042046;0;30;0;0.0;2.0;1.0;1.0;A01
63452;201400042046;0;7;0;0.0;2.0;3.0;6.0;B01
63453;201400042047;0;7;0;1.0;0.0;7.0;2.0;A01
63454;201400042048;1;30;0;0.0;1.0;2.0;2.0;A01
63455;201400042049;2;30;0;0.0;2.0;1.0;1.0;A01
63456;201400042049;0;7;0;0.0;2.0;1.0;1.0;B01
63457;201400042051;1;7;0;0.0;2.0;8.0;0.0;A01
63458;201400042051;0;7;0;0.0;2.0;8.0;9.0;B01
63459;201400042052;1;99;0;0.0;2.0;0.0;0.0;B01
63460;201400042052;1;7;0;0.0;2.0;0.0;0.0;A01
63461;201400042053;0;7;0;0.0;2.0;1.0;17.0;A01
63462;201400042053;0;7;0;0.0;2.0;6.0;1.0;B01
63463;201400042054;0;7;0;0.0;0.0;7.0;10.0;A01
63464;201400042054;0;7;0;0.0;0.0;1.0;1.0;B01
63465;201400042055;0;7;0;1.0;0.0;1.0;2.0;A01
63466;201400042056;0;7;0;0.0;2.0;2.0;15.0;A01
63467;201400042056;0;7;0;0.0;2.0;1.0;1.0;B01
63468;201400042057;0;7;0;0.0;9.0;5.0;1.0;A01
63469;201400042057;0;1;0;0.0;2.0;1.0;19.0;B01
63470;201400042058;0;7;0;0.0;9.0;1.0;15.0;A01
63471;201400042058;0;1;0;0.0;2.0;8.0;0.0;B01
63472;201400042059;0;7;0;12.0;2.0;2.0;1.0;A01
63473;201400042059;0;7;0;0.0;2.0;6.0;1.0;B01
63474;201400042059;0;10;0;0.0;0.0;4.0;1.0;C01
63475;201400042060;0;7;0;0.0;2.0;8.0;11.0;A01
63476;201400042060;0;33;0;0.0;2.0;2.0;1.0;B01
63477;201400042061;0;7;0;0.0;1.0;1.0;0.0;A01
63478;201400042062;1;7;0;0.0;2.0;2.0;1.0;A01
63479;201400042062;0;1;0;0.0;2.0;6.0;19.0;B01
63480;201400042063;0;34;0;0.0;2.0;2.0;2.0;A01
63481;201400042063;0;7;0;0.0;2.0;2.0;15.0;B01
63482;201400042064;0;7;0;0.0;1.0;1.0;2.0;A01
63483;201400042065;0;2;0;0.0;2.0;1.0;1.0;A01
63484;201400042065;0;7;0;0.0;2.0;8.0;1.0;B01
63485;201400042066;0;33;0;0.0;2.0;7.0;2.0;B01
63486;201400042066;0;7;0;0.0;2.0;1.0;15.0;A01
63487;201400042067;2;7;0;3.0;0.0;1.0;0.0;A01
63488;201400042068;0;31;0;0.0;1.0;1.0;1.0;A01
63489;201400042069;0;7;0;0.0;2.0;1.0;1.0;B01
63490;201400042069;0;7;0;0.0;2.0;1.0;15.0;A01
63491;201400042070;0;7;0;0.0;0.0;1.0;2.0;B01
63492;201400042070;0;7;0;0.0;0.0;5.0;1.0;A01
63493;201400042071;0;7;0;0.0;1.0;2.0;1.0;A01
63494;201400042072;0;7;0;0.0;0.0;1.0;2.0;A01
63495;201400042072;0;7;0;0.0;0.0;5.0;2.0;B01
63496;201400042072;0;7;0;0.0;0.0;4.0;2.0;C01
63497;201400042073;0;7;0;0.0;2.0;2.0;0.0;A01
63498;201400042073;0;30;0;0.0;2.0;6.0;7.0;B01
63499;201400042074;0;7;0;0.0;2.0;1.0;1.0;A01
63500;201400042074;0;7;0;0.0;2.0;2.0;1.0;B01
63501;201400042075;0;7;0;0.0;1.0;1.0;0.0;A01
63502;201400042076;0;7;0;0.0;2.0;1.0;1.0;A01
63503;201400042076;0;7;0;0.0;2.0;8.0;1.0;B01
63504;201400042077;0;33;0;9.0;0.0;1.0;0.0;A01
63505;201400042080;0;10;0;2.0;0.0;3.0;2.0;A01
63506;201400042081;0;10;0;0.0;2.0;3.0;11.0;A01
63507;201400042081;0;7;0;8.0;2.0;2.0;2.0;B01
63508;201400042082;0;7;0;0.0;2.0;1.0;2.0;A01
63509;201400042082;0;7;0;0.0;2.0;4.0;2.0;B01
63510;201400042082;0;7;0;0.0;2.0;4.0;2.0;C01
63511;201400042083;0;3;0;0.0;2.0;2.0;9.0;B01
63512;201400042083;1;7;0;0.0;2.0;0.0;16.0;A01
63513;201400042084;0;7;0;0.0;1.0;5.0;1.0;A01
63514;201400042085;0;7;0;0.0;2.0;3.0;10.0;A01
63515;201400042085;0;30;0;0.0;2.0;1.0;17.0;B01
63516;201400042086;0;7;0;15.0;0.0;1.0;2.0;A01
63517;201400042087;1;7;0;0.0;2.0;1.0;0.0;A01
63518;201400042087;0;34;0;0.0;0.0;4.0;0.0;B01
63519;201400042088;0;30;0;4.0;0.0;3.0;9.0;A01
63520;201400042089;0;7;0;0.0;1.0;3.0;1.0;A01
63521;201400042091;1;7;0;0.0;1.0;5.0;4.0;Z01
63522;201400042092;0;7;0;0.0;2.0;2.0;5.0;A01
63523;201400042092;0;30;0;0.0;2.0;1.0;3.0;B01
63524;201400042093;0;7;0;0.0;1.0;1.0;0.0;A01
63525;201400042094;0;7;0;0.0;1.0;1.0;1.0;A01
63526;201400042095;0;7;0;0.0;1.0;2.0;0.0;A01
63527;201400042096;0;7;0;0.0;2.0;1.0;2.0;B01
63528;201400042096;0;7;0;0.0;2.0;7.0;1.0;C01
63529;201400042096;0;7;0;0.0;2.0;2.0;2.0;A01
63530;201400042097;0;7;0;0.0;1.0;3.0;0.0;A01
63531;201400042099;0;7;0;0.0;2.0;1.0;2.0;A01
63532;201400042099;0;7;0;0.0;2.0;4.0;2.0;B01
63533;201400042100;0;34;0;0.0;0.0;7.0;17.0;A01
63534;201400042100;0;7;0;0.0;0.0;3.0;15.0;B01
63535;201400042101;1;7;0;0.0;2.0;0.0;0.0;A01
63536;201400042101;0;1;0;0.0;2.0;1.0;0.0;B01
63537;201400042102;0;13;0;0.0;1.0;8.0;1.0;A01
63538;201400042103;0;2;0;0.0;2.0;3.0;1.0;A01
63539;201400042103;0;7;0;0.0;2.0;2.0;15.0;B01
63540;201400042104;0;7;0;0.0;1.0;4.0;4.0;A01
63541;201400042106;0;10;0;0.0;2.0;4.0;4.0;A01
63542;201400042106;0;34;0;0.0;2.0;1.0;23.0;B01
63543;201400042107;0;7;0;0.0;1.0;3.0;1.0;A01
63544;201400042108;0;10;0;0.0;1.0;2.0;1.0;A01
63545;201400042109;1;7;0;0.0;1.0;3.0;0.0;Z01
63546;201400042110;0;10;0;0.0;0.0;6.0;23.0;A01
63547;201400042110;0;7;0;1.0;1.0;2.0;2.0;B01
63548;201400042111;0;7;0;0.0;0.0;2.0;16.0;A01
63549;201400042111;0;33;0;0.0;0.0;8.0;16.0;B01
63550;201400042112;0;7;0;0.0;2.0;1.0;1.0;A01
63551;201400042112;0;7;0;0.0;2.0;3.0;1.0;B01
63552;201400042113;0;7;0;8.0;0.0;1.0;15.0;A01
63553;201400042115;0;2;0;0.0;0.0;0.0;0.0;A01
63554;201400042116;2;7;0;4.0;0.0;3.0;1.0;A01
63555;201400042117;0;7;0;0.0;1.0;1.0;0.0;A01
63556;201400042118;0;34;0;0.0;1.0;1.0;1.0;A01
63557;201400042119;0;7;0;0.0;1.0;3.0;1.0;A01
63558;201400042120;1;7;0;0.0;1.0;1.0;16.0;A01
63559;201400042121;1;7;0;0.0;0.0;0.0;0.0;A01
63560;201400042121;0;7;0;0.0;0.0;4.0;1.0;B01
63561;201400042121;0;7;0;0.0;2.0;1.0;1.0;C01
63562;201400042121;0;7;0;0.0;2.0;1.0;1.0;D01
63563;201400042121;0;7;0;0.0;2.0;1.0;1.0;E01
63564;201400042122;0;7;0;0.0;1.0;5.0;4.0;A01
63565;201400042123;0;7;0;0.0;1.0;1.0;0.0;A01
63566;201400042124;0;7;0;0.0;2.0;3.0;0.0;A01
63567;201400042124;0;7;0;0.0;2.0;3.0;1.0;B01
63568;201400042125;0;7;0;8.0;2.0;7.0;1.0;A01
63569;201400042125;0;7;0;0.0;2.0;1.0;9.0;B01
63570;201400042126;0;7;0;0.0;0.0;1.0;13.0;A01
63571;201400042126;0;7;0;0.0;0.0;8.0;1.0;B01
63572;201400042126;0;7;0;0.0;0.0;4.0;1.0;C01
63573;201400042127;0;7;0;11.0;0.0;3.0;1.0;A01
63574;201400042128;0;7;0;0.0;2.0;4.0;4.0;A01
63575;201400042128;0;7;0;0.0;2.0;1.0;1.0;B01
63576;201400042129;0;7;0;0.0;1.0;3.0;1.0;A01
63577;201400042130;0;7;0;0.0;2.0;8.0;1.0;B01
63578;201400042130;0;7;0;0.0;2.0;1.0;1.0;A01
63579;201400042131;0;7;0;0.0;1.0;3.0;2.0;A01
63580;201400042132;0;30;0;0.0;2.0;3.0;1.0;A01
63581;201400042132;0;10;0;0.0;2.0;3.0;5.0;B01
63582;201400042133;0;7;0;0.0;1.0;2.0;1.0;A01
63583;201400042134;0;30;0;0.0;2.0;4.0;2.0;A01
63584;201400042134;0;7;0;0.0;0.0;4.0;2.0;B01
63585;201400042135;0;7;0;0.0;2.0;3.0;6.0;A01
63586;201400042135;0;31;0;0.0;2.0;1.0;1.0;B01
63587;201400042136;0;7;0;0.0;1.0;1.0;1.0;A01
63588;201400042137;0;7;0;0.0;2.0;4.0;1.0;A01
63589;201400042137;1;7;0;0.0;2.0;1.0;2.0;Z01
63590;201400042138;0;34;0;0.0;2.0;1.0;17.0;A01
63591;201400042138;0;14;0;0.0;0.0;8.0;15.0;B01
63592;201400042140;0;33;0;0.0;2.0;1.0;1.0;B01
63593;201400042140;0;7;0;0.0;2.0;3.0;10.0;A01
63594;201400042141;0;34;0;0.0;2.0;1.0;1.0;A01
63595;201400042141;0;7;0;0.0;2.0;2.0;16.0;B01
63596;201400042142;0;34;0;0.0;2.0;1.0;1.0;A01
63597;201400042142;0;7;0;0.0;0.0;2.0;1.0;B01
63598;201400042143;0;10;0;0.0;1.0;1.0;1.0;A01
63599;201400042144;0;7;0;8.0;2.0;3.0;2.0;B01
63600;201400042144;0;7;0;0.0;2.0;6.0;10.0;A01
63601;201400042146;0;33;0;1.0;0.0;7.0;1.0;A01
63602;201400042147;0;7;0;0.0;2.0;3.0;11.0;A01
63603;201400042147;0;30;0;0.0;2.0;3.0;21.0;B01
63604;201400042148;0;34;0;0.0;2.0;3.0;1.0;B01
63605;201400042148;0;7;0;0.0;2.0;3.0;9.0;A01
63606;201400042149;0;7;0;0.0;1.0;8.0;1.0;A01
63607;201400042150;0;7;0;0.0;1.0;1.0;0.0;A01
63608;201400042151;0;7;0;0.0;2.0;1.0;0.0;B01
63609;201400042151;0;7;0;0.0;2.0;8.0;0.0;A01
63610;201400042152;0;7;0;0.0;2.0;6.0;10.0;A01
63611;201400042152;0;32;0;0.0;2.0;1.0;1.0;B01
63612;201400042153;0;7;0;0.0;2.0;1.0;2.0;A01
63613;201400042153;0;7;0;0.0;0.0;4.0;2.0;B01
63614;201400042154;0;7;0;0.0;0.0;2.0;10.0;A01
63615;201400042154;0;33;0;0.0;0.0;3.0;2.0;B01
63616;201400042155;0;7;0;0.0;2.0;1.0;1.0;A01
63617;201400042155;0;1;0;0.0;0.0;4.0;1.0;B01
63618;201400042156;0;7;0;0.0;2.0;2.0;1.0;A01
63619;201400042156;0;7;0;0.0;2.0;6.0;1.0;B01
63620;201400042157;1;7;0;0.0;1.0;2.0;1.0;Z01
63621;201400042158;0;33;0;0.0;2.0;1.0;2.0;B01
63622;201400042158;0;10;0;0.0;2.0;3.0;9.0;A01
63623;201400042159;0;7;0;0.0;2.0;7.0;15.0;A01
63624;201400042159;0;33;0;0.0;2.0;1.0;2.0;B01
63625;201400042160;0;31;0;0.0;2.0;1.0;1.0;A01
63626;201400042160;0;7;0;0.0;2.0;1.0;17.0;B01
63627;201400042161;0;7;0;0.0;0.0;2.0;10.0;A01
63628;201400042161;0;30;0;0.0;2.0;3.0;2.0;B01
63629;201400042162;0;7;0;1.0;0.0;2.0;0.0;A01
63630;201400042163;0;7;0;0.0;2.0;3.0;2.0;A01
63631;201400042163;0;2;0;0.0;2.0;3.0;9.0;B01
63632;201400042164;0;1;0;1.0;2.0;2.0;19.0;A01
63633;201400042164;0;7;0;1.0;2.0;3.0;1.0;B01
63634;201400042166;0;10;0;0.0;2.0;3.0;0.0;A01
63635;201400042166;0;7;0;0.0;2.0;7.0;15.0;B01
63636;201400042167;0;7;0;0.0;1.0;2.0;0.0;A01
63637;201400042168;0;3;0;0.0;2.0;3.0;20.0;A01
63638;201400042168;0;33;0;0.0;2.0;2.0;2.0;B01
63639;201400042170;0;7;0;0.0;1.0;3.0;0.0;A01
63640;201400042171;0;10;0;0.0;0.0;6.0;1.0;A01
63641;201400042172;0;7;0;0.0;2.0;8.0;1.0;A01
63642;201400042172;0;7;0;0.0;2.0;1.0;1.0;B01
63643;201400042173;0;10;0;0.0;0.0;4.0;23.0;A01
63644;201400042173;0;7;0;0.0;2.0;1.0;16.0;B01
63645;201400042174;0;7;0;0.0;2.0;1.0;1.0;A01
63646;201400042174;0;7;0;0.0;2.0;4.0;1.0;B01
63647;201400042175;0;14;0;0.0;0.0;1.0;23.0;A01
63648;201400042175;0;1;0;0.0;2.0;8.0;19.0;B01
63649;201400042176;0;33;0;0.0;2.0;3.0;1.0;A01
63650;201400042176;0;7;0;0.0;0.0;3.0;15.0;B01
63651;201400042177;0;7;0;0.0;1.0;1.0;13.0;A01
63652;201400042178;0;7;0;0.0;1.0;8.0;0.0;A01
63653;201400042179;0;7;0;0.0;2.0;3.0;1.0;B01
63654;201400042179;0;7;0;0.0;2.0;2.0;1.0;A01
63655;201400042180;0;7;0;0.0;1.0;5.0;20.0;A01
63656;201400042181;0;7;0;0.0;2.0;1.0;0.0;A01
63657;201400042181;0;7;0;0.0;2.0;8.0;15.0;B01
63658;201400042182;0;7;0;0.0;1.0;6.0;1.0;A01
63659;201400042184;0;10;0;0.0;2.0;6.0;2.0;A01
63660;201400042184;0;2;0;0.0;2.0;1.0;2.0;B01
63661;201400042185;0;14;0;4.0;0.0;2.0;0.0;A01
63662;201400042186;0;7;0;15.0;2.0;1.0;1.0;A01
63663;201400042186;0;7;0;15.0;2.0;2.0;2.0;B01
63664;201400042187;0;2;0;12.0;0.0;5.0;0.0;A01
63665;201400042187;0;7;0;0.0;0.0;3.0;1.0;B01
63666;201400042188;0;30;0;0.0;2.0;1.0;0.0;A01
63667;201400042188;1;7;0;0.0;2.0;1.0;0.0;Z01
63668;201400042189;0;7;0;0.0;2.0;1.0;2.0;B01
63669;201400042189;0;7;0;0.0;2.0;8.0;9.0;A01
63670;201400042191;0;7;0;0.0;2.0;1.0;0.0;A01
63671;201400042191;0;7;0;0.0;2.0;7.0;0.0;B01
63672;201400042192;0;7;0;0.0;1.0;1.0;0.0;A01
63673;201400042193;0;7;0;0.0;2.0;4.0;0.0;A01
63674;201400042193;1;7;0;0.0;0.0;0.0;0.0;Z01
63675;201400042194;0;7;0;0.0;2.0;2.0;9.0;A01
63676;201400042194;0;33;0;0.0;0.0;4.0;1.0;B01
63677;201400042195;0;7;0;0.0;0.0;3.0;1.0;A01
63678;201400042195;0;37;0;0.0;0.0;3.0;1.0;B01
63679;201400042196;0;7;0;0.0;1.0;2.0;2.0;A01
63680;201400042197;0;3;0;0.0;2.0;8.0;0.0;B01
63681;201400042197;0;3;0;0.0;2.0;1.0;1.0;A01
63682;201400042198;0;33;0;0.0;1.0;0.0;0.0;A01
63683;201400042198;0;7;0;0.0;0.0;6.0;0.0;B01
63684;201400042200;0;7;0;0.0;1.0;1.0;17.0;A01
63685;201400042201;0;10;0;0.0;0.0;1.0;2.0;A01
63686;201400042201;0;7;0;12.0;0.0;8.0;16.0;B01
63687;201400042202;0;3;0;0.0;1.0;2.0;1.0;A01
63688;201400042204;0;7;0;0.0;1.0;1.0;16.0;A01
63689;201400042205;0;7;0;0.0;1.0;4.0;2.0;A01
63690;201400042206;0;7;0;0.0;2.0;3.0;15.0;A01
63691;201400042206;0;33;0;0.0;2.0;7.0;2.0;B01
63692;201400042207;0;7;0;0.0;2.0;2.0;10.0;A01
63693;201400042207;0;33;0;0.0;2.0;1.0;1.0;B01
63694;201400042208;0;7;0;0.0;1.0;1.0;0.0;A01
63695;201400042209;0;30;0;0.0;2.0;1.0;1.0;A01
63696;201400042209;0;7;0;0.0;2.0;4.0;1.0;B01
63697;201400042210;0;30;0;0.0;0.0;4.0;23.0;A01
63698;201400042210;0;7;0;14.0;0.0;1.0;1.0;B01
63699;201400042211;0;1;0;0.0;2.0;8.0;1.0;A01
63700;201400042211;0;7;0;0.0;9.0;1.0;15.0;B01
63701;201400042212;0;7;0;0.0;2.0;1.0;1.0;A01
63702;201400042212;0;7;0;0.0;2.0;3.0;1.0;B01
63703;201400042213;0;31;0;0.0;2.0;8.0;2.0;A01
63704;201400042214;0;7;0;0.0;2.0;3.0;1.0;B01
63705;201400042214;0;7;0;0.0;2.0;2.0;15.0;A01
63706;201400042215;0;7;0;0.0;2.0;1.0;2.0;A01
63707;201400042215;0;7;0;0.0;2.0;4.0;23.0;B01
63708;201400042215;0;7;0;0.0;2.0;4.0;23.0;C01
63709;201400042216;0;34;0;0.0;2.0;7.0;1.0;A01
63710;201400042216;0;7;0;0.0;2.0;1.0;15.0;B01
63711;201400042217;0;10;0;0.0;0.0;2.0;2.0;A01
63712;201400042217;0;3;0;0.0;0.0;4.0;2.0;B01
63713;201400042218;0;7;0;0.0;1.0;1.0;1.0;A01
63714;201400042219;0;7;0;0.0;2.0;1.0;2.0;B01
63715;201400042219;0;7;0;0.0;2.0;5.0;1.0;A01
63716;201400042220;0;33;0;0.0;2.0;1.0;1.0;A01
63717;201400042220;0;7;0;0.0;2.0;1.0;9.0;B01
63718;201400042221;0;33;0;0.0;2.0;1.0;2.0;A01
63719;201400042221;0;7;0;0.0;2.0;3.0;15.0;B01
63720;201400042222;0;7;0;0.0;1.0;2.0;1.0;A01
63721;201400042223;0;33;0;1.0;0.0;1.0;0.0;A01
63722;201400042223;0;7;0;0.0;0.0;4.0;1.0;B01
63723;201400042224;0;7;0;0.0;2.0;1.0;1.0;B01
63724;201400042224;0;7;0;0.0;0.0;7.0;9.0;A01
63725;201400042225;0;3;0;0.0;9.0;3.0;15.0;A01
63726;201400042225;0;32;0;0.0;2.0;1.0;1.0;B01
63727;201400042226;0;7;0;0.0;2.0;7.0;1.0;A01
63728;201400042226;0;30;0;0.0;2.0;8.0;11.0;B01
63729;201400042227;0;7;0;1.0;1.0;3.0;1.0;A01
63730;201400042228;0;7;0;0.0;2.0;7.0;1.0;B01
63731;201400042228;0;7;0;0.0;2.0;1.0;1.0;A01
63732;201400042230;0;7;0;0.0;1.0;7.0;11.0;A01
63733;201400042231;0;33;0;0.0;1.0;1.0;1.0;A01
63734;201400042232;0;10;0;0.0;2.0;8.0;11.0;A01
63735;201400042232;0;33;0;0.0;2.0;8.0;1.0;B01
63736;201400042233;0;7;0;0.0;1.0;1.0;0.0;A01
63737;201400042234;0;7;0;0.0;2.0;4.0;2.0;A01
63738;201400042234;1;7;0;0.0;2.0;1.0;2.0;B01
63739;201400042235;0;7;0;0.0;1.0;8.0;1.0;A01
63740;201400042236;0;7;0;0.0;2.0;1.0;1.0;A01
63741;201400042236;0;1;0;0.0;2.0;4.0;15.0;B01
63742;201400042237;1;7;0;0.0;1.0;2.0;1.0;Z01
63743;201400042238;0;7;0;0.0;9.0;2.0;1.0;A01
63744;201400042238;0;1;0;0.0;2.0;3.0;3.0;B01
63745;201400042239;0;1;0;0.0;2.0;0.0;17.0;B01
63746;201400042240;0;7;0;0.0;1.0;2.0;1.0;A01
63747;201400042241;0;7;0;0.0;1.0;3.0;15.0;A01
63748;201400042242;0;10;0;0.0;1.0;2.0;1.0;A01
63749;201400042245;0;7;0;0.0;2.0;2.0;1.0;A01
63750;201400042245;0;7;0;0.0;2.0;6.0;10.0;B01
63751;201400042246;0;7;0;0.0;1.0;3.0;1.0;A01
63752;201400042247;0;7;0;0.0;2.0;1.0;1.0;A01
63753;201400042247;0;7;0;0.0;2.0;5.0;11.0;B01
63754;201400042248;0;3;0;0.0;0.0;1.0;15.0;A01
63755;201400042248;0;3;0;0.0;0.0;8.0;1.0;B01
63756;201400042249;0;7;0;0.0;1.0;0.0;0.0;A01
63757;201400042250;0;7;0;0.0;1.0;1.0;1.0;A01
63758;201400042251;0;7;0;0.0;2.0;2.0;9.0;A01
63759;201400042251;0;33;0;0.0;2.0;3.0;1.0;B01
63760;201400042252;0;33;0;0.0;0.0;8.0;0.0;A01
63761;201400042253;0;7;0;0.0;0.0;3.0;15.0;A01
63762;201400042253;0;30;0;0.0;2.0;3.0;1.0;B01
63763;201400042254;0;3;0;4.0;2.0;3.0;2.0;A01
63764;201400042255;0;7;0;8.0;0.0;7.0;1.0;A01
63765;201400042256;0;7;0;0.0;1.0;1.0;1.0;A01
63766;201400042257;0;33;0;0.0;2.0;1.0;2.0;A01
63767;201400042257;0;7;0;0.0;2.0;4.0;2.0;B01
63768;201400042258;0;33;0;0.0;0.0;7.0;11.0;A01
63769;201400042258;1;7;0;0.0;0.0;0.0;0.0;Z01
63770;201400042259;0;34;0;0.0;2.0;1.0;17.0;A01
63771;201400042259;0;7;0;0.0;0.0;6.0;12.0;B01
63772;201400042260;0;37;0;0.0;0.0;3.0;5.0;A01
63773;201400042260;0;33;0;0.0;0.0;1.0;5.0;B01
63774;201400042261;1;2;0;0.0;1.0;0.0;0.0;Z01
63775;201400042262;0;7;0;0.0;1.0;1.0;0.0;A01
63776;201400042263;0;7;0;0.0;2.0;8.0;0.0;A01
63777;201400042263;0;32;0;0.0;2.0;7.0;2.0;B01
63778;201400042264;1;7;0;0.0;1.0;0.0;16.0;Z01
63779;201400042265;0;7;0;8.0;2.0;5.0;0.0;A01
63780;201400042265;0;7;0;0.0;2.0;2.0;18.0;B01
63781;201400042266;0;7;0;0.0;2.0;3.0;0.0;A01
63782;201400042266;0;7;0;0.0;2.0;2.0;1.0;B01
63783;201400042267;0;36;0;0.0;2.0;8.0;1.0;A01
63784;201400042267;0;7;0;0.0;2.0;2.0;19.0;B01
63785;201400042268;0;3;0;0.0;1.0;2.0;1.0;A01
63786;201400042269;0;7;0;0.0;2.0;3.0;10.0;A01
63787;201400042269;0;7;0;0.0;2.0;2.0;1.0;B01
63788;201400042270;0;7;0;0.0;2.0;1.0;1.0;A01
63789;201400042270;0;7;0;4.0;0.0;4.0;1.0;B01
63790;201400042271;0;7;0;0.0;2.0;2.0;1.0;A01
63791;201400042271;0;7;0;0.0;2.0;3.0;1.0;B01
63792;201400042272;1;99;0;0.0;1.0;1.0;1.0;A01
63793;201400042274;0;7;0;9.0;0.0;1.0;1.0;A01
63794;201400042275;0;3;0;0.0;0.0;3.0;9.0;B01
63795;201400042275;0;3;0;0.0;0.0;1.0;9.0;A01