;Num_Acc;senc;catv;occutc;obs;obsm;choc;manv;num_veh
63796;201400042276;0;7;0;0.0;2.0;8.0;2.0;A01
63797;201400042276;0;7;0;0.0;2.0;8.0;1.0;B01
63798;201400042277;0;10;0;0.0;2.0;1.0;2.0;A01
63799;201400042277;0;10;0;0.0;2.0;1.0;0.0;B01
63800;201400042278;0;37;2;0.0;2.0;8.0;1.0;A01
63801;201400042278;0;37;1;0.0;2.0;6.0;1.0;B01
63802;201400042278;0;30;0;0.0;2.0;1.0;17.0;C01
63803;201400042279;0;1;0;0.0;2.0;0.0;0.0;B01
63804;201400042279;0;7;0;0.0;2.0;1.0;1.0;A01
63805;201400042280;0;7;0;0.0;2.0;1.0;11.0;A01
63806;201400042280;0;7;0;0.0;2.0;3.0;1.0;B01
63807;201400042281;0;7;0;0.0;1.0;8.0;1.0;A01
63808;201400042282;0;7;0;0.0;2.0;1.0;3.0;A01
63809;201400042282;0;14;0;0.0;0.0;3.0;11.0;B01
63810;201400042283;0;7;0;0.0;2.0;4.0;1.0;A01
63811;201400042283;2;7;0;0.0;2.0;1.0;2.0;Z01
63812;201400042284;0;7;0;0.0;2.0;1.0;1.0;A01
63813;201400042284;0;7;0;0.0;2.0;2.0;1.0;B01
63814;201400042284;0;7;0;0.0;2.0;6.0;1.0;C01
63815;201400042285;0;7;0;0.0;2.0;2.0;1.0;B01
63816;201400042285;0;7;0;0.0;2.0;1.0;15.0;A01
63817;201400042286;0;7;0;0.0;2.0;2.0;15.0;A01
63818;201400042286;0;33;0;0.0;2.0;1.0;1.0;B01
63819;201400042287;0;37;0;0.0;1.0;7.0;2.0;A01
63820;201400042288;0;34;0;0.0;0.0;3.0;1.0;A01
63821;201400042288;0;7;0;0.0;2.0;2.0;9.0;B01
63822;201400042290;0;30;0;0.0;2.0;1.0;1.0;B01
63823;201400042290;0;7;0;0.0;2.0;2.0;17.0;A01
63824;201400042293;0;34;0;0.0;2.0;1.0;17.0;A01
63825;201400042293;0;7;0;0.0;0.0;8.0;15.0;B01
63826;201400042294;0;10;0;0.0;2.0;1.0;1.0;A01
63827;201400042294;0;7;0;0.0;2.0;4.0;2.0;B01
63828;201400042295;1;99;0;0.0;1.0;0.0;0.0;Z01
63829;201400042296;0;33;0;0.0;2.0;1.0;0.0;A01
63830;201400042296;0;7;0;0.0;2.0;1.0;15.0;B01
63831;201400042297;0;7;0;0.0;2.0;2.0;1.0;B01
63832;201400042297;2;32;0;0.0;2.0;1.0;5.0;A01
63833;201400042298;0;33;0;0.0;2.0;1.0;1.0;B01
63834;201400042298;0;7;0;0.0;2.0;3.0;1.0;A01
63835;201400042299;0;7;0;0.0;2.0;0.0;15.0;A01
63836;201400042299;0;30;0;0.0;2.0;1.0;1.0;B01
63837;201400042300;0;7;0;0.0;2.0;1.0;15.0;A01
63838;201400042300;0;30;0;0.0;2.0;8.0;1.0;B01
63839;201400042302;0;7;0;0.0;1.0;1.0;15.0;A01
63840;201400042303;0;1;0;0.0;1.0;8.0;19.0;A01
63841;201400042304;0;7;0;0.0;0.0;8.0;2.0;A01
63842;201400042304;0;33;0;0.0;0.0;7.0;2.0;B01
63843;201400042305;0;15;0;0.0;2.0;3.0;1.0;A01
63844;201400042305;0;7;0;0.0;2.0;8.0;15.0;B01
63845;201400042306;0;3;0;0.0;0.0;2.0;15.0;A01
63846;201400042306;0;2;0;0.0;0.0;1.0;1.0;B01
63847;201400042307;0;7;0;8.0;0.0;1.0;16.0;A01
63848;201400042308;0;7;0;0.0;1.0;2.0;2.0;A01
63849;201400042309;0;7;0;0.0;1.0;1.0;1.0;A01
63850;201400042310;0;7;0;0.0;0.0;1.0;1.0;A01
63851;201400042310;0;2;0;0.0;0.0;1.0;1.0;B01
63852;201400042311;0;7;0;0.0;2.0;1.0;15.0;A01
63853;201400042311;0;33;0;0.0;2.0;1.0;1.0;B01
63854;201400042312;0;7;0;0.0;1.0;4.0;4.0;A01
63855;201400042313;0;7;0;0.0;1.0;1.0;1.0;A01
63856;201400042314;0;7;0;0.0;1.0;3.0;0.0;A01
63857;201400042315;0;7;0;0.0;1.0;1.0;15.0;A01
63858;201400042316;0;7;0;0.0;1.0;3.0;16.0;A01
63859;201400042317;0;7;0;0.0;2.0;7.0;15.0;A01
63860;201400042317;0;33;0;0.0;2.0;1.0;1.0;B01
63861;201400042318;0;7;0;0.0;2.0;7.0;15.0;B01
63862;201400042318;1;7;0;0.0;2.0;1.0;1.0;Z01
63863;201400042319;0;31;0;0.0;1.0;0.0;1.0;A01
63864;201400042320;0;3;0;0.0;2.0;3.0;9.0;A01
63865;201400042320;0;7;0;0.0;2.0;2.0;0.0;B01
63866;201400042321;0;7;0;0.0;1.0;0.0;0.0;A01
63867;201400042322;0;7;0;0.0;2.0;1.0;2.0;A01
63868;201400042322;0;7;0;0.0;2.0;4.0;0.0;B01
63869;201400042323;1;7;0;0.0;1.0;7.0;1.0;A01
63870;201400042324;0;7;0;0.0;0.0;5.0;23.0;A01
63871;201400042324;0;2;0;0.0;0.0;1.0;2.0;B01
63872;201400042325;0;7;0;0.0;1.0;1.0;1.0;A01
63873;201400042326;0;7;0;0.0;9.0;2.0;9.0;A01
63874;201400042326;0;33;0;1.0;2.0;1.0;1.0;B01
63875;201400042327;0;7;0;0.0;2.0;6.0;10.0;A01
63876;201400042327;0;7;0;0.0;2.0;3.0;0.0;B01
63877;201400042328;0;33;0;0.0;1.0;1.0;1.0;A01
63878;201400042329;0;33;0;0.0;1.0;3.0;3.0;A01
63879;201400042331;0;1;0;0.0;0.0;0.0;0.0;A01
63880;201400042331;0;7;0;0.0;0.0;0.0;0.0;B01
63881;201400042332;0;7;0;0.0;2.0;7.0;15.0;A01
63882;201400042332;0;7;0;0.0;2.0;1.0;1.0;B01
63883;201400042333;1;7;0;0.0;1.0;1.0;0.0;A01
63884;201400042334;0;7;0;6.0;0.0;1.0;2.0;A01
63885;201400042335;0;7;0;0.0;1.0;2.0;2.0;A01
63886;201400042336;0;7;0;0.0;1.0;2.0;2.0;A01
63887;201400042337;0;34;0;0.0;2.0;2.0;5.0;A01
63888;201400042337;0;10;0;0.0;2.0;6.0;15.0;B01
63889;201400042338;0;30;0;0.0;0.0;1.0;1.0;A01
63890;201400042338;0;7;0;0.0;2.0;5.0;12.0;B01
63891;201400042339;0;7;0;0.0;2.0;1.0;2.0;A01
63892;201400042339;0;30;0;0.0;2.0;4.0;2.0;B01
63893;201400042340;0;7;0;0.0;2.0;1.0;0.0;B01
63894;201400042340;0;7;0;0.0;2.0;2.0;1.0;A01
63895;201400042341;0;7;0;0.0;1.0;1.0;1.0;A01
63896;201400042343;0;7;0;0.0;0.0;3.0;11.0;A01
63897;201400042343;0;34;0;0.0;0.0;0.0;15.0;B01
63898;201400042344;0;7;0;1.0;0.0;3.0;1.0;A01
63899;201400042345;1;7;0;0.0;2.0;0.0;0.0;A01
63900;201400042345;0;13;0;0.0;2.0;1.0;15.0;B01
63901;201400042346;0;7;0;0.0;0.0;0.0;2.0;A01
63902;201400042346;0;33;0;0.0;2.0;9.0;3.0;B01
63903;201400042346;0;7;0;0.0;2.0;1.0;1.0;C01
63904;201400042347;0;30;0;0.0;2.0;5.0;18.0;A01
63905;201400042347;0;99;0;0.0;0.0;5.0;15.0;B01
63906;201400042348;0;7;0;0.0;2.0;1.0;2.0;A01
63907;201400042348;0;33;0;0.0;2.0;4.0;23.0;B01
63908;201400042349;0;30;0;0.0;0.0;0.0;17.0;A01
63909;201400042350;0;2;0;0.0;2.0;1.0;1.0;B01
63910;201400042350;0;7;0;0.0;2.0;3.0;1.0;A01
63911;201400042352;0;7;0;0.0;2.0;5.0;13.0;A01
63912;201400042352;0;7;0;0.0;0.0;5.0;23.0;B01
63913;201400042353;0;7;0;0.0;1.0;3.0;15.0;A01
63914;201400042354;0;32;0;0.0;2.0;5.0;17.0;A01
63915;201400042354;0;7;0;0.0;2.0;6.0;23.0;B01
63916;201400042354;0;7;0;0.0;2.0;0.0;1.0;C01
63917;201400042356;1;7;0;0.0;1.0;1.0;0.0;A01
63918;201400042357;0;7;0;0.0;2.0;2.0;0.0;A01
63919;201400042357;0;7;0;0.0;2.0;3.0;0.0;B01
63920;201400042358;0;2;0;0.0;2.0;7.0;1.0;B01
63921;201400042358;0;33;0;0.0;2.0;1.0;1.0;A01
63922;201400042359;0;10;0;0.0;1.0;2.0;1.0;A01
63923;201400042360;0;2;0;0.0;2.0;7.0;2.0;A01
63924;201400042360;0;7;0;0.0;2.0;6.0;2.0;B01
63925;201400042361;0;33;0;0.0;0.0;8.0;0.0;A01
63926;201400042362;0;7;0;0.0;1.0;3.0;1.0;A01
63927;201400042363;1;7;0;0.0;1.0;1.0;5.0;A01
63928;201400042364;0;7;0;0.0;2.0;3.0;15.0;A01
63929;201400042364;0;33;0;0.0;2.0;8.0;1.0;B01
63930;201400042365;0;31;0;0.0;2.0;7.0;17.0;A01
63931;201400042365;0;7;0;0.0;2.0;2.0;15.0;B01
63932;201400042366;0;7;0;0.0;0.0;8.0;4.0;A01
63933;201400042366;0;34;0;0.0;2.0;1.0;1.0;B01
63934;201400042367;0;7;0;0.0;2.0;3.0;11.0;A01
63935;201400042367;0;34;0;0.0;2.0;7.0;3.0;B01
63936;201400042368;0;7;0;0.0;2.0;1.0;5.0;A01
63937;201400042368;0;7;0;0.0;0.0;8.0;10.0;B01
63938;201400042369;0;20;0;8.0;0.0;1.0;1.0;A01
63939;201400042370;0;10;0;0.0;1.0;1.0;1.0;A01
63940;201400042372;0;7;0;0.0;1.0;2.0;1.0;A01
63941;201400042373;0;7;0;0.0;0.0;3.0;15.0;A01
63942;201400042373;0;30;0;0.0;2.0;3.0;1.0;B01
63943;201400042374;0;7;0;0.0;2.0;2.0;2.0;A01
63944;201400042374;0;30;0;0.0;2.0;6.0;2.0;B01
63945;201400042377;0;33;0;0.0;0.0;8.0;21.0;A01
63946;201400042378;0;7;0;0.0;1.0;2.0;2.0;A01
63947;201400042379;0;7;0;0.0;2.0;2.0;5.0;A01
63948;201400042379;0;32;0;0.0;2.0;1.0;5.0;B01
63949;201400042381;0;7;0;0.0;0.0;8.0;15.0;A01
63950;201400042381;0;34;0;0.0;0.0;3.0;1.0;B01
63951;201400042382;0;7;0;0.0;2.0;2.0;2.0;A01
63952;201400042382;0;30;0;0.0;2.0;1.0;2.0;B01
63953;201400042383;0;7;0;0.0;1.0;1.0;2.0;A01
63954;201400042384;0;7;0;0.0;2.0;2.0;11.0;A01
63955;201400042384;0;2;0;0.0;2.0;1.0;2.0;B01
63956;201400042384;0;7;0;0.0;2.0;2.0;1.0;C01
63957;201400042386;0;34;0;0.0;2.0;1.0;2.0;A01
63958;201400042386;0;7;0;0.0;2.0;4.0;2.0;B01
63959;201400042387;0;7;0;0.0;2.0;1.0;0.0;A01
63960;201400042387;0;7;0;0.0;0.0;0.0;0.0;B01
63961;201400042387;0;7;0;0.0;0.0;0.0;0.0;C01
63962;201400042388;0;32;0;0.0;1.0;1.0;1.0;A01
63963;201400042389;0;34;0;0.0;0.0;1.0;1.0;A01
63964;201400042389;0;7;0;0.0;0.0;3.0;15.0;B01
63965;201400042390;0;33;0;9.0;2.0;7.0;21.0;A01
63966;201400042391;0;34;0;0.0;0.0;0.0;0.0;B01
63967;201400042392;0;7;0;0.0;2.0;6.0;13.0;A01
63968;201400042392;0;30;0;0.0;2.0;1.0;2.0;B01
63969;201400042393;0;7;0;0.0;1.0;0.0;0.0;A01
63970;201400042394;0;7;0;0.0;2.0;4.0;4.0;A01
63971;201400042394;0;34;0;0.0;2.0;1.0;0.0;B01
63972;201400042395;0;2;0;0.0;2.0;1.0;2.0;A01
63973;201400042395;1;7;0;0.0;0.0;0.0;0.0;B01
63974;201400042396;0;7;0;0.0;1.0;1.0;15.0;A01
63975;201400042397;0;7;0;0.0;0.0;1.0;1.0;B01
63976;201400042397;0;32;0;0.0;2.0;8.0;1.0;A01
63977;201400042398;0;7;0;0.0;2.0;2.0;10.0;A01
63978;201400042398;0;32;0;0.0;2.0;1.0;2.0;B01
63979;201400042399;0;7;0;0.0;9.0;3.0;15.0;B01
63980;201400042400;0;33;0;0.0;2.0;6.0;9.0;A01
63981;201400042400;0;33;0;0.0;2.0;1.0;1.0;B01
63982;201400042401;0;7;0;9.0;2.0;2.0;14.0;A01
63983;201400042402;0;7;0;0.0;1.0;1.0;5.0;A01
63984;201400042403;0;33;0;0.0;2.0;8.0;1.0;B01
63985;201400042403;0;7;0;0.0;2.0;1.0;1.0;A01
63986;201400042404;0;7;0;12.0;0.0;5.0;1.0;A01
63987;201400042405;0;2;0;0.0;2.0;1.0;1.0;A01
63988;201400042405;0;7;0;0.0;0.0;5.0;1.0;B01
63989;201400042406;0;30;0;0.0;2.0;2.0;1.0;A01
63990;201400042406;0;7;0;0.0;2.0;6.0;23.0;B01
63991;201400042406;0;7;0;0.0;2.0;3.0;1.0;C01
63992;201400042407;0;2;0;0.0;0.0;0.0;1.0;A01
63993;201400042408;0;7;0;0.0;1.0;1.0;1.0;A01
63994;201400042410;0;7;0;15.0;0.0;1.0;1.0;A01
63995;201400042411;0;30;0;0.0;2.0;7.0;0.0;A01
63996;201400042411;0;7;0;0.0;2.0;1.0;1.0;B01
63997;201400042412;0;7;0;9.0;0.0;3.0;21.0;A01
63998;201400042412;0;10;0;0.0;0.0;0.0;13.0;B01
63999;201400042413;0;7;0;0.0;1.0;0.0;0.0;A01
64000;201400042414;0;7;0;0.0;0.0;3.0;15.0;A01
64001;201400042414;0;33;0;0.0;2.0;2.0;17.0;B01
64002;201400042415;0;7;0;0.0;2.0;8.0;1.0;B01
64003;201400042415;0;7;0;0.0;2.0;1.0;15.0;A01
64004;201400042416;0;34;0;0.0;1.0;1.0;0.0;A01
64005;201400042417;0;33;0;0.0;2.0;8.0;18.0;A01
64006;201400042417;0;7;0;0.0;2.0;2.0;2.0;B01
64007;201400042418;0;7;0;0.0;2.0;3.0;12.0;A01
64008;201400042418;0;33;0;0.0;2.0;7.0;11.0;B01
64009;201400042419;0;7;0;0.0;2.0;5.0;1.0;B01
64010;201400042419;0;7;0;0.0;2.0;1.0;0.0;A01
64011;201400042420;0;7;0;0.0;1.0;1.0;2.0;A01
64012;201400042421;1;7;0;0.0;0.0;8.0;12.0;A01
64013;201400042421;0;1;0;0.0;9.0;1.0;1.0;Y01
64014;201400042422;0;7;0;0.0;0.0;3.0;15.0;A01
64015;201400042422;0;1;0;0.0;2.0;1.0;1.0;B01
64016;201400042423;0;7;0;0.0;0.0;3.0;15.0;A01
64017;201400042423;0;33;0;0.0;0.0;3.0;1.0;B01
64018;201400042424;0;30;0;0.0;2.0;1.0;1.0;B01
64019;201400042424;0;7;0;0.0;0.0;2.0;1.0;A01
64020;201400042425;0;7;0;0.0;2.0;1.0;2.0;A01
64021;201400042425;0;7;0;0.0;0.0;4.0;2.0;B01
64022;201400042426;0;7;0;0.0;1.0;4.0;4.0;A01
64023;201400042427;0;7;0;1.0;1.0;3.0;1.0;A01
64024;201400042428;0;7;0;0.0;1.0;2.0;12.0;A01
64025;201400042429;0;32;0;0.0;1.0;2.0;0.0;A01
64026;201400042430;0;10;0;0.0;2.0;2.0;23.0;C01
64027;201400042430;0;10;0;0.0;2.0;3.0;12.0;A01
64028;201400042430;0;32;0;0.0;2.0;8.0;1.0;B01
64029;201400042432;0;7;0;0.0;1.0;2.0;0.0;A01
64030;201400042433;0;31;0;0.0;2.0;0.0;16.0;A01
64031;201400042435;0;31;0;0.0;1.0;1.0;0.0;A01
64032;201400042436;0;7;0;0.0;2.0;7.0;17.0;A01
64033;201400042436;0;33;0;8.0;2.0;8.0;2.0;B01
64034;201400042437;0;2;0;0.0;0.0;3.0;0.0;B01
64035;201400042437;0;3;0;0.0;0.0;2.0;0.0;A01
64036;201400042439;0;30;0;0.0;0.0;7.0;1.0;A01
64037;201400042439;0;30;0;0.0;0.0;0.0;1.0;B01
64038;201400042440;1;10;0;0.0;1.0;8.0;22.0;A01
64039;201400042440;0;1;0;0.0;0.0;0.0;0.0;B01
64040;201400042441;0;7;0;0.0;0.0;2.0;1.0;A01
64041;201400042441;0;99;0;0.0;0.0;3.0;1.0;B01
64042;201400042442;0;30;0;0.0;0.0;8.0;1.0;A01
64043;201400042443;0;7;0;0.0;2.0;3.0;15.0;A01
64044;201400042443;0;7;0;0.0;2.0;6.0;1.0;B01
64045;201400042444;0;3;0;0.0;0.0;0.0;0.0;A01
64046;201400042444;0;7;0;0.0;0.0;4.0;15.0;B01
64047;201400042445;1;7;0;0.0;1.0;1.0;1.0;A01
64048;201400042446;0;34;0;0.0;2.0;2.0;17.0;A01
64049;201400042446;0;10;0;0.0;2.0;3.0;17.0;B01
64050;201400042447;0;33;0;0.0;0.0;0.0;0.0;A01
64051;201400042447;0;7;0;0.0;0.0;0.0;0.0;B01
64052;201400042448;1;7;0;0.0;0.0;0.0;10.0;A01
64053;201400042448;0;34;0;0.0;0.0;2.0;1.0;B01
64054;201400042449;0;7;0;0.0;1.0;1.0;1.0;A01
64055;201400042450;0;7;0;0.0;2.0;3.0;1.0;B01
64056;201400042450;0;32;0;0.0;2.0;8.0;15.0;A01
64057;201400042451;0;10;0;0.0;2.0;4.0;4.0;A01
64058;201400042451;0;1;0;0.0;2.0;1.0;1.0;B01
64059;201400042454;1;32;0;0.0;1.0;0.0;0.0;A01
64060;201400042455;0;7;0;0.0;2.0;8.0;17.0;A01
64061;201400042455;0;2;0;0.0;2.0;8.0;1.0;B01
64062;201400042456;0;7;0;0.0;0.0;3.0;0.0;A01
64063;201400042456;0;30;0;0.0;0.0;0.0;0.0;B01
64064;201400042457;0;7;0;0.0;2.0;1.0;17.0;A01
64065;201400042457;0;30;0;0.0;2.0;1.0;15.0;B01
64066;201400042458;0;30;0;0.0;0.0;1.0;0.0;A01
64067;201400042459;0;7;0;0.0;2.0;2.0;0.0;B01
64068;201400042459;0;2;0;0.0;2.0;1.0;0.0;A01
64069;201400042460;0;2;0;8.0;0.0;1.0;2.0;A01
64070;201400042461;0;7;0;0.0;0.0;0.0;15.0;A01
64071;201400042461;0;30;0;0.0;2.0;1.0;13.0;B01
64072;201400042463;0;30;0;0.0;1.0;1.0;1.0;A01
64073;201400042464;0;7;0;0.0;0.0;7.0;1.0;A01
64074;201400042464;0;31;0;0.0;0.0;0.0;0.0;B01
64075;201400042465;0;2;0;0.0;1.0;1.0;1.0;A01
64076;201400042466;0;7;0;0.0;2.0;7.0;2.0;A01
64077;201400042466;0;32;0;0.0;2.0;8.0;2.0;B01
64078;201400042467;0;7;0;0.0;2.0;6.0;23.0;A01
64079;201400042467;0;30;0;0.0;2.0;1.0;1.0;B01
64080;201400042468;0;7;0;0.0;0.0;0.0;0.0;A01
64081;201400042468;0;32;0;0.0;0.0;0.0;0.0;B01
64082;201400042470;0;7;0;0.0;0.0;0.0;0.0;A01
64083;201400042470;0;33;0;0.0;0.0;0.0;0.0;B01
64084;201400042471;0;7;0;0.0;1.0;6.0;20.0;A01
64085;201400042472;0;7;0;0.0;2.0;1.0;1.0;A01
64086;201400042472;0;7;0;0.0;2.0;1.0;1.0;B01
64087;201400042472;0;7;0;0.0;0.0;4.0;1.0;C01
64088;201400042473;0;7;0;0.0;2.0;3.0;19.0;B01
64089;201400042473;0;7;0;9.0;2.0;2.0;2.0;A01
64090;201400042474;0;7;0;0.0;0.0;0.0;0.0;A01
64091;201400042474;0;7;0;0.0;0.0;0.0;0.0;B01
64092;201400042475;1;13;0;0.0;2.0;1.0;0.0;A01
64093;201400042475;0;7;0;0.0;2.0;4.0;2.0;B01
64094;201400042476;0;7;0;0.0;1.0;1.0;1.0;A01
64095;201400042478;1;30;0;0.0;1.0;1.0;3.0;A01
64096;201400042479;0;7;0;0.0;1.0;3.0;11.0;A01
64097;201400042480;0;3;0;8.0;0.0;3.0;2.0;A01
64098;201400042481;0;32;0;0.0;2.0;2.0;1.0;A01
64099;201400042481;0;7;0;0.0;2.0;3.0;1.0;B01
64100;201400042482;1;99;0;0.0;1.0;2.0;0.0;A01
64101;201400042483;0;7;0;0.0;2.0;6.0;1.0;B01
64102;201400042483;2;7;0;14.0;2.0;1.0;2.0;A01
64103;201400042485;0;33;0;0.0;2.0;1.0;0.0;A01
64104;201400042485;0;7;0;0.0;0.0;5.0;11.0;B01
64105;201400042486;0;7;0;0.0;0.0;1.0;1.0;A01
64106;201400042486;0;7;0;0.0;0.0;2.0;1.0;B01
64107;201400042487;0;2;0;0.0;2.0;1.0;2.0;A01
64108;201400042487;0;7;0;0.0;2.0;8.0;23.0;B01
64109;201400042488;0;7;0;0.0;1.0;1.0;2.0;A01
64110;201400042489;0;10;0;0.0;2.0;3.0;15.0;A01
64111;201400042489;0;33;0;0.0;2.0;1.0;2.0;B01
64112;201400042490;1;7;0;0.0;2.0;0.0;0.0;A01
64113;201400042490;0;30;0;0.0;0.0;0.0;0.0;B01
64114;201400042492;1;7;0;0.0;2.0;0.0;16.0;A01
64115;201400042492;0;32;0;0.0;2.0;0.0;1.0;B01
64116;201400042493;1;7;0;0.0;2.0;1.0;1.0;A01
64117;201400042493;0;7;0;0.0;2.0;4.0;1.0;B01
64118;201400042493;0;7;0;0.0;2.0;4.0;23.0;C01
64119;201400042493;0;7;0;0.0;2.0;4.0;23.0;D01
64120;201400042496;0;10;0;0.0;1.0;3.0;0.0;A01
64121;201400042498;0;33;0;0.0;2.0;7.0;0.0;A01
64122;201400042498;0;7;0;0.0;0.0;0.0;0.0;B01
64123;201400042500;0;7;0;0.0;2.0;1.0;6.0;A01
64124;201400042500;0;7;0;0.0;2.0;1.0;1.0;B01
64125;201400042500;0;37;1;0.0;2.0;6.0;1.0;C01
64126;201400042501;0;7;0;0.0;2.0;1.0;15.0;A01
64127;201400042501;0;7;0;0.0;2.0;1.0;1.0;B01
64128;201400042502;0;7;0;3.0;0.0;1.0;0.0;A01
64129;201400042503;0;7;0;0.0;2.0;4.0;4.0;A01
64130;201400042503;0;7;0;0.0;2.0;2.0;1.0;B01
64131;201400042504;0;7;0;0.0;1.0;2.0;2.0;A01
64132;201400042505;0;31;0;0.0;2.0;0.0;3.0;A01
64133;201400042506;0;7;0;8.0;0.0;1.0;1.0;A01
64134;201400042507;0;7;0;1.0;0.0;2.0;0.0;A01
64135;201400042508;0;7;0;0.0;2.0;3.0;9.0;A01
64136;201400042508;0;33;0;0.0;2.0;1.0;21.0;B01
64137;201400042509;0;10;0;0.0;2.0;2.0;10.0;A01
64138;201400042509;0;10;0;0.0;2.0;1.0;2.0;B01
64139;201400042510;0;7;0;0.0;0.0;3.0;0.0;A01
64140;201400042510;0;7;0;0.0;0.0;8.0;0.0;B01
64141;201400042511;0;7;0;0.0;1.0;2.0;1.0;A01
64142;201400042512;0;7;0;0.0;1.0;1.0;2.0;A01
64143;201400042513;0;7;0;0.0;1.0;7.0;1.0;A01
64144;201400042514;0;33;0;0.0;2.0;1.0;17.0;A01
64145;201400042514;0;7;0;0.0;2.0;3.0;15.0;B01
64146;201400042515;1;7;0;0.0;1.0;1.0;0.0;Z01
64147;201400042516;0;7;0;0.0;0.0;1.0;15.0;A01
64148;201400042516;0;33;0;0.0;0.0;0.0;1.0;B01
64149;201400042517;0;7;0;0.0;2.0;1.0;17.0;A01
64150;201400042517;0;7;0;0.0;2.0;6.0;15.0;B01
64151;201400042518;0;7;0;0.0;2.0;1.0;0.0;A01
64152;201400042518;0;3;0;4.0;2.0;4.0;0.0;B01
64153;201400042519;0;7;0;0.0;1.0;2.0;1.0;A01
64154;201400042520;0;7;0;0.0;1.0;1.0;1.0;A01
64155;201400042521;0;7;0;0.0;0.0;4.0;2.0;A01
64156;201400042521;0;7;0;0.0;2.0;1.0;2.0;B01
64157;201400042522;0;37;1;0.0;2.0;1.0;2.0;A01
64158;201400042522;0;10;0;0.0;2.0;4.0;2.0;B01
64159;201400042523;0;3;0;0.0;2.0;2.0;10.0;A01
64160;201400042523;0;30;0;0.0;0.0;3.0;1.0;B01
64161;201400042524;0;7;0;0.0;2.0;1.0;2.0;A01
64162;201400042524;0;7;0;0.0;0.0;4.0;2.0;B01
64163;201400042525;0;7;0;0.0;2.0;1.0;1.0;A01
64164;201400042525;0;7;0;0.0;2.0;4.0;0.0;B01
64165;201400042526;2;7;0;3.0;2.0;1.0;1.0;A01
64166;201400042526;0;7;0;0.0;2.0;8.0;2.0;B01
64167;201400042527;0;34;0;0.0;2.0;1.0;0.0;A01
64168;201400042527;0;7;0;0.0;2.0;6.0;15.0;B01
64169;201400042528;2;7;0;0.0;2.0;1.0;1.0;A01
64170;201400042528;0;7;0;0.0;0.0;4.0;1.0;B01
64171;201400042529;0;7;0;0.0;2.0;1.0;1.0;A01
64172;201400042529;0;7;0;0.0;2.0;8.0;4.0;B01
64173;201400042530;0;7;0;14.0;2.0;1.0;2.0;A01
64174;201400042530;0;37;6;0.0;0.0;4.0;2.0;B01
64175;201400042531;0;7;0;0.0;0.0;4.0;24.0;A01
64176;201400042531;0;30;0;1.0;0.0;1.0;2.0;B01
64177;201400042532;1;7;0;0.0;1.0;0.0;0.0;Z01
64178;201400042533;0;1;0;15.0;2.0;8.0;2.0;B01
64179;201400042533;1;7;0;0.0;9.0;1.0;0.0;Z01
64180;201400042534;0;7;0;0.0;1.0;2.0;0.0;A01
64181;201400042535;0;30;0;0.0;2.0;1.0;1.0;A01
64182;201400042535;1;7;0;0.0;2.0;0.0;0.0;Z01
64183;201400042536;0;7;0;1.0;0.0;2.0;1.0;A01
64184;201400042537;1;7;0;0.0;1.0;0.0;0.0;Z01
64185;201400042538;0;3;0;0.0;2.0;4.0;0.0;A01
64186;201400042538;0;10;0;14.0;2.0;1.0;0.0;B01
64187;201400042539;1;7;0;0.0;9.0;1.0;15.0;Z01
64188;201400042539;0;1;0;0.0;2.0;1.0;1.0;A01
64189;201400042540;0;33;0;0.0;1.0;8.0;3.0;A01
64190;201400042540;0;7;0;0.0;0.0;4.0;0.0;B01
64191;201400042541;0;7;0;13.0;0.0;2.0;1.0;A01
64192;201400042542;0;2;0;0.0;2.0;1.0;5.0;A01
64193;201400042542;0;7;0;0.0;2.0;3.0;15.0;B01
64194;201400042544;0;7;0;0.0;0.0;2.0;1.0;B01
64195;201400042544;0;7;0;0.0;0.0;2.0;15.0;A01
64196;201400042545;0;7;0;0.0;2.0;1.0;1.0;A01
64197;201400042545;1;7;0;0.0;2.0;0.0;0.0;Z01
64198;201400042546;1;7;0;0.0;2.0;1.0;1.0;A01
64199;201400042546;0;7;0;0.0;2.0;5.0;14.0;B01
64200;201400042547;0;7;0;0.0;2.0;3.0;0.0;B01
64201;201400042547;0;7;0;0.0;2.0;2.0;0.0;A01
64202;201400042548;0;7;0;0.0;1.0;3.0;16.0;A01
64203;201400042549;0;7;0;0.0;2.0;2.0;1.0;B01
64204;201400042549;0;30;0;0.0;2.0;1.0;9.0;A01
64205;201400042550;0;7;0;0.0;2.0;1.0;1.0;A01
64206;201400042550;0;7;0;0.0;2.0;3.0;1.0;B01
64207;201400042551;0;7;0;0.0;1.0;0.0;1.0;A01
64208;201400042552;0;7;0;1.0;0.0;4.0;2.0;A01
64209;201400042553;0;3;0;9.0;0.0;1.0;0.0;A01
64210;201400042554;0;7;0;0.0;2.0;3.0;0.0;B01
64211;201400042554;0;7;0;0.0;2.0;1.0;0.0;A01
64212;201400042555;0;7;0;9.0;1.0;1.0;10.0;A01
64213;201400042556;0;7;0;0.0;2.0;7.0;15.0;A01
64214;201400042556;0;30;0;0.0;2.0;1.0;1.0;B01
64215;201400042557;0;10;0;0.0;0.0;7.0;15.0;A01
64216;201400042557;0;31;0;0.0;2.0;1.0;1.0;B01