;Num_Acc;senc;catv;occutc;obs;obsm;choc;manv;num_veh
64638;201400042840;0;7;0;0.0;0.0;3.0;23.0;A01
64639;201400042840;0;7;0;0.0;2.0;5.0;0.0;B01
64640;201400042841;0;7;0;0.0;2.0;1.0;2.0;A01
64641;201400042841;0;7;0;0.0;2.0;4.0;2.0;B01
64642;201400042841;0;7;0;0.0;2.0;4.0;2.0;C01
64643;201400042843;1;7;0;0.0;1.0;2.0;2.0;A01
64644;201400042844;0;7;0;0.0;1.0;1.0;9.0;A01
64645;201400042845;0;7;0;0.0;1.0;1.0;1.0;A01
64646;201400042846;0;7;0;0.0;1.0;3.0;1.0;A01
64647;201400042847;0;31;0;0.0;2.0;5.0;17.0;A01
64648;201400042847;0;7;0;0.0;9.0;8.0;15.0;B01
64649;201400042848;0;10;0;0.0;2.0;1.0;2.0;A01
64650;201400042848;0;7;0;1.0;0.0;4.0;2.0;B01
64651;201400042849;0;7;0;1.0;0.0;2.0;1.0;A01
64652;201400042850;0;7;0;0.0;2.0;1.0;2.0;A01
64653;201400042850;0;7;0;0.0;2.0;4.0;2.0;B01
64654;201400042851;0;7;0;0.0;2.0;2.0;12.0;A01
64655;201400042851;0;7;0;0.0;2.0;3.0;16.0;B01
64656;201400042852;0;7;0;0.0;1.0;2.0;1.0;A01
64657;201400042853;0;7;0;1.0;0.0;1.0;5.0;A01
64658;201400042854;0;10;0;0.0;2.0;2.0;14.0;A01
64659;201400042854;0;33;0;0.0;0.0;3.0;1.0;B01
64660;201400042855;0;33;0;0.0;2.0;1.0;1.0;B01
64661;201400042855;0;10;0;0.0;2.0;2.0;15.0;A01
64662;201400042856;0;7;0;0.0;0.0;2.0;2.0;A01
64663;201400042857;0;32;0;0.0;0.0;3.0;10.0;A01
64664;201400042858;0;7;0;14.0;0.0;1.0;1.0;A01
64665;201400042859;0;7;0;0.0;9.0;1.0;9.0;A01
64666;201400042859;0;1;0;0.0;2.0;0.0;16.0;B01
64667;201400042860;0;7;0;0.0;2.0;1.0;15.0;A01
64668;201400042860;0;7;0;0.0;2.0;1.0;1.0;B01
64669;201400042861;0;2;0;8.0;2.0;3.0;17.0;A01
64670;201400042861;0;7;0;0.0;2.0;3.0;15.0;B01
64671;201400042862;0;7;0;0.0;2.0;3.0;5.0;A01
64672;201400042862;0;31;0;0.0;2.0;1.0;1.0;B01
64673;201400042865;0;7;0;8.0;0.0;1.0;21.0;A01
64674;201400042866;0;7;0;0.0;2.0;1.0;1.0;A01
64675;201400042866;0;7;0;0.0;0.0;4.0;1.0;B01
64676;201400042867;0;31;0;0.0;2.0;7.0;1.0;B01
64677;201400042867;0;7;0;0.0;0.0;3.0;1.0;A01
64678;201400042868;0;7;0;0.0;2.0;1.0;1.0;A01
64679;201400042868;0;37;1;0.0;2.0;2.0;1.0;B01
64680;201400042869;0;3;0;0.0;1.0;1.0;1.0;A01
64681;201400042870;0;7;0;0.0;2.0;2.0;10.0;A01
64682;201400042870;0;10;0;0.0;2.0;1.0;2.0;B01
64683;201400042872;0;7;0;0.0;0.0;3.0;15.0;A01
64684;201400042872;0;33;0;0.0;0.0;1.0;2.0;B01
64685;201400042873;0;7;0;0.0;2.0;0.0;9.0;A01
64686;201400042873;0;31;0;0.0;2.0;0.0;21.0;B01
64687;201400042875;0;34;0;8.0;0.0;2.0;0.0;A01
64688;201400042876;0;30;0;1.0;0.0;1.0;0.0;A01
64689;201400042877;1;7;0;0.0;9.0;0.0;0.0;A01
64690;201400042877;0;32;0;0.0;2.0;3.0;2.0;B01
64691;201400042878;0;33;0;0.0;2.0;5.0;1.0;A01
64692;201400042878;0;20;0;0.0;2.0;5.0;9.0;B01
64693;201400042879;0;10;0;0.0;2.0;1.0;15.0;A01
64694;201400042879;0;33;0;0.0;2.0;1.0;1.0;B01
64695;201400042880;0;10;0;0.0;1.0;3.0;1.0;A01
64696;201400042881;0;33;0;1.0;0.0;0.0;0.0;A01
64697;201400042881;0;7;0;0.0;0.0;7.0;0.0;B01
64698;201400042882;0;7;0;0.0;1.0;1.0;1.0;A01
64699;201400042883;0;7;0;15.0;2.0;7.0;1.0;A01
64700;201400042883;0;7;0;12.0;2.0;1.0;9.0;B01
64701;201400042884;0;1;0;0.0;0.0;1.0;14.0;A01
64702;201400042884;0;7;0;0.0;0.0;6.0;23.0;B01
64703;201400042885;0;7;0;0.0;2.0;2.0;1.0;A01
64704;201400042885;0;32;0;0.0;2.0;3.0;9.0;B01
64705;201400042886;1;7;0;0.0;1.0;6.0;4.0;A01
64706;201400042887;0;33;0;0.0;2.0;1.0;1.0;B01
64707;201400042887;1;7;0;0.0;2.0;1.0;10.0;Z01
64708;201400042888;0;7;0;0.0;1.0;3.0;2.0;A01
64709;201400042889;0;7;0;2.0;0.0;1.0;1.0;A01
64710;201400042890;0;7;0;0.0;1.0;3.0;1.0;A01
64711;201400042891;0;7;0;11.0;0.0;1.0;0.0;A01
64712;201400042892;0;7;0;0.0;2.0;1.0;13.0;A01
64713;201400042892;0;7;0;0.0;2.0;3.0;1.0;B01
64714;201400042892;0;7;0;0.0;2.0;1.0;2.0;C01
64715;201400042893;0;7;0;0.0;1.0;1.0;0.0;A01
64716;201400042894;0;7;0;0.0;1.0;3.0;0.0;A01
64717;201400042895;0;7;0;3.0;0.0;1.0;6.0;A01
64718;201400042897;2;7;0;8.0;0.0;1.0;0.0;A01
64719;201400042898;0;10;0;0.0;2.0;1.0;2.0;B01
64720;201400042898;0;7;0;0.0;0.0;4.0;23.0;A01
64721;201400042899;0;32;0;0.0;2.0;1.0;5.0;A01
64722;201400042899;0;7;0;0.0;2.0;1.0;9.0;B01
64723;201400042900;0;7;0;0.0;2.0;3.0;1.0;A01
64724;201400042900;0;7;0;0.0;2.0;2.0;5.0;B01
64725;201400042901;1;7;0;0.0;1.0;1.0;15.0;A01
64726;201400042902;0;2;0;0.0;2.0;7.0;1.0;B01
64727;201400042902;0;7;0;0.0;2.0;5.0;15.0;A01
64728;201400042903;0;7;0;0.0;2.0;7.0;21.0;A01
64729;201400042903;0;7;0;0.0;2.0;1.0;21.0;B01
64730;201400042904;2;7;0;0.0;2.0;3.0;10.0;A01
64731;201400042904;0;33;0;0.0;2.0;1.0;1.0;B01
64732;201400042904;0;7;0;0.0;0.0;4.0;24.0;C01
64733;201400042905;0;7;0;0.0;2.0;1.0;1.0;A01
64734;201400042905;0;7;0;0.0;2.0;2.0;19.0;B01
64735;201400042906;0;33;0;12.0;0.0;0.0;2.0;A01
64736;201400042907;0;33;0;0.0;2.0;1.0;1.0;B01
64737;201400042907;0;7;0;0.0;2.0;2.0;15.0;A01
64738;201400042908;0;30;0;0.0;2.0;1.0;1.0;B01
64739;201400042909;0;10;0;0.0;2.0;8.0;15.0;A01
64740;201400042909;0;33;0;0.0;2.0;1.0;1.0;B01
64741;201400042911;0;7;0;0.0;2.0;1.0;2.0;A01
64742;201400042911;0;7;0;0.0;0.0;4.0;23.0;B01
64743;201400042912;0;7;0;0.0;1.0;1.0;0.0;A01
64744;201400042913;0;7;0;1.0;2.0;2.0;1.0;A01
64745;201400042913;0;38;1;1.0;0.0;0.0;24.0;C01
64746;201400042914;2;7;0;0.0;1.0;2.0;3.0;A01
64747;201400042914;2;7;0;0.0;0.0;3.0;7.0;B01
64748;201400042915;0;7;0;0.0;1.0;1.0;1.0;A01
64749;201400042916;0;37;0;0.0;1.0;7.0;0.0;A01
64750;201400042917;0;33;0;0.0;2.0;3.0;18.0;B01
64751;201400042917;0;7;0;0.0;2.0;7.0;22.0;A01
64752;201400042919;0;7;0;16.0;1.0;5.0;4.0;A01
64753;201400042920;0;7;0;0.0;1.0;1.0;2.0;A01
64754;201400042921;1;99;0;0.0;0.0;0.0;0.0;Z01
64755;201400042921;0;33;0;12.0;2.0;4.0;2.0;B01
64756;201400042922;0;7;0;0.0;2.0;3.0;0.0;A01
64757;201400042922;0;7;0;0.0;2.0;5.0;0.0;B01
64758;201400042924;0;7;0;0.0;0.0;5.0;19.0;A01
64759;201400042924;0;7;0;0.0;2.0;1.0;2.0;B01
64760;201400042926;0;2;0;0.0;2.0;1.0;2.0;A01
64761;201400042926;0;7;0;0.0;0.0;4.0;2.0;B01
64762;201400042927;2;7;0;0.0;2.0;7.0;14.0;A01
64763;201400042927;0;7;0;0.0;2.0;9.0;2.0;B01
64764;201400042928;0;7;0;0.0;2.0;1.0;1.0;A01
64765;201400042928;0;7;0;0.0;2.0;9.0;1.0;B01
64766;201400042928;0;7;0;0.0;2.0;4.0;1.0;C01
64767;201400042929;0;7;0;0.0;2.0;1.0;2.0;A01
64768;201400042929;0;7;0;0.0;2.0;4.0;2.0;B01
64769;201400042930;0;7;0;0.0;0.0;6.0;15.0;A01
64770;201400042930;0;33;0;0.0;2.0;1.0;2.0;B01
64771;201400042931;2;7;0;0.0;2.0;2.0;0.0;A01
64772;201400042931;0;7;0;0.0;2.0;3.0;0.0;B01
64773;201400042932;0;7;0;1.0;2.0;8.0;1.0;B01
64774;201400042932;0;7;0;0.0;2.0;2.0;15.0;A01
64775;201400042933;0;7;0;0.0;2.0;3.0;15.0;B01
64776;201400042933;0;2;0;0.0;2.0;2.0;11.0;A01
64777;201400042934;0;7;0;0.0;1.0;1.0;1.0;A01
64778;201400042935;0;7;0;0.0;9.0;2.0;2.0;A01
64779;201400042935;0;7;0;0.0;0.0;6.0;24.0;B01
64780;201400042936;0;1;0;0.0;0.0;2.0;15.0;A01
64781;201400042936;0;7;0;0.0;0.0;2.0;11.0;B01
64782;201400042937;0;7;0;0.0;0.0;0.0;0.0;A01
64783;201400042937;0;32;0;0.0;0.0;0.0;0.0;B01
64784;201400042938;0;3;0;0.0;2.0;7.0;15.0;A01
64785;201400042938;0;2;0;0.0;2.0;3.0;1.0;B01
64786;201400042939;0;32;0;0.0;0.0;7.0;3.0;A01
64787;201400042939;0;7;0;0.0;0.0;8.0;23.0;B01
64788;201400042940;1;7;0;0.0;1.0;1.0;15.0;Z01
64789;201400042942;0;7;0;0.0;0.0;4.0;1.0;B01
64790;201400042942;1;7;0;0.0;2.0;1.0;2.0;Z01
64791;201400042943;0;32;0;0.0;2.0;7.0;17.0;A01
64792;201400042943;0;7;0;0.0;2.0;3.0;1.0;B01
64793;201400042944;1;7;0;0.0;0.0;1.0;0.0;Z01
64794;201400042945;0;32;0;0.0;2.0;1.0;17.0;A01
64795;201400042945;0;32;0;0.0;2.0;4.0;9.0;B01
64796;201400042946;0;7;0;0.0;1.0;4.0;4.0;A01
64797;201400042947;1;7;0;0.0;1.0;1.0;1.0;Z01
64798;201400042948;0;3;0;0.0;2.0;1.0;19.0;A01
64799;201400042948;0;7;0;0.0;2.0;8.0;19.0;B01
64800;201400042949;0;7;0;0.0;2.0;1.0;0.0;A01
64801;201400042949;0;2;0;0.0;0.0;4.0;0.0;B01
64802;201400042950;0;7;0;0.0;2.0;1.0;1.0;A01
64803;201400042950;0;7;0;0.0;2.0;2.0;15.0;B01
64804;201400042951;0;7;0;0.0;2.0;1.0;1.0;B01
64805;201400042951;1;7;0;0.0;2.0;1.0;5.0;Z01
64806;201400042952;0;10;0;6.0;0.0;1.0;1.0;A01
64807;201400042954;0;2;0;0.0;2.0;8.0;1.0;A01
64808;201400042954;1;7;0;0.0;2.0;0.0;9.0;B01
64809;201400042957;0;7;0;6.0;0.0;1.0;0.0;A01
64810;201400042958;0;7;0;0.0;1.0;2.0;2.0;A01
64811;201400042959;0;7;0;4.0;0.0;3.0;2.0;A01
64812;201400042961;0;7;0;1.0;2.0;2.0;1.0;A01
64813;201400042961;0;1;0;0.0;0.0;8.0;1.0;B01
64814;201400042962;0;7;0;0.0;1.0;8.0;1.0;A01
64815;201400042963;0;7;0;0.0;2.0;3.0;9.0;A01
64816;201400042963;0;31;0;0.0;2.0;7.0;2.0;B01
64817;201400042964;0;33;0;0.0;1.0;7.0;21.0;A01
64818;201400042965;0;13;0;0.0;2.0;3.0;15.0;A01
64819;201400042965;0;34;0;0.0;2.0;1.0;13.0;B01
64820;201400042966;0;7;0;0.0;1.0;7.0;1.0;A01
64821;201400042967;0;7;0;1.0;0.0;2.0;21.0;A01
64822;201400042968;0;7;0;0.0;1.0;3.0;1.0;A01
64823;201400042969;0;7;0;0.0;1.0;2.0;0.0;A01
64824;201400042970;1;7;0;0.0;2.0;0.0;0.0;Z01
64825;201400042970;0;1;0;0.0;2.0;8.0;9.0;B01
64826;201400042972;0;2;0;0.0;2.0;1.0;0.0;B01
64827;201400042972;1;7;0;0.0;2.0;1.0;0.0;Z01
64828;201400042973;0;7;0;8.0;0.0;3.0;1.0;A01
64829;201400042974;0;7;0;12.0;0.0;1.0;14.0;A01
64830;201400042975;0;7;0;0.0;1.0;4.0;4.0;A01
64831;201400042977;0;7;0;0.0;2.0;3.0;0.0;A01
64832;201400042977;0;7;0;0.0;2.0;8.0;1.0;B01
64833;201400042979;0;32;0;0.0;2.0;0.0;0.0;A01
64834;201400042980;0;30;0;0.0;0.0;4.0;23.0;A01
64835;201400042980;0;7;0;0.0;2.0;1.0;1.0;B01
64836;201400042981;0;7;0;0.0;2.0;1.0;2.0;A01
64837;201400042981;0;7;0;0.0;0.0;4.0;2.0;B01
64838;201400042982;0;2;0;0.0;0.0;0.0;1.0;A01
64839;201400042984;0;7;0;0.0;1.0;0.0;1.0;A01
64840;201400042985;0;7;0;1.0;0.0;5.0;4.0;A01
64841;201400042986;0;7;0;0.0;1.0;1.0;0.0;A01
64842;201400042987;0;37;3;0.0;1.0;2.0;2.0;A01
64843;201400042988;0;33;0;0.0;0.0;0.0;18.0;A01
64844;201400042988;0;7;0;1.0;0.0;0.0;1.0;B01
64845;201400042989;0;7;0;0.0;1.0;0.0;13.0;A01
64846;201400042990;0;7;0;0.0;1.0;2.0;0.0;A01
64847;201400042991;0;3;0;1.0;0.0;1.0;0.0;A01
64848;201400042992;0;34;0;1.0;0.0;1.0;1.0;A01
64849;201400042992;0;7;0;0.0;0.0;0.0;0.0;B01
64850;201400042992;0;7;0;0.0;0.0;2.0;24.0;C01
64851;201400042993;0;7;0;0.0;2.0;3.0;13.0;A01
64852;201400042993;0;32;0;0.0;2.0;7.0;17.0;B01
64853;201400042994;0;33;0;0.0;0.0;3.0;3.0;A01
64854;201400042994;0;7;0;0.0;0.0;5.0;1.0;B01
64855;201400042995;0;10;0;0.0;2.0;7.0;1.0;B01
64856;201400042995;0;7;0;0.0;0.0;8.0;0.0;A01
64857;201400042996;0;7;0;0.0;1.0;3.0;1.0;A01
64858;201400042997;0;1;0;0.0;2.0;7.0;1.0;A01
64859;201400042997;1;30;0;0.0;0.0;0.0;0.0;B01
64860;201400042998;0;7;0;0.0;0.0;8.0;11.0;A01
64861;201400042998;0;30;0;0.0;0.0;7.0;1.0;B01
64862;201400043000;0;7;0;0.0;2.0;3.0;15.0;A01
64863;201400043000;0;7;0;0.0;2.0;8.0;19.0;B01
64864;201400043001;0;7;0;0.0;1.0;2.0;2.0;A01
64865;201400043002;0;7;0;0.0;2.0;6.0;10.0;A01
64866;201400043002;0;34;0;0.0;2.0;2.0;2.0;B01
64867;201400043003;0;2;0;0.0;2.0;6.0;5.0;A01
64868;201400043003;0;7;0;0.0;0.0;6.0;15.0;B01
64869;201400043003;0;7;0;0.0;2.0;1.0;1.0;C01
64870;201400043005;0;34;0;0.0;1.0;2.0;0.0;A01
64871;201400043006;0;2;0;0.0;1.0;1.0;0.0;A01
64872;201400043007;0;7;0;0.0;1.0;2.0;1.0;A01
64873;201400043008;0;7;0;6.0;0.0;2.0;2.0;A01
64874;201400043009;0;34;0;0.0;1.0;1.0;2.0;A01
64875;201400043011;0;7;0;0.0;1.0;2.0;1.0;A01
64876;201400043012;1;7;0;0.0;1.0;1.0;1.0;Z01
64877;201400043013;0;7;0;0.0;2.0;3.0;15.0;A01
64878;201400043013;0;34;0;0.0;2.0;1.0;1.0;B01
64879;201400043014;2;7;0;0.0;2.0;1.0;9.0;A01
64880;201400043014;0;32;0;0.0;2.0;8.0;1.0;B01
64881;201400043015;0;7;0;0.0;2.0;1.0;1.0;A01
64882;201400043015;0;30;0;0.0;2.0;1.0;1.0;B01
64883;201400043016;0;30;0;0.0;1.0;3.0;2.0;A01
64884;201400043016;1;99;0;0.0;2.0;3.0;0.0;Y01
64885;201400043017;0;31;0;0.0;2.0;7.0;1.0;A01
64886;201400043017;0;7;0;0.0;2.0;1.0;1.0;B01
64887;201400043018;0;7;0;0.0;2.0;3.0;1.0;B01
64888;201400043018;0;33;0;0.0;2.0;1.0;1.0;A01
64889;201400043019;0;7;0;0.0;1.0;2.0;15.0;A01
64890;201400043020;0;7;0;0.0;2.0;2.0;15.0;A01
64891;201400043020;0;33;0;0.0;2.0;8.0;1.0;B01
64892;201400043021;0;31;0;0.0;2.0;2.0;17.0;A01
64893;201400043021;0;7;0;0.0;2.0;3.0;15.0;B01
64894;201400043023;0;30;0;15.0;0.0;0.0;2.0;A01
64895;201400043024;0;7;0;0.0;2.0;3.0;1.0;B01
64896;201400043024;0;7;0;0.0;0.0;2.0;9.0;A01
64897;201400043025;0;33;0;0.0;2.0;1.0;1.0;A01
64898;201400043025;0;7;0;0.0;2.0;3.0;15.0;B01
64899;201400043026;0;10;0;0.0;1.0;2.0;1.0;A01
64900;201400043027;0;7;0;0.0;1.0;1.0;1.0;A01
64901;201400043028;0;7;0;8.0;2.0;8.0;1.0;B01
64902;201400043028;0;7;0;0.0;2.0;3.0;1.0;A01
64903;201400043029;0;2;0;0.0;2.0;1.0;1.0;A01
64904;201400043029;0;7;0;0.0;2.0;4.0;20.0;B01
64905;201400043030;0;10;0;0.0;2.0;1.0;9.0;A01
64906;201400043030;0;33;0;0.0;2.0;2.0;1.0;B01
64907;201400043031;1;7;0;0.0;1.0;1.0;1.0;Z01
64908;201400043032;0;33;0;0.0;2.0;8.0;9.0;A01
64909;201400043032;0;7;0;0.0;2.0;7.0;1.0;B01
64910;201400043033;0;7;0;2.0;1.0;1.0;14.0;A01
64911;201400043034;0;10;0;6.0;2.0;2.0;1.0;B01
64912;201400043034;0;7;0;6.0;2.0;3.0;1.0;A01
64913;201400043035;0;7;0;0.0;1.0;1.0;1.0;A01
64914;201400043036;0;7;0;0.0;2.0;2.0;1.0;A01
64915;201400043036;0;7;0;0.0;2.0;1.0;1.0;B01
64916;201400043038;0;7;0;0.0;1.0;2.0;15.0;A01
64917;201400043039;0;7;0;0.0;2.0;3.0;1.0;B01
64918;201400043039;0;7;0;0.0;2.0;1.0;1.0;A01
64919;201400043040;0;7;0;0.0;2.0;1.0;1.0;A01
64920;201400043040;0;32;0;0.0;2.0;7.0;1.0;B01
64921;201400043041;0;7;0;0.0;2.0;4.0;2.0;B01
64922;201400043041;0;7;0;0.0;2.0;1.0;2.0;A01
64923;201400043042;0;7;0;0.0;9.0;3.0;23.0;B01
64924;201400043042;0;1;0;0.0;2.0;1.0;16.0;A01
64925;201400043044;0;34;0;0.0;2.0;2.0;17.0;A01
64926;201400043044;0;7;0;0.0;2.0;3.0;15.0;B01
64927;201400043046;0;30;0;0.0;2.0;1.0;2.0;A01
64928;201400043046;0;7;0;0.0;2.0;6.0;23.0;B01
64929;201400043047;0;33;0;0.0;2.0;2.0;17.0;A01
64930;201400043047;0;3;0;0.0;2.0;8.0;15.0;B01
64931;201400043048;0;7;0;0.0;2.0;3.0;15.0;A01
64932;201400043048;0;32;0;0.0;2.0;2.0;1.0;B01
64933;201400043050;0;7;0;0.0;2.0;1.0;5.0;A01
64934;201400043050;0;33;0;0.0;2.0;1.0;2.0;B01
64935;201400043052;0;7;0;0.0;2.0;4.0;15.0;A01
64936;201400043052;1;33;0;1.0;2.0;1.0;1.0;B01
64937;201400043053;0;7;0;0.0;0.0;1.0;1.0;A01
64938;201400043053;0;7;0;0.0;0.0;4.0;1.0;B01
64939;201400043054;0;7;0;0.0;0.0;0.0;10.0;A01
64940;201400043054;0;2;0;0.0;2.0;0.0;1.0;B01
64941;201400043055;2;7;0;9.0;0.0;1.0;1.0;A01
64942;201400043055;0;7;0;0.0;9.0;3.0;1.0;B01
64943;201400043056;0;7;0;0.0;2.0;1.0;2.0;A01
64944;201400043056;0;7;0;0.0;2.0;4.0;23.0;B01
64945;201400043057;1;7;0;0.0;1.0;1.0;1.0;Z01
64946;201400043059;0;30;0;0.0;2.0;7.0;5.0;A01
64947;201400043059;0;7;0;0.0;2.0;1.0;2.0;B01
64948;201400043060;0;33;0;0.0;2.0;1.0;18.0;B01
64949;201400043060;0;7;0;0.0;2.0;5.0;1.0;A01
64950;201400043061;0;33;0;0.0;2.0;1.0;17.0;A01
64951;201400043061;0;7;0;0.0;2.0;6.0;15.0;B01
64952;201400043062;0;7;0;0.0;2.0;1.0;1.0;A01
64953;201400043062;0;7;0;0.0;2.0;7.0;1.0;B01
64954;201400043063;0;1;0;0.0;1.0;0.0;5.0;A01
64955;201400043064;0;30;0;0.0;0.0;1.0;2.0;A01
64956;201400043064;0;10;0;0.0;0.0;4.0;2.0;B01
64957;201400043065;0;7;0;0.0;1.0;1.0;2.0;A01
64958;201400043066;0;7;0;0.0;1.0;1.0;1.0;A01
64959;201400043067;0;1;0;0.0;1.0;1.0;1.0;A01
64960;201400043068;0;3;0;12.0;0.0;2.0;2.0;A01
64961;201400043069;0;31;0;0.0;2.0;1.0;17.0;A01
64962;201400043069;0;7;0;0.0;2.0;6.0;15.0;B01
64963;201400043070;0;7;0;0.0;2.0;4.0;2.0;A01
64964;201400043070;0;7;0;0.0;2.0;4.0;23.0;B01
64965;201400043070;1;7;0;0.0;2.0;1.0;2.0;Z01
64966;201400043071;0;7;0;0.0;1.0;8.0;1.0;A01
64967;201400043072;2;2;0;1.0;0.0;1.0;1.0;Z01
64968;201400043073;1;7;0;0.0;1.0;1.0;1.0;A01
64969;201400043074;0;34;0;0.0;2.0;1.0;1.0;A01
64970;201400043074;0;7;0;0.0;2.0;3.0;20.0;B01
64971;201400043075;0;3;0;0.0;2.0;3.0;1.0;B01
64972;201400043075;0;3;0;0.0;2.0;2.0;1.0;A01
64973;201400043076;0;33;0;0.0;2.0;1.0;1.0;A01
64974;201400043076;0;3;0;0.0;0.0;4.0;15.0;B01
64975;201400043079;0;7;0;0.0;2.0;2.0;12.0;A01
64976;201400043079;0;7;0;15.0;2.0;3.0;1.0;B01
64977;201400043080;0;32;0;0.0;2.0;1.0;2.0;A01
64978;201400043080;0;7;0;0.0;2.0;5.0;2.0;B01
64979;201400043081;0;7;0;0.0;1.0;2.0;17.0;A01
64980;201400043082;0;7;0;0.0;2.0;1.0;1.0;B01
64981;201400043082;0;7;0;0.0;2.0;8.0;1.0;A01
64982;201400043083;0;7;0;0.0;2.0;8.0;1.0;A01
64983;201400043083;0;2;0;0.0;2.0;1.0;1.0;B01
64984;201400043084;0;31;0;0.0;0.0;8.0;23.0;A01
64985;201400043084;1;7;0;0.0;0.0;0.0;0.0;Z01
64986;201400043085;0;7;0;12.0;0.0;1.0;1.0;A01
64987;201400043086;0;7;0;0.0;2.0;3.0;15.0;A01
64988;201400043086;0;32;0;0.0;2.0;7.0;17.0;B01
64989;201400043088;0;7;0;0.0;2.0;1.0;2.0;A01
64990;201400043088;0;7;0;0.0;2.0;1.0;2.0;B01
64991;201400043088;0;7;0;0.0;0.0;4.0;2.0;C01
64992;201400043090;0;7;0;0.0;2.0;3.0;1.0;A01
64993;201400043090;0;7;0;0.0;2.0;2.0;1.0;B01
64994;201400043091;0;1;0;0.0;2.0;1.0;1.0;A01
64995;201400043091;1;7;0;0.0;2.0;2.0;15.0;Z01
64996;201400043092;0;33;0;0.0;1.0;1.0;1.0;A01
64997;201400043093;0;30;0;0.0;2.0;1.0;1.0;A01
64998;201400043093;0;7;0;0.0;2.0;2.0;1.0;B01
64999;201400043094;0;31;0;0.0;0.0;2.0;1.0;A01
65000;201400043095;0;7;0;0.0;2.0;3.0;1.0;B01
65001;201400043095;0;7;0;0.0;2.0;1.0;1.0;A01
65002;201400043096;1;7;0;0.0;2.0;2.0;1.0;Z01
65003;201400043096;0;7;0;0.0;2.0;8.0;1.0;A01
65004;201400043097;0;33;0;0.0;2.0;1.0;13.0;A01
65005;201400043097;0;7;0;0.0;2.0;3.0;15.0;B01
65006;201400043098;0;7;0;15.0;0.0;1.0;0.0;A01
65007;201400043099;0;7;0;0.0;2.0;4.0;2.0;A01
65008;201400043099;1;7;0;0.0;2.0;1.0;2.0;Z01
65009;201400043100;0;10;0;0.0;1.0;1.0;9.0;A01
65010;201400043101;0;7;0;0.0;2.0;1.0;15.0;A01
65011;201400043101;0;7;0;0.0;2.0;1.0;1.0;B01
65012;201400043104;0;2;0;0.0;0.0;7.0;1.0;A01
65013;201400043105;0;7;0;0.0;0.0;1.0;10.0;A01
65014;201400043105;0;7;0;0.0;0.0;3.0;1.0;B01
65015;201400043106;0;32;0;0.0;1.0;1.0;1.0;A01
65016;201400043107;0;31;0;0.0;1.0;1.0;1.0;A01
65017;201400043108;0;30;0;0.0;1.0;1.0;1.0;A01
65018;201400043109;0;7;0;0.0;2.0;2.0;1.0;A01
65019;201400043109;0;7;0;0.0;2.0;8.0;16.0;B01
65020;201400043110;0;37;1;0.0;1.0;2.0;16.0;A01
65021;201400043111;0;30;0;0.0;1.0;1.0;0.0;A01
65022;201400043113;0;2;0;0.0;2.0;1.0;17.0;A01
65023;201400043113;0;7;0;0.0;2.0;8.0;15.0;B01
65024;201400043114;0;34;0;9.0;0.0;1.0;1.0;A01
65025;201400043115;0;7;0;0.0;2.0;1.0;1.0;A01
65026;201400043115;0;7;0;0.0;2.0;3.0;1.0;B01
65027;201400043116;0;2;0;0.0;2.0;1.0;1.0;B01
65028;201400043116;0;10;0;0.0;2.0;2.0;1.0;A01
65029;201400043117;0;7;0;0.0;0.0;0.0;16.0;A01
65030;201400043117;0;13;0;0.0;2.0;4.0;16.0;B01
65031;201400043117;1;99;0;0.0;2.0;0.0;0.0;C01
65032;201400043118;0;7;0;0.0;0.0;2.0;0.0;A01
65033;201400043118;0;33;0;0.0;0.0;8.0;0.0;B01
65034;201400043119;0;37;2;0.0;1.0;2.0;13.0;A01
65035;201400043120;0;7;0;0.0;2.0;2.0;10.0;A01
65036;201400043120;0;33;0;0.0;2.0;8.0;2.0;B01
65037;201400043121;0;7;0;0.0;0.0;3.0;5.0;A01
65038;201400043121;0;33;0;0.0;0.0;1.0;1.0;B01
65039;201400043122;0;7;0;0.0;1.0;3.0;15.0;A01
65040;201400043123;1;30;0;0.0;1.0;1.0;1.0;A01
65041;201400043124;0;7;0;0.0;1.0;2.0;21.0;A01
65042;201400043125;0;7;0;0.0;2.0;1.0;2.0;B01
65043;201400043125;0;7;0;0.0;2.0;1.0;12.0;A01
65044;201400043126;0;33;0;0.0;2.0;1.0;1.0;A01
65045;201400043126;0;7;0;0.0;0.0;5.0;15.0;B01
65046;201400043127;0;33;0;0.0;0.0;7.0;2.0;A01
65047;201400043127;0;10;0;0.0;0.0;8.0;15.0;B01
65048;201400043129;0;7;0;5.0;0.0;3.0;1.0;A01
65049;201400043130;0;7;0;0.0;0.0;1.0;15.0;A01
65050;201400043130;0;1;0;0.0;0.0;8.0;1.0;B01
65051;201400043132;0;7;0;1.0;1.0;4.0;24.0;A01
65052;201400043132;0;7;0;0.0;0.0;1.0;2.0;B01
65053;201400043133;0;7;0;0.0;1.0;1.0;0.0;A01
65054;201400043134;1;37;0;0.0;1.0;7.0;2.0;B01
65055;201400043136;0;7;0;0.0;2.0;1.0;19.0;A01
65056;201400043136;0;13;0;0.0;2.0;7.0;19.0;B01
65057;201400043137;0;7;0;1.0;0.0;1.0;2.0;A01
65058;201400043138;0;3;0;0.0;1.0;1.0;2.0;A01