;Num_Acc;senc;catv;occutc;obs;obsm;choc;manv;num_veh
65480;201400043408;0;10;0;0.0;1.0;3.0;1.0;A01
65481;201400043409;0;7;0;0.0;0.0;2.0;9.0;A01
65482;201400043409;0;7;0;0.0;0.0;2.0;9.0;B01
65483;201400043410;0;7;0;0.0;1.0;3.0;2.0;A01
65484;201400043411;0;7;0;9.0;2.0;2.0;2.0;B01
65485;201400043411;0;7;0;9.0;2.0;6.0;0.0;A01
65486;201400043412;0;7;0;0.0;1.0;0.0;0.0;A01
65487;201400043413;0;7;0;0.0;1.0;8.0;1.0;A01
65488;201400043414;0;7;0;8.0;0.0;2.0;0.0;A01
65489;201400043415;0;13;0;0.0;2.0;2.0;2.0;A01
65490;201400043415;0;7;0;0.0;2.0;6.0;1.0;B01
65491;201400043416;0;34;0;0.0;2.0;2.0;17.0;A01
65492;201400043416;0;7;0;0.0;2.0;3.0;15.0;B01
65493;201400043417;0;2;0;0.0;2.0;1.0;1.0;A01
65494;201400043417;0;7;0;0.0;2.0;4.0;16.0;B01
65495;201400043418;0;33;0;0.0;2.0;2.0;2.0;A01
65496;201400043418;0;1;0;0.0;2.0;3.0;11.0;B01
65497;201400043419;0;7;0;0.0;0.0;5.0;15.0;A01
65498;201400043419;0;34;0;0.0;2.0;3.0;1.0;B01
65499;201400043420;0;7;0;0.0;1.0;2.0;2.0;A01
65500;201400043421;0;7;0;0.0;0.0;2.0;10.0;A01
65501;201400043421;0;33;0;0.0;0.0;8.0;1.0;B01
65502;201400043422;0;7;0;0.0;2.0;8.0;9.0;A01
65503;201400043422;0;14;0;0.0;2.0;0.0;2.0;B01
65504;201400043423;0;2;0;0.0;2.0;1.0;18.0;A01
65505;201400043423;0;7;0;0.0;2.0;2.0;16.0;B01
65506;201400043424;0;7;0;0.0;1.0;3.0;1.0;A01
65507;201400043425;0;34;0;0.0;2.0;1.0;10.0;A01
65508;201400043425;0;34;0;0.0;2.0;1.0;1.0;B01
65509;201400043425;0;7;0;0.0;2.0;3.0;1.0;C01
65510;201400043426;0;7;0;0.0;9.0;7.0;1.0;A01
65511;201400043426;0;1;0;0.0;2.0;8.0;1.0;B01
65512;201400043427;0;10;0;0.0;2.0;3.0;11.0;A01
65513;201400043427;0;32;0;0.0;0.0;0.0;0.0;B01
65514;201400043428;0;37;1;0.0;1.0;1.0;1.0;A01
65515;201400043429;0;7;0;0.0;0.0;3.0;10.0;A01
65516;201400043429;0;34;0;0.0;2.0;1.0;1.0;B01
65517;201400043430;0;7;0;0.0;2.0;7.0;15.0;A01
65518;201400043430;0;34;0;0.0;2.0;1.0;2.0;B01
65519;201400043431;0;10;0;0.0;2.0;2.0;10.0;A01
65520;201400043431;0;33;0;0.0;2.0;1.0;2.0;B01
65521;201400043432;0;33;0;0.0;2.0;1.0;1.0;A01
65522;201400043432;0;7;0;0.0;2.0;3.0;1.0;B01
65523;201400043433;0;7;0;0.0;2.0;4.0;1.0;A01
65524;201400043433;0;7;0;0.0;2.0;1.0;1.0;B01
65525;201400043434;0;7;0;0.0;2.0;3.0;10.0;A01
65526;201400043434;0;32;0;0.0;2.0;1.0;1.0;B01
65527;201400043435;0;7;0;0.0;1.0;3.0;1.0;A01
65528;201400043437;0;34;0;9.0;1.0;1.0;1.0;A01
65529;201400043438;0;10;0;0.0;0.0;3.0;1.0;B01
65530;201400043438;0;7;0;1.0;0.0;2.0;15.0;A01
65531;201400043439;0;99;0;0.0;2.0;1.0;1.0;A01
65532;201400043439;0;7;0;0.0;2.0;7.0;16.0;B01
65533;201400043440;1;14;0;14.0;1.0;7.0;1.0;Z01
65534;201400043441;0;7;0;1.0;0.0;2.0;21.0;A01
65535;201400043442;0;33;0;0.0;2.0;1.0;1.0;A01
65536;201400043442;0;7;0;0.0;2.0;3.0;17.0;B01
65537;201400043442;0;7;0;0.0;0.0;1.0;23.0;C01
65538;201400043443;0;7;0;0.0;2.0;3.0;11.0;A01
65539;201400043443;0;31;0;0.0;2.0;2.0;2.0;B01
65540;201400043445;0;17;0;0.0;2.0;1.0;1.0;A01
65541;201400043445;0;1;0;0.0;2.0;8.0;19.0;B01
65542;201400043446;0;33;0;0.0;1.0;1.0;21.0;A01
65543;201400043447;0;10;0;0.0;0.0;3.0;0.0;A01
65544;201400043447;0;34;0;0.0;0.0;2.0;17.0;B01
65545;201400043448;0;7;0;0.0;2.0;3.0;5.0;A01
65546;201400043448;0;10;0;0.0;2.0;3.0;1.0;B01
65547;201400043449;1;7;0;0.0;1.0;1.0;1.0;A01
65548;201400043450;0;1;0;0.0;2.0;1.0;1.0;A01
65549;201400043450;0;7;0;0.0;2.0;5.0;2.0;B01
65550;201400043451;0;10;0;0.0;0.0;3.0;15.0;A01
65551;201400043451;0;7;0;0.0;0.0;1.0;1.0;B01
65552;201400043452;0;7;0;0.0;0.0;8.0;10.0;A01
65553;201400043452;0;33;0;0.0;2.0;1.0;2.0;B01
65554;201400043453;0;34;0;0.0;2.0;2.0;12.0;A01
65555;201400043453;0;7;0;0.0;2.0;3.0;1.0;B01
65556;201400043454;0;7;0;0.0;1.0;2.0;0.0;A01
65557;201400043455;0;7;0;0.0;2.0;3.0;11.0;A01
65558;201400043455;0;32;0;0.0;2.0;1.0;2.0;B01
65559;201400043458;0;3;0;0.0;0.0;8.0;10.0;A01
65560;201400043458;0;32;0;0.0;0.0;1.0;1.0;B01
65561;201400043459;0;7;0;0.0;2.0;4.0;2.0;B01
65562;201400043459;0;31;0;0.0;2.0;3.0;2.0;A01
65563;201400043460;0;7;0;0.0;0.0;6.0;2.0;A01
65564;201400043460;1;30;0;0.0;2.0;1.0;2.0;B01
65565;201400043461;0;33;0;0.0;2.0;7.0;1.0;B01
65566;201400043461;0;7;0;0.0;2.0;8.0;0.0;C01
65567;201400043461;0;7;0;0.0;2.0;3.0;0.0;A01
65568;201400043462;0;10;0;0.0;2.0;3.0;0.0;A01
65569;201400043462;0;33;0;0.0;2.0;2.0;0.0;B01
65570;201400043463;0;7;0;0.0;0.0;3.0;10.0;A01
65571;201400043463;0;34;0;0.0;2.0;1.0;2.0;B01
65572;201400043464;0;10;0;0.0;1.0;0.0;0.0;A01
65573;201400043465;0;7;0;0.0;1.0;3.0;16.0;A01
65574;201400043466;0;7;0;4.0;2.0;8.0;1.0;B01
65575;201400043466;0;7;0;0.0;2.0;2.0;15.0;A01
65576;201400043467;0;2;0;0.0;2.0;1.0;1.0;A01
65577;201400043467;0;7;0;0.0;2.0;3.0;1.0;B01
65578;201400043468;0;7;0;0.0;2.0;3.0;10.0;A01
65579;201400043468;0;1;0;0.0;2.0;1.0;1.0;B01
65580;201400043469;0;7;0;1.0;1.0;1.0;0.0;A01
65581;201400043470;0;33;0;1.0;2.0;1.0;2.0;A01
65582;201400043470;0;7;0;0.0;2.0;5.0;2.0;B01
65583;201400043471;0;30;0;0.0;1.0;1.0;1.0;A01
65584;201400043472;1;7;0;1.0;0.0;0.0;0.0;A01
65585;201400043472;0;7;0;0.0;0.0;0.0;0.0;B01
65586;201400043473;0;1;0;0.0;2.0;0.0;2.0;B01
65587;201400043473;0;32;0;0.0;2.0;0.0;2.0;A01
65588;201400043474;0;1;0;0.0;0.0;8.0;19.0;B01
65589;201400043474;0;7;0;0.0;2.0;3.0;15.0;A01
65590;201400043476;0;30;0;0.0;2.0;7.0;19.0;A01
65591;201400043476;0;7;0;0.0;2.0;1.0;1.0;B01
65592;201400043477;0;7;0;0.0;1.0;4.0;4.0;A01
65593;201400043478;0;7;0;0.0;0.0;8.0;0.0;A01
65594;201400043478;0;1;0;0.0;0.0;1.0;1.0;B01
65595;201400043479;0;7;0;0.0;2.0;1.0;1.0;A01
65596;201400043479;0;33;0;0.0;2.0;7.0;0.0;B01
65597;201400043480;0;7;0;0.0;0.0;1.0;19.0;A01
65598;201400043480;0;7;0;0.0;0.0;1.0;1.0;B01
65599;201400043481;0;37;0;0.0;2.0;3.0;1.0;B01
65600;201400043481;0;7;0;0.0;2.0;2.0;1.0;A01
65601;201400043482;0;7;0;0.0;1.0;1.0;9.0;A01
65602;201400043483;0;10;0;0.0;0.0;2.0;15.0;A01
65603;201400043483;0;34;0;0.0;0.0;6.0;1.0;B01
65604;201400043484;0;7;0;0.0;2.0;4.0;1.0;A01
65605;201400043484;0;34;0;0.0;0.0;4.0;1.0;B01
65606;201400043485;0;7;0;0.0;1.0;8.0;1.0;A01
65607;201400043486;0;30;0;0.0;2.0;1.0;13.0;A01
65608;201400043486;0;7;0;0.0;2.0;3.0;13.0;B01
65609;201400043486;0;7;0;0.0;0.0;3.0;0.0;C01
65610;201400043486;0;7;0;0.0;0.0;3.0;0.0;D01
65611;201400043487;0;32;0;0.0;2.0;1.0;0.0;A01
65612;201400043487;0;10;0;0.0;2.0;3.0;13.0;B01
65613;201400043487;0;7;0;0.0;2.0;2.0;13.0;C01
65614;201400043488;0;34;0;0.0;2.0;1.0;21.0;A01
65615;201400043488;0;34;0;0.0;2.0;5.0;0.0;B01
65616;201400043488;0;7;0;0.0;2.0;3.0;0.0;C01
65617;201400043489;0;32;0;0.0;2.0;1.0;5.0;A01
65618;201400043489;0;32;0;0.0;2.0;1.0;1.0;B01
65619;201400043491;0;33;0;1.0;0.0;1.0;5.0;A01
65620;201400043491;0;7;0;1.0;0.0;1.0;9.0;B01
65621;201400043493;0;7;0;0.0;1.0;7.0;1.0;A01
65622;201400043494;0;34;0;0.0;2.0;1.0;17.0;B01
65623;201400043494;2;7;0;0.0;2.0;3.0;6.0;A01
65624;201400043495;0;7;0;11.0;0.0;1.0;2.0;A01
65625;201400043496;0;7;0;0.0;2.0;4.0;11.0;A01
65626;201400043496;0;7;0;0.0;2.0;6.0;2.0;B01
65627;201400043496;0;7;0;0.0;2.0;1.0;1.0;C01
65628;201400043497;0;7;0;0.0;1.0;1.0;1.0;A01
65629;201400043498;0;7;0;0.0;2.0;3.0;0.0;A01
65630;201400043498;0;32;0;0.0;2.0;2.0;0.0;B01
65631;201400043499;0;7;0;0.0;2.0;2.0;1.0;A01
65632;201400043499;0;7;0;0.0;2.0;7.0;19.0;B01
65633;201400043500;0;7;0;0.0;2.0;2.0;2.0;A01
65634;201400043500;0;7;0;0.0;2.0;3.0;2.0;B01
65635;201400043501;0;7;0;0.0;2.0;0.0;15.0;A01
65636;201400043501;0;33;0;0.0;2.0;1.0;2.0;B01
65637;201400043502;0;7;0;0.0;2.0;1.0;0.0;A01
65638;201400043502;0;32;0;0.0;2.0;8.0;0.0;B01
65639;201400043503;0;7;0;0.0;1.0;1.0;1.0;A01
65640;201400043504;0;7;0;0.0;1.0;3.0;0.0;A01
65641;201400043505;0;7;0;0.0;0.0;2.0;11.0;A01
65642;201400043505;0;31;0;0.0;2.0;3.0;1.0;B01
65643;201400043506;1;2;0;1.0;0.0;1.0;1.0;B01
65644;201400043506;0;7;0;0.0;0.0;6.0;0.0;A01
65645;201400043507;1;7;0;0.0;2.0;0.0;0.0;A01
65646;201400043507;0;2;0;0.0;2.0;2.0;20.0;B01
65647;201400043508;0;7;0;0.0;1.0;2.0;1.0;A01
65648;201400043509;0;7;0;0.0;0.0;1.0;2.0;A01
65649;201400043509;0;7;0;0.0;0.0;4.0;23.0;B01
65650;201400043510;0;7;0;0.0;2.0;2.0;1.0;A01
65651;201400043510;0;1;0;0.0;2.0;5.0;1.0;B01
65652;201400043512;0;7;0;0.0;2.0;1.0;0.0;A01
65653;201400043512;0;7;0;0.0;2.0;2.0;19.0;B01
65654;201400043514;0;7;0;0.0;2.0;1.0;1.0;A01
65655;201400043514;0;7;0;0.0;2.0;7.0;11.0;B01
65656;201400043515;1;99;0;0.0;1.0;0.0;0.0;A01
65657;201400043517;0;7;0;0.0;1.0;3.0;0.0;A01
65658;201400043518;0;7;0;3.0;0.0;7.0;9.0;A01
65659;201400043518;0;7;0;0.0;0.0;1.0;0.0;B01
65660;201400043519;0;32;0;1.0;0.0;0.0;0.0;A01
65661;201400043519;0;7;0;0.0;2.0;0.0;0.0;B01
65662;201400043520;0;7;0;0.0;2.0;1.0;2.0;A01
65663;201400043520;0;7;0;0.0;2.0;4.0;2.0;B01
65664;201400043520;0;7;0;0.0;0.0;4.0;2.0;C01
65665;201400043522;0;7;0;0.0;2.0;1.0;2.0;A01
65666;201400043522;0;7;0;0.0;0.0;0.0;0.0;B01
65667;201400043524;0;7;0;0.0;2.0;1.0;2.0;A01
65668;201400043524;0;7;0;0.0;0.0;4.0;2.0;B01
65669;201400043525;0;30;0;0.0;2.0;1.0;1.0;A01
65670;201400043525;0;7;0;0.0;2.0;7.0;15.0;B01
65671;201400043526;0;7;0;0.0;2.0;1.0;1.0;A01
65672;201400043526;0;7;0;0.0;2.0;2.0;1.0;B01
65673;201400043527;0;10;0;0.0;1.0;1.0;1.0;A01
65674;201400043528;0;7;0;0.0;2.0;1.0;12.0;A01
65675;201400043528;0;1;0;0.0;2.0;7.0;1.0;B01
65676;201400043529;0;37;10;0.0;1.0;0.0;0.0;A01
65677;201400043530;0;7;0;0.0;1.0;1.0;2.0;A01
65678;201400043531;0;7;0;0.0;2.0;2.0;1.0;B01
65679;201400043531;0;7;0;0.0;2.0;6.0;1.0;C01
65680;201400043531;0;20;0;2.0;2.0;1.0;1.0;A01
65681;201400043532;0;7;0;0.0;1.0;1.0;0.0;A01
65682;201400043533;0;7;0;8.0;0.0;2.0;2.0;A01
65683;201400043534;0;7;0;0.0;2.0;0.0;15.0;A01
65684;201400043534;0;7;0;8.0;2.0;1.0;1.0;B01
65685;201400043535;0;7;0;0.0;2.0;8.0;1.0;A01
65686;201400043535;0;7;0;0.0;2.0;3.0;15.0;B01
65687;201400043536;0;7;0;0.0;1.0;2.0;0.0;A01
65688;201400043537;0;7;0;0.0;2.0;1.0;1.0;A01
65689;201400043537;0;30;0;0.0;2.0;4.0;1.0;B01
65690;201400043538;0;7;0;0.0;1.0;3.0;0.0;A01
65691;201400043540;0;7;0;0.0;1.0;3.0;1.0;A01
65692;201400043541;0;7;0;0.0;2.0;3.0;10.0;A01
65693;201400043541;0;33;0;0.0;2.0;2.0;13.0;B01
65694;201400043541;0;7;0;0.0;0.0;8.0;1.0;C01
65695;201400043542;0;33;0;0.0;2.0;3.0;1.0;A01
65696;201400043542;0;7;0;0.0;2.0;5.0;12.0;B01
65697;201400043543;0;7;0;0.0;2.0;2.0;17.0;A01
65698;201400043543;0;7;0;0.0;0.0;8.0;10.0;B01
65699;201400043544;0;7;0;0.0;1.0;1.0;1.0;A01
65700;201400043545;0;7;0;0.0;2.0;2.0;1.0;A01
65701;201400043545;0;7;0;0.0;2.0;3.0;1.0;B01
65702;201400043546;0;34;0;0.0;2.0;1.0;17.0;A01
65703;201400043546;0;7;0;0.0;0.0;6.0;10.0;B01
65704;201400043547;0;7;0;0.0;1.0;1.0;0.0;A01
65705;201400043548;0;30;0;0.0;2.0;8.0;5.0;A01
65706;201400043548;0;7;0;0.0;2.0;1.0;1.0;B01
65707;201400043549;0;7;0;0.0;2.0;1.0;15.0;A01
65708;201400043549;0;7;0;0.0;2.0;1.0;1.0;B01
65709;201400043550;0;99;0;0.0;1.0;2.0;1.0;A01
65710;201400043551;0;32;0;0.0;2.0;1.0;1.0;A01
65711;201400043551;0;7;0;0.0;2.0;3.0;15.0;B01
65712;201400043552;0;7;0;0.0;1.0;3.0;1.0;A01
65713;201400043553;0;7;0;0.0;0.0;2.0;12.0;A01
65714;201400043553;0;33;0;0.0;2.0;3.0;0.0;B01
65715;201400043554;0;7;0;0.0;2.0;1.0;10.0;A01
65716;201400043554;0;33;0;0.0;2.0;8.0;1.0;B01
65717;201400043555;0;7;0;0.0;1.0;7.0;13.0;A01
65718;201400043556;1;7;0;0.0;1.0;3.0;16.0;Z01
65719;201400043557;0;7;0;0.0;1.0;1.0;1.0;A01
65720;201400043557;0;7;0;0.0;1.0;0.0;1.0;B01
65721;201400043558;0;7;0;1.0;0.0;2.0;1.0;A01
65722;201400043561;2;7;0;4.0;1.0;1.0;0.0;A01
65723;201400043562;0;7;0;0.0;0.0;4.0;23.0;A01
65724;201400043562;0;7;0;0.0;2.0;1.0;1.0;B01
65725;201400043563;1;7;0;0.0;2.0;1.0;2.0;A01
65726;201400043563;0;7;0;0.0;2.0;4.0;2.0;B01
65727;201400043563;1;7;0;0.0;0.0;4.0;0.0;C01
65728;201400043564;0;15;0;0.0;1.0;6.0;1.0;A01
65729;201400043565;0;7;0;0.0;0.0;0.0;0.0;B01
65730;201400043565;0;30;0;0.0;0.0;0.0;0.0;A01
65731;201400043567;0;7;0;0.0;1.0;7.0;1.0;A01
65732;201400043568;0;7;0;0.0;1.0;1.0;1.0;A01
65733;201400043569;0;37;1;0.0;2.0;8.0;13.0;A01
65734;201400043569;0;33;0;0.0;2.0;7.0;1.0;B01
65735;201400043570;0;7;0;0.0;2.0;7.0;2.0;A01
65736;201400043570;0;32;0;0.0;2.0;8.0;2.0;B01
65737;201400043571;0;34;0;0.0;1.0;1.0;2.0;A01
65738;201400043572;0;7;0;0.0;1.0;4.0;4.0;A01
65739;201400043573;0;7;0;0.0;2.0;7.0;9.0;A01
65740;201400043573;0;32;0;0.0;2.0;8.0;7.0;B01
65741;201400043574;0;7;0;0.0;2.0;3.0;5.0;A01
65742;201400043574;0;7;0;0.0;2.0;3.0;5.0;B01
65743;201400043575;0;33;0;0.0;2.0;3.0;12.0;A01
65744;201400043575;0;10;0;0.0;2.0;2.0;16.0;B01
65745;201400043577;0;10;0;0.0;0.0;4.0;23.0;A01
65746;201400043577;0;7;0;0.0;2.0;4.0;23.0;B01
65747;201400043577;0;7;0;0.0;2.0;1.0;2.0;C01
65748;201400043577;0;7;0;0.0;2.0;1.0;2.0;D01
65749;201400043578;2;7;0;9.0;2.0;1.0;2.0;A01
65750;201400043578;0;7;0;15.0;2.0;5.0;2.0;B01
65751;201400043579;0;7;0;0.0;1.0;2.0;16.0;A01
65752;201400043580;0;7;0;0.0;1.0;1.0;1.0;A01
65753;201400043581;0;7;0;0.0;2.0;1.0;0.0;A01
65754;201400043581;0;7;0;0.0;2.0;7.0;10.0;B01
65755;201400043584;0;7;0;0.0;2.0;8.0;1.0;A01
65756;201400043584;0;7;0;0.0;2.0;1.0;1.0;B01
65757;201400043585;0;7;0;2.0;1.0;1.0;1.0;A01
65758;201400043586;0;2;0;0.0;0.0;1.0;2.0;B01
65759;201400043586;0;7;0;0.0;0.0;6.0;2.0;A01
65760;201400043587;0;7;0;0.0;2.0;3.0;13.0;A01
65761;201400043587;0;7;0;0.0;2.0;3.0;1.0;B01
65762;201400043588;0;7;0;0.0;2.0;1.0;0.0;A01
65763;201400043588;0;7;0;0.0;2.0;1.0;0.0;B01
65764;201400043589;1;2;0;0.0;2.0;3.0;14.0;A01
65765;201400043589;0;7;0;0.0;2.0;1.0;1.0;B01
65766;201400043590;0;7;0;0.0;0.0;1.0;1.0;A01
65767;201400043590;0;7;0;0.0;0.0;4.0;0.0;B01
65768;201400043591;0;7;0;0.0;0.0;2.0;2.0;A01
65769;201400043591;0;7;0;0.0;0.0;6.0;11.0;B01
65770;201400043592;0;7;0;0.0;2.0;1.0;1.0;A01
65771;201400043592;0;7;0;0.0;2.0;7.0;11.0;B01
65772;201400043595;0;7;0;0.0;2.0;8.0;5.0;A01
65773;201400043595;0;7;0;0.0;2.0;1.0;9.0;B01
65774;201400043596;0;7;0;1.0;0.0;1.0;0.0;A01
65775;201400043596;0;7;0;0.0;2.0;4.0;0.0;B01
65776;201400043596;0;7;0;0.0;2.0;2.0;0.0;C01
65777;201400043597;0;7;0;0.0;1.0;6.0;4.0;A01
65778;201400043598;0;7;0;2.0;9.0;7.0;5.0;A01
65779;201400043599;0;7;0;0.0;2.0;7.0;9.0;A01
65780;201400043599;0;30;0;0.0;2.0;1.0;1.0;B01
65781;201400043600;0;7;0;0.0;1.0;2.0;1.0;A01
65782;201400043601;0;33;0;0.0;0.0;7.0;1.0;A01
65783;201400043603;0;7;0;0.0;0.0;1.0;1.0;A01
65784;201400043603;0;7;0;0.0;0.0;8.0;1.0;B01
65785;201400043604;0;33;0;0.0;2.0;8.0;2.0;A01
65786;201400043604;0;7;0;0.0;2.0;7.0;2.0;B01
65787;201400043605;0;7;0;0.0;1.0;1.0;1.0;A01
65788;201400043606;0;7;0;0.0;2.0;2.0;1.0;A01
65789;201400043606;0;7;0;0.0;2.0;1.0;15.0;B01
65790;201400043606;0;7;0;0.0;2.0;3.0;23.0;C01
65791;201400043607;0;7;0;0.0;1.0;1.0;1.0;A01
65792;201400043608;0;7;0;0.0;0.0;4.0;2.0;B01
65793;201400043608;0;10;0;0.0;2.0;1.0;2.0;A01
65794;201400043609;0;33;0;0.0;2.0;1.0;0.0;B01
65795;201400043609;0;7;0;0.0;2.0;1.0;15.0;A01
65796;201400043611;0;7;0;0.0;2.0;1.0;2.0;A01
65797;201400043611;0;7;0;0.0;0.0;6.0;2.0;B01
65798;201400043612;0;34;0;0.0;2.0;1.0;19.0;A01
65799;201400043612;0;7;0;0.0;2.0;5.0;19.0;B01
65800;201400043613;0;34;0;0.0;2.0;1.0;13.0;A01
65801;201400043613;0;7;0;0.0;0.0;1.0;0.0;B01
65802;201400043614;0;7;0;0.0;0.0;4.0;0.0;A01
65803;201400043614;0;7;0;0.0;0.0;0.0;0.0;B01
65804;201400043615;0;7;0;0.0;2.0;3.0;9.0;A01
65805;201400043615;1;99;0;0.0;2.0;0.0;1.0;B01
65806;201400043616;0;7;0;0.0;2.0;1.0;2.0;A01
65807;201400043616;0;10;0;0.0;2.0;4.0;1.0;B01
65808;201400043617;0;7;0;15.0;0.0;1.0;16.0;B01
65809;201400043618;0;7;0;0.0;1.0;2.0;1.0;A01
65810;201400043619;0;7;0;0.0;0.0;1.0;9.0;A01
65811;201400043619;0;7;0;0.0;2.0;1.0;1.0;B01
65812;201400043620;0;10;0;0.0;1.0;2.0;4.0;A01
65813;201400043621;0;7;0;0.0;2.0;2.0;0.0;A01
65814;201400043621;0;33;0;0.0;2.0;8.0;0.0;B01
65815;201400043622;0;7;0;0.0;0.0;1.0;5.0;A01
65816;201400043622;0;7;0;0.0;2.0;1.0;1.0;B01
65817;201400043623;0;7;0;1.0;0.0;3.0;1.0;A01
65818;201400043624;0;7;0;0.0;0.0;2.0;14.0;A01
65819;201400043624;0;7;0;0.0;0.0;2.0;0.0;B01
65820;201400043626;0;7;0;0.0;2.0;2.0;1.0;A01
65821;201400043626;0;7;0;0.0;0.0;8.0;10.0;B01
65822;201400043627;0;7;0;0.0;2.0;8.0;2.0;A01
65823;201400043627;0;7;0;0.0;2.0;1.0;0.0;B01
65824;201400043628;0;7;0;2.0;0.0;2.0;0.0;A01
65825;201400043629;0;7;0;0.0;1.0;1.0;15.0;A01
65826;201400043630;0;10;0;0.0;1.0;1.0;1.0;A01
65827;201400043631;0;7;0;0.0;0.0;1.0;0.0;A01
65828;201400043631;0;7;0;0.0;0.0;1.0;0.0;B01
65829;201400043632;0;7;0;0.0;0.0;3.0;5.0;A01
65830;201400043632;0;7;0;0.0;0.0;0.0;1.0;B01
65831;201400043633;0;7;0;0.0;0.0;0.0;0.0;B01
65832;201400043633;0;7;0;0.0;0.0;0.0;1.0;A01
65833;201400043634;0;7;0;0.0;2.0;2.0;1.0;A01
65834;201400043634;0;34;0;0.0;2.0;1.0;1.0;B01
65835;201400043635;0;7;0;0.0;1.0;2.0;1.0;A01
65836;201400043636;0;1;0;0.0;2.0;1.0;1.0;A01
65837;201400043636;0;7;0;0.0;9.0;3.0;0.0;B01
65838;201400043637;0;10;0;0.0;2.0;5.0;0.0;A01
65839;201400043637;0;10;0;0.0;2.0;1.0;1.0;B01
65840;201400043638;0;7;0;0.0;2.0;1.0;2.0;A01
65841;201400043638;0;7;0;0.0;2.0;4.0;2.0;B01
65842;201400043639;0;7;0;0.0;2.0;1.0;2.0;A01
65843;201400043639;0;3;0;0.0;0.0;4.0;2.0;B01
65844;201400043640;0;1;0;0.0;0.0;1.0;0.0;A01
65845;201400043640;0;7;0;0.0;9.0;1.0;2.0;B01
65846;201400043642;0;7;0;0.0;2.0;1.0;1.0;A01
65847;201400043642;0;7;0;0.0;0.0;4.0;1.0;B01
65848;201400043643;0;33;0;0.0;2.0;1.0;0.0;B01
65849;201400043643;0;7;0;0.0;0.0;8.0;0.0;A01
65850;201400043644;0;7;0;0.0;1.0;1.0;0.0;A01
65851;201400043645;0;7;0;8.0;0.0;1.0;0.0;A01
65852;201400043646;0;32;0;0.0;2.0;1.0;2.0;A01
65853;201400043646;0;7;0;0.0;0.0;4.0;2.0;B01
65854;201400043647;0;10;0;0.0;2.0;1.0;2.0;A01
65855;201400043647;0;7;0;0.0;0.0;4.0;2.0;B01
65856;201400043649;0;33;0;0.0;0.0;9.0;2.0;B01
65857;201400043649;0;7;0;0.0;0.0;3.0;9.0;A01
65858;201400043650;1;7;0;0.0;2.0;1.0;2.0;A01
65859;201400043650;0;7;0;0.0;2.0;4.0;23.0;B01
65860;201400043651;0;7;0;0.0;0.0;1.0;2.0;A01
65861;201400043651;0;7;0;0.0;0.0;4.0;2.0;B01
65862;201400043652;0;7;0;0.0;0.0;2.0;9.0;A01
65863;201400043652;0;1;0;0.0;2.0;6.0;0.0;B01
65864;201400043653;0;7;0;0.0;2.0;1.0;2.0;A01
65865;201400043653;0;7;0;0.0;2.0;4.0;2.0;B01
65866;201400043653;0;7;0;0.0;2.0;4.0;2.0;C01
65867;201400043654;0;7;0;0.0;2.0;3.0;0.0;B01
65868;201400043654;0;7;0;0.0;2.0;3.0;9.0;A01
65869;201400043655;0;7;0;0.0;0.0;1.0;1.0;A01
65870;201400043655;0;7;0;0.0;0.0;9.0;2.0;B01
65871;201400043655;0;7;0;0.0;0.0;6.0;2.0;C01
65872;201400043656;0;7;0;0.0;2.0;2.0;1.0;A01
65873;201400043656;0;7;0;0.0;2.0;1.0;15.0;B01
65874;201400043656;0;7;0;0.0;2.0;1.0;15.0;C01
65875;201400043657;0;7;0;0.0;2.0;1.0;2.0;A01
65876;201400043657;0;7;0;0.0;2.0;4.0;2.0;B01
65877;201400043658;0;37;0;0.0;1.0;2.0;1.0;A01
65878;201400043659;0;7;0;0.0;2.0;1.0;0.0;A01
65879;201400043659;0;7;0;0.0;2.0;1.0;0.0;B01
65880;201400043660;0;10;0;0.0;2.0;3.0;15.0;A01
65881;201400043660;0;34;0;0.0;2.0;1.0;1.0;B01
65882;201400043661;0;10;0;3.0;0.0;2.0;2.0;A01
65883;201400043662;0;7;0;0.0;2.0;6.0;1.0;B01
65884;201400043667;0;34;0;0.0;2.0;1.0;1.0;B01
65885;201400043667;0;7;0;1.0;2.0;7.0;14.0;A01
65886;201400043668;0;7;0;0.0;2.0;4.0;2.0;B01
65887;201400043668;0;2;0;0.0;2.0;1.0;1.0;A01
65888;201400043669;0;7;0;0.0;2.0;1.0;1.0;A01
65889;201400043669;0;7;0;0.0;2.0;4.0;1.0;B01
65890;201400043671;0;7;0;0.0;2.0;2.0;15.0;A01
65891;201400043671;0;32;0;0.0;2.0;1.0;1.0;B01
65892;201400043672;1;7;0;0.0;1.0;4.0;4.0;Z01
65893;201400043673;0;32;0;0.0;2.0;1.0;1.0;B01
65894;201400043673;1;7;0;0.0;2.0;2.0;15.0;A01
65895;201400043674;0;2;0;0.0;2.0;1.0;17.0;A01
65896;201400043674;0;7;0;0.0;2.0;3.0;15.0;B01
65897;201400043675;0;34;0;0.0;2.0;1.0;1.0;A01
65898;201400043675;0;7;0;0.0;2.0;3.0;1.0;B01
65899;201400043676;0;10;0;0.0;2.0;3.0;17.0;A01
65900;201400043676;0;30;0;0.0;2.0;1.0;1.0;B01
65901;201400043677;0;7;0;0.0;2.0;6.0;15.0;B01