;Num_Acc;senc;catv;occutc;obs;obsm;choc;manv;num_veh
65902;201400043677;0;33;0;0.0;2.0;1.0;21.0;A01
65903;201400043678;0;7;0;0.0;2.0;1.0;1.0;B01
65904;201400043678;0;7;0;0.0;2.0;7.0;1.0;A01
65905;201400043679;0;34;0;1.0;2.0;1.0;6.0;A01
65906;201400043679;0;7;0;0.0;2.0;3.0;5.0;B01
65907;201400043680;0;7;0;0.0;2.0;4.0;23.0;B01
65908;201400043680;0;7;0;0.0;2.0;1.0;2.0;A01
65909;201400043681;0;7;0;0.0;1.0;1.0;1.0;A01
65910;201400043682;0;30;0;0.0;2.0;4.0;1.0;B01
65911;201400043682;0;30;0;0.0;2.0;1.0;2.0;A01
65912;201400043683;0;33;0;0.0;2.0;1.0;17.0;A01
65913;201400043683;0;7;0;0.0;2.0;6.0;9.0;B01
65914;201400043684;0;7;0;0.0;2.0;7.0;1.0;B01
65915;201400043684;0;10;0;0.0;2.0;5.0;2.0;A01
65916;201400043685;0;7;0;0.0;2.0;2.0;1.0;A01
65917;201400043685;0;7;0;0.0;2.0;3.0;16.0;B01
65918;201400043686;0;32;0;0.0;2.0;4.0;11.0;B01
65919;201400043686;0;7;0;0.0;2.0;1.0;1.0;A01
65920;201400043687;0;10;0;0.0;2.0;1.0;2.0;A01
65921;201400043687;0;10;0;0.0;2.0;4.0;1.0;B01
65922;201400043688;0;7;0;0.0;2.0;8.0;1.0;B01
65923;201400043688;0;7;0;0.0;2.0;1.0;1.0;A01
65924;201400043689;0;7;0;0.0;2.0;7.0;22.0;A01
65925;201400043689;0;1;0;1.0;2.0;3.0;1.0;B01
65926;201400043690;0;2;0;0.0;2.0;8.0;15.0;A01
65927;201400043690;0;7;0;0.0;2.0;1.0;1.0;B01
65928;201400043691;0;7;0;0.0;2.0;1.0;1.0;A01
65929;201400043691;0;10;0;0.0;2.0;6.0;1.0;B01
65930;201400043692;0;7;0;0.0;1.0;1.0;15.0;A01
65931;201400043693;0;7;0;0.0;2.0;1.0;1.0;B01
65932;201400043693;0;10;0;1.0;2.0;1.0;5.0;A01
65933;201400043694;0;7;0;0.0;1.0;2.0;17.0;A01
65934;201400043695;0;31;0;0.0;1.0;1.0;0.0;A01
65935;201400043696;0;7;0;0.0;0.0;1.0;1.0;A01
65936;201400043697;0;7;0;15.0;0.0;1.0;2.0;A01
65937;201400043698;0;7;0;0.0;1.0;1.0;1.0;A01
65938;201400043700;0;32;0;0.0;0.0;1.0;1.0;A01
65939;201400043700;0;7;0;0.0;0.0;3.0;15.0;B01
65940;201400043701;0;7;0;1.0;1.0;1.0;1.0;A01
65941;201400043702;0;31;0;0.0;0.0;1.0;0.0;A01
65942;201400043702;1;7;0;0.0;0.0;4.0;0.0;B01
65943;201400043703;0;10;0;0.0;0.0;4.0;15.0;A01
65944;201400043703;0;32;0;0.0;2.0;1.0;1.0;B01
65945;201400043704;0;7;0;0.0;1.0;1.0;2.0;A01
65946;201400043705;0;7;0;0.0;2.0;1.0;9.0;A01
65947;201400043705;0;33;0;0.0;2.0;2.0;1.0;B01
65948;201400043706;0;7;0;0.0;1.0;0.0;0.0;A01
65949;201400043707;0;7;0;0.0;1.0;1.0;1.0;A01
65950;201400043708;0;7;0;0.0;1.0;2.0;16.0;A01
65951;201400043709;0;7;0;0.0;1.0;2.0;1.0;A01
65952;201400043710;0;7;0;0.0;2.0;4.0;23.0;B01
65953;201400043710;0;7;0;0.0;2.0;1.0;2.0;A01
65954;201400043710;0;7;0;0.0;2.0;3.0;1.0;C01
65955;201400043711;0;30;0;0.0;1.0;1.0;1.0;A01
65956;201400043712;0;7;0;0.0;2.0;2.0;9.0;A01
65957;201400043712;0;7;0;0.0;2.0;3.0;1.0;B01
65958;201400043713;0;32;0;0.0;2.0;1.0;1.0;A01
65959;201400043713;0;7;0;0.0;2.0;3.0;1.0;B01
65960;201400043714;0;7;0;8.0;0.0;1.0;1.0;A01
65961;201400043715;0;7;0;4.0;0.0;1.0;1.0;A01
65962;201400043716;0;7;0;0.0;2.0;1.0;2.0;A01
65963;201400043716;0;7;0;0.0;2.0;9.0;2.0;B01
65964;201400043716;0;7;0;0.0;2.0;4.0;23.0;C01
65965;201400043717;0;7;0;0.0;2.0;1.0;1.0;A01
65966;201400043717;0;7;0;0.0;2.0;4.0;1.0;B01
65967;201400043718;0;33;0;0.0;0.0;1.0;1.0;A01
65968;201400043718;0;7;0;0.0;0.0;8.0;16.0;B01
65969;201400043719;0;33;0;0.0;2.0;1.0;15.0;B01
65970;201400043719;0;7;0;0.0;2.0;3.0;1.0;A01
65971;201400043720;0;7;0;8.0;0.0;2.0;1.0;A01
65972;201400043721;0;33;0;0.0;2.0;1.0;17.0;A01
65973;201400043721;0;33;0;0.0;2.0;1.0;1.0;B01
65974;201400043723;0;7;0;0.0;2.0;1.0;2.0;A01
65975;201400043723;0;3;0;0.0;0.0;6.0;15.0;B01
65976;201400043724;0;32;0;0.0;0.0;8.0;14.0;A01
65977;201400043725;0;7;0;0.0;2.0;8.0;13.0;A01
65978;201400043725;0;33;0;0.0;2.0;7.0;17.0;B01
65979;201400043726;0;7;0;12.0;0.0;9.0;1.0;A01
65980;201400043727;0;7;0;0.0;1.0;2.0;1.0;A01
65981;201400043728;0;7;0;0.0;1.0;2.0;16.0;A01
65982;201400043729;0;7;0;11.0;0.0;2.0;1.0;A01
65983;201400043730;0;7;0;0.0;2.0;1.0;15.0;A01
65984;201400043730;0;31;0;0.0;2.0;7.0;1.0;B01
65985;201400043733;0;7;0;0.0;1.0;4.0;4.0;A01
65986;201400043735;0;30;0;0.0;0.0;2.0;1.0;A01
65987;201400043736;0;14;0;2.0;0.0;1.0;1.0;A01
65988;201400043737;0;7;0;0.0;9.0;2.0;20.0;A01
65989;201400043737;0;1;0;0.0;2.0;8.0;1.0;B01
65990;201400043738;0;7;0;0.0;2.0;5.0;15.0;A01
65991;201400043738;0;33;0;0.0;2.0;2.0;1.0;B01
65992;201400043739;0;7;0;0.0;1.0;1.0;9.0;A01
65993;201400043740;0;10;0;0.0;0.0;1.0;1.0;A01
65994;201400043740;0;7;0;0.0;0.0;9.0;23.0;B01
65995;201400043740;0;7;0;0.0;0.0;4.0;23.0;C01
65996;201400043741;0;37;40;0.0;2.0;1.0;1.0;B01
65997;201400043741;0;7;0;0.0;2.0;3.0;15.0;A01
65998;201400043742;1;7;0;0.0;1.0;7.0;1.0;Z01
65999;201400043743;0;7;0;0.0;2.0;3.0;2.0;A01
66000;201400043743;0;7;0;0.0;2.0;5.0;1.0;B01
66001;201400043744;0;7;0;0.0;1.0;2.0;2.0;A01
66002;201400043746;0;7;0;0.0;1.0;2.0;1.0;A01
66003;201400043747;0;7;0;0.0;2.0;1.0;1.0;A01
66004;201400043747;0;7;0;9.0;2.0;7.0;1.0;B01
66005;201400043749;0;7;0;0.0;2.0;5.0;11.0;A01
66006;201400043749;0;7;0;0.0;2.0;1.0;1.0;B01
66007;201400043750;0;7;0;0.0;2.0;8.0;9.0;B01
66008;201400043750;0;33;0;0.0;2.0;1.0;1.0;A01
66009;201400043751;0;7;0;0.0;2.0;8.0;16.0;A01
66010;201400043751;0;2;0;0.0;2.0;1.0;1.0;B01
66011;201400043751;0;7;0;0.0;2.0;1.0;23.0;C01
66012;201400043752;0;7;0;0.0;2.0;1.0;15.0;A01
66013;201400043752;0;7;0;0.0;2.0;3.0;1.0;B01
66014;201400043753;0;7;0;8.0;0.0;3.0;1.0;A01
66015;201400043754;0;7;0;0.0;1.0;3.0;1.0;A01
66016;201400043756;0;7;0;0.0;2.0;2.0;1.0;B01
66017;201400043756;0;7;0;0.0;2.0;3.0;1.0;A01
66018;201400043757;0;7;0;0.0;2.0;4.0;1.0;B01
66019;201400043757;0;34;0;0.0;2.0;1.0;2.0;A01
66020;201400043758;0;7;0;0.0;0.0;1.0;1.0;A01
66021;201400043759;0;7;0;0.0;1.0;4.0;4.0;A01
66022;201400043760;0;7;0;8.0;0.0;1.0;2.0;A01
66023;201400043761;0;7;0;0.0;1.0;1.0;15.0;A01
66024;201400043762;0;37;10;0.0;2.0;3.0;15.0;A01
66025;201400043762;0;7;0;0.0;2.0;3.0;1.0;B01
66026;201400043763;0;1;0;0.0;0.0;0.0;1.0;A01
66027;201400043764;0;7;0;0.0;2.0;3.0;1.0;A01
66028;201400043764;0;7;0;0.0;2.0;3.0;15.0;B01
66029;201400043765;0;7;0;14.0;2.0;3.0;13.0;A01
66030;201400043765;0;7;0;0.0;2.0;2.0;1.0;B01
66031;201400043766;0;7;0;0.0;2.0;2.0;12.0;A01
66032;201400043766;0;33;0;0.0;2.0;8.0;3.0;B01
66033;201400043767;0;7;0;0.0;1.0;1.0;1.0;A01
66034;201400043769;0;7;0;0.0;1.0;1.0;1.0;A01
66035;201400043771;0;7;0;0.0;1.0;2.0;17.0;A01
66036;201400043772;0;34;0;14.0;0.0;9.0;1.0;A01
66037;201400043773;0;33;0;0.0;2.0;1.0;1.0;B01
66038;201400043773;0;7;0;0.0;2.0;6.0;9.0;A01
66039;201400043774;0;7;0;0.0;2.0;1.0;1.0;B01
66040;201400043774;0;7;0;0.0;2.0;8.0;19.0;A01
66041;201400043775;0;30;0;0.0;2.0;5.0;1.0;A01
66042;201400043775;0;7;0;0.0;2.0;2.0;15.0;B01
66043;201400043776;0;7;0;0.0;1.0;3.0;1.0;A01
66044;201400043777;0;34;0;0.0;2.0;1.0;0.0;A01
66045;201400043777;0;7;0;0.0;2.0;1.0;15.0;B01
66046;201400043778;0;7;0;0.0;2.0;9.0;23.0;B01
66047;201400043778;0;7;0;0.0;2.0;9.0;23.0;C01
66048;201400043778;0;7;0;0.0;2.0;4.0;23.0;D01
66049;201400043778;0;7;0;0.0;2.0;1.0;2.0;A01
66050;201400043779;0;33;0;16.0;0.0;1.0;1.0;A01
66051;201400043780;0;7;0;0.0;2.0;1.0;15.0;A01
66052;201400043780;0;32;0;0.0;2.0;7.0;1.0;B01
66053;201400043781;0;34;0;0.0;2.0;1.0;2.0;A01
66054;201400043781;0;7;0;0.0;2.0;6.0;16.0;B01
66055;201400043782;0;30;0;0.0;2.0;1.0;1.0;A01
66056;201400043782;0;7;0;0.0;2.0;8.0;15.0;B01
66057;201400043783;0;2;0;0.0;0.0;7.0;1.0;A01
66058;201400043784;0;10;0;0.0;2.0;1.0;15.0;A01
66059;201400043784;0;33;0;0.0;2.0;1.0;1.0;B01
66060;201400043785;0;1;0;0.0;2.0;3.0;1.0;B01
66061;201400043785;0;7;0;0.0;9.0;7.0;1.0;A01
66062;201400043786;0;7;0;0.0;1.0;3.0;16.0;A01
66063;201400043787;0;7;0;11.0;0.0;1.0;6.0;A01
66064;201400043788;0;7;0;2.0;0.0;1.0;14.0;A01
66065;201400043789;0;34;0;0.0;0.0;8.0;1.0;A01
66066;201400043790;0;7;0;0.0;1.0;1.0;1.0;A01
66067;201400043791;0;2;0;0.0;2.0;1.0;2.0;A01
66068;201400043791;0;7;0;0.0;2.0;4.0;2.0;B01
66069;201400043792;0;7;0;0.0;1.0;2.0;14.0;A01
66070;201400043793;0;34;0;0.0;2.0;7.0;17.0;B01
66071;201400043793;0;7;0;0.0;2.0;3.0;9.0;A01
66072;201400043795;0;32;0;0.0;0.0;4.0;1.0;B01
66073;201400043795;0;2;0;0.0;2.0;1.0;1.0;A01
66074;201400043796;0;7;0;0.0;2.0;3.0;20.0;A01
66075;201400043796;0;7;0;0.0;2.0;2.0;1.0;B01
66076;201400043797;0;1;0;0.0;2.0;3.0;19.0;A01
66077;201400043797;0;37;1;0.0;2.0;1.0;1.0;B01
66078;201400043798;0;7;0;0.0;2.0;6.0;23.0;B01
66079;201400043798;0;7;0;0.0;2.0;2.0;2.0;A01
66080;201400043799;0;7;0;0.0;2.0;1.0;2.0;A01
66081;201400043799;0;7;0;0.0;2.0;6.0;9.0;B01
66082;201400043800;0;7;0;0.0;2.0;4.0;1.0;B01
66083;201400043800;0;7;0;0.0;2.0;1.0;2.0;A01
66084;201400043801;0;14;0;0.0;2.0;4.0;9.0;A01
66085;201400043801;0;31;0;0.0;2.0;1.0;1.0;B01
66086;201400043802;1;7;0;0.0;1.0;1.0;1.0;A01
66087;201400043803;0;34;0;11.0;0.0;1.0;1.0;A01
66088;201400043805;0;2;0;0.0;2.0;1.0;1.0;B01
66089;201400043805;0;7;0;0.0;2.0;5.0;15.0;A01
66090;201400043806;0;7;0;9.0;0.0;1.0;1.0;A01
66091;201400043807;0;2;0;12.0;0.0;1.0;5.0;A01
66092;201400043808;0;7;0;0.0;2.0;4.0;23.0;C01
66093;201400043808;0;7;0;0.0;2.0;1.0;2.0;A01
66094;201400043808;0;31;0;0.0;2.0;9.0;23.0;B01
66095;201400043809;0;7;0;0.0;2.0;4.0;23.0;C01
66096;201400043809;0;7;0;0.0;2.0;1.0;2.0;A01
66097;201400043809;0;7;0;14.0;2.0;9.0;2.0;B01
66098;201400043810;0;33;0;14.0;0.0;1.0;21.0;B01
66099;201400043811;0;7;0;14.0;0.0;9.0;1.0;A01
66100;201400043812;0;7;0;4.0;0.0;9.0;1.0;A01
66101;201400043813;0;7;0;0.0;2.0;4.0;20.0;B01
66102;201400043813;0;37;60;0.0;2.0;1.0;2.0;A01
66103;201400043814;0;33;0;0.0;2.0;1.0;1.0;B01
66104;201400043814;0;7;0;0.0;2.0;1.0;15.0;A01
66105;201400043815;0;10;0;0.0;2.0;1.0;1.0;A01
66106;201400043815;0;7;0;0.0;2.0;4.0;23.0;B01
66107;201400043816;0;7;0;0.0;2.0;3.0;20.0;A01
66108;201400043816;0;32;0;0.0;2.0;1.0;2.0;B01
66109;201400043818;0;7;0;0.0;1.0;3.0;1.0;A01
66110;201400043819;0;7;0;2.0;0.0;1.0;1.0;A01
66111;201400043820;0;7;0;0.0;2.0;2.0;1.0;A01
66112;201400043820;0;7;0;0.0;2.0;1.0;5.0;B01
66113;201400043821;0;7;0;0.0;2.0;1.0;2.0;C01
66114;201400043821;0;7;0;0.0;2.0;9.0;23.0;B01
66115;201400043821;0;7;0;0.0;2.0;4.0;23.0;A01
66116;201400043822;0;7;0;0.0;2.0;2.0;1.0;A01
66117;201400043822;0;33;0;0.0;2.0;3.0;15.0;B01
66118;201400043823;0;33;0;0.0;1.0;2.0;1.0;A01
66119;201400043824;0;7;0;0.0;1.0;2.0;1.0;A01
66120;201400043825;0;34;0;0.0;0.0;7.0;1.0;A01
66121;201400043828;0;7;0;0.0;1.0;3.0;1.0;A01
66122;201400043829;0;7;0;0.0;2.0;7.0;15.0;A01
66123;201400043829;0;7;0;0.0;2.0;1.0;1.0;B01
66124;201400043830;0;7;0;0.0;2.0;8.0;2.0;B01
66125;201400043830;0;2;0;0.0;2.0;1.0;1.0;A01
66126;201400043831;0;7;0;0.0;2.0;2.0;3.0;A01
66127;201400043831;0;7;0;0.0;2.0;6.0;15.0;B01
66128;201400043832;0;7;0;0.0;2.0;1.0;2.0;A01
66129;201400043832;0;7;0;0.0;2.0;4.0;4.0;B01
66130;201400043833;0;32;0;12.0;0.0;7.0;1.0;A01
66131;201400043834;0;7;0;0.0;2.0;1.0;11.0;A01
66132;201400043834;0;7;0;0.0;2.0;4.0;23.0;B01
66133;201400043835;0;33;0;0.0;2.0;1.0;2.0;A01
66134;201400043835;0;10;0;0.0;2.0;4.0;2.0;B01
66135;201400043836;0;7;0;0.0;2.0;3.0;2.0;A01
66136;201400043836;0;7;0;0.0;2.0;5.0;23.0;B01
66137;201400043837;0;1;0;0.0;2.0;1.0;1.0;B01
66138;201400043837;0;7;0;0.0;2.0;2.0;1.0;A01
66139;201400043838;0;7;0;0.0;0.0;4.0;1.0;B01
66140;201400043838;0;37;0;0.0;2.0;1.0;1.0;A01
66141;201400043839;0;7;0;14.0;2.0;4.0;1.0;B01
66142;201400043839;0;33;0;0.0;2.0;1.0;21.0;A01
66143;201400043840;0;7;0;0.0;2.0;2.0;1.0;B01
66144;201400043840;0;10;0;0.0;2.0;1.0;1.0;A01
66145;201400043841;0;1;0;0.0;2.0;7.0;1.0;B01
66146;201400043841;0;7;0;0.0;2.0;2.0;9.0;A01
66147;201400043842;0;10;0;0.0;2.0;1.0;2.0;A01
66148;201400043842;0;7;0;0.0;2.0;4.0;23.0;D01
66149;201400043842;0;7;0;0.0;2.0;9.0;23.0;B01
66150;201400043842;0;7;0;0.0;2.0;9.0;23.0;C01
66151;201400043843;0;30;0;0.0;2.0;1.0;1.0;B01
66152;201400043843;0;7;0;0.0;2.0;3.0;9.0;A01
66153;201400043844;0;7;0;0.0;1.0;1.0;1.0;A01
66154;201400043845;0;7;0;0.0;1.0;1.0;15.0;A01
66155;201400043846;0;7;0;0.0;2.0;1.0;15.0;A01
66156;201400043846;0;1;0;0.0;2.0;1.0;1.0;B01
66157;201400043847;0;7;0;0.0;1.0;3.0;1.0;A01
66158;201400043848;0;7;0;0.0;2.0;4.0;2.0;C01
66159;201400043848;0;7;0;0.0;2.0;4.0;2.0;B01
66160;201400043848;0;7;0;0.0;2.0;1.0;2.0;A01
66161;201400043849;0;10;0;0.0;2.0;4.0;23.0;B01
66162;201400043849;0;10;0;0.0;2.0;1.0;2.0;A01
66163;201400043850;0;7;0;0.0;1.0;4.0;20.0;A01
66164;201400043851;0;7;0;0.0;2.0;1.0;5.0;A01
66165;201400043851;0;7;0;0.0;2.0;1.0;1.0;B01
66166;201400043852;1;7;0;0.0;2.0;7.0;10.0;A01
66167;201400043852;0;30;0;0.0;2.0;1.0;1.0;B01
66168;201400043853;0;7;0;0.0;2.0;4.0;1.0;D01
66169;201400043853;0;7;0;0.0;2.0;9.0;2.0;C01
66170;201400043853;0;7;0;0.0;2.0;1.0;2.0;A01
66171;201400043853;0;7;0;0.0;2.0;9.0;2.0;B01
66172;201400043854;0;10;0;0.0;1.0;1.0;1.0;A01
66173;201400043855;0;10;0;0.0;1.0;2.0;1.0;A01
66174;201400043856;0;2;0;0.0;2.0;1.0;1.0;B01
66175;201400043856;0;7;0;0.0;2.0;4.0;1.0;A01
66176;201400043857;0;30;0;0.0;2.0;1.0;1.0;A01
66177;201400043857;0;10;0;0.0;2.0;3.0;1.0;B01
66178;201400043858;0;7;0;0.0;2.0;1.0;1.0;B01
66179;201400043858;0;7;0;0.0;2.0;1.0;1.0;A01
66180;201400043859;0;7;0;0.0;2.0;3.0;1.0;B01
66181;201400043859;0;2;0;0.0;2.0;1.0;1.0;A01
66182;201400043860;0;7;0;0.0;1.0;1.0;1.0;A01
66183;201400043861;0;7;0;0.0;2.0;2.0;15.0;A01
66184;201400043861;0;33;0;0.0;2.0;3.0;1.0;B01
66185;201400043862;0;7;0;0.0;1.0;1.0;1.0;A01
66186;201400043863;0;7;0;0.0;2.0;8.0;16.0;B01
66187;201400043863;0;7;0;0.0;2.0;1.0;1.0;A01
66188;201400043864;0;7;0;0.0;1.0;2.0;1.0;A01
66189;201400043865;0;7;0;0.0;2.0;6.0;1.0;B01
66190;201400043865;0;33;0;0.0;2.0;2.0;2.0;A01
66191;201400043866;0;7;0;0.0;1.0;2.0;1.0;A01
66192;201400043867;0;34;0;1.0;0.0;1.0;1.0;A01
66193;201400043868;0;7;0;12.0;2.0;1.0;1.0;A01
66194;201400043868;0;7;0;0.0;2.0;3.0;1.0;B01
66195;201400043869;0;7;0;0.0;1.0;1.0;1.0;A01
66196;201400043870;0;7;0;0.0;1.0;4.0;20.0;A01
66197;201400043871;2;30;0;0.0;1.0;2.0;1.0;A01
66198;201400043872;0;7;0;0.0;1.0;1.0;1.0;A01
66199;201400043873;1;10;0;0.0;2.0;2.0;17.0;Z01
66200;201400043873;0;1;0;0.0;2.0;4.0;1.0;B01
66201;201400043873;0;1;0;0.0;2.0;4.0;1.0;A01
66202;201400043874;0;1;0;0.0;2.0;1.0;1.0;A01
66203;201400043874;0;10;0;0.0;2.0;8.0;9.0;B01
66204;201400043875;0;33;0;0.0;0.0;9.0;21.0;A01
66205;201400043876;0;7;0;0.0;1.0;2.0;1.0;A01
66206;201400043878;0;7;0;0.0;2.0;4.0;23.0;C01
66207;201400043878;0;7;0;0.0;2.0;1.0;2.0;A01
66208;201400043878;0;7;0;0.0;2.0;4.0;1.0;B01
66209;201400043879;0;7;0;0.0;2.0;7.0;12.0;A01
66210;201400043879;0;33;0;0.0;2.0;8.0;1.0;B01
66211;201400043880;0;33;0;0.0;2.0;7.0;1.0;A01
66212;201400043880;2;10;0;0.0;2.0;8.0;20.0;B01
66213;201400043881;0;7;0;0.0;2.0;2.0;10.0;A01
66214;201400043881;0;34;0;0.0;2.0;1.0;1.0;B01
66215;201400043882;0;7;0;0.0;2.0;3.0;9.0;A01
66216;201400043882;0;7;0;0.0;2.0;1.0;1.0;B01
66217;201400043884;0;7;0;0.0;2.0;1.0;1.0;A01
66218;201400043884;0;32;0;0.0;2.0;7.0;1.0;B01
66219;201400043885;0;2;0;0.0;2.0;1.0;1.0;A01
66220;201400043885;0;7;0;0.0;2.0;8.0;1.0;B01
66221;201400043886;0;7;0;0.0;2.0;4.0;2.0;B01
66222;201400043886;0;7;0;0.0;2.0;1.0;2.0;A01
66223;201400043887;0;31;0;0.0;2.0;2.0;1.0;B01
66224;201400043887;0;7;0;0.0;2.0;3.0;9.0;A01
66225;201400043889;0;33;0;0.0;2.0;8.0;1.0;A01
66226;201400043889;0;14;0;0.0;2.0;3.0;1.0;B01
66227;201400043890;0;7;0;0.0;2.0;1.0;1.0;B01
66228;201400043890;0;7;0;0.0;2.0;7.0;5.0;A01
66229;201400043891;0;7;0;0.0;2.0;8.0;15.0;B01
66230;201400043891;0;2;0;0.0;2.0;2.0;17.0;A01
66231;201400043892;0;10;0;0.0;1.0;8.0;9.0;A01
66232;201400043893;0;10;0;0.0;2.0;3.0;1.0;B01
66233;201400043893;0;7;0;0.0;2.0;7.0;15.0;A01
66234;201400043894;0;7;0;0.0;2.0;8.0;15.0;A01
66235;201400043894;0;33;0;0.0;2.0;1.0;1.0;B01
66236;201400043895;0;1;0;0.0;2.0;1.0;19.0;A01
66237;201400043895;0;31;0;0.0;2.0;7.0;1.0;B01
66238;201400043896;0;10;0;0.0;1.0;7.0;1.0;A01
66239;201400043897;0;30;0;0.0;2.0;2.0;1.0;B01
66240;201400043897;0;7;0;0.0;2.0;6.0;11.0;A01
66241;201400043898;0;7;0;0.0;2.0;4.0;23.0;B01
66242;201400043898;0;7;0;0.0;2.0;4.0;23.0;C01
66243;201400043898;0;7;0;0.0;2.0;1.0;2.0;A01
66244;201400043900;0;33;0;0.0;2.0;1.0;1.0;B01
66245;201400043900;0;7;0;0.0;2.0;2.0;15.0;A01
66246;201400043901;0;7;0;0.0;2.0;4.0;23.0;B01
66247;201400043901;0;7;0;0.0;2.0;1.0;2.0;A01
66248;201400043902;0;7;0;0.0;2.0;4.0;23.0;B01
66249;201400043902;0;33;0;0.0;2.0;1.0;2.0;A01
66250;201400043903;0;7;0;0.0;1.0;4.0;1.0;B01
66251;201400043903;0;7;0;0.0;2.0;1.0;1.0;A01
66252;201400043904;0;7;0;0.0;1.0;7.0;1.0;A01
66253;201400043905;0;7;0;0.0;1.0;1.0;1.0;A01
66254;201400043906;0;7;0;0.0;2.0;8.0;1.0;B01
66255;201400043906;0;2;0;0.0;2.0;1.0;1.0;A01
66256;201400043907;0;33;0;0.0;2.0;1.0;17.0;A01
66257;201400043907;0;10;0;0.0;2.0;2.0;19.0;B01
66258;201400043908;0;7;0;0.0;2.0;1.0;1.0;A01
66259;201400043908;0;7;0;0.0;2.0;3.0;1.0;B01
66260;201400043909;0;7;0;0.0;1.0;1.0;1.0;A01
66261;201400043910;0;7;0;0.0;1.0;4.0;4.0;A01
66262;201400043911;0;2;0;0.0;2.0;1.0;1.0;B01
66263;201400043911;0;7;0;0.0;2.0;2.0;15.0;A01
66264;201400043912;0;7;0;0.0;2.0;1.0;1.0;A01
66265;201400043912;0;7;0;0.0;2.0;4.0;23.0;B01
66266;201400043912;0;7;0;0.0;2.0;4.0;23.0;C01
66267;201400043913;1;30;0;0.0;1.0;1.0;1.0;Z01
66268;201400043914;0;2;0;0.0;2.0;1.0;1.0;A01
66269;201400043914;0;7;0;0.0;2.0;8.0;15.0;B01
66270;201400043916;0;31;0;0.0;2.0;1.0;18.0;B01
66271;201400043916;0;33;0;0.0;2.0;7.0;14.0;A01
66272;201400043917;0;7;0;0.0;1.0;2.0;1.0;A01
66273;201400043918;0;33;0;0.0;1.0;1.0;1.0;A01
66274;201400043919;0;2;0;1.0;2.0;1.0;1.0;A01
66275;201400043919;0;7;0;0.0;2.0;6.0;24.0;B01
66276;201400043920;0;1;0;0.0;2.0;1.0;1.0;A01
66277;201400043920;0;7;0;0.0;2.0;1.0;1.0;B01
66278;201400043921;0;7;0;0.0;2.0;4.0;1.0;A01
66279;201400043921;0;33;0;0.0;2.0;1.0;2.0;B01
66280;201400043922;0;7;0;0.0;2.0;3.0;15.0;A01
66281;201400043922;0;30;0;0.0;2.0;1.0;17.0;B01
66282;201400043923;0;7;0;0.0;2.0;4.0;2.0;B01
66283;201400043923;0;7;0;0.0;2.0;1.0;1.0;A01
66284;201400043924;0;7;0;0.0;2.0;1.0;2.0;A01
66285;201400043924;0;7;0;0.0;2.0;4.0;23.0;C01
66286;201400043924;0;7;0;0.0;2.0;9.0;23.0;B01
66287;201400043925;0;7;0;0.0;1.0;1.0;16.0;A01
66288;201400043926;0;7;0;0.0;2.0;8.0;1.0;B01
66289;201400043926;0;7;0;0.0;2.0;1.0;1.0;A01
66290;201400043927;0;7;0;0.0;2.0;8.0;15.0;A01
66291;201400043927;0;34;0;0.0;2.0;7.0;23.0;B01
66292;201400043928;0;7;0;0.0;2.0;7.0;16.0;B01
66293;201400043928;0;33;0;0.0;2.0;3.0;1.0;A01
66294;201400043929;0;34;0;0.0;2.0;7.0;1.0;B01
66295;201400043929;0;7;0;0.0;2.0;4.0;15.0;A01
66296;201400043930;0;7;0;0.0;1.0;7.0;1.0;A01
66297;201400043931;0;7;0;0.0;2.0;4.0;1.0;B01
66298;201400043931;0;7;0;0.0;2.0;1.0;1.0;A01
66299;201400043931;0;7;0;0.0;2.0;4.0;2.0;C01
66300;201400043932;0;33;0;11.0;2.0;1.0;1.0;A01
66301;201400043932;0;7;0;0.0;2.0;1.0;1.0;B01
66302;201400043933;0;10;0;0.0;2.0;1.0;1.0;C01
66303;201400043933;0;2;0;0.0;2.0;8.0;1.0;A01
66304;201400043933;0;7;0;0.0;2.0;8.0;13.0;B01
66305;201400043934;0;7;0;0.0;2.0;3.0;23.0;A01
66306;201400043934;0;31;0;0.0;2.0;1.0;1.0;B01
66307;201400043935;0;1;0;0.0;0.0;0.0;0.0;B01
66308;201400043935;0;7;0;0.0;0.0;0.0;0.0;A01
66309;201400043936;0;7;0;0.0;2.0;8.0;0.0;B01
66310;201400043936;0;7;0;0.0;2.0;1.0;0.0;A01
66311;201400043937;0;7;0;0.0;1.0;3.0;1.0;A01
66312;201400043938;0;34;0;0.0;2.0;5.0;1.0;B01
66313;201400043938;0;7;0;0.0;2.0;3.0;9.0;A01
66314;201400043939;0;7;0;0.0;1.0;2.0;0.0;A01
66315;201400043941;0;7;0;0.0;2.0;8.0;1.0;B01
66316;201400043941;0;7;0;0.0;2.0;1.0;1.0;A01
66317;201400043942;0;7;0;0.0;0.0;0.0;0.0;A01
66318;201400043942;0;7;0;0.0;0.0;0.0;0.0;B01
66319;201400043944;0;7;0;0.0;0.0;0.0;0.0;C01
66320;201400043944;0;7;0;0.0;0.0;0.0;0.0;B01
66321;201400043944;0;7;0;0.0;0.0;0.0;0.0;A01
66322;201400043945;0;7;0;0.0;0.0;0.0;0.0;A01