;Num_Acc;senc;catv;occutc;obs;obsm;choc;manv;num_veh
66744;201400044227;0;13;0;0.0;2.0;1.0;9.0;A01
66745;201400044228;0;7;0;0.0;2.0;1.0;1.0;B01
66746;201400044228;0;7;0;0.0;2.0;1.0;15.0;A01
66747;201400044229;0;7;0;0.0;2.0;1.0;2.0;A01
66748;201400044229;0;7;0;0.0;2.0;4.0;2.0;B01
66749;201400044231;0;7;0;0.0;1.0;3.0;1.0;A01
66750;201400044232;0;7;0;0.0;2.0;1.0;1.0;A01
66751;201400044232;0;7;0;0.0;2.0;8.0;20.0;B01
66752;201400044234;0;7;0;0.0;2.0;1.0;2.0;A01
66753;201400044234;0;7;0;0.0;2.0;4.0;2.0;B01
66754;201400044235;0;7;0;0.0;2.0;1.0;1.0;A01
66755;201400044235;0;7;0;0.0;2.0;3.0;1.0;C01
66756;201400044235;0;7;0;0.0;2.0;3.0;2.0;B01
66757;201400044236;0;7;0;0.0;2.0;2.0;12.0;A01
66758;201400044236;0;32;0;0.0;2.0;1.0;2.0;B01
66759;201400044237;0;33;0;0.0;2.0;1.0;2.0;B01
66760;201400044237;0;7;0;0.0;2.0;5.0;4.0;A01
66761;201400044238;0;7;0;0.0;1.0;2.0;1.0;A01
66762;201400044239;0;7;0;0.0;1.0;1.0;1.0;A01
66763;201400044240;0;2;0;0.0;2.0;1.0;1.0;A01
66764;201400044240;0;7;0;0.0;2.0;3.0;1.0;B01
66765;201400044241;0;7;0;0.0;2.0;2.0;12.0;A01
66766;201400044241;0;2;0;0.0;2.0;8.0;18.0;B01
66767;201400044242;0;7;0;11.0;0.0;1.0;1.0;A01
66768;201400044243;0;7;0;0.0;2.0;7.0;12.0;A01
66769;201400044243;0;37;2;0.0;2.0;3.0;1.0;B01
66770;201400044245;0;14;0;0.0;0.0;1.0;2.0;A01
66771;201400044245;0;7;0;0.0;0.0;4.0;2.0;B01
66772;201400044246;0;7;0;0.0;2.0;1.0;1.0;A01
66773;201400044246;0;7;0;0.0;2.0;8.0;1.0;B01
66774;201400044247;0;7;0;0.0;2.0;1.0;1.0;A01
66775;201400044247;0;7;0;0.0;2.0;4.0;1.0;B01
66776;201400044248;0;2;0;16.0;0.0;9.0;9.0;A01
66777;201400044249;0;7;0;0.0;2.0;3.0;1.0;B01
66778;201400044249;0;7;0;0.0;2.0;7.0;13.0;A01
66779;201400044250;0;33;0;0.0;1.0;1.0;1.0;A01
66780;201400044251;0;7;0;0.0;1.0;1.0;1.0;A01
66781;201400044252;0;7;0;0.0;1.0;4.0;4.0;A01
66782;201400044254;0;37;2;0.0;1.0;2.0;1.0;A01
66783;201400044255;0;7;0;0.0;2.0;8.0;1.0;A01
66784;201400044255;0;7;0;0.0;2.0;1.0;1.0;B01
66785;201400044256;0;7;0;0.0;1.0;1.0;2.0;A01
66786;201400044257;0;7;0;0.0;2.0;6.0;15.0;B01
66787;201400044257;0;33;0;0.0;2.0;2.0;2.0;A01
66788;201400044258;0;7;0;0.0;1.0;4.0;4.0;A01
66789;201400044259;0;7;0;0.0;2.0;1.0;2.0;A01
66790;201400044259;0;7;0;0.0;2.0;4.0;23.0;C01
66791;201400044259;0;7;0;0.0;2.0;1.0;23.0;B01
66792;201400044260;0;7;0;9.0;0.0;1.0;15.0;A01
66793;201400044262;0;30;0;0.0;1.0;1.0;2.0;A01
66794;201400044264;0;7;0;0.0;2.0;1.0;1.0;A01
66795;201400044264;0;7;0;0.0;2.0;4.0;1.0;B01
66796;201400044265;0;7;0;0.0;1.0;1.0;1.0;A01
66797;201400044266;0;7;0;0.0;2.0;7.0;1.0;C01
66798;201400044266;0;7;0;0.0;2.0;1.0;2.0;A01
66799;201400044266;0;7;0;0.0;2.0;4.0;1.0;B01
66800;201400044267;0;7;0;0.0;2.0;1.0;2.0;A01
66801;201400044267;0;7;0;0.0;2.0;4.0;23.0;B01
66802;201400044268;0;7;0;0.0;2.0;1.0;2.0;A01
66803;201400044268;0;30;0;0.0;2.0;4.0;23.0;B01
66804;201400044269;2;2;0;0.0;1.0;1.0;1.0;Z01
66805;201400044270;0;33;0;0.0;1.0;1.0;1.0;A01
66806;201400044272;0;1;0;0.0;2.0;7.0;1.0;B01
66807;201400044272;0;7;0;0.0;2.0;1.0;9.0;A01
66808;201400044274;0;34;0;14.0;0.0;1.0;17.0;A01
66809;201400044275;0;7;0;0.0;2.0;4.0;1.0;B01
66810;201400044275;0;7;0;0.0;2.0;1.0;2.0;A01
66811;201400044277;0;7;0;0.0;1.0;1.0;1.0;A01
66812;201400044278;0;33;0;0.0;2.0;1.0;2.0;A01
66813;201400044278;0;10;0;0.0;2.0;4.0;1.0;B01
66814;201400044279;0;7;0;0.0;2.0;3.0;15.0;A01
66815;201400044279;0;37;5;0.0;2.0;2.0;1.0;B01
66816;201400044280;0;7;0;0.0;2.0;1.0;1.0;A01
66817;201400044280;0;7;0;0.0;2.0;3.0;1.0;B01
66818;201400044281;0;7;0;1.0;1.0;3.0;1.0;A01
66819;201400044282;0;7;0;0.0;1.0;7.0;1.0;A01
66820;201400044283;0;7;0;0.0;2.0;6.0;1.0;B01
66821;201400044283;0;33;0;0.0;2.0;7.0;1.0;A01
66822;201400044284;0;1;0;0.0;2.0;1.0;2.0;A01
66823;201400044284;0;7;0;0.0;2.0;4.0;23.0;B01
66824;201400044285;0;7;0;0.0;2.0;4.0;23.0;A01
66825;201400044285;1;10;0;0.0;2.0;1.0;1.0;Z01
66826;201400044286;0;7;0;0.0;1.0;8.0;1.0;A01
66827;201400044287;0;7;0;0.0;2.0;1.0;2.0;A01
66828;201400044287;0;7;0;0.0;2.0;4.0;23.0;B01
66829;201400044288;0;33;0;0.0;2.0;5.0;1.0;A01
66830;201400044288;1;7;0;0.0;2.0;1.0;2.0;Z01
66831;201400044290;0;7;0;0.0;2.0;4.0;2.0;B01
66832;201400044290;0;30;0;1.0;2.0;1.0;2.0;A01
66833;201400044291;0;7;0;0.0;1.0;1.0;1.0;A01
66834;201400044292;0;7;0;0.0;2.0;1.0;1.0;A01
66835;201400044292;0;7;0;0.0;2.0;8.0;1.0;B01
66836;201400044293;0;14;0;0.0;2.0;3.0;1.0;B02
66837;201400044293;0;14;0;0.0;2.0;7.0;9.0;A01
66838;201400044294;0;7;0;0.0;2.0;8.0;15.0;A01
66839;201400044294;0;7;0;0.0;2.0;1.0;1.0;B01
66840;201400044295;2;7;0;0.0;2.0;2.0;17.0;A01
66841;201400044295;0;7;0;0.0;2.0;8.0;1.0;B01
66842;201400044296;0;1;0;0.0;2.0;1.0;5.0;B01
66843;201400044296;0;7;0;0.0;2.0;2.0;9.0;A01
66844;201400044297;1;10;0;0.0;1.0;1.0;1.0;A01
66845;201400044298;0;7;0;0.0;2.0;1.0;1.0;A01
66846;201400044298;0;7;0;0.0;2.0;4.0;1.0;B01
66847;201400044299;0;7;0;0.0;2.0;1.0;1.0;A01
66848;201400044299;0;7;0;0.0;2.0;4.0;1.0;B01
66849;201400044300;0;37;1;0.0;2.0;8.0;1.0;C01
66850;201400044300;0;7;0;0.0;2.0;1.0;5.0;A01
66851;201400044300;0;7;0;0.0;2.0;5.0;1.0;B01
66852;201400044301;0;7;0;0.0;2.0;1.0;15.0;A01
66853;201400044301;0;2;0;0.0;2.0;9.0;2.0;B01
66854;201400044302;0;7;0;0.0;2.0;1.0;2.0;B01
66855;201400044302;0;31;0;0.0;2.0;4.0;1.0;A01
66856;201400044303;0;7;0;0.0;1.0;1.0;1.0;A01
66857;201400044304;0;7;0;0.0;2.0;2.0;1.0;A01
66858;201400044304;0;13;0;0.0;2.0;3.0;1.0;B01
66859;201400044305;0;2;0;1.0;0.0;9.0;1.0;A01
66860;201400044306;0;7;0;14.0;0.0;1.0;1.0;A01
66861;201400044307;0;10;0;4.0;0.0;1.0;1.0;A01
66862;201400044308;0;7;0;11.0;0.0;8.0;1.0;A01
66863;201400044309;0;30;0;0.0;2.0;1.0;1.0;A01
66864;201400044309;0;7;0;0.0;2.0;1.0;1.0;B01
66865;201400044310;0;7;0;0.0;2.0;2.0;2.0;A01
66866;201400044310;0;7;0;0.0;2.0;1.0;2.0;B01
66867;201400044311;0;7;0;0.0;2.0;1.0;2.0;A01
66868;201400044311;0;7;0;0.0;2.0;9.0;2.0;B01
66869;201400044311;0;7;0;0.0;2.0;4.0;1.0;C01
66870;201400044313;0;7;0;0.0;1.0;2.0;1.0;A01
66871;201400044314;1;7;0;0.0;1.0;1.0;1.0;Z01
66872;201400044315;2;7;0;0.0;2.0;1.0;2.0;A01
66873;201400044315;0;7;0;0.0;2.0;4.0;23.0;B01
66874;201400044317;0;7;0;0.0;2.0;5.0;1.0;A01
66875;201400044317;0;30;0;0.0;2.0;1.0;5.0;B02
66876;201400044318;0;1;0;0.0;1.0;1.0;7.0;A01
66877;201400044319;0;30;0;0.0;2.0;4.0;23.0;B01
66878;201400044319;0;10;0;0.0;2.0;1.0;12.0;A01
66879;201400044320;0;7;0;0.0;1.0;2.0;1.0;A01
66880;201400044321;0;7;0;0.0;1.0;1.0;1.0;A01
66881;201400044322;0;33;0;0.0;2.0;1.0;2.0;A01
66882;201400044322;0;7;0;0.0;0.0;4.0;2.0;B01
66883;201400044323;0;7;0;0.0;1.0;1.0;0.0;A01
66884;201400044324;0;7;0;0.0;1.0;1.0;0.0;A01
66885;201400044325;0;33;0;0.0;0.0;8.0;0.0;A01
66886;201400044326;0;7;0;0.0;1.0;1.0;1.0;A01
66887;201400044327;0;7;0;0.0;1.0;1.0;16.0;A01
66888;201400044329;0;7;0;0.0;1.0;4.0;0.0;A01
66889;201400044330;0;7;0;0.0;2.0;1.0;1.0;A01
66890;201400044330;0;7;0;2.0;2.0;1.0;1.0;B01
66891;201400044331;0;7;0;0.0;1.0;1.0;0.0;A01
66892;201400044332;0;7;0;0.0;1.0;1.0;1.0;A01
66893;201400044333;0;1;0;0.0;2.0;1.0;1.0;B01
66894;201400044333;0;7;0;0.0;2.0;2.0;15.0;A01
66895;201400044334;0;7;0;0.0;1.0;1.0;0.0;A01
66896;201400044335;0;7;0;0.0;1.0;1.0;1.0;A01
66897;201400044336;0;30;0;0.0;2.0;3.0;1.0;B01
66898;201400044336;0;7;0;0.0;2.0;2.0;15.0;A01
66899;201400044338;0;7;0;0.0;1.0;1.0;10.0;A01
66900;201400044339;0;7;0;0.0;2.0;1.0;1.0;B01
66901;201400044339;0;7;0;0.0;1.0;2.0;1.0;A01
66902;201400044340;0;7;0;0.0;2.0;4.0;16.0;B01
66903;201400044340;0;2;0;0.0;2.0;1.0;1.0;A01
66904;201400044341;0;33;0;0.0;2.0;8.0;16.0;B01
66905;201400044341;0;7;0;0.0;2.0;1.0;1.0;A01
66906;201400044342;0;7;0;15.0;0.0;3.0;1.0;A01
66907;201400044343;0;7;0;0.0;1.0;1.0;1.0;A01
66908;201400044344;0;7;0;0.0;2.0;1.0;2.0;A01
66909;201400044344;0;7;0;0.0;0.0;4.0;1.0;B01
66910;201400044345;0;7;0;0.0;1.0;3.0;20.0;A01
66911;201400044346;0;7;0;0.0;2.0;1.0;1.0;B01
66912;201400044346;0;31;0;0.0;2.0;1.0;15.0;A01
66913;201400044347;0;7;0;0.0;2.0;1.0;1.0;A01
66914;201400044347;0;7;0;0.0;2.0;3.0;9.0;B01
66915;201400044348;0;7;0;0.0;2.0;1.0;1.0;C01
66916;201400044348;0;7;0;0.0;2.0;4.0;1.0;A01
66917;201400044348;0;7;0;0.0;2.0;1.0;1.0;B01
66918;201400044349;0;7;0;9.0;0.0;1.0;2.0;A01
66919;201400044350;0;7;0;0.0;1.0;3.0;1.0;A01
66920;201400044351;0;7;0;0.0;2.0;9.0;2.0;B01
66921;201400044351;0;10;0;0.0;2.0;1.0;2.0;A01
66922;201400044351;0;7;0;0.0;2.0;9.0;2.0;C01
66923;201400044351;0;7;0;0.0;2.0;4.0;1.0;D01
66924;201400044352;0;7;0;0.0;0.0;1.0;1.0;A01
66925;201400044353;0;7;0;0.0;2.0;4.0;23.0;B01
66926;201400044353;0;7;0;0.0;2.0;1.0;2.0;A01
66927;201400044354;0;2;0;0.0;0.0;4.0;2.0;B01
66928;201400044354;1;7;0;0.0;2.0;1.0;11.0;Z01
66929;201400044355;0;2;0;1.0;0.0;1.0;1.0;A01
66930;201400044356;0;7;0;6.0;2.0;7.0;16.0;B01
66931;201400044356;0;7;0;0.0;2.0;3.0;9.0;A01
66932;201400044357;1;30;0;0.0;2.0;0.0;0.0;A01
66933;201400044357;0;7;0;0.0;2.0;3.0;0.0;B01
66934;201400044358;0;7;0;0.0;1.0;1.0;15.0;A01
66935;201400044359;0;30;0;0.0;2.0;4.0;23.0;B01
66936;201400044359;1;10;0;0.0;2.0;1.0;2.0;A01
66937;201400044360;0;7;0;0.0;2.0;3.0;15.0;A01
66938;201400044360;0;2;0;0.0;2.0;1.0;1.0;B01
66939;201400044361;0;7;0;0.0;2.0;1.0;15.0;A01
66940;201400044361;0;30;0;0.0;2.0;1.0;1.0;B01
66941;201400044362;0;33;0;0.0;2.0;1.0;17.0;A01
66942;201400044362;0;7;0;0.0;2.0;6.0;2.0;B01
66943;201400044363;0;7;0;1.0;0.0;2.0;1.0;A01
66944;201400044364;0;7;0;0.0;2.0;7.0;15.0;A01
66945;201400044364;0;33;0;0.0;2.0;1.0;1.0;B01
66946;201400044365;0;7;0;0.0;1.0;1.0;13.0;A01
66947;201400044366;0;7;0;0.0;1.0;2.0;1.0;A01
66948;201400044367;0;32;0;0.0;2.0;1.0;15.0;A01
66949;201400044367;0;7;0;0.0;2.0;2.0;1.0;B01
66950;201400044368;0;34;0;0.0;2.0;2.0;21.0;B01
66951;201400044368;0;7;0;0.0;2.0;3.0;20.0;A01
66952;201400044370;0;33;0;0.0;1.0;1.0;1.0;A01
66953;201400044371;0;7;0;1.0;1.0;2.0;1.0;A01
66954;201400044372;0;10;0;0.0;2.0;2.0;15.0;A01
66955;201400044372;0;32;0;8.0;2.0;1.0;2.0;B01
66956;201400044373;0;34;0;14.0;0.0;3.0;1.0;A01
66957;201400044374;0;33;0;0.0;2.0;1.0;1.0;B01
66958;201400044374;0;7;0;0.0;2.0;1.0;15.0;A01
66959;201400044375;0;7;0;0.0;1.0;1.0;1.0;A01
66960;201400044376;0;7;0;0.0;2.0;1.0;1.0;B01
66961;201400044376;0;7;0;0.0;2.0;1.0;15.0;A01
66962;201400044377;0;2;0;0.0;0.0;1.0;1.0;A01
66963;201400044378;0;7;0;0.0;2.0;1.0;1.0;A01
66964;201400044378;0;7;0;0.0;2.0;3.0;15.0;B01
66965;201400044379;0;7;0;0.0;2.0;4.0;1.0;C01
66966;201400044379;0;7;0;0.0;2.0;1.0;2.0;A01
66967;201400044379;0;34;0;0.0;2.0;4.0;2.0;B01
66968;201400044381;0;3;0;0.0;0.0;9.0;1.0;A01
66969;201400044382;0;7;0;0.0;1.0;1.0;1.0;A01
66970;201400044383;0;10;0;0.0;2.0;6.0;4.0;A01
66971;201400044383;0;33;0;0.0;2.0;8.0;15.0;B01
66972;201400044385;0;7;0;0.0;2.0;1.0;2.0;A01
66973;201400044385;0;7;0;0.0;2.0;4.0;23.0;B01
66974;201400044386;0;1;0;0.0;2.0;8.0;1.0;A01
66975;201400044386;0;7;0;0.0;2.0;1.0;1.0;B01
66976;201400044388;0;7;0;0.0;2.0;1.0;2.0;A01
66977;201400044388;0;7;0;0.0;2.0;4.0;23.0;B01
66978;201400044389;0;7;0;0.0;1.0;4.0;4.0;A01
66979;201400044390;0;7;0;6.0;0.0;1.0;1.0;A01
66980;201400044391;0;7;0;7.0;0.0;1.0;16.0;A01
66981;201400044392;0;31;0;0.0;0.0;7.0;1.0;A01
66982;201400044394;0;33;0;1.0;0.0;5.0;1.0;A01
66983;201400044395;0;7;0;0.0;1.0;7.0;16.0;A01
66984;201400044396;0;7;0;0.0;2.0;1.0;2.0;A01
66985;201400044396;0;7;0;0.0;1.0;9.0;15.0;B01
66986;201400044397;0;33;0;0.0;2.0;1.0;1.0;B01
66987;201400044397;0;7;0;0.0;2.0;6.0;10.0;A01
66988;201400044398;0;7;0;0.0;2.0;4.0;4.0;A01
66989;201400044398;0;31;0;0.0;2.0;1.0;1.0;B01
66990;201400044399;0;32;0;0.0;2.0;8.0;2.0;B01
66991;201400044399;1;7;0;0.0;2.0;1.0;15.0;Z01
66992;201400044400;0;7;0;0.0;1.0;1.0;15.0;A01
66993;201400044401;0;1;0;0.0;0.0;0.0;0.0;A01
66994;201400044402;0;7;0;4.0;0.0;2.0;1.0;A01
66995;201400044403;0;7;0;0.0;0.0;2.0;1.0;A01
66996;201400044403;0;1;0;0.0;2.0;1.0;1.0;B01
66997;201400044404;1;14;0;0.0;2.0;4.0;0.0;C01
66998;201400044404;0;7;0;0.0;2.0;4.0;0.0;B01
66999;201400044404;1;7;0;0.0;2.0;1.0;1.0;Z01
67000;201400044405;0;34;0;14.0;0.0;0.0;2.0;A01
67001;201400044406;0;7;0;0.0;1.0;8.0;2.0;A01
67002;201400044407;0;7;0;0.0;1.0;2.0;0.0;A01
67003;201400044408;0;33;0;0.0;0.0;7.0;2.0;A01
67004;201400044409;0;34;0;0.0;1.0;1.0;3.0;A01
67005;201400044410;0;34;0;0.0;1.0;3.0;1.0;A01
67006;201400044411;0;7;0;0.0;1.0;3.0;0.0;A01
67007;201400044412;0;7;0;0.0;9.0;8.0;22.0;A01
67008;201400044412;0;1;0;1.0;0.0;1.0;1.0;B01
67009;201400044414;0;7;0;0.0;1.0;2.0;0.0;A01
67010;201400044415;0;2;0;0.0;0.0;7.0;0.0;A01
67011;201400044416;0;7;0;0.0;2.0;8.0;16.0;B01
67012;201400044416;0;33;0;0.0;2.0;7.0;16.0;A01
67013;201400044417;0;7;0;0.0;2.0;4.0;2.0;B01
67014;201400044417;0;7;0;0.0;2.0;1.0;2.0;C01
67015;201400044417;0;7;0;0.0;2.0;4.0;2.0;A01
67016;201400044418;0;7;0;1.0;0.0;4.0;1.0;A01
67017;201400044419;0;10;0;0.0;2.0;3.0;11.0;A01
67018;201400044419;0;33;0;4.0;2.0;2.0;1.0;B01
67019;201400044420;0;7;0;0.0;2.0;2.0;1.0;A01
67020;201400044420;0;7;0;0.0;2.0;3.0;14.0;B01
67021;201400044421;0;7;0;0.0;2.0;3.0;1.0;A01
67022;201400044421;0;1;0;0.0;2.0;7.0;1.0;B01
67023;201400044422;0;2;0;0.0;0.0;7.0;1.0;A01
67024;201400044423;1;30;0;0.0;1.0;1.0;1.0;Z01
67025;201400044424;0;7;0;0.0;2.0;1.0;1.0;B01
67026;201400044424;0;7;0;0.0;2.0;1.0;1.0;A01
67027;201400044425;0;7;0;0.0;1.0;7.0;16.0;A01
67028;201400044426;0;7;0;0.0;1.0;1.0;1.0;A01
67029;201400044427;0;2;0;0.0;2.0;1.0;3.0;B01
67030;201400044427;0;7;0;0.0;2.0;6.0;1.0;A01
67031;201400044428;0;7;0;0.0;2.0;1.0;16.0;A01
67032;201400044428;0;2;0;0.0;2.0;3.0;1.0;B01
67033;201400044429;0;1;0;0.0;2.0;1.0;1.0;B01
67034;201400044429;0;10;0;0.0;2.0;3.0;1.0;A01
67035;201400044431;0;31;0;4.0;0.0;1.0;1.0;A01
67036;201400044433;0;33;0;3.0;0.0;1.0;1.0;A01
67037;201400044434;0;7;0;0.0;2.0;3.0;5.0;B01
67038;201400044434;0;33;0;0.0;2.0;1.0;1.0;A01
67039;201400044435;1;7;0;0.0;1.0;1.0;1.0;Z01
67040;201400044437;0;2;0;0.0;2.0;1.0;1.0;B01
67041;201400044437;0;15;0;0.0;2.0;2.0;15.0;A01
67042;201400044440;1;30;0;0.0;1.0;1.0;5.0;A01
67043;201400044441;0;7;0;0.0;2.0;2.0;10.0;A01
67044;201400044441;0;32;0;0.0;2.0;3.0;1.0;B01
67045;201400044442;0;2;0;0.0;0.0;9.0;15.0;A01
67046;201400044443;0;32;0;0.0;2.0;1.0;17.0;B01
67047;201400044443;0;7;0;0.0;2.0;3.0;9.0;A01
67048;201400044444;0;7;0;0.0;1.0;1.0;1.0;A01
67049;201400044445;0;34;0;0.0;2.0;1.0;1.0;A01
67050;201400044445;0;7;0;0.0;2.0;1.0;15.0;B01
67051;201400044446;0;7;0;0.0;2.0;2.0;1.0;A01
67052;201400044446;0;32;0;0.0;2.0;1.0;1.0;B01
67053;201400044448;0;7;0;12.0;0.0;2.0;1.0;A01
67054;201400044450;0;1;0;0.0;2.0;3.0;1.0;B01
67055;201400044450;0;7;0;0.0;2.0;2.0;15.0;A01
67056;201400044451;0;7;0;0.0;2.0;4.0;1.0;B01
67057;201400044451;0;7;0;0.0;2.0;1.0;2.0;A01
67058;201400044452;0;10;0;0.0;2.0;2.0;10.0;A01
67059;201400044452;0;32;0;0.0;2.0;2.0;1.0;B01
67060;201400044453;0;7;0;0.0;2.0;4.0;1.0;B01
67061;201400044453;0;7;0;0.0;2.0;1.0;1.0;A01
67062;201400044454;1;1;0;0.0;1.0;1.0;1.0;Z01
67063;201400044455;0;7;0;0.0;1.0;1.0;1.0;A01
67064;201400044456;0;2;0;0.0;2.0;8.0;1.0;B01
67065;201400044456;0;7;0;0.0;2.0;3.0;15.0;A01
67066;201400044457;0;1;0;0.0;1.0;1.0;1.0;A01
67067;201400044458;0;7;0;0.0;1.0;5.0;4.0;A01
67068;201400044459;0;33;0;0.0;0.0;8.0;2.0;A01
67069;201400044460;0;32;0;0.0;2.0;2.0;3.0;A01
67070;201400044460;0;7;0;0.0;2.0;3.0;13.0;B01
67071;201400044461;0;1;0;0.0;2.0;7.0;16.0;B01
67072;201400044461;0;2;0;0.0;2.0;1.0;7.0;A01
67073;201400044462;0;7;0;0.0;1.0;3.0;2.0;A01
67074;201400044463;0;7;0;0.0;2.0;2.0;5.0;A01
67075;201400044463;0;7;0;0.0;2.0;3.0;10.0;B01
67076;201400044464;0;1;0;0.0;2.0;1.0;1.0;B01
67077;201400044464;0;10;0;0.0;2.0;1.0;1.0;A01
67078;201400044465;0;7;0;0.0;2.0;1.0;2.0;A01
67079;201400044465;0;10;0;9.0;2.0;4.0;23.0;B01
67080;201400044466;0;7;0;0.0;1.0;2.0;1.0;A01
67081;201400044467;0;7;0;2.0;0.0;3.0;1.0;A01
67082;201400044469;0;7;0;0.0;2.0;2.0;15.0;A01
67083;201400044469;0;34;0;0.0;2.0;1.0;1.0;B01
67084;201400044470;0;7;0;0.0;2.0;1.0;5.0;A01
67085;201400044470;0;32;0;0.0;2.0;1.0;1.0;B01
67086;201400044471;0;7;0;0.0;2.0;5.0;15.0;B01
67087;201400044471;0;99;0;0.0;2.0;1.0;5.0;A01
67088;201400044472;0;7;0;0.0;2.0;8.0;15.0;B01
67089;201400044472;0;33;0;0.0;2.0;1.0;3.0;A01
67090;201400044474;0;37;20;0.0;1.0;2.0;1.0;A01
67091;201400044475;0;30;0;1.0;0.0;2.0;1.0;A01
67092;201400044476;0;37;15;0.0;2.0;3.0;2.0;B01
67093;201400044476;0;7;0;0.0;2.0;2.0;1.0;A01
67094;201400044477;0;7;0;0.0;2.0;1.0;2.0;A01
67095;201400044477;0;3;0;0.0;2.0;4.0;1.0;B01
67096;201400044478;0;1;0;0.0;2.0;2.0;19.0;B01
67097;201400044478;0;7;0;0.0;2.0;3.0;1.0;A01
67098;201400044479;1;7;0;0.0;1.0;1.0;1.0;Z01
67099;201400044480;0;7;0;0.0;1.0;3.0;1.0;A01
67100;201400044481;0;34;0;4.0;0.0;8.0;21.0;A01
67101;201400044483;0;7;0;0.0;1.0;2.0;16.0;A01
67102;201400044484;0;7;0;0.0;2.0;2.0;15.0;B01
67103;201400044484;0;31;0;0.0;2.0;1.0;1.0;A01
67104;201400044485;0;7;0;15.0;1.0;1.0;1.0;A01
67105;201400044486;1;30;0;0.0;1.0;1.0;5.0;Z01
67106;201400044487;1;7;0;0.0;1.0;2.0;4.0;Z01
67107;201400044488;0;33;0;0.0;2.0;7.0;13.0;B01
67108;201400044488;0;7;0;0.0;2.0;8.0;13.0;A01
67109;201400044489;0;34;0;0.0;2.0;3.0;15.0;A01
67110;201400044489;0;7;0;0.0;2.0;3.0;15.0;B01
67111;201400044490;0;7;0;0.0;2.0;2.0;1.0;A01
67112;201400044490;0;31;0;0.0;2.0;1.0;1.0;B01
67113;201400044491;0;7;0;0.0;2.0;2.0;1.0;A01
67114;201400044491;0;33;0;0.0;2.0;1.0;15.0;B01
67115;201400044492;0;7;0;0.0;2.0;7.0;1.0;A01
67116;201400044492;0;30;0;0.0;2.0;8.0;3.0;B01
67117;201400044493;0;33;0;0.0;2.0;1.0;1.0;B01
67118;201400044493;0;7;0;0.0;2.0;1.0;15.0;A01
67119;201400044494;0;32;0;0.0;1.0;1.0;21.0;A01
67120;201400044495;0;31;0;0.0;2.0;8.0;2.0;B01
67121;201400044495;0;7;0;0.0;2.0;5.0;12.0;A01
67122;201400044496;1;7;0;0.0;1.0;4.0;4.0;Z01
67123;201400044497;0;7;0;0.0;2.0;4.0;20.0;B01
67124;201400044497;0;1;0;0.0;2.0;1.0;2.0;A01
67125;201400044498;0;7;0;0.0;2.0;5.0;16.0;A01
67126;201400044498;0;1;0;0.0;2.0;1.0;2.0;B01
67127;201400044499;0;2;0;0.0;2.0;1.0;2.0;B01
67128;201400044499;0;7;0;0.0;2.0;1.0;15.0;A01
67129;201400044500;0;7;0;0.0;2.0;6.0;1.0;A01
67130;201400044500;0;32;0;0.0;2.0;2.0;2.0;B01
67131;201400044501;0;33;0;0.0;2.0;2.0;1.0;A01
67132;201400044501;1;7;0;0.0;2.0;3.0;9.0;Z01
67133;201400044502;0;30;0;0.0;2.0;7.0;2.0;A01
67134;201400044502;0;7;0;0.0;2.0;8.0;1.0;B01
67135;201400044503;0;7;0;0.0;1.0;1.0;20.0;A01
67136;201400044504;0;33;0;0.0;1.0;3.0;1.0;A01
67137;201400044505;0;7;0;0.0;2.0;1.0;20.0;A01
67138;201400044505;0;33;0;0.0;2.0;1.0;1.0;B01
67139;201400044506;0;7;0;0.0;2.0;7.0;16.0;A01
67140;201400044506;0;32;0;0.0;2.0;1.0;1.0;B01
67141;201400044507;0;7;0;0.0;2.0;1.0;1.0;A01
67142;201400044507;0;7;0;0.0;2.0;4.0;1.0;B01
67143;201400044508;0;2;0;0.0;2.0;1.0;1.0;B01
67144;201400044508;0;7;0;0.0;2.0;2.0;1.0;A01
67145;201400044509;0;31;0;0.0;2.0;4.0;2.0;B01
67146;201400044509;0;10;0;0.0;2.0;1.0;2.0;A01
67147;201400044512;0;10;0;0.0;1.0;1.0;1.0;A01
67148;201400044513;0;7;0;0.0;1.0;2.0;1.0;A01
67149;201400044514;0;33;0;0.0;0.0;8.0;1.0;A01
67150;201400044514;0;10;0;0.0;0.0;0.0;20.0;B01
67151;201400044515;1;7;0;0.0;1.0;1.0;1.0;Z01
67152;201400044516;0;7;0;0.0;2.0;1.0;15.0;A01
67153;201400044516;0;32;0;0.0;2.0;3.0;1.0;B01
67154;201400044517;0;7;0;0.0;2.0;7.0;1.0;B01
67155;201400044517;0;2;0;0.0;2.0;1.0;1.0;A01
67156;201400044518;0;32;0;0.0;2.0;7.0;1.0;B01
67157;201400044518;0;7;0;0.0;2.0;8.0;20.0;A01
67158;201400044519;0;15;0;0.0;1.0;3.0;1.0;A01
67159;201400044520;0;34;0;0.0;2.0;2.0;11.0;B01
67160;201400044520;0;7;0;0.0;2.0;3.0;11.0;A01
67161;201400044521;0;7;0;0.0;2.0;6.0;24.0;B01
67162;201400044521;0;7;0;1.0;2.0;1.0;1.0;A01
67163;201400044522;0;7;0;12.0;0.0;1.0;1.0;A01
67164;201400044523;0;7;0;0.0;2.0;1.0;16.0;A01