;Num_Acc;senc;catv;occutc;obs;obsm;choc;manv;num_veh
67165;201400044523;0;33;0;0.0;2.0;8.0;1.0;B01
67166;201400044524;0;7;0;0.0;2.0;2.0;9.0;B01
67167;201400044524;0;1;0;0.0;2.0;1.0;5.0;A01
67168;201400044525;0;7;0;0.0;2.0;3.0;2.0;A01
67169;201400044525;0;30;0;0.0;2.0;1.0;1.0;B01
67170;201400044526;0;7;0;0.0;2.0;9.0;23.0;B01
67171;201400044526;0;30;0;0.0;2.0;4.0;23.0;C01
67172;201400044526;0;7;0;0.0;2.0;1.0;2.0;A01
67173;201400044527;0;31;0;0.0;2.0;1.0;1.0;A01
67174;201400044527;0;7;0;0.0;2.0;3.0;1.0;B01
67175;201400044528;0;1;0;0.0;1.0;1.0;1.0;A01
67176;201400044529;0;1;0;0.0;2.0;1.0;1.0;A01
67177;201400044529;0;7;0;0.0;2.0;1.0;1.0;B01
67178;201400044530;1;7;0;0.0;2.0;1.0;1.0;Z01
67179;201400044530;0;32;0;0.0;2.0;1.0;16.0;B01
67180;201400044531;0;7;0;1.0;0.0;1.0;1.0;A01
67181;201400044532;0;7;0;0.0;2.0;7.0;1.0;B01
67182;201400044532;0;30;0;0.0;2.0;1.0;1.0;A01
67183;201400044533;0;2;0;14.0;0.0;2.0;1.0;A01
67184;201400044534;0;7;0;0.0;1.0;1.0;1.0;A01
67185;201400044535;0;33;0;0.0;2.0;8.0;16.0;B01
67186;201400044535;0;7;0;0.0;2.0;2.0;16.0;A01
67187;201400044536;0;7;0;1.0;0.0;1.0;1.0;A01
67188;201400044537;0;7;0;0.0;2.0;3.0;9.0;A01
67189;201400044537;0;30;0;0.0;2.0;7.0;2.0;B01
67190;201400044538;0;7;0;0.0;2.0;4.0;23.0;A01
67191;201400044538;0;7;0;1.0;2.0;1.0;2.0;B01
67192;201400044539;0;31;0;0.0;2.0;3.0;3.0;A01
67193;201400044539;0;7;0;0.0;2.0;3.0;14.0;B01
67194;201400044540;0;7;0;0.0;2.0;6.0;2.0;A01
67195;201400044540;0;32;0;0.0;2.0;2.0;7.0;B01
67196;201400044541;0;7;0;0.0;2.0;3.0;2.0;A01
67197;201400044541;0;7;0;15.0;2.0;7.0;2.0;B01
67198;201400044542;1;7;0;0.0;1.0;7.0;1.0;Z01
67199;201400044543;0;32;0;0.0;2.0;3.0;1.0;B01
67200;201400044543;0;7;0;0.0;2.0;1.0;15.0;A01
67201;201400044544;0;7;0;0.0;1.0;2.0;1.0;A01
67202;201400044545;2;7;0;0.0;2.0;3.0;10.0;Z01
67203;201400044545;0;32;0;0.0;2.0;1.0;2.0;B01
67204;201400044546;0;32;0;0.0;2.0;0.0;21.0;B01
67205;201400044546;0;34;0;0.0;0.0;0.0;9.0;A01
67206;201400044547;0;7;0;8.0;0.0;1.0;2.0;A01
67207;201400044548;0;7;0;0.0;2.0;1.0;2.0;A01
67208;201400044548;0;7;0;0.0;2.0;4.0;2.0;B01
67209;201400044550;0;7;0;0.0;1.0;4.0;4.0;A01
67210;201400044551;0;1;0;0.0;0.0;8.0;0.0;B01
67211;201400044551;0;2;0;0.0;2.0;1.0;15.0;A01
67212;201400044552;0;30;0;0.0;1.0;1.0;5.0;A01
67213;201400044553;2;30;0;0.0;1.0;7.0;1.0;Z01
67214;201400044554;0;14;0;0.0;0.0;6.0;5.0;B01
67215;201400044554;0;32;0;0.0;0.0;0.0;19.0;A01
67216;201400044555;0;7;0;0.0;1.0;2.0;9.0;A01
67217;201400044556;0;33;0;0.0;2.0;1.0;1.0;B01
67218;201400044556;0;7;0;0.0;2.0;3.0;9.0;A01
67219;201400044557;0;31;0;0.0;2.0;1.0;2.0;A01
67220;201400044557;0;7;0;0.0;2.0;3.0;2.0;B01
67221;201400044561;0;7;0;0.0;2.0;5.0;10.0;A01
67222;201400044561;0;33;0;0.0;2.0;1.0;2.0;B01
67223;201400044563;0;7;0;0.0;2.0;8.0;20.0;A01
67224;201400044563;2;33;0;0.0;2.0;1.0;21.0;B01
67225;201400044564;0;7;0;0.0;2.0;3.0;1.0;B01
67226;201400044564;0;32;0;0.0;2.0;1.0;1.0;A01
67227;201400044565;1;30;0;0.0;1.0;1.0;2.0;Z01
67228;201400044566;0;7;0;0.0;2.0;1.0;15.0;A01
67229;201400044566;0;34;0;0.0;2.0;1.0;0.0;B01
67230;201400044567;0;7;0;0.0;1.0;4.0;4.0;A01
67231;201400044568;0;30;0;0.0;1.0;7.0;0.0;A01
67232;201400044569;0;1;0;0.0;2.0;1.0;2.0;B01
67233;201400044569;0;7;0;0.0;2.0;3.0;2.0;A01
67234;201400044570;0;34;0;0.0;2.0;2.0;1.0;B01
67235;201400044570;0;7;0;0.0;2.0;5.0;1.0;A01
67236;201400044571;0;7;0;0.0;1.0;2.0;16.0;A01
67237;201400044572;0;33;0;0.0;1.0;2.0;0.0;A01
67238;201400044573;0;7;0;0.0;2.0;3.0;20.0;A01
67239;201400044573;0;7;0;0.0;2.0;2.0;2.0;B01
67240;201400044574;0;7;0;0.0;2.0;1.0;23.0;A01
67241;201400044574;0;7;0;0.0;2.0;4.0;2.0;B01
67242;201400044575;0;7;0;0.0;1.0;1.0;13.0;A01
67243;201400044576;0;7;0;0.0;1.0;1.0;1.0;A01
67244;201400044579;0;7;0;0.0;2.0;5.0;16.0;A01
67245;201400044579;0;31;0;0.0;2.0;1.0;1.0;B01
67246;201400044580;0;32;0;0.0;2.0;1.0;17.0;A01
67247;201400044580;0;7;0;0.0;2.0;8.0;15.0;B01
67248;201400044581;0;7;0;0.0;2.0;1.0;16.0;B01
67249;201400044581;0;7;0;0.0;2.0;3.0;1.0;A01
67250;201400044582;0;14;0;0.0;1.0;3.0;1.0;A01
67251;201400044583;0;7;0;0.0;2.0;3.0;1.0;B01
67252;201400044583;0;30;0;0.0;2.0;1.0;0.0;A01
67253;201400044584;0;30;0;0.0;2.0;1.0;1.0;B01
67254;201400044584;0;99;0;0.0;2.0;2.0;15.0;A01
67255;201400044585;0;7;0;0.0;0.0;2.0;0.0;A01
67256;201400044585;0;34;0;0.0;0.0;3.0;0.0;B01
67257;201400044587;0;7;0;0.0;1.0;2.0;1.0;A01
67258;201400044589;0;10;0;0.0;0.0;6.0;15.0;A01
67259;201400044589;0;32;0;0.0;0.0;1.0;2.0;B01
67260;201400044590;0;7;0;0.0;2.0;1.0;1.0;B01
67261;201400044590;0;7;0;0.0;2.0;1.0;13.0;A01
67262;201400044591;1;7;0;0.0;0.0;7.0;15.0;Z01
67263;201400044591;0;33;0;0.0;0.0;7.0;1.0;B01
67264;201400044592;0;7;0;6.0;0.0;1.0;1.0;A01
67265;201400044593;1;7;0;0.0;2.0;1.0;2.0;Z01
67266;201400044593;0;7;0;0.0;0.0;4.0;2.0;B01
67267;201400044594;0;7;0;0.0;2.0;8.0;0.0;A01
67268;201400044594;0;34;0;0.0;2.0;9.0;1.0;B01
67269;201400044595;0;7;0;0.0;1.0;1.0;1.0;A01
67270;201400044596;0;7;0;0.0;0.0;8.0;11.0;A01
67271;201400044596;0;33;0;0.0;2.0;1.0;1.0;B01
67272;201400044597;0;34;0;0.0;2.0;0.0;21.0;A01
67273;201400044597;0;7;0;0.0;2.0;1.0;9.0;B01
67274;201400044598;0;33;0;0.0;1.0;1.0;1.0;A01
67275;201400044599;0;7;0;0.0;2.0;2.0;17.0;A01
67276;201400044599;0;7;0;0.0;2.0;6.0;10.0;B01
67277;201400044600;0;10;0;0.0;2.0;1.0;2.0;A01
67278;201400044600;0;7;0;0.0;2.0;4.0;2.0;B01
67279;201400044601;0;7;0;0.0;1.0;1.0;1.0;A01
67280;201400044602;0;31;0;0.0;2.0;8.0;1.0;B01
67281;201400044602;0;7;0;0.0;2.0;1.0;17.0;A01
67282;201400044603;0;7;0;0.0;2.0;1.0;2.0;B01
67283;201400044603;0;7;0;0.0;2.0;8.0;15.0;A01
67284;201400044604;0;7;0;0.0;1.0;1.0;15.0;A01
67285;201400044605;0;7;0;0.0;2.0;3.0;1.0;A01
67286;201400044605;0;7;0;0.0;2.0;7.0;1.0;B01
67287;201400044606;0;7;0;4.0;0.0;3.0;1.0;A01
67288;201400044607;0;7;0;6.0;0.0;2.0;1.0;A01
67289;201400044609;0;10;0;0.0;2.0;1.0;23.0;B01
67290;201400044609;1;14;0;0.0;2.0;4.0;4.0;A01
67291;201400044610;0;7;0;0.0;2.0;8.0;1.0;B01
67292;201400044610;0;7;0;0.0;2.0;1.0;15.0;A01
67293;201400044611;0;7;0;0.0;2.0;4.0;23.0;B01
67294;201400044611;1;7;0;0.0;2.0;1.0;2.0;Z01
67295;201400044612;0;7;0;0.0;1.0;1.0;1.0;A01
67296;201400044613;0;7;0;0.0;2.0;6.0;2.0;B01
67297;201400044613;0;7;0;0.0;2.0;1.0;21.0;A01
67298;201400044614;0;10;0;0.0;2.0;1.0;15.0;A01
67299;201400044614;0;10;0;0.0;2.0;6.0;2.0;B01
67300;201400044615;0;7;0;0.0;2.0;1.0;2.0;A01
67301;201400044615;0;7;0;0.0;2.0;4.0;21.0;B01
67302;201400044616;0;7;0;0.0;1.0;3.0;15.0;A01
67303;201400044617;0;1;0;0.0;2.0;7.0;1.0;B01
67304;201400044617;0;7;0;0.0;2.0;1.0;1.0;A01
67305;201400044618;0;7;0;0.0;1.0;1.0;15.0;A01
67306;201400044619;0;7;0;0.0;2.0;1.0;5.0;A01
67307;201400044619;0;1;0;0.0;2.0;7.0;19.0;B01
67308;201400044621;0;7;0;15.0;0.0;1.0;1.0;A01
67309;201400044623;0;30;0;0.0;2.0;8.0;18.0;A01
67310;201400044623;0;7;0;0.0;2.0;7.0;16.0;B01
67311;201400044625;0;7;0;0.0;2.0;2.0;1.0;B01
67312;201400044625;0;7;0;0.0;2.0;1.0;9.0;A01
67313;201400044626;0;37;10;0.0;2.0;2.0;15.0;B01
67314;201400044626;1;7;0;0.0;2.0;1.0;1.0;A01
67315;201400044627;0;7;0;0.0;2.0;4.0;4.0;A01
67316;201400044627;0;7;0;0.0;2.0;1.0;23.0;B01
67317;201400044628;0;33;0;14.0;0.0;8.0;1.0;A01
67318;201400044629;0;7;0;0.0;2.0;6.0;9.0;B01
67319;201400044629;0;31;0;0.0;2.0;6.0;1.0;A01
67320;201400044630;0;7;0;9.0;0.0;1.0;1.0;A01
67321;201400044631;0;34;0;0.0;0.0;8.0;1.0;A01
67322;201400044632;0;7;0;0.0;1.0;2.0;15.0;A01
67323;201400044633;0;7;0;1.0;0.0;1.0;1.0;A01
67324;201400044634;0;7;0;0.0;1.0;2.0;16.0;A01
67325;201400044635;1;7;0;0.0;1.0;1.0;1.0;Z01
67326;201400044636;0;7;0;0.0;2.0;1.0;9.0;A01
67327;201400044636;0;1;0;0.0;2.0;7.0;1.0;B01
67328;201400044638;0;10;0;1.0;0.0;1.0;13.0;A01
67329;201400044639;0;31;0;14.0;2.0;1.0;17.0;A01
67330;201400044639;0;7;0;0.0;2.0;6.0;1.0;B01
67331;201400044640;0;7;0;4.0;0.0;9.0;13.0;B01
67332;201400044640;0;7;0;0.0;0.0;0.0;13.0;A01
67333;201400044640;1;15;0;0.0;0.0;0.0;11.0;Z01
67334;201400044641;0;7;0;0.0;2.0;3.0;20.0;A01
67335;201400044641;0;32;0;0.0;2.0;7.0;1.0;B01
67336;201400044642;0;7;0;0.0;2.0;8.0;1.0;B01
67337;201400044642;0;10;0;0.0;2.0;1.0;16.0;A01
67338;201400044643;0;10;0;0.0;2.0;5.0;1.0;B01
67339;201400044643;0;1;0;0.0;2.0;1.0;2.0;A01
67340;201400044644;0;7;0;10.0;0.0;3.0;1.0;A01
67341;201400044645;0;7;0;0.0;2.0;3.0;18.0;B01
67342;201400044645;0;7;0;0.0;2.0;5.0;12.0;A01
67343;201400044646;0;33;0;0.0;1.0;1.0;1.0;A01
67344;201400044647;0;33;0;0.0;2.0;8.0;15.0;B01
67345;201400044647;0;34;0;0.0;2.0;1.0;17.0;A01
67346;201400044648;0;7;0;0.0;1.0;1.0;1.0;A01
67347;201400044649;0;7;0;1.0;2.0;2.0;17.0;A01
67348;201400044649;0;7;0;0.0;2.0;6.0;1.0;B01
67349;201400044650;0;2;0;0.0;2.0;6.0;11.0;A01
67350;201400044650;0;7;0;0.0;2.0;2.0;2.0;B01
67351;201400044651;0;10;0;0.0;1.0;3.0;15.0;A01
67352;201400044652;0;30;0;0.0;2.0;1.0;5.0;A01
67353;201400044652;0;15;0;0.0;2.0;3.0;1.0;B01
67354;201400044653;1;7;0;0.0;1.0;1.0;1.0;A01
67355;201400044655;0;3;0;0.0;1.0;2.0;2.0;A01
67356;201400044656;0;7;0;0.0;2.0;4.0;1.0;B01
67357;201400044656;0;7;0;0.0;2.0;1.0;2.0;A01
67358;201400044657;2;7;0;0.0;1.0;3.0;1.0;A01
67359;201400044658;0;7;0;0.0;2.0;3.0;9.0;A01
67360;201400044658;0;1;0;0.0;2.0;4.0;15.0;B01
67361;201400044660;0;7;0;0.0;2.0;8.0;16.0;B01
67362;201400044660;0;1;0;0.0;2.0;1.0;1.0;A01
67363;201400044661;0;7;0;0.0;2.0;1.0;1.0;A01
67364;201400044661;0;7;0;0.0;2.0;2.0;1.0;B01
67365;201400044662;0;7;0;0.0;2.0;7.0;1.0;B01
67366;201400044662;0;7;0;0.0;2.0;1.0;1.0;A01
67367;201400044663;0;10;0;0.0;2.0;1.0;2.0;A01
67368;201400044663;0;7;0;0.0;2.0;4.0;1.0;B01
67369;201400044664;0;1;0;0.0;2.0;1.0;1.0;B01
67370;201400044664;0;7;0;0.0;2.0;3.0;15.0;A01
67371;201400044665;0;7;0;0.0;2.0;7.0;15.0;A01
67372;201400044665;0;30;0;0.0;2.0;1.0;2.0;B01
67373;201400044666;0;33;0;0.0;0.0;1.0;1.0;A01
67374;201400044667;0;7;0;0.0;2.0;3.0;10.0;A01
67375;201400044667;0;37;1;0.0;2.0;2.0;1.0;B01
67376;201400044668;0;7;0;0.0;2.0;1.0;2.0;A01
67377;201400044668;0;1;0;0.0;2.0;4.0;2.0;B01
67378;201400044669;0;32;0;0.0;2.0;1.0;1.0;A01
67379;201400044669;0;7;0;0.0;2.0;3.0;9.0;B01
67380;201400044670;0;7;0;0.0;2.0;7.0;1.0;B01
67381;201400044670;0;7;0;0.0;2.0;1.0;1.0;A01
67382;201400044671;0;7;0;0.0;2.0;1.0;1.0;A01
67383;201400044671;0;10;0;0.0;2.0;7.0;1.0;B01
67384;201400044673;0;7;0;0.0;2.0;1.0;10.0;A01
67385;201400044673;0;33;0;0.0;2.0;8.0;1.0;B01
67386;201400044674;0;7;0;0.0;2.0;1.0;2.0;A01
67387;201400044674;0;7;0;0.0;2.0;4.0;1.0;B01
67388;201400044675;0;17;0;0.0;2.0;2.0;1.0;B01
67389;201400044675;0;7;0;0.0;2.0;8.0;9.0;A01
67390;201400044676;0;7;0;0.0;1.0;2.0;1.0;A01
67391;201400044677;0;10;0;0.0;2.0;3.0;15.0;A01
67392;201400044677;0;2;0;0.0;2.0;7.0;1.0;B01
67393;201400044678;0;7;0;0.0;2.0;3.0;1.0;B01
67394;201400044678;0;7;0;0.0;2.0;2.0;1.0;A01
67395;201400044679;0;7;0;0.0;1.0;1.0;1.0;A01
67396;201400044680;0;7;0;0.0;2.0;1.0;2.0;A01
67397;201400044680;0;7;0;0.0;2.0;4.0;2.0;B01
67398;201400044681;0;7;0;0.0;2.0;1.0;13.0;A01
67399;201400044681;0;7;0;0.0;2.0;1.0;1.0;B01
67400;201400044682;0;30;0;0.0;2.0;7.0;17.0;A01
67401;201400044682;0;7;0;0.0;2.0;3.0;15.0;B01
67402;201400044683;0;7;0;0.0;2.0;4.0;23.0;B01
67403;201400044683;0;7;0;0.0;2.0;1.0;2.0;A01
67404;201400044684;0;33;0;0.0;2.0;1.0;1.0;A01
67405;201400044684;0;7;0;0.0;2.0;6.0;9.0;B01
67406;201400044685;0;7;0;0.0;2.0;3.0;9.0;A01
67407;201400044685;0;2;0;0.0;2.0;1.0;3.0;B01
67408;201400044686;0;7;0;0.0;1.0;1.0;1.0;A01
67409;201400044687;0;7;0;0.0;2.0;4.0;23.0;B01
67410;201400044687;0;7;0;0.0;2.0;1.0;2.0;A01
67411;201400044688;0;14;0;0.0;2.0;2.0;12.0;A01
67412;201400044688;0;7;0;0.0;2.0;3.0;1.0;B01
67413;201400044689;0;7;0;9.0;0.0;1.0;16.0;A01
67414;201400044690;1;32;0;0.0;1.0;2.0;13.0;A01
67415;201400044691;0;37;40;0.0;2.0;1.0;1.0;B01
67416;201400044691;0;7;0;0.0;2.0;8.0;9.0;A01
67417;201400044692;0;34;0;0.0;0.0;8.0;16.0;A01
67418;201400044693;0;7;0;0.0;2.0;1.0;1.0;B01
67419;201400044693;0;7;0;0.0;2.0;8.0;1.0;A01
67420;201400044694;0;7;0;0.0;2.0;6.0;5.0;C01
67421;201400044694;0;7;0;0.0;2.0;6.0;5.0;B01
67422;201400044694;0;7;0;15.0;2.0;1.0;1.0;A01
67423;201400044695;0;7;0;0.0;1.0;3.0;1.0;A01
67424;201400044696;0;7;0;0.0;1.0;3.0;1.0;A01
67425;201400044697;0;32;0;0.0;2.0;8.0;1.0;A01
67426;201400044697;0;7;0;0.0;2.0;2.0;20.0;B01
67427;201400044698;0;10;0;0.0;2.0;8.0;1.0;B01
67428;201400044698;0;38;3;0.0;2.0;1.0;6.0;A01
67429;201400044699;0;10;0;4.0;0.0;1.0;13.0;A01
67430;201400044701;0;7;0;0.0;2.0;1.0;2.0;A01
67431;201400044701;0;1;0;0.0;2.0;4.0;1.0;B01
67432;201400044702;0;33;0;0.0;2.0;1.0;1.0;A01
67433;201400044702;0;10;0;0.0;2.0;3.0;15.0;B01
67434;201400044703;0;7;0;9.0;2.0;8.0;17.0;A01
67435;201400044703;0;7;0;0.0;2.0;1.0;9.0;B01
67436;201400044704;0;7;0;0.0;2.0;8.0;11.0;A01
67437;201400044704;0;33;0;0.0;2.0;1.0;3.0;B01
67438;201400044705;0;7;0;0.0;2.0;9.0;1.0;B01
67439;201400044705;0;7;0;0.0;2.0;9.0;9.0;A01
67440;201400044705;0;7;0;0.0;2.0;1.0;1.0;C01
67441;201400044706;0;7;0;12.0;0.0;1.0;1.0;A01
67442;201400044707;0;7;0;0.0;1.0;1.0;1.0;A01
67443;201400044709;0;7;0;0.0;2.0;4.0;1.0;B01
67444;201400044709;0;7;0;0.0;2.0;1.0;1.0;A01
67445;201400044710;0;33;0;0.0;0.0;8.0;1.0;A01
67446;201400044711;0;2;0;0.0;2.0;1.0;9.0;A01
67447;201400044711;0;7;0;0.0;2.0;2.0;2.0;B01
67448;201400044712;0;7;0;0.0;2.0;8.0;2.0;B01
67449;201400044712;0;2;0;0.0;2.0;1.0;17.0;A01
67450;201400044713;0;7;0;0.0;2.0;1.0;1.0;B01
67451;201400044713;0;7;0;0.0;2.0;1.0;9.0;A01
67452;201400044714;0;10;0;0.0;2.0;1.0;9.0;A01
67453;201400044714;0;10;0;0.0;2.0;7.0;2.0;B01
67454;201400044715;0;10;0;0.0;2.0;7.0;1.0;A01
67455;201400044715;0;7;0;0.0;2.0;1.0;1.0;B01
67456;201400044716;0;7;0;0.0;2.0;1.0;1.0;A01
67457;201400044716;0;2;0;0.0;2.0;7.0;19.0;B01
67458;201400044717;0;7;0;0.0;2.0;1.0;2.0;A01
67459;201400044717;0;7;0;0.0;2.0;4.0;1.0;B01
67460;201400044718;0;7;0;0.0;2.0;1.0;2.0;B01
67461;201400044718;0;1;0;0.0;2.0;7.0;2.0;A01
67462;201400044719;0;37;10;0.0;0.0;0.0;21.0;B01
67463;201400044719;0;7;0;2.0;0.0;1.0;1.0;A01
67464;201400044720;1;7;0;0.0;2.0;1.0;1.0;A01
67465;201400044720;0;34;0;12.0;2.0;8.0;1.0;B01
67466;201400044721;0;10;0;0.0;2.0;1.0;15.0;A01
67467;201400044721;0;33;0;0.0;2.0;1.0;1.0;B01
67468;201400044722;0;7;0;4.0;0.0;1.0;1.0;A01
67469;201400044723;0;7;0;0.0;2.0;3.0;16.0;B01
67470;201400044723;0;33;0;0.0;2.0;1.0;2.0;A01
67471;201400044724;0;37;2;0.0;2.0;8.0;9.0;A01
67472;201400044724;0;1;0;0.0;2.0;6.0;1.0;B01
67473;201400044725;0;7;0;0.0;2.0;3.0;9.0;A01
67474;201400044725;0;33;0;0.0;2.0;7.0;1.0;B01
67475;201400044726;0;7;0;9.0;0.0;1.0;1.0;A01
67476;201400044727;0;7;0;13.0;0.0;1.0;1.0;A01
67477;201400044728;0;7;0;0.0;1.0;2.0;1.0;A01
67478;201400044729;0;7;0;0.0;1.0;2.0;2.0;A01
67479;201400044730;0;7;0;0.0;2.0;4.0;2.0;C01
67480;201400044730;0;7;0;0.0;2.0;4.0;2.0;B01
67481;201400044730;2;7;0;0.0;2.0;1.0;2.0;A01
67482;201400044731;0;7;0;0.0;2.0;6.0;2.0;B01
67483;201400044731;0;2;0;0.0;2.0;1.0;2.0;A01
67484;201400044732;0;34;0;0.0;2.0;4.0;23.0;B01
67485;201400044732;0;7;0;0.0;2.0;1.0;2.0;A01
67486;201400044733;0;7;0;0.0;2.0;2.0;15.0;A01
67487;201400044733;1;7;0;0.0;2.0;8.0;1.0;B01
67488;201400044734;0;33;0;0.0;0.0;7.0;1.0;B01
67489;201400044734;1;7;0;0.0;0.0;0.0;17.0;A01
67490;201400044735;0;7;0;0.0;2.0;7.0;1.0;A01
67491;201400044735;0;7;0;0.0;2.0;1.0;1.0;B01
67492;201400044736;0;40;0;0.0;1.0;1.0;2.0;A01
67493;201400044737;0;7;0;10.0;0.0;1.0;1.0;A01
67494;201400044738;0;10;0;0.0;2.0;3.0;11.0;A01
67495;201400044738;0;2;0;0.0;2.0;2.0;1.0;B01
67496;201400044739;0;33;0;0.0;2.0;8.0;1.0;B01
67497;201400044739;1;7;0;0.0;2.0;7.0;12.0;A01
67498;201400044740;0;2;0;1.0;0.0;7.0;1.0;A01
67499;201400044741;0;10;0;0.0;2.0;8.0;23.0;B01
67500;201400044741;0;33;0;12.0;2.0;3.0;2.0;A01
67501;201400044742;0;7;0;0.0;2.0;2.0;1.0;A01
67502;201400044742;0;32;0;0.0;2.0;5.0;1.0;B01
67503;201400044743;0;37;2;0.0;2.0;6.0;1.0;B01
67504;201400044743;0;1;0;0.0;2.0;1.0;1.0;A01
67505;201400044746;0;14;0;0.0;2.0;2.0;15.0;A01
67506;201400044746;0;2;0;0.0;2.0;8.0;1.0;B01
67507;201400044747;0;7;0;11.0;0.0;3.0;1.0;A01
67508;201400044748;0;7;0;0.0;2.0;4.0;16.0;C01
67509;201400044748;0;7;0;0.0;2.0;6.0;13.0;B01
67510;201400044748;0;10;0;0.0;2.0;2.0;2.0;A01
67511;201400044749;0;1;0;1.0;2.0;4.0;11.0;A01
67512;201400044749;0;7;0;0.0;2.0;7.0;11.0;B01
67513;201400044750;0;2;0;0.0;1.0;3.0;1.0;A01
67514;201400044751;0;7;0;0.0;1.0;2.0;1.0;A01
67515;201400044752;0;7;0;0.0;2.0;6.0;2.0;B01
67516;201400044752;0;33;0;0.0;2.0;1.0;2.0;A01
67517;201400044754;0;1;0;0.0;0.0;2.0;2.0;B01
67518;201400044754;0;1;0;0.0;0.0;6.0;2.0;A01
67519;201400044755;0;13;0;0.0;2.0;2.0;2.0;B01
67520;201400044755;0;7;0;0.0;0.0;3.0;15.0;A01
67521;201400044756;0;32;0;0.0;2.0;3.0;1.0;B01
67522;201400044756;0;7;0;0.0;2.0;2.0;14.0;A01
67523;201400044758;0;7;0;0.0;1.0;2.0;1.0;A01
67524;201400044759;0;7;0;0.0;1.0;1.0;1.0;A01
67525;201400044760;0;20;0;0.0;2.0;4.0;4.0;B01
67526;201400044760;0;15;0;0.0;2.0;7.0;5.0;A01
67527;201400044762;0;1;0;0.0;0.0;0.0;1.0;B01
67528;201400044762;0;7;0;1.0;0.0;8.0;0.0;A01
67529;201400044763;0;7;0;0.0;2.0;8.0;15.0;B01
67530;201400044763;0;30;0;0.0;2.0;1.0;17.0;A01
67531;201400044764;0;7;0;0.0;1.0;1.0;1.0;A01
67532;201400044766;0;7;0;0.0;0.0;8.0;10.0;A01
67533;201400044766;0;7;0;0.0;2.0;1.0;1.0;B01
67534;201400044767;0;31;0;0.0;1.0;1.0;1.0;A01
67535;201400044769;0;10;0;0.0;0.0;2.0;9.0;A01
67536;201400044769;0;7;0;0.0;0.0;0.0;1.0;B01
67537;201400044770;0;33;0;0.0;0.0;0.0;1.0;A01
67538;201400044771;0;34;0;0.0;1.0;1.0;16.0;A01
67539;201400044772;0;7;0;0.0;2.0;8.0;1.0;B01
67540;201400044772;0;34;0;0.0;2.0;1.0;12.0;A01
67541;201400044773;0;7;0;0.0;1.0;3.0;1.0;A01
67542;201400044774;0;7;0;0.0;0.0;0.0;15.0;B01
67543;201400044774;0;33;0;0.0;2.0;1.0;13.0;A01
67544;201400044774;0;7;0;0.0;2.0;1.0;0.0;C01
67545;201400044775;0;7;0;0.0;1.0;4.0;4.0;A01
67546;201400044776;1;7;0;0.0;2.0;3.0;13.0;A01
67547;201400044776;0;33;0;0.0;2.0;2.0;17.0;B01
67548;201400044777;0;33;0;0.0;1.0;1.0;1.0;A01
67549;201400044778;0;7;0;4.0;0.0;1.0;2.0;A01
67550;201400044780;0;14;0;0.0;2.0;1.0;2.0;A01
67551;201400044780;0;7;0;0.0;0.0;4.0;2.0;B01
67552;201400044781;0;7;0;0.0;2.0;2.0;1.0;A01
67553;201400044781;0;7;0;0.0;2.0;3.0;1.0;B01
67554;201400044782;0;7;0;0.0;2.0;1.0;19.0;A01
67555;201400044782;0;7;0;0.0;2.0;1.0;1.0;B01
67556;201400044783;0;7;0;4.0;0.0;9.0;1.0;A01
67557;201400044784;0;7;0;0.0;1.0;1.0;0.0;A01
67558;201400044785;0;7;0;3.0;0.0;1.0;0.0;A01
67559;201400044786;0;7;0;0.0;2.0;3.0;15.0;B01
67560;201400044786;0;33;0;0.0;2.0;2.0;3.0;A01
67561;201400044787;0;7;0;15.0;2.0;6.0;1.0;A01
67562;201400044787;1;7;0;0.0;2.0;0.0;0.0;Z01
67563;201400044788;0;7;0;0.0;2.0;1.0;2.0;A01
67564;201400044788;0;7;0;0.0;;4.0;2.0;B01
67565;201400044789;0;7;0;0.0;2.0;1.0;0.0;B01
67566;201400044789;0;7;0;0.0;2.0;3.0;0.0;A01
67567;201400044790;1;7;0;0.0;1.0;2.0;0.0;A01
67568;201400044791;0;7;0;0.0;0.0;6.0;2.0;B01
67569;201400044791;0;7;0;0.0;2.0;2.0;2.0;A01
67570;201400044792;0;32;0;0.0;0.0;7.0;12.0;B01
67571;201400044792;0;7;0;0.0;2.0;3.0;9.0;A01
67572;201400044793;0;7;0;0.0;0.0;8.0;0.0;B01
67573;201400044793;0;7;0;0.0;0.0;1.0;0.0;A01
67574;201400044794;0;7;0;0.0;0.0;6.0;0.0;B01
67575;201400044794;0;7;0;1.0;0.0;2.0;2.0;A01
67576;201400044795;0;7;0;0.0;2.0;4.0;2.0;B01
67577;201400044795;0;7;0;0.0;2.0;1.0;2.0;A01
67578;201400044795;0;7;0;0.0;0.0;4.0;23.0;C01
67579;201400044796;0;7;0;0.0;2.0;3.0;5.0;A01
67580;201400044796;0;7;0;0.0;2.0;1.0;1.0;B01
67581;201400044797;0;30;0;0.0;2.0;1.0;1.0;A01
67582;201400044797;0;7;0;0.0;2.0;2.0;1.0;B01
67583;201400044798;0;7;0;0.0;1.0;1.0;0.0;A01
67584;201400044800;0;34;0;0.0;2.0;1.0;13.0;A01
67585;201400044800;0;7;0;0.0;2.0;3.0;16.0;B01