;Num_Acc;senc;catv;occutc;obs;obsm;choc;manv;num_veh
67586;201400044801;0;32;0;0.0;0.0;8.0;1.0;A01
67587;201400044802;1;7;0;0.0;0.0;0.0;1.0;Z01
67588;201400044802;0;33;0;0.0;0.0;2.0;16.0;A01
67589;201400044803;0;1;0;0.0;1.0;1.0;8.0;A01
67590;201400044804;0;33;0;0.0;0.0;3.0;21.0;A01
67591;201400044805;0;7;0;0.0;2.0;6.0;15.0;B01
67592;201400044805;0;30;0;0.0;2.0;1.0;2.0;A01
67593;201400044807;0;7;0;0.0;2.0;1.0;1.0;A01
67594;201400044807;0;7;0;6.0;2.0;5.0;1.0;B01
67595;201400044808;0;34;0;0.0;2.0;5.0;15.0;B01
67596;201400044808;0;7;0;0.0;2.0;2.0;1.0;A01
67597;201400044810;0;7;0;0.0;2.0;3.0;1.0;B01
67598;201400044810;0;7;0;8.0;2.0;2.0;1.0;A01
67599;201400044811;0;10;0;0.0;1.0;2.0;15.0;A01
67600;201400044812;0;7;0;0.0;2.0;8.0;1.0;B01
67601;201400044812;0;7;0;0.0;2.0;2.0;1.0;A01
67602;201400044813;0;33;0;0.0;1.0;1.0;1.0;A01
67603;201400044814;0;10;0;0.0;2.0;2.0;2.0;A01
67604;201400044814;0;10;0;0.0;2.0;6.0;23.0;B01
67605;201400044815;0;33;0;0.0;2.0;3.0;1.0;B01
67606;201400044815;0;7;0;0.0;2.0;2.0;14.0;A01
67607;201400044816;0;31;0;0.0;2.0;1.0;21.0;A01
67608;201400044816;0;7;0;0.0;2.0;5.0;9.0;B01
67609;201400044817;0;7;0;0.0;2.0;1.0;1.0;A01
67610;201400044817;0;7;0;0.0;2.0;2.0;1.0;B01
67611;201400044818;0;7;0;0.0;2.0;7.0;5.0;A01
67612;201400044818;0;33;0;0.0;2.0;1.0;1.0;B02
67613;201400044819;0;7;0;0.0;2.0;8.0;2.0;B01
67614;201400044819;0;2;0;0.0;2.0;7.0;2.0;A01
67615;201400044820;0;7;0;0.0;2.0;1.0;2.0;A01
67616;201400044820;0;7;0;0.0;2.0;6.0;20.0;B01
67617;201400044821;0;1;0;0.0;2.0;8.0;13.0;A01
67618;201400044821;0;10;0;0.0;2.0;3.0;1.0;B01
67619;201400044822;0;7;0;0.0;1.0;1.0;15.0;A01
67620;201400044823;0;31;0;10.0;0.0;1.0;1.0;B01
67621;201400044823;0;10;0;0.0;0.0;6.0;15.0;A01
67622;201400044824;0;7;0;0.0;1.0;0.0;1.0;A01
67623;201400044825;0;31;0;0.0;0.0;1.0;0.0;A01
67624;201400044825;0;7;0;0.0;0.0;4.0;0.0;B01
67625;201400044826;0;7;0;0.0;2.0;1.0;0.0;A01
67626;201400044826;0;32;0;0.0;2.0;1.0;0.0;B01
67627;201400044827;0;7;0;0.0;2.0;1.0;1.0;A01
67628;201400044827;0;1;0;0.0;2.0;8.0;2.0;B01
67629;201400044828;0;30;0;0.0;2.0;4.0;23.0;B01
67630;201400044828;0;14;0;0.0;2.0;1.0;2.0;A01
67631;201400044829;0;30;0;0.0;2.0;1.0;1.0;A01
67632;201400044829;0;3;0;0.0;2.0;3.0;1.0;B01
67633;201400044830;0;7;0;0.0;1.0;1.0;2.0;A01
67634;201400044831;0;7;0;0.0;2.0;2.0;16.0;B01
67635;201400044831;0;33;0;0.0;2.0;1.0;18.0;A01
67636;201400044832;0;7;0;0.0;2.0;2.0;1.0;A01
67637;201400044832;0;7;0;0.0;2.0;5.0;1.0;B01
67638;201400044833;2;10;0;0.0;2.0;1.0;2.0;A01
67639;201400044833;0;7;0;9.0;2.0;2.0;2.0;B01
67640;201400044834;0;7;0;0.0;1.0;3.0;2.0;A01
67641;201400044835;0;7;0;0.0;2.0;5.0;10.0;A01
67642;201400044835;0;33;0;0.0;2.0;1.0;1.0;B01
67643;201400044836;0;32;0;0.0;2.0;1.0;1.0;A01
67644;201400044836;0;30;0;0.0;2.0;6.0;1.0;B01
67645;201400044837;0;33;0;0.0;1.0;1.0;1.0;A01
67646;201400044838;0;7;0;0.0;1.0;2.0;1.0;A01
67647;201400044839;0;7;0;0.0;2.0;8.0;1.0;B01
67648;201400044839;0;7;0;1.0;2.0;9.0;1.0;A01
67649;201400044840;0;33;0;14.0;0.0;7.0;1.0;A01
67650;201400044841;0;31;0;0.0;0.0;2.0;1.0;A01
67651;201400044842;0;7;0;0.0;1.0;2.0;15.0;A01
67652;201400044843;0;7;0;0.0;2.0;6.0;15.0;A01
67653;201400044843;0;7;0;0.0;2.0;1.0;1.0;B01
67654;201400044844;0;17;0;0.0;2.0;7.0;1.0;B01
67655;201400044844;0;34;0;0.0;2.0;8.0;18.0;A01
67656;201400044845;0;7;0;0.0;2.0;4.0;2.0;B01
67657;201400044845;0;7;0;0.0;2.0;1.0;2.0;A01
67658;201400044846;0;32;0;0.0;2.0;1.0;1.0;B01
67659;201400044846;0;7;0;0.0;2.0;2.0;1.0;A01
67660;201400044847;0;10;0;0.0;1.0;2.0;1.0;A01
67661;201400044848;0;33;0;0.0;0.0;8.0;15.0;A01
67662;201400044849;0;32;0;0.0;2.0;1.0;7.0;A01
67663;201400044849;0;1;0;0.0;2.0;3.0;15.0;B01
67664;201400044850;0;7;0;1.0;2.0;7.0;1.0;A01
67665;201400044850;0;7;0;0.0;2.0;1.0;1.0;B01
67666;201400044852;0;7;0;0.0;1.0;5.0;1.0;A01
67667;201400044853;0;1;0;0.0;2.0;8.0;19.0;A01
67668;201400044853;0;7;0;0.0;2.0;1.0;1.0;B01
67669;201400044854;1;7;0;0.0;2.0;3.0;15.0;Z01
67670;201400044854;0;1;0;0.0;2.0;1.0;8.0;B01
67671;201400044855;1;2;0;8.0;0.0;1.0;6.0;Z01
67672;201400044856;0;33;0;0.0;1.0;7.0;21.0;A01
67673;201400044857;0;7;0;0.0;2.0;1.0;1.0;B01
67674;201400044857;0;33;0;0.0;2.0;1.0;1.0;A01
67675;201400044858;0;7;0;0.0;2.0;4.0;1.0;B01
67676;201400044858;0;32;0;0.0;2.0;1.0;1.0;A01
67677;201400044859;0;7;0;0.0;2.0;6.0;1.0;B01
67678;201400044859;0;2;0;0.0;2.0;1.0;1.0;A01
67679;201400044860;0;7;0;0.0;2.0;1.0;1.0;A01
67680;201400044860;0;33;0;0.0;2.0;2.0;1.0;B01
67681;201400044861;0;7;0;0.0;1.0;4.0;4.0;A01
67682;201400044862;0;1;0;1.0;0.0;1.0;17.0;B01
67683;201400044862;0;7;0;0.0;9.0;8.0;22.0;A01
67684;201400044864;0;7;0;0.0;1.0;0.0;1.0;A01
67685;201400044865;0;33;0;14.0;0.0;1.0;1.0;A01
67686;201400044866;0;33;0;0.0;2.0;1.0;8.0;A01
67687;201400044866;0;7;0;0.0;2.0;8.0;15.0;B01
67688;201400044868;0;7;0;0.0;0.0;4.0;20.0;A01
67689;201400044868;0;7;0;0.0;0.0;1.0;1.0;B01
67690;201400044869;0;7;0;0.0;2.0;6.0;15.0;A01
67691;201400044869;0;37;4;0.0;2.0;1.0;1.0;B01
67692;201400044870;0;34;0;0.0;2.0;2.0;17.0;A01
67693;201400044870;0;10;0;0.0;2.0;8.0;15.0;B01
67694;201400044871;0;10;0;0.0;1.0;6.0;20.0;A01
67695;201400044872;0;38;1;0.0;1.0;1.0;1.0;A01
67696;201400044873;0;7;0;0.0;1.0;2.0;1.0;A01
67697;201400044874;0;2;0;0.0;1.0;1.0;3.0;A01
67698;201400044875;0;32;0;12.0;0.0;3.0;16.0;A01
67699;201400044876;0;33;0;0.0;2.0;1.0;2.0;A01
67700;201400044876;0;32;0;0.0;0.0;4.0;17.0;B01
67701;201400044877;0;7;0;0.0;1.0;1.0;1.0;A01
67702;201400044878;0;7;0;0.0;2.0;7.0;1.0;B01
67703;201400044878;1;2;0;0.0;2.0;8.0;13.0;Z01
67704;201400044880;0;33;0;0.0;2.0;7.0;1.0;B01
67705;201400044880;0;7;0;0.0;2.0;8.0;15.0;A01
67706;201400044881;0;7;0;0.0;2.0;3.0;1.0;B01
67707;201400044881;0;10;0;0.0;2.0;3.0;13.0;A01
67708;201400044882;0;32;0;0.0;2.0;2.0;3.0;B01
67709;201400044882;0;7;0;0.0;2.0;6.0;17.0;A01
67710;201400044883;0;7;0;0.0;2.0;2.0;15.0;A01
67711;201400044883;0;33;0;0.0;2.0;1.0;1.0;B01
67712;201400044884;0;33;0;0.0;2.0;0.0;0.0;B01
67713;201400044884;0;10;0;0.0;2.0;0.0;2.0;A01
67714;201400044885;0;7;0;0.0;9.0;1.0;15.0;B01
67715;201400044885;0;1;0;0.0;2.0;1.0;5.0;A01
67716;201400044886;0;7;0;0.0;1.0;3.0;2.0;A01
67717;201400044887;0;7;0;0.0;1.0;6.0;2.0;A01
67718;201400044888;0;37;0;0.0;1.0;1.0;1.0;A01
67719;201400044889;0;7;0;0.0;2.0;3.0;16.0;B01
67720;201400044889;0;32;0;0.0;2.0;2.0;16.0;A01
67721;201400044890;0;2;0;1.0;0.0;1.0;1.0;A01
67722;201400044891;0;7;0;0.0;0.0;1.0;1.0;A01
67723;201400044891;0;7;0;0.0;0.0;4.0;2.0;B01
67724;201400044892;0;7;0;0.0;0.0;1.0;0.0;A01
67725;201400044892;0;7;0;0.0;0.0;8.0;0.0;B01
67726;201400044893;0;7;0;0.0;1.0;1.0;1.0;A01
67727;201400044894;0;7;0;0.0;0.0;7.0;11.0;A01
67728;201400044894;0;7;0;0.0;0.0;0.0;23.0;C01
67729;201400044894;0;7;0;0.0;0.0;8.0;23.0;B01
67730;201400044895;0;10;0;0.0;0.0;7.0;0.0;B01
67731;201400044895;0;32;0;0.0;0.0;8.0;0.0;A01
67732;201400044896;0;37;1;0.0;1.0;2.0;1.0;A01
67733;201400044897;0;7;0;0.0;1.0;1.0;1.0;A01
67734;201400044898;0;7;0;0.0;1.0;2.0;20.0;A01
67735;201400044899;0;7;0;15.0;0.0;9.0;1.0;A01
67736;201400044900;0;33;0;0.0;0.0;8.0;2.0;B01
67737;201400044900;0;30;0;0.0;0.0;7.0;1.0;A01
67738;201400044900;0;7;0;0.0;0.0;6.0;24.0;D01
67739;201400044900;0;7;0;0.0;0.0;6.0;24.0;C01
67740;201400044901;0;7;0;0.0;0.0;6.0;24.0;B01
67741;201400044901;0;7;0;0.0;0.0;2.0;2.0;A01
67742;201400044902;0;7;0;0.0;2.0;1.0;0.0;B01
67743;201400044902;0;7;0;0.0;2.0;4.0;10.0;A01
67744;201400044903;0;1;0;0.0;2.0;8.0;16.0;B01
67745;201400044903;1;10;0;0.0;2.0;7.0;16.0;Z01
67746;201400044904;0;7;0;0.0;2.0;4.0;1.0;B01
67747;201400044904;2;7;0;0.0;2.0;1.0;2.0;A01
67748;201400044905;0;30;0;0.0;2.0;1.0;18.0;A01
67749;201400044905;0;7;0;0.0;2.0;7.0;16.0;B01
67750;201400044906;0;7;0;0.0;2.0;1.0;1.0;A01
67751;201400044906;0;32;0;0.0;2.0;8.0;1.0;B01
67752;201400044908;0;33;0;0.0;2.0;1.0;1.0;B01
67753;201400044908;0;10;0;0.0;2.0;2.0;15.0;A01
67754;201400044909;0;7;0;0.0;2.0;3.0;15.0;A01
67755;201400044909;0;2;0;0.0;2.0;1.0;1.0;B01
67756;201400044910;0;7;0;0.0;2.0;1.0;1.0;A01
67757;201400044910;0;10;0;3.0;2.0;2.0;1.0;B01
67758;201400044911;0;30;0;0.0;2.0;1.0;2.0;A01
67759;201400044911;0;7;0;0.0;2.0;5.0;23.0;B01
67760;201400044912;0;7;0;0.0;2.0;4.0;23.0;B01
67761;201400044912;0;10;0;0.0;2.0;1.0;2.0;A01
67762;201400044913;0;10;0;0.0;2.0;4.0;15.0;B01
67763;201400044913;0;2;0;0.0;2.0;1.0;2.0;A01
67764;201400044914;0;7;0;9.0;2.0;7.0;1.0;A01
67765;201400044914;0;10;0;0.0;2.0;1.0;1.0;B01
67766;201400044915;1;31;0;0.0;1.0;7.0;1.0;Z01
67767;201400044916;0;10;0;0.0;2.0;8.0;10.0;A01
67768;201400044916;0;30;0;0.0;2.0;1.0;1.0;B01
67769;201400044917;0;7;0;0.0;1.0;2.0;1.0;A01
67770;201400044918;0;7;0;0.0;2.0;2.0;19.0;A01
67771;201400044918;0;34;0;0.0;2.0;1.0;1.0;B01
67772;201400044919;0;7;0;0.0;2.0;6.0;15.0;A01
67773;201400044919;0;32;0;0.0;2.0;1.0;17.0;B01
67774;201400044920;0;33;0;0.0;2.0;8.0;1.0;B01
67775;201400044920;0;7;0;0.0;2.0;7.0;1.0;A01
67776;201400044921;0;30;0;0.0;2.0;8.0;15.0;B01
67777;201400044921;1;7;0;0.0;2.0;7.0;17.0;Z01
67778;201400044922;0;7;0;0.0;1.0;1.0;1.0;A01
67779;201400044923;0;33;0;0.0;2.0;8.0;1.0;B01
67780;201400044923;0;7;0;0.0;2.0;3.0;15.0;A01
67781;201400044924;0;10;0;0.0;1.0;4.0;1.0;A01
67782;201400044925;0;7;0;0.0;2.0;1.0;1.0;A01
67783;201400044925;0;1;0;0.0;2.0;8.0;19.0;B01
67784;201400044926;0;7;0;0.0;1.0;1.0;1.0;A01
67785;201400044927;0;7;0;0.0;2.0;1.0;9.0;A01
67786;201400044927;0;7;0;0.0;2.0;1.0;1.0;B01
67787;201400044928;0;1;0;0.0;2.0;4.0;15.0;B01
67788;201400044928;0;7;0;0.0;2.0;1.0;15.0;A01
67789;201400044929;0;7;0;0.0;2.0;1.0;1.0;A01
67790;201400044929;0;7;0;0.0;2.0;7.0;1.0;B01
67791;201400044930;0;7;0;0.0;2.0;4.0;1.0;B01
67792;201400044930;0;1;0;0.0;2.0;1.0;1.0;A01
67793;201400044931;0;7;0;0.0;2.0;1.0;1.0;A01
67794;201400044931;0;7;0;0.0;2.0;8.0;15.0;B01
67795;201400044932;0;32;0;0.0;2.0;1.0;1.0;B01
67796;201400044932;0;7;0;0.0;2.0;3.0;15.0;A01
67797;201400044933;0;7;0;0.0;1.0;1.0;1.0;A01
67798;201400044935;0;7;0;0.0;2.0;7.0;1.0;A01
67799;201400044935;0;31;0;0.0;2.0;1.0;1.0;B01
67800;201400044936;0;7;0;0.0;1.0;1.0;1.0;A01
67801;201400044937;0;7;0;0.0;2.0;1.0;1.0;A01
67802;201400044937;0;7;0;0.0;2.0;2.0;1.0;B01
67803;201400044938;0;7;0;0.0;2.0;4.0;1.0;B01
67804;201400044938;0;7;0;0.0;2.0;1.0;1.0;A01
67805;201400044939;0;7;0;0.0;1.0;4.0;4.0;A01
67806;201400044940;0;7;0;0.0;2.0;8.0;1.0;B01
67807;201400044940;0;7;0;0.0;2.0;1.0;1.0;A01
67808;201400044941;0;7;0;1.0;2.0;1.0;1.0;A01
67809;201400044941;0;7;0;0.0;2.0;4.0;1.0;B01
67810;201400044944;1;30;0;0.0;1.0;1.0;1.0;Z01
67811;201400044945;0;7;0;0.0;1.0;4.0;4.0;A01
67812;201400044946;0;34;0;0.0;2.0;3.0;1.0;A01
67813;201400044946;0;7;0;0.0;2.0;4.0;23.0;B01
67814;201400044947;0;7;0;1.0;0.0;1.0;1.0;A01
67815;201400044948;0;30;0;0.0;2.0;7.0;1.0;B01
67816;201400044948;0;10;0;0.0;2.0;1.0;15.0;A01
67817;201400044949;0;7;0;0.0;2.0;8.0;10.0;A01
67818;201400044949;0;34;0;0.0;2.0;1.0;1.0;B01
67819;201400044950;0;10;0;0.0;1.0;1.0;15.0;A01
67820;201400044951;0;7;0;0.0;1.0;1.0;15.0;A01
67821;201400044952;0;7;0;0.0;2.0;2.0;1.0;B01
67822;201400044952;0;7;0;0.0;2.0;1.0;1.0;A01
67823;201400044954;0;33;0;0.0;2.0;1.0;1.0;B01
67824;201400044954;0;7;0;0.0;2.0;5.0;15.0;A01
67825;201400044955;0;7;0;0.0;1.0;1.0;15.0;A01
67826;201400044956;0;7;0;0.0;2.0;1.0;1.0;A01
67827;201400044956;0;7;0;0.0;2.0;1.0;15.0;B01
67828;201400044957;0;10;0;0.0;1.0;4.0;4.0;A01
67829;201400044958;1;7;0;0.0;1.0;0.0;0.0;Z01
67830;201400044959;0;33;0;0.0;2.0;7.0;1.0;B01
67831;201400044959;0;7;0;0.0;2.0;1.0;10.0;A01
67832;201400044960;0;1;0;0.0;2.0;1.0;1.0;B01
67833;201400044960;1;33;0;0.0;2.0;1.0;5.0;Z01
67834;201400044961;0;7;0;0.0;2.0;4.0;23.0;A01
67835;201400044961;0;7;0;1.0;0.0;1.0;0.0;B01
67836;201400044962;0;7;0;0.0;2.0;2.0;1.0;A01
67837;201400044962;0;32;0;0.0;2.0;8.0;15.0;B01
67838;201400044963;0;7;0;0.0;2.0;4.0;23.0;C01
67839;201400044963;0;7;0;0.0;2.0;4.0;23.0;B01
67840;201400044963;0;7;0;0.0;2.0;1.0;0.0;A01
67841;201400044964;0;2;0;0.0;0.0;1.0;1.0;A01
67842;201400044965;0;7;0;0.0;1.0;1.0;1.0;A01
67843;201400044966;0;7;0;0.0;2.0;5.0;15.0;A01
67844;201400044966;0;32;0;0.0;2.0;1.0;1.0;B01
67845;201400044967;0;30;0;0.0;1.0;1.0;0.0;A01
67846;201400044968;0;7;0;0.0;1.0;2.0;1.0;A01
67847;201400044969;0;7;0;0.0;2.0;2.0;10.0;A01
67848;201400044969;0;33;0;0.0;2.0;1.0;1.0;B01
67849;201400044970;0;7;0;0.0;9.0;4.0;1.0;B01
67850;201400044970;0;15;0;0.0;2.0;2.0;17.0;A01
67851;201400044972;0;7;0;0.0;2.0;1.0;1.0;B01
67852;201400044972;0;7;0;0.0;2.0;5.0;1.0;A01
67853;201400044973;0;7;0;0.0;2.0;1.0;1.0;A01
67854;201400044973;0;7;0;0.0;2.0;8.0;1.0;B01
67855;201400044974;0;7;0;0.0;2.0;3.0;15.0;A01
67856;201400044974;0;2;0;0.0;2.0;2.0;1.0;B01
67857;201400044977;0;7;0;0.0;1.0;4.0;20.0;A01
67858;201400044979;0;7;0;11.0;0.0;8.0;0.0;A01
67859;201400044980;0;30;0;0.0;2.0;7.0;1.0;A01
67860;201400044980;0;7;0;0.0;2.0;3.0;13.0;B01
67861;201400044981;0;7;0;0.0;2.0;1.0;18.0;A01
67862;201400044981;0;7;0;0.0;2.0;4.0;23.0;B01
67863;201400044982;0;7;0;0.0;2.0;1.0;9.0;A01
67864;201400044982;0;7;0;0.0;2.0;1.0;1.0;B01
67865;201400044983;0;2;0;0.0;2.0;7.0;1.0;A01
67866;201400044983;0;7;0;0.0;2.0;4.0;20.0;B01
67867;201400044984;0;7;0;0.0;1.0;1.0;1.0;A01
67868;201400044985;0;10;0;0.0;1.0;3.0;1.0;A01
67869;201400044986;0;30;0;0.0;2.0;1.0;1.0;B01
67870;201400044986;0;7;0;0.0;2.0;4.0;1.0;A01
67871;201400044987;0;7;0;0.0;1.0;4.0;20.0;A01
67872;201400044988;0;7;0;0.0;2.0;4.0;0.0;A01
67873;201400044988;0;7;0;0.0;2.0;2.0;0.0;B01
67874;201400044989;0;1;0;0.0;2.0;1.0;1.0;B01
67875;201400044989;0;7;0;0.0;2.0;2.0;1.0;A01
67876;201400044991;0;37;1;0.0;1.0;4.0;4.0;A01
67877;201400044992;0;7;0;0.0;2.0;2.0;15.0;A01
67878;201400044992;0;32;0;0.0;2.0;1.0;1.0;B01
67879;201400044993;0;34;0;0.0;1.0;1.0;1.0;A01
67880;201400044994;0;7;0;0.0;2.0;1.0;1.0;B01
67881;201400044994;0;30;0;0.0;2.0;1.0;19.0;A01
67882;201400044995;0;3;0;8.0;0.0;1.0;1.0;A01
67883;201400044996;0;7;0;0.0;2.0;5.0;12.0;A01
67884;201400044996;0;30;0;0.0;2.0;3.0;1.0;B01
67885;201400044997;0;30;0;0.0;2.0;1.0;2.0;A01
67886;201400044997;0;7;0;0.0;2.0;4.0;2.0;B01
67887;201400044998;0;32;0;0.0;2.0;1.0;1.0;B01
67888;201400044998;0;33;0;0.0;2.0;5.0;15.0;A01
67889;201400044999;0;10;0;0.0;1.0;4.0;4.0;A01
67890;201400045000;0;31;0;0.0;2.0;1.0;10.0;B01
67891;201400045000;0;7;0;0.0;2.0;2.0;1.0;A01
67892;201400045001;0;7;0;0.0;2.0;0.0;15.0;B01
67893;201400045001;0;30;0;0.0;2.0;8.0;17.0;A01
67894;201400045002;0;33;0;0.0;2.0;4.0;1.0;B01
67895;201400045002;0;7;0;0.0;2.0;1.0;2.0;A01
67896;201400045003;0;7;0;0.0;2.0;1.0;2.0;B01
67897;201400045003;0;7;0;0.0;2.0;4.0;23.0;A01
67898;201400045004;0;7;0;4.0;0.0;9.0;18.0;A01
67899;201400045005;0;10;0;0.0;1.0;4.0;4.0;A01
67900;201400045006;0;7;0;1.0;0.0;2.0;1.0;A01
67901;201400045006;0;7;0;0.0;0.0;6.0;24.0;B01
67902;201400045007;0;30;0;0.0;0.0;0.0;0.0;B01
67903;201400045007;0;30;0;0.0;0.0;3.0;0.0;A01
67904;201400045008;0;34;0;0.0;0.0;0.0;2.0;A01
67905;201400045009;0;34;0;0.0;2.0;1.0;1.0;B01
67906;201400045009;0;7;0;0.0;2.0;5.0;15.0;A01
67907;201400045011;0;7;0;0.0;1.0;3.0;1.0;A01
67908;201400045012;0;7;0;0.0;1.0;1.0;1.0;A01
67909;201400045013;0;31;0;0.0;2.0;1.0;2.0;A01
67910;201400045013;0;34;0;0.0;2.0;5.0;16.0;B01
67911;201400045014;0;7;0;0.0;1.0;3.0;1.0;A01
67912;201400045015;0;30;0;0.0;2.0;8.0;1.0;B01
67913;201400045015;0;7;0;0.0;2.0;2.0;1.0;A01
67914;201400045016;0;7;0;0.0;1.0;5.0;1.0;A01
67915;201400045017;0;7;0;0.0;2.0;3.0;7.0;A01
67916;201400045017;0;7;0;0.0;2.0;7.0;1.0;B01
67917;201400045018;1;34;0;0.0;2.0;1.0;1.0;Z01
67918;201400045018;0;30;0;0.0;2.0;4.0;1.0;A01
67919;201400045019;0;7;0;0.0;1.0;2.0;2.0;A01
67920;201400045021;0;34;0;0.0;2.0;1.0;14.0;B01
67921;201400045021;0;7;0;0.0;2.0;2.0;15.0;A01
67922;201400045022;0;2;0;0.0;2.0;1.0;18.0;A01
67923;201400045022;0;10;0;0.0;2.0;2.0;16.0;B01
67924;201400045024;0;33;0;0.0;2.0;8.0;16.0;A01
67925;201400045024;0;7;0;0.0;2.0;2.0;16.0;B01
67926;201400045025;0;2;0;0.0;2.0;1.0;2.0;A01
67927;201400045025;0;10;0;0.0;2.0;6.0;10.0;B01
67928;201400045026;0;7;0;0.0;2.0;3.0;15.0;B01
67929;201400045026;0;2;0;0.0;2.0;8.0;3.0;A01
67930;201400045027;0;10;0;0.0;2.0;2.0;1.0;A01
67931;201400045027;0;7;0;0.0;2.0;1.0;1.0;B01
67932;201400045028;0;7;0;0.0;1.0;3.0;15.0;A01
67933;201400045029;0;1;0;0.0;1.0;1.0;5.0;A01
67934;201400045030;0;30;0;0.0;2.0;3.0;1.0;B01
67935;201400045030;0;7;0;0.0;2.0;2.0;15.0;A01
67936;201400045031;0;7;0;0.0;2.0;3.0;1.0;B01
67937;201400045031;0;10;0;0.0;2.0;3.0;15.0;A01
67938;201400045032;0;7;0;0.0;1.0;2.0;1.0;A01
67939;201400045033;0;7;0;0.0;1.0;1.0;15.0;A01
67940;201400045034;0;7;0;0.0;0.0;1.0;1.0;A01
67941;201400045034;0;33;0;0.0;0.0;1.0;1.0;B01
67942;201400045037;0;37;2;0.0;1.0;2.0;2.0;A01
67943;201400045038;0;7;0;0.0;1.0;1.0;15.0;A01
67944;201400045039;0;7;0;0.0;2.0;1.0;1.0;A01
67945;201400045039;0;34;0;0.0;2.0;4.0;15.0;B01
67946;201400045041;0;1;0;0.0;2.0;1.0;1.0;B01
67947;201400045041;0;7;0;0.0;2.0;2.0;9.0;A01
67948;201400045042;0;7;0;0.0;2.0;6.0;1.0;B01
67949;201400045042;0;33;0;0.0;2.0;1.0;2.0;A01
67950;201400045043;0;7;0;0.0;1.0;1.0;15.0;A01
67951;201400045044;0;33;0;0.0;2.0;1.0;1.0;A01
67952;201400045044;0;7;0;0.0;2.0;6.0;15.0;B01
67953;201400045045;0;7;0;0.0;2.0;2.0;15.0;A01
67954;201400045045;0;2;0;0.0;2.0;8.0;1.0;B01
67955;201400045046;0;7;0;0.0;1.0;1.0;16.0;A01
67956;201400045047;0;33;0;0.0;2.0;7.0;1.0;B01
67957;201400045047;0;7;0;0.0;2.0;1.0;2.0;A01
67958;201400045048;0;30;0;0.0;1.0;1.0;1.0;A01
67959;201400045049;0;7;0;0.0;1.0;4.0;4.0;A01
67960;201400045050;0;32;0;0.0;2.0;1.0;1.0;B01
67961;201400045050;0;7;0;0.0;2.0;3.0;9.0;A01
67962;201400045051;0;7;0;0.0;2.0;1.0;1.0;A01
67963;201400045051;0;1;0;0.0;2.0;4.0;1.0;B01
67964;201400045052;0;7;0;0.0;1.0;1.0;1.0;A01
67965;201400045053;0;7;0;0.0;2.0;3.0;15.0;A01
67966;201400045053;0;30;0;15.0;2.0;6.0;1.0;B01
67967;201400045054;0;32;0;0.0;2.0;1.0;1.0;B01
67968;201400045054;0;7;0;0.0;2.0;2.0;15.0;A01
67969;201400045055;0;1;0;0.0;2.0;3.0;5.0;A01
67970;201400045055;0;7;0;0.0;2.0;2.0;16.0;B01
67971;201400045056;0;7;0;0.0;1.0;2.0;1.0;A01
67972;201400045057;0;7;0;0.0;2.0;1.0;2.0;A01
67973;201400045057;0;7;0;0.0;2.0;4.0;23.0;B01
67974;201400045058;0;33;0;0.0;2.0;1.0;18.0;A01
67975;201400045058;0;7;0;0.0;2.0;2.0;16.0;B01
67976;201400045059;0;33;0;0.0;2.0;1.0;2.0;A01
67977;201400045059;0;7;0;0.0;2.0;4.0;23.0;B01
67978;201400045060;0;7;0;0.0;1.0;2.0;1.0;A01
67979;201400045061;0;7;0;0.0;2.0;1.0;2.0;A01
67980;201400045061;0;7;0;0.0;2.0;4.0;2.0;C01
67981;201400045061;0;7;0;0.0;2.0;4.0;2.0;B01
67982;201400045062;0;7;0;0.0;2.0;1.0;15.0;A01
67983;201400045062;0;30;0;0.0;2.0;1.0;1.0;B01
67984;201400045063;0;30;0;8.0;0.0;1.0;10.0;A01
67985;201400045064;0;7;0;0.0;2.0;8.0;15.0;B01
67986;201400045064;0;32;0;0.0;2.0;3.0;2.0;A01
67987;201400045065;0;7;0;0.0;1.0;3.0;1.0;A01
67988;201400045066;0;33;0;0.0;2.0;8.0;1.0;B01
67989;201400045066;0;7;0;0.0;2.0;1.0;9.0;A01
67990;201400045067;0;2;0;0.0;2.0;8.0;11.0;A01
67991;201400045067;0;7;0;0.0;2.0;5.0;1.0;B01
67992;201400045068;0;7;0;0.0;1.0;1.0;2.0;A01
67993;201400045069;0;7;0;0.0;2.0;8.0;1.0;A01
67994;201400045069;0;7;0;0.0;2.0;1.0;1.0;B01
67995;201400045070;0;7;0;0.0;2.0;8.0;24.0;A01
67996;201400045070;0;1;0;0.0;2.0;1.0;1.0;B01
67997;201400045071;0;10;0;0.0;2.0;5.0;1.0;C01
67998;201400045071;0;7;0;0.0;2.0;1.0;15.0;A01
67999;201400045071;0;7;0;0.0;2.0;8.0;1.0;B01
68000;201400045072;0;33;0;0.0;2.0;1.0;13.0;A01
68001;201400045072;0;7;0;0.0;2.0;3.0;15.0;B01
68002;201400045074;0;34;0;12.0;2.0;1.0;17.0;B01
68003;201400045074;0;7;0;0.0;2.0;0.0;15.0;A01
68004;201400045075;0;7;0;0.0;2.0;1.0;2.0;A01
68005;201400045075;0;30;0;0.0;2.0;4.0;23.0;B01