;Num_Acc;senc;catv;occutc;obs;obsm;choc;manv;num_veh
69690;201400046196;0;7;0;0.0;2.0;7.0;0.0;B01
69691;201400046198;0;10;0;0.0;0.0;1.0;0.0;A01
69692;201400046198;0;10;0;0.0;0.0;0.0;0.0;B01
69693;201400046199;0;7;0;14.0;0.0;3.0;6.0;A01
69694;201400046200;0;7;0;0.0;2.0;1.0;1.0;A01
69695;201400046200;0;7;0;0.0;2.0;4.0;2.0;B01
69696;201400046201;0;30;0;15.0;0.0;1.0;13.0;A01
69697;201400046203;0;7;0;0.0;2.0;6.0;15.0;A01
69698;201400046203;0;33;0;0.0;2.0;2.0;16.0;B01
69699;201400046204;0;14;0;0.0;2.0;4.0;15.0;B01
69700;201400046204;0;33;0;0.0;2.0;3.0;21.0;A01
69701;201400046205;0;7;0;0.0;1.0;2.0;1.0;A01
69702;201400046206;0;7;0;0.0;2.0;2.0;1.0;A01
69703;201400046206;0;7;0;0.0;2.0;3.0;9.0;B01
69704;201400046207;0;7;0;0.0;0.0;4.0;2.0;D01
69705;201400046207;0;7;0;0.0;2.0;4.0;2.0;C01
69706;201400046207;0;7;0;0.0;2.0;4.0;2.0;B01
69707;201400046207;0;7;0;0.0;2.0;1.0;2.0;A01
69708;201400046208;0;7;0;0.0;0.0;0.0;0.0;A01
69709;201400046209;0;7;0;0.0;2.0;7.0;1.0;A01
69710;201400046209;0;38;2;0.0;2.0;3.0;2.0;B01
69711;201400046210;0;7;0;13.0;0.0;1.0;14.0;A01
69712;201400046211;0;7;0;6.0;0.0;0.0;13.0;A01
69713;201400046212;0;7;0;0.0;2.0;4.0;2.0;A01
69714;201400046212;0;7;0;0.0;2.0;1.0;2.0;B01
69715;201400046213;0;7;0;0.0;2.0;4.0;2.0;B01
69716;201400046213;0;7;0;0.0;2.0;1.0;1.0;A01
69717;201400046214;0;33;0;0.0;2.0;1.0;1.0;B01
69718;201400046214;0;7;0;0.0;2.0;3.0;15.0;A01
69719;201400046215;0;7;0;0.0;2.0;2.0;6.0;A01
69720;201400046215;0;7;0;0.0;2.0;3.0;1.0;B01
69721;201400046216;0;33;0;0.0;2.0;4.0;23.0;B01
69722;201400046216;0;7;0;0.0;2.0;1.0;1.0;A01
69723;201400046217;2;32;0;0.0;2.0;2.0;5.0;B01
69724;201400046217;0;37;1;0.0;2.0;1.0;1.0;A01
69725;201400046218;0;7;0;0.0;2.0;5.0;1.0;B01
69726;201400046218;0;7;0;0.0;2.0;3.0;15.0;A01
69727;201400046219;0;7;0;0.0;1.0;1.0;1.0;A01
69728;201400046220;0;37;2;0.0;2.0;3.0;1.0;A01
69729;201400046220;0;7;0;0.0;2.0;7.0;17.0;B01
69730;201400046221;0;7;0;0.0;2.0;3.0;15.0;A01
69731;201400046221;0;7;0;8.0;2.0;3.0;1.0;B01
69732;201400046222;0;7;0;11.0;1.0;2.0;20.0;A01
69733;201400046223;0;7;0;0.0;1.0;3.0;1.0;A01
69734;201400046225;0;7;0;0.0;1.0;4.0;20.0;A01
69735;201400046226;0;2;0;0.0;2.0;5.0;16.0;B01
69736;201400046226;0;7;0;0.0;2.0;8.0;16.0;A01
69737;201400046227;0;7;0;0.0;1.0;1.0;1.0;A01
69738;201400046229;0;34;0;0.0;2.0;3.0;15.0;A01
69739;201400046229;0;7;0;0.0;2.0;3.0;10.0;B01
69740;201400046230;0;7;0;1.0;0.0;1.0;1.0;B01
69741;201400046230;0;7;0;3.0;0.0;4.0;23.0;A01
69742;201400046230;0;7;0;3.0;2.0;1.0;1.0;C01
69743;201400046231;0;7;0;0.0;2.0;7.0;15.0;A01
69744;201400046231;0;30;0;0.0;2.0;1.0;1.0;B01
69745;201400046232;1;7;0;0.0;1.0;0.0;1.0;Z01
69746;201400046233;1;7;0;0.0;2.0;3.0;9.0;Z01
69747;201400046233;0;7;0;0.0;2.0;3.0;9.0;A01
69748;201400046235;0;7;0;0.0;2.0;5.0;17.0;A01
69749;201400046235;0;2;0;0.0;2.0;8.0;2.0;B01
69750;201400046236;0;30;0;0.0;2.0;1.0;1.0;A01
69751;201400046236;0;7;0;0.0;2.0;3.0;10.0;B01
69752;201400046237;0;7;0;0.0;1.0;1.0;1.0;A01
69753;201400046238;0;7;0;0.0;1.0;1.0;1.0;A01
69754;201400046239;0;7;0;0.0;1.0;3.0;1.0;A01
69755;201400046240;0;7;0;0.0;1.0;2.0;15.0;A01
69756;201400046241;0;7;0;1.0;0.0;2.0;14.0;A01
69757;201400046244;0;10;0;0.0;2.0;6.0;2.0;C01
69758;201400046244;0;7;0;0.0;2.0;7.0;23.0;B01
69759;201400046244;0;7;0;9.0;2.0;1.0;1.0;A01
69760;201400046245;0;30;0;0.0;2.0;7.0;17.0;A01
69761;201400046245;0;7;0;0.0;2.0;3.0;15.0;B01
69762;201400046246;0;32;0;1.0;2.0;3.0;18.0;A01
69763;201400046246;0;7;0;0.0;2.0;5.0;20.0;B01
69764;201400046247;0;2;0;0.0;2.0;3.0;1.0;A01
69765;201400046247;0;7;0;0.0;2.0;2.0;1.0;B01
69766;201400046248;0;1;0;0.0;2.0;7.0;1.0;A01
69767;201400046248;0;7;0;0.0;2.0;1.0;15.0;B01
69768;201400046249;0;7;0;0.0;2.0;3.0;24.0;C01
69769;201400046249;0;7;0;0.0;2.0;2.0;1.0;B01
69770;201400046249;0;7;0;1.0;2.0;1.0;13.0;A01
69771;201400046250;0;7;0;0.0;2.0;3.0;11.0;B01
69772;201400046250;0;32;0;0.0;2.0;7.0;1.0;A01
69773;201400046251;0;1;0;0.0;2.0;3.0;16.0;A01
69774;201400046251;0;1;0;15.0;2.0;3.0;15.0;B01
69775;201400046252;0;7;0;0.0;2.0;2.0;15.0;A01
69776;201400046252;0;33;0;0.0;2.0;1.0;1.0;B01
69777;201400046254;0;7;0;0.0;2.0;2.0;15.0;A01
69778;201400046254;0;31;0;0.0;2.0;1.0;1.0;B01
69779;201400046255;0;7;0;0.0;2.0;2.0;1.0;B01
69780;201400046255;0;2;0;0.0;2.0;1.0;1.0;A01
69781;201400046256;0;31;0;0.0;2.0;7.0;1.0;A01
69782;201400046256;1;7;0;0.0;0.0;1.0;9.0;Z01
69783;201400046257;0;7;0;14.0;2.0;1.0;1.0;A01
69784;201400046257;0;7;0;0.0;2.0;4.0;2.0;B01
69785;201400046258;0;33;0;0.0;2.0;1.0;1.0;B01
69786;201400046258;0;7;0;0.0;2.0;8.0;15.0;A01
69787;201400046259;0;7;0;0.0;2.0;2.0;15.0;A01
69788;201400046259;0;2;0;0.0;2.0;1.0;1.0;B01
69789;201400046260;0;31;0;16.0;0.0;8.0;14.0;A01
69790;201400046261;0;7;0;0.0;1.0;2.0;1.0;A01
69791;201400046262;0;2;0;0.0;2.0;7.0;1.0;C01
69792;201400046262;0;7;0;0.0;2.0;2.0;1.0;B01
69793;201400046262;0;7;0;0.0;2.0;2.0;5.0;A01
69794;201400046263;0;7;0;0.0;1.0;1.0;1.0;A01
69795;201400046264;1;7;0;0.0;1.0;0.0;1.0;Z01
69796;201400046265;0;7;0;0.0;2.0;3.0;15.0;A01
69797;201400046265;0;31;0;0.0;2.0;1.0;1.0;B01
69798;201400046267;0;1;0;9.0;2.0;1.0;5.0;A01
69799;201400046267;0;7;0;0.0;2.0;3.0;1.0;B01
69800;201400046269;0;7;0;0.0;2.0;1.0;1.0;A01
69801;201400046269;0;7;0;0.0;2.0;4.0;2.0;B01
69802;201400046269;1;10;0;0.0;2.0;0.0;0.0;Z01
69803;201400046270;0;7;0;0.0;1.0;2.0;1.0;A01
69804;201400046271;0;7;0;0.0;2.0;3.0;15.0;A01
69805;201400046271;0;33;0;0.0;2.0;3.0;1.0;B01
69806;201400046272;0;7;0;0.0;2.0;2.0;1.0;B01
69807;201400046272;0;7;0;0.0;2.0;8.0;10.0;A01
69808;201400046274;0;33;0;0.0;1.0;2.0;1.0;A01
69809;201400046275;0;7;0;0.0;1.0;3.0;1.0;A01
69810;201400046276;0;7;0;0.0;0.0;3.0;1.0;A01
69811;201400046277;0;7;0;0.0;2.0;1.0;2.0;A01
69812;201400046277;0;7;0;0.0;2.0;4.0;23.0;B01
69813;201400046277;0;7;0;0.0;2.0;4.0;23.0;C01
69814;201400046278;0;7;0;6.0;0.0;1.0;0.0;A01
69815;201400046279;0;7;0;0.0;2.0;1.0;2.0;A01
69816;201400046279;0;7;0;0.0;2.0;4.0;1.0;B01
69817;201400046280;0;7;0;0.0;1.0;3.0;1.0;A01
69818;201400046281;0;7;0;3.0;2.0;1.0;13.0;A01
69819;201400046281;0;7;0;0.0;2.0;1.0;1.0;B01
69820;201400046282;0;7;0;0.0;2.0;4.0;1.0;A01
69821;201400046282;0;2;0;0.0;2.0;1.0;1.0;B01
69822;201400046283;0;7;0;0.0;2.0;3.0;15.0;A01
69823;201400046283;0;31;0;0.0;2.0;1.0;1.0;B01
69824;201400046284;1;32;0;0.0;1.0;1.0;1.0;Z01
69825;201400046285;0;7;0;0.0;2.0;8.0;15.0;A01
69826;201400046285;0;33;0;1.0;2.0;1.0;17.0;B01
69827;201400046286;0;7;0;0.0;1.0;2.0;1.0;A01
69828;201400046287;0;7;0;0.0;2.0;5.0;12.0;A01
69829;201400046287;0;3;0;0.0;2.0;3.0;1.0;B01
69830;201400046288;0;7;0;0.0;1.0;3.0;1.0;A01
69831;201400046289;0;32;0;0.0;2.0;3.0;1.0;B01
69832;201400046289;0;7;0;0.0;2.0;3.0;13.0;A01
69833;201400046290;0;31;0;0.0;0.0;8.0;1.0;A01
69834;201400046291;0;7;0;6.0;2.0;2.0;13.0;A01
69835;201400046291;0;7;0;0.0;2.0;1.0;1.0;B01
69836;201400046292;0;7;0;0.0;2.0;4.0;4.0;A01
69837;201400046292;0;31;0;0.0;2.0;1.0;1.0;B01
69838;201400046293;0;30;0;0.0;2.0;1.0;17.0;A01
69839;201400046293;0;30;0;0.0;2.0;8.0;15.0;B01
69840;201400046294;0;7;0;10.0;2.0;9.0;1.0;A01
69841;201400046294;0;7;0;0.0;2.0;7.0;1.0;B01
69842;201400046295;0;7;0;0.0;2.0;7.0;15.0;A01
69843;201400046295;0;34;0;0.0;2.0;2.0;1.0;B01
69844;201400046296;0;31;0;0.0;2.0;7.0;17.0;A01
69845;201400046296;0;7;0;0.0;2.0;2.0;9.0;B01
69846;201400046297;0;33;0;0.0;2.0;1.0;17.0;A01
69847;201400046297;0;7;0;0.0;2.0;5.0;15.0;B01
69848;201400046298;0;7;0;0.0;2.0;5.0;15.0;A01
69849;201400046298;0;33;0;0.0;2.0;1.0;1.0;B01
69850;201400046299;0;33;0;0.0;2.0;0.0;17.0;A01
69851;201400046299;0;33;0;0.0;2.0;6.0;15.0;B01
69852;201400046300;0;7;0;1.0;0.0;1.0;1.0;A01
69853;201400046301;0;7;0;0.0;1.0;5.0;1.0;A01
69854;201400046302;0;30;0;11.0;0.0;2.0;1.0;A01
69855;201400046303;0;2;0;0.0;2.0;1.0;17.0;A01
69856;201400046303;0;33;0;0.0;2.0;1.0;17.0;B01
69857;201400046303;0;2;0;0.0;2.0;1.0;1.0;C01
69858;201400046304;0;2;0;0.0;0.0;0.0;1.0;A01
69859;201400046305;0;33;0;0.0;1.0;2.0;0.0;A01
69860;201400046306;0;7;0;0.0;2.0;3.0;15.0;A01
69861;201400046306;0;31;0;0.0;2.0;3.0;1.0;B01
69862;201400046307;0;31;0;0.0;2.0;1.0;1.0;A01
69863;201400046307;0;7;0;0.0;2.0;5.0;16.0;B01
69864;201400046309;0;2;0;0.0;2.0;1.0;0.0;A01
69865;201400046309;0;7;0;0.0;2.0;8.0;15.0;B01
69866;201400046310;0;7;0;0.0;2.0;3.0;17.0;A01
69867;201400046310;0;33;0;0.0;2.0;3.0;1.0;B01
69868;201400046311;1;99;0;0.0;1.0;0.0;0.0;Z01
69869;201400046312;0;7;0;1.0;2.0;2.0;9.0;B01
69870;201400046312;1;7;0;0.0;2.0;4.0;0.0;Z01
69871;201400046313;0;7;0;0.0;2.0;6.0;10.0;A01
69872;201400046313;0;31;0;0.0;2.0;2.0;1.0;B01
69873;201400046314;0;7;0;2.0;0.0;1.0;16.0;A01
69874;201400046315;0;7;0;0.0;0.0;1.0;1.0;A01
69875;201400046316;0;31;0;0.0;2.0;1.0;17.0;A01
69876;201400046316;0;31;0;0.0;2.0;1.0;1.0;B01
69877;201400046316;0;7;0;0.0;2.0;1.0;1.0;C01
69878;201400046317;0;7;0;0.0;2.0;6.0;17.0;A01
69879;201400046317;0;33;0;0.0;2.0;1.0;17.0;B01
69880;201400046318;0;7;0;0.0;2.0;1.0;1.0;B01
69881;201400046318;0;33;0;0.0;2.0;1.0;1.0;A01
69882;201400046320;0;7;0;0.0;2.0;8.0;15.0;A01
69883;201400046320;0;34;0;0.0;2.0;1.0;17.0;B01
69884;201400046321;1;7;0;;;;;A01
69885;201400046321;0;7;0;0.0;2.0;3.0;1.0;B01
69886;201400046322;0;7;0;0.0;2.0;2.0;9.0;A01
69887;201400046322;0;33;0;0.0;2.0;1.0;1.0;B01
69888;201400046323;0;7;0;8.0;0.0;1.0;1.0;A01
69889;201400046324;0;7;0;0.0;1.0;1.0;1.0;A01
69890;201400046326;0;2;0;0.0;0.0;1.0;1.0;A01
69891;201400046327;0;7;0;0.0;1.0;1.0;1.0;A01
69892;201400046328;0;7;0;0.0;2.0;3.0;9.0;A01
69893;201400046328;0;31;0;0.0;2.0;1.0;1.0;B01
69894;201400046329;0;7;0;0.0;2.0;1.0;15.0;A01
69895;201400046329;0;31;0;0.0;2.0;1.0;1.0;B01
69896;201400046330;0;7;0;0.0;2.0;2.0;15.0;A01
69897;201400046330;0;7;0;0.0;4.0;3.0;1.0;B01
69898;201400046331;0;2;0;0.0;1.0;1.0;1.0;A01
69899;201400046332;0;7;0;1.0;1.0;1.0;15.0;A01
69900;201400046333;0;7;0;0.0;2.0;1.0;13.0;A01
69901;201400046333;0;7;0;0.0;2.0;1.0;1.0;B01
69902;201400046334;0;31;0;0.0;5.0;0.0;1.0;A01
69903;201400046336;0;7;0;1.0;0.0;2.0;1.0;A01
69904;201400046337;0;7;0;0.0;2.0;1.0;2.0;A01
69905;201400046337;0;7;0;3.0;2.0;4.0;2.0;B01
69906;201400046338;0;33;0;0.0;2.0;1.0;1.0;B01
69907;201400046338;0;7;0;0.0;2.0;8.0;9.0;A01
69908;201400046339;0;7;0;0.0;1.0;1.0;1.0;A01
69909;201400046340;0;30;0;0.0;1.0;1.0;1.0;A01
69910;201400046341;0;33;0;15.0;0.0;8.0;1.0;A01
69911;201400046342;0;32;0;0.0;2.0;1.0;1.0;A01
69912;201400046344;0;7;0;0.0;2.0;1.0;2.0;A01
69913;201400046344;0;30;0;0.0;2.0;5.0;23.0;B01
69914;201400046345;0;7;0;2.0;0.0;1.0;13.0;A01
69915;201400046346;0;7;0;0.0;0.0;3.0;1.0;A01
69916;201400046346;0;30;0;0.0;2.0;2.0;1.0;B01
69917;201400046348;0;1;0;0.0;1.0;0.0;0.0;A01
69918;201400046349;0;7;0;0.0;2.0;1.0;1.0;B01
69919;201400046349;0;31;0;0.0;2.0;8.0;2.0;A01
69920;201400046349;0;31;0;0.0;2.0;8.0;1.0;C01
69921;201400046350;0;7;0;0.0;1.0;4.0;4.0;A01
69922;201400046351;0;30;0;7.0;0.0;1.0;1.0;A01
69923;201400046352;0;7;0;2.0;2.0;2.0;2.0;A01
69924;201400046352;0;33;0;2.0;2.0;3.0;2.0;B01
69925;201400046353;0;33;0;0.0;2.0;1.0;1.0;B01
69926;201400046353;0;10;0;0.0;2.0;3.0;13.0;A01
69927;201400046354;0;1;0;0.0;1.0;1.0;1.0;A01
69928;201400046355;0;7;0;0.0;2.0;1.0;15.0;A01
69929;201400046355;0;1;0;0.0;2.0;2.0;1.0;B01
69930;201400046356;0;7;0;0.0;1.0;1.0;1.0;A01
69931;201400046358;0;30;0;1.0;0.0;2.0;14.0;A01
69932;201400046359;0;7;0;0.0;2.0;2.0;15.0;A01
69933;201400046359;0;33;0;0.0;2.0;6.0;1.0;B01
69934;201400046360;0;30;0;0.0;2.0;3.0;9.0;B01
69935;201400046360;0;10;0;0.0;2.0;5.0;1.0;A01
69936;201400046361;0;30;0;0.0;2.0;1.0;13.0;A01
69937;201400046361;0;34;0;0.0;2.0;1.0;7.0;B01
69938;201400046362;0;1;0;0.0;0.0;0.0;0.0;B01
69939;201400046362;0;7;0;1.0;0.0;8.0;22.0;A01
69940;201400046363;1;7;0;0.0;1.0;1.0;1.0;Z01
69941;201400046364;0;7;0;0.0;1.0;1.0;2.0;A01
69942;201400046365;0;7;0;0.0;1.0;1.0;1.0;A01
69943;201400046367;0;30;0;0.0;2.0;1.0;5.0;A01
69944;201400046367;0;7;0;0.0;2.0;1.0;1.0;B01
69945;201400046368;0;1;0;0.0;2.0;7.0;15.0;A01
69946;201400046368;0;33;0;0.0;9.0;1.0;1.0;B01
69947;201400046369;0;7;0;12.0;2.0;1.0;3.0;A01
69948;201400046369;0;7;0;9.0;2.0;4.0;1.0;C01
69949;201400046369;0;7;0;8.0;2.0;3.0;1.0;B01
69950;201400046370;0;7;0;0.0;1.0;8.0;1.0;A01
69951;201400046371;0;33;0;0.0;2.0;4.0;1.0;A01
69952;201400046371;1;7;0;0.0;2.0;2.0;2.0;Z01
69953;201400046371;0;10;0;0.0;2.0;1.0;2.0;B01
69954;201400046372;0;31;0;0.0;2.0;8.0;21.0;B01
69955;201400046372;0;7;0;0.0;2.0;5.0;1.0;A01
69956;201400046373;0;7;0;0.0;2.0;4.0;1.0;A01
69957;201400046373;0;7;0;0.0;2.0;9.0;2.0;C01
69958;201400046373;0;7;0;0.0;2.0;1.0;2.0;D01
69959;201400046373;0;7;0;0.0;2.0;9.0;2.0;B01
69960;201400046374;0;7;0;0.0;2.0;1.0;0.0;A01
69961;201400046375;0;33;0;0.0;2.0;1.0;1.0;C01
69962;201400046375;0;13;0;0.0;2.0;2.0;18.0;A01
69963;201400046375;0;7;0;0.0;2.0;8.0;1.0;B01
69964;201400046378;0;7;0;4.0;0.0;3.0;21.0;A01
69965;201400046379;0;7;0;0.0;2.0;1.0;11.0;B01
69966;201400046379;0;7;0;0.0;0.0;2.0;2.0;A01
69967;201400046380;0;17;0;0.0;2.0;0.0;0.0;C01
69968;201400046380;0;7;0;0.0;2.0;0.0;0.0;B01
69969;201400046380;0;7;0;0.0;2.0;0.0;0.0;A01
69970;201400046381;0;7;0;0.0;2.0;1.0;2.0;B01
69971;201400046381;0;7;0;0.0;2.0;4.0;1.0;A01
69972;201400046382;0;7;0;0.0;2.0;4.0;11.0;A01
69973;201400046382;2;7;0;0.0;2.0;1.0;0.0;B01
69974;201400046383;0;7;0;0.0;2.0;4.0;2.0;C01
69975;201400046383;0;7;0;0.0;2.0;4.0;2.0;B01
69976;201400046383;0;7;0;0.0;2.0;1.0;2.0;A01
69977;201400046384;0;15;0;0.0;2.0;1.0;2.0;D01
69978;201400046384;0;7;0;0.0;2.0;9.0;2.0;B01
69979;201400046384;0;7;0;0.0;2.0;9.0;2.0;C01
69980;201400046384;0;7;0;0.0;2.0;4.0;1.0;A01
69981;201400046386;0;7;0;4.0;0.0;1.0;1.0;A01
69982;201400046387;0;7;0;4.0;0.0;1.0;14.0;A01
69983;201400046388;0;7;0;0.0;2.0;1.0;2.0;B01
69984;201400046388;0;7;0;0.0;2.0;4.0;23.0;A01
69985;201400046389;0;7;0;4.0;0.0;1.0;0.0;A01
69986;201400046390;0;7;0;4.0;0.0;1.0;1.0;A01
69987;201400046392;0;10;0;0.0;2.0;7.0;0.0;A01
69988;201400046392;0;33;0;0.0;2.0;8.0;3.0;B01
69989;201400046393;0;7;0;0.0;2.0;3.0;11.0;A01
69990;201400046393;0;34;0;0.0;2.0;1.0;2.0;B01
69991;201400046394;0;7;0;0.0;2.0;7.0;12.0;A01
69992;201400046394;0;33;0;0.0;2.0;8.0;3.0;B01
69993;201400046395;0;7;0;9.0;0.0;7.0;0.0;A01
69994;201400046396;0;33;0;0.0;2.0;7.0;1.0;B01
69995;201400046396;0;7;0;0.0;2.0;8.0;11.0;A01
69996;201400046396;0;32;0;0.0;2.0;2.0;1.0;C01
69997;201400046397;0;33;0;3.0;0.0;1.0;1.0;A01
69998;201400046398;0;7;0;0.0;2.0;6.0;1.0;B01
69999;201400046398;0;15;0;0.0;2.0;2.0;12.0;A01
70000;201400046399;0;10;0;0.0;2.0;2.0;1.0;B01
70001;201400046399;0;7;0;3.0;2.0;8.0;11.0;A01
70002;201400046400;0;32;0;0.0;0.0;1.0;2.0;B01
70003;201400046400;0;7;0;0.0;2.0;4.0;1.0;A01
70004;201400046401;0;7;0;0.0;0.0;4.0;2.0;A01
70005;201400046401;0;7;0;0.0;0.0;4.0;2.0;D02
70006;201400046401;0;10;0;0.0;0.0;1.0;2.0;F01
70007;201400046401;0;7;0;0.0;0.0;4.0;2.0;C01
70008;201400046401;0;7;0;0.0;0.0;4.0;2.0;B01
70009;201400046401;0;10;0;0.0;0.0;4.0;2.0;E01
70010;201400046402;0;7;0;0.0;2.0;1.0;2.0;C01
70011;201400046402;0;7;0;0.0;2.0;1.0;2.0;B01
70012;201400046402;0;7;0;0.0;2.0;4.0;2.0;A01
70013;201400046403;0;33;0;0.0;0.0;6.0;0.0;B01
70014;201400046403;0;7;0;0.0;0.0;7.0;12.0;A01
70015;201400046404;0;7;0;0.0;0.0;1.0;2.0;B01
70016;201400046404;0;7;0;0.0;0.0;5.0;2.0;A01
70017;201400046405;0;7;0;0.0;0.0;3.0;2.0;A01
70018;201400046405;1;7;0;0.0;0.0;0.0;2.0;Z01
70019;201400046405;0;33;0;0.0;2.0;6.0;3.0;B01
70020;201400046406;0;7;0;16.0;0.0;1.0;1.0;A01
70021;201400046407;0;32;0;0.0;2.0;1.0;1.0;A01
70022;201400046407;1;7;0;0.0;2.0;6.0;11.0;Z01
70023;201400046408;0;7;0;0.0;2.0;7.0;17.0;A01
70024;201400046408;0;7;0;4.0;2.0;8.0;13.0;B01
70025;201400046409;0;7;0;0.0;2.0;1.0;2.0;A01
70026;201400046409;0;7;0;0.0;2.0;9.0;23.0;C01
70027;201400046409;0;7;0;0.0;2.0;4.0;23.0;E01
70028;201400046409;0;7;0;0.0;2.0;9.0;23.0;B01
70029;201400046409;0;7;0;0.0;2.0;9.0;23.0;D01
70030;201400046410;0;10;0;0.0;2.0;1.0;2.0;B01
70031;201400046410;0;7;0;0.0;2.0;4.0;1.0;A01
70032;201400046412;0;7;0;0.0;2.0;4.0;23.0;A01
70033;201400046412;0;7;0;0.0;2.0;1.0;2.0;D01
70034;201400046412;0;7;0;0.0;2.0;9.0;23.0;B01
70035;201400046412;0;7;0;0.0;2.0;9.0;23.0;C01
70036;201400046413;0;7;0;3.0;0.0;9.0;0.0;A01
70037;201400046414;0;7;0;0.0;2.0;1.0;2.0;B01
70038;201400046414;0;7;0;0.0;0.0;4.0;2.0;A01
70039;201400046415;0;10;0;0.0;2.0;3.0;11.0;A01
70040;201400046415;0;33;0;0.0;2.0;2.0;3.0;B01
70041;201400046417;0;7;0;0.0;2.0;1.0;1.0;B01
70042;201400046417;0;7;0;0.0;2.0;4.0;2.0;A01
70043;201400046418;0;10;0;0.0;0.0;1.0;2.0;B01
70044;201400046418;0;7;0;0.0;2.0;4.0;2.0;A01
70045;201400046419;0;7;0;0.0;0.0;1.0;1.0;B01
70046;201400046419;0;7;0;0.0;0.0;4.0;1.0;A01
70047;201400046420;0;31;0;0.0;2.0;3.0;3.0;A01
70048;201400046420;0;7;0;0.0;2.0;5.0;12.0;B01
70049;201400046421;0;7;0;0.0;2.0;3.0;1.0;B01
70050;201400046421;0;7;0;0.0;2.0;3.0;21.0;C01
70051;201400046421;0;7;0;4.0;2.0;9.0;17.0;A01
70052;201400046422;0;10;0;0.0;2.0;2.0;1.0;C01
70053;201400046422;0;7;0;0.0;2.0;7.0;1.0;A01
70054;201400046422;0;17;0;0.0;2.0;2.0;12.0;B01
70055;201400046423;0;33;0;0.0;2.0;1.0;2.0;B01
70056;201400046423;0;7;0;0.0;2.0;6.0;1.0;A01
70057;201400046424;0;7;0;0.0;2.0;8.0;1.0;A01
70058;201400046424;0;17;0;0.0;2.0;2.0;12.0;B01
70059;201400046425;0;10;0;0.0;2.0;5.0;12.0;A01
70060;201400046425;0;33;0;0.0;2.0;1.0;21.0;B01
70061;201400046426;0;31;0;14.0;0.0;1.0;1.0;A01
70062;201400046427;0;7;0;4.0;0.0;3.0;2.0;A01
70063;201400046428;0;7;0;0.0;2.0;2.0;12.0;A01
70064;201400046428;0;30;0;0.0;2.0;1.0;3.0;B01
70065;201400046429;0;7;0;0.0;0.0;4.0;2.0;A01
70066;201400046429;0;33;0;0.0;2.0;1.0;2.0;B01
70067;201400046430;0;7;0;0.0;2.0;1.0;2.0;A01
70068;201400046430;0;7;0;0.0;2.0;4.0;2.0;C01
70069;201400046430;0;7;0;0.0;2.0;4.0;2.0;B01
70070;201400046431;0;33;0;0.0;2.0;7.0;1.0;A01
70071;201400046431;0;7;0;0.0;2.0;8.0;11.0;B01
70072;201400046432;0;7;0;0.0;2.0;8.0;11.0;B01
70073;201400046432;0;33;0;0.0;2.0;7.0;1.0;A01
70074;201400046433;0;7;0;0.0;2.0;4.0;1.0;A01
70075;201400046433;2;7;0;0.0;2.0;1.0;2.0;Z01
70076;201400046434;0;7;0;0.0;2.0;8.0;1.0;C01
70077;201400046434;0;7;0;0.0;2.0;2.0;14.0;B01
70078;201400046434;0;33;0;0.0;2.0;3.0;3.0;A01
70079;201400046437;0;34;0;0.0;0.0;8.0;1.0;A01
70080;201400046438;0;7;0;13.0;0.0;1.0;13.0;A01
70081;201400046439;0;7;0;0.0;2.0;4.0;23.0;B01
70082;201400046439;0;7;0;0.0;2.0;1.0;0.0;A01
70083;201400046440;0;7;0;4.0;0.0;1.0;1.0;A01
70084;201400046441;0;7;0;3.0;0.0;7.0;14.0;A01
70085;201400046443;0;7;0;0.0;0.0;4.0;1.0;A01
70086;201400046443;0;7;0;14.0;2.0;1.0;1.0;D01
70087;201400046443;0;7;0;14.0;2.0;1.0;1.0;C01
70088;201400046443;0;7;0;14.0;2.0;1.0;1.0;B01
70089;201400046443;0;7;0;14.0;2.0;1.0;1.0;E01
70090;201400046444;0;31;0;0.0;0.0;7.0;21.0;A01
70091;201400046445;0;7;0;4.0;0.0;1.0;0.0;A01
70092;201400046446;0;33;0;4.0;0.0;3.0;1.0;A01
70093;201400046447;0;7;0;3.0;0.0;7.0;1.0;A01
70094;201400046448;0;7;0;6.0;0.0;9.0;21.0;A01
70095;201400046449;0;32;0;0.0;0.0;0.0;1.0;A01
70096;201400046450;0;15;0;0.0;2.0;2.0;12.0;B01
70097;201400046450;0;7;0;0.0;0.0;8.0;1.0;A01
70098;201400046451;0;33;0;0.0;2.0;1.0;2.0;C01
70099;201400046451;0;7;0;0.0;0.0;1.0;2.0;B01
70100;201400046451;0;10;0;0.0;0.0;4.0;2.0;A01
70101;201400046452;0;10;0;0.0;2.0;8.0;13.0;A01
70102;201400046452;0;32;0;0.0;2.0;7.0;3.0;B01
70103;201400046453;0;7;0;0.0;2.0;7.0;12.0;A01
70104;201400046453;0;31;0;0.0;2.0;8.0;3.0;B01
70105;201400046454;0;17;0;0.0;2.0;4.0;1.0;A01
70106;201400046454;0;14;0;0.0;2.0;1.0;2.0;B01
70107;201400046456;0;7;0;0.0;2.0;6.0;11.0;A01
70108;201400046456;0;31;0;0.0;2.0;1.0;3.0;B01
70109;201400046457;0;33;0;0.0;2.0;8.0;1.0;A01