;Num_Acc;senc;catv;occutc;obs;obsm;choc;manv;num_veh
70950;201400046873;0;7;0;0.0;2.0;1.0;2.0;D01
70951;201400046873;0;7;0;0.0;0.0;4.0;2.0;A01
70952;201400046873;0;7;0;0.0;2.0;1.0;2.0;B01
70953;201400046875;0;10;0;4.0;0.0;1.0;1.0;A01
70954;201400046876;0;7;0;0.0;2.0;7.0;1.0;A01
70955;201400046877;0;7;0;13.0;0.0;9.0;11.0;A01
70956;201400046878;0;33;0;0.0;0.0;3.0;21.0;A01
70957;201400046879;0;7;0;0.0;2.0;4.0;1.0;A01
70958;201400046879;0;15;0;0.0;2.0;1.0;2.0;B01
70959;201400046880;0;33;0;0.0;2.0;1.0;2.0;B01
70960;201400046880;0;7;0;0.0;0.0;1.0;2.0;C01
70961;201400046880;0;7;0;0.0;0.0;1.0;2.0;A01
70962;201400046880;1;7;0;0.0;0.0;0.0;2.0;Z01
70963;201400046881;0;7;0;4.0;0.0;1.0;2.0;A01
70964;201400046883;0;7;0;0.0;2.0;4.0;21.0;B01
70965;201400046883;0;7;0;0.0;2.0;1.0;14.0;A01
70966;201400046884;0;7;0;4.0;0.0;9.0;11.0;A01
70967;201400046885;0;7;0;3.0;0.0;1.0;0.0;A01
70968;201400046886;0;7;0;0.0;2.0;1.0;17.0;A01
70969;201400046886;0;7;0;0.0;2.0;4.0;1.0;B01
70970;201400046887;0;7;0;4.0;0.0;1.0;14.0;A01
70971;201400046888;0;7;0;3.0;0.0;1.0;1.0;A01
70972;201400046889;0;7;0;0.0;2.0;1.0;1.0;A01
70973;201400046889;0;7;0;0.0;2.0;4.0;2.0;B01
70974;201400046890;0;7;0;4.0;2.0;1.0;2.0;A01
70975;201400046890;0;7;0;0.0;2.0;7.0;2.0;B01
70976;201400046891;0;7;0;4.0;0.0;1.0;14.0;A01
70977;201400046892;1;99;0;0.0;0.0;;;Z01
70978;201400046892;0;7;0;0.0;0.0;0.0;0.0;A01
70979;201400046893;0;7;0;5.0;0.0;3.0;13.0;A01
70980;201400046894;0;10;0;0.0;2.0;7.0;12.0;A01
70981;201400046894;0;15;0;0.0;2.0;3.0;2.0;B01
70982;201400046896;0;7;0;0.0;2.0;4.0;1.0;C01
70983;201400046896;0;7;0;0.0;2.0;1.0;1.0;A01
70984;201400046896;0;13;0;0.0;2.0;9.0;1.0;B01
70985;201400046897;0;7;0;0.0;2.0;4.0;1.0;A01
70986;201400046897;1;14;0;0.0;2.0;1.0;2.0;Z01
70987;201400046898;0;7;0;4.0;0.0;1.0;0.0;A01
70988;201400046899;0;32;0;0.0;0.0;3.0;1.0;A01
70989;201400046900;0;7;0;4.0;0.0;3.0;13.0;A01
70990;201400046902;0;10;0;0.0;2.0;2.0;2.0;B01
70991;201400046902;0;7;0;0.0;2.0;1.0;1.0;A01
70992;201400046904;0;33;0;0.0;2.0;0.0;2.0;A01
70993;201400046904;0;31;0;0.0;2.0;8.0;2.0;B01
70994;201400046905;0;7;0;0.0;2.0;4.0;2.0;B01
70995;201400046905;0;7;0;0.0;2.0;1.0;1.0;C01
70996;201400046905;0;7;0;0.0;2.0;4.0;2.0;A01
70997;201400046906;0;7;0;15.0;0.0;3.0;13.0;A01
70998;201400046907;0;33;0;0.0;2.0;1.0;2.0;B01
70999;201400046907;0;7;0;0.0;0.0;4.0;2.0;A01
71000;201400046908;0;7;0;4.0;0.0;3.0;1.0;A01
71001;201400046910;0;10;0;4.0;0.0;1.0;1.0;A01
71002;201400046911;0;7;0;4.0;0.0;2.0;14.0;A01
71003;201400046912;0;7;0;4.0;0.0;3.0;13.0;A01
71004;201400046914;0;10;0;0.0;2.0;1.0;0.0;A01
71005;201400046914;0;7;0;0.0;2.0;4.0;0.0;B01
71006;201400046915;0;10;0;0.0;2.0;8.0;1.0;A01
71007;201400046915;0;33;0;0.0;2.0;7.0;13.0;B01
71008;201400046916;0;7;0;0.0;2.0;1.0;0.0;C01
71009;201400046916;0;7;0;0.0;2.0;4.0;0.0;B01
71010;201400046916;0;7;0;0.0;0.0;4.0;0.0;A01
71011;201400046917;0;7;0;0.0;2.0;7.0;1.0;A01
71012;201400046917;0;7;0;4.0;0.0;9.0;1.0;B01
71013;201400046918;0;7;0;0.0;0.0;0.0;0.0;A01
71014;201400046919;0;7;0;0.0;2.0;1.0;2.0;A01
71015;201400046919;0;7;0;0.0;2.0;4.0;2.0;B01
71016;201400046920;0;7;0;1.0;0.0;1.0;1.0;A01
71017;201400046920;0;7;0;0.0;0.0;4.0;23.0;B01
71018;201400046921;0;7;0;0.0;2.0;1.0;1.0;A01
71019;201400046921;0;7;0;0.0;2.0;4.0;12.0;B01
71020;201400046922;0;7;0;0.0;2.0;4.0;0.0;B01
71021;201400046922;0;7;0;0.0;2.0;4.0;0.0;D01
71022;201400046922;0;7;0;0.0;2.0;1.0;0.0;A01
71023;201400046922;1;7;0;0.0;2.0;1.0;0.0;Z01
71024;201400046922;0;7;0;0.0;2.0;4.0;0.0;E02
71025;201400046922;0;7;0;0.0;2.0;4.0;0.0;C01
71026;201400046923;0;7;0;0.0;2.0;1.0;1.0;E01
71027;201400046923;0;7;0;0.0;2.0;9.0;2.0;D01
71028;201400046923;0;7;0;0.0;2.0;9.0;2.0;B01
71029;201400046923;0;7;0;0.0;2.0;4.0;2.0;A01
71030;201400046923;0;7;0;0.0;2.0;9.0;2.0;C01
71031;201400046924;0;7;0;0.0;2.0;2.0;12.0;A01
71032;201400046924;0;33;0;0.0;2.0;3.0;3.0;B01
71033;201400046925;0;33;0;0.0;2.0;6.0;2.0;B01
71034;201400046925;0;7;0;0.0;2.0;2.0;1.0;A01
71035;201400046926;0;33;0;16.0;0.0;9.0;1.0;A01
71036;201400046927;0;33;0;0.0;2.0;7.0;1.0;B01
71037;201400046927;0;7;0;0.0;2.0;8.0;1.0;A01
71038;201400046928;0;31;0;0.0;0.0;8.0;21.0;A01
71039;201400046929;0;33;0;0.0;2.0;1.0;0.0;A01
71040;201400046930;0;33;0;0.0;0.0;0.0;0.0;A01
71041;201400046931;0;15;0;0.0;2.0;2.0;1.0;A01
71042;201400046931;0;7;0;0.0;2.0;8.0;11.0;B01
71043;201400046931;0;34;0;0.0;2.0;1.0;3.0;C01
71044;201400046932;0;7;0;0.0;0.0;0.0;0.0;A01
71045;201400046933;0;33;0;3.0;0.0;2.0;14.0;A01
71046;201400046934;0;7;0;0.0;0.0;4.0;2.0;B01
71047;201400046934;0;15;0;0.0;2.0;2.0;2.0;A01
71048;201400046936;0;10;0;3.0;0.0;3.0;13.0;A01
71049;201400046937;0;7;0;0.0;0.0;0.0;0.0;B01
71050;201400046937;0;34;0;0.0;0.0;0.0;0.0;A01
71051;201400046938;0;7;0;16.0;0.0;9.0;0.0;A01
71052;201400046939;0;7;0;4.0;0.0;2.0;0.0;A01
71053;201400046940;0;7;0;16.0;0.0;9.0;1.0;A01
71054;201400046942;0;7;0;0.0;1.0;2.0;1.0;A01
71055;201400046943;0;34;0;0.0;0.0;0.0;0.0;A01
71056;201400046943;0;7;0;0.0;0.0;0.0;0.0;B01
71057;201400046944;0;7;0;0.0;2.0;4.0;2.0;B01
71058;201400046944;0;7;0;0.0;2.0;1.0;2.0;A01
71059;201400046945;0;7;0;0.0;2.0;4.0;0.0;A01
71060;201400046945;1;7;0;0.0;2.0;2.0;0.0;Z01
71061;201400046945;0;10;0;0.0;2.0;4.0;0.0;B01
71062;201400046946;0;7;0;14.0;2.0;0.0;0.0;A01
71063;201400046946;0;33;0;14.0;2.0;4.0;0.0;B01
71064;201400046947;0;7;0;0.0;2.0;1.0;1.0;A01
71065;201400046947;0;7;0;0.0;0.0;4.0;23.0;B01
71066;201400046948;0;7;0;4.0;0.0;3.0;15.0;A01
71067;201400046949;0;7;0;4.0;0.0;2.0;14.0;A01
71068;201400046950;0;7;0;0.0;0.0;1.0;15.0;A01
71069;201400046951;0;7;0;0.0;0.0;3.0;12.0;A01
71070;201400046951;0;7;0;0.0;0.0;1.0;1.0;B01
71071;201400046952;0;7;0;3.0;2.0;7.0;2.0;A01
71072;201400046952;0;7;0;3.0;2.0;8.0;2.0;B01
71073;201400046952;0;7;0;3.0;2.0;8.0;2.0;C01
71074;201400046953;0;7;0;0.0;2.0;1.0;0.0;C01
71075;201400046953;0;7;0;0.0;2.0;4.0;0.0;A01
71076;201400046953;0;7;0;0.0;2.0;1.0;0.0;B01
71077;201400046955;0;7;0;0.0;2.0;1.0;1.0;B01
71078;201400046955;0;7;0;0.0;2.0;1.0;0.0;A01
71079;201400046956;0;7;0;5.0;0.0;1.0;0.0;A01
71080;201400046957;0;15;0;0.0;0.0;0.0;0.0;A01
71081;201400046957;0;7;0;0.0;0.0;0.0;0.0;B01
71082;201400046958;0;7;0;4.0;0.0;3.0;19.0;A01
71083;201400046959;0;15;0;0.0;2.0;4.0;2.0;B01
71084;201400046959;0;7;0;0.0;0.0;1.0;1.0;A01
71085;201400046960;0;7;0;0.0;0.0;0.0;0.0;B01
71086;201400046960;0;34;0;0.0;0.0;0.0;0.0;A01
71087;201400046961;0;10;0;3.0;0.0;2.0;14.0;A01
71088;201400046962;0;7;0;4.0;0.0;3.0;13.0;A01
71089;201400046963;0;10;0;0.0;0.0;4.0;1.0;C01
71090;201400046963;0;10;0;0.0;2.0;1.0;1.0;A01
71091;201400046963;0;10;0;0.0;2.0;4.0;1.0;B01
71092;201400046964;0;7;0;13.0;0.0;2.0;14.0;A01
71093;201400046965;0;7;0;0.0;2.0;4.0;2.0;D01
71094;201400046965;0;7;0;0.0;2.0;1.0;2.0;A01
71095;201400046965;0;7;0;0.0;2.0;0.0;2.0;C01
71096;201400046965;0;7;0;0.0;2.0;0.0;2.0;B01
71097;201400046967;0;15;0;0.0;2.0;2.0;12.0;A01
71098;201400046967;0;7;0;4.0;2.0;8.0;2.0;B01
71099;201400046969;0;7;0;0.0;2.0;0.0;0.0;E01
71100;201400046969;0;7;0;0.0;2.0;0.0;0.0;F01
71101;201400046969;0;7;0;0.0;2.0;0.0;0.0;C01
71102;201400046969;0;10;0;0.0;2.0;0.0;0.0;A02
71103;201400046969;0;7;0;0.0;2.0;0.0;0.0;B01
71104;201400046969;0;7;0;0.0;2.0;0.0;0.0;D01
71105;201400046970;0;10;0;0.0;0.0;1.0;0.0;A01
71106;201400046971;0;7;0;5.0;0.0;1.0;13.0;A01
71107;201400046972;0;7;0;4.0;0.0;1.0;13.0;A01
71108;201400046973;0;33;0;0.0;0.0;8.0;0.0;A01
71109;201400046975;0;30;0;14.0;0.0;1.0;0.0;A01
71110;201400046976;0;7;0;5.0;0.0;1.0;13.0;A01
71111;201400046977;0;7;0;4.0;0.0;3.0;13.0;A01
71112;201400046978;0;7;0;0.0;2.0;8.0;11.0;A01
71113;201400046978;0;10;0;0.0;2.0;2.0;1.0;B01
71114;201400046979;0;7;0;0.0;2.0;4.0;2.0;B01
71115;201400046979;0;33;0;0.0;2.0;1.0;1.0;A01
71116;201400046980;0;7;0;0.0;2.0;4.0;2.0;C01
71117;201400046980;0;10;0;0.0;2.0;4.0;2.0;B01
71118;201400046980;0;10;0;0.0;2.0;1.0;1.0;A01
71119;201400046981;0;10;0;0.0;2.0;6.0;2.0;D01
71120;201400046981;0;7;0;0.0;2.0;4.0;2.0;C01
71121;201400046981;0;7;0;0.0;2.0;1.0;1.0;A01
71122;201400046981;0;15;0;0.0;2.0;4.0;2.0;B01
71123;201400046982;0;7;0;0.0;2.0;4.0;2.0;B01
71124;201400046982;0;7;0;0.0;2.0;1.0;1.0;A01
71125;201400046983;0;7;0;0.0;2.0;9.0;9.0;A01
71126;201400046985;0;7;0;0.0;0.0;1.0;0.0;A01
71127;201400046986;0;7;0;0.0;1.0;3.0;1.0;A01
71128;201400046987;0;7;0;0.0;0.0;1.0;0.0;A01
71129;201400046987;0;7;0;0.0;0.0;4.0;0.0;B01
71130;201400046988;0;7;0;3.0;0.0;1.0;13.0;A01
71131;201400046989;0;7;0;0.0;0.0;2.0;2.0;A01
71132;201400046990;0;7;0;3.0;0.0;2.0;14.0;A01
71133;201400046991;0;7;0;0.0;2.0;4.0;0.0;B01
71134;201400046991;0;7;0;0.0;2.0;1.0;0.0;A01
71135;201400046992;0;7;0;0.0;2.0;9.0;0.0;C01
71136;201400046992;0;7;0;0.0;2.0;1.0;0.0;A01
71137;201400046992;0;7;0;0.0;2.0;4.0;0.0;B01
71138;201400046993;0;7;0;0.0;2.0;8.0;11.0;B01
71139;201400046993;0;7;0;0.0;2.0;7.0;1.0;A01
71140;201400046994;0;7;0;0.0;2.0;5.0;0.0;C01
71141;201400046994;0;7;0;0.0;2.0;2.0;0.0;B01
71142;201400046994;0;7;0;0.0;2.0;3.0;0.0;A01
71143;201400046995;0;7;0;0.0;2.0;1.0;0.0;A01
71144;201400046995;0;10;0;0.0;2.0;9.0;0.0;B01
71145;201400046995;0;7;0;0.0;2.0;4.0;0.0;C01
71146;201400046996;0;33;0;3.0;0.0;0.0;0.0;A01
71147;201400046997;0;7;0;0.0;2.0;0.0;0.0;A01
71148;201400046997;0;7;0;0.0;2.0;1.0;2.0;C01
71149;201400046997;0;7;0;0.0;2.0;1.0;2.0;B01
71150;201400046998;0;7;0;0.0;2.0;8.0;2.0;B01
71151;201400046998;0;15;0;0.0;2.0;4.0;2.0;C01
71152;201400046998;0;7;0;0.0;2.0;2.0;14.0;A01
71153;201400046999;0;7;0;3.0;0.0;3.0;0.0;A01
71154;201400047000;0;7;0;0.0;2.0;8.0;2.0;A01
71155;201400047000;0;15;0;0.0;2.0;2.0;12.0;B01
71156;201400047001;0;33;0;0.0;2.0;1.0;3.0;A01
71157;201400047001;0;7;0;0.0;0.0;5.0;0.0;B01
71158;201400047002;0;7;0;0.0;2.0;2.0;1.0;B01
71159;201400047002;0;33;0;0.0;2.0;8.0;1.0;A01
71160;201400047004;0;7;0;0.0;2.0;4.0;2.0;B01
71161;201400047004;0;7;0;0.0;2.0;1.0;1.0;A01
71162;201400047005;0;7;0;0.0;2.0;1.0;2.0;A01
71163;201400047006;0;7;0;0.0;0.0;4.0;1.0;B01
71164;201400047006;0;7;0;0.0;0.0;1.0;0.0;C01
71165;201400047006;0;7;0;0.0;0.0;8.0;0.0;A01
71166;201400047007;1;99;0;0.0;2.0;2.0;0.0;Z01
71167;201400047007;0;10;0;0.0;2.0;4.0;0.0;A01
71168;201400047011;0;7;0;0.0;2.0;4.0;2.0;D01
71169;201400047011;0;7;0;3.0;2.0;4.0;2.0;B01
71170;201400047011;0;17;0;0.0;2.0;1.0;2.0;A01
71171;201400047011;0;7;0;0.0;2.0;4.0;2.0;C01
71172;201400047014;0;7;0;16.0;0.0;9.0;0.0;A01
71173;201400047015;0;7;0;3.0;0.0;1.0;0.0;A01
71174;201400047016;0;7;0;0.0;2.0;8.0;9.0;A01
71175;201400047016;0;34;0;0.0;2.0;1.0;1.0;B01
71176;201400047017;0;7;0;16.0;0.0;9.0;0.0;A01
71177;201400047019;0;31;0;0.0;2.0;1.0;0.0;A01
71178;201400047019;0;7;0;0.0;2.0;4.0;0.0;B01
71179;201400047021;0;15;0;0.0;2.0;4.0;2.0;A01
71180;201400047021;0;10;0;0.0;2.0;1.0;2.0;B01
71181;201400047022;0;33;0;0.0;2.0;2.0;3.0;B01
71182;201400047022;0;10;0;0.0;2.0;3.0;1.0;A01
71183;201400047023;0;33;0;0.0;2.0;1.0;0.0;B01
71184;201400047023;0;7;0;0.0;2.0;2.0;0.0;A01
71185;201400047024;0;7;0;0.0;2.0;2.0;1.0;B01
71186;201400047024;0;7;0;0.0;2.0;6.0;2.0;A01
71187;201400047025;0;7;0;3.0;0.0;1.0;13.0;A01
71188;201400047026;0;7;0;0.0;2.0;2.0;14.0;A01
71189;201400047027;0;7;0;3.0;0.0;1.0;17.0;A01
71190;201400047028;0;7;0;0.0;2.0;2.0;2.0;A01
71191;201400047028;0;7;0;0.0;2.0;4.0;2.0;C01
71192;201400047028;0;7;0;3.0;0.0;3.0;13.0;B01
71193;201400047029;0;7;0;0.0;2.0;8.0;11.0;A01
71194;201400047029;0;15;0;0.0;2.0;2.0;1.0;B01
71195;201400047031;0;7;0;4.0;2.0;3.0;13.0;A01
71196;201400047032;0;7;0;0.0;2.0;6.0;11.0;A01
71197;201400047032;0;14;0;0.0;2.0;7.0;1.0;B01
71198;201400047033;0;7;0;0.0;2.0;4.0;11.0;A01
71199;201400047033;0;34;0;0.0;2.0;1.0;3.0;B01
71200;201400047034;0;7;0;;0.0;7.0;1.0;B01
71201;201400047034;0;7;0;4.0;0.0;3.0;13.0;A01
71202;201400047035;0;7;0;0.0;0.0;0.0;0.0;A01
71203;201400047036;0;7;0;0.0;2.0;4.0;1.0;A01
71204;201400047036;0;7;0;0.0;2.0;4.0;1.0;B01
71205;201400047036;0;7;0;0.0;2.0;1.0;1.0;C01
71206;201400047037;0;7;0;0.0;0.0;1.0;0.0;A01
71207;201400047039;0;33;0;0.0;2.0;1.0;3.0;A01
71208;201400047039;0;7;0;0.0;2.0;5.0;12.0;B01
71209;201400047041;0;7;0;0.0;2.0;1.0;1.0;A01
71210;201400047041;0;7;0;0.0;2.0;4.0;2.0;C01
71211;201400047041;0;7;0;0.0;2.0;9.0;2.0;B01
71212;201400047042;0;7;0;0.0;2.0;6.0;12.0;A01
71213;201400047042;0;33;0;0.0;2.0;1.0;1.0;B01
71214;201400047043;0;7;0;0.0;2.0;6.0;2.0;A01
71215;201400047043;0;33;0;0.0;2.0;1.0;1.0;B01
71216;201400047044;0;32;0;0.0;0.0;7.0;0.0;A01
71217;201400047046;0;33;0;0.0;2.0;0.0;0.0;A01
71218;201400047046;0;7;0;0.0;2.0;0.0;0.0;B01
71219;201400047047;0;7;0;4.0;0.0;1.0;17.0;A01
71220;201400047048;0;37;1;0.0;2.0;8.0;1.0;C01
71221;201400047048;0;34;0;0.0;2.0;1.0;3.0;A01
71222;201400047048;0;7;0;0.0;2.0;5.0;12.0;B01
71223;201400047049;0;15;0;0.0;2.0;2.0;0.0;A01
71224;201400047049;0;7;0;0.0;0.0;8.0;1.0;B01
71225;201400047050;0;14;0;0.0;0.0;0.0;12.0;B01
71226;201400047050;0;7;0;0.0;2.0;9.0;12.0;A01
71227;201400047053;0;7;0;4.0;0.0;6.0;13.0;A01
71228;201400047054;0;7;0;14.0;2.0;4.0;0.0;A01
71229;201400047054;0;7;0;14.0;2.0;1.0;0.0;B01
71230;201400047057;0;7;0;0.0;2.0;4.0;2.0;C01
71231;201400047057;0;7;0;0.0;2.0;1.0;1.0;A01
71232;201400047057;0;10;0;0.0;2.0;4.0;2.0;B01
71233;201400047058;0;33;0;0.0;0.0;0.0;0.0;A01
71234;201400047058;0;7;0;0.0;0.0;0.0;0.0;B01
71235;201400047059;0;33;0;0.0;2.0;8.0;1.0;B01
71236;201400047059;0;10;0;0.0;2.0;5.0;14.0;A01
71237;201400047060;0;37;1;0.0;2.0;2.0;1.0;B01
71238;201400047060;0;7;0;4.0;2.0;9.0;3.0;A01
71239;201400047061;1;99;0;0.0;2.0;2.0;1.0;Z01
71240;201400047061;0;7;0;0.0;2.0;4.0;2.0;A01
71241;201400047062;0;15;0;0.0;2.0;2.0;12.0;A01
71242;201400047062;0;7;0;0.0;2.0;8.0;0.0;B01
71243;201400047064;0;33;0;16.0;0.0;9.0;1.0;A01
71244;201400047065;0;33;0;0.0;9.0;1.0;1.0;A01
71245;201400047066;0;10;0;0.0;2.0;1.0;2.0;A01
71246;201400047066;0;7;0;0.0;2.0;4.0;2.0;C01
71247;201400047066;0;7;0;0.0;2.0;4.0;2.0;B01
71248;201400047067;0;17;0;0.0;0.0;6.0;23.0;B01
71249;201400047067;0;7;0;1.0;0.0;2.0;1.0;A01
71250;201400047068;0;14;0;1.0;0.0;2.0;1.0;A01
71251;201400047068;0;14;0;0.0;0.0;6.0;24.0;B01
71252;201400047069;0;7;0;4.0;0.0;3.0;1.0;A01
71253;201400047071;0;10;0;0.0;0.0;0.0;2.0;A01
71254;201400047071;0;33;0;0.0;2.0;0.0;3.0;B01
71255;201400047072;0;7;0;0.0;0.0;0.0;0.0;B01
71256;201400047072;0;15;0;0.0;0.0;0.0;0.0;A01
71257;201400047074;0;13;0;0.0;2.0;2.0;1.0;A01
71258;201400047074;0;7;0;0.0;2.0;8.0;9.0;B01
71259;201400047076;0;33;0;0.0;2.0;1.0;3.0;A01
71260;201400047076;0;7;0;0.0;2.0;4.0;0.0;B01
71261;201400047077;0;7;0;0.0;2.0;1.0;1.0;A01
71262;201400047077;0;7;0;0.0;0.0;4.0;2.0;B01
71263;201400047077;0;7;0;0.0;2.0;4.0;2.0;C01
71264;201400047078;0;34;0;0.0;0.0;0.0;0.0;A01
71265;201400047079;0;7;0;14.0;2.0;4.0;2.0;B01
71266;201400047079;0;7;0;14.0;2.0;9.0;1.0;A01
71267;201400047080;0;99;0;4.0;0.0;0.0;2.0;A01
71268;201400047081;0;7;0;5.0;0.0;3.0;0.0;A01
71269;201400047082;0;34;0;0.0;2.0;1.0;0.0;G02
71270;201400047082;1;7;0;0.0;2.0;0.0;0.0;Z01
71271;201400047082;0;7;0;0.0;2.0;1.0;0.0;B01
71272;201400047082;0;7;0;0.0;2.0;4.0;0.0;E02
71273;201400047082;0;7;0;0.0;2.0;1.0;0.0;C02
71274;201400047082;0;7;0;0.0;2.0;1.0;0.0;D01
71275;201400047082;0;7;0;0.0;2.0;4.0;0.0;A01
71276;201400047082;0;7;0;0.0;2.0;1.0;0.0;F01
71277;201400047083;0;7;0;4.0;0.0;3.0;13.0;A01
71278;201400047084;0;7;0;4.0;2.0;2.0;14.0;A01
71279;201400047084;0;7;0;0.0;2.0;6.0;2.0;B01
71280;201400047085;0;7;0;4.0;0.0;9.0;0.0;A01
71281;201400047086;0;7;0;0.0;2.0;4.0;2.0;E01
71282;201400047086;0;7;0;0.0;2.0;4.0;2.0;B01
71283;201400047086;0;7;0;0.0;2.0;1.0;1.0;A01
71284;201400047086;0;7;0;0.0;2.0;4.0;2.0;D01
71285;201400047086;0;7;0;0.0;2.0;4.0;2.0;C01
71286;201400047087;0;32;0;0.0;2.0;1.0;0.0;A01
71287;201400047088;0;7;0;0.0;2.0;1.0;0.0;A01
71288;201400047088;0;7;0;0.0;0.0;3.0;0.0;C01
71289;201400047088;0;7;0;0.0;2.0;4.0;0.0;B01
71290;201400047089;0;7;0;0.0;2.0;1.0;2.0;A01
71291;201400047089;0;7;0;0.0;0.0;4.0;1.0;B01
71292;201400047090;1;99;0;0.0;0.0;0.0;0.0;Z01
71293;201400047090;0;7;0;0.0;2.0;9.0;1.0;A01
71294;201400047091;0;33;0;0.0;0.0;0.0;2.0;A01
71295;201400047092;0;7;0;14.0;2.0;1.0;0.0;A01
71296;201400047092;0;99;0;14.0;2.0;4.0;0.0;B01
71297;201400047093;0;7;0;0.0;2.0;4.0;2.0;B01
71298;201400047093;0;7;0;0.0;2.0;1.0;1.0;A01
71299;201400047094;0;7;0;4.0;0.0;3.0;11.0;A01
71300;201400047095;0;7;0;4.0;0.0;1.0;1.0;A01
71301;201400047097;0;33;0;0.0;2.0;8.0;1.0;A01
71302;201400047097;1;7;0;0.0;0.0;0.0;0.0;Z01
71303;201400047097;0;7;0;0.0;2.0;6.0;2.0;B01
71304;201400047098;0;7;0;3.0;0.0;1.0;1.0;A01
71305;201400047099;0;33;0;4.0;0.0;1.0;17.0;A01
71306;201400047100;0;7;0;0.0;2.0;8.0;11.0;B01
71307;201400047100;0;33;0;0.0;2.0;7.0;3.0;A01
71308;201400047101;0;7;0;0.0;2.0;9.0;2.0;C01
71309;201400047101;0;7;0;0.0;2.0;1.0;1.0;A01
71310;201400047101;0;7;0;0.0;2.0;1.0;2.0;B01
71311;201400047101;0;7;0;0.0;2.0;4.0;2.0;D01
71312;201400047102;0;33;0;0.0;2.0;3.0;3.0;A01
71313;201400047102;0;7;0;0.0;2.0;2.0;1.0;B01
71314;201400047103;0;7;0;4.0;0.0;1.0;1.0;A01
71315;201400047104;0;7;0;0.0;0.0;0.0;0.0;C01
71316;201400047104;0;7;0;0.0;0.0;0.0;0.0;A01
71317;201400047104;0;14;0;0.0;0.0;0.0;0.0;B01
71318;201400047105;0;7;0;0.0;2.0;7.0;2.0;B01
71319;201400047105;0;33;0;0.0;2.0;1.0;1.0;A01
71320;201400047106;0;7;0;3.0;2.0;3.0;17.0;A01
71321;201400047106;0;7;0;0.0;2.0;5.0;1.0;B01
71322;201400047107;0;7;0;0.0;0.0;4.0;0.0;A01
71323;201400047107;0;30;0;0.0;2.0;1.0;0.0;B01
71324;201400047108;0;7;0;0.0;2.0;2.0;2.0;A01
71325;201400047108;1;7;0;0.0;2.0;2.0;18.0;Z01
71326;201400047110;0;7;0;0.0;2.0;2.0;12.0;A01
71327;201400047110;0;34;0;0.0;2.0;8.0;3.0;B01
71328;201400047111;0;33;0;4.0;2.0;1.0;16.0;A01
71329;201400047111;0;15;0;0.0;2.0;2.0;1.0;B01
71330;201400047112;0;7;0;4.0;0.0;0.0;0.0;A01
71331;201400047114;0;7;0;0.0;0.0;4.0;2.0;B01
71332;201400047114;0;7;0;0.0;0.0;1.0;2.0;A01
71333;201400047115;0;7;0;4.0;0.0;3.0;13.0;A01
71334;201400047116;0;31;0;4.0;0.0;3.0;13.0;A01
71335;201400047116;0;7;0;14.0;2.0;2.0;14.0;B01
71336;201400047117;0;7;0;0.0;0.0;1.0;0.0;B01
71337;201400047117;0;7;0;0.0;0.0;4.0;11.0;A01
71338;201400047118;0;10;0;0.0;2.0;4.0;2.0;A01
71339;201400047118;0;10;0;0.0;2.0;1.0;2.0;B01
71340;201400047118;0;7;0;0.0;2.0;1.0;2.0;C01
71341;201400047119;0;10;0;0.0;2.0;1.0;2.0;B01
71342;201400047119;0;7;0;0.0;2.0;4.0;2.0;A01
71343;201400047120;0;7;0;0.0;2.0;1.0;11.0;A01
71344;201400047120;0;33;0;0.0;2.0;1.0;3.0;B01
71345;201400047120;0;10;0;0.0;2.0;7.0;2.0;C01
71346;201400047121;0;7;0;0.0;0.0;0.0;0.0;A01
71347;201400047121;1;13;0;0.0;2.0;2.0;0.0;Z01
71348;201400047122;0;7;0;0.0;0.0;0.0;0.0;A01
71349;201400047123;0;7;0;3.0;0.0;1.0;0.0;A01
71350;201400047124;0;7;0;3.0;0.0;1.0;12.0;A01
71351;201400047125;0;7;0;4.0;0.0;3.0;11.0;A01
71352;201400047126;0;7;0;0.0;2.0;1.0;2.0;A01
71353;201400047126;0;7;0;0.0;0.0;4.0;2.0;B01
71354;201400047127;0;7;0;0.0;2.0;4.0;2.0;A01
71355;201400047127;0;33;0;0.0;2.0;1.0;1.0;B01
71356;201400047128;0;14;0;0.0;2.0;1.0;1.0;A01
71357;201400047128;0;7;0;0.0;2.0;4.0;2.0;B01
71358;201400047129;0;7;0;14.0;2.0;3.0;0.0;F01
71359;201400047129;0;7;0;14.0;2.0;3.0;0.0;B02
71360;201400047129;0;7;0;14.0;2.0;1.0;0.0;D01
71361;201400047129;0;7;0;14.0;2.0;6.0;0.0;A02
71362;201400047129;0;7;0;14.0;2.0;6.0;0.0;G01
71363;201400047129;0;7;0;14.0;2.0;1.0;0.0;C01
71364;201400047129;0;7;0;14.0;2.0;1.0;0.0;E01
71365;201400047131;0;34;0;0.0;0.0;0.0;0.0;B01
71366;201400047131;0;33;0;0.0;2.0;0.0;0.0;A01
71367;201400047132;0;33;0;4.0;0.0;2.0;14.0;A01
71368;201400047133;1;7;0;0.0;0.0;0.0;0.0;Z01
71369;201400047133;0;10;0;0.0;2.0;4.0;2.0;A01
71370;201400047133;0;33;0;0.0;2.0;9.0;2.0;B01
71371;201400047134;0;7;0;0.0;2.0;4.0;0.0;A01