;Num_Acc;senc;catv;occutc;obs;obsm;choc;manv;num_veh
71372;201400047134;0;33;0;0.0;2.0;0.0;0.0;B01
71373;201400047135;0;7;0;0.0;2.0;8.0;11.0;A01
71374;201400047135;0;15;0;0.0;2.0;5.0;1.0;B01
71375;201400047136;1;99;0;0.0;2.0;2.0;0.0;B01
71376;201400047136;1;99;0;0.0;2.0;2.0;0.0;C01
71377;201400047136;0;7;0;0.0;2.0;9.0;2.0;A01
71378;201400047138;0;3;0;0.0;2.0;6.0;4.0;A01
71379;201400047138;0;13;0;0.0;2.0;2.0;1.0;B01
71380;201400047139;0;32;0;0.0;2.0;2.0;0.0;A01
71381;201400047139;0;7;0;0.0;2.0;3.0;1.0;B01
71382;201400047140;0;7;0;0.0;2.0;1.0;2.0;B01
71383;201400047140;0;7;0;0.0;2.0;4.0;0.0;A01
71384;201400047141;0;7;0;3.0;0.0;1.0;0.0;A01
71385;201400047142;0;7;0;0.0;2.0;4.0;2.0;B01
71386;201400047142;0;7;0;3.0;2.0;1.0;13.0;A01
71387;201400047143;0;7;0;0.0;0.0;3.0;11.0;A01
71388;201400047143;0;7;0;14.0;0.0;1.0;2.0;B01
71389;201400047144;0;34;0;0.0;2.0;1.0;3.0;B01
71390;201400047144;0;7;0;0.0;2.0;6.0;12.0;A01
71391;201400047145;0;7;0;4.0;0.0;9.0;13.0;A01
71392;201400047146;0;7;0;0.0;2.0;1.0;12.0;A01
71393;201400047147;0;7;0;0.0;0.0;0.0;0.0;B01
71394;201400047147;0;33;0;0.0;0.0;0.0;0.0;A01
71395;201400047148;0;7;0;4.0;2.0;1.0;1.0;A01
71396;201400047148;1;7;0;0.0;2.0;3.0;0.0;Z01
71397;201400047149;0;10;0;0.0;2.0;4.0;0.0;C01
71398;201400047149;0;7;0;0.0;2.0;9.0;15.0;D01
71399;201400047149;0;7;0;0.0;2.0;4.0;0.0;B01
71400;201400047149;0;7;0;0.0;2.0;1.0;9.0;A01
71401;201400047150;0;7;0;0.0;2.0;1.0;2.0;C01
71402;201400047150;0;7;0;0.0;2.0;1.0;1.0;D01
71403;201400047150;0;7;0;0.0;0.0;4.0;1.0;A01
71404;201400047150;0;7;0;0.0;2.0;1.0;2.0;B01
71405;201400047151;0;7;0;3.0;0.0;1.0;12.0;A01
71406;201400047152;0;7;0;16.0;0.0;9.0;0.0;A01
71407;201400047153;0;7;0;4.0;0.0;1.0;1.0;A01
71408;201400047155;0;7;0;0.0;0.0;2.0;0.0;A01
71409;201400047156;0;7;0;4.0;0.0;2.0;14.0;A01
71410;201400047157;0;7;0;0.0;2.0;4.0;0.0;A01
71411;201400047157;0;14;0;0.0;2.0;1.0;0.0;B01
71412;201400047158;0;7;0;0.0;2.0;1.0;1.0;A01
71413;201400047158;0;7;0;0.0;2.0;4.0;0.0;C01
71414;201400047158;0;7;0;0.0;2.0;4.0;0.0;B01
71415;201400047159;0;7;0;4.0;0.0;1.0;1.0;A01
71416;201400047160;0;7;0;0.0;0.0;2.0;0.0;A01
71417;201400047161;0;33;0;0.0;2.0;1.0;1.0;C01
71418;201400047161;0;7;0;0.0;2.0;8.0;11.0;B01
71419;201400047161;0;17;0;0.0;2.0;2.0;12.0;A01
71420;201400047162;0;7;0;6.0;0.0;9.0;14.0;A01
71421;201400047163;0;7;0;0.0;2.0;4.0;2.0;C01
71422;201400047163;0;14;0;0.0;2.0;5.0;2.0;B01
71423;201400047163;0;14;0;0.0;2.0;1.0;2.0;A01
71424;201400047163;0;7;0;0.0;2.0;4.0;2.0;D01
71425;201400047166;0;7;0;4.0;0.0;1.0;1.0;A01
71426;201400047167;0;7;0;0.0;2.0;1.0;1.0;A01
71427;201400047167;0;30;0;0.0;2.0;4.0;2.0;B01
71428;201400047168;0;7;0;0.0;2.0;4.0;2.0;B01
71429;201400047168;0;7;0;0.0;2.0;1.0;2.0;A01
71430;201400047169;0;7;0;3.0;0.0;2.0;14.0;A01
71431;201400047170;0;10;0;4.0;0.0;9.0;14.0;A01
71432;201400047171;0;7;0;0.0;2.0;1.0;11.0;A01
71433;201400047171;0;10;0;0.0;2.0;4.0;1.0;B01
71434;201400047172;0;32;0;0.0;0.0;0.0;0.0;A01
71435;201400047172;0;7;0;0.0;0.0;4.0;0.0;C01
71436;201400047172;0;7;0;0.0;0.0;0.0;0.0;B01
71437;201400047174;0;7;0;4.0;0.0;1.0;13.0;A01
71438;201400047175;0;33;0;0.0;0.0;0.0;0.0;A01
71439;201400047175;0;7;0;0.0;0.0;6.0;0.0;B01
71440;201400047176;0;7;0;0.0;2.0;1.0;0.0;A01
71441;201400047177;0;7;0;4.0;0.0;1.0;1.0;A01
71442;201400047178;0;7;0;0.0;2.0;4.0;2.0;B01
71443;201400047178;0;7;0;0.0;2.0;1.0;1.0;A01
71444;201400047181;0;7;0;0.0;2.0;1.0;13.0;C01
71445;201400047181;0;7;0;4.0;0.0;3.0;0.0;A01
71446;201400047181;0;7;0;0.0;2.0;4.0;21.0;B01
71447;201400047182;0;7;0;3.0;0.0;1.0;0.0;A01
71448;201400047183;1;99;0;0.0;2.0;2.0;0.0;Z01
71449;201400047183;0;7;0;0.0;0.0;6.0;21.0;A01
71450;201400047183;0;33;0;0.0;2.0;7.0;21.0;B01
71451;201400047184;0;33;0;16.0;0.0;9.0;1.0;A01
71452;201400047185;0;7;0;0.0;2.0;9.0;0.0;C01
71453;201400047185;0;14;0;0.0;2.0;1.0;0.0;E01
71454;201400047185;0;17;0;0.0;2.0;1.0;0.0;D01
71455;201400047185;0;7;0;0.0;2.0;3.0;0.0;A01
71456;201400047185;0;7;0;0.0;2.0;4.0;0.0;B01
71457;201400047187;0;7;0;0.0;2.0;1.0;2.0;E01
71458;201400047187;0;7;0;0.0;2.0;9.0;2.0;D01
71459;201400047187;0;7;0;0.0;0.0;4.0;2.0;A01
71460;201400047187;0;7;0;0.0;2.0;9.0;2.0;C01
71461;201400047187;0;7;0;0.0;2.0;9.0;2.0;B01
71462;201400047188;0;7;0;0.0;0.0;0.0;0.0;A01
71463;201400047189;1;99;0;0.0;2.0;2.0;0.0;Z01
71464;201400047189;0;7;0;0.0;0.0;0.0;0.0;A01
71465;201400047190;0;7;0;4.0;0.0;1.0;14.0;A01
71466;201400047192;0;7;0;3.0;0.0;1.0;14.0;A01
71467;201400047193;0;7;0;0.0;0.0;4.0;2.0;B01
71468;201400047193;0;7;0;0.0;2.0;1.0;1.0;A01
71469;201400047194;0;31;0;0.0;0.0;0.0;0.0;A01
71470;201400047195;0;7;0;3.0;2.0;8.0;1.0;A01
71471;201400047195;0;15;0;0.0;2.0;2.0;12.0;B01
71472;201400047196;0;7;0;0.0;0.0;0.0;0.0;A01
71473;201400047197;0;7;0;0.0;2.0;7.0;0.0;A01
71474;201400047197;0;33;0;0.0;2.0;8.0;3.0;B01
71475;201400047198;0;32;0;1.0;0.0;7.0;3.0;A01
71476;201400047198;0;13;0;0.0;2.0;8.0;1.0;B01
71477;201400047199;0;33;0;0.0;0.0;8.0;1.0;A01
71478;201400047200;0;7;0;0.0;2.0;4.0;1.0;B01
71479;201400047200;0;7;0;0.0;2.0;1.0;1.0;A01
71480;201400047201;0;10;0;0.0;0.0;8.0;24.0;A01
71481;201400047201;0;31;0;1.0;2.0;3.0;0.0;B01
71482;201400047203;0;7;0;0.0;0.0;1.0;0.0;A01
71483;201400047203;0;7;0;0.0;2.0;6.0;0.0;B01
71484;201400047205;1;99;0;0.0;2.0;2.0;0.0;Z01
71485;201400047205;0;33;0;0.0;2.0;3.0;0.0;A01
71486;201400047206;0;7;0;0.0;2.0;1.0;9.0;B01
71487;201400047206;0;7;0;0.0;2.0;4.0;2.0;A01
71488;201400047207;0;7;0;0.0;2.0;5.0;1.0;A01
71489;201400047207;0;33;0;0.0;2.0;1.0;3.0;B01
71490;201400047208;0;33;0;0.0;0.0;1.0;1.0;A01
71491;201400047208;0;7;0;0.0;0.0;5.0;11.0;B01
71492;201400047210;0;7;0;0.0;0.0;1.0;1.0;A01
71493;201400047210;0;7;0;0.0;0.0;6.0;0.0;B01
71494;201400047211;0;7;0;0.0;0.0;5.0;1.0;C01
71495;201400047211;0;33;0;0.0;2.0;8.0;3.0;B01
71496;201400047212;0;7;0;0.0;2.0;5.0;0.0;B01
71497;201400047212;0;7;0;0.0;2.0;1.0;21.0;A01
71498;201400047214;0;7;0;4.0;0.0;8.0;13.0;A01
71499;201400047215;0;31;0;0.0;2.0;1.0;3.0;A01
71500;201400047215;0;7;0;0.0;2.0;6.0;2.0;B01
71501;201400047216;0;7;0;0.0;0.0;1.0;0.0;A01
71502;201400047218;0;7;0;0.0;2.0;1.0;0.0;A01
71503;201400047218;0;7;0;0.0;2.0;4.0;0.0;B01
71504;201400047219;0;7;0;0.0;0.0;1.0;0.0;A01
71505;201400047220;0;7;0;4.0;0.0;3.0;13.0;A01
71506;201400047221;0;7;0;0.0;2.0;1.0;0.0;A01
71507;201400047221;0;7;0;0.0;2.0;9.0;0.0;B01
71508;201400047221;0;7;0;0.0;2.0;4.0;0.0;C01
71509;201400047222;0;7;0;0.0;0.0;0.0;0.0;B01
71510;201400047222;0;33;0;0.0;0.0;1.0;0.0;A01
71511;201400047223;0;33;0;0.0;2.0;1.0;2.0;A01
71512;201400047223;0;33;0;0.0;2.0;4.0;21.0;B01
71513;201400047224;0;7;0;0.0;0.0;8.0;0.0;B01
71514;201400047224;0;17;0;0.0;0.0;2.0;0.0;A01
71515;201400047226;0;17;0;0.0;0.0;0.0;0.0;A01
71516;201400047226;0;7;0;0.0;0.0;0.0;0.0;B01
71517;201400047227;0;7;0;0.0;2.0;4.0;2.0;B01
71518;201400047227;0;7;0;0.0;2.0;9.0;1.0;A01
71519;201400047228;0;31;0;0.0;2.0;2.0;3.0;A01
71520;201400047228;1;7;0;0.0;2.0;8.0;11.0;Z01
71521;201400047229;1;99;0;0.0;2.0;0.0;0.0;Z01
71522;201400047229;0;14;0;0.0;2.0;2.0;17.0;B01
71523;201400047229;0;7;0;4.0;2.0;8.0;13.0;A01
71524;201400047230;0;7;0;0.0;0.0;4.0;2.0;A01
71525;201400047230;0;7;0;1.0;2.0;1.0;2.0;B01
71526;201400047230;0;7;0;1.0;2.0;1.0;2.0;C01
71527;201400047231;0;33;0;0.0;0.0;7.0;3.0;A01
71528;201400047232;0;10;0;3.0;0.0;9.0;1.0;A01
71529;201400047234;1;7;0;0.0;2.0;4.0;0.0;Z01
71530;201400047234;0;33;0;0.0;2.0;1.0;12.0;A01
71531;201400047235;0;7;0;1.0;0.0;1.0;2.0;B01
71532;201400047235;0;7;0;0.0;0.0;4.0;2.0;A01
71533;201400047236;0;7;0;0.0;2.0;7.0;14.0;B01
71534;201400047236;0;33;0;0.0;2.0;8.0;1.0;A01
71535;201400047237;0;7;0;0.0;0.0;5.0;0.0;B01
71536;201400047237;0;7;0;0.0;0.0;4.0;0.0;C01
71537;201400047237;0;33;0;0.0;0.0;1.0;3.0;A01
71538;201400047238;0;7;0;3.0;0.0;2.0;14.0;A01
71539;201400047239;0;7;0;6.0;0.0;4.0;14.0;A01
71540;201400047240;0;7;0;0.0;2.0;1.0;2.0;A01
71541;201400047240;0;7;0;0.0;2.0;4.0;2.0;B01
71542;201400047241;0;7;0;0.0;0.0;0.0;0.0;A01
71543;201400047242;0;7;0;0.0;2.0;1.0;1.0;B01
71544;201400047242;0;7;0;0.0;2.0;9.0;1.0;A01
71545;201400047243;0;33;0;0.0;0.0;7.0;0.0;A01
71546;201400047244;0;7;0;0.0;2.0;2.0;0.0;B01
71547;201400047244;0;33;0;0.0;2.0;1.0;0.0;A01
71548;201400047245;0;7;0;0.0;2.0;6.0;2.0;A01
71549;201400047245;0;7;0;0.0;2.0;1.0;3.0;B01
71550;201400047246;0;3;0;3.0;2.0;6.0;2.0;B01
71551;201400047246;0;7;0;0.0;2.0;3.0;1.0;A01
71552;201400047247;0;7;0;13.0;0.0;3.0;13.0;A01
71553;201400047248;0;31;0;0.0;2.0;8.0;3.0;B01
71554;201400047248;0;7;0;0.0;2.0;2.0;1.0;A01
71555;201400047249;0;7;0;0.0;0.0;6.0;0.0;A01
71556;201400047249;0;15;0;0.0;0.0;3.0;0.0;B01
71557;201400047250;0;7;0;4.0;0.0;3.0;0.0;A01
71558;201400047251;0;31;0;0.0;0.0;1.0;0.0;A01
71559;201400047252;0;17;0;4.0;0.0;3.0;13.0;A01
71560;201400047253;0;7;0;4.0;2.0;6.0;11.0;A01
71561;201400047253;0;15;0;0.0;2.0;1.0;1.0;B01
71562;201400047255;0;34;0;0.0;2.0;6.0;2.0;A01
71563;201400047255;0;10;0;0.0;9.0;2.0;2.0;B01
71564;201400047256;0;7;0;0.0;0.0;4.0;0.0;A01
71565;201400047256;0;15;0;0.0;0.0;1.0;0.0;B01
71566;201400047257;0;33;0;0.0;2.0;1.0;1.0;A01
71567;201400047257;1;7;0;0.0;;0.0;0.0;Z01
71568;201400047258;0;15;0;0.0;2.0;0.0;0.0;B01
71569;201400047258;0;7;0;0.0;2.0;2.0;0.0;A01
71570;201400047259;0;33;0;0.0;2.0;1.0;0.0;A01
71571;201400047259;0;7;0;0.0;2.0;4.0;0.0;B01
71572;201400047260;0;7;0;4.0;0.0;0.0;0.0;A01
71573;201400047261;0;7;0;4.0;2.0;3.0;1.0;A01
71574;201400047261;0;7;0;0.0;2.0;1.0;21.0;B01
71575;201400047263;0;33;0;0.0;0.0;8.0;0.0;A01
71576;201400047264;0;7;0;0.0;2.0;7.0;11.0;B01
71577;201400047264;0;7;0;0.0;2.0;8.0;1.0;A01
71578;201400047265;0;33;0;16.0;0.0;9.0;1.0;A01
71579;201400047266;0;7;0;16.0;0.0;1.0;1.0;A01
71580;201400047268;0;7;0;0.0;2.0;4.0;2.0;C01
71581;201400047268;0;33;0;0.0;2.0;7.0;2.0;B01
71582;201400047268;0;7;0;0.0;2.0;8.0;11.0;A01
71583;201400047269;0;7;0;0.0;2.0;8.0;11.0;A01
71584;201400047269;0;33;0;0.0;2.0;2.0;3.0;B01
71585;201400047272;0;7;0;0.0;2.0;8.0;0.0;B01
71586;201400047272;0;7;0;0.0;2.0;5.0;0.0;C01
71587;201400047272;0;34;0;0.0;2.0;1.0;3.0;A01
71588;201400047273;1;7;0;0.0;2.0;0.0;0.0;Z01
71589;201400047273;0;33;0;4.0;2.0;7.0;1.0;A01
71590;201400047274;0;7;0;0.0;2.0;5.0;12.0;A01
71591;201400047274;0;34;0;0.0;2.0;1.0;18.0;B01
71592;201400047275;0;7;0;0.0;0.0;9.0;0.0;C01
71593;201400047275;0;7;0;0.0;2.0;9.0;0.0;B01
71594;201400047275;0;7;0;0.0;0.0;2.0;0.0;A01
71595;201400047276;0;7;0;0.0;2.0;3.0;1.0;D01
71596;201400047276;0;7;0;0.0;2.0;6.0;1.0;G02
71597;201400047276;0;7;0;0.0;2.0;8.0;1.0;H02
71598;201400047276;0;7;0;0.0;2.0;4.0;1.0;J02
71599;201400047276;0;7;0;0.0;2.0;6.0;1.0;B01
71600;201400047276;0;7;0;0.0;2.0;4.0;1.0;F01
71601;201400047276;0;7;0;0.0;2.0;5.0;1.0;C01
71602;201400047276;0;7;0;0.0;2.0;1.0;11.0;A01
71603;201400047276;0;7;0;0.0;2.0;4.0;1.0;I02
71604;201400047276;0;7;0;0.0;2.0;8.0;1.0;E01
71605;201400047277;0;7;0;4.0;0.0;2.0;2.0;A01
71606;201400047278;0;7;0;0.0;0.0;6.0;1.0;B01
71607;201400047278;0;7;0;0.0;2.0;7.0;0.0;A01
71608;201400047279;0;7;0;0.0;2.0;2.0;11.0;B01
71609;201400047279;0;10;0;0.0;2.0;8.0;1.0;A01
71610;201400047280;0;33;0;0.0;2.0;8.0;0.0;A01
71611;201400047280;0;7;0;0.0;2.0;5.0;0.0;B01
71612;201400047281;0;7;0;0.0;0.0;1.0;11.0;A01
71613;201400047281;0;7;0;0.0;0.0;4.0;2.0;B01
71614;201400047282;0;7;0;0.0;0.0;0.0;1.0;B01
71615;201400047282;0;7;0;0.0;0.0;4.0;1.0;A01
71616;201400047283;0;7;0;0.0;0.0;4.0;2.0;C01
71617;201400047283;0;7;0;0.0;0.0;0.0;1.0;B01
71618;201400047283;0;7;0;0.0;0.0;0.0;0.0;A01
71619;201400047284;0;7;0;4.0;0.0;6.0;1.0;A01
71620;201400047285;0;7;0;10.0;0.0;1.0;13.0;A01
71621;201400047286;0;33;0;0.0;2.0;1.0;0.0;A01
71622;201400047287;0;7;0;3.0;2.0;1.0;2.0;A01
71623;201400047287;0;7;0;0.0;2.0;2.0;2.0;B01
71624;201400047288;0;7;0;0.0;0.0;4.0;1.0;C01
71625;201400047288;0;7;0;0.0;2.0;4.0;1.0;B01
71626;201400047288;0;7;0;0.0;2.0;1.0;0.0;A01
71627;201400047289;0;7;0;0.0;0.0;4.0;0.0;B01
71628;201400047289;0;7;0;0.0;2.0;1.0;0.0;A01
71629;201400047290;0;13;0;4.0;0.0;3.0;13.0;A01
71630;201400047291;0;34;0;0.0;0.0;0.0;0.0;A01
71631;201400047292;0;33;0;0.0;2.0;1.0;0.0;A01
71632;201400047292;0;7;0;0.0;2.0;4.0;0.0;B01
71633;201400047293;0;33;0;0.0;0.0;0.0;0.0;A01
71634;201400047295;0;7;0;0.0;2.0;1.0;1.0;A01
71635;201400047295;0;7;0;0.0;2.0;4.0;1.0;B01
71636;201400047296;0;7;0;0.0;0.0;4.0;12.0;B01
71637;201400047296;0;33;0;0.0;0.0;1.0;3.0;A01
71638;201400047297;0;33;0;0.0;2.0;8.0;1.0;A01
71639;201400047297;0;7;0;0.0;2.0;2.0;17.0;B01
71640;201400047298;0;33;0;16.0;0.0;9.0;1.0;A01
71641;201400047299;0;7;0;0.0;0.0;1.0;0.0;A01
71642;201400047299;0;7;0;0.0;0.0;4.0;0.0;B01
71643;201400047300;0;7;0;3.0;0.0;1.0;14.0;A01
71644;201400047301;0;7;0;0.0;2.0;3.0;21.0;B01
71645;201400047301;0;7;0;0.0;2.0;5.0;0.0;A01
71646;201400047302;0;7;0;0.0;2.0;6.0;11.0;A01
71647;201400047302;0;33;0;0.0;2.0;1.0;1.0;B01
71648;201400047303;0;34;0;0.0;0.0;0.0;0.0;A01
71649;201400047304;0;7;0;0.0;2.0;7.0;12.0;A01
71650;201400047304;0;34;0;0.0;2.0;8.0;1.0;B01
71651;201400047305;0;33;0;0.0;2.0;3.0;3.0;B01
71652;201400047305;0;7;0;0.0;2.0;2.0;12.0;A01
71653;201400047306;0;7;0;0.0;2.0;4.0;2.0;B01
71654;201400047306;0;7;0;0.0;2.0;1.0;2.0;D01
71655;201400047306;0;7;0;0.0;2.0;4.0;1.0;A01
71656;201400047306;0;7;0;0.0;2.0;1.0;2.0;C01
71657;201400047307;0;7;0;0.0;0.0;4.0;1.0;B01
71658;201400047307;0;7;0;0.0;2.0;1.0;11.0;A01
71659;201400047308;0;7;0;0.0;2.0;4.0;1.0;E01
71660;201400047308;0;7;0;0.0;2.0;4.0;2.0;B01
71661;201400047308;0;14;0;0.0;2.0;3.0;2.0;A01
71662;201400047308;0;10;0;0.0;2.0;4.0;1.0;D01
71663;201400047308;0;7;0;0.0;2.0;4.0;1.0;C01
71664;201400047309;0;7;0;3.0;0.0;7.0;14.0;A01
71665;201400047310;0;7;0;3.0;0.0;2.0;14.0;A01
71666;201400047311;0;7;0;0.0;2.0;2.0;1.0;A01
71667;201400047311;0;15;0;0.0;0.0;6.0;1.0;B01
71668;201400047312;0;33;0;0.0;2.0;1.0;3.0;A01
71669;201400047312;0;7;0;0.0;0.0;4.0;11.0;B01
71670;201400047313;0;7;0;0.0;2.0;3.0;1.0;B01
71671;201400047313;0;7;0;0.0;2.0;2.0;12.0;A01
71672;201400047315;0;7;0;0.0;0.0;4.0;1.0;A01
71673;201400047315;0;7;0;0.0;0.0;1.0;1.0;B01
71674;201400047315;0;7;0;0.0;0.0;1.0;1.0;C01
71675;201400047316;0;7;0;0.0;2.0;4.0;2.0;B01
71676;201400047316;0;7;0;0.0;2.0;4.0;2.0;A01
71677;201400047316;0;7;0;0.0;2.0;1.0;1.0;C01
71678;201400047317;0;7;0;0.0;2.0;6.0;0.0;B01
71679;201400047317;0;33;0;0.0;2.0;3.0;0.0;A01
71680;201400047318;0;7;0;0.0;2.0;4.0;2.0;C01
71681;201400047318;0;7;0;0.0;2.0;4.0;2.0;B01
71682;201400047318;0;7;0;0.0;0.0;4.0;1.0;A01
71683;201400047318;0;7;0;0.0;2.0;1.0;2.0;D01
71684;201400047319;0;7;0;0.0;2.0;8.0;1.0;B01
71685;201400047319;0;33;0;0.0;2.0;6.0;3.0;A01
71686;201400047319;1;7;0;0.0;2.0;2.0;2.0;Z01
71687;201400047320;0;7;0;4.0;2.0;8.0;11.0;A01
71688;201400047320;0;7;0;0.0;2.0;2.0;1.0;B01
71689;201400047320;0;7;0;0.0;2.0;4.0;1.0;C01
71690;201400047321;0;31;0;4.0;0.0;8.0;13.0;A01
71691;201400047322;0;7;0;0.0;2.0;1.0;0.0;B01
71692;201400047322;0;33;0;0.0;2.0;3.0;0.0;A01
71693;201400047323;0;14;0;0.0;0.0;0.0;11.0;A01
71694;201400047323;0;33;0;0.0;0.0;3.0;1.0;B01
71695;201400047324;0;7;0;0.0;2.0;4.0;2.0;B01
71696;201400047324;0;31;0;0.0;2.0;1.0;21.0;A01
71697;201400047325;0;15;0;0.0;2.0;2.0;1.0;A01
71698;201400047325;0;7;0;0.0;2.0;8.0;11.0;B01
71699;201400047325;0;7;0;0.0;2.0;1.0;0.0;C01
71700;201400047326;0;33;0;0.0;2.0;1.0;3.0;A01
71701;201400047326;0;7;0;0.0;0.0;5.0;1.0;B01
71702;201400047328;0;10;0;0.0;2.0;7.0;0.0;B01
71703;201400047328;0;34;0;0.0;2.0;3.0;0.0;A01
71704;201400047329;0;7;0;0.0;0.0;0.0;2.0;C01
71705;201400047329;0;7;0;0.0;2.0;4.0;2.0;B01
71706;201400047329;0;7;0;0.0;2.0;1.0;2.0;A01
71707;201400047330;0;34;0;4.0;0.0;1.0;0.0;A01
71708;201400047331;0;33;0;0.0;2.0;1.0;0.0;A01
71709;201400047332;0;7;0;0.0;2.0;4.0;2.0;B01
71710;201400047332;0;33;0;0.0;2.0;1.0;1.0;A01
71711;201400047334;0;7;0;1.0;2.0;4.0;0.0;A01
71712;201400047335;0;7;0;0.0;2.0;1.0;0.0;A01
71713;201400047335;0;7;0;0.0;2.0;4.0;0.0;B01
71714;201400047336;0;33;0;4.0;0.0;1.0;1.0;A01
71715;201400047338;0;7;0;0.0;0.0;1.0;0.0;A01
71716;201400047338;0;7;0;0.0;0.0;4.0;0.0;B01
71717;201400047339;0;7;0;0.0;0.0;1.0;0.0;A01
71718;201400047339;0;7;0;0.0;0.0;4.0;0.0;B01
71719;201400047340;0;10;0;0.0;2.0;4.0;2.0;B01
71720;201400047340;0;7;0;0.0;2.0;1.0;1.0;A01
71721;201400047341;0;33;0;0.0;0.0;0.0;0.0;A01
71722;201400047342;0;7;0;0.0;2.0;1.0;1.0;B01
71723;201400047342;0;7;0;0.0;2.0;4.0;2.0;A01
71724;201400047343;0;13;0;0.0;0.0;8.0;2.0;A01
71725;201400047343;0;33;0;0.0;0.0;7.0;3.0;B01
71726;201400047344;0;7;0;0.0;2.0;9.0;2.0;D01
71727;201400047344;0;14;0;0.0;2.0;1.0;2.0;A01
71728;201400047344;0;10;0;0.0;2.0;9.0;2.0;B01
71729;201400047344;0;7;0;0.0;2.0;9.0;2.0;C01
71730;201400047345;0;7;0;0.0;2.0;4.0;2.0;B01
71731;201400047345;0;7;0;0.0;2.0;1.0;1.0;A01
71732;201400047346;0;13;0;0.0;2.0;1.0;0.0;C01
71733;201400047346;0;7;0;0.0;2.0;1.0;0.0;B01
71734;201400047346;0;7;0;0.0;2.0;4.0;0.0;A01
71735;201400047348;0;7;0;0.0;2.0;8.0;11.0;A01
71736;201400047348;0;34;0;0.0;2.0;5.0;1.0;B01
71737;201400047349;0;7;0;0.0;1.0;2.0;2.0;A01
71738;201400047350;0;7;0;0.0;2.0;1.0;0.0;A01
71739;201400047350;0;13;0;0.0;2.0;4.0;0.0;B01
71740;201400047351;0;31;0;3.0;0.0;7.0;14.0;A01
71741;201400047352;0;17;0;0.0;2.0;1.0;1.0;A01
71742;201400047352;0;7;0;0.0;2.0;8.0;1.0;B01
71743;201400047353;0;33;0;0.0;2.0;8.0;0.0;B01
71744;201400047353;0;7;0;0.0;2.0;8.0;0.0;A01
71745;201400047354;0;33;0;16.0;0.0;9.0;1.0;B01
71746;201400047356;0;7;0;0.0;0.0;4.0;0.0;A01
71747;201400047356;0;13;0;0.0;2.0;1.0;0.0;B01
71748;201400047357;0;7;0;0.0;2.0;1.0;0.0;A01
71749;201400047357;0;7;0;0.0;2.0;4.0;0.0;B01
71750;201400047358;0;15;0;0.0;0.0;4.0;0.0;A01
71751;201400047358;0;33;0;0.0;0.0;0.0;0.0;B01
71752;201400047359;0;7;0;0.0;2.0;1.0;1.0;A01
71753;201400047359;0;7;0;0.0;2.0;4.0;2.0;B01
71754;201400047360;0;7;0;0.0;2.0;4.0;2.0;B01
71755;201400047360;0;7;0;0.0;2.0;1.0;1.0;A01
71756;201400047361;0;7;0;0.0;2.0;4.0;2.0;B01
71757;201400047361;0;7;0;0.0;2.0;1.0;2.0;A01
71758;201400047362;0;33;0;0.0;2.0;1.0;1.0;B01
71759;201400047362;0;7;0;0.0;2.0;4.0;2.0;A01
71760;201400047363;0;7;0;0.0;2.0;6.0;1.0;B01
71761;201400047363;0;33;0;0.0;2.0;9.0;3.0;A01
71762;201400047364;0;7;0;0.0;2.0;0.0;0.0;A01
71763;201400047364;0;7;0;0.0;0.0;0.0;0.0;B01
71764;201400047365;0;7;0;0.0;2.0;4.0;1.0;C01
71765;201400047365;0;7;0;0.0;2.0;8.0;11.0;A01
71766;201400047365;0;33;0;0.0;2.0;7.0;3.0;B01
71767;201400047366;0;7;0;0.0;0.0;0.0;0.0;C01
71768;201400047366;0;7;0;0.0;2.0;6.0;0.0;A01
71769;201400047366;0;7;0;0.0;2.0;5.0;0.0;B01
71770;201400047367;0;7;0;0.0;2.0;2.0;12.0;A01
71771;201400047368;0;33;0;0.0;0.0;0.0;0.0;A01
71772;201400047368;1;99;0;0.0;2.0;2.0;0.0;Z01
71773;201400047369;0;7;0;0.0;2.0;4.0;2.0;B01
71774;201400047369;0;7;0;0.0;2.0;1.0;1.0;A01
71775;201400047370;0;7;0;0.0;0.0;0.0;0.0;A01
71776;201400047371;0;7;0;16.0;0.0;9.0;1.0;A01
71777;201400047372;0;7;0;4.0;0.0;1.0;2.0;A01
71778;201400047373;0;7;0;4.0;0.0;3.0;13.0;A01
71779;201400047374;0;7;0;0.0;2.0;4.0;23.0;A01
71780;201400047374;1;7;0;0.0;2.0;2.0;0.0;Z01
71781;201400047375;0;7;0;0.0;2.0;9.0;2.0;B01
71782;201400047375;0;33;0;0.0;2.0;1.0;1.0;A01
71783;201400047375;0;7;0;0.0;2.0;9.0;2.0;C01
71784;201400047375;0;7;0;0.0;2.0;4.0;2.0;D01
71785;201400047376;0;33;0;0.0;0.0;7.0;0.0;A01
71786;201400047377;0;31;0;0.0;2.0;3.0;2.0;A01
71787;201400047377;0;7;0;0.0;2.0;5.0;2.0;C01
71788;201400047377;0;7;0;0.0;2.0;7.0;2.0;B01
71789;201400047378;0;7;0;3.0;0.0;9.0;0.0;A01
71790;201400047379;0;10;0;3.0;0.0;1.0;1.0;A01
71791;201400047380;0;7;0;0.0;2.0;2.0;2.0;C01
71792;201400047380;0;7;0;0.0;0.0;4.0;1.0;A01
71793;201400047380;0;7;0;0.0;2.0;4.0;2.0;B01