;Num_Acc;senc;catv;occutc;obs;obsm;choc;manv;num_veh
71794;201400047380;0;7;0;0.0;2.0;1.0;2.0;D01
71795;201400047381;0;7;0;0.0;2.0;1.0;1.0;A01
71796;201400047381;0;7;0;0.0;2.0;4.0;2.0;B01
71797;201400047382;0;33;0;3.0;0.0;9.0;14.0;A01
71798;201400047383;0;7;0;3.0;0.0;1.0;2.0;A01
71799;201400047383;0;32;0;0.0;9.0;1.0;2.0;B01
71800;201400047386;0;33;0;0.0;2.0;7.0;0.0;A01
71801;201400047386;0;7;0;0.0;2.0;5.0;0.0;B01
71802;201400047387;0;7;0;0.0;2.0;8.0;0.0;D01
71803;201400047387;0;10;0;0.0;2.0;7.0;0.0;A01
71804;201400047387;0;7;0;0.0;2.0;1.0;0.0;C01
71805;201400047387;0;7;0;0.0;2.0;1.0;0.0;B01
71806;201400047388;0;7;0;0.0;2.0;4.0;2.0;B01
71807;201400047388;0;14;0;0.0;2.0;4.0;2.0;D01
71808;201400047388;0;7;0;0.0;2.0;1.0;2.0;A01
71809;201400047388;0;7;0;0.0;2.0;4.0;0.0;C01
71810;201400047390;0;7;0;0.0;2.0;4.0;2.0;D01
71811;201400047390;0;7;0;0.0;2.0;4.0;2.0;B01
71812;201400047390;0;7;0;0.0;2.0;9.0;2.0;C01
71813;201400047390;0;7;0;0.0;2.0;1.0;1.0;A01
71814;201400047392;0;7;0;3.0;0.0;1.0;15.0;A01
71815;201400047393;0;7;0;0.0;2.0;2.0;12.0;B01
71816;201400047393;0;33;0;0.0;2.0;1.0;3.0;A01
71817;201400047394;0;7;0;0.0;0.0;0.0;0.0;A01
71818;201400047394;0;7;0;0.0;0.0;0.0;0.0;D01
71819;201400047394;0;7;0;0.0;0.0;0.0;0.0;C01
71820;201400047394;0;7;0;0.0;0.0;0.0;0.0;B01
71821;201400047395;0;7;0;0.0;2.0;2.0;12.0;A01
71822;201400047395;0;34;0;0.0;2.0;3.0;1.0;B01
71823;201400047396;0;10;0;4.0;0.0;2.0;1.0;A01
71824;201400047397;0;10;0;0.0;2.0;6.0;2.0;B01
71825;201400047397;0;15;0;0.0;2.0;2.0;9.0;A01
71826;201400047398;0;7;0;3.0;0.0;9.0;13.0;A01
71827;201400047399;0;7;0;0.0;0.0;0.0;0.0;B01
71828;201400047399;0;7;0;0.0;0.0;0.0;0.0;A01
71829;201400047400;0;7;0;0.0;2.0;2.0;12.0;A01
71830;201400047400;0;7;0;0.0;2.0;8.0;1.0;B01
71831;201400047401;0;10;0;4.0;0.0;0.0;0.0;A01
71832;201400047402;0;7;0;13.0;0.0;1.0;1.0;A01
71833;201400047403;0;34;0;16.0;0.0;7.0;1.0;A01
71834;201400047404;0;7;0;4.0;0.0;1.0;0.0;A01
71835;201400047405;0;7;0;13.0;0.0;2.0;0.0;A01
71836;201400047406;0;7;0;0.0;2.0;0.0;0.0;C01
71837;201400047406;0;15;0;0.0;2.0;3.0;0.0;A01
71838;201400047406;0;7;0;0.0;2.0;5.0;0.0;B01
71839;201400047407;0;7;0;0.0;2.0;5.0;1.0;C01
71840;201400047407;0;10;0;0.0;0.0;4.0;1.0;B01
71841;201400047407;0;15;0;1.0;2.0;2.0;21.0;A01
71842;201400047408;0;7;0;0.0;0.0;1.0;0.0;A01
71843;201400047408;0;7;0;0.0;0.0;0.0;1.0;B01
71844;201400047408;0;7;0;0.0;0.0;1.0;1.0;C01
71845;201400047408;0;7;0;0.0;0.0;0.0;0.0;D01
71846;201400047409;0;33;0;0.0;2.0;7.0;0.0;A01
71847;201400047409;0;33;0;0.0;2.0;8.0;0.0;B01
71848;201400047410;0;7;0;4.0;0.0;3.0;13.0;A01
71849;201400047411;0;15;0;0.0;2.0;1.0;1.0;C01
71850;201400047411;0;7;0;0.0;2.0;1.0;1.0;D01
71851;201400047411;0;7;0;0.0;2.0;8.0;5.0;A01
71852;201400047411;0;7;0;0.0;2.0;1.0;1.0;E01
71853;201400047411;0;7;0;0.0;2.0;3.0;1.0;B01
71854;201400047412;0;7;0;4.0;0.0;1.0;0.0;A01
71855;201400047413;0;7;0;0.0;2.0;6.0;11.0;A01
71856;201400047413;0;7;0;0.0;2.0;2.0;1.0;B01
71857;201400047414;0;7;0;0.0;0.0;4.0;2.0;A01
71858;201400047414;0;7;0;0.0;0.0;1.0;2.0;B01
71859;201400047415;0;7;0;16.0;0.0;1.0;14.0;A01
71860;201400047416;0;7;0;0.0;2.0;1.0;0.0;A01
71861;201400047416;0;7;0;0.0;2.0;4.0;0.0;B01
71862;201400047417;0;7;0;4.0;0.0;4.0;21.0;A01
71863;201400047418;0;7;0;0.0;2.0;6.0;2.0;A01
71864;201400047418;0;7;0;0.0;2.0;2.0;12.0;B01
71865;201400047420;0;32;0;0.0;0.0;2.0;0.0;A01
71866;201400047421;0;7;0;3.0;0.0;2.0;14.0;A01
71867;201400047423;0;7;0;4.0;0.0;2.0;14.0;A01
71868;201400047424;0;7;0;0.0;2.0;1.0;2.0;B01
71869;201400047424;0;7;0;0.0;2.0;1.0;2.0;C01
71870;201400047424;0;7;0;0.0;2.0;4.0;2.0;A01
71871;201400047425;0;7;0;1.0;0.0;2.0;2.0;A01
71872;201400047425;0;10;0;0.0;2.0;6.0;23.0;B01
71873;201400047426;0;7;0;4.0;0.0;9.0;0.0;A01
71874;201400047427;1;99;0;0.0;1.0;2.0;0.0;Z01
71875;201400047428;0;7;0;3.0;0.0;1.0;0.0;A01
71876;201400047429;0;7;0;0.0;0.0;4.0;2.0;A01
71877;201400047429;0;7;0;0.0;2.0;1.0;2.0;B01
71878;201400047430;0;7;0;4.0;0.0;1.0;13.0;A01
71879;201400047431;0;7;0;4.0;0.0;1.0;14.0;A01
71880;201400047433;0;33;0;4.0;0.0;1.0;0.0;A01
71881;201400047434;0;7;0;3.0;9.0;1.0;1.0;A01
71882;201400047435;0;33;0;14.0;2.0;4.0;0.0;B01
71883;201400047435;0;99;0;14.0;2.0;1.0;0.0;A01
71884;201400047436;0;31;0;0.0;0.0;0.0;2.0;A01
71885;201400047436;1;10;0;0.0;0.0;0.0;11.0;Z01
71886;201400047437;0;7;0;0.0;2.0;7.0;1.0;C01
71887;201400047437;0;15;0;0.0;2.0;8.0;1.0;B01
71888;201400047437;0;7;0;0.0;2.0;2.0;3.0;A01
71889;201400047438;0;15;0;0.0;0.0;0.0;0.0;B01
71890;201400047438;0;7;0;0.0;2.0;2.0;9.0;A01
71891;201400047439;0;33;0;4.0;2.0;9.0;3.0;A01
71892;201400047439;0;7;0;0.0;0.0;2.0;11.0;B01
71893;201400047440;0;7;0;0.0;2.0;8.0;11.0;B01
71894;201400047440;0;33;0;0.0;2.0;2.0;3.0;A01
71895;201400047442;0;7;0;0.0;2.0;1.0;0.0;A01
71896;201400047442;0;15;0;0.0;2.0;7.0;0.0;B01
71897;201400047443;0;32;0;12.0;0.0;1.0;0.0;A01
71898;201400047444;0;7;0;0.0;2.0;4.0;2.0;D01
71899;201400047444;0;7;0;0.0;2.0;1.0;2.0;C01
71900;201400047444;0;7;0;0.0;2.0;1.0;2.0;A01
71901;201400047444;0;7;0;0.0;2.0;4.0;2.0;B01
71902;201400047445;0;7;0;4.0;2.0;3.0;21.0;A01
71903;201400047445;1;7;0;0.0;0.0;0.0;11.0;Z01
71904;201400047446;0;7;0;4.0;0.0;9.0;1.0;A01
71905;201400047447;0;7;0;3.0;2.0;7.0;12.0;A01
71906;201400047447;0;7;0;0.0;2.0;1.0;1.0;B01
71907;201400047448;0;7;0;0.0;2.0;2.0;0.0;A01
71908;201400047448;0;7;0;0.0;2.0;6.0;0.0;B01
71909;201400047450;0;7;0;4.0;0.0;9.0;0.0;A01
71910;201400047451;0;33;0;3.0;0.0;2.0;14.0;A01
71911;201400047452;0;7;0;4.0;0.0;1.0;0.0;A01
71912;201400047453;0;7;0;0.0;2.0;2.0;0.0;B01
71913;201400047453;0;33;0;0.0;2.0;3.0;0.0;A01
71914;201400047455;0;7;0;13.0;0.0;2.0;14.0;A01
71915;201400047456;0;7;0;0.0;2.0;3.0;11.0;A01
71916;201400047456;0;31;0;0.0;2.0;7.0;1.0;B01
71917;201400047458;0;7;0;0.0;2.0;7.0;2.0;B01
71918;201400047458;0;7;0;0.0;2.0;8.0;13.0;A01
71919;201400047459;0;7;0;0.0;0.0;0.0;0.0;C01
71920;201400047459;0;10;0;0.0;2.0;1.0;2.0;A01
71921;201400047459;0;7;0;0.0;2.0;4.0;2.0;B01
71922;201400047460;0;7;0;1.0;2.0;4.0;2.0;C01
71923;201400047460;0;7;0;0.0;2.0;1.0;2.0;A01
71924;201400047460;0;7;0;0.0;2.0;4.0;2.0;B01
71925;201400047461;0;7;0;0.0;2.0;1.0;1.0;B01
71926;201400047461;0;7;0;0.0;2.0;4.0;2.0;A01
71927;201400047462;0;7;0;0.0;0.0;7.0;1.0;B01
71928;201400047462;0;7;0;0.0;2.0;3.0;11.0;A01
71929;201400047463;0;7;0;0.0;2.0;3.0;11.0;A01
71930;201400047463;0;33;0;3.0;2.0;2.0;1.0;B01
71931;201400047464;0;7;0;0.0;2.0;8.0;2.0;B01
71932;201400047464;0;7;0;0.0;2.0;6.0;4.0;A01
71933;201400047465;0;17;0;0.0;2.0;1.0;1.0;A01
71934;201400047465;0;17;0;0.0;2.0;4.0;2.0;B01
71935;201400047466;0;7;0;0.0;2.0;1.0;1.0;E01
71936;201400047466;0;14;0;0.0;0.0;0.0;0.0;B01
71937;201400047466;0;7;0;0.0;0.0;0.0;0.0;A01
71938;201400047466;0;7;0;0.0;0.0;4.0;1.0;C01
71939;201400047466;0;7;0;0.0;2.0;4.0;1.0;D01
71940;201400047467;0;7;0;3.0;0.0;3.0;13.0;A01
71941;201400047468;0;7;0;4.0;0.0;1.0;13.0;A01
71942;201400047469;0;7;0;0.0;2.0;1.0;0.0;A01
71943;201400047469;0;7;0;0.0;2.0;4.0;0.0;B01
71944;201400047470;0;15;0;0.0;2.0;1.0;1.0;A01
71945;201400047470;0;7;0;0.0;2.0;4.0;2.0;B01
71946;201400047471;0;7;0;0.0;0.0;0.0;12.0;A01
71947;201400047471;0;7;0;4.0;2.0;1.0;21.0;B01
71948;201400047472;0;7;0;0.0;2.0;1.0;1.0;B01
71949;201400047472;0;7;0;0.0;2.0;4.0;2.0;A01
71950;201400047473;0;7;0;0.0;2.0;7.0;0.0;C01
71951;201400047473;0;7;0;0.0;2.0;1.0;0.0;D01
71952;201400047473;0;7;0;0.0;2.0;4.0;0.0;A01
71953;201400047473;0;33;0;0.0;2.0;1.0;0.0;B01
71954;201400047474;0;7;0;0.0;0.0;5.0;1.0;A01
71955;201400047474;0;15;0;0.0;2.0;1.0;9.0;B01
71956;201400047475;0;15;0;0.0;2.0;3.0;1.0;A01
71957;201400047475;0;7;0;0.0;2.0;5.0;2.0;B01
71958;201400047476;0;7;0;0.0;2.0;5.0;1.0;B01
71959;201400047476;2;7;0;4.0;2.0;3.0;18.0;A01
71960;201400047477;0;7;0;0.0;2.0;3.0;2.0;F01
71961;201400047477;0;7;0;;2.0;3.0;2.0;B01
71962;201400047477;0;7;0;9.0;2.0;3.0;1.0;G02
71963;201400047477;0;7;0;6.0;0.0;1.0;1.0;A02
71964;201400047477;0;7;0;;2.0;3.0;2.0;E02
71965;201400047477;0;7;0;0.0;2.0;3.0;2.0;C01
71966;201400047477;0;7;0;;2.0;9.0;2.0;H01
71967;201400047477;0;7;0;0.0;2.0;3.0;2.0;D01
71968;201400047478;0;7;0;0.0;2.0;3.0;0.0;A01
71969;201400047478;0;33;0;0.0;2.0;2.0;0.0;B01
71970;201400047479;0;7;0;0.0;0.0;4.0;0.0;C01
71971;201400047479;0;10;0;0.0;0.0;1.0;0.0;A01
71972;201400047479;0;7;0;0.0;0.0;4.0;0.0;B01
71973;201400047480;0;10;0;0.0;0.0;6.0;1.0;B01
71974;201400047480;0;33;0;0.0;2.0;2.0;16.0;A01
71975;201400047481;0;33;0;0.0;2.0;1.0;0.0;B01
71976;201400047481;0;7;0;0.0;2.0;6.0;0.0;A01
71977;201400047483;0;10;0;0.0;2.0;4.0;2.0;B01
71978;201400047483;0;17;0;0.0;2.0;9.0;1.0;A01
71979;201400047484;0;7;0;14.0;2.0;0.0;0.0;A01
71980;201400047484;0;14;0;14.0;2.0;0.0;0.0;B01
71981;201400047485;0;7;0;0.0;2.0;8.0;2.0;B01
71982;201400047485;0;7;0;3.0;2.0;1.0;1.0;A01
71983;201400047486;0;7;0;4.0;0.0;9.0;0.0;A01
71984;201400047487;0;7;0;4.0;0.0;2.0;0.0;A01
71985;201400047488;0;33;0;0.0;2.0;8.0;2.0;B01
71986;201400047488;0;7;0;4.0;2.0;1.0;1.0;A01
71987;201400047489;0;7;0;4.0;0.0;3.0;13.0;A01
71988;201400047490;0;31;0;0.0;2.0;3.0;3.0;A01
71989;201400047490;0;7;0;0.0;2.0;5.0;2.0;B01
71990;201400047493;0;15;0;4.0;0.0;3.0;13.0;A01
71991;201400047495;0;7;0;4.0;0.0;1.0;0.0;A01
71992;201400047496;0;7;0;4.0;0.0;1.0;11.0;A01
71993;201400047497;0;7;0;4.0;0.0;3.0;13.0;A01
71994;201400047498;0;7;0;4.0;0.0;1.0;1.0;A01
71995;201400047499;1;15;0;0.0;0.0;0.0;0.0;Z01
71996;201400047499;0;7;0;0.0;2.0;9.0;12.0;A01
71997;201400047500;0;7;0;4.0;0.0;8.0;13.0;A01
71998;201400047501;0;34;0;0.0;2.0;7.0;3.0;B01
71999;201400047501;0;7;0;0.0;2.0;3.0;1.0;A01
72000;201400047502;0;7;0;4.0;0.0;3.0;13.0;A01
72001;201400047503;0;33;0;0.0;2.0;3.0;0.0;A01
72002;201400047503;0;7;0;0.0;0.0;5.0;0.0;B01
72003;201400047504;0;7;0;3.0;0.0;5.0;14.0;A01
72004;201400047505;0;32;0;0.0;0.0;7.0;2.0;A01
72005;201400047506;0;7;0;3.0;0.0;1.0;0.0;A01
72006;201400047507;0;7;0;4.0;0.0;3.0;13.0;A01
72007;201400047508;0;7;0;0.0;0.0;9.0;12.0;A01
72008;201400047508;0;10;0;0.0;0.0;4.0;1.0;B01
72009;201400047509;0;7;0;4.0;0.0;1.0;14.0;A01
72010;201400047510;0;7;0;0.0;2.0;4.0;2.0;C01
72011;201400047510;0;7;0;0.0;2.0;9.0;14.0;A01
72012;201400047510;0;10;0;0.0;2.0;1.0;2.0;B01
72013;201400047512;0;7;0;0.0;2.0;1.0;0.0;A01
72014;201400047512;0;7;0;0.0;2.0;4.0;0.0;B01
72015;201400047513;0;7;0;0.0;2.0;4.0;2.0;C01
72016;201400047513;0;7;0;0.0;2.0;1.0;1.0;A01
72017;201400047513;0;7;0;0.0;2.0;4.0;2.0;B01
72018;201400047514;0;7;0;0.0;2.0;4.0;2.0;B01
72019;201400047514;0;7;0;0.0;2.0;1.0;0.0;A01
72020;201400047515;0;7;0;0.0;2.0;4.0;0.0;B01
72021;201400047515;0;7;0;0.0;2.0;1.0;0.0;A01
72022;201400047517;0;33;0;0.0;2.0;1.0;1.0;C01
72023;201400047517;0;15;0;0.0;2.0;7.0;12.0;A01
72024;201400047517;0;7;0;0.0;2.0;8.0;2.0;B01
72025;201400047519;0;7;0;4.0;0.0;2.0;14.0;A01
72026;201400047520;0;15;0;3.0;0.0;1.0;1.0;A01
72027;201400047521;0;7;0;4.0;0.0;9.0;0.0;A01
72028;201400047522;0;33;0;14.0;0.0;0.0;2.0;A01
72029;201400047523;0;33;0;0.0;2.0;7.0;1.0;A01
72030;201400047523;0;7;0;0.0;2.0;8.0;11.0;B01
72031;201400047525;0;7;0;4.0;0.0;1.0;14.0;A01
72032;201400047526;0;7;0;4.0;0.0;3.0;13.0;A01
72033;201400047527;0;33;0;0.0;0.0;0.0;0.0;A01
72034;201400047528;0;7;0;0.0;2.0;9.0;2.0;C01
72035;201400047528;0;7;0;0.0;2.0;9.0;2.0;B01
72036;201400047528;0;7;0;0.0;2.0;4.0;2.0;D01
72037;201400047528;0;7;0;0.0;2.0;1.0;1.0;A01
72038;201400047529;0;7;0;0.0;0.0;1.0;0.0;A01
72039;201400047531;0;7;0;0.0;2.0;4.0;0.0;C01
72040;201400047531;0;7;0;0.0;2.0;1.0;0.0;D01
72041;201400047531;0;7;0;0.0;2.0;4.0;0.0;B01
72042;201400047531;0;7;0;0.0;2.0;4.0;0.0;A01
72043;201400047532;0;7;0;0.0;2.0;5.0;2.0;C01
72044;201400047532;0;10;0;0.0;2.0;2.0;1.0;B01
72045;201400047532;0;7;0;0.0;2.0;3.0;9.0;A01
72046;201400047532;0;7;0;0.0;2.0;4.0;2.0;D01
72047;201400047533;0;7;0;0.0;2.0;6.0;11.0;A01
72048;201400047533;0;31;0;0.0;2.0;7.0;0.0;B01
72049;201400047534;0;7;0;1.0;0.0;1.0;1.0;A01
72050;201400047534;0;33;0;0.0;0.0;0.0;0.0;B01
72051;201400047534;0;33;0;0.0;0.0;0.0;0.0;C01
72052;201400047534;0;33;0;0.0;0.0;0.0;0.0;D01
72053;201400047535;0;7;0;0.0;0.0;0.0;2.0;A01
72054;201400047536;0;7;0;4.0;2.0;1.0;2.0;C01
72055;201400047536;0;7;0;0.0;2.0;1.0;2.0;B01
72056;201400047536;0;10;0;0.0;2.0;7.0;12.0;A01
72057;201400047537;0;7;0;3.0;0.0;1.0;13.0;A01
72058;201400047538;0;7;0;16.0;0.0;9.0;1.0;A01
72059;201400047539;0;33;0;0.0;0.0;0.0;1.0;A01
72060;201400047540;1;99;0;0.0;0.0;0.0;0.0;Z01
72061;201400047540;0;30;0;0.0;2.0;0.0;0.0;A01
72062;201400047541;0;7;0;0.0;2.0;0.0;23.0;B01
72063;201400047541;0;7;0;0.0;0.0;0.0;1.0;A01
72064;201400047541;0;7;0;0.0;2.0;0.0;3.0;C01
72065;201400047541;0;10;0;0.0;0.0;0.0;0.0;D01
72066;201400047542;0;7;0;0.0;2.0;8.0;12.0;A01
72067;201400047542;0;7;0;4.0;2.0;1.0;21.0;B01
72068;201400047542;0;7;0;0.0;2.0;1.0;2.0;C01
72069;201400047543;0;33;0;0.0;0.0;0.0;0.0;A01
72070;201400047543;0;7;0;0.0;2.0;6.0;0.0;B01
72071;201400047544;0;7;0;4.0;0.0;1.0;0.0;A01
72072;201400047544;0;33;0;0.0;0.0;0.0;0.0;B01
72073;201400047546;0;7;0;3.0;2.0;1.0;14.0;A01
72074;201400047546;0;15;0;0.0;2.0;3.0;1.0;B01
72075;201400047547;0;15;0;0.0;2.0;2.0;12.0;A01
72076;201400047547;0;7;0;4.0;2.0;3.0;1.0;B01
72077;201400047548;0;33;0;3.0;0.0;1.0;0.0;A01
72078;201400047550;0;7;0;0.0;0.0;2.0;0.0;B01
72079;201400047550;0;33;0;0.0;2.0;1.0;3.0;A01
72080;201400047550;0;7;0;0.0;0.0;0.0;0.0;C01
72081;201400047551;0;7;0;3.0;0.0;1.0;14.0;A01
72082;201400047552;0;7;0;0.0;0.0;2.0;0.0;B01
72083;201400047552;0;33;0;0.0;0.0;1.0;0.0;A01
72084;201400047553;0;7;0;0.0;0.0;1.0;1.0;A01
72085;201400047553;0;7;0;0.0;2.0;4.0;2.0;B01
72086;201400047555;0;7;0;0.0;2.0;6.0;1.0;D01
72087;201400047555;0;7;0;0.0;2.0;3.0;1.0;C01
72088;201400047555;0;7;0;0.0;2.0;7.0;12.0;B01
72089;201400047555;0;33;0;0.0;2.0;8.0;3.0;A01
72090;201400047556;0;33;0;0.0;2.0;8.0;0.0;A01
72091;201400047556;0;7;0;0.0;2.0;8.0;0.0;B01
72092;201400047557;0;7;0;0.0;2.0;0.0;2.0;A01
72093;201400047557;0;14;0;0.0;0.0;0.0;0.0;B01
72094;201400047558;0;7;0;15.0;2.0;1.0;2.0;B01
72095;201400047558;0;7;0;0.0;2.0;1.0;1.0;A01
72096;201400047558;0;15;0;0.0;2.0;8.0;1.0;C01
72097;201400047559;0;7;0;0.0;2.0;6.0;2.0;B01
72098;201400047559;0;7;0;0.0;2.0;2.0;1.0;A01
72099;201400047560;0;7;0;0.0;2.0;1.0;0.0;B01
72100;201400047560;0;7;0;4.0;0.0;0.0;0.0;C01
72101;201400047560;0;7;0;0.0;2.0;1.0;0.0;A01
72102;201400047563;0;7;0;4.0;0.0;1.0;14.0;A01
72103;201400047565;0;7;0;0.0;2.0;2.0;0.0;A01
72104;201400047565;0;7;0;0.0;2.0;6.0;11.0;B01
72105;201400047568;0;10;0;0.0;2.0;1.0;2.0;A01
72106;201400047568;0;7;0;0.0;0.0;4.0;2.0;B01
72107;201400047570;0;31;0;16.0;0.0;1.0;1.0;A01
72108;201400047572;0;33;0;0.0;0.0;1.0;0.0;A01
72109;201400047573;0;7;0;0.0;2.0;5.0;1.0;C01
72110;201400047573;0;10;0;3.0;2.0;1.0;1.0;A01
72111;201400047573;0;7;0;0.0;2.0;4.0;1.0;B01
72112;201400047573;0;7;0;0.0;2.0;3.0;0.0;D01
72113;201400047574;0;33;0;0.0;2.0;1.0;0.0;A01
72114;201400047574;1;7;0;0.0;2.0;4.0;0.0;Z01
72115;201400047575;0;7;0;4.0;0.0;3.0;0.0;A01
72116;201400047576;0;7;0;0.0;2.0;0.0;0.0;B01
72117;201400047576;0;33;0;0.0;2.0;0.0;0.0;A01
72118;201400047577;0;7;0;4.0;0.0;3.0;13.0;A01
72119;201400047579;0;7;0;0.0;2.0;3.0;11.0;A01
72120;201400047579;0;34;0;0.0;2.0;2.0;3.0;B01
72121;201400047580;0;33;0;0.0;2.0;1.0;2.0;A01
72122;201400047580;0;7;0;0.0;2.0;0.0;12.0;B01
72123;201400047581;0;7;0;0.0;0.0;2.0;1.0;B01
72124;201400047581;0;33;0;0.0;2.0;5.0;3.0;A01
72125;201400047581;0;10;0;0.0;0.0;3.0;0.0;C01
72126;201400047582;0;7;0;0.0;0.0;4.0;2.0;B01
72127;201400047582;0;7;0;0.0;2.0;1.0;1.0;A01
72128;201400047583;0;7;0;16.0;0.0;9.0;1.0;A01
72129;201400047584;0;33;0;0.0;0.0;7.0;0.0;A01
72130;201400047586;0;33;0;0.0;2.0;4.0;2.0;B01
72131;201400047586;0;7;0;0.0;2.0;1.0;1.0;A01
72132;201400047588;0;33;0;0.0;0.0;7.0;2.0;A01
72133;201400047589;0;7;0;0.0;0.0;0.0;2.0;A01
72134;201400047590;0;33;0;0.0;9.0;1.0;1.0;A01
72135;201400047592;0;33;0;0.0;2.0;1.0;0.0;A01
72136;201400047592;0;7;0;0.0;2.0;4.0;2.0;B01
72137;201400047593;0;7;0;0.0;0.0;4.0;2.0;A01
72138;201400047593;0;7;0;0.0;2.0;1.0;2.0;B01
72139;201400047594;0;7;0;0.0;0.0;5.0;1.0;B01
72140;201400047594;0;33;0;0.0;2.0;3.0;3.0;A01
72141;201400047595;0;7;0;0.0;2.0;4.0;2.0;A01
72142;201400047595;0;7;0;0.0;2.0;4.0;2.0;D01
72143;201400047595;0;7;0;0.0;2.0;1.0;1.0;B01
72144;201400047595;0;7;0;0.0;2.0;1.0;2.0;C01
72145;201400047596;0;7;0;0.0;2.0;1.0;2.0;A01
72146;201400047596;0;7;0;0.0;2.0;4.0;2.0;B01
72147;201400047597;0;7;0;0.0;2.0;4.0;2.0;B01
72148;201400047597;0;7;0;0.0;2.0;1.0;1.0;A01
72149;201400047598;0;7;0;0.0;2.0;4.0;2.0;B01
72150;201400047598;0;33;0;0.0;2.0;1.0;1.0;A01
72151;201400047599;0;34;0;0.0;2.0;4.0;2.0;A01
72152;201400047599;0;33;0;0.0;2.0;1.0;1.0;B01
72153;201400047600;0;33;0;0.0;0.0;0.0;0.0;A01
72154;201400047601;0;7;0;0.0;2.0;1.0;2.0;A01
72155;201400047601;0;7;0;0.0;2.0;4.0;2.0;B01
72156;201400047602;0;7;0;4.0;0.0;3.0;13.0;A01
72157;201400047603;0;7;0;4.0;0.0;2.0;14.0;A01
72158;201400047604;0;7;0;0.0;0.0;1.0;0.0;A01
72159;201400047605;0;13;0;0.0;2.0;1.0;0.0;A01
72160;201400047605;0;7;0;0.0;2.0;8.0;0.0;B01
72161;201400047606;0;7;0;14.0;0.0;2.0;14.0;A01
72162;201400047607;0;7;0;4.0;0.0;3.0;13.0;A01
72163;201400047608;1;7;0;0.0;2.0;3.0;0.0;Z01
72164;201400047608;0;7;0;0.0;2.0;4.0;2.0;D01
72165;201400047608;0;7;0;0.0;2.0;4.0;2.0;B01
72166;201400047608;0;7;0;0.0;2.0;5.0;0.0;A01
72167;201400047608;0;7;0;0.0;2.0;4.0;2.0;C01
72168;201400047609;0;7;0;0.0;2.0;4.0;1.0;B01
72169;201400047609;0;33;0;0.0;2.0;1.0;3.0;A01
72170;201400047610;0;7;0;5.0;0.0;1.0;14.0;A01
72171;201400047611;0;7;0;4.0;0.0;6.0;14.0;A01
72172;201400047612;0;7;0;0.0;2.0;4.0;2.0;B01
72173;201400047612;0;7;0;0.0;2.0;1.0;2.0;A01
72174;201400047613;0;7;0;4.0;0.0;3.0;0.0;A01
72175;201400047614;0;33;0;0.0;2.0;1.0;3.0;A01
72176;201400047614;0;7;0;0.0;2.0;4.0;1.0;B01
72177;201400047615;0;7;0;0.0;0.0;0.0;0.0;B01
72178;201400047615;0;33;0;0.0;0.0;0.0;0.0;A01
72179;201400047616;0;7;0;0.0;2.0;2.0;17.0;A01
72180;201400047616;0;33;0;0.0;2.0;8.0;1.0;B01
72181;201400047617;0;7;0;0.0;2.0;7.0;14.0;A01
72182;201400047617;0;33;0;0.0;2.0;3.0;1.0;B01
72183;201400047618;0;7;0;0.0;2.0;4.0;23.0;C01
72184;201400047618;0;33;0;0.0;2.0;2.0;12.0;B01
72185;201400047618;0;33;0;0.0;2.0;1.0;3.0;A01
72186;201400047619;1;7;0;0.0;0.0;0.0;0.0;Z01
72187;201400047619;0;34;0;0.0;2.0;8.0;0.0;A01
72188;201400047620;0;7;0;0.0;0.0;1.0;0.0;C01
72189;201400047620;0;10;0;0.0;0.0;4.0;2.0;B01
72190;201400047620;0;7;0;0.0;0.0;4.0;2.0;A01
72191;201400047621;0;7;0;0.0;0.0;8.0;0.0;A01
72192;201400047623;0;33;0;0.0;0.0;1.0;16.0;A01
72193;201400047624;0;33;0;0.0;0.0;8.0;3.0;A01
72194;201400047624;0;7;0;0.0;0.0;7.0;2.0;B01
72195;201400047625;0;7;0;0.0;2.0;7.0;12.0;A01
72196;201400047625;0;10;0;0.0;2.0;8.0;2.0;C01
72197;201400047625;0;32;0;0.0;2.0;8.0;3.0;B01
72198;201400047626;0;10;0;4.0;2.0;4.0;1.0;A01
72199;201400047626;1;99;0;0.0;2.0;1.0;1.0;Z01
72200;201400047627;0;7;0;0.0;2.0;4.0;2.0;A01
72201;201400047627;1;15;0;0.0;2.0;0.0;0.0;Z01
72202;201400047628;0;7;0;0.0;0.0;7.0;2.0;A01
72203;201400047630;0;7;0;4.0;0.0;1.0;1.0;A01
72204;201400047631;0;7;0;4.0;0.0;3.0;13.0;A01
72205;201400047632;0;32;0;4.0;0.0;8.0;13.0;A01
72206;201400047633;0;7;0;0.0;2.0;4.0;0.0;A01
72207;201400047633;1;99;0;0.0;2.0;0.0;0.0;Z01
72208;201400047634;0;7;0;0.0;2.0;1.0;1.0;B01
72209;201400047634;0;7;0;0.0;0.0;4.0;1.0;A01
72210;201400047635;0;7;0;0.0;2.0;1.0;14.0;A01
72211;201400047635;0;7;0;0.0;2.0;8.0;2.0;B01
72212;201400047635;0;7;0;0.0;2.0;8.0;2.0;C01
72213;201400047636;0;7;0;0.0;2.0;1.0;1.0;A01
72214;201400047636;0;7;0;0.0;2.0;4.0;2.0;B01