;Num_Acc;senc;catv;occutc;obs;obsm;choc;manv;num_veh
72215;201400047637;0;7;0;4.0;0.0;1.0;1.0;A01
72216;201400047638;0;7;0;5.0;0.0;3.0;13.0;A01
72217;201400047639;0;33;0;0.0;2.0;8.0;3.0;A01
72218;201400047639;0;7;0;0.0;2.0;1.0;2.0;B01
72219;201400047640;0;15;0;0.0;0.0;3.0;0.0;B01
72220;201400047640;0;7;0;0.0;2.0;8.0;0.0;A01
72221;201400047641;1;7;0;0.0;0.0;0.0;0.0;Z01
72222;201400047641;0;7;0;0.0;0.0;0.0;0.0;A01
72223;201400047641;0;7;0;0.0;0.0;4.0;0.0;B01
72224;201400047642;0;7;0;0.0;2.0;4.0;2.0;C01
72225;201400047642;0;7;0;0.0;2.0;5.0;2.0;B01
72226;201400047642;0;31;0;0.0;2.0;1.0;1.0;A01
72227;201400047643;0;7;0;0.0;2.0;1.0;1.0;A01
72228;201400047643;0;7;0;0.0;2.0;9.0;2.0;B01
72229;201400047643;0;10;0;0.0;2.0;4.0;2.0;C01
72230;201400047644;0;7;0;0.0;2.0;1.0;1.0;A01
72231;201400047644;0;7;0;0.0;2.0;4.0;2.0;B01
72232;201400047645;0;7;0;13.0;0.0;2.0;14.0;A01
72233;201400047647;0;7;0;0.0;2.0;9.0;0.0;A01
72234;201400047647;0;15;0;0.0;2.0;8.0;0.0;B01
72235;201400047647;0;7;0;0.0;2.0;7.0;0.0;C01
72236;201400047648;0;7;0;3.0;0.0;3.0;0.0;A01
72237;201400047649;0;17;0;0.0;2.0;2.0;1.0;A01
72238;201400047649;0;7;0;0.0;2.0;3.0;9.0;B01
72239;201400047650;1;99;0;0.0;0.0;4.0;0.0;Z01
72240;201400047650;0;7;0;0.0;0.0;4.0;0.0;A01
72241;201400047650;0;15;0;0.0;0.0;0.0;0.0;B01
72242;201400047652;0;33;0;0.0;2.0;2.0;3.0;A01
72243;201400047652;0;7;0;0.0;2.0;8.0;1.0;C01
72244;201400047652;0;7;0;0.0;2.0;6.0;1.0;B01
72245;201400047653;0;7;0;0.0;2.0;1.0;0.0;B01
72246;201400047653;0;7;0;4.0;2.0;9.0;0.0;A01
72247;201400047653;1;99;0;0.0;2.0;2.0;0.0;Z01
72248;201400047655;0;33;0;0.0;0.0;8.0;3.0;A01
72249;201400047656;0;7;0;0.0;2.0;1.0;0.0;A01
72250;201400047656;0;7;0;0.0;2.0;7.0;0.0;B01
72251;201400047657;0;7;0;0.0;0.0;8.0;2.0;D01
72252;201400047657;0;7;0;0.0;0.0;8.0;2.0;C01
72253;201400047657;0;7;0;4.0;0.0;3.0;1.0;A01
72254;201400047657;0;33;0;14.0;0.0;8.0;21.0;B01
72255;201400047658;0;31;0;5.0;0.0;0.0;0.0;A01
72256;201400047659;0;34;0;4.0;0.0;2.0;14.0;A01
72257;201400047660;0;7;0;16.0;0.0;1.0;1.0;A01
72258;201400047661;0;7;0;0.0;2.0;4.0;23.0;A01
72259;201400047661;0;7;0;14.0;0.0;4.0;2.0;B01
72260;201400047661;0;7;0;0.0;2.0;1.0;1.0;C01
72261;201400047662;0;31;0;16.0;0.0;9.0;1.0;A01
72262;201400047663;0;7;0;0.0;2.0;1.0;1.0;A01
72263;201400047663;0;7;0;0.0;0.0;4.0;2.0;C01
72264;201400047663;0;7;0;0.0;2.0;4.0;2.0;B01
72265;201400047664;0;7;0;0.0;9.0;1.0;1.0;A01
72266;201400047665;0;7;0;0.0;2.0;6.0;11.0;B01
72267;201400047665;0;33;0;0.0;2.0;1.0;21.0;A01
72268;201400047666;0;10;0;0.0;0.0;1.0;1.0;A01
72269;201400047666;0;10;0;0.0;0.0;4.0;1.0;B01
72270;201400047667;0;33;0;16.0;0.0;7.0;21.0;A01
72271;201400047668;0;7;0;0.0;2.0;1.0;2.0;B01
72272;201400047668;0;7;0;0.0;0.0;4.0;2.0;A01
72273;201400047669;0;7;0;0.0;2.0;1.0;1.0;A01
72274;201400047669;0;31;0;0.0;2.0;4.0;2.0;C01
72275;201400047669;0;7;0;0.0;2.0;9.0;2.0;B01
72276;201400047671;0;7;0;3.0;2.0;3.0;21.0;A01
72277;201400047671;1;7;0;0.0;2.0;2.0;0.0;Z01
72278;201400047672;0;33;0;0.0;0.0;0.0;0.0;A01
72279;201400047673;0;7;0;4.0;0.0;1.0;13.0;A01
72280;201400047674;0;7;0;0.0;0.0;7.0;2.0;A01
72281;201400047674;1;15;0;0.0;0.0;0.0;0.0;Z01
72282;201400047676;0;7;0;4.0;0.0;3.0;1.0;A01
72283;201400047677;0;7;0;0.0;2.0;8.0;9.0;A01
72284;201400047677;0;33;0;0.0;2.0;7.0;12.0;B01
72285;201400047678;1;15;0;0.0;0.0;0.0;14.0;Z01
72286;201400047678;0;7;0;3.0;0.0;1.0;2.0;A01
72287;201400047678;0;10;0;0.0;2.0;1.0;2.0;B01
72288;201400047679;0;7;0;4.0;0.0;1.0;0.0;A01
72289;201400047680;0;7;0;4.0;0.0;1.0;0.0;A01
72290;201400047681;0;33;0;13.0;0.0;3.0;13.0;A01
72291;201400047682;0;7;0;0.0;2.0;1.0;0.0;A01
72292;201400047682;0;7;0;0.0;0.0;4.0;0.0;B01
72293;201400047683;0;7;0;0.0;2.0;4.0;0.0;C01
72294;201400047683;0;7;0;0.0;2.0;1.0;0.0;A01
72295;201400047683;0;10;0;0.0;2.0;4.0;0.0;B01
72296;201400047683;0;7;0;0.0;2.0;4.0;0.0;D01
72297;201400047684;0;7;0;0.0;2.0;1.0;0.0;A01
72298;201400047685;0;7;0;4.0;0.0;8.0;13.0;A01
72299;201400047686;0;7;0;0.0;0.0;2.0;0.0;A01
72300;201400047686;0;7;0;0.0;2.0;8.0;0.0;B01
72301;201400047687;0;10;0;0.0;2.0;1.0;0.0;A01
72302;201400047687;0;14;0;0.0;2.0;6.0;0.0;C01
72303;201400047687;0;7;0;0.0;2.0;6.0;0.0;B01
72304;201400047688;0;15;0;4.0;0.0;8.0;13.0;A01
72305;201400047689;0;7;0;0.0;2.0;8.0;11.0;A01
72306;201400047689;0;33;0;0.0;2.0;7.0;0.0;B01
72307;201400047690;0;10;0;4.0;0.0;3.0;13.0;A01
72308;201400047691;0;7;0;0.0;2.0;4.0;2.0;B01
72309;201400047691;0;99;0;0.0;0.0;0.0;2.0;A01
72310;201400047691;0;7;0;0.0;0.0;4.0;2.0;C01
72311;201400047692;0;31;0;0.0;2.0;1.0;1.0;C01
72312;201400047692;0;7;0;0.0;2.0;1.0;1.0;B01
72313;201400047692;0;7;0;0.0;2.0;4.0;2.0;A01
72314;201400047693;0;7;0;4.0;0.0;7.0;14.0;A01
72315;201400047694;0;7;0;0.0;2.0;1.0;2.0;A01
72316;201400047694;0;7;0;0.0;2.0;4.0;2.0;B01
72317;201400047694;0;7;0;0.0;2.0;4.0;2.0;C01
72318;201400047694;0;7;0;0.0;2.0;4.0;2.0;D01
72319;201400047695;0;7;0;0.0;2.0;4.0;2.0;B01
72320;201400047695;0;7;0;0.0;2.0;1.0;2.0;A01
72321;201400047695;0;10;0;0.0;2.0;1.0;2.0;D01
72322;201400047695;0;7;0;0.0;2.0;4.0;2.0;C01
72323;201400047696;0;33;0;0.0;2.0;7.0;3.0;A01
72324;201400047696;0;7;0;0.0;2.0;3.0;11.0;B01
72325;201400047697;0;7;0;0.0;2.0;4.0;2.0;C01
72326;201400047697;0;7;0;0.0;2.0;1.0;2.0;A01
72327;201400047697;0;7;0;0.0;2.0;4.0;2.0;B01
72328;201400047698;0;7;0;3.0;0.0;9.0;13.0;A01
72329;201400047699;0;10;0;0.0;2.0;2.0;0.0;A01
72330;201400047699;0;10;0;0.0;2.0;6.0;0.0;B01
72331;201400047700;0;7;0;4.0;0.0;3.0;11.0;A01
72332;201400047701;0;7;0;0.0;2.0;3.0;11.0;A01
72333;201400047701;0;31;0;0.0;2.0;7.0;3.0;B01
72334;201400047702;0;7;0;0.0;2.0;3.0;1.0;B01
72335;201400047702;0;7;0;0.0;2.0;1.0;9.0;A01
72336;201400047702;0;7;0;0.0;0.0;4.0;1.0;C01
72337;201400047703;0;7;0;0.0;2.0;4.0;1.0;C01
72338;201400047703;0;7;0;0.0;2.0;4.0;1.0;B01
72339;201400047703;0;7;0;0.0;2.0;1.0;1.0;A01
72340;201400047704;0;15;0;0.0;2.0;0.0;23.0;A01
72341;201400047704;0;33;0;0.0;0.0;1.0;2.0;B01
72342;201400047705;0;15;0;0.0;0.0;8.0;2.0;B01
72343;201400047705;0;7;0;4.0;0.0;1.0;11.0;A01
72344;201400047706;0;7;0;0.0;2.0;1.0;0.0;A01
72345;201400047706;0;34;0;0.0;0.0;4.0;0.0;B01
72346;201400047707;0;33;0;4.0;0.0;1.0;0.0;A01
72347;201400047708;0;17;0;0.0;2.0;1.0;0.0;B01
72348;201400047708;0;7;0;4.0;2.0;1.0;0.0;A01
72349;201400047708;0;10;0;0.0;2.0;1.0;0.0;C01
72350;201400047710;1;15;0;0.0;0.0;6.0;13.0;Z01
72351;201400047710;0;33;0;0.0;2.0;2.0;2.0;A01
72352;201400047710;0;7;0;0.0;0.0;4.0;1.0;B01
72353;201400047711;0;7;0;0.0;2.0;3.0;0.0;B01
72354;201400047711;0;10;0;0.0;2.0;0.0;1.0;A01
72355;201400047711;0;7;0;0.0;2.0;5.0;1.0;D01
72356;201400047711;0;7;0;0.0;2.0;1.0;1.0;C01
72357;201400047712;0;7;0;0.0;2.0;1.0;2.0;C01
72358;201400047712;0;7;0;2.0;2.0;1.0;2.0;B01
72359;201400047712;0;7;0;0.0;0.0;4.0;2.0;A01
72360;201400047713;0;7;0;0.0;0.0;4.0;2.0;A01
72361;201400047713;0;7;0;0.0;2.0;9.0;2.0;B01
72362;201400047713;0;7;0;0.0;0.0;1.0;1.0;C01
72363;201400047714;0;33;0;0.0;2.0;9.0;0.0;D01
72364;201400047714;0;7;0;0.0;2.0;8.0;0.0;A01
72365;201400047714;0;7;0;0.0;2.0;5.0;21.0;B01
72366;201400047714;0;33;0;0.0;2.0;4.0;0.0;C01
72367;201400047714;0;33;0;0.0;2.0;1.0;0.0;E01
72368;201400047716;0;7;0;0.0;2.0;4.0;1.0;C01
72369;201400047716;0;33;0;0.0;2.0;8.0;3.0;A01
72370;201400047716;0;7;0;0.0;2.0;7.0;12.0;B01
72371;201400047717;0;7;0;0.0;2.0;1.0;1.0;B01
72372;201400047717;0;7;0;0.0;2.0;9.0;2.0;D01
72373;201400047717;0;7;0;0.0;2.0;5.0;12.0;A01
72374;201400047717;0;7;0;0.0;2.0;2.0;2.0;C01
72375;201400047718;0;7;0;13.0;0.0;1.0;14.0;A01
72376;201400047720;0;33;0;0.0;2.0;7.0;3.0;A01
72377;201400047721;1;99;0;0.0;2.0;2.0;0.0;Z01
72378;201400047721;0;7;0;3.0;0.0;3.0;0.0;A01
72379;201400047722;0;7;0;0.0;2.0;4.0;2.0;B01
72380;201400047722;0;10;0;0.0;2.0;1.0;1.0;A01
72381;201400047723;0;7;0;4.0;0.0;1.0;0.0;A01
72382;201400047724;0;33;0;16.0;0.0;9.0;1.0;A01
72383;201400047725;0;15;0;0.0;0.0;0.0;0.0;B01
72384;201400047725;0;7;0;0.0;0.0;0.0;0.0;C01
72385;201400047725;0;7;0;0.0;0.0;2.0;0.0;A01
72386;201400047726;0;33;0;3.0;0.0;3.0;13.0;A01
72387;201400047727;0;10;0;4.0;0.0;1.0;14.0;A01
72388;201400047728;0;7;0;0.0;0.0;4.0;1.0;B01
72389;201400047728;0;33;0;0.0;2.0;1.0;2.0;A01
72390;201400047729;0;7;0;13.0;0.0;9.0;2.0;A01
72391;201400047730;0;7;0;0.0;2.0;8.0;11.0;A01
72392;201400047730;0;32;0;0.0;2.0;2.0;0.0;B01
72393;201400047731;0;7;0;0.0;2.0;1.0;1.0;B01
72394;201400047731;0;7;0;4.0;2.0;4.0;1.0;A01
72395;201400047731;0;7;0;0.0;2.0;9.0;2.0;C01
72396;201400047731;0;7;0;0.0;2.0;4.0;2.0;D01
72397;201400047732;0;7;0;0.0;2.0;1.0;2.0;A01
72398;201400047732;0;7;0;0.0;2.0;4.0;1.0;B01
72399;201400047732;0;10;0;0.0;0.0;4.0;1.0;C01
72400;201400047733;0;31;0;0.0;2.0;1.0;0.0;A01
72401;201400047733;0;7;0;0.0;2.0;5.0;0.0;B01
72402;201400047734;0;15;0;0.0;2.0;2.0;1.0;A01
72403;201400047734;0;7;0;0.0;2.0;6.0;9.0;B01
72404;201400047736;0;15;0;0.0;2.0;4.0;2.0;A01
72405;201400047736;0;7;0;14.0;2.0;2.0;17.0;B01
72406;201400047737;0;7;0;0.0;2.0;8.0;0.0;A01
72407;201400047737;0;15;0;0.0;2.0;2.0;0.0;B01
72408;201400047738;0;7;0;4.0;0.0;1.0;9.0;A01
72409;201400047739;0;7;0;0.0;0.0;0.0;0.0;A01
72410;201400047739;0;31;0;0.0;0.0;0.0;0.0;B01
72411;201400047740;0;7;0;4.0;0.0;0.0;0.0;A01
72412;201400047741;0;7;0;0.0;2.0;4.0;2.0;C01
72413;201400047741;0;7;0;0.0;2.0;9.0;2.0;B01
72414;201400047741;0;7;0;0.0;2.0;3.0;1.0;A01
72415;201400047741;1;7;0;0.0;0.0;0.0;0.0;Z01
72416;201400047742;0;7;0;6.0;0.0;1.0;0.0;A01
72417;201400047743;0;7;0;0.0;0.0;4.0;2.0;A01
72418;201400047743;0;7;0;0.0;0.0;4.0;2.0;B01
72419;201400047743;0;7;0;0.0;2.0;1.0;2.0;C01
72420;201400047745;0;7;0;0.0;2.0;4.0;23.0;A01
72421;201400047745;0;7;0;0.0;2.0;1.0;1.0;B01
72422;201400047746;0;7;0;0.0;2.0;9.0;2.0;B01
72423;201400047746;0;7;0;0.0;2.0;9.0;2.0;C01
72424;201400047746;0;15;0;0.0;2.0;4.0;2.0;A01
72425;201400047747;0;34;0;0.0;2.0;0.0;0.0;B01
72426;201400047747;0;7;0;0.0;2.0;7.0;0.0;A01
72427;201400047748;0;7;0;0.0;2.0;4.0;2.0;A01
72428;201400047748;0;34;0;0.0;2.0;1.0;2.0;B01
72429;201400047749;0;33;0;0.0;2.0;0.0;0.0;C01
72430;201400047749;0;7;0;0.0;2.0;3.0;1.0;B01
72431;201400047749;0;7;0;0.0;2.0;0.0;0.0;D01
72432;201400047749;0;14;0;0.0;2.0;1.0;12.0;A01
72433;201400047750;0;33;0;0.0;0.0;7.0;0.0;A01
72434;201400047752;0;1;0;0.0;2.0;8.0;18.0;B01
72435;201400047752;0;15;0;0.0;2.0;7.0;16.0;A01
72436;201400047753;0;7;0;0.0;2.0;4.0;24.0;B01
72437;201400047753;0;7;0;1.0;0.0;1.0;14.0;A01
72438;201400047754;0;7;0;0.0;2.0;4.0;2.0;B01
72439;201400047754;0;10;0;0.0;2.0;1.0;1.0;A01
72440;201400047756;0;34;0;0.0;2.0;1.0;3.0;A01
72441;201400047756;0;34;0;0.0;0.0;4.0;3.0;B01
72442;201400047757;0;37;12;4.0;0.0;1.0;1.0;A01
72443;201400047758;0;7;0;0.0;2.0;5.0;1.0;A01
72444;201400047758;1;7;0;0.0;2.0;0.0;0.0;Z01
72445;201400047759;0;7;0;0.0;2.0;0.0;0.0;A01
72446;201400047759;0;17;0;0.0;2.0;5.0;1.0;B01
72447;201400047760;0;7;0;0.0;2.0;1.0;1.0;B01
72448;201400047760;0;7;0;0.0;2.0;4.0;2.0;A01
72449;201400047761;0;7;0;0.0;0.0;4.0;2.0;B01
72450;201400047761;0;7;0;0.0;2.0;1.0;1.0;A01
72451;201400047762;0;7;0;4.0;0.0;9.0;14.0;A01
72452;201400047763;0;7;0;0.0;2.0;1.0;12.0;A01
72453;201400047764;0;7;0;4.0;0.0;2.0;1.0;A01
72454;201400047765;0;7;0;0.0;0.0;1.0;0.0;A01
72455;201400047765;0;31;0;0.0;2.0;1.0;0.0;B01
72456;201400047766;0;7;0;0.0;2.0;9.0;9.0;A01
72457;201400047766;0;7;0;0.0;2.0;7.0;1.0;B01
72458;201400047767;0;7;0;0.0;2.0;4.0;2.0;B01
72459;201400047767;0;7;0;;2.0;1.0;1.0;A01
72460;201400047767;0;7;0;0.0;2.0;5.0;2.0;C01
72461;201400047768;0;7;0;4.0;0.0;1.0;1.0;A01
72462;201400047769;0;33;0;0.0;0.0;0.0;1.0;A01
72463;201400047770;0;7;0;0.0;0.0;7.0;17.0;B01
72464;201400047770;0;7;0;0.0;2.0;1.0;13.0;A01
72465;201400047771;0;7;0;0.0;2.0;8.0;0.0;A01
72466;201400047771;0;7;0;0.0;2.0;1.0;0.0;B01
72467;201400047771;0;7;0;0.0;0.0;4.0;0.0;C01
72468;201400047772;0;7;0;0.0;2.0;4.0;2.0;B01
72469;201400047772;0;7;0;0.0;2.0;1.0;1.0;A01
72470;201400047773;0;31;0;0.0;0.0;0.0;0.0;A01
72471;201400047774;0;7;0;0.0;2.0;4.0;2.0;B01
72472;201400047774;0;7;0;0.0;2.0;1.0;1.0;A01
72473;201400047775;0;7;0;4.0;0.0;1.0;12.0;A01
72474;201400047776;0;7;0;3.0;0.0;1.0;13.0;A01
72475;201400047777;1;99;0;0.0;2.0;2.0;0.0;Z01
72476;201400047777;0;7;0;0.0;2.0;0.0;0.0;A01
72477;201400047779;0;7;0;0.0;2.0;8.0;1.0;A01
72478;201400047779;0;15;0;0.0;2.0;2.0;0.0;B01
72479;201400047780;0;7;0;0.0;2.0;4.0;2.0;B01
72480;201400047780;0;7;0;0.0;2.0;1.0;1.0;A01
72481;201400047781;0;7;0;0.0;2.0;1.0;2.0;C01
72482;201400047781;0;7;0;0.0;2.0;1.0;2.0;B01
72483;201400047781;0;7;0;0.0;0.0;4.0;2.0;A01
72484;201400047782;0;34;0;3.0;0.0;2.0;14.0;A01
72485;201400047784;0;7;0;0.0;2.0;9.0;0.0;A01
72486;201400047784;0;10;0;0.0;2.0;3.0;0.0;B01
72487;201400047784;0;13;0;0.0;2.0;0.0;0.0;C01
72488;201400047784;0;34;0;0.0;2.0;3.0;0.0;D01
72489;201400047785;0;31;0;0.0;2.0;1.0;1.0;A01
72490;201400047785;0;7;0;0.0;2.0;5.0;2.0;B01
72491;201400047786;0;7;0;4.0;0.0;3.0;13.0;A01
72492;201400047787;0;7;0;0.0;0.0;4.0;2.0;B01
72493;201400047787;0;7;0;0.0;0.0;2.0;1.0;C01
72494;201400047787;0;10;0;0.0;2.0;1.0;0.0;A01
72495;201400047788;0;10;0;0.0;0.0;5.0;1.0;C01
72496;201400047788;0;7;0;0.0;2.0;3.0;21.0;B01
72497;201400047788;0;34;0;0.0;2.0;1.0;1.0;A01
72498;201400047789;0;33;0;4.0;0.0;8.0;0.0;A01
72499;201400047790;0;7;0;0.0;2.0;4.0;0.0;B01
72500;201400047790;0;7;0;0.0;2.0;1.0;0.0;A01
72501;201400047791;0;7;0;0.0;0.0;4.0;0.0;B01
72502;201400047791;0;7;0;0.0;2.0;1.0;0.0;A01
72503;201400047792;0;7;0;4.0;0.0;1.0;21.0;A01
72504;201400047793;0;7;0;0.0;0.0;1.0;1.0;A01
72505;201400047793;0;7;0;0.0;0.0;4.0;2.0;B01
72506;201400047793;0;7;0;0.0;0.0;4.0;2.0;C01
72507;201400047793;0;7;0;0.0;0.0;4.0;2.0;D01
72508;201400047794;0;7;0;0.0;2.0;6.0;1.0;A01
72509;201400047794;0;15;0;0.0;0.0;3.0;13.0;B01
72510;201400047795;0;7;0;0.0;2.0;1.0;2.0;C01
72511;201400047795;0;7;0;0.0;0.0;4.0;0.0;A01
72512;201400047795;0;7;0;0.0;2.0;1.0;2.0;B01
72513;201400047796;0;7;0;0.0;2.0;4.0;2.0;B01
72514;201400047796;0;7;0;0.0;2.0;1.0;1.0;A01
72515;201400047797;0;7;0;0.0;2.0;1.0;0.0;A01
72516;201400047797;0;7;0;0.0;2.0;4.0;0.0;B01
72517;201400047798;1;7;0;0.0;0.0;0.0;0.0;Z01
72518;201400047798;0;32;0;0.0;2.0;4.0;1.0;A01
72519;201400047799;0;7;0;3.0;0.0;2.0;14.0;A01
72520;201400047801;0;7;0;0.0;2.0;1.0;1.0;B01
72521;201400047801;0;7;0;0.0;6.0;1.0;1.0;A01
72522;201400047802;0;7;0;0.0;2.0;4.0;0.0;C01
72523;201400047802;0;7;0;4.0;2.0;1.0;0.0;A01
72524;201400047802;0;7;0;0.0;2.0;6.0;0.0;B01
72525;201400047803;0;7;0;16.0;0.0;9.0;13.0;A01
72526;201400047804;0;10;0;0.0;2.0;8.0;1.0;B01
72527;201400047804;0;33;0;0.0;2.0;7.0;3.0;A01
72528;201400047805;0;7;0;0.0;0.0;4.0;2.0;C01
72529;201400047805;0;7;0;0.0;2.0;1.0;2.0;A01
72530;201400047805;0;7;0;0.0;2.0;5.0;2.0;B01
72531;201400047806;0;7;0;0.0;2.0;1.0;1.0;C01
72532;201400047806;0;7;0;0.0;2.0;4.0;1.0;B01
72533;201400047806;0;7;0;0.0;2.0;4.0;1.0;A01
72534;201400047807;0;7;0;0.0;2.0;3.0;11.0;B01
72535;201400047807;0;32;0;0.0;2.0;7.0;0.0;A01
72536;201400047808;0;7;0;0.0;2.0;1.0;0.0;A01
72537;201400047808;0;7;0;0.0;0.0;4.0;0.0;B01
72538;201400047809;0;33;0;0.0;0.0;0.0;3.0;A01
72539;201400047810;0;31;0;15.0;2.0;1.0;1.0;A01
72540;201400047810;0;7;0;;2.0;8.0;1.0;C01
72541;201400047810;0;7;0;;2.0;6.0;1.0;B01
72542;201400047811;1;7;0;0.0;2.0;0.0;0.0;Z01
72543;201400047811;0;7;0;0.0;2.0;7.0;1.0;B01
72544;201400047811;0;33;0;0.0;2.0;7.0;3.0;A01
72545;201400047812;0;34;0;0.0;2.0;8.0;2.0;A01
72546;201400047813;0;33;0;0.0;2.0;3.0;3.0;A01
72547;201400047813;0;7;0;0.0;0.0;5.0;12.0;B01
72548;201400047814;0;10;0;0.0;0.0;4.0;2.0;A01
72549;201400047814;0;10;0;0.0;0.0;1.0;2.0;C01
72550;201400047814;0;33;0;0.0;0.0;1.0;2.0;D01
72551;201400047814;0;10;0;0.0;0.0;1.0;2.0;B01
72552;201400047815;0;7;0;0.0;2.0;1.0;0.0;A01
72553;201400047815;0;7;0;0.0;0.0;4.0;0.0;B01
72554;201400047816;0;15;0;0.0;2.0;3.0;11.0;A01
72555;201400047816;0;7;0;3.0;2.0;9.0;2.0;B01
72556;201400047817;0;33;0;0.0;0.0;0.0;0.0;A01
72557;201400047817;0;7;0;0.0;0.0;0.0;0.0;B01
72558;201400047818;0;7;0;0.0;0.0;0.0;0.0;A01
72559;201400047818;0;32;0;0.0;0.0;0.0;0.0;C01
72560;201400047818;0;14;0;0.0;0.0;0.0;0.0;B01
72561;201400047819;0;7;0;3.0;0.0;1.0;21.0;A01
72562;201400047821;0;33;0;0.0;2.0;1.0;1.0;A01
72563;201400047821;0;33;0;0.0;2.0;5.0;2.0;B01
72564;201400047821;0;10;0;0.0;2.0;8.0;2.0;C01
72565;201400047822;0;7;0;0.0;2.0;6.0;1.0;B01
72566;201400047822;0;33;0;0.0;2.0;1.0;3.0;A01
72567;201400047823;0;7;0;0.0;2.0;4.0;2.0;A01
72568;201400047823;0;7;0;0.0;2.0;1.0;1.0;C01
72569;201400047823;0;7;0;0.0;2.0;4.0;2.0;B01
72570;201400047824;0;7;0;0.0;0.0;9.0;0.0;A01
72571;201400047825;0;7;0;14.0;2.0;0.0;0.0;B01
72572;201400047825;0;7;0;14.0;2.0;0.0;0.0;C01
72573;201400047825;0;7;0;14.0;2.0;0.0;0.0;A01
72574;201400047826;0;7;0;4.0;0.0;9.0;0.0;A01
72575;201400047827;0;34;0;0.0;0.0;3.0;3.0;A01
72576;201400047827;1;31;0;0.0;0.0;2.0;12.0;Z01
72577;201400047829;0;7;0;4.0;0.0;3.0;1.0;A01
72578;201400047830;0;10;0;13.0;0.0;2.0;1.0;A01
72579;201400047831;0;7;0;0.0;0.0;4.0;1.0;B01
72580;201400047831;0;7;0;0.0;0.0;1.0;1.0;A01
72581;201400047832;0;7;0;0.0;0.0;5.0;1.0;B01
72582;201400047832;0;33;0;0.0;0.0;3.0;3.0;A01
72583;201400047833;0;7;0;3.0;0.0;3.0;13.0;A01
72584;201400047834;0;7;0;4.0;0.0;1.0;21.0;A01
72585;201400047835;0;7;0;16.0;0.0;1.0;1.0;A01
72586;201400047836;0;7;0;0.0;2.0;1.0;2.0;B01
72587;201400047836;0;7;0;0.0;2.0;4.0;2.0;A01
72588;201400047837;0;7;0;4.0;0.0;9.0;0.0;A01
72589;201400047838;0;7;0;0.0;2.0;2.0;0.0;A01
72590;201400047838;0;32;0;0.0;2.0;6.0;0.0;B01
72591;201400047839;0;7;0;4.0;0.0;2.0;14.0;A01
72592;201400047840;0;7;0;0.0;2.0;8.0;1.0;A01
72593;201400047840;0;7;0;0.0;2.0;1.0;17.0;B01
72594;201400047841;0;7;0;0.0;2.0;1.0;1.0;A01
72595;201400047841;0;10;0;0.0;2.0;4.0;2.0;B01
72596;201400047842;0;15;0;0.0;2.0;1.0;0.0;A01
72597;201400047842;0;7;0;0.0;0.0;4.0;1.0;C01
72598;201400047842;0;7;0;0.0;2.0;4.0;0.0;B01
72599;201400047843;0;31;0;0.0;2.0;1.0;21.0;B01
72600;201400047843;0;7;0;0.0;2.0;5.0;1.0;A01
72601;201400047844;0;10;0;1.0;0.0;1.0;2.0;A01
72602;201400047844;0;7;0;0.0;0.0;4.0;24.0;B01
72603;201400047845;0;7;0;4.0;0.0;1.0;13.0;A01
72604;201400047846;0;17;0;0.0;0.0;2.0;12.0;A01
72605;201400047846;0;7;0;0.0;0.0;6.0;2.0;B01
72606;201400047847;0;7;0;0.0;6.0;1.0;1.0;A01
72607;201400047848;0;7;0;4.0;0.0;3.0;13.0;A01
72608;201400047848;0;32;0;0.0;2.0;8.0;2.0;B01
72609;201400047849;0;15;0;4.0;0.0;3.0;13.0;A01
72610;201400047850;0;7;0;4.0;0.0;1.0;2.0;A01
72611;201400047852;0;7;0;3.0;0.0;1.0;0.0;A01
72612;201400047853;0;7;0;4.0;0.0;2.0;14.0;A01
72613;201400047854;0;7;0;13.0;0.0;1.0;1.0;A01
72614;201400047855;0;7;0;4.0;0.0;9.0;1.0;A01
72615;201400047856;0;7;0;0.0;2.0;4.0;0.0;C01
72616;201400047856;0;7;0;0.0;2.0;4.0;0.0;B01
72617;201400047856;0;7;0;0.0;2.0;1.0;0.0;A01
72618;201400047857;0;7;0;0.0;2.0;4.0;2.0;F01
72619;201400047857;0;7;0;0.0;2.0;4.0;2.0;B01
72620;201400047857;0;7;0;0.0;2.0;4.0;2.0;E01
72621;201400047857;0;7;0;0.0;2.0;1.0;1.0;A02
72622;201400047857;0;7;0;0.0;2.0;4.0;2.0;C01
72623;201400047857;0;7;0;0.0;2.0;4.0;2.0;D01
72624;201400047858;0;7;0;0.0;2.0;1.0;0.0;B01
72625;201400047858;0;7;0;0.0;2.0;1.0;0.0;C01
72626;201400047858;0;7;0;0.0;2.0;1.0;0.0;D01
72627;201400047858;0;7;0;4.0;2.0;1.0;0.0;A01
72628;201400047859;0;7;0;0.0;0.0;1.0;0.0;A01
72629;201400047860;0;34;0;0.0;2.0;1.0;3.0;A01
72630;201400047860;0;7;0;0.0;2.0;8.0;1.0;B01
72631;201400047861;0;7;0;3.0;0.0;1.0;1.0;A01
72632;201400047862;0;7;0;11.0;0.0;0.0;1.0;A01
72633;201400047863;0;7;0;0.0;2.0;3.0;0.0;A01
72634;201400047863;0;15;0;0.0;2.0;2.0;0.0;B01
72635;201400047864;0;7;0;0.0;2.0;1.0;11.0;B01
72636;201400047864;0;7;0;0.0;2.0;4.0;2.0;A01