;Num_Acc;senc;catv;occutc;obs;obsm;choc;manv;num_veh
72637;201400047865;0;99;0;0.0;0.0;5.0;1.0;B01
72638;201400047865;0;7;0;0.0;2.0;1.0;18.0;A01
72639;201400047866;0;7;0;0.0;2.0;8.0;0.0;A01
72640;201400047866;0;33;0;4.0;2.0;1.0;0.0;B01
72641;201400047867;0;13;0;0.0;0.0;4.0;1.0;B01
72642;201400047867;0;7;0;0.0;2.0;1.0;1.0;A01
72643;201400047868;0;7;0;0.0;2.0;4.0;2.0;B01
72644;201400047868;0;33;0;0.0;2.0;1.0;1.0;A01
72645;201400047869;0;7;0;0.0;2.0;4.0;0.0;B01
72646;201400047869;0;7;0;0.0;2.0;2.0;0.0;A01
72647;201400047870;0;7;0;4.0;0.0;9.0;1.0;A01
72648;201400047871;0;7;0;0.0;0.0;4.0;2.0;A01
72649;201400047871;0;7;0;0.0;0.0;4.0;2.0;B01
72650;201400047873;0;15;0;4.0;0.0;6.0;13.0;A01
72651;201400047874;0;7;0;0.0;2.0;1.0;1.0;A01
72652;201400047874;0;7;0;0.0;2.0;4.0;2.0;B01
72653;201400047875;0;7;0;0.0;2.0;5.0;1.0;B01
72654;201400047875;0;33;0;0.0;2.0;1.0;1.0;A01
72655;201400047876;0;7;0;4.0;0.0;3.0;1.0;A01
72656;201400047877;0;7;0;4.0;0.0;2.0;2.0;A01
72657;201400047878;0;7;0;0.0;0.0;4.0;2.0;B01
72658;201400047878;0;7;0;1.0;2.0;1.0;2.0;A01
72659;201400047879;0;7;0;4.0;0.0;2.0;14.0;A01
72660;201400047880;0;33;0;0.0;0.0;0.0;0.0;B01
72661;201400047880;0;7;0;0.0;0.0;0.0;0.0;A01
72662;201400047882;0;33;0;0.0;2.0;1.0;1.0;A01
72663;201400047882;0;7;0;0.0;2.0;5.0;2.0;B01
72664;201400047883;0;7;0;0.0;0.0;9.0;0.0;A01
72665;201400047883;0;7;0;1.0;0.0;3.0;0.0;B01
72666;201400047884;0;33;0;16.0;0.0;9.0;1.0;A01
72667;201400047885;0;7;0;1.0;0.0;1.0;1.0;A01
72668;201400047886;0;7;0;0.0;2.0;4.0;0.0;C01
72669;201400047886;0;7;0;0.0;2.0;1.0;0.0;B01
72670;201400047886;0;7;0;0.0;2.0;4.0;0.0;A01
72671;201400047886;0;7;0;4.0;2.0;1.0;0.0;D01
72672;201400047887;0;15;0;0.0;2.0;4.0;2.0;B01
72673;201400047887;0;7;0;0.0;2.0;1.0;1.0;A01
72674;201400047888;0;7;0;4.0;0.0;1.0;0.0;A01
72675;201400047889;0;7;0;4.0;0.0;1.0;1.0;A01
72676;201400047890;0;7;0;13.0;0.0;3.0;1.0;A01
72677;201400047891;0;7;0;4.0;0.0;1.0;0.0;A01
72678;201400047892;0;7;0;4.0;0.0;3.0;13.0;A01
72679;201400047893;0;7;0;16.0;0.0;9.0;1.0;A01
72680;201400047894;0;7;0;0.0;2.0;4.0;2.0;A01
72681;201400047894;0;7;0;0.0;2.0;1.0;2.0;B01
72682;201400047895;0;7;0;0.0;2.0;1.0;2.0;B01
72683;201400047895;0;7;0;0.0;2.0;4.0;23.0;A01
72684;201400047896;0;7;0;4.0;0.0;1.0;0.0;A01
72685;201400047898;0;7;0;13.0;0.0;2.0;1.0;A01
72686;201400047899;0;7;0;0.0;0.0;4.0;1.0;A01
72687;201400047899;2;7;0;0.0;2.0;1.0;2.0;Z01
72688;201400047900;0;33;0;0.0;2.0;1.0;2.0;A01
72689;201400047900;0;7;0;0.0;0.0;4.0;2.0;B01
72690;201400047901;0;33;0;0.0;2.0;8.0;0.0;B01
72691;201400047901;0;10;0;0.0;2.0;7.0;0.0;A01
72692;201400047902;0;7;0;4.0;0.0;2.0;14.0;A01
72693;201400047903;0;7;0;0.0;2.0;4.0;2.0;A01
72694;201400047903;0;7;0;0.0;2.0;1.0;1.0;B01
72695;201400047904;0;7;0;0.0;2.0;3.0;1.0;B01
72696;201400047904;0;7;0;0.0;2.0;1.0;21.0;C01
72697;201400047904;0;7;0;0.0;2.0;1.0;1.0;A01
72698;201400047904;0;7;0;0.0;2.0;4.0;11.0;D01
72699;201400047907;0;10;0;3.0;0.0;1.0;0.0;A01
72700;201400047908;0;7;0;0.0;2.0;6.0;2.0;A01
72701;201400047908;0;7;0;0.0;2.0;2.0;2.0;B01
72702;201400047909;0;7;0;3.0;0.0;2.0;0.0;A01
72703;201400047910;0;7;0;0.0;0.0;6.0;2.0;B01
72704;201400047910;2;7;0;0.0;0.0;2.0;0.0;Z01
72705;201400047910;0;7;0;1.0;0.0;1.0;2.0;C01
72706;201400047911;0;7;0;0.0;6.0;1.0;1.0;A01
72707;201400047912;0;7;0;4.0;0.0;1.0;1.0;A01
72708;201400047913;0;7;0;0.0;0.0;0.0;2.0;E01
72709;201400047913;0;7;0;0.0;0.0;4.0;1.0;C01
72710;201400047913;0;7;0;1.0;0.0;2.0;2.0;A01
72711;201400047913;0;7;0;0.0;0.0;0.0;2.0;D01
72712;201400047913;0;7;0;0.0;0.0;0.0;0.0;B01
72713;201400047914;0;7;0;0.0;2.0;1.0;2.0;A01
72714;201400047914;0;7;0;0.0;0.0;4.0;2.0;B01
72715;201400047915;0;33;0;0.0;2.0;2.0;17.0;A01
72716;201400047915;0;7;0;0.0;2.0;3.0;2.0;B01
72717;201400047915;0;7;0;0.0;2.0;3.0;2.0;C01
72718;201400047916;0;10;0;0.0;0.0;4.0;1.0;B01
72719;201400047916;0;7;0;0.0;2.0;1.0;2.0;A01
72720;201400047917;0;7;0;0.0;0.0;0.0;1.0;A01
72721;201400047917;0;33;0;0.0;0.0;0.0;21.0;B01
72722;201400047918;0;10;0;0.0;2.0;1.0;1.0;A01
72723;201400047918;0;10;0;0.0;2.0;4.0;2.0;B01
72724;201400047918;0;7;0;0.0;2.0;1.0;2.0;C01
72725;201400047920;0;7;0;0.0;2.0;5.0;12.0;B01
72726;201400047920;0;31;0;0.0;2.0;8.0;1.0;A01
72727;201400047921;0;7;0;0.0;2.0;4.0;2.0;D01
72728;201400047921;0;33;0;0.0;2.0;3.0;3.0;A01
72729;201400047921;0;7;0;0.0;2.0;4.0;2.0;C01
72730;201400047921;0;7;0;0.0;2.0;2.0;12.0;B01
72731;201400047922;0;10;0;0.0;2.0;1.0;2.0;A01
72732;201400047922;0;7;0;0.0;2.0;4.0;2.0;B01
72733;201400047922;0;7;0;0.0;2.0;4.0;2.0;C01
72734;201400047923;0;7;0;0.0;2.0;5.0;2.0;B01
72735;201400047923;1;7;0;0.0;2.0;3.0;0.0;Z01
72736;201400047924;0;7;0;0.0;2.0;4.0;24.0;B01
72737;201400047924;0;7;0;15.0;0.0;1.0;14.0;A01
72738;201400047925;0;7;0;0.0;2.0;2.0;11.0;A01
72739;201400047925;0;7;0;0.0;0.0;6.0;2.0;B01
72740;201400047926;0;7;0;0.0;2.0;5.0;1.0;C01
72741;201400047926;1;10;0;0.0;2.0;8.0;11.0;Z01
72742;201400047926;0;7;0;0.0;2.0;3.0;1.0;D01
72743;201400047926;0;34;0;0.0;2.0;2.0;3.0;B01
72744;201400047927;0;7;0;0.0;0.0;0.0;11.0;B01
72745;201400047927;0;33;0;0.0;0.0;2.0;21.0;A01
72746;201400047928;0;7;0;0.0;2.0;1.0;2.0;A01
72747;201400047928;0;7;0;0.0;2.0;4.0;2.0;B01
72748;201400047929;0;7;0;0.0;0.0;4.0;1.0;C01
72749;201400047929;0;15;0;0.0;2.0;3.0;1.0;B01
72750;201400047929;0;7;0;0.0;2.0;7.0;12.0;A01
72751;201400047930;0;7;0;0.0;2.0;1.0;0.0;A01
72752;201400047930;0;7;0;0.0;2.0;4.0;0.0;B01
72753;201400047931;0;7;0;0.0;2.0;8.0;13.0;B01
72754;201400047931;0;7;0;0.0;2.0;4.0;2.0;C01
72755;201400047931;0;7;0;0.0;2.0;1.0;2.0;A01
72756;201400047931;0;7;0;0.0;2.0;4.0;2.0;D01
72757;201400047932;0;33;0;0.0;2.0;1.0;3.0;A01
72758;201400047932;0;10;0;0.0;2.0;3.0;11.0;B01
72759;201400047933;0;7;0;0.0;2.0;3.0;9.0;B01
72760;201400047933;0;33;0;0.0;2.0;2.0;3.0;A01
72761;201400047933;0;7;0;0.0;2.0;4.0;2.0;C01
72762;201400047934;0;33;0;0.0;0.0;7.0;21.0;A01
72763;201400047935;0;7;0;0.0;2.0;1.0;2.0;A01
72764;201400047935;0;7;0;0.0;2.0;4.0;0.0;B01
72765;201400047936;1;7;0;0.0;0.0;4.0;0.0;A01
72766;201400047937;0;7;0;0.0;2.0;7.0;12.0;B01
72767;201400047937;0;33;0;0.0;2.0;1.0;3.0;A01
72768;201400047938;0;7;0;0.0;2.0;7.0;1.0;B01
72769;201400047938;0;10;0;3.0;2.0;2.0;1.0;A01
72770;201400047939;0;33;0;0.0;0.0;0.0;3.0;A01
72771;201400047940;0;7;0;0.0;0.0;5.0;1.0;A01
72772;201400047940;0;32;0;0.0;2.0;3.0;3.0;B01
72773;201400047941;0;7;0;13.0;2.0;6.0;0.0;A01
72774;201400047941;0;7;0;0.0;2.0;2.0;17.0;B01
72775;201400047942;0;7;0;4.0;0.0;1.0;0.0;A01
72776;201400047943;0;33;0;0.0;2.0;4.0;2.0;B01
72777;201400047943;0;7;0;0.0;2.0;1.0;2.0;A01
72778;201400047944;0;7;0;0.0;2.0;1.0;2.0;A01
72779;201400047944;0;31;0;0.0;0.0;4.0;2.0;B01
72780;201400047945;0;7;0;0.0;2.0;1.0;2.0;A01
72781;201400047945;0;7;0;0.0;0.0;4.0;0.0;B01
72782;201400047946;0;7;0;4.0;0.0;1.0;12.0;A01
72783;201400047947;0;7;0;0.0;0.0;6.0;23.0;B01
72784;201400047947;0;7;0;1.0;0.0;2.0;0.0;A01
72785;201400047948;0;7;0;0.0;0.0;4.0;2.0;E01
72786;201400047948;0;7;0;0.0;2.0;4.0;2.0;B01
72787;201400047948;0;7;0;0.0;2.0;4.0;2.0;D01
72788;201400047948;0;7;0;0.0;2.0;1.0;2.0;A01
72789;201400047948;0;7;0;0.0;2.0;4.0;2.0;C01
72790;201400047949;0;7;0;0.0;2.0;2.0;12.0;A01
72791;201400047949;0;33;0;0.0;2.0;8.0;3.0;B01
72792;201400047950;0;7;0;0.0;2.0;4.0;0.0;D01
72793;201400047950;0;7;0;0.0;2.0;5.0;0.0;C01
72794;201400047950;0;33;0;0.0;2.0;1.0;3.0;B01
72795;201400047950;0;7;0;0.0;2.0;3.0;9.0;A01
72796;201400047951;0;7;0;0.0;0.0;0.0;21.0;A01
72797;201400047952;0;7;0;3.0;2.0;1.0;2.0;A01
72798;201400047952;0;7;0;0.0;0.0;4.0;2.0;B01
72799;201400047953;0;10;0;0.0;2.0;4.0;1.0;B01
72800;201400047953;0;33;0;0.0;2.0;1.0;3.0;A01
72801;201400047954;0;7;0;4.0;0.0;9.0;21.0;A01
72802;201400047955;0;7;0;0.0;2.0;4.0;21.0;E02
72803;201400047955;0;7;0;0.0;2.0;1.0;2.0;A01
72804;201400047955;0;7;0;1.0;2.0;1.0;1.0;C01
72805;201400047955;0;7;0;14.0;0.0;1.0;21.0;D01
72806;201400047955;0;10;0;0.0;2.0;4.0;2.0;B01
72807;201400047955;0;7;0;0.0;2.0;2.0;21.0;F01
72808;201400047956;0;7;0;0.0;2.0;1.0;2.0;A01
72809;201400047956;0;7;0;0.0;2.0;4.0;2.0;C01
72810;201400047956;0;7;0;0.0;2.0;4.0;2.0;B01
72811;201400047957;0;7;0;0.0;9.0;1.0;1.0;B01
72812;201400047957;0;7;0;0.0;0.0;0.0;5.0;C01
72813;201400047957;0;15;0;3.0;0.0;1.0;0.0;A01
72814;201400047959;0;7;0;4.0;0.0;3.0;0.0;A01
72815;201400047961;0;7;0;3.0;0.0;3.0;2.0;A01
72816;201400047963;0;7;0;14.0;2.0;1.0;1.0;C01
72817;201400047963;1;7;0;0.0;2.0;2.0;11.0;A01
72818;201400047963;0;7;0;0.0;0.0;6.0;1.0;B02
72819;201400047963;0;7;0;0.0;2.0;1.0;2.0;D01
72820;201400047963;0;7;0;0.0;0.0;4.0;12.0;E01
72821;201400047963;0;7;0;0.0;2.0;3.0;12.0;F01
72822;201400047964;0;7;0;4.0;0.0;3.0;1.0;A01
72823;201400047965;0;7;0;0.0;2.0;1.0;2.0;A01
72824;201400047965;0;7;0;0.0;2.0;4.0;2.0;B01
72825;201400047966;0;7;0;4.0;0.0;3.0;1.0;A01
72826;201400047967;0;7;0;0.0;0.0;6.0;11.0;B01
72827;201400047967;0;33;0;0.0;2.0;2.0;3.0;A01
72828;201400047968;0;7;0;0.0;2.0;4.0;2.0;C01
72829;201400047968;0;33;0;0.0;2.0;2.0;17.0;B01
72830;201400047968;0;7;0;0.0;2.0;8.0;11.0;A01
72831;201400047969;0;10;0;4.0;0.0;2.0;1.0;A01
72832;201400047970;0;33;0;3.0;0.0;1.0;3.0;A01
72833;201400047972;0;7;0;0.0;2.0;8.0;11.0;A01
72834;201400047972;0;33;0;0.0;2.0;7.0;1.0;B01
72835;201400047973;0;7;0;4.0;0.0;3.0;11.0;A01
72836;201400047974;0;33;0;0.0;0.0;3.0;21.0;A01
72837;201400047975;0;7;0;0.0;2.0;2.0;23.0;B01
72838;201400047975;0;7;0;0.0;2.0;6.0;23.0;C01
72839;201400047975;0;2;0;0.0;2.0;3.0;3.0;A01
72840;201400047976;0;7;0;0.0;2.0;1.0;2.0;A01
72841;201400047976;0;7;0;0.0;2.0;4.0;2.0;B01
72842;201400047976;0;7;0;0.0;2.0;4.0;2.0;C01
72843;201400047977;0;7;0;0.0;0.0;4.0;2.0;C01
72844;201400047977;0;7;0;0.0;2.0;1.0;2.0;A01
72845;201400047977;0;7;0;0.0;2.0;4.0;2.0;B01
72846;201400047978;0;32;0;0.0;2.0;3.0;2.0;B01
72847;201400047978;0;7;0;0.0;2.0;7.0;12.0;A01
72848;201400047979;0;7;0;0.0;2.0;4.0;2.0;C01
72849;201400047979;0;7;0;0.0;2.0;1.0;2.0;A01
72850;201400047979;0;7;0;0.0;2.0;4.0;2.0;B01
72851;201400047980;0;33;0;0.0;2.0;2.0;3.0;A01
72852;201400047980;0;7;0;0.0;2.0;5.0;0.0;B01
72853;201400047981;0;7;0;4.0;0.0;2.0;0.0;A01
72854;201400047982;0;33;0;0.0;9.0;0.0;12.0;A01
72855;201400047983;0;7;0;0.0;2.0;4.0;2.0;B01
72856;201400047983;0;10;0;0.0;2.0;1.0;2.0;A01
72857;201400047984;0;7;0;0.0;2.0;1.0;2.0;A01
72858;201400047984;0;7;0;0.0;0.0;4.0;2.0;B01
72859;201400047985;0;7;0;0.0;2.0;6.0;1.0;B01
72860;201400047985;0;15;0;0.0;2.0;2.0;12.0;A01
72861;201400047986;0;7;0;0.0;2.0;4.0;2.0;D01
72862;201400047986;0;10;0;0.0;2.0;4.0;2.0;B01
72863;201400047986;0;7;0;0.0;2.0;4.0;2.0;C01
72864;201400047986;0;17;0;0.0;2.0;1.0;2.0;A01
72865;201400047987;0;7;0;0.0;0.0;4.0;2.0;D01
72866;201400047987;0;7;0;0.0;2.0;1.0;2.0;C01
72867;201400047987;0;7;0;0.0;2.0;1.0;2.0;B01
72868;201400047987;0;7;0;0.0;2.0;1.0;2.0;A01
72869;201400047989;0;7;0;0.0;2.0;3.0;21.0;A01
72870;201400047989;0;7;0;0.0;0.0;5.0;1.0;B01
72871;201400047990;0;33;0;0.0;2.0;7.0;21.0;A01
72872;201400047990;0;7;0;0.0;2.0;8.0;2.0;B01
72873;201400047990;1;33;0;0.0;2.0;2.0;0.0;Z01
72874;201400047991;0;10;0;0.0;0.0;5.0;2.0;B01
72875;201400047991;0;33;0;0.0;2.0;3.0;21.0;A01
72876;201400047992;0;31;0;0.0;2.0;1.0;2.0;A01
72877;201400047992;0;7;0;0.0;0.0;4.0;2.0;B01
72878;201400047993;0;10;0;0.0;2.0;4.0;2.0;B01
72879;201400047993;0;7;0;0.0;2.0;4.0;2.0;D01
72880;201400047993;0;7;0;0.0;2.0;4.0;2.0;C01
72881;201400047993;0;7;0;0.0;2.0;1.0;2.0;A01
72882;201400047994;0;33;0;0.0;0.0;7.0;1.0;A01
72883;201400047995;0;7;0;4.0;0.0;1.0;1.0;A01
72884;201400047996;0;7;0;0.0;2.0;1.0;2.0;A01
72885;201400047996;0;33;0;0.0;0.0;4.0;2.0;B01
72886;201400047998;0;10;0;0.0;0.0;4.0;2.0;C01
72887;201400047998;0;33;0;0.0;2.0;8.0;3.0;A01
72888;201400047998;0;31;0;0.0;2.0;5.0;3.0;B01
72889;201400047999;0;7;0;9.0;0.0;4.0;2.0;B01
72890;201400047999;0;17;0;0.0;2.0;1.0;2.0;A01
72891;201400048000;0;32;0;0.0;2.0;8.0;3.0;A01
72892;201400048000;0;7;0;0.0;0.0;2.0;14.0;B01
72893;201400048001;0;7;0;0.0;0.0;4.0;2.0;C01
72894;201400048001;0;7;0;0.0;2.0;4.0;2.0;B01
72895;201400048001;0;7;0;0.0;2.0;1.0;2.0;A01
72896;201400048002;0;7;0;3.0;0.0;9.0;0.0;A01
72897;201400048003;0;33;0;0.0;2.0;1.0;3.0;A01
72898;201400048003;0;7;0;0.0;0.0;7.0;12.0;B01
72899;201400048005;0;7;0;0.0;2.0;4.0;23.0;A01
72900;201400048005;0;7;0;1.0;0.0;2.0;21.0;B01
72901;201400048007;0;17;0;0.0;0.0;4.0;2.0;B01
72902;201400048007;0;7;0;0.0;2.0;1.0;2.0;A01
72903;201400048008;0;7;0;0.0;2.0;5.0;12.0;B01
72904;201400048008;0;31;0;0.0;2.0;3.0;3.0;A01
72905;201400048009;0;33;0;0.0;2.0;7.0;1.0;A01
72906;201400048011;0;34;0;0.0;2.0;1.0;2.0;A01
72907;201400048011;0;7;0;0.0;0.0;4.0;2.0;B01
72908;201400048012;0;7;0;4.0;0.0;3.0;2.0;A01
72909;201400048013;0;33;0;6.0;0.0;8.0;16.0;A01
72910;201400048014;0;10;0;0.0;2.0;1.0;11.0;A01
72911;201400048014;0;10;0;4.0;0.0;4.0;2.0;B01
72912;201400048015;0;7;0;3.0;0.0;1.0;16.0;A01
72913;201400048016;0;34;0;0.0;0.0;2.0;0.0;A01
72914;201400048017;0;7;0;4.0;0.0;1.0;17.0;A01
72915;201400048017;0;7;0;0.0;2.0;3.0;21.0;B01
72916;201400048019;0;10;0;0.0;0.0;5.0;2.0;B01
72917;201400048019;0;7;0;0.0;2.0;3.0;2.0;A01
72918;201400048020;0;7;0;0.0;2.0;1.0;2.0;C01
72919;201400048020;0;7;0;0.0;2.0;1.0;2.0;A01
72920;201400048020;0;7;0;0.0;2.0;4.0;2.0;B01
72921;201400048020;0;7;0;0.0;0.0;3.0;2.0;D01
72922;201400048021;0;7;0;0.0;0.0;0.0;1.0;A01
72923;201400048022;0;7;0;0.0;2.0;5.0;14.0;A01
72924;201400048022;0;10;0;0.0;2.0;3.0;2.0;B01
72925;201400048023;0;7;0;0.0;2.0;1.0;2.0;A01
72926;201400048023;0;7;0;0.0;0.0;4.0;2.0;B01
72927;201400048024;0;7;0;0.0;0.0;5.0;12.0;B01
72928;201400048024;0;32;0;0.0;2.0;1.0;3.0;A01
72929;201400048025;0;33;0;0.0;2.0;3.0;3.0;A01
72930;201400048025;1;10;0;0.0;2.0;2.0;12.0;Z01
72931;201400048026;0;7;0;0.0;0.0;6.0;2.0;B01
72932;201400048026;0;31;0;0.0;2.0;2.0;2.0;A01
72933;201400048027;0;7;0;0.0;2.0;4.0;2.0;B01
72934;201400048027;0;10;0;0.0;2.0;1.0;2.0;A01
72935;201400048027;1;99;0;0.0;0.0;4.0;2.0;Z01
72936;201400048028;0;7;0;0.0;2.0;1.0;2.0;A01
72937;201400048028;0;7;0;0.0;0.0;2.0;21.0;C01
72938;201400048028;0;7;0;0.0;2.0;1.0;2.0;B01
72939;201400048030;0;14;0;1.0;2.0;2.0;0.0;C01
72940;201400048030;0;14;0;0.0;0.0;6.0;23.0;D01
72941;201400048030;0;7;0;14.0;2.0;1.0;13.0;B01
72942;201400048030;0;7;0;4.0;0.0;1.0;23.0;A01
72943;201400048031;0;32;0;0.0;2.0;3.0;2.0;A01
72944;201400048031;0;7;0;0.0;2.0;5.0;2.0;B01
72945;201400048032;0;7;0;0.0;0.0;4.0;11.0;A01
72946;201400048032;0;33;0;0.0;2.0;1.0;3.0;B01
72947;201400048033;0;7;0;0.0;9.0;1.0;0.0;C01
72948;201400048033;0;7;0;4.0;2.0;3.0;0.0;A01
72949;201400048033;0;7;0;0.0;9.0;1.0;1.0;D01
72950;201400048033;0;7;0;3.0;2.0;2.0;0.0;B01
72951;201400048034;0;32;0;0.0;2.0;2.0;2.0;B01
72952;201400048034;0;7;0;0.0;2.0;3.0;13.0;A01
72953;201400048034;0;7;0;0.0;0.0;4.0;0.0;C01
72954;201400048036;0;10;0;0.0;2.0;8.0;22.0;A01
72955;201400048036;0;7;0;0.0;0.0;5.0;2.0;C01
72956;201400048036;0;34;0;0.0;2.0;7.0;3.0;B01
72957;201400048037;0;33;0;0.0;0.0;3.0;0.0;A01
72958;201400048038;0;7;0;0.0;2.0;4.0;1.0;B01
72959;201400048038;0;33;0;0.0;2.0;1.0;1.0;A01
72960;201400048039;0;7;0;0.0;0.0;8.0;2.0;C01
72961;201400048039;0;33;0;0.0;2.0;1.0;2.0;A01
72962;201400048039;0;7;0;0.0;0.0;5.0;2.0;B01
72963;201400048040;0;10;0;0.0;2.0;4.0;1.0;B01
72964;201400048040;0;7;0;0.0;2.0;1.0;2.0;A01
72965;201400048041;0;31;0;0.0;2.0;1.0;3.0;A01
72966;201400048041;0;7;0;0.0;2.0;3.0;1.0;B01
72967;201400048043;0;10;0;0.0;2.0;4.0;1.0;B01
72968;201400048043;0;7;0;0.0;2.0;1.0;2.0;A01
72969;201400048044;0;7;0;4.0;0.0;1.0;1.0;B01
72970;201400048044;0;15;0;0.0;0.0;0.0;1.0;A01
72971;201400048046;0;33;0;0.0;2.0;3.0;3.0;A01
72972;201400048046;0;7;0;0.0;0.0;5.0;12.0;B01
72973;201400048047;0;33;0;0.0;9.0;9.0;0.0;A01
72974;201400048048;0;7;0;0.0;0.0;0.0;0.0;A01
72975;201400048048;0;33;0;0.0;2.0;0.0;0.0;B01
72976;201400048049;0;7;0;4.0;2.0;6.0;1.0;B01
72977;201400048049;0;7;0;3.0;2.0;2.0;14.0;A01
72978;201400048050;0;32;0;0.0;2.0;1.0;2.0;A01
72979;201400048050;0;7;0;0.0;2.0;4.0;2.0;B01
72980;201400048051;0;34;0;0.0;2.0;1.0;0.0;A01
72981;201400048051;0;10;0;0.0;2.0;4.0;1.0;B01
72982;201400048052;0;7;0;0.0;2.0;5.0;1.0;C01
72983;201400048052;0;7;0;0.0;2.0;1.0;2.0;A01
72984;201400048052;0;7;0;0.0;2.0;4.0;1.0;B01
72985;201400048053;0;15;0;0.0;2.0;3.0;12.0;A01
72986;201400048053;0;7;0;0.0;2.0;6.0;2.0;B01
72987;201400048053;0;7;0;0.0;2.0;2.0;2.0;C01
72988;201400048054;0;7;0;0.0;2.0;1.0;2.0;A01
72989;201400048054;0;7;0;0.0;2.0;4.0;2.0;B01
72990;201400048054;0;7;0;0.0;2.0;4.0;0.0;D01
72991;201400048054;0;7;0;4.0;0.0;4.0;2.0;C01
72992;201400048054;0;7;0;0.0;2.0;5.0;0.0;E01
72993;201400048055;0;7;0;4.0;0.0;9.0;17.0;A01
72994;201400048056;0;7;0;0.0;2.0;2.0;2.0;A01
72995;201400048056;0;7;0;0.0;0.0;4.0;2.0;B01
72996;201400048057;0;7;0;4.0;0.0;1.0;0.0;A01
72997;201400048058;0;14;0;0.0;0.0;0.0;23.0;A01
72998;201400048058;0;33;0;0.0;9.0;1.0;21.0;B01
72999;201400048059;0;33;0;0.0;2.0;1.0;0.0;A01
73000;201400048059;0;7;0;0.0;2.0;3.0;2.0;B01
73001;201400048060;0;7;0;0.0;0.0;4.0;2.0;B01
73002;201400048060;0;7;0;0.0;2.0;1.0;2.0;A01
73003;201400048060;0;7;0;0.0;2.0;4.0;2.0;C01
73004;201400048061;0;7;0;0.0;0.0;4.0;2.0;B01
73005;201400048061;0;7;0;0.0;2.0;8.0;0.0;C01
73006;201400048061;0;10;0;3.0;2.0;1.0;2.0;A01
73007;201400048062;0;7;0;0.0;2.0;5.0;2.0;C01
73008;201400048062;0;7;0;0.0;2.0;1.0;0.0;A01
73009;201400048062;0;7;0;0.0;2.0;4.0;2.0;B01
73010;201400048064;0;7;0;0.0;2.0;2.0;1.0;C01
73011;201400048064;0;33;0;0.0;0.0;4.0;3.0;B01
73012;201400048064;0;7;0;0.0;0.0;0.0;0.0;A01
73013;201400048065;0;7;0;0.0;2.0;4.0;2.0;B01
73014;201400048065;0;10;0;0.0;2.0;1.0;2.0;A01
73015;201400048065;0;7;0;0.0;2.0;4.0;2.0;C01
73016;201400048067;0;7;0;0.0;0.0;1.0;0.0;A01
73017;201400048068;0;7;0;0.0;2.0;4.0;0.0;B01
73018;201400048068;0;7;0;0.0;2.0;1.0;14.0;A01
73019;201400048069;0;32;0;16.0;0.0;8.0;1.0;A01
73020;201400048070;0;33;0;0.0;2.0;1.0;2.0;A01
73021;201400048070;0;7;0;0.0;0.0;4.0;23.0;B01
73022;201400048071;0;7;0;0.0;2.0;4.0;11.0;B01
73023;201400048071;0;32;0;0.0;2.0;2.0;2.0;A01
73024;201400048072;0;15;0;0.0;2.0;2.0;21.0;A01
73025;201400048072;0;7;0;0.0;2.0;4.0;1.0;C01
73026;201400048072;0;7;0;0.0;2.0;6.0;1.0;B01
73027;201400048072;0;7;0;0.0;2.0;4.0;1.0;D01
73028;201400048073;0;7;0;0.0;0.0;0.0;0.0;A01
73029;201400048074;0;7;0;4.0;0.0;0.0;0.0;A01
73030;201400048075;0;7;0;4.0;0.0;3.0;1.0;A01
73031;201400048076;0;7;0;0.0;2.0;3.0;0.0;A01
73032;201400048076;0;7;0;0.0;0.0;5.0;0.0;B01
73033;201400048077;0;7;0;4.0;0.0;2.0;0.0;A01
73034;201400048078;0;10;0;4.0;0.0;3.0;1.0;A01
73035;201400048079;0;7;0;3.0;0.0;1.0;13.0;A01
73036;201400048080;0;10;0;0.0;2.0;1.0;2.0;A01
73037;201400048080;0;33;0;0.0;2.0;4.0;2.0;B01
73038;201400048081;0;7;0;0.0;0.0;2.0;12.0;B01
73039;201400048081;0;33;0;0.0;2.0;1.0;3.0;A01
73040;201400048082;0;7;0;0.0;2.0;4.0;2.0;B01
73041;201400048082;0;7;0;0.0;2.0;4.0;2.0;C01
73042;201400048082;0;7;0;0.0;2.0;1.0;0.0;A01
73043;201400048083;0;7;0;0.0;0.0;6.0;0.0;C01
73044;201400048083;0;7;0;0.0;2.0;5.0;0.0;B01
73045;201400048083;0;10;0;0.0;2.0;3.0;2.0;A01
73046;201400048084;0;7;0;0.0;2.0;4.0;2.0;B01
73047;201400048084;0;10;0;0.0;2.0;1.0;2.0;A01
73048;201400048084;0;7;0;0.0;0.0;6.0;2.0;C01
73049;201400048085;0;7;0;0.0;2.0;4.0;2.0;B01
73050;201400048085;0;33;0;0.0;2.0;1.0;2.0;A01
73051;201400048086;0;7;0;0.0;0.0;0.0;0.0;A01
73052;201400048088;0;7;0;4.0;0.0;6.0;0.0;A01
73053;201400048089;0;7;0;4.0;0.0;3.0;0.0;A01
73054;201400048090;0;31;0;0.0;0.0;8.0;0.0;A01
73055;201400048091;0;7;0;0.0;2.0;1.0;2.0;A01
73056;201400048091;0;7;0;0.0;2.0;4.0;2.0;B01
73057;201400048092;0;33;0;0.0;0.0;7.0;2.0;A01
73058;201400048093;0;7;0;14.0;0.0;1.0;2.0;A01