;Num_Acc;senc;catv;occutc;obs;obsm;choc;manv;num_veh
73059;201400048094;0;7;0;4.0;0.0;3.0;11.0;A01
73060;201400048095;0;7;0;0.0;2.0;1.0;2.0;A01
73061;201400048095;0;10;0;0.0;0.0;4.0;2.0;B01
73062;201400048096;0;7;0;0.0;2.0;1.0;11.0;A01
73063;201400048096;0;7;0;0.0;0.0;8.0;1.0;C01
73064;201400048096;0;7;0;0.0;2.0;7.0;12.0;B01
73065;201400048097;0;10;0;0.0;2.0;5.0;1.0;B01
73066;201400048097;0;33;0;0.0;2.0;1.0;9.0;A01
73067;201400048098;0;7;0;0.0;2.0;2.0;12.0;B01
73068;201400048098;0;33;0;0.0;2.0;3.0;3.0;A01
73069;201400048099;0;33;0;0.0;2.0;1.0;2.0;A01
73070;201400048099;0;15;0;0.0;0.0;4.0;1.0;B01
73071;201400048100;0;7;0;3.0;0.0;1.0;17.0;B01
73072;201400048100;0;14;0;6.0;0.0;0.0;1.0;A01
73073;201400048101;0;7;0;0.0;2.0;1.0;2.0;A01
73074;201400048101;0;7;0;0.0;2.0;5.0;2.0;C01
73075;201400048101;0;7;0;0.0;2.0;4.0;2.0;B01
73076;201400048102;0;34;0;0.0;2.0;3.0;3.0;A01
73077;201400048102;0;7;0;0.0;0.0;2.0;12.0;B01
73078;201400048103;0;34;0;3.0;0.0;3.0;1.0;A01
73079;201400048104;0;7;0;0.0;2.0;4.0;2.0;B01
73080;201400048104;0;10;0;0.0;0.0;4.0;2.0;C01
73081;201400048104;0;7;0;0.0;2.0;1.0;2.0;A01
73082;201400048105;0;33;0;0.0;2.0;3.0;0.0;A01
73083;201400048106;0;10;0;0.0;0.0;3.0;0.0;B01
73084;201400048107;0;33;0;0.0;2.0;2.0;3.0;A01
73085;201400048107;0;7;0;0.0;2.0;5.0;2.0;C01
73086;201400048107;0;7;0;0.0;2.0;6.0;2.0;D01
73087;201400048107;0;7;0;0.0;2.0;6.0;2.0;B01
73088;201400048108;0;31;0;0.0;2.0;1.0;2.0;B01
73089;201400048108;0;33;0;0.0;0.0;2.0;2.0;A01
73090;201400048109;0;7;0;0.0;2.0;1.0;2.0;A01
73091;201400048109;0;7;0;0.0;2.0;4.0;2.0;C01
73092;201400048109;0;7;0;0.0;2.0;4.0;2.0;B01
73093;201400048111;0;7;0;0.0;2.0;2.0;12.0;B01
73094;201400048111;0;7;0;0.0;2.0;6.0;1.0;C01
73095;201400048111;0;33;0;0.0;2.0;8.0;1.0;A01
73096;201400048112;0;33;0;0.0;0.0;1.0;0.0;A01
73097;201400048112;0;10;0;0.0;0.0;3.0;0.0;B01
73098;201400048113;0;7;0;0.0;0.0;6.0;2.0;B01
73099;201400048113;0;31;0;0.0;2.0;1.0;0.0;A01
73100;201400048114;0;34;0;0.0;2.0;1.0;3.0;A01
73101;201400048114;0;10;0;0.0;0.0;5.0;1.0;B01
73102;201400048115;0;7;0;0.0;2.0;4.0;1.0;C01
73103;201400048115;0;7;0;0.0;2.0;7.0;12.0;B01
73104;201400048115;0;33;0;0.0;2.0;1.0;3.0;A01
73105;201400048116;0;10;0;0.0;2.0;2.0;2.0;A01
73106;201400048116;0;7;0;0.0;0.0;6.0;2.0;C01
73107;201400048116;0;7;0;0.0;2.0;6.0;2.0;B01
73108;201400048117;0;15;0;0.0;0.0;4.0;1.0;B01
73109;201400048117;0;10;0;0.0;2.0;1.0;0.0;A01
73110;201400048118;0;7;0;3.0;0.0;1.0;2.0;A01
73111;201400048119;0;7;0;4.0;0.0;3.0;1.0;A01
73112;201400048120;0;7;0;0.0;0.0;4.0;2.0;B01
73113;201400048120;0;7;0;0.0;2.0;1.0;2.0;A01
73114;201400048121;0;14;0;0.0;2.0;7.0;12.0;A01
73115;201400048121;0;7;0;0.0;2.0;8.0;2.0;B01
73116;201400048122;0;31;0;0.0;0.0;0.0;3.0;A01
73117;201400048123;0;7;0;0.0;2.0;4.0;23.0;B01
73118;201400048123;0;10;0;0.0;2.0;1.0;2.0;A01
73119;201400048124;0;7;0;0.0;2.0;1.0;0.0;B01
73120;201400048124;0;7;0;0.0;2.0;3.0;0.0;C01
73121;201400048124;0;7;0;0.0;2.0;1.0;9.0;A01
73122;201400048125;0;7;0;0.0;2.0;2.0;0.0;A01
73123;201400048125;0;7;0;0.0;0.0;6.0;23.0;C01
73124;201400048125;0;7;0;0.0;0.0;6.0;23.0;B01
73125;201400048126;0;33;0;0.0;2.0;1.0;3.0;A01
73126;201400048126;0;7;0;0.0;2.0;6.0;11.0;B01
73127;201400048127;0;7;0;0.0;0.0;4.0;2.0;B01
73128;201400048127;1;99;0;0.0;2.0;1.0;2.0;A01
73129;201400048128;0;3;0;0.0;0.0;0.0;0.0;A01
73130;201400048129;0;32;0;0.0;2.0;1.0;3.0;A01
73131;201400048129;0;17;0;0.0;2.0;6.0;1.0;B01
73132;201400048130;0;7;0;0.0;2.0;2.0;0.0;A01
73133;201400048130;0;7;0;0.0;0.0;6.0;0.0;B01
73134;201400048131;0;33;0;0.0;2.0;2.0;1.0;A01
73135;201400048131;0;7;0;0.0;0.0;6.0;11.0;B01
73136;201400048132;0;7;0;0.0;2.0;5.0;1.0;B01
73137;201400048132;0;7;0;0.0;2.0;0.0;0.0;A01
73138;201400048133;0;14;0;0.0;2.0;2.0;2.0;A01
73139;201400048133;0;15;0;0.0;2.0;6.0;2.0;B01
73140;201400048134;0;7;0;0.0;2.0;4.0;0.0;B01
73141;201400048134;0;10;0;0.0;2.0;1.0;2.0;A01
73142;201400048134;0;7;0;0.0;2.0;4.0;0.0;C01
73143;201400048135;0;33;0;0.0;0.0;7.0;0.0;A01
73144;201400048136;0;7;0;0.0;2.0;9.0;2.0;B01
73145;201400048136;0;7;0;0.0;2.0;3.0;2.0;C01
73146;201400048136;0;7;0;0.0;2.0;1.0;2.0;A01
73147;201400048137;0;7;0;0.0;2.0;6.0;11.0;A01
73148;201400048137;0;7;0;0.0;2.0;6.0;1.0;C01
73149;201400048137;0;33;0;4.0;2.0;1.0;3.0;B01
73150;201400048138;0;7;0;0.0;0.0;5.0;12.0;B01
73151;201400048138;0;31;0;0.0;2.0;1.0;3.0;A01
73152;201400048139;0;7;0;4.0;2.0;3.0;17.0;A01
73153;201400048139;0;7;0;0.0;2.0;0.0;1.0;B01
73154;201400048140;0;33;0;0.0;2.0;1.0;3.0;A01
73155;201400048140;0;7;0;0.0;2.0;2.0;12.0;B01
73156;201400048141;0;33;0;0.0;0.0;0.0;0.0;A01
73157;201400048142;0;33;0;12.0;0.0;8.0;2.0;A01
73158;201400048143;0;7;0;7.0;0.0;1.0;1.0;A01
73159;201400048144;0;7;0;6.0;2.0;1.0;2.0;A01
73160;201400048145;0;7;0;0.0;2.0;1.0;2.0;A01
73161;201400048145;0;7;0;0.0;2.0;4.0;2.0;B01
73162;201400048146;0;10;0;0.0;0.0;5.0;2.0;C01
73163;201400048146;0;7;0;0.0;2.0;6.0;21.0;B01
73164;201400048146;0;33;0;0.0;2.0;2.0;3.0;A01
73165;201400048147;0;7;0;0.0;0.0;4.0;2.0;A01
73166;201400048147;0;7;0;0.0;2.0;1.0;2.0;B01
73167;201400048148;0;7;0;0.0;0.0;6.0;13.0;B01
73168;201400048148;0;34;0;0.0;2.0;1.0;2.0;A01
73169;201400048149;0;7;0;3.0;0.0;2.0;0.0;A01
73170;201400048150;0;33;0;0.0;2.0;3.0;18.0;A01
73171;201400048150;0;33;0;0.0;0.0;5.0;1.0;B01
73172;201400048151;0;33;0;0.0;2.0;1.0;2.0;A01
73173;201400048151;0;10;0;0.0;0.0;6.0;1.0;B01
73174;201400048152;0;7;0;4.0;0.0;1.0;0.0;A01
73175;201400048153;0;33;0;0.0;2.0;2.0;0.0;A01
73176;201400048153;0;7;0;0.0;2.0;6.0;2.0;B01
73177;201400048154;0;7;0;0.0;2.0;4.0;2.0;D01
73178;201400048154;0;7;0;0.0;2.0;4.0;2.0;C01
73179;201400048154;0;7;0;0.0;2.0;4.0;2.0;E01
73180;201400048154;0;7;0;0.0;2.0;1.0;2.0;A01
73181;201400048154;0;7;0;0.0;2.0;4.0;2.0;B01
73182;201400048155;0;15;0;0.0;2.0;7.0;12.0;B01
73183;201400048155;0;7;0;0.0;2.0;8.0;1.0;A01
73184;201400048156;0;33;0;0.0;2.0;3.0;2.0;A01
73185;201400048156;0;7;0;0.0;2.0;4.0;2.0;B01
73186;201400048157;0;7;0;0.0;2.0;3.0;1.0;B01
73187;201400048157;0;15;0;0.0;2.0;2.0;12.0;A01
73188;201400048158;0;7;0;0.0;2.0;4.0;2.0;B01
73189;201400048158;1;7;0;0.0;2.0;1.0;0.0;A01
73190;201400048159;0;7;0;13.0;0.0;5.0;12.0;A01
73191;201400048160;0;32;0;0.0;0.0;8.0;3.0;A01
73192;201400048160;0;7;0;0.0;0.0;0.0;12.0;T01
73193;201400048161;0;33;0;0.0;2.0;1.0;0.0;A01
73194;201400048161;0;7;0;0.0;2.0;5.0;2.0;B01
73195;201400048162;0;34;0;0.0;2.0;2.0;3.0;A01
73196;201400048162;0;7;0;0.0;2.0;3.0;11.0;B01
73197;201400048162;0;7;0;0.0;2.0;6.0;23.0;C01
73198;201400048163;0;7;0;3.0;0.0;4.0;2.0;A01
73199;201400048163;0;7;0;0.0;2.0;1.0;2.0;B01
73200;201400048164;0;7;0;4.0;0.0;3.0;0.0;A01
73201;201400048165;0;33;0;0.0;2.0;3.0;2.0;B01
73202;201400048165;0;7;0;0.0;2.0;5.0;12.0;A01
73203;201400048166;0;7;0;0.0;2.0;7.0;12.0;B01
73204;201400048166;0;33;0;0.0;2.0;3.0;1.0;A01
73205;201400048167;0;7;0;0.0;2.0;6.0;11.0;B01
73206;201400048167;0;3;0;0.0;2.0;2.0;1.0;A01
73207;201400048168;0;7;0;0.0;2.0;4.0;2.0;C01
73208;201400048168;0;7;0;0.0;2.0;4.0;2.0;B01
73209;201400048168;0;7;0;0.0;2.0;4.0;2.0;D01
73210;201400048168;0;7;0;0.0;2.0;1.0;2.0;A01
73211;201400048169;0;7;0;0.0;2.0;0.0;0.0;A01
73212;201400048169;0;7;0;0.0;0.0;6.0;0.0;B01
73213;201400048170;0;7;0;0.0;2.0;2.0;12.0;B01
73214;201400048170;0;7;0;0.0;0.0;0.0;1.0;C01
73215;201400048170;0;34;0;0.0;2.0;8.0;3.0;A01
73216;201400048171;0;7;0;0.0;9.0;1.0;0.0;C01
73217;201400048171;0;7;0;0.0;9.0;1.0;0.0;B01
73218;201400048171;0;7;0;0.0;0.0;0.0;2.0;A01
73219;201400048172;0;33;0;0.0;2.0;1.0;3.0;A01
73220;201400048172;0;7;0;0.0;2.0;0.0;0.0;B01
73221;201400048173;0;7;0;0.0;0.0;8.0;11.0;A01
73222;201400048173;0;33;0;0.0;2.0;2.0;0.0;B01
73223;201400048174;0;10;0;0.0;2.0;4.0;2.0;B01
73224;201400048174;0;7;0;0.0;2.0;1.0;2.0;A01
73225;201400048175;0;33;0;0.0;0.0;0.0;16.0;A01
73226;201400048177;0;33;0;0.0;0.0;7.0;2.0;A01
73227;201400048178;0;7;0;0.0;2.0;1.0;2.0;B01
73228;201400048178;0;7;0;4.0;2.0;4.0;23.0;A01
73229;201400048179;0;10;0;4.0;2.0;3.0;21.0;A01
73230;201400048179;0;7;0;0.0;2.0;3.0;21.0;B01
73231;201400048180;0;7;0;0.0;2.0;7.0;12.0;A01
73232;201400048181;0;7;0;4.0;0.0;2.0;2.0;A01
73233;201400048182;0;33;0;0.0;0.0;1.0;2.0;A01
73234;201400048183;0;7;0;6.0;0.0;3.0;1.0;A01
73235;201400048184;0;33;0;0.0;2.0;1.0;13.0;B01
73236;201400048184;0;10;0;0.0;2.0;8.0;13.0;A01
73237;201400048185;0;34;0;0.0;2.0;3.0;3.0;A01
73238;201400048185;0;7;0;0.0;2.0;7.0;12.0;B01
73239;201400048186;0;34;0;0.0;2.0;8.0;3.0;B01
73240;201400048186;0;7;0;0.0;2.0;7.0;12.0;A01
73241;201400048187;0;7;0;0.0;2.0;1.0;2.0;C01
73242;201400048187;0;7;0;0.0;2.0;4.0;2.0;A01
73243;201400048187;0;7;0;0.0;2.0;4.0;2.0;B01
73244;201400048189;0;7;0;0.0;2.0;8.0;11.0;B01
73245;201400048189;0;33;0;0.0;2.0;2.0;3.0;A01
73246;201400048190;0;7;0;0.0;0.0;3.0;2.0;A01
73247;201400048191;0;7;0;8.0;0.0;1.0;2.0;A01
73248;201400048192;0;32;0;0.0;0.0;0.0;2.0;A01
73249;201400048193;0;7;0;0.0;0.0;4.0;2.0;B01
73250;201400048193;0;7;0;0.0;2.0;1.0;2.0;A01
73251;201400048194;0;7;0;0.0;2.0;1.0;0.0;B01
73252;201400048194;0;7;0;4.0;2.0;3.0;13.0;A01
73253;201400048196;0;7;0;3.0;0.0;3.0;1.0;A01
73254;201400048197;0;7;0;11.0;9.0;1.0;3.0;A01
73255;201400048198;0;33;0;0.0;2.0;3.0;3.0;A01
73256;201400048198;0;7;0;0.0;0.0;5.0;0.0;B01
73257;201400048199;0;7;0;0.0;2.0;6.0;0.0;C01
73258;201400048199;0;7;0;0.0;2.0;2.0;0.0;A01
73259;201400048199;0;7;0;0.0;2.0;6.0;0.0;B01
73260;201400048200;0;7;0;6.0;0.0;1.0;2.0;A01
73261;201400048201;0;7;0;4.0;0.0;3.0;0.0;A01
73262;201400048202;0;7;0;6.0;0.0;1.0;2.0;A01
73263;201400048203;0;7;0;4.0;0.0;3.0;1.0;A01
73264;201400048205;0;7;0;0.0;2.0;3.0;1.0;B01
73265;201400048205;0;7;0;0.0;2.0;7.0;12.0;A01
73266;201400048207;0;7;0;0.0;2.0;4.0;2.0;C01
73267;201400048207;0;7;0;0.0;2.0;4.0;2.0;B01
73268;201400048207;0;7;0;0.0;2.0;1.0;2.0;A01
73269;201400048208;0;7;0;0.0;0.0;4.0;0.0;B01
73270;201400048208;0;7;0;0.0;2.0;1.0;2.0;A01
73271;201400048209;0;7;0;0.0;2.0;1.0;2.0;A01
73272;201400048209;0;15;0;0.0;2.0;4.0;2.0;B01
73273;201400048210;0;17;0;0.0;0.0;7.0;2.0;A01
73274;201400048210;0;7;0;0.0;0.0;0.0;2.0;E01
73275;201400048210;0;7;0;1.0;2.0;4.0;2.0;B01
73276;201400048210;0;33;0;0.0;0.0;0.0;2.0;D01
73277;201400048210;0;7;0;0.0;0.0;0.0;2.0;C01
73278;201400048210;0;7;0;0.0;0.0;0.0;2.0;F02
73279;201400048211;0;7;0;4.0;2.0;9.0;2.0;B01
73280;201400048211;0;7;0;0.0;2.0;3.0;2.0;A01
73281;201400048211;0;10;0;0.0;2.0;8.0;2.0;C01
73282;201400048212;0;14;0;0.0;0.0;6.0;23.0;B01
73283;201400048212;0;7;0;1.0;0.0;2.0;0.0;A01
73284;201400048213;0;7;0;4.0;0.0;5.0;21.0;A01
73285;201400048214;0;33;0;0.0;2.0;6.0;3.0;A01
73286;201400048214;0;7;0;0.0;2.0;5.0;2.0;C01
73287;201400048214;0;7;0;0.0;2.0;7.0;12.0;B01
73288;201400048215;0;33;0;0.0;0.0;8.0;15.0;A01
73289;201400048216;0;14;0;0.0;2.0;2.0;1.0;B01
73290;201400048216;0;7;0;3.0;2.0;8.0;12.0;A01
73291;201400048218;0;7;0;0.0;2.0;1.0;0.0;A01
73292;201400048218;0;7;0;0.0;2.0;1.0;1.0;D01
73293;201400048218;0;7;0;0.0;2.0;1.0;1.0;C01
73294;201400048218;0;7;0;0.0;2.0;1.0;1.0;B01
73295;201400048220;0;34;0;0.0;2.0;2.0;3.0;A01
73296;201400048220;0;10;0;0.0;2.0;6.0;11.0;B01
73297;201400048221;0;7;0;0.0;2.0;5.0;1.0;B01
73298;201400048221;0;33;0;0.0;2.0;1.0;0.0;A01
73299;201400048222;0;31;0;0.0;0.0;0.0;0.0;A01
73300;201400048223;0;7;0;0.0;2.0;6.0;1.0;B01
73301;201400048223;0;7;0;0.0;2.0;2.0;0.0;A01
73302;201400048225;0;7;0;4.0;0.0;2.0;0.0;A01
73303;201400048225;0;33;0;0.0;2.0;3.0;9.0;B01
73304;201400048226;0;30;0;6.0;0.0;8.0;1.0;A01
73305;201400048227;0;7;0;4.0;0.0;1.0;0.0;A01
73306;201400048228;0;7;0;14.0;0.0;2.0;0.0;A01
73307;201400048229;0;10;0;0.0;2.0;1.0;0.0;A01
73308;201400048229;0;10;0;0.0;0.0;4.0;23.0;B01
73309;201400048229;0;10;0;0.0;0.0;4.0;23.0;C01
73310;201400048230;0;7;0;0.0;0.0;0.0;0.0;A01
73311;201400048231;0;7;0;13.0;0.0;0.0;16.0;A01
73312;201400048232;0;17;0;0.0;2.0;2.0;0.0;A01
73313;201400048232;0;10;0;0.0;2.0;8.0;0.0;B01
73314;201400048233;0;10;0;4.0;0.0;3.0;1.0;A01
73315;201400048234;0;30;0;0.0;0.0;1.0;14.0;A01
73316;201400048236;0;7;0;4.0;0.0;3.0;21.0;A01
73317;201400048236;0;7;0;0.0;0.0;0.0;21.0;B01
73318;201400048237;0;33;0;4.0;0.0;1.0;1.0;A01
73319;201400048238;0;7;0;0.0;1.0;2.0;2.0;A01
73320;201400048240;0;10;0;0.0;0.0;8.0;11.0;A01
73321;201400048241;0;10;0;0.0;1.0;2.0;1.0;A01
73322;201400048242;0;10;0;3.0;0.0;1.0;1.0;A01
73323;201400048243;0;33;0;0.0;0.0;8.0;0.0;A01
73324;201400048244;0;33;0;0.0;2.0;1.0;0.0;B01
73325;201400048244;0;7;0;0.0;0.0;6.0;11.0;A01
73326;201400048245;0;33;0;0.0;0.0;3.0;1.0;A01
73327;201400048246;0;7;0;0.0;2.0;4.0;0.0;D01
73328;201400048246;0;7;0;0.0;2.0;4.0;1.0;C01
73329;201400048246;0;7;0;0.0;2.0;1.0;1.0;A01
73330;201400048246;0;10;0;0.0;2.0;3.0;0.0;B01
73331;201400048247;0;33;0;0.0;2.0;1.0;2.0;C01
73332;201400048247;0;7;0;0.0;2.0;1.0;2.0;A01
73333;201400048247;0;7;0;0.0;2.0;4.0;2.0;B01
73334;201400048248;0;7;0;9.0;0.0;3.0;1.0;A01
73335;201400048249;0;7;0;0.0;2.0;1.0;2.0;A01
73336;201400048249;0;7;0;0.0;2.0;4.0;2.0;B01
73337;201400048250;0;33;0;0.0;2.0;1.0;2.0;A01
73338;201400048250;0;7;0;0.0;2.0;5.0;2.0;B01
73339;201400048251;0;7;0;5.0;0.0;1.0;1.0;A01
73340;201400048252;0;33;0;12.0;0.0;7.0;16.0;A01
73341;201400048253;0;33;0;0.0;2.0;5.0;3.0;A01
73342;201400048253;0;7;0;0.0;2.0;3.0;11.0;B01
73343;201400048253;0;7;0;0.0;2.0;5.0;1.0;C01
73344;201400048255;0;7;0;0.0;2.0;2.0;17.0;A01
73345;201400048255;0;10;0;0.0;2.0;8.0;1.0;B01
73346;201400048256;0;33;0;6.0;0.0;9.0;1.0;A01
73347;201400048257;0;7;0;0.0;0.0;1.0;1.0;A01
73348;201400048258;0;33;0;0.0;2.0;5.0;3.0;A01
73349;201400048258;0;7;0;0.0;0.0;3.0;0.0;B01
73350;201400048258;0;7;0;0.0;0.0;5.0;23.0;C01
73351;201400048260;0;7;0;0.0;0.0;3.0;11.0;B01
73352;201400048260;0;33;0;0.0;2.0;2.0;3.0;A01
73353;201400048261;0;33;0;0.0;2.0;1.0;2.0;A01
73354;201400048261;0;10;0;0.0;0.0;4.0;2.0;B01
73355;201400048262;0;7;0;0.0;2.0;5.0;2.0;C01
73356;201400048262;0;33;0;0.0;2.0;3.0;2.0;A01
73357;201400048262;0;7;0;0.0;2.0;3.0;11.0;B01
73358;201400048263;0;7;0;0.0;2.0;4.0;2.0;B01
73359;201400048263;0;10;0;0.0;2.0;1.0;2.0;A01
73360;201400048264;0;33;0;0.0;2.0;1.0;3.0;A01
73361;201400048264;0;7;0;0.0;2.0;6.0;11.0;B01
73362;201400048265;0;7;0;0.0;2.0;1.0;12.0;A01
73363;201400048265;0;7;0;0.0;2.0;4.0;12.0;B01
73364;201400048266;0;7;0;0.0;2.0;4.0;2.0;B01
73365;201400048266;0;33;0;0.0;2.0;1.0;2.0;A01
73366;201400048267;0;7;0;0.0;2.0;1.0;21.0;B01
73367;201400048267;0;7;0;3.0;2.0;2.0;1.0;A01
73368;201400048268;0;7;0;3.0;0.0;4.0;23.0;B01
73369;201400048268;0;7;0;0.0;2.0;1.0;1.0;A01
73370;201400048269;0;7;0;0.0;2.0;1.0;2.0;B01
73371;201400048269;0;7;0;0.0;2.0;4.0;11.0;A01
73372;201400048270;0;7;0;3.0;0.0;2.0;0.0;A01
73373;201400048271;0;7;0;4.0;0.0;1.0;0.0;A01
73374;201400048272;0;7;0;0.0;2.0;6.0;1.0;B01
73375;201400048272;0;7;0;0.0;2.0;2.0;14.0;A01
73376;201400048273;0;7;0;0.0;2.0;1.0;2.0;A01
73377;201400048273;0;7;0;3.0;2.0;6.0;2.0;B01
73378;201400048273;0;7;0;3.0;2.0;7.0;1.0;C01
73379;201400048275;0;7;0;0.0;2.0;3.0;2.0;A01
73380;201400048275;0;7;0;0.0;2.0;4.0;2.0;B01
73381;201400048276;0;7;0;0.0;2.0;2.0;12.0;A01
73382;201400048276;0;7;0;0.0;2.0;6.0;1.0;C01
73383;201400048276;0;33;0;0.0;2.0;3.0;3.0;B01
73384;201400048277;0;7;0;0.0;0.0;2.0;12.0;A01
73385;201400048278;0;7;0;7.0;0.0;1.0;1.0;A01
73386;201400048280;0;7;0;0.0;0.0;1.0;2.0;A01
73387;201400048280;0;7;0;0.0;0.0;4.0;2.0;C01
73388;201400048280;0;7;0;0.0;0.0;4.0;2.0;B01
73389;201400048281;0;7;0;0.0;0.0;5.0;2.0;B01
73390;201400048281;0;33;0;0.0;2.0;3.0;2.0;A01
73391;201400048282;0;7;0;0.0;2.0;4.0;0.0;B01
73392;201400048282;0;7;0;0.0;2.0;1.0;0.0;A01
73393;201400048284;0;7;0;0.0;2.0;4.0;2.0;B01
73394;201400048284;0;7;0;0.0;2.0;4.0;2.0;C01
73395;201400048284;0;99;0;0.0;2.0;1.0;2.0;A01
73396;201400048285;0;7;0;0.0;2.0;3.0;11.0;A01
73397;201400048285;0;33;0;0.0;2.0;3.0;0.0;B01
73398;201400048286;0;7;0;0.0;0.0;5.0;1.0;B01
73399;201400048286;0;33;0;0.0;2.0;1.0;0.0;A01
73400;201400048287;0;7;0;0.0;2.0;4.0;2.0;C01
73401;201400048287;0;7;0;0.0;2.0;4.0;2.0;B01
73402;201400048287;0;10;0;0.0;2.0;1.0;0.0;A01
73403;201400048288;0;7;0;0.0;2.0;6.0;1.0;B01
73404;201400048288;0;33;0;0.0;2.0;1.0;21.0;A01
73405;201400048289;1;3;0;0.0;2.0;3.0;0.0;Z01
73406;201400048289;0;31;0;0.0;2.0;8.0;0.0;A01
73407;201400048291;0;33;0;0.0;2.0;3.0;3.0;A01
73408;201400048291;0;7;0;0.0;2.0;7.0;12.0;B01
73409;201400048292;0;15;0;0.0;2.0;2.0;12.0;A01
73410;201400048292;0;7;0;0.0;2.0;8.0;0.0;B01
73411;201400048293;0;7;0;0.0;2.0;4.0;2.0;B01
73412;201400048293;0;10;0;0.0;0.0;4.0;0.0;C01
73413;201400048293;0;15;0;0.0;2.0;1.0;2.0;A01
73414;201400048294;0;7;0;0.0;2.0;6.0;2.0;B01
73415;201400048294;0;7;0;0.0;0.0;5.0;2.0;C01
73416;201400048294;0;7;0;0.0;2.0;2.0;2.0;A01
73417;201400048295;0;33;0;12.0;0.0;3.0;15.0;A01
73418;201400048296;0;15;0;0.0;2.0;2.0;12.0;B01
73419;201400048296;0;7;0;4.0;2.0;6.0;0.0;A01
73420;201400048297;0;33;0;0.0;0.0;3.0;18.0;A01
73421;201400048298;0;7;0;0.0;2.0;5.0;1.0;B01
73422;201400048298;0;33;0;0.0;2.0;1.0;2.0;A01
73423;201400048299;0;7;0;0.0;2.0;4.0;2.0;C01
73424;201400048299;0;7;0;0.0;2.0;4.0;2.0;B01
73425;201400048299;0;7;0;0.0;2.0;1.0;2.0;A01
73426;201400048300;0;7;0;0.0;0.0;5.0;2.0;C01
73427;201400048300;0;7;0;0.0;2.0;2.0;2.0;A01
73428;201400048300;0;7;0;0.0;2.0;6.0;2.0;B01
73429;201400048301;0;7;0;0.0;0.0;3.0;1.0;A01
73430;201400048302;0;7;0;0.0;0.0;6.0;2.0;B01
73431;201400048302;0;7;0;0.0;2.0;2.0;2.0;A01
73432;201400048303;0;31;0;0.0;2.0;2.0;14.0;B01
73433;201400048303;0;7;0;0.0;2.0;5.0;1.0;C01
73434;201400048303;0;32;0;0.0;2.0;1.0;18.0;A01
73435;201400048304;0;7;0;0.0;2.0;1.0;2.0;A01
73436;201400048304;0;7;0;0.0;0.0;4.0;2.0;B01
73437;201400048305;1;7;0;0.0;2.0;2.0;0.0;A01
73438;201400048305;0;7;0;0.0;2.0;2.0;1.0;C01
73439;201400048305;0;34;0;0.0;2.0;8.0;1.0;B01
73440;201400048306;0;33;0;0.0;2.0;1.0;12.0;A01
73441;201400048306;0;13;0;0.0;0.0;4.0;2.0;B01
73442;201400048307;0;7;0;0.0;0.0;5.0;12.0;B01
73443;201400048307;0;34;0;0.0;2.0;3.0;3.0;A01
73444;201400048308;0;7;0;0.0;2.0;7.0;2.0;A01
73445;201400048308;0;33;0;0.0;2.0;3.0;1.0;B01
73446;201400048310;0;33;0;0.0;2.0;6.0;2.0;A01
73447;201400048310;0;10;0;0.0;0.0;5.0;2.0;B01
73448;201400048311;1;10;0;0.0;2.0;7.0;14.0;Z01
73449;201400048311;0;33;0;3.0;2.0;8.0;2.0;B01
73450;201400048313;0;7;0;0.0;2.0;4.0;2.0;B01
73451;201400048313;0;7;0;0.0;2.0;1.0;2.0;A01
73452;201400048313;0;7;0;0.0;0.0;4.0;2.0;C01
73453;201400048314;0;7;0;0.0;0.0;5.0;12.0;B01
73454;201400048314;0;33;0;0.0;2.0;1.0;3.0;A01
73455;201400048316;0;7;0;0.0;0.0;6.0;11.0;B01
73456;201400048316;0;31;0;0.0;2.0;1.0;3.0;A01
73457;201400048317;0;33;0;0.0;0.0;8.0;21.0;A01
73458;201400048318;0;7;0;0.0;0.0;9.0;0.0;A01
73459;201400048319;0;33;0;0.0;2.0;7.0;3.0;A01
73460;201400048319;0;7;0;0.0;2.0;8.0;11.0;B01
73461;201400048320;0;33;0;12.0;0.0;3.0;1.0;A01
73462;201400048321;0;33;0;0.0;2.0;8.0;21.0;A01
73463;201400048321;0;32;0;0.0;2.0;7.0;21.0;B01
73464;201400048322;0;7;0;0.0;0.0;7.0;2.0;A01
73465;201400048323;0;7;0;4.0;0.0;2.0;11.0;A01
73466;201400048324;0;10;0;3.0;0.0;1.0;1.0;A01
73467;201400048326;0;7;0;4.0;0.0;2.0;0.0;A01
73468;201400048327;0;7;0;0.0;2.0;3.0;11.0;A01
73469;201400048327;0;33;0;0.0;0.0;4.0;3.0;B01
73470;201400048328;0;34;0;0.0;2.0;1.0;2.0;A01
73471;201400048328;0;7;0;0.0;0.0;5.0;2.0;B01
73472;201400048329;0;34;0;0.0;0.0;7.0;1.0;A01
73473;201400048330;0;7;0;0.0;2.0;3.0;11.0;A01
73474;201400048330;0;7;0;0.0;0.0;5.0;2.0;B01
73475;201400048331;0;33;0;0.0;0.0;7.0;0.0;A01
73476;201400048332;0;7;0;0.0;0.0;4.0;2.0;B01
73477;201400048332;0;7;0;0.0;2.0;1.0;2.0;A01
73478;201400048333;0;7;0;0.0;0.0;6.0;0.0;B01
73479;201400048333;0;32;0;0.0;2.0;2.0;3.0;A01