;Num_Acc;senc;catv;occutc;obs;obsm;choc;manv;num_veh
73480;201400048334;0;7;0;0.0;2.0;4.0;2.0;C01
73481;201400048334;0;7;0;0.0;2.0;1.0;2.0;A01
73482;201400048334;0;7;0;0.0;2.0;4.0;0.0;B01
73483;201400048335;0;10;0;0.0;2.0;7.0;14.0;B01
73484;201400048335;0;32;0;0.0;2.0;3.0;3.0;A01
73485;201400048336;0;7;0;0.0;2.0;7.0;12.0;A01
73486;201400048336;0;33;0;0.0;2.0;8.0;1.0;B01
73487;201400048337;0;7;0;3.0;2.0;1.0;21.0;B01
73488;201400048337;0;7;0;4.0;0.0;9.0;21.0;A01
73489;201400048338;0;33;0;0.0;9.0;1.0;2.0;D01
73490;201400048338;0;33;0;0.0;2.0;7.0;2.0;B01
73491;201400048338;0;2;0;0.0;2.0;7.0;2.0;A01
73492;201400048338;0;33;0;0.0;2.0;1.0;2.0;E01
73493;201400048338;0;33;0;3.0;2.0;1.0;2.0;C01
73494;201400048339;0;33;0;0.0;0.0;0.0;2.0;B01
73495;201400048339;0;7;0;0.0;2.0;2.0;12.0;A01
73496;201400048340;0;7;0;0.0;0.0;4.0;0.0;B01
73497;201400048340;0;34;0;0.0;2.0;1.0;12.0;A01
73498;201400048341;0;33;0;0.0;2.0;2.0;2.0;A01
73499;201400048341;0;7;0;0.0;2.0;3.0;11.0;B01
73500;201400048342;0;7;0;0.0;0.0;4.0;2.0;B01
73501;201400048342;0;15;0;0.0;2.0;1.0;2.0;A01
73502;201400048343;0;31;0;0.0;0.0;0.0;1.0;A01
73503;201400048345;0;31;0;0.0;2.0;1.0;21.0;A01
73504;201400048346;0;7;0;0.0;2.0;4.0;2.0;B01
73505;201400048346;0;7;0;0.0;2.0;1.0;2.0;A01
73506;201400048347;0;15;0;4.0;0.0;3.0;0.0;A01
73507;201400048348;0;7;0;0.0;0.0;4.0;1.0;C01
73508;201400048348;0;7;0;0.0;2.0;4.0;11.0;B01
73509;201400048348;0;10;0;0.0;2.0;1.0;0.0;A01
73510;201400048349;0;7;0;0.0;2.0;4.0;2.0;B01
73511;201400048349;0;30;0;0.0;2.0;1.0;2.0;A01
73512;201400048350;0;33;0;4.0;0.0;0.0;0.0;A01
73513;201400048352;0;7;0;0.0;2.0;4.0;2.0;B01
73514;201400048352;0;7;0;0.0;2.0;1.0;2.0;A01
73515;201400048353;0;7;0;4.0;9.0;1.0;0.0;A01
73516;201400048354;0;7;0;0.0;2.0;1.0;2.0;A01
73517;201400048354;0;7;0;0.0;0.0;4.0;2.0;B01
73518;201400048355;0;7;0;4.0;0.0;1.0;2.0;A01
73519;201400048356;0;7;0;0.0;2.0;2.0;2.0;A01
73520;201400048356;0;7;0;0.0;2.0;4.0;23.0;B01
73521;201400048356;0;7;0;0.0;0.0;4.0;23.0;C01
73522;201400048357;0;7;0;0.0;0.0;4.0;2.0;B01
73523;201400048357;0;7;0;0.0;2.0;1.0;2.0;A01
73524;201400048358;0;31;0;0.0;0.0;0.0;0.0;A01
73525;201400048359;0;7;0;6.0;0.0;1.0;13.0;A01
73526;201400048360;0;7;0;0.0;2.0;1.0;2.0;A01
73527;201400048360;0;7;0;0.0;0.0;4.0;23.0;C01
73528;201400048360;0;7;0;0.0;2.0;4.0;1.0;B01
73529;201400048361;0;17;0;0.0;2.0;2.0;1.0;B01
73530;201400048361;0;7;0;3.0;2.0;3.0;9.0;A01
73531;201400048362;0;7;0;0.0;2.0;5.0;1.0;D01
73532;201400048362;0;7;0;0.0;2.0;6.0;1.0;C01
73533;201400048362;0;7;0;0.0;2.0;2.0;12.0;B01
73534;201400048362;0;33;0;0.0;2.0;1.0;3.0;A01
73535;201400048363;0;7;0;0.0;0.0;6.0;2.0;C01
73536;201400048363;0;31;0;0.0;2.0;3.0;2.0;A01
73537;201400048363;0;10;0;0.0;0.0;5.0;2.0;B01
73538;201400048364;0;7;0;0.0;2.0;2.0;1.0;B01
73539;201400048364;0;7;0;3.0;2.0;3.0;11.0;A01
73540;201400048365;0;7;0;0.0;2.0;1.0;2.0;A01
73541;201400048365;0;7;0;0.0;2.0;3.0;2.0;C01
73542;201400048365;0;7;0;0.0;2.0;4.0;2.0;B01
73543;201400048366;0;33;0;0.0;0.0;2.0;9.0;A01
73544;201400048367;0;7;0;0.0;2.0;5.0;0.0;B01
73545;201400048367;0;7;0;0.0;2.0;1.0;20.0;A01
73546;201400048367;0;7;0;0.0;0.0;5.0;0.0;C01
73547;201400048369;0;7;0;0.0;2.0;1.0;2.0;A01
73548;201400048369;0;7;0;0.0;2.0;4.0;2.0;C01
73549;201400048369;0;7;0;0.0;2.0;4.0;2.0;B01
73550;201400048370;0;7;0;0.0;2.0;1.0;2.0;A01
73551;201400048370;0;15;0;0.0;0.0;4.0;2.0;B01
73552;201400048371;0;15;0;0.0;2.0;2.0;5.0;A01
73553;201400048371;0;7;0;4.0;2.0;1.0;1.0;B01
73554;201400048372;0;7;0;13.0;0.0;9.0;1.0;A01
73555;201400048373;0;10;0;12.0;0.0;3.0;13.0;A01
73556;201400048374;0;7;0;0.0;2.0;4.0;2.0;B01
73557;201400048374;0;7;0;0.0;2.0;1.0;1.0;A01
73558;201400048375;0;7;0;0.0;0.0;2.0;1.0;C01
73559;201400048375;0;7;0;0.0;0.0;2.0;12.0;B01
73560;201400048375;0;33;0;0.0;2.0;3.0;3.0;A01
73561;201400048377;0;33;0;0.0;2.0;2.0;17.0;A01
73562;201400048377;0;33;0;0.0;2.0;3.0;2.0;B01
73563;201400048378;0;7;0;0.0;0.0;4.0;0.0;B01
73564;201400048378;0;7;0;0.0;2.0;2.0;0.0;A01
73565;201400048381;0;7;0;0.0;2.0;8.0;1.0;B01
73566;201400048381;0;33;0;0.0;2.0;7.0;3.0;A01
73567;201400048382;0;7;0;0.0;2.0;5.0;12.0;A01
73568;201400048382;0;34;0;0.0;2.0;8.0;1.0;B01
73569;201400048383;0;33;0;0.0;2.0;7.0;1.0;B01
73570;201400048383;1;10;0;0.0;2.0;8.0;11.0;Z01
73571;201400048384;0;32;0;0.0;0.0;2.0;0.0;A01
73572;201400048385;0;7;0;4.0;0.0;1.0;1.0;A01
73573;201400048386;0;7;0;4.0;0.0;3.0;1.0;A01
73574;201400048387;0;7;0;4.0;0.0;3.0;0.0;A01
73575;201400048388;0;7;0;0.0;0.0;5.0;2.0;C01
73576;201400048388;0;7;0;0.0;2.0;1.0;2.0;A01
73577;201400048388;0;7;0;0.0;2.0;4.0;2.0;B01
73578;201400048389;0;34;0;0.0;0.0;0.0;0.0;A01
73579;201400048390;0;7;0;6.0;0.0;6.0;1.0;A01
73580;201400048391;0;7;0;3.0;0.0;1.0;1.0;A01
73581;201400048392;0;33;0;0.0;2.0;0.0;2.0;A01
73582;201400048392;0;7;0;0.0;2.0;4.0;2.0;B01
73583;201400048394;0;10;0;0.0;2.0;3.0;11.0;A01
73584;201400048394;0;33;0;0.0;0.0;7.0;1.0;B01
73585;201400048395;0;7;0;0.0;2.0;8.0;13.0;A01
73586;201400048395;0;31;0;0.0;2.0;7.0;2.0;B01
73587;201400048396;0;33;0;0.0;0.0;7.0;1.0;A01
73588;201400048397;0;7;0;0.0;2.0;4.0;2.0;C01
73589;201400048397;0;7;0;0.0;2.0;4.0;2.0;D01
73590;201400048397;0;7;0;0.0;2.0;4.0;2.0;B01
73591;201400048397;0;7;0;0.0;2.0;1.0;2.0;A01
73592;201400048398;0;15;0;0.0;2.0;1.0;2.0;A01
73593;201400048398;0;7;0;0.0;0.0;4.0;2.0;C01
73594;201400048398;0;7;0;0.0;2.0;1.0;2.0;B01
73595;201400048399;0;33;0;16.0;0.0;2.0;0.0;A01
73596;201400048400;0;10;0;0.0;2.0;3.0;11.0;A01
73597;201400048400;0;33;0;0.0;2.0;7.0;1.0;B01
73598;201400048401;0;33;0;0.0;2.0;8.0;1.0;A01
73599;201400048401;0;7;0;0.0;0.0;0.0;1.0;B01
73600;201400048402;0;33;0;0.0;2.0;7.0;1.0;B01
73601;201400048403;0;7;0;0.0;2.0;5.0;12.0;A01
73602;201400048403;0;31;0;0.0;2.0;3.0;1.0;B01
73603;201400048405;1;99;0;0.0;2.0;2.0;0.0;Z01
73604;201400048405;0;34;0;0.0;2.0;1.0;2.0;B01
73605;201400048406;0;33;0;0.0;0.0;3.0;11.0;A01
73606;201400048407;0;7;0;0.0;2.0;1.0;1.0;A01
73607;201400048407;0;7;0;4.0;0.0;4.0;1.0;B01
73608;201400048408;1;7;0;0.0;0.0;2.0;0.0;A01
73609;201400048409;0;7;0;0.0;2.0;6.0;11.0;B01
73610;201400048409;0;33;0;0.0;2.0;7.0;3.0;A01
73611;201400048410;1;10;0;0.0;2.0;4.0;2.0;Z01
73612;201400048410;0;33;0;0.0;2.0;1.0;2.0;A01
73613;201400048411;0;7;0;0.0;0.0;4.0;2.0;B01
73614;201400048411;0;7;0;0.0;2.0;1.0;2.0;A01
73615;201400048412;0;7;0;0.0;2.0;1.0;2.0;D01
73616;201400048412;0;7;0;0.0;2.0;4.0;2.0;B01
73617;201400048412;0;10;0;0.0;2.0;1.0;2.0;A01
73618;201400048412;0;7;0;0.0;2.0;4.0;2.0;C01
73619;201400048414;0;31;0;0.0;0.0;0.0;0.0;A01
73620;201400048415;0;33;0;6.0;0.0;8.0;13.0;A01
73621;201400048416;0;33;0;0.0;2.0;1.0;1.0;A01
73622;201400048416;0;7;0;0.0;2.0;6.0;11.0;B01
73623;201400048417;0;33;0;0.0;0.0;0.0;14.0;A01
73624;201400048418;0;7;0;0.0;2.0;1.0;2.0;A01
73625;201400048418;0;31;0;0.0;0.0;4.0;2.0;B01
73626;201400048419;0;7;0;4.0;0.0;3.0;1.0;A01
73627;201400048421;1;33;0;0.0;2.0;8.0;2.0;A01
73628;201400048422;1;99;0;0.0;2.0;2.0;0.0;Z01
73629;201400048422;0;33;0;0.0;2.0;8.0;1.0;A01
73630;201400048423;0;7;0;0.0;2.0;6.0;11.0;B01
73631;201400048423;0;33;0;0.0;2.0;2.0;3.0;A01
73632;201400048425;0;31;0;0.0;0.0;0.0;1.0;A01
73633;201400048426;0;33;0;0.0;2.0;1.0;2.0;A01
73634;201400048426;0;7;0;0.0;0.0;5.0;2.0;B01
73635;201400048427;0;3;0;4.0;0.0;1.0;0.0;A01
73636;201400048428;0;33;0;0.0;0.0;7.0;0.0;A01
73637;201400048428;0;7;0;0.0;0.0;3.0;0.0;B01
73638;201400048429;0;33;0;0.0;2.0;2.0;3.0;A01
73639;201400048429;0;7;0;0.0;0.0;8.0;1.0;C01
73640;201400048429;0;7;0;0.0;2.0;8.0;11.0;B01
73641;201400048430;0;15;0;0.0;2.0;2.0;1.0;B01
73642;201400048430;0;7;0;0.0;2.0;6.0;9.0;A01
73643;201400048431;0;99;0;4.0;0.0;8.0;2.0;A01
73644;201400048432;0;7;0;0.0;2.0;5.0;2.0;D01
73645;201400048432;0;7;0;0.0;2.0;1.0;2.0;F02
73646;201400048432;0;7;0;0.0;2.0;1.0;2.0;A01
73647;201400048432;0;7;0;0.0;2.0;4.0;2.0;C01
73648;201400048432;0;7;0;0.0;2.0;4.0;2.0;E01
73649;201400048432;0;7;0;0.0;2.0;4.0;2.0;B01
73650;201400048433;0;7;0;4.0;0.0;8.0;2.0;A01
73651;201400048434;0;7;0;0.0;2.0;3.0;1.0;A01
73652;201400048434;0;7;0;0.0;0.0;5.0;21.0;B01
73653;201400048435;0;7;0;0.0;2.0;2.0;2.0;A01
73654;201400048435;0;7;0;0.0;2.0;6.0;2.0;B01
73655;201400048436;0;33;0;0.0;2.0;4.0;0.0;B01
73656;201400048436;0;7;0;0.0;2.0;4.0;1.0;C01
73657;201400048436;0;33;0;0.0;2.0;1.0;11.0;A01
73658;201400048437;0;31;0;0.0;2.0;1.0;0.0;C01
73659;201400048437;0;10;0;0.0;2.0;1.0;2.0;A01
73660;201400048437;0;7;0;0.0;0.0;4.0;2.0;B01
73661;201400048438;0;7;0;5.0;0.0;1.0;2.0;A01
73662;201400048439;0;32;0;0.0;2.0;1.0;3.0;A01
73663;201400048439;0;7;0;0.0;2.0;5.0;11.0;B01
73664;201400048440;0;7;0;0.0;2.0;8.0;11.0;B01
73665;201400048440;0;31;0;0.0;2.0;2.0;3.0;A01
73666;201400048442;0;7;0;0.0;2.0;3.0;2.0;B01
73667;201400048442;0;15;0;0.0;2.0;2.0;2.0;A01
73668;201400048444;0;7;0;0.0;2.0;4.0;2.0;B01
73669;201400048444;0;7;0;0.0;2.0;1.0;2.0;A01
73670;201400048444;0;7;0;0.0;2.0;4.0;2.0;C01
73671;201400048445;0;7;0;4.0;0.0;1.0;21.0;A01
73672;201400048446;0;7;0;4.0;0.0;9.0;2.0;A01
73673;201400048447;0;7;0;0.0;2.0;4.0;2.0;B01
73674;201400048447;0;7;0;0.0;2.0;1.0;2.0;A01
73675;201400048448;0;7;0;0.0;0.0;1.0;2.0;A01
73676;201400048449;0;7;0;4.0;0.0;1.0;9.0;A01
73677;201400048449;0;7;0;4.0;0.0;1.0;21.0;B01
73678;201400048450;0;7;0;4.0;0.0;2.0;14.0;A01
73679;201400048451;0;33;0;0.0;0.0;7.0;0.0;A01
73680;201400048452;0;33;0;0.0;2.0;1.0;1.0;A01
73681;201400048452;1;7;0;;0.0;2.0;;Z01
73682;201400048453;0;7;0;0.0;2.0;7.0;1.0;C01
73683;201400048453;0;7;0;0.0;2.0;1.0;1.0;B01
73684;201400048453;0;7;0;3.0;2.0;1.0;1.0;A01
73685;201400048454;0;7;0;0.0;2.0;5.0;11.0;B01
73686;201400048454;0;33;0;0.0;2.0;1.0;3.0;A01
73687;201400048455;0;10;0;0.0;0.0;2.0;0.0;A01
73688;201400048456;0;33;0;0.0;0.0;8.0;1.0;A01
73689;201400048457;0;33;0;0.0;0.0;3.0;0.0;A01
73690;201400048458;0;7;0;0.0;2.0;4.0;2.0;B01
73691;201400048458;0;7;0;0.0;2.0;1.0;2.0;A01
73692;201400048459;0;33;0;0.0;0.0;0.0;0.0;A01
73693;201400048460;0;3;0;4.0;0.0;8.0;13.0;A01
73694;201400048461;0;10;0;0.0;2.0;1.0;2.0;A01
73695;201400048461;0;7;0;0.0;2.0;4.0;2.0;B01
73696;201400048461;0;7;0;0.0;2.0;6.0;2.0;C01
73697;201400048462;0;7;0;4.0;0.0;3.0;21.0;A01
73698;201400048463;0;7;0;4.0;0.0;1.0;0.0;A01
73699;201400048464;0;10;0;0.0;0.0;5.0;1.0;B01
73700;201400048464;0;7;0;0.0;2.0;3.0;1.0;A01
73701;201400048465;0;7;0;6.0;2.0;7.0;1.0;A01
73702;201400048465;0;7;0;0.0;2.0;8.0;13.0;B01
73703;201400048469;0;7;0;0.0;2.0;1.0;1.0;A01
73704;201400048469;0;7;0;0.0;0.0;4.0;1.0;B01
73705;201400048470;0;7;0;0.0;2.0;1.0;18.0;A01
73706;201400048470;0;7;0;0.0;2.0;4.0;2.0;C01
73707;201400048470;0;7;0;0.0;2.0;2.0;2.0;B01
73708;201400048472;0;7;0;0.0;2.0;1.0;0.0;A01
73709;201400048472;0;7;0;0.0;0.0;4.0;0.0;B01
73710;201400048473;0;31;0;0.0;2.0;1.0;2.0;A01
73711;201400048473;0;7;0;0.0;0.0;4.0;2.0;B01
73712;201400048474;0;13;0;0.0;2.0;1.0;2.0;B01
73713;201400048474;0;7;0;0.0;2.0;1.0;2.0;A01
73714;201400048475;0;10;0;0.0;2.0;1.0;2.0;A01
73715;201400048475;0;7;0;0.0;2.0;4.0;2.0;B01
73716;201400048476;0;7;0;4.0;0.0;1.0;14.0;A01
73717;201400048478;0;14;0;0.0;2.0;3.0;12.0;A01
73718;201400048478;0;7;0;0.0;2.0;8.0;1.0;B01
73719;201400048480;0;7;0;0.0;0.0;9.0;0.0;A01
73720;201400048481;0;7;0;2.0;0.0;9.0;18.0;A01
73721;201400048482;0;7;0;3.0;0.0;0.0;1.0;A01
73722;201400048483;0;7;0;4.0;0.0;0.0;1.0;A01
73723;201400048484;0;37;1;0.0;2.0;2.0;1.0;B01
73724;201400048484;0;7;0;0.0;2.0;6.0;11.0;A01
73725;201400048485;0;33;0;0.0;2.0;1.0;3.0;A01
73726;201400048485;0;15;0;0.0;2.0;6.0;1.0;C01
73727;201400048485;0;7;0;0.0;2.0;4.0;1.0;B01
73728;201400048486;0;7;0;0.0;2.0;8.0;11.0;B01
73729;201400048486;0;7;0;0.0;2.0;7.0;1.0;A01
73730;201400048487;0;7;0;0.0;2.0;1.0;1.0;A01
73731;201400048487;0;7;0;0.0;2.0;4.0;2.0;B01
73732;201400048487;0;7;0;0.0;2.0;4.0;2.0;C01
73733;201400048488;0;7;0;0.0;2.0;7.0;1.0;B01
73734;201400048488;0;7;0;0.0;2.0;0.0;11.0;A01
73735;201400048488;0;7;0;0.0;2.0;1.0;1.0;D01
73736;201400048488;0;14;0;0.0;2.0;2.0;1.0;C01
73737;201400048489;0;7;0;0.0;2.0;4.0;2.0;B01
73738;201400048489;0;34;0;0.0;2.0;1.0;1.0;A01
73739;201400048491;0;33;0;0.0;2.0;5.0;2.0;B01
73740;201400048491;0;33;0;0.0;2.0;8.0;1.0;A01
73741;201400048492;0;34;0;15.0;0.0;2.0;1.0;A01
73742;201400048493;0;7;0;0.0;2.0;1.0;2.0;C01
73743;201400048493;0;7;0;0.0;2.0;1.0;2.0;B01
73744;201400048493;0;7;0;0.0;2.0;1.0;2.0;D01
73745;201400048493;0;7;0;0.0;2.0;4.0;1.0;A01
73746;201400048494;0;7;0;4.0;2.0;1.0;6.0;A01
73747;201400048494;0;7;0;0.0;2.0;8.0;1.0;B01
73748;201400048495;0;7;0;0.0;2.0;4.0;1.0;A01
73749;201400048495;0;7;0;0.0;2.0;2.0;2.0;C01
73750;201400048495;0;7;0;0.0;2.0;4.0;2.0;B01
73751;201400048499;0;7;0;0.0;2.0;7.0;1.0;E01
73752;201400048499;0;7;0;0.0;2.0;1.0;1.0;G02
73753;201400048499;0;7;0;0.0;2.0;7.0;1.0;D01
73754;201400048499;0;7;0;0.0;2.0;6.0;1.0;B01
73755;201400048499;0;7;0;0.0;2.0;1.0;1.0;H02
73756;201400048499;0;7;0;0.0;2.0;7.0;1.0;C01
73757;201400048499;0;7;0;0.0;2.0;6.0;1.0;F02
73758;201400048499;0;7;0;0.0;2.0;1.0;3.0;A01
73759;201400048500;0;7;0;0.0;2.0;4.0;2.0;B01
73760;201400048500;0;14;0;0.0;2.0;1.0;1.0;A01
73761;201400048501;0;14;0;0.0;2.0;4.0;1.0;A01
73762;201400048501;0;7;0;0.0;2.0;1.0;2.0;B01
73763;201400048502;0;7;0;0.0;2.0;8.0;1.0;A01
73764;201400048502;0;14;0;0.0;2.0;2.0;12.0;B01
73765;201400048503;0;7;0;0.0;2.0;2.0;2.0;B01
73766;201400048503;0;7;0;0.0;2.0;6.0;1.0;A01
73767;201400048504;0;7;0;0.0;2.0;1.0;1.0;B01
73768;201400048504;0;7;0;0.0;2.0;4.0;9.0;A01
73769;201400048505;0;31;0;0.0;0.0;7.0;1.0;A01
73770;201400048506;0;33;0;0.0;0.0;0.0;0.0;A01
73771;201400048507;0;14;0;4.0;0.0;3.0;1.0;A01
73772;201400048508;0;7;0;0.0;2.0;8.0;1.0;A01
73773;201400048508;0;33;0;0.0;2.0;7.0;12.0;B01
73774;201400048509;0;33;0;0.0;0.0;0.0;21.0;A01
73775;201400048510;0;7;0;0.0;2.0;7.0;12.0;A01
73776;201400048510;0;33;0;0.0;2.0;3.0;3.0;B01
73777;201400048511;0;34;0;0.0;2.0;1.0;3.0;B01
73778;201400048511;0;7;0;0.0;2.0;5.0;12.0;A01
73779;201400048512;0;7;0;0.0;2.0;1.0;17.0;C01
73780;201400048512;0;7;0;3.0;2.0;1.0;1.0;A01
73781;201400048512;0;7;0;5.0;2.0;1.0;2.0;B01
73782;201400048514;0;7;0;0.0;2.0;0.0;0.0;A01
73783;201400048515;0;7;0;3.0;2.0;3.0;23.0;A01
73784;201400048515;0;7;0;0.0;2.0;8.0;1.0;B01
73785;201400048516;0;7;0;0.0;0.0;9.0;0.0;A01
73786;201400048517;0;33;0;0.0;0.0;7.0;0.0;A01
73787;201400048518;0;7;0;0.0;0.0;1.0;0.0;A01
73788;201400048521;0;33;0;0.0;2.0;2.0;3.0;B01
73789;201400048521;0;7;0;0.0;2.0;6.0;1.0;A01
73790;201400048522;0;7;0;0.0;2.0;4.0;23.0;A01
73791;201400048522;0;7;0;0.0;2.0;1.0;2.0;B01
73792;201400048523;0;7;0;0.0;0.0;1.0;1.0;A01
73793;201400048524;0;15;0;0.0;2.0;2.0;1.0;C01
73794;201400048524;0;7;0;0.0;2.0;1.0;2.0;D01
73795;201400048524;1;7;0;0.0;2.0;1.0;2.0;Z01
73796;201400048524;0;30;0;0.0;2.0;9.0;2.0;B01
73797;201400048525;0;14;0;0.0;2.0;1.0;2.0;F02
73798;201400048525;0;17;0;0.0;2.0;1.0;2.0;C01
73799;201400048525;0;7;0;0.0;2.0;4.0;1.0;A01
73800;201400048525;0;14;0;0.0;2.0;1.0;2.0;B01
73801;201400048525;0;14;0;0.0;2.0;1.0;2.0;D01
73802;201400048525;0;17;0;0.0;2.0;1.0;2.0;E01
73803;201400048526;0;7;0;0.0;2.0;4.0;1.0;B01
73804;201400048526;0;7;0;0.0;2.0;1.0;12.0;A01
73805;201400048527;0;7;0;0.0;2.0;7.0;1.0;B01
73806;201400048527;0;7;0;0.0;2.0;8.0;11.0;A01
73807;201400048528;0;7;0;0.0;2.0;4.0;2.0;B01
73808;201400048528;0;7;0;0.0;2.0;4.0;1.0;A01
73809;201400048528;0;7;0;0.0;2.0;1.0;2.0;C01
73810;201400048529;0;33;0;0.0;2.0;1.0;3.0;A01
73811;201400048529;0;7;0;0.0;2.0;4.0;11.0;B01
73812;201400048530;0;32;0;0.0;2.0;1.0;3.0;A01
73813;201400048530;0;7;0;0.0;2.0;1.0;1.0;B01
73814;201400048530;0;7;0;0.0;2.0;4.0;11.0;C01
73815;201400048531;0;34;0;0.0;2.0;3.0;1.0;A01
73816;201400048531;0;7;0;0.0;2.0;6.0;11.0;B01
73817;201400048532;0;7;0;4.0;0.0;8.0;1.0;A01
73818;201400048533;0;7;0;0.0;2.0;1.0;1.0;A01
73819;201400048534;0;7;0;0.0;2.0;1.0;1.0;B01
73820;201400048534;0;10;0;0.0;2.0;1.0;13.0;A01
73821;201400048535;0;7;0;0.0;0.0;8.0;0.0;A01
73822;201400048536;0;7;0;0.0;0.0;2.0;0.0;A01
73823;201400048537;0;7;0;0.0;2.0;4.0;2.0;D01
73824;201400048537;0;7;0;0.0;2.0;1.0;1.0;A01
73825;201400048537;0;10;0;0.0;2.0;2.0;1.0;C01
73826;201400048537;0;7;0;0.0;2.0;4.0;12.0;B01
73827;201400048538;0;7;0;0.0;2.0;2.0;21.0;B01
73828;201400048538;0;10;0;0.0;2.0;1.0;5.0;A01
73829;201400048539;0;33;0;0.0;2.0;1.0;1.0;A01
73830;201400048540;0;7;0;0.0;2.0;1.0;1.0;A01
73831;201400048540;0;7;0;0.0;2.0;4.0;2.0;B01
73832;201400048541;0;33;0;0.0;0.0;8.0;3.0;A01
73833;201400048543;0;33;0;0.0;0.0;8.0;0.0;A01
73834;201400048545;0;38;1;0.0;2.0;4.0;2.0;B01
73835;201400048545;0;7;0;0.0;2.0;1.0;1.0;A01
73836;201400048546;0;14;0;0.0;2.0;6.0;11.0;A01
73837;201400048546;0;7;0;0.0;2.0;5.0;1.0;C01
73838;201400048546;0;31;0;0.0;2.0;2.0;3.0;B01
73839;201400048547;0;7;0;0.0;2.0;8.0;1.0;B01
73840;201400048547;0;7;0;0.0;2.0;7.0;14.0;A01
73841;201400048548;0;7;0;0.0;2.0;7.0;1.0;A01
73842;201400048548;1;15;0;0.0;2.0;6.0;11.0;Z01
73843;201400048550;0;7;0;0.0;2.0;9.0;2.0;B01
73844;201400048550;0;7;0;0.0;2.0;1.0;2.0;C01
73845;201400048550;0;7;0;0.0;2.0;4.0;1.0;A01
73846;201400048551;0;7;0;3.0;0.0;1.0;1.0;A01
73847;201400048552;0;7;0;0.0;2.0;1.0;2.0;D01
73848;201400048552;0;7;0;0.0;2.0;4.0;2.0;C01
73849;201400048552;0;7;0;0.0;2.0;3.0;11.0;A01
73850;201400048552;0;17;0;0.0;2.0;1.0;2.0;B01
73851;201400048553;0;7;0;0.0;2.0;4.0;1.0;A01
73852;201400048553;0;10;0;0.0;2.0;1.0;2.0;C01
73853;201400048553;0;7;0;0.0;2.0;4.0;2.0;B01
73854;201400048554;0;7;0;4.0;0.0;4.0;1.0;A01
73855;201400048555;0;7;0;4.0;0.0;1.0;1.0;A01
73856;201400048556;0;7;0;0.0;2.0;1.0;1.0;A01
73857;201400048556;0;7;0;0.0;2.0;1.0;2.0;C01
73858;201400048556;0;7;0;0.0;2.0;4.0;2.0;B01
73859;201400048556;0;31;0;0.0;2.0;1.0;2.0;D01
73860;201400048557;0;7;0;0.0;2.0;4.0;1.0;A01
73861;201400048557;0;7;0;0.0;2.0;1.0;2.0;C01
73862;201400048557;0;7;0;0.0;2.0;4.0;2.0;B01
73863;201400048558;0;33;0;0.0;0.0;8.0;1.0;A01
73864;201400048560;0;7;0;0.0;2.0;7.0;14.0;A01
73865;201400048560;0;7;0;0.0;2.0;8.0;1.0;B01
73866;201400048561;0;7;0;0.0;2.0;4.0;1.0;A01
73867;201400048561;0;7;0;0.0;2.0;4.0;2.0;B01
73868;201400048561;0;7;0;0.0;2.0;1.0;2.0;C01
73869;201400048562;0;7;0;0.0;2.0;1.0;14.0;A01
73870;201400048562;0;14;0;0.0;2.0;8.0;2.0;B01
73871;201400048564;0;7;0;0.0;2.0;1.0;21.0;A01
73872;201400048565;0;7;0;3.0;0.0;1.0;1.0;A01
73873;201400048566;0;10;0;0.0;0.0;9.0;1.0;A01
73874;201400048567;0;7;0;0.0;2.0;4.0;2.0;C01
73875;201400048567;0;7;0;0.0;2.0;4.0;2.0;B01
73876;201400048567;0;7;0;0.0;2.0;4.0;2.0;D01
73877;201400048567;0;7;0;0.0;2.0;1.0;1.0;A01
73878;201400048568;0;33;0;0.0;0.0;0.0;1.0;A01
73879;201400048569;0;7;0;4.0;0.0;9.0;1.0;A01
73880;201400048570;0;7;0;0.0;0.0;9.0;1.0;A01
73881;201400048571;0;33;0;0.0;0.0;7.0;1.0;A01
73882;201400048572;0;15;0;0.0;0.0;7.0;14.0;A01
73883;201400048573;0;7;0;3.0;0.0;2.0;18.0;A01
73884;201400048574;0;7;0;4.0;0.0;1.0;1.0;A01
73885;201400048575;0;7;0;0.0;2.0;1.0;2.0;C01
73886;201400048575;0;7;0;0.0;2.0;1.0;2.0;D01
73887;201400048575;0;7;0;0.0;2.0;4.0;1.0;A01
73888;201400048575;0;7;0;0.0;2.0;1.0;2.0;B01
73889;201400048576;0;10;0;0.0;2.0;4.0;1.0;C01
73890;201400048576;0;7;0;0.0;2.0;1.0;21.0;A01
73891;201400048576;0;7;0;0.0;2.0;7.0;1.0;B01
73892;201400048577;0;7;0;0.0;2.0;1.0;1.0;A01
73893;201400048578;0;7;0;0.0;2.0;7.0;1.0;A01
73894;201400048578;2;7;0;0.0;2.0;3.0;11.0;B01
73895;201400048578;0;7;0;4.0;2.0;2.0;1.0;C01
73896;201400048579;0;7;0;0.0;2.0;3.0;13.0;A01
73897;201400048579;0;7;0;0.0;2.0;2.0;1.0;B01
73898;201400048580;0;31;0;0.0;0.0;1.0;1.0;A01
73899;201400048581;0;7;0;0.0;2.0;1.0;2.0;C01
73900;201400048581;0;10;0;0.0;2.0;4.0;2.0;A01
73901;201400048581;0;7;0;0.0;2.0;4.0;2.0;B01