;Num_Acc;senc;catv;occutc;obs;obsm;choc;manv;num_veh
73902;201400048582;0;7;0;0.0;2.0;1.0;12.0;A01
73903;201400048582;0;31;0;0.0;2.0;8.0;3.0;B01
73904;201400048582;0;7;0;0.0;2.0;4.0;1.0;C01
73905;201400048583;0;31;0;0.0;2.0;7.0;3.0;A01
73906;201400048583;0;7;0;0.0;2.0;8.0;11.0;B01
73907;201400048584;0;7;0;0.0;2.0;4.0;1.0;B01
73908;201400048584;1;7;0;0.0;0.0;0.0;0.0;Z01
73909;201400048585;0;7;0;0.0;2.0;3.0;1.0;B01
73910;201400048585;0;7;0;0.0;2.0;5.0;11.0;A01
73911;201400048587;0;7;0;0.0;2.0;1.0;1.0;C01
73912;201400048587;0;7;0;0.0;2.0;8.0;11.0;A01
73913;201400048587;0;10;0;0.0;2.0;1.0;1.0;B01
73914;201400048587;0;7;0;0.0;2.0;4.0;2.0;D01
73915;201400048588;0;7;0;4.0;0.0;9.0;1.0;A01
73916;201400048589;0;31;0;0.0;2.0;1.0;19.0;A01
73917;201400048589;0;7;0;0.0;2.0;6.0;1.0;B01
73918;201400048590;0;32;0;0.0;2.0;8.0;3.0;A01
73919;201400048590;0;7;0;0.0;2.0;2.0;12.0;B01
73920;201400048591;0;7;0;0.0;2.0;1.0;11.0;E01
73921;201400048591;0;10;0;14.0;2.0;1.0;2.0;C01
73922;201400048591;0;7;0;0.0;0.0;4.0;2.0;D01
73923;201400048591;0;7;0;0.0;0.0;4.0;1.0;A01
73924;201400048591;0;7;0;14.0;2.0;1.0;2.0;B01
73925;201400048592;0;7;0;0.0;2.0;4.0;1.0;A01
73926;201400048592;0;7;0;0.0;2.0;1.0;2.0;B01
73927;201400048593;0;33;0;0.0;0.0;8.0;1.0;A01
73928;201400048594;0;14;0;0.0;2.0;7.0;12.0;A01
73929;201400048594;0;7;0;0.0;2.0;8.0;1.0;B01
73930;201400048596;0;10;0;0.0;2.0;8.0;1.0;B01
73931;201400048596;0;14;0;0.0;2.0;7.0;12.0;A01
73932;201400048597;0;33;0;0.0;0.0;7.0;21.0;A01
73933;201400048598;0;7;0;0.0;2.0;3.0;13.0;A01
73934;201400048598;0;7;0;0.0;2.0;2.0;21.0;C01
73935;201400048598;0;7;0;0.0;2.0;1.0;1.0;B01
73936;201400048599;0;33;0;0.0;0.0;3.0;1.0;A01
73937;201400048600;0;31;0;0.0;0.0;8.0;1.0;A01
73938;201400048601;0;7;0;0.0;0.0;1.0;1.0;A01
73939;201400048602;0;7;0;0.0;2.0;2.0;1.0;C01
73940;201400048602;0;38;1;0.0;2.0;2.0;12.0;A01
73941;201400048602;0;7;0;0.0;2.0;3.0;1.0;B01
73942;201400048603;0;7;0;0.0;2.0;1.0;2.0;A01
73943;201400048603;0;10;0;0.0;2.0;4.0;1.0;B01
73944;201400048604;0;7;0;0.0;0.0;1.0;0.0;A01
73945;201400048605;0;14;0;0.0;2.0;5.0;12.0;A01
73946;201400048605;0;7;0;0.0;2.0;3.0;1.0;B01
73947;201400048606;0;10;0;0.0;2.0;7.0;12.0;A01
73948;201400048606;0;33;0;0.0;2.0;8.0;3.0;B01
73949;201400048607;0;7;0;0.0;2.0;1.0;11.0;A01
73950;201400048607;0;7;0;0.0;2.0;4.0;2.0;B01
73951;201400048608;0;7;0;0.0;2.0;7.0;12.0;A01
73952;201400048608;0;33;0;0.0;2.0;8.0;3.0;B01
73953;201400048609;0;7;0;0.0;2.0;4.0;11.0;A01
73954;201400048609;0;14;0;0.0;2.0;1.0;1.0;B01
73955;201400048610;0;7;0;0.0;2.0;3.0;13.0;A01
73956;201400048610;0;7;0;0.0;2.0;3.0;1.0;B01
73957;201400048610;0;7;0;0.0;2.0;0.0;0.0;T01
73958;201400048611;0;7;0;4.0;0.0;1.0;1.0;A01
73959;201400048612;0;7;0;0.0;2.0;4.0;1.0;A01
73960;201400048612;0;10;0;0.0;2.0;1.0;2.0;D01
73961;201400048612;0;7;0;0.0;2.0;4.0;2.0;C01
73962;201400048612;0;7;0;0.0;2.0;1.0;2.0;B01
73963;201400048612;0;10;0;0.0;2.0;1.0;2.0;E01
73964;201400048613;0;7;0;0.0;2.0;4.0;2.0;B01
73965;201400048613;0;7;0;0.0;2.0;4.0;2.0;C01
73966;201400048613;0;7;0;0.0;2.0;1.0;21.0;D01
73967;201400048613;0;7;0;0.0;2.0;1.0;1.0;A01
73968;201400048614;0;7;0;13.0;0.0;0.0;1.0;A01
73969;201400048616;0;7;0;0.0;2.0;3.0;12.0;B01
73970;201400048616;0;33;0;0.0;2.0;2.0;3.0;A01
73971;201400048616;0;7;0;0.0;2.0;8.0;1.0;C01
73972;201400048617;0;7;0;0.0;2.0;3.0;1.0;A01
73973;201400048617;0;10;0;0.0;2.0;3.0;1.0;B01
73974;201400048618;0;33;0;13.0;0.0;8.0;15.0;A01
73975;201400048619;0;17;0;0.0;2.0;2.0;1.0;B01
73976;201400048619;0;7;0;0.0;2.0;7.0;9.0;A01
73977;201400048620;0;7;0;0.0;2.0;4.0;2.0;D01
73978;201400048620;0;7;0;0.0;2.0;4.0;2.0;C01
73979;201400048620;0;7;0;0.0;2.0;4.0;2.0;B01
73980;201400048620;0;7;0;0.0;2.0;1.0;1.0;A01
73981;201400048621;0;33;0;0.0;2.0;6.0;2.0;A01
73982;201400048621;0;15;0;0.0;2.0;6.0;2.0;B01
73983;201400048622;0;7;0;0.0;2.0;6.0;12.0;A01
73984;201400048622;0;33;0;0.0;2.0;1.0;3.0;B01
73985;201400048623;0;7;0;3.0;0.0;7.0;1.0;A01
73986;201400048624;0;7;0;0.0;2.0;8.0;1.0;A01
73987;201400048624;0;7;0;0.0;2.0;9.0;1.0;B01
73988;201400048625;0;31;0;0.0;2.0;1.0;2.0;B01
73989;201400048625;0;7;0;0.0;2.0;4.0;1.0;A01
73990;201400048626;0;14;0;0.0;2.0;1.0;1.0;A01
73991;201400048626;0;7;0;0.0;2.0;4.0;2.0;B01
73992;201400048627;0;15;0;0.0;2.0;8.0;1.0;A01
73993;201400048627;0;7;0;0.0;2.0;5.0;1.0;B01
73994;201400048627;0;7;0;0.0;2.0;7.0;1.0;C01
73995;201400048627;0;7;0;0.0;2.0;7.0;1.0;D01
73996;201400048627;0;33;0;0.0;2.0;8.0;3.0;E01
73997;201400048628;0;7;0;0.0;2.0;4.0;2.0;B01
73998;201400048628;0;7;0;0.0;2.0;4.0;2.0;D01
73999;201400048628;0;7;0;0.0;2.0;4.0;2.0;E01
74000;201400048628;0;7;0;0.0;2.0;4.0;2.0;C01
74001;201400048628;0;15;0;0.0;2.0;1.0;1.0;A01
74002;201400048629;1;7;0;0.0;2.0;8.0;0.0;Z01
74003;201400048629;0;7;0;0.0;2.0;1.0;1.0;B01
74004;201400048630;0;7;0;0.0;1.0;2.0;9.0;A01
74005;201400048632;0;7;0;0.0;2.0;9.0;1.0;A01
74006;201400048633;0;7;0;0.0;0.0;9.0;21.0;A01
74007;201400048635;0;7;0;4.0;0.0;3.0;1.0;A01
74008;201400048636;0;7;0;0.0;2.0;1.0;2.0;D01
74009;201400048636;0;7;0;0.0;2.0;4.0;2.0;B01
74010;201400048636;0;7;0;0.0;2.0;4.0;1.0;A01
74011;201400048636;0;7;0;0.0;2.0;1.0;2.0;C01
74012;201400048637;0;15;0;0.0;2.0;1.0;2.0;B01
74013;201400048637;0;7;0;0.0;2.0;4.0;1.0;A01
74014;201400048638;0;15;0;0.0;2.0;4.0;2.0;D01
74015;201400048638;1;7;0;0.0;2.0;0.0;0.0;Z01
74016;201400048638;1;7;0;0.0;2.0;3.0;1.0;C01
74017;201400048638;0;7;0;0.0;2.0;2.0;12.0;A01
74018;201400048638;0;33;0;0.0;2.0;3.0;3.0;B01
74019;201400048639;0;33;0;0.0;0.0;8.0;1.0;A01
74020;201400048640;0;33;0;0.0;0.0;1.0;1.0;A01
74021;201400048642;0;33;0;0.0;2.0;1.0;2.0;C01
74022;201400048642;0;7;0;0.0;2.0;4.0;1.0;A01
74023;201400048642;0;7;0;0.0;2.0;1.0;2.0;B01
74024;201400048643;0;7;0;0.0;2.0;4.0;2.0;B01
74025;201400048643;0;31;0;0.0;2.0;1.0;1.0;A01
74026;201400048644;0;33;0;4.0;0.0;7.0;1.0;A01
74027;201400048645;0;7;0;4.0;0.0;1.0;1.0;A01
74028;201400048646;0;15;0;0.0;0.0;8.0;1.0;A01
74029;201400048647;0;10;0;0.0;2.0;3.0;1.0;B01
74030;201400048647;0;33;0;0.0;2.0;2.0;3.0;A01
74031;201400048648;1;14;0;0.0;2.0;4.0;2.0;Z01
74032;201400048648;0;33;0;0.0;2.0;1.0;1.0;A01
74033;201400048649;0;7;0;0.0;2.0;0.0;1.0;B01
74034;201400048649;0;7;0;0.0;2.0;0.0;0.0;A01
74035;201400048650;0;10;0;0.0;2.0;4.0;1.0;A01
74036;201400048650;0;7;0;0.0;2.0;1.0;2.0;C01
74037;201400048650;0;7;0;0.0;2.0;4.0;2.0;B01
74038;201400048651;0;33;0;0.0;0.0;2.0;1.0;A01
74039;201400048652;0;7;0;0.0;2.0;1.0;1.0;A01
74040;201400048652;0;7;0;0.0;2.0;4.0;2.0;B01
74041;201400048653;0;7;0;0.0;2.0;6.0;1.0;B01
74042;201400048653;0;14;0;0.0;2.0;2.0;11.0;A01
74043;201400048654;0;7;0;0.0;2.0;1.0;2.0;A01
74044;201400048654;0;7;0;0.0;2.0;4.0;1.0;C01
74045;201400048654;0;7;0;0.0;2.0;1.0;2.0;B01
74046;201400048656;0;7;0;0.0;2.0;2.0;1.0;A01
74047;201400048656;0;7;0;0.0;2.0;4.0;2.0;B01
74048;201400048656;0;7;0;0.0;2.0;3.0;2.0;C01
74049;201400048657;0;7;0;14.0;0.0;1.0;1.0;A01
74050;201400048658;0;10;0;0.0;2.0;3.0;1.0;A01
74051;201400048658;0;7;0;0.0;2.0;1.0;2.0;B01
74052;201400048659;0;33;0;0.0;2.0;3.0;3.0;A01
74053;201400048659;0;7;0;0.0;2.0;5.0;1.0;B01
74054;201400048660;0;10;0;0.0;2.0;1.0;2.0;B01
74055;201400048660;0;14;0;0.0;2.0;4.0;1.0;A01
74056;201400048661;0;7;0;0.0;0.0;9.0;0.0;A01
74057;201400048662;0;14;0;0.0;0.0;0.0;0.0;A01
74058;201400048663;0;7;0;2.0;0.0;1.0;1.0;A01
74059;201400048664;0;7;0;3.0;0.0;1.0;9.0;A01
74060;201400048665;0;30;0;4.0;0.0;0.0;1.0;A01
74061;201400048666;0;7;0;0.0;0.0;9.0;0.0;A01
74062;201400048667;0;7;0;0.0;2.0;4.0;2.0;B01
74063;201400048667;0;7;0;0.0;2.0;1.0;2.0;A01
74064;201400048667;0;7;0;0.0;2.0;4.0;2.0;D01
74065;201400048667;0;7;0;0.0;2.0;4.0;2.0;C01
74066;201400048668;0;7;0;0.0;2.0;1.0;1.0;A01
74067;201400048668;0;7;0;0.0;2.0;4.0;2.0;B01
74068;201400048669;0;7;0;4.0;0.0;1.0;1.0;A01
74069;201400048670;0;7;0;0.0;0.0;0.0;0.0;A01
74070;201400048671;0;14;0;0.0;0.0;1.0;0.0;A01
74071;201400048672;0;7;0;4.0;0.0;0.0;1.0;A01
74072;201400048673;0;7;0;0.0;0.0;1.0;0.0;A01
74073;201400048675;0;7;0;0.0;0.0;0.0;0.0;A01
74074;201400048676;0;7;0;0.0;2.0;1.0;2.0;B01
74075;201400048676;0;7;0;0.0;2.0;1.0;2.0;C01
74076;201400048676;0;7;0;0.0;2.0;8.0;17.0;A01
74077;201400048677;0;10;0;0.0;2.0;7.0;1.0;A01
74078;201400048677;0;7;0;0.0;2.0;9.0;1.0;B01
74079;201400048677;0;7;0;0.0;2.0;9.0;2.0;C01
74080;201400048677;0;7;0;0.0;2.0;1.0;2.0;D01
74081;201400048678;1;7;0;0.0;2.0;0.0;12.0;Z01
74082;201400048678;0;7;0;4.0;2.0;1.0;21.0;A01
74083;201400048679;0;7;0;0.0;2.0;1.0;2.0;A01
74084;201400048679;0;7;0;0.0;2.0;9.0;1.0;B01
74085;201400048679;0;34;0;0.0;2.0;1.0;1.0;C01
74086;201400048680;0;33;0;6.0;0.0;1.0;1.0;A01
74087;201400048680;0;33;0;0.0;0.0;0.0;1.0;B01
74088;201400048681;0;7;0;0.0;2.0;4.0;4.0;A01
74089;201400048681;0;7;0;0.0;2.0;6.0;4.0;B01
74090;201400048681;0;7;0;0.0;2.0;2.0;1.0;C01
74091;201400048683;0;7;0;0.0;2.0;4.0;2.0;C01
74092;201400048683;0;7;0;0.0;2.0;1.0;1.0;A01
74093;201400048683;0;7;0;0.0;2.0;4.0;2.0;B01
74094;201400048685;0;10;0;0.0;2.0;1.0;2.0;A01
74095;201400048685;0;10;0;0.0;2.0;9.0;2.0;B01
74096;201400048685;0;10;0;0.0;2.0;4.0;1.0;C01
74097;201400048686;0;7;0;0.0;0.0;1.0;0.0;A01
74098;201400048687;0;7;0;0.0;2.0;1.0;1.0;A01
74099;201400048687;0;7;0;0.0;2.0;4.0;2.0;B01
74100;201400048689;0;33;0;0.0;2.0;8.0;12.0;A01
74101;201400048689;0;33;0;0.0;2.0;8.0;1.0;B01
74102;201400048690;0;14;0;0.0;2.0;7.0;12.0;A01
74103;201400048690;0;10;0;0.0;2.0;8.0;1.0;B01
74104;201400048691;0;10;0;0.0;2.0;2.0;1.0;A01
74105;201400048691;0;10;0;0.0;2.0;4.0;2.0;B01
74106;201400048693;0;10;0;0.0;2.0;4.0;2.0;B01
74107;201400048693;0;7;0;0.0;2.0;1.0;1.0;A01
74108;201400048694;0;7;0;0.0;2.0;4.0;1.0;A01
74109;201400048694;0;7;0;0.0;2.0;1.0;2.0;B01
74110;201400048695;0;14;0;0.0;2.0;7.0;12.0;A01
74111;201400048695;0;7;0;0.0;2.0;8.0;1.0;B01
74112;201400048696;0;7;0;0.0;2.0;4.0;1.0;C01
74113;201400048696;0;33;0;0.0;2.0;8.0;3.0;A01
74114;201400048696;0;7;0;0.0;2.0;7.0;12.0;B01
74115;201400048697;0;33;0;0.0;0.0;0.0;0.0;A01
74116;201400048698;0;7;0;0.0;2.0;7.0;12.0;B01
74117;201400048698;0;33;0;0.0;2.0;8.0;3.0;A01
74118;201400048699;0;7;0;0.0;2.0;1.0;2.0;C01
74119;201400048699;0;14;0;0.0;2.0;3.0;11.0;A01
74120;201400048699;0;7;0;0.0;2.0;8.0;1.0;B01
74121;201400048700;0;7;0;0.0;2.0;7.0;12.0;A01
74122;201400048700;0;33;0;0.0;2.0;8.0;1.0;B01
74123;201400048701;0;33;0;13.0;0.0;7.0;1.0;A01
74124;201400048702;0;7;0;0.0;2.0;4.0;2.0;C01
74125;201400048702;0;7;0;0.0;2.0;1.0;1.0;A01
74126;201400048702;0;7;0;0.0;2.0;4.0;2.0;B01
74127;201400048703;0;7;0;0.0;2.0;4.0;2.0;B01
74128;201400048703;0;7;0;0.0;2.0;1.0;1.0;A01
74129;201400048704;0;7;0;0.0;0.0;1.0;1.0;A01
74130;201400048705;0;7;0;0.0;2.0;1.0;2.0;A01
74131;201400048705;0;7;0;0.0;2.0;9.0;2.0;B01
74132;201400048705;0;7;0;0.0;2.0;9.0;2.0;C01
74133;201400048705;0;7;0;0.0;2.0;4.0;1.0;D01
74134;201400048706;0;2;0;0.0;2.0;1.0;2.0;A01
74135;201400048706;0;17;0;0.0;2.0;5.0;1.0;B01
74136;201400048707;0;33;0;0.0;2.0;1.0;2.0;A01
74137;201400048707;0;7;0;0.0;2.0;5.0;1.0;B01
74138;201400048708;0;7;0;0.0;2.0;4.0;2.0;B01
74139;201400048708;0;33;0;0.0;2.0;1.0;1.0;A01
74140;201400048709;0;7;0;0.0;2.0;4.0;1.0;A01
74141;201400048709;0;7;0;0.0;2.0;4.0;2.0;B01
74142;201400048709;0;7;0;0.0;2.0;4.0;2.0;C01
74143;201400048709;0;7;0;0.0;2.0;4.0;2.0;D01
74144;201400048709;0;7;0;0.0;2.0;4.0;2.0;E01
74145;201400048709;0;7;0;0.0;2.0;4.0;2.0;F01
74146;201400048709;0;7;0;0.0;2.0;1.0;2.0;G01
74147;201400048711;0;34;0;0.0;2.0;4.0;2.0;B01
74148;201400048711;0;10;0;0.0;2.0;1.0;1.0;A01
74149;201400048712;0;7;0;0.0;2.0;6.0;1.0;A01
74150;201400048712;0;7;0;0.0;2.0;2.0;9.0;B01
74151;201400048713;0;7;0;4.0;0.0;2.0;1.0;A01
74152;201400048714;0;7;0;0.0;2.0;5.0;1.0;C01
74153;201400048714;0;7;0;0.0;2.0;4.0;1.0;A01
74154;201400048714;0;7;0;0.0;2.0;7.0;14.0;D01
74155;201400048714;0;7;0;0.0;2.0;8.0;1.0;B01
74156;201400048715;0;33;0;0.0;2.0;7.0;1.0;B01
74157;201400048715;0;10;0;0.0;2.0;7.0;12.0;A01
74158;201400048716;0;7;0;0.0;2.0;9.0;1.0;A01
74159;201400048717;0;33;0;0.0;0.0;7.0;1.0;A01
74160;201400048718;0;33;0;0.0;0.0;7.0;1.0;A01
74161;201400048719;0;10;0;0.0;2.0;1.0;2.0;A01
74162;201400048719;0;10;0;0.0;2.0;4.0;2.0;C01
74163;201400048719;0;7;0;0.0;2.0;4.0;2.0;B01
74164;201400048720;0;7;0;3.0;0.0;3.0;13.0;A01
74165;201400048721;0;7;0;0.0;2.0;4.0;2.0;C01
74166;201400048721;0;7;0;0.0;2.0;4.0;2.0;B01
74167;201400048721;0;16;0;0.0;2.0;1.0;1.0;A01
74168;201400048722;0;33;0;0.0;2.0;1.0;2.0;A01
74169;201400048722;0;7;0;0.0;2.0;6.0;1.0;B01
74170;201400048723;0;33;0;0.0;0.0;7.0;1.0;A01
74171;201400048724;0;7;0;0.0;2.0;1.0;1.0;A01
74172;201400048724;0;7;0;0.0;2.0;4.0;2.0;B01
74173;201400048725;0;14;0;0.0;2.0;2.0;1.0;A01
74174;201400048725;0;7;0;0.0;2.0;4.0;2.0;B01
74175;201400048726;0;7;0;0.0;2.0;4.0;2.0;B01
74176;201400048726;0;33;0;0.0;2.0;1.0;2.0;A01
74177;201400048728;0;33;0;0.0;2.0;1.0;3.0;B01
74178;201400048728;0;7;0;0.0;2.0;4.0;12.0;A01
74179;201400048729;0;33;0;0.0;0.0;8.0;1.0;A01
74180;201400048730;0;32;0;0.0;2.0;1.0;3.0;A01
74181;201400048730;0;7;0;0.0;2.0;7.0;1.0;B01
74182;201400048730;0;7;0;0.0;2.0;4.0;1.0;C01
74183;201400048731;0;7;0;0.0;2.0;1.0;14.0;A01
74184;201400048731;0;7;0;0.0;2.0;8.0;1.0;B01
74185;201400048732;0;7;0;0.0;2.0;1.0;2.0;C01
74186;201400048732;0;7;0;0.0;2.0;4.0;1.0;A01
74187;201400048732;0;7;0;0.0;2.0;4.0;2.0;B01
74188;201400048733;0;7;0;0.0;2.0;4.0;2.0;B01
74189;201400048733;0;7;0;0.0;2.0;1.0;2.0;A01
74190;201400048734;0;7;0;0.0;2.0;4.0;2.0;B01
74191;201400048734;0;7;0;0.0;2.0;4.0;2.0;C01
74192;201400048734;0;7;0;0.0;2.0;1.0;1.0;A01
74193;201400048736;0;7;0;0.0;2.0;0.0;12.0;B01
74194;201400048736;0;33;0;0.0;2.0;8.0;1.0;A01
74195;201400048736;0;7;0;0.0;2.0;5.0;1.0;C01
74196;201400048737;0;7;0;3.0;0.0;1.0;1.0;A01
74197;201400048738;0;7;0;4.0;0.0;1.0;1.0;A01
74198;201400048739;0;7;0;4.0;0.0;1.0;1.0;A01
74199;201400048740;0;7;0;0.0;2.0;2.0;1.0;B01
74200;201400048740;0;10;0;0.0;2.0;3.0;11.0;A01
74201;201400048741;0;7;0;1.0;0.0;1.0;1.0;B01
74202;201400048741;0;7;0;4.0;0.0;1.0;1.0;A01
74203;201400048742;0;7;0;0.0;2.0;4.0;2.0;C01
74204;201400048742;0;7;0;0.0;2.0;4.0;2.0;B01
74205;201400048742;0;7;0;0.0;2.0;1.0;1.0;A01
74206;201400048743;0;7;0;0.0;2.0;8.0;1.0;A01
74207;201400048743;1;99;0;0.0;2.0;2.0;0.0;Z01
74208;201400048743;0;7;0;0.0;2.0;4.0;2.0;B01
74209;201400048744;0;17;0;3.0;0.0;9.0;1.0;A01
74210;201400048745;0;7;0;4.0;0.0;2.0;1.0;A01
74211;201400048746;0;31;0;0.0;2.0;8.0;1.0;B01
74212;201400048746;0;7;0;0.0;2.0;7.0;3.0;A01
74213;201400048747;0;7;0;0.0;2.0;3.0;1.0;B01
74214;201400048747;0;7;0;0.0;9.0;1.0;1.0;C01
74215;201400048747;0;33;0;0.0;2.0;1.0;1.0;A01
74216;201400048748;0;31;0;0.0;2.0;1.0;1.0;A01
74217;201400048748;0;7;0;0.0;2.0;4.0;2.0;B01
74218;201400048748;0;17;0;0.0;2.0;0.0;2.0;C01
74219;201400048749;0;7;0;0.0;2.0;6.0;1.0;B01
74220;201400048749;0;15;0;0.0;2.0;2.0;9.0;A01
74221;201400048750;0;7;0;0.0;2.0;4.0;1.0;B01
74222;201400048750;0;7;0;0.0;2.0;1.0;1.0;A01
74223;201400048751;0;33;0;0.0;2.0;3.0;3.0;A01
74224;201400048751;0;7;0;0.0;2.0;2.0;12.0;B01
74225;201400048752;0;33;0;0.0;2.0;3.0;3.0;A01
74226;201400048752;0;7;0;0.0;2.0;6.0;12.0;B01
74227;201400048753;0;7;0;3.0;0.0;1.0;1.0;A01
74228;201400048754;0;7;0;0.0;2.0;1.0;2.0;A01
74229;201400048754;0;7;0;0.0;2.0;6.0;1.0;B01
74230;201400048755;0;7;0;4.0;2.0;5.0;1.0;A01
74231;201400048755;1;7;0;0.0;2.0;1.0;1.0;Z01
74232;201400048756;2;7;0;0.0;0.0;4.0;2.0;Z01
74233;201400048756;0;7;0;3.0;2.0;3.0;1.0;A01
74234;201400048757;0;33;0;0.0;0.0;7.0;3.0;A01
74235;201400048758;0;7;0;0.0;2.0;5.0;12.0;A01
74236;201400048758;0;33;0;0.0;2.0;1.0;3.0;B01
74237;201400048759;0;7;0;0.0;9.0;1.0;21.0;A01
74238;201400048760;0;7;0;0.0;2.0;7.0;6.0;A01
74239;201400048760;0;33;0;0.0;2.0;1.0;1.0;B01
74240;201400048761;0;7;0;0.0;2.0;2.0;12.0;A01
74241;201400048761;0;7;0;0.0;2.0;8.0;1.0;B01
74242;201400048762;0;7;0;0.0;2.0;4.0;1.0;B01
74243;201400048762;0;33;0;0.0;2.0;1.0;3.0;C01
74244;201400048762;0;7;0;0.0;2.0;6.0;1.0;A01
74245;201400048763;0;7;0;0.0;2.0;5.0;1.0;B01
74246;201400048763;0;33;0;0.0;2.0;1.0;3.0;A01
74247;201400048764;0;7;0;0.0;2.0;1.0;2.0;B01
74248;201400048764;0;7;0;0.0;2.0;4.0;1.0;A01
74249;201400048765;0;33;0;0.0;2.0;2.0;3.0;A01
74250;201400048765;0;7;0;0.0;2.0;7.0;12.0;B01
74251;201400048766;0;7;0;0.0;2.0;5.0;1.0;A01
74252;201400048766;0;7;0;0.0;2.0;3.0;2.0;B01
74253;201400048767;0;7;0;0.0;2.0;1.0;2.0;B01
74254;201400048767;0;7;0;0.0;2.0;4.0;1.0;A01
74255;201400048768;0;7;0;0.0;2.0;1.0;2.0;A01
74256;201400048768;0;7;0;0.0;2.0;9.0;2.0;B01
74257;201400048768;0;7;0;0.0;2.0;4.0;1.0;C01
74258;201400048769;0;10;0;0.0;2.0;6.0;1.0;A01
74259;201400048769;0;15;0;0.0;2.0;2.0;2.0;B01
74260;201400048771;0;7;0;0.0;2.0;8.0;1.0;B01
74261;201400048771;0;14;0;0.0;2.0;2.0;12.0;A01
74262;201400048773;0;14;0;0.0;2.0;1.0;1.0;A01
74263;201400048773;0;7;0;0.0;2.0;4.0;11.0;B01
74264;201400048774;0;32;0;0.0;2.0;5.0;1.0;B01
74265;201400048774;0;7;0;0.0;2.0;3.0;11.0;A01
74266;201400048775;0;10;0;0.0;2.0;5.0;23.0;C01
74267;201400048775;0;33;0;0.0;2.0;2.0;3.0;A01
74268;201400048775;0;7;0;0.0;2.0;3.0;23.0;B01
74269;201400048776;0;7;0;0.0;2.0;2.0;1.0;C01
74270;201400048776;0;34;0;0.0;2.0;1.0;2.0;A01
74271;201400048776;0;33;0;0.0;2.0;4.0;2.0;B01
74272;201400048777;0;7;0;0.0;2.0;8.0;1.0;B01
74273;201400048777;0;7;0;0.0;2.0;2.0;12.0;A01
74274;201400048778;0;10;0;0.0;2.0;4.0;2.0;B01
74275;201400048778;0;7;0;0.0;2.0;4.0;2.0;C01
74276;201400048778;0;7;0;0.0;2.0;1.0;1.0;A01
74277;201400048779;0;34;0;0.0;2.0;7.0;3.0;B01
74278;201400048779;0;7;0;0.0;2.0;8.0;11.0;A01
74279;201400048780;0;7;0;0.0;2.0;7.0;12.0;B01
74280;201400048780;0;33;0;0.0;2.0;3.0;1.0;A01
74281;201400048781;0;7;0;0.0;0.0;4.0;1.0;C01
74282;201400048781;0;7;0;0.0;2.0;9.0;2.0;B01
74283;201400048781;0;7;0;0.0;2.0;1.0;2.0;A01
74284;201400048782;0;7;0;0.0;2.0;6.0;9.0;A01
74285;201400048782;0;7;0;0.0;2.0;9.0;2.0;C01
74286;201400048782;0;7;0;0.0;2.0;2.0;2.0;B01
74287;201400048783;0;7;0;3.0;0.0;1.0;1.0;A01
74288;201400048784;0;7;0;0.0;2.0;1.0;2.0;B01
74289;201400048784;0;7;0;0.0;2.0;4.0;1.0;A01
74290;201400048785;0;7;0;0.0;2.0;6.0;11.0;A01
74291;201400048785;0;33;0;0.0;2.0;2.0;3.0;B01
74292;201400048786;0;7;0;0.0;0.0;1.0;1.0;A01
74293;201400048787;0;7;0;0.0;2.0;1.0;1.0;A01
74294;201400048787;0;7;0;0.0;2.0;7.0;1.0;B01
74295;201400048788;0;7;0;0.0;0.0;0.0;1.0;A01
74296;201400048789;0;7;0;3.0;0.0;1.0;1.0;A01
74297;201400048790;0;7;0;3.0;0.0;1.0;1.0;A01
74298;201400048791;0;33;0;0.0;0.0;7.0;1.0;A01
74299;201400048792;0;7;0;0.0;2.0;1.0;2.0;A01
74300;201400048792;0;7;0;0.0;2.0;5.0;1.0;B01
74301;201400048793;0;7;0;0.0;2.0;4.0;2.0;B01
74302;201400048793;0;7;0;0.0;2.0;1.0;1.0;A01
74303;201400048794;0;7;0;0.0;2.0;2.0;2.0;A01
74304;201400048794;0;7;0;0.0;2.0;4.0;1.0;B01
74305;201400048795;0;7;0;0.0;2.0;4.0;2.0;D01
74306;201400048795;0;7;0;0.0;2.0;1.0;1.0;A01
74307;201400048795;0;7;0;0.0;2.0;4.0;2.0;C01
74308;201400048795;0;7;0;0.0;2.0;4.0;2.0;B01
74309;201400048796;0;7;0;0.0;0.0;9.0;1.0;A01
74310;201400048797;0;7;0;0.0;2.0;4.0;2.0;C01
74311;201400048797;0;7;0;0.0;2.0;1.0;1.0;A01
74312;201400048797;0;7;0;0.0;2.0;4.0;2.0;B01
74313;201400048797;0;7;0;0.0;2.0;4.0;2.0;D01
74314;201400048798;0;33;0;0.0;2.0;2.0;1.0;B01
74315;201400048798;0;7;0;0.0;2.0;5.0;13.0;A01
74316;201400048799;0;10;0;0.0;2.0;1.0;2.0;A01
74317;201400048799;0;7;0;0.0;2.0;4.0;1.0;B01
74318;201400048800;0;7;0;3.0;2.0;7.0;14.0;A01
74319;201400048801;0;7;0;0.0;2.0;3.0;1.0;B01
74320;201400048801;0;14;0;0.0;2.0;2.0;12.0;A01
74321;201400048802;0;7;0;0.0;2.0;4.0;2.0;A01
74322;201400048802;0;7;0;0.0;2.0;4.0;2.0;B01
74323;201400048802;0;14;0;0.0;2.0;1.0;1.0;C01