;Num_Acc;senc;catv;occutc;obs;obsm;choc;manv;num_veh
75168;201400049292;0;7;0;0.0;2.0;1.0;1.0;B01
75169;201400049293;0;7;0;13.0;0.0;1.0;1.0;A01
75170;201400049294;0;7;0;0.0;2.0;4.0;1.0;B01
75171;201400049294;0;7;0;0.0;2.0;1.0;1.0;A01
75172;201400049295;0;7;0;0.0;2.0;1.0;1.0;A01
75173;201400049295;0;7;0;0.0;2.0;4.0;1.0;C01
75174;201400049295;0;7;0;1.0;2.0;4.0;1.0;B01
75175;201400049296;0;7;0;0.0;2.0;0.0;0.0;B01
75176;201400049296;0;34;0;0.0;2.0;0.0;1.0;A01
75177;201400049297;0;7;0;0.0;2.0;4.0;1.0;A01
75178;201400049297;0;7;0;0.0;2.0;2.0;1.0;B01
75179;201400049298;0;7;0;0.0;1.0;1.0;1.0;A01
75180;201400049299;0;30;0;1.0;2.0;1.0;0.0;A01
75181;201400049299;0;7;0;0.0;2.0;4.0;1.0;B01
75182;201400049301;0;7;0;0.0;2.0;1.0;1.0;C01
75183;201400049301;0;7;0;0.0;2.0;4.0;1.0;B01
75184;201400049301;0;7;0;0.0;2.0;1.0;1.0;A01
75185;201400049302;0;7;0;0.0;2.0;4.0;1.0;B01
75186;201400049302;0;7;0;0.0;2.0;1.0;1.0;C01
75187;201400049302;0;7;0;0.0;2.0;1.0;1.0;A01
75188;201400049303;0;7;0;0.0;2.0;1.0;1.0;A01
75189;201400049303;0;7;0;0.0;2.0;1.0;1.0;B01
75190;201400049305;0;7;0;0.0;1.0;1.0;1.0;A01
75191;201400049306;0;7;0;0.0;2.0;1.0;1.0;A01
75192;201400049306;0;7;0;0.0;2.0;1.0;1.0;B01
75193;201400049306;0;7;0;0.0;2.0;4.0;1.0;C01
75194;201400049307;0;7;0;0.0;2.0;3.0;1.0;A01
75195;201400049307;0;2;0;0.0;2.0;1.0;1.0;B01
75196;201400049308;0;7;0;0.0;2.0;1.0;1.0;A01
75197;201400049308;0;7;0;0.0;4.0;4.0;0.0;B01
75198;201400049309;0;7;0;9.0;0.0;1.0;1.0;A01
75199;201400049310;0;7;0;0.0;2.0;4.0;1.0;B01
75200;201400049310;0;7;0;0.0;2.0;4.0;1.0;A01
75201;201400049310;0;7;0;1.0;2.0;1.0;2.0;C01
75202;201400049311;0;7;0;0.0;2.0;3.0;1.0;B01
75203;201400049311;0;31;0;0.0;2.0;1.0;1.0;A01
75204;201400049312;0;7;0;0.0;2.0;3.0;1.0;C01
75205;201400049312;0;7;0;0.0;2.0;3.0;2.0;B01
75206;201400049312;0;33;0;0.0;2.0;1.0;13.0;A01
75207;201400049313;0;7;0;0.0;2.0;3.0;11.0;A01
75208;201400049313;0;33;0;0.0;2.0;1.0;17.0;B01
75209;201400049314;0;7;0;0.0;2.0;6.0;11.0;A01
75210;201400049314;0;2;0;0.0;2.0;1.0;1.0;B01
75211;201400049315;0;30;0;0.0;2.0;1.0;0.0;A01
75212;201400049315;0;7;0;0.0;2.0;1.0;1.0;B01
75213;201400049316;0;7;0;0.0;1.0;1.0;1.0;A01
75214;201400049317;0;7;0;0.0;1.0;5.0;20.0;A01
75215;201400049318;0;7;0;0.0;1.0;1.0;1.0;A01
75216;201400049320;0;1;0;0.0;2.0;4.0;14.0;B01
75217;201400049320;0;7;0;0.0;9.0;1.0;2.0;A01
75218;201400049321;0;1;0;1.0;2.0;1.0;1.0;B01
75219;201400049321;0;7;0;0.0;9.0;0.0;22.0;A01
75220;201400049322;0;1;0;0.0;1.0;0.0;2.0;A01
75221;201400049323;0;7;0;0.0;2.0;4.0;1.0;B01
75222;201400049323;0;32;0;0.0;2.0;1.0;2.0;A01
75223;201400049324;0;7;0;0.0;2.0;7.0;1.0;B01
75224;201400049324;0;7;0;0.0;2.0;1.0;1.0;A01
75225;201400049325;0;7;0;0.0;2.0;2.0;12.0;A01
75226;201400049325;0;7;0;0.0;2.0;3.0;1.0;B01
75227;201400049326;1;99;0;0.0;1.0;2.0;0.0;Z01
75228;201400049327;0;40;50;0.0;2.0;2.0;1.0;A01
75229;201400049327;0;1;0;0.0;4.0;3.0;19.0;B01
75230;201400049328;0;7;0;0.0;1.0;2.0;1.0;A01
75231;201400049329;0;7;0;0.0;1.0;3.0;1.0;A01
75232;201400049330;0;7;0;0.0;2.0;1.0;1.0;B01
75233;201400049330;0;7;0;0.0;2.0;1.0;15.0;A01
75234;201400049330;0;7;0;0.0;2.0;3.0;1.0;C01
75235;201400049331;0;7;0;0.0;1.0;1.0;2.0;A01
75236;201400049332;0;31;0;0.0;0.0;0.0;1.0;A01
75237;201400049333;0;30;0;0.0;2.0;1.0;1.0;B01
75238;201400049333;0;7;0;0.0;2.0;6.0;1.0;A01
75239;201400049334;0;2;0;0.0;2.0;1.0;2.0;A01
75240;201400049334;0;7;0;0.0;0.0;8.0;15.0;B01
75241;201400049335;0;10;0;0.0;2.0;4.0;1.0;B01
75242;201400049335;0;10;0;0.0;2.0;1.0;1.0;A01
75243;201400049336;0;7;0;0.0;2.0;8.0;24.0;A01
75244;201400049336;0;1;0;1.0;0.0;1.0;1.0;B01
75245;201400049337;0;37;1;0.0;1.0;8.0;1.0;A01
75246;201400049338;0;7;0;0.0;1.0;1.0;1.0;A01
75247;201400049339;0;33;0;1.0;0.0;1.0;1.0;A01
75248;201400049340;0;31;0;0.0;2.0;4.0;23.0;C01
75249;201400049340;0;7;0;0.0;2.0;4.0;23.0;B01
75250;201400049340;0;7;0;0.0;2.0;1.0;2.0;A01
75251;201400049341;0;1;0;0.0;2.0;0.0;0.0;B01
75252;201400049341;0;7;0;0.0;2.0;0.0;15.0;A01
75253;201400049342;0;7;0;0.0;1.0;0.0;16.0;A01
75254;201400049343;0;30;0;0.0;2.0;7.0;18.0;A01
75255;201400049343;0;7;0;0.0;2.0;7.0;2.0;B01
75256;201400049345;0;7;0;0.0;1.0;1.0;1.0;A01
75257;201400049346;0;7;0;0.0;1.0;1.0;1.0;A01
75258;201400049347;1;7;0;0.0;1.0;1.0;1.0;A01
75259;201400049348;0;7;0;0.0;2.0;7.0;16.0;B01
75260;201400049348;0;33;0;0.0;2.0;3.0;7.0;A01
75261;201400049350;0;1;0;0.0;1.0;1.0;0.0;A01
75262;201400049351;0;30;0;0.0;0.0;0.0;0.0;B01
75263;201400049351;0;7;0;0.0;0.0;0.0;0.0;A01
75264;201400049352;0;7;0;0.0;1.0;1.0;2.0;A01
75265;201400049353;0;7;0;0.0;2.0;1.0;1.0;A01
75266;201400049353;0;7;0;0.0;2.0;4.0;23.0;B01
75267;201400049354;0;7;0;0.0;0.0;4.0;2.0;C01
75268;201400049354;0;7;0;0.0;2.0;1.0;2.0;A01
75269;201400049354;0;7;0;0.0;2.0;1.0;2.0;B01
75270;201400049355;0;7;0;11.0;0.0;3.0;15.0;A01
75271;201400049356;0;10;0;0.0;1.0;3.0;2.0;A01
75272;201400049356;0;1;0;0.0;2.0;1.0;19.0;B01
75273;201400049357;0;33;0;0.0;0.0;4.0;2.0;B01
75274;201400049357;0;10;0;0.0;2.0;1.0;2.0;A01
75275;201400049358;0;30;0;0.0;2.0;2.0;1.0;A01
75276;201400049358;0;7;0;0.0;2.0;3.0;1.0;B01
75277;201400049359;0;1;0;0.0;1.0;1.0;1.0;A01
75278;201400049360;0;7;0;0.0;1.0;3.0;0.0;A01
75279;201400049361;0;32;0;0.0;2.0;5.0;2.0;B01
75280;201400049361;0;7;0;0.0;2.0;8.0;9.0;A01
75281;201400049362;0;7;0;0.0;1.0;1.0;15.0;A01
75282;201400049363;0;7;0;0.0;2.0;4.0;23.0;B01
75283;201400049363;0;2;0;0.0;2.0;1.0;2.0;A01
75284;201400049364;0;33;0;0.0;2.0;1.0;1.0;B01
75285;201400049364;0;7;0;0.0;2.0;2.0;1.0;A01
75286;201400049365;0;7;0;0.0;2.0;1.0;2.0;A01
75287;201400049365;0;7;0;0.0;2.0;4.0;23.0;B01
75288;201400049366;0;7;0;0.0;2.0;1.0;1.0;A01
75289;201400049366;0;7;0;0.0;2.0;4.0;23.0;B01
75290;201400049366;0;7;0;0.0;2.0;6.0;1.0;C01
75291;201400049367;1;7;0;0.0;1.0;5.0;1.0;Z01
75292;201400049368;0;10;0;0.0;4.0;3.0;15.0;A01
75293;201400049368;0;40;40;0.0;2.0;2.0;1.0;B01
75294;201400049369;0;7;0;0.0;2.0;4.0;2.0;B01
75295;201400049369;0;7;0;0.0;2.0;1.0;1.0;A01
75296;201400049370;0;2;0;8.0;2.0;7.0;19.0;A01
75297;201400049370;0;7;0;0.0;2.0;1.0;1.0;B01
75298;201400049371;0;1;0;0.0;2.0;1.0;1.0;B01
75299;201400049371;0;7;0;0.0;2.0;8.0;24.0;A01
75300;201400049372;0;10;0;0.0;2.0;1.0;1.0;A01
75301;201400049372;0;7;0;0.0;2.0;7.0;1.0;B01
75302;201400049373;0;7;0;0.0;0.0;0.0;15.0;A01
75303;201400049374;0;33;0;0.0;2.0;4.0;1.0;B01
75304;201400049374;0;7;0;0.0;2.0;4.0;1.0;C01
75305;201400049374;0;7;0;0.0;2.0;1.0;1.0;A01
75306;201400049376;0;7;0;0.0;2.0;2.0;1.0;A01
75307;201400049376;0;30;0;0.0;2.0;4.0;1.0;B01
75308;201400049377;0;7;0;0.0;1.0;8.0;21.0;A01
75309;201400049378;0;7;0;0.0;2.0;6.0;15.0;A01
75310;201400049378;0;33;0;0.0;2.0;1.0;1.0;B01
75311;201400049379;0;7;0;0.0;9.0;1.0;1.0;B01
75312;201400049379;0;1;0;0.0;2.0;3.0;19.0;A01
75313;201400049381;0;7;0;0.0;1.0;1.0;2.0;A01
75314;201400049382;1;7;0;0.0;1.0;1.0;1.0;Z01
75315;201400049383;0;10;0;0.0;1.0;1.0;2.0;A01
75316;201400049384;0;33;0;1.0;2.0;9.0;2.0;B01
75317;201400049384;0;7;0;0.0;2.0;2.0;14.0;A01
75318;201400049386;0;31;0;12.0;0.0;1.0;2.0;A01
75319;201400049387;0;7;0;0.0;2.0;7.0;16.0;B01
75320;201400049387;0;32;0;0.0;2.0;1.0;1.0;A01
75321;201400049388;0;32;0;0.0;2.0;1.0;3.0;A01
75322;201400049388;0;7;0;0.0;2.0;5.0;2.0;B01
75323;201400049388;0;7;0;0.0;2.0;6.0;1.0;C01
75324;201400049390;1;99;0;0.0;1.0;0.0;0.0;Z01
75325;201400049391;0;1;0;0.0;2.0;4.0;17.0;B01
75326;201400049391;1;7;0;0.0;2.0;1.0;2.0;Z01
75327;201400049392;0;30;0;0.0;2.0;2.0;1.0;A01
75328;201400049392;0;7;0;0.0;2.0;8.0;1.0;B01
75329;201400049393;0;7;0;0.0;1.0;3.0;1.0;A01
75330;201400049394;0;7;0;0.0;1.0;1.0;1.0;A01
75331;201400049395;0;32;0;0.0;0.0;0.0;1.0;A01
75332;201400049396;0;7;0;0.0;2.0;4.0;2.0;B01
75333;201400049396;0;33;0;0.0;2.0;1.0;2.0;A01
75334;201400049397;0;10;0;0.0;2.0;3.0;15.0;A01
75335;201400049397;0;31;0;0.0;2.0;5.0;1.0;B01
75336;201400049398;0;7;0;0.0;1.0;6.0;20.0;A01
75337;201400049399;0;37;1;0.0;1.0;2.0;1.0;A01
75338;201400049400;0;31;0;0.0;2.0;9.0;2.0;C01
75339;201400049400;0;7;0;0.0;2.0;4.0;2.0;D01
75340;201400049400;0;7;0;0.0;2.0;2.0;2.0;B01
75341;201400049400;0;7;0;0.0;2.0;1.0;2.0;A01
75342;201400049402;0;7;0;0.0;1.0;2.0;21.0;B01
75343;201400049403;1;7;0;0.0;1.0;1.0;0.0;A01
75344;201400049404;0;7;0;3.0;0.0;3.0;1.0;A01
75345;201400049405;0;7;0;0.0;0.0;0.0;1.0;A01
75346;201400049406;0;7;0;0.0;0.0;0.0;0.0;A01
75347;201400049407;0;7;0;0.0;9.0;4.0;21.0;B01
75348;201400049407;0;7;0;0.0;2.0;1.0;21.0;A01
75349;201400049408;0;10;0;0.0;2.0;1.0;2.0;A01
75350;201400049408;0;17;0;0.0;0.0;4.0;2.0;B01
75351;201400049409;0;7;0;0.0;0.0;0.0;0.0;A01
75352;201400049410;0;7;0;0.0;0.0;0.0;1.0;B01
75353;201400049410;0;7;0;0.0;2.0;0.0;14.0;A01
75354;201400049412;0;7;0;0.0;0.0;1.0;0.0;A01
75355;201400049413;0;7;0;0.0;0.0;1.0;0.0;A01
75356;201400049413;0;7;0;0.0;0.0;4.0;0.0;B01
75357;201400049414;0;7;0;0.0;0.0;1.0;0.0;A01
75358;201400049415;1;99;0;0.0;1.0;0.0;0.0;A01
75359;201400049416;0;7;0;0.0;0.0;0.0;0.0;C01
75360;201400049416;0;13;0;0.0;0.0;0.0;0.0;A01
75361;201400049416;0;7;0;0.0;0.0;0.0;0.0;B01
75362;201400049417;0;33;0;3.0;0.0;3.0;0.0;A01
75363;201400049418;0;7;0;4.0;0.0;3.0;13.0;A01
75364;201400049419;0;7;0;0.0;0.0;0.0;5.0;A01
75365;201400049419;0;7;0;0.0;0.0;0.0;0.0;B01
75366;201400049420;0;7;0;0.0;0.0;0.0;0.0;A01
75367;201400049421;0;7;0;0.0;0.0;4.0;0.0;B01
75368;201400049421;0;7;0;0.0;0.0;1.0;0.0;A01
75369;201400049422;0;14;0;0.0;0.0;0.0;5.0;A01
75370;201400049422;0;7;0;0.0;0.0;0.0;0.0;B01
75371;201400049423;0;10;0;0.0;0.0;6.0;1.0;B01
75372;201400049423;0;33;0;0.0;2.0;1.0;17.0;A01
75373;201400049423;0;7;0;0.0;0.0;7.0;17.0;C01
75374;201400049424;0;14;0;0.0;0.0;0.0;0.0;B01
75375;201400049424;0;7;0;14.0;0.0;1.0;0.0;A01
75376;201400049425;0;7;0;0.0;0.0;0.0;0.0;A01
75377;201400049425;0;7;0;0.0;0.0;0.0;0.0;B01
75378;201400049426;0;7;0;0.0;0.0;0.0;0.0;B01
75379;201400049426;0;7;0;0.0;0.0;0.0;0.0;D01
75380;201400049426;0;7;0;0.0;0.0;0.0;0.0;A01
75381;201400049426;0;7;0;0.0;0.0;0.0;0.0;C01
75382;201400049427;0;7;0;0.0;0.0;0.0;0.0;B01
75383;201400049427;0;7;0;0.0;0.0;0.0;0.0;A01
75384;201400049428;0;7;0;1.0;0.0;1.0;0.0;A01
75385;201400049428;0;10;0;0.0;0.0;4.0;0.0;B01
75386;201400049429;0;7;0;0.0;0.0;1.0;0.0;A01
75387;201400049429;0;7;0;0.0;0.0;4.0;0.0;B01
75388;201400049430;0;31;0;0.0;0.0;0.0;0.0;A01
75389;201400049430;0;33;0;0.0;0.0;0.0;0.0;B01
75390;201400049431;0;7;0;0.0;2.0;2.0;1.0;B01
75391;201400049431;0;33;0;0.0;2.0;0.0;3.0;A01
75392;201400049432;0;31;0;0.0;0.0;0.0;0.0;A01
75393;201400049434;0;7;0;0.0;0.0;4.0;0.0;B01
75394;201400049434;0;7;0;0.0;0.0;1.0;0.0;A01
75395;201400049435;0;14;0;0.0;0.0;1.0;0.0;A01
75396;201400049435;0;7;0;0.0;0.0;1.0;0.0;B01
75397;201400049436;0;7;0;0.0;0.0;1.0;0.0;A01
75398;201400049436;0;7;0;0.0;0.0;0.0;0.0;B01
75399;201400049436;0;7;0;0.0;0.0;4.0;0.0;C01
75400;201400049437;0;33;0;0.0;0.0;0.0;0.0;A01
75401;201400049437;0;7;0;0.0;0.0;0.0;0.0;B01
75402;201400049438;0;7;0;0.0;0.0;1.0;0.0;A01
75403;201400049438;0;7;0;0.0;0.0;4.0;0.0;B01
75404;201400049439;0;10;0;0.0;0.0;6.0;23.0;B01
75405;201400049439;0;7;0;1.0;0.0;2.0;21.0;A01
75406;201400049440;0;7;0;0.0;0.0;0.0;0.0;A01
75407;201400049441;0;7;0;0.0;0.0;0.0;0.0;C01
75408;201400049441;0;7;0;0.0;0.0;0.0;0.0;B01
75409;201400049441;0;7;0;0.0;0.0;0.0;0.0;A01
75410;201400049443;0;15;0;0.0;0.0;4.0;0.0;B01
75411;201400049443;0;15;0;0.0;0.0;4.0;0.0;C01
75412;201400049443;0;15;0;0.0;0.0;4.0;0.0;A01
75413;201400049443;0;15;0;0.0;0.0;1.0;0.0;D01
75414;201400049445;0;7;0;4.0;0.0;0.0;0.0;A01
75415;201400049446;0;7;0;0.0;0.0;0.0;0.0;A01
75416;201400049447;0;33;0;0.0;0.0;0.0;0.0;A01
75417;201400049448;0;7;0;0.0;0.0;0.0;0.0;C01
75418;201400049448;0;7;0;0.0;0.0;0.0;0.0;B01
75419;201400049448;0;14;0;0.0;0.0;0.0;0.0;A01
75420;201400049450;0;7;0;0.0;0.0;0.0;0.0;B01
75421;201400049450;0;7;0;0.0;0.0;0.0;0.0;A01
75422;201400049452;0;33;0;0.0;2.0;1.0;0.0;A01
75423;201400049452;0;7;0;0.0;0.0;4.0;0.0;B01
75424;201400049453;0;7;0;0.0;2.0;0.0;21.0;A01
75425;201400049454;0;33;0;0.0;0.0;0.0;0.0;A01
75426;201400049455;0;7;0;0.0;0.0;0.0;0.0;C01
75427;201400049455;0;15;0;0.0;0.0;0.0;0.0;A01
75428;201400049455;0;7;0;0.0;0.0;0.0;0.0;B01
75429;201400049456;0;7;0;0.0;0.0;0.0;12.0;A01
75430;201400049456;0;7;0;0.0;0.0;6.0;1.0;B01
75431;201400049457;0;7;0;0.0;0.0;0.0;0.0;A01
75432;201400049457;0;15;0;0.0;0.0;0.0;0.0;B01
75433;201400049458;0;33;0;0.0;2.0;0.0;21.0;A01
75434;201400049459;0;7;0;0.0;2.0;2.0;2.0;A01
75435;201400049459;0;7;0;0.0;0.0;4.0;2.0;D01
75436;201400049459;0;7;0;0.0;2.0;4.0;2.0;C01
75437;201400049459;0;7;0;0.0;2.0;5.0;2.0;B01
75438;201400049462;0;7;0;0.0;0.0;6.0;11.0;A01
75439;201400049462;0;33;0;0.0;2.0;1.0;1.0;B01
75440;201400049463;0;7;0;0.0;2.0;0.0;0.0;B01
75441;201400049463;0;7;0;0.0;2.0;0.0;0.0;A01
75442;201400049465;0;7;0;0.0;0.0;0.0;0.0;B01
75443;201400049465;0;7;0;0.0;0.0;0.0;0.0;C01
75444;201400049465;0;7;0;0.0;0.0;0.0;21.0;D01
75445;201400049465;0;7;0;0.0;0.0;0.0;0.0;A01
75446;201400049465;0;10;0;0.0;0.0;0.0;21.0;E01
75447;201400049465;0;7;0;0.0;0.0;0.0;21.0;F02
75448;201400049466;0;15;0;0.0;0.0;0.0;14.0;A01
75449;201400049467;0;7;0;0.0;0.0;0.0;0.0;B01
75450;201400049467;0;15;0;0.0;0.0;0.0;0.0;A01
75451;201400049468;0;7;0;0.0;0.0;4.0;2.0;C01
75452;201400049468;0;7;0;0.0;2.0;1.0;2.0;A01
75453;201400049468;0;7;0;0.0;2.0;4.0;2.0;B01
75454;201400049469;0;7;0;0.0;0.0;0.0;0.0;A01
75455;201400049470;0;7;0;0.0;2.0;1.0;0.0;A01
75456;201400049470;0;15;0;0.0;0.0;6.0;1.0;B01
75457;201400049471;0;7;0;0.0;0.0;5.0;1.0;B01
75458;201400049471;0;7;0;0.0;2.0;3.0;14.0;A01
75459;201400049473;0;33;0;0.0;0.0;0.0;0.0;A01
75460;201400049474;0;7;0;0.0;0.0;0.0;0.0;C01
75461;201400049474;0;15;0;0.0;0.0;0.0;0.0;A01
75462;201400049474;0;15;0;0.0;0.0;0.0;0.0;B01
75463;201400049475;0;7;0;0.0;0.0;0.0;1.0;A01
75464;201400049476;0;33;0;0.0;2.0;1.0;3.0;A01
75465;201400049476;0;7;0;0.0;0.0;0.0;1.0;C01
75466;201400049476;0;7;0;0.0;0.0;0.0;1.0;B01
75467;201400049476;0;7;0;0.0;0.0;0.0;1.0;D01
75468;201400049477;0;7;0;0.0;0.0;0.0;0.0;A01
75469;201400049477;0;7;0;0.0;0.0;0.0;0.0;B01
75470;201400049477;0;7;0;0.0;0.0;0.0;0.0;C01
75471;201400049478;0;7;0;0.0;0.0;0.0;0.0;A01
75472;201400049479;0;7;0;0.0;0.0;0.0;0.0;A01
75473;201400049480;0;7;0;0.0;0.0;0.0;0.0;A01
75474;201400049481;0;10;0;0.0;0.0;0.0;0.0;B01
75475;201400049481;0;7;0;0.0;0.0;0.0;0.0;A01
75476;201400049482;0;10;0;0.0;0.0;0.0;0.0;A01
75477;201400049483;0;7;0;0.0;0.0;0.0;0.0;A01
75478;201400049483;0;7;0;0.0;0.0;0.0;0.0;C01
75479;201400049483;0;13;0;0.0;0.0;0.0;0.0;B01
75480;201400049484;0;16;0;0.0;0.0;0.0;0.0;A01
75481;201400049484;0;33;0;0.0;0.0;0.0;0.0;B01
75482;201400049485;0;33;0;0.0;0.0;0.0;0.0;A01
75483;201400049485;0;7;0;0.0;0.0;0.0;0.0;B01
75484;201400049486;0;32;0;0.0;0.0;0.0;0.0;A01
75485;201400049487;0;7;0;0.0;0.0;0.0;0.0;B01
75486;201400049487;0;32;0;0.0;0.0;0.0;0.0;A01
75487;201400049488;0;34;0;0.0;6.0;0.0;0.0;A01
75488;201400049489;0;33;0;0.0;0.0;0.0;0.0;A01
75489;201400049490;0;7;0;0.0;0.0;0.0;0.0;A01
75490;201400049491;0;33;0;0.0;0.0;0.0;0.0;A01
75491;201400049492;0;7;0;0.0;0.0;0.0;0.0;C01
75492;201400049492;0;7;0;0.0;0.0;0.0;0.0;B01
75493;201400049492;0;7;0;0.0;0.0;0.0;0.0;A01
75494;201400049493;0;7;0;0.0;0.0;0.0;0.0;A01
75495;201400049494;0;7;0;0.0;2.0;1.0;0.0;A01
75496;201400049494;0;7;0;0.0;0.0;0.0;0.0;B01
75497;201400049494;0;7;0;0.0;0.0;0.0;0.0;C01
75498;201400049495;0;7;0;0.0;0.0;0.0;0.0;A01
75499;201400049495;0;7;0;0.0;0.0;0.0;0.0;B01
75500;201400049496;0;7;0;0.0;0.0;0.0;0.0;A01
75501;201400049497;0;7;0;2.0;0.0;9.0;0.0;A01
75502;201400049498;0;7;0;0.0;0.0;5.0;0.0;B01
75503;201400049498;0;7;0;0.0;0.0;3.0;0.0;A01
75504;201400049499;0;14;0;0.0;2.0;1.0;2.0;A01
75505;201400049499;0;7;0;0.0;2.0;4.0;23.0;B01
75506;201400049499;0;15;0;0.0;2.0;4.0;23.0;C01
75507;201400049499;0;10;0;0.0;2.0;4.0;23.0;D01
75508;201400049500;0;7;0;0.0;0.0;0.0;0.0;A01
75509;201400049500;0;7;0;0.0;0.0;0.0;0.0;C01
75510;201400049500;0;7;0;0.0;0.0;0.0;0.0;B01
75511;201400049502;0;15;0;0.0;0.0;0.0;0.0;A01
75512;201400049503;0;7;0;0.0;0.0;0.0;0.0;A01
75513;201400049504;0;7;0;0.0;0.0;0.0;0.0;A01
75514;201400049505;0;14;0;0.0;2.0;1.0;2.0;A01
75515;201400049505;0;7;0;0.0;0.0;0.0;0.0;B01
75516;201400049506;0;7;0;0.0;2.0;4.0;2.0;B01
75517;201400049506;0;7;0;0.0;2.0;4.0;2.0;C01
75518;201400049506;0;7;0;0.0;2.0;1.0;2.0;A01
75519;201400049507;0;33;0;0.0;0.0;7.0;16.0;A01
75520;201400049508;0;7;0;0.0;2.0;1.0;2.0;A01
75521;201400049508;0;15;0;0.0;2.0;4.0;2.0;C01
75522;201400049508;0;7;0;0.0;2.0;4.0;2.0;B01
75523;201400049509;0;7;0;0.0;0.0;0.0;0.0;A01
75524;201400049510;0;31;0;0.0;0.0;0.0;16.0;A01
75525;201400049511;0;7;0;0.0;2.0;6.0;1.0;B01
75526;201400049511;0;33;0;3.0;0.0;8.0;3.0;A01
75527;201400049512;0;7;0;0.0;2.0;1.0;1.0;C01
75528;201400049512;0;7;0;0.0;2.0;1.0;2.0;A01
75529;201400049512;0;7;0;0.0;2.0;4.0;2.0;B01
75530;201400049513;0;7;0;0.0;0.0;0.0;0.0;A01
75531;201400049514;0;33;0;0.0;2.0;1.0;2.0;A01
75532;201400049514;0;7;0;0.0;2.0;4.0;2.0;B01
75533;201400049515;0;7;0;0.0;2.0;4.0;0.0;B01
75534;201400049515;0;7;0;0.0;2.0;1.0;0.0;A01
75535;201400049516;0;33;0;0.0;0.0;0.0;0.0;A01
75536;201400049517;0;31;0;0.0;0.0;0.0;0.0;A01
75537;201400049518;0;7;0;0.0;0.0;8.0;0.0;C01
75538;201400049518;0;33;0;0.0;0.0;1.0;3.0;A01
75539;201400049518;0;14;0;0.0;0.0;7.0;0.0;B01
75540;201400049519;0;7;0;0.0;0.0;0.0;1.0;A01
75541;201400049520;0;7;0;0.0;2.0;0.0;21.0;A01
75542;201400049520;0;7;0;0.0;2.0;1.0;5.0;C01
75543;201400049520;0;7;0;0.0;2.0;1.0;1.0;B01
75544;201400049521;0;7;0;0.0;0.0;7.0;0.0;C01
75545;201400049521;0;7;0;0.0;0.0;4.0;0.0;B01
75546;201400049521;0;7;0;0.0;2.0;1.0;21.0;A01
75547;201400049522;0;7;0;0.0;5.0;1.0;0.0;A01
75548;201400049523;0;7;0;0.0;0.0;2.0;9.0;A01
75549;201400049523;0;13;0;0.0;0.0;3.0;1.0;B01
75550;201400049523;0;7;0;0.0;2.0;1.0;0.0;C01
75551;201400049524;0;7;0;0.0;0.0;4.0;1.0;B01
75552;201400049524;0;7;0;0.0;2.0;1.0;1.0;A01
75553;201400049525;0;7;0;0.0;0.0;8.0;0.0;A01
75554;201400049526;0;7;0;0.0;0.0;4.0;2.0;B01
75555;201400049526;0;7;0;0.0;2.0;1.0;2.0;A01
75556;201400049527;0;7;0;0.0;2.0;4.0;1.0;A01
75557;201400049527;0;7;0;0.0;2.0;1.0;0.0;B01
75558;201400049528;0;7;0;4.0;0.0;0.0;0.0;A01
75559;201400049529;0;7;0;3.0;2.0;0.0;0.0;A01
75560;201400049529;0;15;0;0.0;0.0;0.0;0.0;B01
75561;201400049530;0;7;0;0.0;0.0;5.0;1.0;B01
75562;201400049530;0;33;0;0.0;2.0;3.0;9.0;A01
75563;201400049532;0;15;0;0.0;0.0;0.0;0.0;B01
75564;201400049532;0;10;0;0.0;0.0;0.0;0.0;C01
75565;201400049532;0;7;0;0.0;0.0;0.0;0.0;A01
75566;201400049533;0;7;0;0.0;2.0;1.0;5.0;A01
75567;201400049533;0;15;0;0.0;2.0;1.0;1.0;C01
75568;201400049533;0;7;0;0.0;2.0;1.0;1.0;B01
75569;201400049534;0;7;0;4.0;2.0;8.0;0.0;A01
75570;201400049534;0;7;0;0.0;0.0;8.0;1.0;B01
75571;201400049536;0;7;0;0.0;1.0;1.0;21.0;A01
75572;201400049537;0;33;0;0.0;2.0;0.0;3.0;A01
75573;201400049538;0;7;0;4.0;0.0;0.0;0.0;A01
75574;201400049539;0;7;0;0.0;0.0;0.0;17.0;A01
75575;201400049540;0;7;0;0.0;0.0;0.0;0.0;A01
75576;201400049541;0;7;0;0.0;2.0;1.0;3.0;A01
75577;201400049541;0;7;0;0.0;2.0;4.0;2.0;B01
75578;201400049542;0;7;0;0.0;0.0;4.0;2.0;B01
75579;201400049542;0;7;0;0.0;2.0;1.0;2.0;A01
75580;201400049544;0;7;0;0.0;1.0;1.0;1.0;A01
75581;201400049545;0;7;0;0.0;0.0;0.0;0.0;B01
75582;201400049545;0;7;0;0.0;0.0;0.0;0.0;A01
75583;201400049546;0;7;0;4.0;0.0;0.0;0.0;A01
75584;201400049547;0;7;0;0.0;0.0;1.0;0.0;A01
75585;201400049547;0;7;0;0.0;0.0;1.0;2.0;B01
75586;201400049549;0;7;0;4.0;0.0;0.0;13.0;A01
75587;201400049550;0;7;0;4.0;0.0;0.0;0.0;A01
75588;201400049550;0;15;0;1.0;0.0;0.0;21.0;B01
75589;201400049551;0;7;0;0.0;0.0;0.0;0.0;A01