;Num_Acc;senc;catv;occutc;obs;obsm;choc;manv;num_veh
76435;201400050056;0;7;0;0.0;2.0;1.0;1.0;A01
76436;201400050058;0;7;0;0.0;0.0;1.0;0.0;B01
76437;201400050058;0;7;0;3.0;0.0;1.0;0.0;A01
76438;201400050059;0;7;0;0.0;2.0;1.0;0.0;A01
76439;201400050059;0;7;0;0.0;0.0;4.0;0.0;C01
76440;201400050059;0;7;0;0.0;2.0;4.0;0.0;B01
76441;201400050060;0;7;0;4.0;0.0;0.0;0.0;A01
76442;201400050061;0;7;0;0.0;2.0;1.0;0.0;A01
76443;201400050061;0;10;0;0.0;0.0;6.0;0.0;B01
76444;201400050062;0;7;0;4.0;2.0;3.0;5.0;A01
76445;201400050062;0;7;0;0.0;0.0;3.0;0.0;B01
76446;201400050064;0;7;0;0.0;2.0;1.0;0.0;A01
76447;201400050064;0;7;0;0.0;0.0;6.0;0.0;B01
76448;201400050065;0;7;0;0.0;2.0;1.0;0.0;A01
76449;201400050065;0;7;0;0.0;0.0;4.0;0.0;B01
76450;201400050066;0;7;0;4.0;0.0;8.0;0.0;A01
76451;201400050066;1;17;0;0.0;2.0;0.0;0.0;Z01
76452;201400050067;0;33;0;0.0;2.0;2.0;0.0;A01
76453;201400050067;0;7;0;0.0;0.0;6.0;0.0;B01
76454;201400050068;0;7;0;0.0;0.0;4.0;0.0;B01
76455;201400050068;0;7;0;0.0;2.0;1.0;0.0;A01
76456;201400050069;0;7;0;0.0;0.0;4.0;0.0;B01
76457;201400050069;0;7;0;0.0;0.0;1.0;0.0;A01
76458;201400050069;1;99;0;0.0;0.0;0.0;0.0;Z01
76459;201400050070;0;34;0;4.0;0.0;8.0;0.0;A01
76460;201400050072;0;7;0;0.0;2.0;4.0;0.0;B01
76461;201400050072;0;7;0;4.0;2.0;1.0;0.0;A01
76462;201400050072;0;7;0;0.0;2.0;1.0;0.0;C01
76463;201400050073;0;7;0;0.0;0.0;4.0;0.0;A01
76464;201400050073;0;10;0;0.0;0.0;0.0;0.0;C01
76465;201400050073;0;7;0;0.0;2.0;4.0;2.0;B01
76466;201400050074;0;7;0;4.0;0.0;1.0;0.0;A01
76467;201400050076;0;33;0;7.0;0.0;1.0;1.0;A01
76468;201400050078;0;7;0;0.0;2.0;1.0;0.0;A01
76469;201400050078;0;7;0;0.0;2.0;0.0;2.0;C01
76470;201400050078;0;7;0;0.0;0.0;4.0;0.0;B01
76471;201400050079;0;7;0;0.0;0.0;9.0;1.0;A01
76472;201400050080;0;7;0;7.0;0.0;1.0;0.0;A01
76473;201400050081;0;15;0;0.0;0.0;6.0;2.0;B01
76474;201400050081;0;7;0;0.0;2.0;1.0;1.0;A01
76475;201400050082;0;7;0;0.0;9.0;9.0;2.0;B01
76476;201400050082;0;14;0;0.0;0.0;0.0;2.0;A01
76477;201400050083;0;7;0;10.0;0.0;2.0;21.0;A01
76478;201400050084;0;7;0;0.0;1.0;0.0;0.0;A01
76479;201400050085;0;7;0;13.0;0.0;1.0;0.0;A01
76480;201400050086;1;99;0;0.0;2.0;0.0;0.0;Z01
76481;201400050086;0;7;0;4.0;0.0;4.0;0.0;A01
76482;201400050087;0;10;0;3.0;0.0;3.0;0.0;B01
76483;201400050087;0;7;0;0.0;2.0;2.0;0.0;A01
76484;201400050088;0;2;0;0.0;2.0;3.0;1.0;B01
76485;201400050088;0;7;0;0.0;2.0;1.0;15.0;A01
76486;201400050089;0;32;0;8.0;0.0;1.0;1.0;A01
76487;201400050090;0;7;0;0.0;2.0;3.0;15.0;A01
76488;201400050090;0;30;0;0.0;2.0;1.0;8.0;B01
76489;201400050091;0;7;0;0.0;1.0;7.0;1.0;A01
76490;201400050092;0;7;0;0.0;1.0;7.0;15.0;A01
76491;201400050093;0;7;0;1.0;2.0;1.0;2.0;A01
76492;201400050093;0;7;0;1.0;2.0;5.0;1.0;B01
76493;201400050094;0;7;0;0.0;1.0;1.0;1.0;A01
76494;201400050095;0;1;0;0.0;2.0;1.0;1.0;B01
76495;201400050095;0;7;0;0.0;2.0;2.0;16.0;A01
76496;201400050096;1;7;0;0.0;1.0;0.0;0.0;Z01
76497;201400050097;0;37;1;0.0;1.0;5.0;1.0;A01
76498;201400050098;0;7;0;0.0;2.0;7.0;15.0;A01
76499;201400050098;0;33;0;0.0;2.0;1.0;1.0;B01
76500;201400050099;0;7;0;0.0;1.0;8.0;1.0;A01
76501;201400050100;0;33;0;0.0;2.0;7.0;2.0;A01
76502;201400050100;0;7;0;0.0;2.0;8.0;2.0;B01
76503;201400050101;0;7;0;0.0;1.0;2.0;1.0;A01
76504;201400050102;0;7;0;0.0;2.0;3.0;15.0;A01
76505;201400050102;0;33;0;0.0;2.0;1.0;1.0;B01
76506;201400050103;0;7;0;0.0;1.0;7.0;1.0;A01
76507;201400050104;0;7;0;8.0;0.0;1.0;1.0;A01
76508;201400050105;0;7;0;0.0;1.0;8.0;15.0;A01
76509;201400050107;0;37;1;0.0;1.0;2.0;20.0;A01
76510;201400050108;0;30;0;12.0;0.0;0.0;1.0;A01
76511;201400050109;0;7;0;0.0;1.0;7.0;2.0;A01
76512;201400050110;0;31;0;0.0;2.0;0.0;2.0;A01
76513;201400050111;0;10;0;0.0;0.0;0.0;0.0;A01
76514;201400050111;0;7;0;0.0;0.0;0.0;0.0;B01
76515;201400050112;0;7;0;0.0;9.0;8.0;9.0;A01
76516;201400050112;0;1;0;0.0;2.0;1.0;9.0;B01
76517;201400050113;0;7;0;0.0;0.0;4.0;2.0;B01
76518;201400050113;0;7;0;0.0;2.0;1.0;2.0;A01
76519;201400050114;0;32;0;0.0;0.0;8.0;1.0;A01
76520;201400050115;0;1;0;0.0;0.0;0.0;1.0;A01
76521;201400050116;0;7;0;0.0;1.0;1.0;1.0;A01
76522;201400050117;0;30;0;0.0;0.0;1.0;1.0;B01
76523;201400050117;0;7;0;0.0;2.0;7.0;15.0;A01
76524;201400050119;0;7;0;0.0;2.0;4.0;1.0;B01
76525;201400050119;0;1;0;0.0;2.0;4.0;1.0;A01
76526;201400050120;0;1;0;2.0;0.0;0.0;1.0;A01
76527;201400050121;0;7;0;0.0;2.0;1.0;1.0;A01
76528;201400050121;0;30;0;0.0;2.0;4.0;1.0;B01
76529;201400050122;0;7;0;0.0;1.0;1.0;1.0;A01
76530;201400050123;0;7;0;0.0;2.0;1.0;1.0;B01
76531;201400050123;0;7;0;0.0;2.0;1.0;5.0;A01
76532;201400050124;0;7;0;0.0;1.0;3.0;20.0;A01
76533;201400050125;0;7;0;0.0;2.0;7.0;22.0;A01
76534;201400050125;0;1;0;0.0;2.0;1.0;1.0;B01
76535;201400050126;0;2;0;0.0;2.0;5.0;1.0;B01
76536;201400050126;0;7;0;0.0;2.0;3.0;15.0;A01
76537;201400050127;0;32;0;0.0;9.0;0.0;1.0;A01
76538;201400050128;0;7;0;0.0;2.0;7.0;1.0;B01
76539;201400050128;0;7;0;0.0;2.0;1.0;1.0;A01
76540;201400050129;0;7;0;0.0;2.0;1.0;14.0;A01
76541;201400050129;0;7;0;0.0;2.0;5.0;1.0;B01
76542;201400050130;0;7;0;9.0;1.0;2.0;7.0;A01
76543;201400050132;0;7;0;0.0;1.0;2.0;1.0;A01
76544;201400050133;0;7;0;0.0;1.0;1.0;1.0;A01
76545;201400050134;0;10;0;0.0;1.0;1.0;1.0;A01
76546;201400050135;0;7;0;0.0;2.0;2.0;15.0;A01
76547;201400050135;0;30;0;0.0;2.0;2.0;1.0;B01
76548;201400050136;0;31;0;0.0;2.0;3.0;1.0;B01
76549;201400050136;0;7;0;0.0;2.0;2.0;15.0;A01
76550;201400050137;0;30;0;0.0;1.0;2.0;1.0;A01
76551;201400050138;0;30;0;0.0;2.0;7.0;1.0;B01
76552;201400050138;0;7;0;0.0;2.0;8.0;15.0;A01
76553;201400050139;0;7;0;15.0;0.0;1.0;1.0;A01
76554;201400050140;0;30;0;0.0;1.0;1.0;17.0;A01
76555;201400050141;0;7;0;0.0;1.0;2.0;1.0;A01
76556;201400050142;0;7;0;0.0;0.0;4.0;23.0;A01
76557;201400050142;0;7;0;0.0;2.0;4.0;23.0;B01
76558;201400050142;0;7;0;0.0;2.0;4.0;23.0;C01
76559;201400050142;0;7;0;0.0;2.0;1.0;12.0;D01
76560;201400050143;0;7;0;0.0;0.0;4.0;2.0;A01
76561;201400050143;0;33;0;0.0;2.0;1.0;2.0;B01
76562;201400050144;0;17;0;0.0;2.0;2.0;12.0;A01
76563;201400050144;0;7;0;3.0;0.0;6.0;1.0;B01
76564;201400050145;0;10;0;6.0;0.0;5.0;1.0;A01
76565;201400050145;0;7;0;0.0;2.0;6.0;1.0;B01
76566;201400050145;0;7;0;0.0;2.0;2.0;12.0;C01
76567;201400050147;0;7;0;0.0;2.0;8.0;1.0;A01
76568;201400050147;0;17;0;0.0;2.0;2.0;12.0;B01
76569;201400050147;0;7;0;0.0;0.0;7.0;1.0;C01
76570;201400050147;0;7;0;0.0;0.0;0.0;1.0;T01
76571;201400050148;0;7;0;0.0;2.0;6.0;11.0;A01
76572;201400050148;0;7;0;0.0;2.0;8.0;12.0;B01
76573;201400050149;0;32;0;4.0;0.0;2.0;0.0;A01
76574;201400050150;0;10;0;3.0;0.0;7.0;1.0;A01
76575;201400050150;0;7;0;3.0;2.0;1.0;16.0;B01
76576;201400050151;0;7;0;3.0;0.0;2.0;1.0;A01
76577;201400050152;0;7;0;0.0;1.0;1.0;1.0;A01
76578;201400050153;0;38;35;0.0;0.0;4.0;1.0;A01
76579;201400050153;0;7;0;0.0;2.0;5.0;2.0;B01
76580;201400050153;0;14;0;0.0;2.0;3.0;2.0;C01
76581;201400050154;0;7;0;3.0;0.0;6.0;1.0;A01
76582;201400050154;0;17;0;0.0;2.0;2.0;12.0;B01
76583;201400050155;0;7;0;0.0;2.0;2.0;1.0;A01
76584;201400050155;1;15;0;0.0;2.0;2.0;0.0;Z01
76585;201400050156;0;7;0;0.0;0.0;4.0;2.0;A01
76586;201400050156;0;7;0;0.0;2.0;1.0;2.0;B01
76587;201400050156;0;7;0;0.0;2.0;1.0;2.0;C01
76588;201400050157;0;7;0;3.0;2.0;3.0;1.0;A01
76589;201400050157;0;10;0;0.0;0.0;8.0;1.0;B01
76590;201400050157;1;17;0;0.0;2.0;7.0;12.0;Z01
76591;201400050159;0;7;0;0.0;0.0;6.0;1.0;A01
76592;201400050159;0;14;0;0.0;2.0;2.0;12.0;B01
76593;201400050159;0;7;0;0.0;2.0;1.0;1.0;C01
76594;201400050159;0;33;0;0.0;0.0;8.0;21.0;D01
76595;201400050160;0;7;0;6.0;0.0;1.0;0.0;A01
76596;201400050161;0;7;0;0.0;2.0;4.0;2.0;A01
76597;201400050161;0;10;0;0.0;2.0;1.0;2.0;B01
76598;201400050161;0;10;0;0.0;2.0;6.0;2.0;C01
76599;201400050161;0;10;0;0.0;2.0;4.0;2.0;D01
76600;201400050161;0;7;0;0.0;2.0;2.0;2.0;E01
76601;201400050162;1;7;0;0.0;2.0;1.0;2.0;A01
76602;201400050162;0;7;0;0.0;0.0;4.0;1.0;B01
76603;201400050163;0;10;0;0.0;2.0;2.0;2.0;D01
76604;201400050163;0;7;0;0.0;2.0;4.0;2.0;B01
76605;201400050163;0;7;0;0.0;0.0;4.0;23.0;C01
76606;201400050163;0;7;0;0.0;2.0;1.0;2.0;A01
76607;201400050164;0;7;0;0.0;9.0;0.0;17.0;C01
76608;201400050164;0;7;0;3.0;2.0;1.0;2.0;A01
76609;201400050164;0;7;0;0.0;0.0;4.0;2.0;B01
76610;201400050165;0;33;0;3.0;0.0;4.0;16.0;A01
76611;201400050165;0;7;0;0.0;2.0;3.0;21.0;B01
76612;201400050166;0;7;0;0.0;0.0;4.0;2.0;B01
76613;201400050166;0;14;0;0.0;2.0;1.0;2.0;A01
76614;201400050167;0;7;0;3.0;0.0;2.0;0.0;A01
76615;201400050167;1;10;0;0.0;0.0;0.0;17.0;Z01
76616;201400050168;0;10;0;0.0;2.0;3.0;12.0;A01
76617;201400050168;0;17;0;0.0;2.0;5.0;11.0;B01
76618;201400050169;0;7;0;13.0;0.0;1.0;1.0;A01
76619;201400050170;0;7;0;0.0;2.0;1.0;5.0;A01
76620;201400050170;0;7;0;0.0;2.0;8.0;1.0;C01
76621;201400050170;0;7;0;0.0;2.0;1.0;1.0;D01
76622;201400050170;0;7;0;0.0;2.0;8.0;21.0;B01
76623;201400050171;0;7;0;0.0;2.0;6.0;0.0;B01
76624;201400050171;0;17;0;0.0;2.0;2.0;12.0;A01
76625;201400050172;0;33;0;3.0;0.0;8.0;1.0;A01
76626;201400050173;0;33;0;0.0;0.0;4.0;2.0;B01
76627;201400050173;0;33;0;0.0;2.0;1.0;2.0;A01
76628;201400050173;1;7;0;0.0;0.0;0.0;17.0;Z01
76629;201400050174;0;7;0;0.0;2.0;1.0;1.0;A01
76630;201400050174;0;7;0;0.0;2.0;4.0;2.0;C01
76631;201400050174;0;7;0;0.0;2.0;4.0;2.0;B01
76632;201400050176;0;13;0;0.0;2.0;2.0;12.0;A01
76633;201400050176;0;10;0;13.0;2.0;3.0;1.0;B01
76634;201400050178;0;7;0;0.0;2.0;4.0;2.0;B01
76635;201400050178;0;7;0;0.0;2.0;1.0;2.0;A01
76636;201400050179;0;7;0;0.0;2.0;4.0;2.0;C01
76637;201400050179;0;7;0;0.0;2.0;4.0;2.0;B01
76638;201400050179;0;7;0;0.0;2.0;1.0;1.0;A01
76639;201400050180;0;7;0;0.0;2.0;1.0;1.0;A01
76640;201400050180;0;7;0;0.0;2.0;4.0;2.0;B01
76641;201400050181;0;17;0;0.0;2.0;3.0;2.0;B01
76642;201400050181;0;7;0;0.0;2.0;3.0;2.0;A01
76643;201400050182;0;15;0;0.0;1.0;2.0;2.0;A01
76644;201400050182;2;7;0;3.0;0.0;2.0;2.0;B01
76645;201400050183;0;14;0;6.0;0.0;1.0;1.0;A01
76646;201400050184;0;7;0;0.0;0.0;8.0;1.0;B01
76647;201400050184;1;15;0;0.0;2.0;5.0;12.0;A01
76648;201400050185;0;33;0;3.0;0.0;1.0;1.0;A01
76649;201400050186;0;7;0;0.0;2.0;1.0;11.0;B01
76650;201400050186;0;7;0;0.0;2.0;1.0;5.0;A01
76651;201400050187;0;7;0;3.0;0.0;7.0;1.0;A01
76652;201400050188;0;7;0;0.0;2.0;1.0;0.0;D01
76653;201400050188;0;7;0;0.0;2.0;1.0;0.0;B01
76654;201400050188;0;7;0;0.0;2.0;1.0;5.0;A01
76655;201400050188;0;7;0;0.0;2.0;1.0;0.0;C01
76656;201400050191;0;7;0;4.0;0.0;1.0;1.0;A01
76657;201400050192;0;15;0;0.0;0.0;7.0;1.0;B01
76658;201400050192;0;33;0;0.0;2.0;8.0;3.0;A01
76659;201400050193;0;33;0;0.0;2.0;3.0;3.0;B01
76660;201400050193;0;7;0;0.0;2.0;2.0;12.0;A01
76661;201400050194;0;33;0;4.0;0.0;3.0;1.0;A01
76662;201400050195;0;7;0;0.0;0.0;4.0;2.0;B01
76663;201400050195;0;7;0;13.0;2.0;1.0;2.0;A01
76664;201400050196;0;33;0;0.0;0.0;4.0;2.0;B01
76665;201400050196;0;33;0;0.0;2.0;1.0;2.0;A01
76666;201400050198;0;7;0;3.0;2.0;2.0;17.0;A01
76667;201400050198;0;7;0;3.0;0.0;6.0;1.0;B01
76668;201400050200;0;33;0;0.0;0.0;8.0;17.0;A01
76669;201400050201;0;7;0;0.0;2.0;7.0;12.0;B01
76670;201400050201;0;33;0;0.0;2.0;8.0;14.0;A01
76671;201400050201;0;10;0;0.0;0.0;4.0;1.0;C01
76672;201400050203;0;33;0;0.0;2.0;1.0;2.0;A01
76673;201400050203;0;7;0;0.0;0.0;4.0;2.0;B01
76674;201400050204;0;15;0;0.0;2.0;3.0;1.0;B01
76675;201400050204;0;7;0;4.0;2.0;1.0;1.0;A01
76676;201400050205;1;14;0;0.0;1.0;1.0;1.0;A01
76677;201400050206;0;7;0;0.0;0.0;6.0;23.0;B01
76678;201400050206;0;33;0;0.0;2.0;6.0;2.0;A01
76679;201400050207;0;7;0;0.0;2.0;1.0;2.0;A01
76680;201400050207;0;7;0;0.0;2.0;4.0;23.0;E01
76681;201400050207;0;7;0;0.0;2.0;4.0;23.0;D01
76682;201400050207;0;7;0;0.0;2.0;4.0;23.0;B01
76683;201400050207;0;7;0;0.0;2.0;4.0;23.0;C01
76684;201400050208;0;15;0;4.0;0.0;1.0;1.0;A01
76685;201400050209;0;7;0;0.0;9.0;8.0;1.0;C01
76686;201400050209;0;15;0;4.0;2.0;2.0;0.0;A01
76687;201400050209;0;7;0;4.0;2.0;7.0;1.0;B01
76688;201400050210;0;7;0;0.0;2.0;1.0;2.0;A01
76689;201400050210;0;7;0;0.0;2.0;4.0;2.0;C01
76690;201400050210;0;7;0;0.0;2.0;4.0;2.0;B01
76691;201400050210;0;7;0;0.0;0.0;4.0;2.0;D01
76692;201400050211;0;7;0;3.0;0.0;2.0;1.0;A01
76693;201400050211;0;7;0;14.0;2.0;2.0;1.0;C01
76694;201400050211;0;10;0;3.0;0.0;2.0;1.0;B01
76695;201400050212;0;7;0;0.0;0.0;4.0;23.0;B01
76696;201400050212;0;7;0;0.0;2.0;1.0;2.0;A01
76697;201400050213;0;7;0;0.0;1.0;3.0;15.0;A01
76698;201400050214;0;7;0;0.0;4.0;8.0;15.0;A01
76699;201400050214;0;40;35;0.0;2.0;2.0;1.0;B01
76700;201400050215;0;7;0;0.0;1.0;2.0;1.0;A01
76701;201400050216;0;7;0;0.0;2.0;2.0;15.0;A01
76702;201400050216;0;7;0;0.0;2.0;2.0;1.0;B01
76703;201400050217;0;7;0;0.0;2.0;2.0;1.0;A01
76704;201400050217;0;30;0;0.0;2.0;7.0;1.0;B01
76705;201400050218;0;7;0;0.0;4.0;8.0;15.0;A01
76706;201400050218;0;40;50;0.0;2.0;2.0;1.0;B01
76707;201400050219;0;7;0;0.0;2.0;7.0;1.0;B01
76708;201400050219;0;7;0;0.0;2.0;1.0;1.0;A01
76709;201400050220;0;37;45;0.0;1.0;2.0;1.0;A01
76710;201400050221;0;7;0;0.0;2.0;3.0;1.0;B01
76711;201400050221;0;7;0;0.0;2.0;3.0;15.0;A01
76712;201400050222;0;7;0;0.0;2.0;0.0;19.0;A01
76713;201400050222;0;1;0;0.0;2.0;0.0;1.0;B01
76714;201400050223;0;7;0;0.0;1.0;3.0;2.0;A01
76715;201400050224;0;7;0;0.0;1.0;3.0;15.0;A01
76716;201400050225;0;1;0;0.0;2.0;8.0;19.0;B01
76717;201400050225;0;32;0;0.0;2.0;1.0;21.0;A01
76718;201400050226;0;7;0;0.0;2.0;3.0;13.0;A01
76719;201400050226;0;31;0;0.0;2.0;1.0;1.0;B01
76720;201400050227;1;7;0;0.0;1.0;4.0;4.0;Z01
76721;201400050228;0;7;0;0.0;1.0;2.0;1.0;A01
76722;201400050229;0;7;0;0.0;2.0;4.0;2.0;B01
76723;201400050229;0;33;0;0.0;2.0;1.0;2.0;A01
76724;201400050230;0;33;0;0.0;2.0;8.0;1.0;B01
76725;201400050230;0;7;0;0.0;2.0;1.0;15.0;A01
76726;201400050231;0;7;0;0.0;2.0;6.0;15.0;A01
76727;201400050231;0;30;0;0.0;2.0;0.0;2.0;B01
76728;201400050232;0;40;50;0.0;4.0;2.0;1.0;B01
76729;201400050232;0;7;0;0.0;4.0;3.0;15.0;A01
76730;201400050233;0;7;0;0.0;2.0;1.0;1.0;A01
76731;201400050233;0;7;0;0.0;2.0;4.0;23.0;B01
76732;201400050233;0;7;0;0.0;0.0;4.0;23.0;C01
76733;201400050234;0;7;0;0.0;2.0;1.0;1.0;B01
76734;201400050234;0;10;0;0.0;0.0;7.0;1.0;A01
76735;201400050235;0;7;0;0.0;2.0;3.0;15.0;B01
76736;201400050235;0;33;0;0.0;2.0;7.0;7.0;A01
76737;201400050236;0;7;0;0.0;1.0;8.0;1.0;A01
76738;201400050237;1;7;0;0.0;1.0;1.0;1.0;Z01
76739;201400050238;0;30;0;0.0;1.0;1.0;2.0;A01
76740;201400050239;0;7;0;0.0;1.0;1.0;19.0;A01
76741;201400050239;0;7;0;0.0;0.0;0.0;0.0;B01
76742;201400050240;0;7;0;0.0;2.0;0.0;15.0;A01
76743;201400050240;0;32;0;0.0;2.0;7.0;1.0;B01
76744;201400050241;0;7;0;0.0;2.0;5.0;4.0;A01
76745;201400050241;0;33;0;0.0;2.0;1.0;1.0;B01
76746;201400050243;0;7;0;0.0;2.0;7.0;8.0;B01
76747;201400050243;0;7;0;0.0;2.0;1.0;5.0;A01
76748;201400050244;0;7;0;0.0;2.0;6.0;4.0;A01
76749;201400050244;0;7;0;0.0;2.0;2.0;1.0;B01
76750;201400050245;0;7;0;0.0;2.0;7.0;1.0;A01
76751;201400050245;0;7;0;0.0;2.0;1.0;1.0;B01
76752;201400050246;0;7;0;0.0;2.0;3.0;1.0;B01
76753;201400050246;0;32;0;0.0;0.0;2.0;1.0;A01
76754;201400050247;0;7;0;0.0;1.0;1.0;12.0;A01
76755;201400050248;0;34;0;0.0;2.0;4.0;2.0;B01
76756;201400050248;0;7;0;0.0;2.0;1.0;2.0;A01
76757;201400050249;0;1;0;0.0;1.0;1.0;15.0;A01
76758;201400050250;0;7;0;0.0;2.0;1.0;1.0;B01
76759;201400050250;1;31;0;0.0;2.0;1.0;5.0;Z01
76760;201400050251;0;7;0;0.0;2.0;1.0;15.0;A01
76761;201400050251;0;32;0;0.0;2.0;1.0;1.0;B01
76762;201400050252;0;33;0;0.0;1.0;2.0;21.0;A01
76763;201400050253;0;7;0;0.0;2.0;1.0;0.0;A01
76764;201400050253;0;7;0;0.0;0.0;4.0;1.0;B01
76765;201400050254;0;31;0;0.0;2.0;3.0;2.0;A01
76766;201400050254;0;7;0;0.0;2.0;5.0;16.0;B01
76767;201400050255;1;7;0;0.0;2.0;1.0;2.0;A01
76768;201400050255;0;32;0;0.0;2.0;4.0;1.0;B01
76769;201400050256;0;33;0;0.0;2.0;1.0;1.0;B01
76770;201400050256;0;7;0;0.0;2.0;6.0;11.0;A01
76771;201400050257;0;10;0;0.0;2.0;3.0;2.0;A01
76772;201400050257;0;1;0;0.0;2.0;4.0;2.0;B01
76773;201400050259;0;7;0;0.0;2.0;5.0;15.0;A01
76774;201400050259;0;33;0;0.0;2.0;1.0;1.0;B01
76775;201400050260;0;33;0;0.0;2.0;1.0;1.0;A01
76776;201400050260;0;7;0;0.0;2.0;4.0;15.0;B01
76777;201400050261;0;1;0;0.0;2.0;1.0;5.0;A01
76778;201400050261;0;1;0;0.0;2.0;1.0;1.0;B01
76779;201400050262;0;7;0;0.0;2.0;1.0;2.0;B01
76780;201400050262;0;7;0;0.0;2.0;4.0;20.0;A01
76781;201400050265;0;1;0;0.0;2.0;1.0;19.0;B01
76782;201400050265;0;7;0;0.0;2.0;3.0;1.0;A01
76783;201400050266;2;7;0;0.0;0.0;1.0;1.0;A01
76784;201400050266;0;10;0;0.0;2.0;7.0;1.0;B01
76785;201400050267;0;33;0;0.0;2.0;1.0;1.0;B01
76786;201400050267;0;7;0;0.0;2.0;5.0;15.0;A01
76787;201400050268;0;7;0;0.0;2.0;1.0;15.0;A01
76788;201400050268;0;33;0;0.0;2.0;1.0;1.0;B01
76789;201400050269;0;7;0;0.0;2.0;0.0;15.0;A01
76790;201400050269;0;7;0;0.0;2.0;0.0;1.0;B01
76791;201400050270;0;7;0;0.0;2.0;1.0;1.0;A01
76792;201400050270;0;7;0;0.0;2.0;4.0;23.0;B01
76793;201400050272;0;7;0;0.0;2.0;8.0;15.0;B01
76794;201400050272;0;32;0;0.0;2.0;7.0;1.0;A01
76795;201400050273;0;7;0;0.0;2.0;4.0;4.0;A01
76796;201400050273;0;30;0;0.0;2.0;1.0;0.0;B01
76797;201400050274;0;7;0;0.0;1.0;0.0;1.0;A01
76798;201400050275;0;7;0;0.0;4.0;6.0;1.0;A01
76799;201400050275;0;40;45;0.0;2.0;1.0;1.0;B01
76800;201400050276;0;7;0;0.0;2.0;1.0;2.0;A01
76801;201400050276;0;7;0;0.0;2.0;4.0;1.0;B01
76802;201400050277;0;7;0;0.0;2.0;2.0;15.0;A01
76803;201400050277;0;31;0;0.0;2.0;1.0;10.0;B01
76804;201400050280;0;2;0;0.0;4.0;0.0;15.0;A01
76805;201400050280;0;40;50;0.0;2.0;0.0;2.0;B01
76806;201400050281;0;7;0;0.0;2.0;3.0;16.0;B01
76807;201400050281;0;33;0;0.0;2.0;7.0;14.0;A01
76808;201400050282;0;7;0;12.0;0.0;1.0;13.0;A01
76809;201400050283;0;7;0;0.0;1.0;3.0;15.0;A01
76810;201400050284;0;7;0;0.0;2.0;2.0;15.0;A01
76811;201400050284;0;30;0;0.0;2.0;8.0;1.0;B01
76812;201400050285;0;33;0;0.0;2.0;1.0;4.0;B01
76813;201400050285;0;10;0;0.0;2.0;7.0;15.0;A01
76814;201400050287;0;7;0;0.0;2.0;2.0;12.0;A01
76815;201400050287;0;7;0;0.0;2.0;3.0;1.0;B01
76816;201400050288;0;33;0;0.0;2.0;0.0;1.0;B01
76817;201400050288;0;7;0;0.0;2.0;8.0;11.0;A01
76818;201400050289;1;10;0;0.0;1.0;1.0;15.0;Z01
76819;201400050290;1;7;0;0.0;1.0;0.0;15.0;Z01
76820;201400050291;0;7;0;0.0;2.0;4.0;0.0;B01
76821;201400050291;0;7;0;0.0;2.0;4.0;0.0;C01
76822;201400050291;0;7;0;1.0;0.0;0.0;0.0;A01
76823;201400050292;1;7;0;0.0;1.0;1.0;1.0;Z01
76824;201400050293;0;10;0;0.0;1.0;3.0;1.0;A01
76825;201400050294;0;7;0;0.0;1.0;6.0;20.0;A01
76826;201400050295;0;7;0;0.0;1.0;1.0;15.0;A01
76827;201400050296;0;7;0;0.0;2.0;1.0;12.0;A01
76828;201400050296;0;7;0;0.0;2.0;4.0;2.0;B01
76829;201400050296;0;7;0;0.0;0.0;4.0;2.0;C01
76830;201400050297;0;7;0;0.0;2.0;1.0;15.0;A01
76831;201400050297;0;30;0;0.0;2.0;3.0;1.0;B01
76832;201400050299;0;7;0;0.0;1.0;3.0;1.0;A01
76833;201400050300;0;7;0;0.0;2.0;3.0;2.0;B01
76834;201400050300;0;33;0;0.0;2.0;2.0;2.0;A01
76835;201400050301;0;10;0;6.0;0.0;1.0;13.0;A01
76836;201400050302;0;7;0;0.0;0.0;0.0;21.0;A01
76837;201400050302;1;7;0;;0.0;0.0;1.0;Z01
76838;201400050303;0;30;0;0.0;2.0;1.0;1.0;A01
76839;201400050303;0;7;0;0.0;2.0;3.0;0.0;B01
76840;201400050304;0;7;0;0.0;2.0;2.0;1.0;A01
76841;201400050304;0;31;0;0.0;2.0;8.0;1.0;B01
76842;201400050305;0;1;0;0.0;2.0;6.0;1.0;B01
76843;201400050305;0;40;50;0.0;2.0;2.0;1.0;A01
76844;201400050306;0;7;0;12.0;0.0;0.0;1.0;A01
76845;201400050307;0;7;0;0.0;2.0;1.0;19.0;A01
76846;201400050307;0;7;0;0.0;2.0;3.0;1.0;B01
76847;201400050309;0;7;0;0.0;2.0;1.0;2.0;A01
76848;201400050309;0;7;0;0.0;2.0;4.0;23.0;B01
76849;201400050310;0;7;0;0.0;2.0;1.0;1.0;B01
76850;201400050310;0;7;0;1.0;2.0;8.0;19.0;A01
76851;201400050311;0;7;0;0.0;2.0;1.0;1.0;A01
76852;201400050311;0;7;0;0.0;0.0;4.0;1.0;B01
76853;201400050312;0;7;0;0.0;2.0;1.0;1.0;B01
76854;201400050312;0;7;0;0.0;2.0;2.0;15.0;A01
76855;201400050314;0;7;0;0.0;2.0;1.0;1.0;A01