;Num_Acc;senc;catv;occutc;obs;obsm;choc;manv;num_veh
77700;201400050796;0;7;0;0.0;2.0;4.0;2.0;B01
77701;201400050797;0;7;0;13.0;0.0;2.0;14.0;A01
77702;201400050798;0;15;0;4.0;2.0;8.0;1.0;C01
77703;201400050798;0;7;0;4.0;2.0;7.0;14.0;A01
77704;201400050798;0;15;0;4.0;2.0;8.0;1.0;B01
77705;201400050800;0;7;0;0.0;2.0;1.0;2.0;A01
77706;201400050800;0;7;0;0.0;2.0;4.0;2.0;B01
77707;201400050802;0;10;0;3.0;0.0;2.0;14.0;A01
77708;201400050803;0;7;0;0.0;2.0;4.0;2.0;B01
77709;201400050803;0;7;0;0.0;2.0;1.0;2.0;A01
77710;201400050803;0;7;0;0.0;2.0;4.0;2.0;C01
77711;201400050804;0;7;0;0.0;0.0;0.0;0.0;B01
77712;201400050804;1;7;0;0.0;2.0;1.0;2.0;A01
77713;201400050804;0;7;0;0.0;2.0;4.0;0.0;C01
77714;201400050804;0;7;0;0.0;0.0;0.0;0.0;D01
77715;201400050805;0;15;0;0.0;2.0;2.0;1.0;B01
77716;201400050805;0;7;0;4.0;2.0;4.0;11.0;A01
77717;201400050809;0;7;0;0.0;2.0;4.0;2.0;C01
77718;201400050809;0;10;0;0.0;2.0;1.0;2.0;A01
77719;201400050809;0;7;0;0.0;2.0;4.0;2.0;B01
77720;201400050810;0;7;0;0.0;0.0;8.0;1.0;B01
77721;201400050810;0;14;0;0.0;0.0;5.0;12.0;A01
77722;201400050811;0;7;0;4.0;2.0;6.0;0.0;A01
77723;201400050811;0;7;0;0.0;2.0;5.0;0.0;B01
77724;201400050811;0;7;0;0.0;0.0;4.0;0.0;C01
77725;201400050812;0;7;0;4.0;0.0;3.0;17.0;A01
77726;201400050813;0;7;0;0.0;0.0;0.0;0.0;T01
77727;201400050813;0;7;0;4.0;2.0;3.0;12.0;A01
77728;201400050813;0;10;0;0.0;2.0;8.0;0.0;B01
77729;201400050814;0;7;0;3.0;0.0;6.0;17.0;A01
77730;201400050816;0;7;0;0.0;2.0;2.0;19.0;A01
77731;201400050816;0;33;0;0.0;2.0;1.0;1.0;B01
77732;201400050817;0;7;0;0.0;2.0;6.0;1.0;B01
77733;201400050817;0;17;0;0.0;2.0;2.0;12.0;A01
77734;201400050818;0;7;0;0.0;0.0;0.0;0.0;B01
77735;201400050818;0;15;0;0.0;2.0;2.0;12.0;A01
77736;201400050819;0;7;0;3.0;0.0;3.0;1.0;A01
77737;201400050820;0;33;0;14.0;2.0;4.0;1.0;A01
77738;201400050820;0;33;0;14.0;2.0;1.0;1.0;B01
77739;201400050821;0;7;0;0.0;2.0;4.0;2.0;B01
77740;201400050821;0;7;0;0.0;2.0;1.0;1.0;A01
77741;201400050821;0;7;0;0.0;0.0;0.0;0.0;C01
77742;201400050822;0;7;0;0.0;2.0;4.0;2.0;B01
77743;201400050822;0;10;0;0.0;2.0;1.0;2.0;A01
77744;201400050822;0;7;0;0.0;2.0;4.0;2.0;C01
77745;201400050823;0;33;0;0.0;2.0;3.0;18.0;A01
77746;201400050823;0;10;0;0.0;2.0;2.0;2.0;B01
77747;201400050824;0;7;0;0.0;0.0;5.0;1.0;B01
77748;201400050824;0;7;0;0.0;2.0;3.0;0.0;A01
77749;201400050824;0;7;0;0.0;0.0;7.0;1.0;C01
77750;201400050825;0;13;0;0.0;0.0;8.0;11.0;A01
77751;201400050825;0;10;0;0.0;0.0;7.0;1.0;B01
77752;201400050826;0;15;0;0.0;2.0;2.0;1.0;B01
77753;201400050826;0;7;0;0.0;2.0;3.0;9.0;A01
77754;201400050827;1;1;0;0.0;0.0;0.0;1.0;Z01
77755;201400050827;0;33;0;0.0;0.0;0.0;0.0;A01
77756;201400050829;0;7;0;0.0;2.0;1.0;1.0;D01
77757;201400050829;0;7;0;0.0;2.0;1.0;1.0;A01
77758;201400050829;0;7;0;0.0;2.0;4.0;1.0;H02
77759;201400050829;0;7;0;0.0;2.0;4.0;1.0;G02
77760;201400050829;0;7;0;0.0;0.0;0.0;0.0;C01
77761;201400050829;0;7;0;0.0;2.0;1.0;1.0;E01
77762;201400050829;0;7;0;0.0;2.0;1.0;1.0;B01
77763;201400050829;0;7;0;0.0;2.0;3.0;12.0;F02
77764;201400050829;0;10;0;0.0;0.0;4.0;1.0;I02
77765;201400050830;0;7;0;;2.0;0.0;0.0;A01
77766;201400050830;0;7;0;0.0;2.0;;0.0;B02
77767;201400050830;0;7;0;;2.0;;;C02
77768;201400050831;0;33;0;0.0;0.0;0.0;11.0;A01
77769;201400050832;0;7;0;0.0;0.0;1.0;1.0;A01
77770;201400050834;0;7;0;0.0;2.0;8.0;2.0;B01
77771;201400050834;0;7;0;0.0;2.0;2.0;0.0;A01
77772;201400050835;0;31;0;0.0;2.0;1.0;3.0;A01
77773;201400050835;0;7;0;0.0;0.0;6.0;2.0;B01
77774;201400050836;0;7;0;4.0;0.0;3.0;17.0;A01
77775;201400050837;0;7;0;0.0;2.0;6.0;1.0;A01
77776;201400050837;0;7;0;3.0;2.0;3.0;1.0;B01
77777;201400050837;0;7;0;3.0;2.0;8.0;21.0;C01
77778;201400050837;1;7;0;0.0;2.0;0.0;0.0;Z01
77779;201400050838;0;10;0;0.0;0.0;6.0;1.0;A01
77780;201400050838;0;10;0;0.0;0.0;3.0;1.0;B01
77781;201400050839;0;7;0;0.0;2.0;1.0;2.0;A01
77782;201400050839;0;7;0;0.0;0.0;0.0;1.0;B01
77783;201400050839;0;7;0;0.0;2.0;4.0;2.0;C01
77784;201400050839;0;7;0;0.0;2.0;4.0;2.0;D01
77785;201400050840;0;33;0;0.0;2.0;7.0;3.0;A01
77786;201400050840;0;7;0;0.0;2.0;8.0;1.0;B01
77787;201400050841;0;7;0;0.0;2.0;5.0;24.0;B01
77788;201400050841;0;7;0;1.0;0.0;3.0;14.0;A01
77789;201400050842;0;7;0;0.0;2.0;1.0;2.0;A01
77790;201400050842;0;7;0;0.0;2.0;4.0;2.0;B01
77791;201400050843;0;7;0;4.0;0.0;8.0;1.0;A01
77792;201400050844;0;14;0;0.0;2.0;1.0;2.0;A01
77793;201400050844;0;15;0;0.0;0.0;0.0;0.0;B01
77794;201400050844;0;10;0;0.0;2.0;1.0;2.0;C01
77795;201400050845;0;10;0;0.0;2.0;1.0;1.0;A01
77796;201400050845;0;7;0;0.0;2.0;4.0;23.0;B01
77797;201400050845;0;10;0;0.0;2.0;4.0;23.0;C01
77798;201400050845;0;10;0;0.0;2.0;8.0;23.0;D01
77799;201400050845;0;10;0;0.0;2.0;4.0;23.0;E01
77800;201400050846;0;13;0;0.0;0.0;2.0;9.0;A01
77801;201400050846;0;7;0;0.0;0.0;6.0;0.0;B01
77802;201400050847;0;10;0;0.0;2.0;1.0;2.0;A01
77803;201400050847;0;7;0;0.0;2.0;4.0;2.0;B01
77804;201400050847;0;7;0;0.0;2.0;4.0;2.0;C01
77805;201400050848;0;7;0;0.0;2.0;3.0;21.0;A01
77806;201400050848;0;7;0;0.0;0.0;7.0;1.0;C01
77807;201400050848;0;7;0;0.0;2.0;4.0;2.0;B01
77808;201400050848;0;10;0;0.0;0.0;4.0;2.0;D01
77809;201400050849;0;7;0;0.0;2.0;1.0;2.0;A01
77810;201400050849;0;7;0;0.0;2.0;9.0;2.0;B01
77811;201400050849;0;7;0;0.0;2.0;4.0;23.0;C01
77812;201400050850;0;33;0;0.0;2.0;1.0;2.0;A01
77813;201400050850;0;7;0;0.0;0.0;6.0;2.0;B01
77814;201400050850;0;7;0;0.0;0.0;0.0;0.0;T01
77815;201400050851;0;7;0;0.0;2.0;1.0;2.0;B01
77816;201400050851;0;7;0;0.0;2.0;1.0;2.0;C01
77817;201400050851;0;7;0;0.0;2.0;4.0;2.0;A01
77818;201400050851;0;7;0;0.0;2.0;1.0;2.0;D01
77819;201400050852;0;30;0;0.0;2.0;0.0;19.0;A01
77820;201400050852;0;7;0;0.0;2.0;0.0;1.0;B01
77821;201400050853;0;7;0;14.0;0.0;1.0;2.0;A01
77822;201400050853;0;7;0;1.0;0.0;5.0;2.0;B01
77823;201400050853;0;7;0;0.0;2.0;4.0;1.0;C01
77824;201400050855;0;7;0;0.0;0.0;9.0;1.0;A01
77825;201400050856;0;7;0;4.0;0.0;3.0;0.0;A01
77826;201400050857;0;7;0;0.0;2.0;3.0;17.0;A01
77827;201400050857;0;7;0;0.0;2.0;7.0;0.0;B01
77828;201400050857;0;10;0;0.0;2.0;4.0;0.0;C01
77829;201400050859;0;7;0;0.0;0.0;4.0;2.0;B01
77830;201400050859;0;17;0;0.0;0.0;1.0;2.0;A01
77831;201400050860;0;7;0;0.0;2.0;4.0;2.0;F02
77832;201400050860;0;7;0;0.0;2.0;6.0;2.0;B01
77833;201400050860;0;7;0;0.0;2.0;3.0;2.0;D01
77834;201400050860;0;7;0;0.0;2.0;4.0;2.0;E01
77835;201400050860;0;15;0;0.0;2.0;1.0;2.0;A01
77836;201400050860;0;7;0;0.0;2.0;4.0;1.0;C01
77837;201400050861;0;10;0;0.0;2.0;6.0;1.0;B01
77838;201400050861;0;10;0;0.0;2.0;2.0;14.0;A01
77839;201400050862;0;7;0;0.0;2.0;4.0;2.0;B01
77840;201400050862;0;7;0;0.0;2.0;1.0;2.0;A01
77841;201400050863;0;7;0;4.0;0.0;3.0;13.0;A01
77842;201400050865;0;7;0;4.0;0.0;2.0;2.0;A01
77843;201400050866;0;7;0;4.0;0.0;2.0;14.0;A01
77844;201400050867;0;7;0;6.0;0.0;0.0;17.0;A01
77845;201400050868;0;10;0;0.0;0.0;4.0;2.0;B01
77846;201400050868;0;10;0;0.0;0.0;4.0;2.0;C01
77847;201400050868;0;10;0;0.0;0.0;4.0;2.0;D01
77848;201400050868;0;10;0;0.0;0.0;1.0;2.0;A01
77849;201400050869;0;7;0;0.0;0.0;0.0;0.0;A01
77850;201400050870;0;99;0;0.0;0.0;2.0;21.0;A01
77851;201400050870;0;17;0;0.0;0.0;6.0;1.0;B01
77852;201400050871;0;7;0;3.0;0.0;4.0;1.0;A01
77853;201400050872;0;33;0;0.0;2.0;3.0;3.0;A01
77854;201400050872;0;7;0;0.0;2.0;2.0;12.0;B01
77855;201400050872;0;7;0;0.0;2.0;6.0;1.0;C01
77856;201400050873;0;7;0;3.0;0.0;1.0;14.0;A01
77857;201400050875;0;33;0;0.0;2.0;0.0;0.0;A01
77858;201400050876;0;33;0;3.0;0.0;8.0;0.0;A01
77859;201400050877;0;7;0;0.0;2.0;1.0;2.0;A01
77860;201400050877;0;14;0;0.0;0.0;6.0;23.0;B01
77861;201400050879;0;7;0;0.0;2.0;4.0;2.0;B01
77862;201400050879;0;7;0;0.0;2.0;1.0;2.0;A01
77863;201400050879;0;7;0;0.0;0.0;4.0;0.0;C01
77864;201400050880;0;7;0;0.0;2.0;1.0;23.0;B01
77865;201400050880;0;7;0;0.0;2.0;1.0;2.0;A01
77866;201400050880;0;10;0;0.0;2.0;4.0;23.0;C01
77867;201400050880;0;17;0;0.0;0.0;4.0;23.0;D01
77868;201400050881;0;99;0;0.0;2.0;4.0;2.0;B01
77869;201400050881;0;10;0;0.0;2.0;1.0;12.0;A01
77870;201400050881;0;7;0;0.0;0.0;4.0;2.0;D01
77871;201400050881;0;7;0;0.0;2.0;4.0;2.0;C01
77872;201400050882;0;10;0;0.0;2.0;1.0;2.0;A01
77873;201400050882;0;7;0;0.0;0.0;6.0;1.0;B01
77874;201400050883;0;7;0;0.0;2.0;4.0;1.0;B01
77875;201400050883;0;7;0;0.0;0.0;4.0;1.0;C01
77876;201400050883;0;7;0;0.0;2.0;1.0;1.0;D01
77877;201400050883;0;7;0;0.0;2.0;1.0;1.0;A01
77878;201400050884;0;7;0;0.0;2.0;4.0;2.0;C01
77879;201400050884;0;10;0;0.0;2.0;3.0;0.0;A01
77880;201400050884;0;7;0;0.0;2.0;5.0;2.0;B01
77881;201400050885;0;7;0;0.0;2.0;1.0;1.0;A01
77882;201400050885;0;7;0;0.0;2.0;4.0;0.0;C01
77883;201400050885;0;7;0;0.0;2.0;4.0;0.0;B01
77884;201400050886;0;7;0;0.0;2.0;4.0;2.0;B01
77885;201400050886;0;7;0;0.0;2.0;1.0;2.0;A01
77886;201400050887;0;7;0;0.0;1.0;1.0;1.0;A01
77887;201400050888;0;13;0;4.0;2.0;9.0;13.0;A01
77888;201400050888;0;14;0;0.0;2.0;2.0;2.0;B01
77889;201400050889;0;15;0;0.0;2.0;1.0;2.0;A01
77890;201400050889;0;7;0;0.0;2.0;1.0;2.0;C01
77891;201400050889;0;7;0;0.0;2.0;4.0;2.0;B01
77892;201400050890;0;14;0;0.0;2.0;2.0;12.0;A01
77893;201400050890;0;7;0;0.0;0.0;3.0;1.0;B01
77894;201400050891;0;15;0;0.0;2.0;4.0;0.0;B01
77895;201400050891;0;15;0;0.0;2.0;1.0;1.0;A01
77896;201400050892;0;7;0;4.0;0.0;1.0;1.0;A01
77897;201400050893;0;7;0;4.0;0.0;1.0;15.0;A01
77898;201400050894;0;7;0;0.0;2.0;5.0;1.0;B01
77899;201400050894;0;7;0;0.0;2.0;3.0;13.0;A01
77900;201400050895;0;7;0;4.0;0.0;2.0;1.0;A01
77901;201400050895;1;7;0;0.0;0.0;0.0;12.0;Z01
77902;201400050896;0;10;0;2.0;0.0;1.0;14.0;A01
77903;201400050898;0;10;0;0.0;0.0;1.0;2.0;A01
77904;201400050898;0;7;0;0.0;0.0;4.0;2.0;C01
77905;201400050898;0;7;0;0.0;0.0;4.0;2.0;B01
77906;201400050899;0;7;0;0.0;0.0;0.0;0.0;B01
77907;201400050899;0;15;0;0.0;0.0;0.0;0.0;A01
77908;201400050900;0;7;0;4.0;0.0;1.0;0.0;A01
77909;201400050900;1;7;0;0.0;0.0;0.0;0.0;Z01
77910;201400050901;0;7;0;4.0;0.0;2.0;16.0;A01
77911;201400050902;0;7;0;3.0;0.0;7.0;1.0;A01
77912;201400050903;0;10;0;0.0;2.0;5.0;14.0;B01
77913;201400050903;0;32;0;0.0;2.0;8.0;3.0;A01
77914;201400050904;0;7;0;0.0;0.0;0.0;0.0;A01
77915;201400050904;0;7;0;0.0;0.0;0.0;0.0;B01
77916;201400050905;0;7;0;0.0;2.0;1.0;2.0;A01
77917;201400050905;0;7;0;0.0;2.0;5.0;2.0;C01
77918;201400050905;0;7;0;0.0;0.0;0.0;0.0;B01
77919;201400050907;0;7;0;0.0;2.0;4.0;2.0;B01
77920;201400050907;0;7;0;0.0;2.0;1.0;2.0;A01
77921;201400050907;0;7;0;0.0;0.0;4.0;2.0;C01
77922;201400050908;0;7;0;4.0;0.0;1.0;13.0;A01
77923;201400050909;0;7;0;4.0;0.0;1.0;11.0;A01
77924;201400050910;0;7;0;0.0;2.0;4.0;1.0;B01
77925;201400050910;0;7;0;0.0;2.0;1.0;12.0;A01
77926;201400050911;0;15;0;0.0;2.0;4.0;2.0;B01
77927;201400050911;0;7;0;0.0;2.0;1.0;2.0;A01
77928;201400050912;0;7;0;0.0;0.0;0.0;2.0;B01
77929;201400050912;0;15;0;0.0;0.0;0.0;0.0;A01
77930;201400050913;0;33;0;0.0;0.0;8.0;0.0;A01
77931;201400050915;0;7;0;0.0;2.0;1.0;2.0;A01
77932;201400050915;0;7;0;0.0;2.0;4.0;2.0;B01
77933;201400050915;0;7;0;0.0;0.0;4.0;11.0;C01
77934;201400050916;0;7;0;1.0;0.0;1.0;2.0;A01
77935;201400050916;0;3;0;0.0;0.0;4.0;23.0;B01
77936;201400050917;0;7;0;4.0;0.0;1.0;2.0;A01
77937;201400050918;0;7;0;0.0;2.0;1.0;2.0;A01
77938;201400050918;0;7;0;0.0;2.0;4.0;2.0;C01
77939;201400050918;0;7;0;0.0;2.0;4.0;2.0;B01
77940;201400050919;0;7;0;0.0;2.0;1.0;2.0;A01
77941;201400050919;0;7;0;0.0;2.0;4.0;1.0;B01
77942;201400050920;0;7;0;0.0;9.0;0.0;23.0;A01
77943;201400050920;0;7;0;0.0;2.0;0.0;0.0;E01
77944;201400050920;0;7;0;0.0;2.0;1.0;0.0;B01
77945;201400050920;0;7;0;0.0;2.0;1.0;21.0;D01
77946;201400050920;0;7;0;0.0;2.0;1.0;21.0;F02
77947;201400050920;0;7;0;0.0;2.0;2.0;21.0;C01
77948;201400050920;0;10;0;0.0;2.0;1.0;21.0;G02
77949;201400050921;0;33;0;0.0;0.0;0.0;1.0;A01
77950;201400050922;0;7;0;0.0;2.0;1.0;2.0;A01
77951;201400050922;0;7;0;0.0;2.0;4.0;2.0;B01
77952;201400050923;0;7;0;0.0;2.0;1.0;17.0;C01
77953;201400050923;0;15;0;0.0;2.0;2.0;12.0;A01
77954;201400050923;0;7;0;3.0;2.0;8.0;1.0;B01
77955;201400050924;0;7;0;0.0;2.0;4.0;23.0;C01
77956;201400050924;0;7;0;0.0;2.0;5.0;23.0;D01
77957;201400050924;0;7;0;0.0;2.0;5.0;23.0;B01
77958;201400050924;0;7;0;0.0;2.0;3.0;11.0;A01
77959;201400050925;0;7;0;0.0;2.0;1.0;12.0;A01
77960;201400050925;0;7;0;0.0;2.0;4.0;1.0;B01
77961;201400050926;0;17;0;0.0;2.0;1.0;2.0;A01
77962;201400050926;0;17;0;0.0;2.0;4.0;1.0;B01
77963;201400050927;0;17;0;13.0;0.0;7.0;14.0;A01
77964;201400050928;0;7;0;0.0;0.0;6.0;1.0;A01
77965;201400050928;0;7;0;0.0;2.0;1.0;1.0;B01
77966;201400050928;0;7;0;0.0;2.0;6.0;23.0;C01
77967;201400050928;0;7;0;0.0;2.0;4.0;23.0;D01
77968;201400050928;0;7;0;0.0;2.0;3.0;23.0;E01
77969;201400050928;1;7;0;0.0;0.0;0.0;0.0;Z02
77970;201400050929;0;7;0;4.0;0.0;4.0;1.0;A01
77971;201400050930;0;7;0;0.0;9.0;6.0;0.0;B01
77972;201400050930;0;7;0;0.0;2.0;1.0;0.0;A01
77973;201400050932;0;10;0;0.0;0.0;4.0;2.0;B01
77974;201400050932;0;7;0;0.0;2.0;1.0;2.0;A01
77975;201400050933;0;7;0;4.0;0.0;2.0;1.0;A01
77976;201400050934;0;7;0;0.0;2.0;4.0;2.0;C01
77977;201400050934;0;7;0;0.0;2.0;1.0;2.0;B01
77978;201400050934;0;17;0;0.0;2.0;1.0;2.0;A01
77979;201400050936;0;7;0;6.0;0.0;3.0;1.0;A01
77980;201400050937;0;7;0;0.0;2.0;1.0;1.0;A01
77981;201400050937;0;10;0;0.0;2.0;4.0;2.0;B01
77982;201400050937;0;7;0;0.0;2.0;9.0;0.0;C01
77983;201400050937;0;7;0;0.0;2.0;4.0;1.0;D01
77984;201400050938;0;17;0;0.0;9.0;2.0;0.0;E01
77985;201400050938;0;7;0;0.0;9.0;1.0;0.0;D01
77986;201400050938;0;14;0;0.0;2.0;7.0;1.0;B01
77987;201400050938;0;7;0;4.0;2.0;8.0;9.0;A01
77988;201400050938;0;10;0;0.0;2.0;1.0;0.0;C01
77989;201400050940;0;7;0;4.0;0.0;1.0;16.0;A01
77990;201400050941;0;15;0;4.0;0.0;7.0;14.0;A01
77991;201400050942;0;10;0;0.0;2.0;1.0;2.0;A01
77992;201400050942;0;7;0;0.0;9.0;4.0;2.0;B01
77993;201400050943;0;7;0;0.0;2.0;8.0;1.0;B01
77994;201400050943;0;17;0;0.0;2.0;2.0;12.0;A01
77995;201400050944;0;16;0;0.0;2.0;1.0;12.0;A01
77996;201400050944;0;7;0;4.0;0.0;5.0;1.0;C01
77997;201400050944;0;10;0;0.0;2.0;4.0;1.0;B01
77998;201400050946;0;7;0;4.0;0.0;1.0;14.0;A01
77999;201400050947;0;7;0;0.0;0.0;5.0;12.0;A01
78000;201400050948;0;7;0;0.0;2.0;4.0;2.0;B01
78001;201400050948;0;7;0;0.0;2.0;4.0;2.0;C01
78002;201400050948;0;7;0;0.0;2.0;1.0;2.0;A01
78003;201400050950;0;7;0;0.0;2.0;4.0;1.0;B01
78004;201400050950;0;7;0;0.0;2.0;1.0;2.0;A01
78005;201400050951;0;7;0;0.0;2.0;4.0;0.0;D01
78006;201400050951;2;7;0;0.0;2.0;2.0;2.0;Z01
78007;201400050951;0;7;0;0.0;2.0;6.0;1.0;C01
78008;201400050951;0;7;0;0.0;2.0;8.0;12.0;B01
78009;201400050952;0;7;0;0.0;2.0;2.0;14.0;A01
78010;201400050952;0;7;0;0.0;2.0;3.0;1.0;B01
78011;201400050952;0;7;0;0.0;0.0;5.0;1.0;C01
78012;201400050953;0;7;0;0.0;2.0;1.0;2.0;A01
78013;201400050953;0;7;0;0.0;0.0;4.0;23.0;B01
78014;201400050954;0;7;0;0.0;0.0;4.0;2.0;B01
78015;201400050954;0;7;0;0.0;0.0;1.0;2.0;A01
78016;201400050955;0;7;0;0.0;2.0;5.0;2.0;A01
78017;201400050955;0;7;0;4.0;0.0;6.0;2.0;B01
78018;201400050956;0;7;0;4.0;0.0;6.0;1.0;A01
78019;201400050956;1;7;0;0.0;2.0;2.0;18.0;Z01
78020;201400050957;0;7;0;5.0;0.0;1.0;3.0;A01
78021;201400050958;0;7;0;0.0;0.0;4.0;11.0;A01
78022;201400050958;0;33;0;0.0;2.0;1.0;1.0;B01
78023;201400050959;0;7;0;4.0;0.0;3.0;1.0;A01
78024;201400050960;0;7;0;4.0;2.0;2.0;12.0;A01
78025;201400050960;0;16;0;0.0;2.0;8.0;1.0;B01
78026;201400050961;0;7;0;4.0;0.0;7.0;14.0;A01
78027;201400050962;0;7;0;0.0;2.0;1.0;2.0;A01
78028;201400050962;0;7;0;0.0;2.0;4.0;2.0;B01
78029;201400050963;0;10;0;0.0;2.0;3.0;1.0;B01
78030;201400050963;0;7;0;0.0;2.0;7.0;16.0;A01
78031;201400050964;0;7;0;0.0;2.0;1.0;2.0;B01
78032;201400050964;0;15;0;0.0;2.0;3.0;12.0;C01
78033;201400050964;0;17;0;5.0;0.0;3.0;1.0;A01
78034;201400050965;0;7;0;0.0;0.0;1.0;0.0;A01
78035;201400050966;0;7;0;4.0;0.0;2.0;1.0;A01
78036;201400050967;0;7;0;0.0;2.0;1.0;2.0;A01
78037;201400050967;0;7;0;0.0;2.0;4.0;2.0;B01
78038;201400050967;0;7;0;0.0;2.0;4.0;2.0;C01
78039;201400050967;0;7;0;0.0;2.0;4.0;2.0;D01
78040;201400050968;0;7;0;0.0;2.0;1.0;2.0;A01
78041;201400050968;0;7;0;0.0;0.0;4.0;2.0;B01
78042;201400050969;0;14;0;0.0;9.0;1.0;1.0;B01
78043;201400050969;0;15;0;3.0;0.0;9.0;1.0;A01
78044;201400050969;0;17;0;0.0;2.0;1.0;1.0;C01
78045;201400050969;0;17;0;0.0;2.0;2.0;1.0;D01
78046;201400050970;0;7;0;0.0;2.0;4.0;0.0;D01
78047;201400050970;0;7;0;0.0;2.0;4.0;1.0;B01
78048;201400050970;0;7;0;0.0;2.0;4.0;0.0;C01
78049;201400050970;0;7;0;0.0;2.0;1.0;1.0;A01
78050;201400050971;0;7;0;0.0;2.0;1.0;2.0;A01
78051;201400050971;0;7;0;0.0;2.0;4.0;2.0;B01
78052;201400050972;0;10;0;0.0;0.0;0.0;0.0;A01
78053;201400050972;0;7;0;0.0;9.0;1.0;0.0;B01
78054;201400050973;0;7;0;4.0;0.0;1.0;0.0;A01
78055;201400050973;0;7;0;0.0;2.0;2.0;2.0;B01
78056;201400050974;0;7;0;4.0;0.0;2.0;14.0;A01
78057;201400050975;0;7;0;0.0;2.0;2.0;14.0;A01
78058;201400050975;0;7;0;0.0;2.0;6.0;1.0;B01
78059;201400050976;0;7;0;0.0;2.0;1.0;2.0;A01
78060;201400050976;0;15;0;0.0;0.0;0.0;0.0;B01
78061;201400050977;0;7;0;0.0;2.0;1.0;2.0;A01
78062;201400050977;0;7;0;0.0;2.0;4.0;2.0;B01
78063;201400050977;0;7;0;0.0;2.0;4.0;2.0;C01
78064;201400050978;0;7;0;0.0;2.0;1.0;2.0;A01
78065;201400050978;0;7;0;0.0;9.0;4.0;1.0;B01
78066;201400050979;0;7;0;3.0;0.0;1.0;0.0;A01
78067;201400050980;0;7;0;4.0;0.0;3.0;13.0;A01
78068;201400050981;0;7;0;14.0;0.0;0.0;19.0;A01
78069;201400050981;0;7;0;4.0;0.0;1.0;14.0;B01
78070;201400050982;0;7;0;0.0;0.0;1.0;2.0;B01
78071;201400050982;0;7;0;0.0;0.0;1.0;2.0;A01
78072;201400050982;0;7;0;0.0;0.0;6.0;0.0;C01
78073;201400050983;0;7;0;0.0;1.0;1.0;1.0;A01
78074;201400050984;0;7;0;0.0;1.0;3.0;1.0;A01
78075;201400050985;0;99;0;0.0;2.0;3.0;2.0;A01
78076;201400050985;0;7;0;0.0;2.0;2.0;1.0;B01
78077;201400050986;0;7;0;0.0;2.0;3.0;9.0;B01
78078;201400050986;0;31;0;0.0;2.0;1.0;17.0;A01
78079;201400050987;0;7;0;1.0;1.0;2.0;1.0;A01
78080;201400050988;0;7;0;0.0;1.0;2.0;1.0;A01
78081;201400050989;0;7;0;0.0;0.0;1.0;15.0;B01
78082;201400050989;0;7;0;0.0;0.0;1.0;11.0;A01
78083;201400050990;0;31;0;0.0;2.0;1.0;1.0;B01
78084;201400050990;0;7;0;0.0;2.0;6.0;10.0;A01
78085;201400050991;0;31;0;0.0;2.0;1.0;2.0;A01
78086;201400050991;0;7;0;0.0;0.0;5.0;2.0;B01
78087;201400050991;0;7;0;0.0;0.0;8.0;2.0;C01
78088;201400050992;0;99;0;0.0;1.0;3.0;17.0;A01
78089;201400050993;0;7;0;0.0;2.0;1.0;2.0;A01
78090;201400050993;0;7;0;0.0;0.0;4.0;2.0;B01
78091;201400050994;0;7;0;15.0;0.0;2.0;6.0;A01
78092;201400050995;0;7;0;0.0;2.0;7.0;19.0;A01
78093;201400050995;0;7;0;0.0;2.0;1.0;1.0;B01
78094;201400050996;0;7;0;0.0;2.0;1.0;0.0;A01
78095;201400050996;0;7;0;0.0;2.0;8.0;1.0;B01
78096;201400050998;0;7;0;2.0;0.0;1.0;14.0;A01
78097;201400051000;0;7;0;0.0;0.0;1.0;15.0;A01
78098;201400051000;0;7;0;0.0;0.0;1.0;1.0;B01
78099;201400051001;0;7;0;0.0;2.0;2.0;9.0;A01
78100;201400051001;0;7;0;0.0;2.0;3.0;23.0;C01
78101;201400051001;0;32;0;0.0;2.0;7.0;1.0;B01
78102;201400051002;0;7;0;0.0;1.0;7.0;17.0;A01
78103;201400051003;0;33;0;0.0;1.0;1.0;1.0;A01
78104;201400051004;2;3;0;0.0;1.0;1.0;18.0;Z01
78105;201400051005;0;7;0;0.0;0.0;3.0;2.0;A01
78106;201400051005;0;7;0;0.0;0.0;1.0;2.0;B01
78107;201400051006;0;33;0;1.0;0.0;2.0;17.0;A01
78108;201400051006;0;7;0;0.0;2.0;3.0;15.0;B01
78109;201400051007;0;30;0;0.0;2.0;6.0;15.0;A01
78110;201400051007;0;2;0;0.0;2.0;5.0;1.0;B01
78111;201400051008;0;7;0;0.0;2.0;1.0;2.0;B01
78112;201400051008;0;7;0;0.0;2.0;1.0;2.0;A01
78113;201400051008;0;7;0;0.0;2.0;4.0;2.0;C01
78114;201400051009;0;7;0;0.0;2.0;0.0;15.0;B01
78115;201400051009;0;20;0;0.0;2.0;1.0;1.0;A01
78116;201400051010;0;7;0;0.0;2.0;6.0;1.0;B01
78117;201400051010;0;7;0;0.0;2.0;1.0;1.0;A01
78118;201400051011;0;1;0;0.0;2.0;1.0;1.0;A01
78119;201400051011;0;7;0;0.0;2.0;3.0;1.0;B01
78120;201400051012;0;33;0;0.0;1.0;6.0;1.0;A01
78121;201400051013;0;34;0;14.0;2.0;1.0;1.0;A01