;Num_Acc;senc;catv;occutc;obs;obsm;choc;manv;num_veh
78543;201400051250;0;7;0;0.0;2.0;1.0;2.0;C01
78544;201400051252;0;7;0;3.0;0.0;1.0;0.0;A01
78545;201400051254;0;7;0;0.0;0.0;6.0;2.0;A01
78546;201400051254;0;13;0;0.0;2.0;2.0;13.0;B01
78547;201400051255;0;7;0;2.0;0.0;1.0;1.0;A01
78548;201400051256;0;7;0;7.0;0.0;1.0;2.0;A01
78549;201400051257;0;7;0;7.0;0.0;1.0;0.0;A01
78550;201400051261;0;7;0;0.0;0.0;4.0;2.0;A01
78551;201400051261;0;7;0;0.0;0.0;1.0;2.0;B01
78552;201400051262;0;7;0;0.0;0.0;6.0;1.0;A01
78553;201400051262;0;7;0;0.0;2.0;2.0;0.0;B01
78554;201400051262;0;7;0;0.0;2.0;2.0;1.0;C01
78555;201400051263;0;7;0;0.0;2.0;4.0;23.0;A01
78556;201400051263;0;7;0;0.0;2.0;1.0;2.0;B01
78557;201400051263;0;7;0;0.0;2.0;4.0;2.0;C01
78558;201400051263;0;7;0;0.0;2.0;1.0;2.0;D01
78559;201400051264;0;33;0;0.0;0.0;1.0;2.0;A01
78560;201400051265;0;33;0;0.0;0.0;1.0;1.0;A01
78561;201400051265;0;7;0;0.0;0.0;6.0;11.0;B01
78562;201400051265;0;10;0;0.0;0.0;8.0;1.0;C01
78563;201400051266;0;7;0;0.0;2.0;1.0;1.0;B01
78564;201400051267;0;7;0;0.0;0.0;9.0;1.0;A01
78565;201400051268;0;7;0;4.0;0.0;1.0;1.0;A01
78566;201400051269;0;7;0;0.0;2.0;3.0;2.0;A01
78567;201400051269;0;7;0;0.0;2.0;2.0;2.0;B01
78568;201400051269;0;7;0;0.0;2.0;2.0;2.0;C01
78569;201400051270;0;7;0;4.0;0.0;3.0;1.0;A01
78570;201400051271;0;7;0;0.0;0.0;0.0;2.0;A01
78571;201400051271;0;7;0;0.0;0.0;1.0;2.0;B01
78572;201400051271;0;10;0;0.0;0.0;1.0;11.0;C01
78573;201400051271;0;10;0;0.0;0.0;1.0;2.0;D01
78574;201400051271;0;10;0;0.0;0.0;3.0;2.0;E01
78575;201400051271;0;34;0;0.0;0.0;0.0;2.0;F02
78576;201400051272;0;7;0;0.0;0.0;4.0;0.0;A01
78577;201400051272;0;7;0;0.0;2.0;1.0;0.0;B01
78578;201400051273;0;7;0;0.0;2.0;4.0;2.0;A01
78579;201400051273;0;7;0;0.0;2.0;1.0;2.0;B01
78580;201400051274;0;7;0;0.0;0.0;1.0;0.0;A01
78581;201400051275;0;33;0;3.0;0.0;1.0;2.0;A01
78582;201400051277;0;10;0;0.0;2.0;4.0;2.0;A01
78583;201400051277;0;7;0;0.0;2.0;1.0;2.0;B01
78584;201400051278;0;7;0;4.0;0.0;3.0;1.0;A01
78585;201400051279;0;10;0;4.0;2.0;2.0;14.0;A01
78586;201400051279;0;10;0;0.0;2.0;8.0;1.0;B01
78587;201400051280;0;13;0;0.0;0.0;4.0;2.0;A01
78588;201400051280;0;7;0;0.0;0.0;1.0;2.0;B01
78589;201400051281;0;7;0;0.0;0.0;4.0;1.0;A01
78590;201400051281;0;7;0;0.0;0.0;1.0;2.0;B01
78591;201400051281;0;7;0;0.0;2.0;8.0;2.0;C01
78592;201400051282;0;7;0;0.0;2.0;6.0;12.0;A01
78593;201400051282;0;7;0;0.0;2.0;1.0;1.0;B01
78594;201400051283;0;7;0;0.0;0.0;3.0;1.0;A01
78595;201400051283;0;7;0;0.0;2.0;1.0;1.0;B01
78596;201400051284;0;7;0;0.0;0.0;0.0;2.0;A01
78597;201400051284;0;33;0;0.0;0.0;9.0;2.0;B01
78598;201400051285;0;13;0;0.0;0.0;4.0;1.0;A01
78599;201400051285;0;7;0;0.0;2.0;1.0;1.0;B01
78600;201400051286;0;7;0;0.0;2.0;4.0;1.0;A01
78601;201400051286;0;7;0;0.0;2.0;1.0;2.0;B01
78602;201400051288;0;7;0;0.0;2.0;4.0;14.0;B01
78603;201400051288;0;7;0;4.0;2.0;6.0;1.0;A01
78604;201400051289;0;7;0;0.0;0.0;4.0;2.0;A01
78605;201400051289;0;7;0;0.0;0.0;1.0;2.0;B01
78606;201400051291;0;7;0;0.0;0.0;4.0;0.0;A01
78607;201400051291;1;7;0;0.0;2.0;1.0;2.0;B01
78608;201400051292;0;10;0;0.0;0.0;0.0;0.0;A01
78609;201400051292;0;7;0;14.0;0.0;1.0;14.0;B01
78610;201400051293;0;7;0;0.0;0.0;4.0;2.0;A01
78611;201400051293;0;7;0;0.0;2.0;1.0;2.0;B01
78612;201400051294;0;33;0;0.0;2.0;6.0;2.0;A01
78613;201400051294;0;33;0;0.0;2.0;1.0;1.0;B01
78614;201400051295;0;7;0;0.0;0.0;4.0;2.0;A01
78615;201400051295;0;7;0;0.0;0.0;1.0;2.0;B01
78616;201400051296;0;7;0;0.0;0.0;6.0;1.0;A01
78617;201400051296;0;14;0;0.0;2.0;2.0;12.0;B01
78618;201400051296;0;33;0;0.0;0.0;0.0;0.0;C01
78619;201400051297;0;7;0;0.0;0.0;4.0;1.0;A01
78620;201400051297;0;7;0;0.0;2.0;2.0;17.0;B01
78621;201400051298;0;7;0;0.0;0.0;6.0;1.0;A01
78622;201400051298;0;7;0;0.0;2.0;1.0;0.0;B01
78623;201400051298;0;7;0;0.0;2.0;1.0;1.0;C01
78624;201400051298;0;7;0;0.0;2.0;1.0;2.0;D01
78625;201400051299;0;33;0;0.0;2.0;2.0;2.0;A01
78626;201400051300;0;7;0;0.0;0.0;3.0;0.0;A01
78627;201400051300;0;10;0;0.0;0.0;5.0;0.0;B01
78628;201400051300;0;33;0;0.0;2.0;2.0;3.0;C01
78629;201400051301;1;7;0;1.0;0.0;9.0;2.0;A01
78630;201400051302;0;7;0;4.0;0.0;8.0;0.0;A01
78631;201400051303;0;7;0;3.0;0.0;2.0;1.0;A01
78632;201400051304;0;7;0;0.0;2.0;7.0;14.0;A01
78633;201400051304;0;7;0;0.0;2.0;8.0;2.0;B01
78634;201400051305;0;7;0;0.0;2.0;2.0;12.0;A01
78635;201400051305;0;7;0;0.0;2.0;6.0;2.0;B01
78636;201400051306;0;7;0;0.0;2.0;4.0;2.0;A01
78637;201400051306;0;7;0;0.0;2.0;1.0;2.0;B01
78638;201400051306;1;7;0;0.0;2.0;4.0;2.0;Z01
78639;201400051307;0;7;0;0.0;0.0;1.0;0.0;A01
78640;201400051308;0;7;0;0.0;2.0;1.0;1.0;A01
78641;201400051308;0;7;0;0.0;2.0;4.0;1.0;B01
78642;201400051308;0;7;0;0.0;2.0;4.0;1.0;C01
78643;201400051308;0;7;0;0.0;2.0;4.0;1.0;D01
78644;201400051309;0;7;0;0.0;0.0;3.0;2.0;A01
78645;201400051309;0;15;0;0.0;0.0;5.0;2.0;B01
78646;201400051310;0;7;0;0.0;2.0;4.0;1.0;A01
78647;201400051310;0;7;0;0.0;2.0;1.0;0.0;B01
78648;201400051311;0;7;0;3.0;2.0;7.0;2.0;A01
78649;201400051311;0;7;0;0.0;2.0;8.0;11.0;B01
78650;201400051311;1;33;0;0.0;2.0;7.0;18.0;Z01
78651;201400051312;0;7;0;0.0;0.0;0.0;12.0;A01
78652;201400051312;0;7;0;3.0;2.0;2.0;21.0;B01
78653;201400051312;0;7;0;0.0;2.0;3.0;1.0;C01
78654;201400051313;1;33;0;0.0;2.0;0.0;1.0;A01
78655;201400051313;0;7;0;0.0;0.0;0.0;13.0;B01
78656;201400051314;0;7;0;0.0;0.0;6.0;12.0;A01
78657;201400051314;0;33;0;0.0;2.0;1.0;0.0;B01
78658;201400051315;0;7;0;3.0;0.0;9.0;13.0;A01
78659;201400051317;0;7;0;4.0;0.0;8.0;14.0;A01
78660;201400051317;0;7;0;0.0;0.0;0.0;0.0;B01
78661;201400051318;0;7;0;0.0;2.0;8.0;2.0;A01
78662;201400051318;0;33;0;0.0;2.0;2.0;2.0;B01
78663;201400051319;0;7;0;0.0;0.0;2.0;1.0;A01
78664;201400051320;0;7;0;0.0;2.0;6.0;2.0;A01
78665;201400051320;0;7;0;0.0;2.0;2.0;2.0;B01
78666;201400051321;0;15;0;0.0;2.0;2.0;12.0;A01
78667;201400051321;0;7;0;0.0;2.0;8.0;1.0;B01
78668;201400051322;0;7;0;0.0;0.0;6.0;1.0;A01
78669;201400051322;0;13;0;0.0;0.0;2.0;2.0;B01
78670;201400051322;0;7;0;0.0;0.0;1.0;2.0;C01
78671;201400051324;0;7;0;0.0;2.0;6.0;2.0;A01
78672;201400051324;0;32;0;0.0;2.0;3.0;3.0;B01
78673;201400051324;0;7;0;0.0;2.0;0.0;12.0;C01
78674;201400051325;0;33;0;0.0;0.0;8.0;1.0;A01
78675;201400051326;0;7;0;3.0;0.0;2.0;14.0;A01
78676;201400051327;0;7;0;0.0;0.0;4.0;2.0;A01
78677;201400051327;0;7;0;0.0;0.0;1.0;2.0;B01
78678;201400051328;0;7;0;0.0;0.0;4.0;1.0;A01
78679;201400051328;2;7;0;0.0;0.0;1.0;11.0;B01
78680;201400051328;0;7;0;0.0;0.0;7.0;2.0;C01
78681;201400051329;0;7;0;0.0;0.0;4.0;2.0;A01
78682;201400051329;0;7;0;0.0;0.0;4.0;2.0;B01
78683;201400051329;0;7;0;0.0;0.0;1.0;2.0;C01
78684;201400051330;0;7;0;10.0;0.0;1.0;0.0;A01
78685;201400051331;0;7;0;0.0;2.0;0.0;2.0;A01
78686;201400051331;0;7;0;0.0;2.0;3.0;2.0;B01
78687;201400051331;0;7;0;0.0;2.0;5.0;2.0;C01
78688;201400051331;0;7;0;0.0;2.0;1.0;3.0;D01
78689;201400051332;0;7;0;0.0;2.0;4.0;2.0;B01
78690;201400051332;0;7;0;0.0;2.0;4.0;2.0;C01
78691;201400051332;0;7;0;0.0;2.0;1.0;2.0;D01
78692;201400051332;0;7;0;0.0;2.0;4.0;2.0;A01
78693;201400051333;0;7;0;0.0;2.0;6.0;2.0;A01
78694;201400051333;0;7;0;0.0;2.0;4.0;2.0;B01
78695;201400051333;0;10;0;0.0;2.0;4.0;2.0;C01
78696;201400051333;0;7;0;0.0;2.0;1.0;2.0;D01
78697;201400051334;0;7;0;0.0;4.0;6.0;1.0;A01
78698;201400051334;0;14;0;0.0;2.0;2.0;12.0;B01
78699;201400051337;0;7;0;0.0;2.0;4.0;2.0;A01
78700;201400051337;0;7;0;0.0;2.0;4.0;2.0;B01
78701;201400051337;0;7;0;0.0;2.0;4.0;2.0;C01
78702;201400051339;0;7;0;0.0;0.0;5.0;2.0;A01
78703;201400051339;0;33;0;0.0;2.0;1.0;2.0;B01
78704;201400051340;0;15;0;0.0;2.0;2.0;1.0;A01
78705;201400051340;0;7;0;0.0;2.0;3.0;9.0;B01
78706;201400051340;0;7;0;0.0;2.0;1.0;1.0;C01
78707;201400051341;0;7;0;0.0;2.0;4.0;1.0;A01
78708;201400051341;0;7;0;0.0;2.0;1.0;1.0;B01
78709;201400051341;0;7;0;0.0;2.0;4.0;0.0;C01
78710;201400051341;0;7;0;0.0;2.0;1.0;0.0;D01
78711;201400051342;0;37;0;0.0;2.0;1.0;1.0;A01
78712;201400051342;0;7;0;0.0;2.0;4.0;1.0;B01
78713;201400051343;0;7;0;0.0;0.0;4.0;1.0;A01
78714;201400051343;0;7;0;0.0;2.0;1.0;2.0;B01
78715;201400051344;0;7;0;0.0;0.0;4.0;1.0;A01
78716;201400051344;0;7;0;0.0;0.0;4.0;2.0;B01
78717;201400051344;0;7;0;0.0;0.0;1.0;2.0;C01
78718;201400051345;0;7;0;0.0;0.0;0.0;0.0;A01
78719;201400051345;0;7;0;0.0;0.0;4.0;1.0;B01
78720;201400051345;0;7;0;0.0;2.0;1.0;2.0;C01
78721;201400051346;0;7;0;0.0;0.0;9.0;0.0;A01
78722;201400051347;0;7;0;0.0;0.0;1.0;2.0;A01
78723;201400051348;0;7;0;0.0;2.0;8.0;2.0;A01
78724;201400051348;0;33;0;0.0;2.0;1.0;2.0;B01
78725;201400051349;0;7;0;0.0;0.0;7.0;1.0;A01
78726;201400051349;0;33;0;0.0;2.0;8.0;13.0;B01
78727;201400051350;0;7;0;0.0;2.0;8.0;11.0;A01
78728;201400051350;0;33;0;0.0;2.0;7.0;2.0;B01
78729;201400051351;0;7;0;0.0;2.0;4.0;1.0;A01
78730;201400051351;0;7;0;0.0;2.0;4.0;1.0;B01
78731;201400051351;0;7;0;0.0;2.0;6.0;2.0;C01
78732;201400051351;0;7;0;0.0;2.0;1.0;1.0;D01
78733;201400051352;0;7;0;0.0;0.0;4.0;1.0;A01
78734;201400051352;0;15;0;0.0;0.0;1.0;2.0;B01
78735;201400051352;0;7;0;0.0;0.0;9.0;11.0;C01
78736;201400051353;0;38;13;0.0;2.0;6.0;2.0;A01
78737;201400051353;0;7;0;0.0;2.0;3.0;2.0;B01
78738;201400051353;0;7;0;0.0;2.0;1.0;2.0;C01
78739;201400051353;0;7;0;0.0;2.0;4.0;1.0;D01
78740;201400051353;0;7;0;0.0;2.0;1.0;2.0;E01
78741;201400051354;0;7;0;0.0;0.0;1.0;14.0;A01
78742;201400051355;0;10;0;4.0;0.0;3.0;0.0;A01
78743;201400051356;0;7;0;0.0;2.0;4.0;2.0;A01
78744;201400051356;0;7;0;0.0;2.0;1.0;2.0;B01
78745;201400051357;0;33;0;0.0;0.0;8.0;21.0;A01
78746;201400051358;0;7;0;13.0;0.0;1.0;0.0;A01
78747;201400051359;0;7;0;0.0;0.0;4.0;0.0;A01
78748;201400051359;0;7;0;0.0;2.0;1.0;0.0;B01
78749;201400051360;0;7;0;3.0;0.0;1.0;1.0;A01
78750;201400051360;0;7;0;0.0;2.0;3.0;1.0;B01
78751;201400051361;0;33;0;0.0;9.0;1.0;1.0;A01
78752;201400051362;1;7;0;0.0;2.0;2.0;0.0;Z01
78753;201400051362;0;7;0;0.0;0.0;5.0;1.0;A01
78754;201400051363;0;7;0;0.0;2.0;4.0;2.0;A01
78755;201400051363;0;7;0;0.0;2.0;1.0;2.0;B01
78756;201400051363;0;7;0;0.0;2.0;1.0;2.0;C01
78757;201400051364;0;7;0;0.0;2.0;4.0;2.0;F01
78758;201400051364;0;7;0;0.0;2.0;4.0;2.0;G01
78759;201400051364;0;7;0;0.0;2.0;4.0;2.0;H01
78760;201400051364;0;7;0;0.0;2.0;1.0;2.0;I01
78761;201400051364;0;7;0;0.0;2.0;1.0;2.0;J01
78762;201400051364;0;7;0;0.0;0.0;4.0;2.0;A02
78763;201400051364;0;7;0;0.0;2.0;4.0;2.0;B02
78764;201400051364;0;10;0;0.0;2.0;4.0;2.0;C02
78765;201400051364;0;7;0;0.0;2.0;4.0;1.0;D02
78766;201400051364;0;7;0;0.0;2.0;4.0;2.0;E02
78767;201400051365;0;7;0;3.0;0.0;2.0;1.0;A01
78768;201400051366;0;7;0;15.0;0.0;4.0;0.0;A01
78769;201400051367;0;7;0;0.0;0.0;4.0;1.0;A01
78770;201400051367;0;7;0;0.0;2.0;4.0;1.0;B01
78771;201400051367;0;7;0;0.0;2.0;1.0;1.0;C01
78772;201400051368;0;7;0;0.0;2.0;8.0;2.0;B01
78773;201400051368;2;7;0;0.0;2.0;2.0;2.0;A01
78774;201400051368;0;7;0;0.0;2.0;5.0;2.0;D01
78775;201400051368;0;7;0;0.0;2.0;6.0;2.0;C01
78776;201400051369;0;7;0;0.0;2.0;4.0;2.0;A01
78777;201400051369;0;7;0;0.0;0.0;1.0;2.0;B01
78778;201400051369;0;7;0;0.0;2.0;2.0;2.0;C01
78779;201400051370;0;7;0;0.0;0.0;4.0;1.0;A01
78780;201400051370;0;32;0;0.0;2.0;1.0;1.0;B01
78781;201400051371;0;7;0;0.0;2.0;4.0;1.0;A01
78782;201400051371;0;7;0;0.0;2.0;1.0;2.0;B01
78783;201400051372;0;7;0;0.0;2.0;6.0;0.0;A01
78784;201400051372;0;33;0;0.0;2.0;0.0;0.0;B01
78785;201400051373;0;7;0;4.0;0.0;2.0;1.0;A01
78786;201400051374;0;7;0;4.0;0.0;3.0;13.0;A01
78787;201400051375;0;10;0;0.0;2.0;4.0;2.0;A01
78788;201400051375;0;7;0;0.0;2.0;1.0;2.0;B01
78789;201400051376;0;7;0;0.0;2.0;4.0;1.0;A01
78790;201400051376;0;7;0;0.0;2.0;1.0;1.0;B01
78791;201400051377;0;10;0;4.0;0.0;2.0;1.0;A01
78792;201400051378;0;7;0;0.0;2.0;4.0;9.0;A01
78793;201400051378;0;7;0;0.0;2.0;1.0;9.0;B01
78794;201400051379;0;7;0;0.0;2.0;1.0;1.0;A01
78795;201400051379;0;10;0;0.0;2.0;3.0;9.0;B01
78796;201400051380;0;7;0;0.0;2.0;4.0;1.0;A01
78797;201400051380;0;7;0;0.0;2.0;3.0;2.0;B01
78798;201400051380;0;7;0;0.0;2.0;4.0;2.0;C01
78799;201400051380;0;7;0;0.0;2.0;1.0;1.0;D01
78800;201400051380;0;10;0;0.0;2.0;7.0;1.0;E01
78801;201400051382;0;7;0;0.0;0.0;1.0;1.0;A01
78802;201400051382;0;7;0;0.0;9.0;1.0;1.0;B01
78803;201400051383;0;7;0;0.0;0.0;1.0;9.0;C01
78804;201400051383;0;7;0;0.0;0.0;4.0;1.0;A01
78805;201400051383;0;7;0;0.0;2.0;1.0;1.0;B01
78806;201400051384;0;7;0;0.0;2.0;4.0;2.0;A01
78807;201400051384;0;7;0;0.0;2.0;4.0;2.0;B01
78808;201400051384;0;7;0;0.0;2.0;1.0;2.0;C01
78809;201400051385;0;7;0;0.0;2.0;4.0;2.0;A01
78810;201400051385;0;14;0;0.0;2.0;1.0;2.0;B01
78811;201400051387;0;7;0;0.0;0.0;1.0;0.0;A01
78812;201400051388;0;31;0;0.0;0.0;7.0;0.0;A01
78813;201400051389;0;7;0;0.0;0.0;0.0;6.0;B01
78814;201400051389;0;7;0;0.0;0.0;0.0;0.0;A01
78815;201400051390;0;7;0;0.0;0.0;7.0;2.0;A01
78816;201400051390;0;33;0;0.0;0.0;8.0;2.0;B01
78817;201400051391;0;33;0;4.0;0.0;8.0;18.0;A01
78818;201400051392;0;7;0;0.0;2.0;4.0;1.0;A01
78819;201400051392;0;7;0;0.0;2.0;1.0;1.0;B01
78820;201400051393;0;7;0;0.0;2.0;1.0;12.0;B01
78821;201400051393;0;7;0;0.0;2.0;4.0;1.0;A01
78822;201400051394;0;7;0;0.0;2.0;4.0;23.0;A01
78823;201400051394;0;10;0;1.0;0.0;1.0;14.0;B01
78824;201400051395;0;7;0;4.0;0.0;2.0;1.0;A01
78825;201400051396;0;33;0;0.0;0.0;7.0;0.0;A01
78826;201400051397;0;7;0;4.0;0.0;1.0;0.0;A01
78827;201400051397;0;7;0;0.0;2.0;1.0;0.0;B01
78828;201400051399;0;7;0;0.0;0.0;4.0;2.0;A01
78829;201400051399;0;33;0;0.0;2.0;1.0;2.0;B01
78830;201400051400;0;7;0;0.0;0.0;4.0;0.0;A01
78831;201400051400;0;7;0;0.0;2.0;1.0;0.0;B01
78832;201400051401;0;34;0;0.0;2.0;1.0;1.0;B01
78833;201400051401;0;7;0;0.0;0.0;3.0;10.0;A01
78834;201400051402;0;7;0;0.0;2.0;6.0;11.0;B01
78835;201400051402;0;15;0;0.0;2.0;2.0;1.0;A01
78836;201400051403;0;7;0;0.0;2.0;4.0;2.0;B01
78837;201400051403;0;7;0;0.0;2.0;4.0;2.0;A01
78838;201400051403;0;10;0;0.0;2.0;1.0;2.0;C01
78839;201400051404;0;7;0;0.0;0.0;1.0;0.0;A01
78840;201400051405;0;32;0;4.0;0.0;7.0;2.0;A01
78841;201400051406;0;7;0;0.0;2.0;8.0;0.0;A01
78842;201400051406;0;7;0;0.0;2.0;7.0;2.0;B01
78843;201400051407;0;7;0;0.0;2.0;2.0;21.0;A01
78844;201400051407;0;7;0;0.0;2.0;2.0;10.0;B01
78845;201400051408;0;33;0;0.0;2.0;1.0;2.0;B01
78846;201400051408;0;7;0;0.0;2.0;4.0;2.0;A01
78847;201400051409;0;7;0;6.0;0.0;1.0;2.0;A01
78848;201400051410;0;7;0;0.0;0.0;9.0;14.0;A01
78849;201400051411;0;7;0;0.0;2.0;8.0;3.0;A01
78850;201400051411;0;7;0;3.0;2.0;7.0;17.0;B01
78851;201400051411;1;15;0;0.0;2.0;2.0;0.0;Z01
78852;201400051412;0;7;0;0.0;2.0;6.0;10.0;A01
78853;201400051412;0;32;0;0.0;0.0;8.0;1.0;B01
78854;201400051413;0;7;0;4.0;0.0;3.0;1.0;A01
78855;201400051414;0;7;0;3.0;2.0;7.0;14.0;B01
78856;201400051414;0;7;0;0.0;2.0;8.0;1.0;A01
78857;201400051416;0;7;0;0.0;2.0;2.0;0.0;A01
78858;201400051416;0;34;0;0.0;2.0;8.0;3.0;B01
78859;201400051417;1;7;0;0.0;2.0;2.0;0.0;Z01
78860;201400051417;0;7;0;0.0;0.0;3.0;0.0;A01
78861;201400051418;0;7;0;0.0;0.0;6.0;1.0;A01
78862;201400051418;0;7;0;0.0;2.0;2.0;14.0;B01
78863;201400051419;0;7;0;3.0;0.0;1.0;13.0;A01
78864;201400051420;0;7;0;0.0;2.0;1.0;2.0;B01
78865;201400051420;0;34;0;0.0;2.0;0.0;2.0;D01
78866;201400051420;0;7;0;0.0;0.0;1.0;19.0;A01
78867;201400051420;0;7;0;0.0;2.0;7.0;2.0;C01
78868;201400051421;0;7;0;0.0;0.0;0.0;0.0;A01
78869;201400051422;0;7;0;0.0;0.0;4.0;1.0;A01
78870;201400051422;0;10;0;0.0;0.0;1.0;2.0;B01
78871;201400051422;0;7;0;0.0;0.0;1.0;2.0;C01
78872;201400051422;0;7;0;0.0;0.0;1.0;2.0;D01
78873;201400051423;0;7;0;8.0;0.0;3.0;1.0;A01
78874;201400051424;0;7;0;0.0;2.0;4.0;1.0;A01
78875;201400051424;0;7;0;0.0;2.0;1.0;2.0;B01
78876;201400051425;0;33;0;0.0;0.0;7.0;2.0;A01
78877;201400051426;0;7;0;0.0;2.0;5.0;0.0;A01
78878;201400051426;0;7;0;3.0;2.0;1.0;2.0;B01
78879;201400051427;0;7;0;0.0;2.0;1.0;2.0;A01
78880;201400051427;1;14;0;0.0;2.0;4.0;2.0;Z01
78881;201400051428;0;35;0;0.0;0.0;4.0;0.0;A01
78882;201400051428;0;36;0;0.0;2.0;1.0;0.0;B01
78883;201400051429;0;7;0;0.0;0.0;4.0;0.0;A01
78884;201400051429;0;7;0;0.0;2.0;4.0;0.0;B01
78885;201400051431;0;7;0;0.0;2.0;4.0;2.0;A01
78886;201400051431;1;7;0;0.0;2.0;1.0;2.0;Z01
78887;201400051432;0;33;0;0.0;2.0;7.0;2.0;A01
78888;201400051433;0;7;0;3.0;0.0;2.0;2.0;A01
78889;201400051434;0;33;0;0.0;0.0;8.0;1.0;A01
78890;201400051435;0;10;0;0.0;0.0;4.0;1.0;A01
78891;201400051435;0;7;0;0.0;2.0;1.0;0.0;B01
78892;201400051436;0;7;0;0.0;0.0;4.0;1.0;A01
78893;201400051436;0;7;0;0.0;2.0;1.0;1.0;B01
78894;201400051437;0;7;0;0.0;2.0;2.0;1.0;D01
78895;201400051437;0;7;0;0.0;2.0;4.0;2.0;B01
78896;201400051437;0;7;0;0.0;2.0;1.0;2.0;C01
78897;201400051437;0;7;0;0.0;2.0;4.0;2.0;A01
78898;201400051438;0;7;0;0.0;2.0;4.0;1.0;A01
78899;201400051438;0;7;0;0.0;2.0;4.0;2.0;B01
78900;201400051438;0;7;0;0.0;2.0;4.0;2.0;C01
78901;201400051438;0;7;0;0.0;2.0;1.0;2.0;D01
78902;201400051439;0;7;0;0.0;0.0;4.0;2.0;A01
78903;201400051439;0;7;0;0.0;2.0;1.0;2.0;B01
78904;201400051440;0;7;0;0.0;0.0;1.0;1.0;A01
78905;201400051441;0;7;0;0.0;0.0;6.0;0.0;A01
78906;201400051441;0;7;0;0.0;0.0;1.0;0.0;B01
78907;201400051441;0;7;0;0.0;0.0;1.0;0.0;C01
78908;201400051441;0;7;0;0.0;0.0;1.0;0.0;D01
78909;201400051442;0;7;0;0.0;0.0;4.0;1.0;A01
78910;201400051442;0;7;0;0.0;2.0;4.0;2.0;B01
78911;201400051442;0;7;0;0.0;2.0;1.0;2.0;C01
78912;201400051443;0;34;0;0.0;0.0;0.0;1.0;A01
78913;201400051444;0;7;0;0.0;2.0;1.0;2.0;A01
78914;201400051444;0;7;0;0.0;2.0;4.0;2.0;B01
78915;201400051445;0;10;0;0.0;2.0;4.0;2.0;A01
78916;201400051445;0;7;0;0.0;2.0;1.0;2.0;B01
78917;201400051446;0;31;0;0.0;0.0;7.0;2.0;A01
78918;201400051447;0;10;0;0.0;2.0;4.0;2.0;A01
78919;201400051447;0;7;0;0.0;2.0;4.0;1.0;B01
78920;201400051447;0;7;0;0.0;2.0;1.0;1.0;C01
78921;201400051448;0;7;0;0.0;0.0;4.0;2.0;A01
78922;201400051448;0;7;0;0.0;2.0;1.0;2.0;B01
78923;201400051449;0;7;0;0.0;2.0;4.0;1.0;B01
78924;201400051449;0;7;0;0.0;2.0;1.0;2.0;C01
78925;201400051449;0;7;0;0.0;0.0;4.0;1.0;A01
78926;201400051451;0;33;0;0.0;0.0;8.0;21.0;A01
78927;201400051452;0;7;0;0.0;2.0;1.0;2.0;A01
78928;201400051452;0;7;0;0.0;2.0;6.0;2.0;B01
78929;201400051452;0;7;0;0.0;0.0;4.0;2.0;C01
78930;201400051453;0;7;0;0.0;0.0;4.0;2.0;A01
78931;201400051453;0;7;0;0.0;2.0;1.0;2.0;B01
78932;201400051455;0;7;0;0.0;0.0;1.0;2.0;A01
78933;201400051457;0;7;0;0.0;0.0;6.0;2.0;A01
78934;201400051457;0;33;0;0.0;2.0;1.0;2.0;B01
78935;201400051458;0;7;0;0.0;2.0;7.0;1.0;B01
78936;201400051458;0;7;0;0.0;2.0;8.0;1.0;A01
78937;201400051459;0;7;0;0.0;2.0;6.0;1.0;A01
78938;201400051459;0;7;0;0.0;2.0;2.0;13.0;B01
78939;201400051460;0;7;0;0.0;0.0;4.0;2.0;A01
78940;201400051460;0;7;0;0.0;0.0;1.0;2.0;B01
78941;201400051461;0;7;0;0.0;2.0;1.0;0.0;B01
78942;201400051461;0;7;0;0.0;0.0;4.0;0.0;A01
78943;201400051462;0;7;0;0.0;1.0;2.0;2.0;A01
78944;201400051463;0;7;0;0.0;2.0;4.0;1.0;B01
78945;201400051463;0;7;0;0.0;0.0;4.0;1.0;A01
78946;201400051463;0;7;0;0.0;2.0;4.0;2.0;C01
78947;201400051464;0;14;0;0.0;0.0;5.0;1.0;A01
78948;201400051464;0;7;0;0.0;2.0;3.0;11.0;B01
78949;201400051465;0;33;0;0.0;2.0;8.0;2.0;A01
78950;201400051467;0;7;0;15.0;0.0;1.0;0.0;A01
78951;201400051468;0;7;0;0.0;2.0;8.0;2.0;B01
78952;201400051468;0;13;0;0.0;2.0;2.0;12.0;A01
78953;201400051469;0;33;0;0.0;0.0;7.0;2.0;A01
78954;201400051470;0;7;0;0.0;2.0;5.0;2.0;C01
78955;201400051470;0;7;0;0.0;2.0;1.0;2.0;A01
78956;201400051470;0;7;0;0.0;2.0;5.0;2.0;D01
78957;201400051470;0;7;0;0.0;2.0;4.0;2.0;B01
78958;201400051471;0;31;0;0.0;9.0;7.0;1.0;A01
78959;201400051472;0;7;0;0.0;2.0;4.0;2.0;B01
78960;201400051472;0;7;0;0.0;2.0;1.0;2.0;A01
78961;201400051472;0;7;0;0.0;2.0;4.0;2.0;C01
78962;201400051473;0;7;0;3.0;0.0;1.0;1.0;A01
78963;201400051474;0;7;0;0.0;2.0;3.0;1.0;A01
78964;201400051474;0;7;0;3.0;2.0;8.0;14.0;B01
78965;201400051475;2;10;0;0.0;0.0;1.0;0.0;C01