;Num_Acc;senc;catv;occutc;obs;obsm;choc;manv;num_veh
78966;201400051475;0;7;0;0.0;0.0;8.0;1.0;B01
78967;201400051475;0;7;0;0.0;0.0;8.0;1.0;A01
78968;201400051476;1;99;0;0.0;2.0;2.0;0.0;Z01
78969;201400051476;0;7;0;0.0;0.0;2.0;12.0;A01
78970;201400051477;0;7;0;4.0;0.0;1.0;1.0;A01
78971;201400051478;0;33;0;0.0;2.0;8.0;0.0;B01
78972;201400051478;0;7;0;0.0;2.0;5.0;12.0;A01
78973;201400051479;0;33;0;0.0;0.0;7.0;1.0;A01
78974;201400051480;0;7;0;6.0;0.0;1.0;2.0;A01
78975;201400051481;0;14;0;0.0;2.0;8.0;0.0;B01
78976;201400051481;0;7;0;0.0;0.0;3.0;3.0;A01
78977;201400051482;0;10;0;0.0;2.0;3.0;12.0;C01
78978;201400051482;0;7;0;0.0;2.0;4.0;1.0;B01
78979;201400051482;0;7;0;0.0;2.0;1.0;11.0;D01
78980;201400051482;0;7;0;0.0;0.0;4.0;1.0;A01
78981;201400051484;0;7;0;0.0;2.0;6.0;1.0;B01
78982;201400051484;0;16;0;0.0;2.0;2.0;12.0;A01
78983;201400051485;0;7;0;0.0;2.0;1.0;2.0;B01
78984;201400051485;0;7;0;0.0;0.0;4.0;2.0;A01
78985;201400051486;0;7;0;0.0;2.0;6.0;2.0;A01
78986;201400051486;0;32;0;0.0;2.0;2.0;2.0;B01
78987;201400051487;1;99;0;0.0;1.0;1.0;2.0;Z01
78988;201400051488;0;7;0;3.0;0.0;1.0;0.0;A01
78989;201400051489;0;7;0;0.0;2.0;3.0;2.0;A01
78990;201400051489;0;7;0;0.0;2.0;7.0;14.0;B01
78991;201400051490;0;33;0;0.0;2.0;3.0;2.0;A01
78992;201400051490;0;7;0;0.0;9.0;3.0;2.0;B01
78993;201400051491;0;32;0;0.0;2.0;7.0;2.0;A01
78994;201400051491;0;7;0;0.0;2.0;3.0;9.0;B01
78995;201400051492;0;7;0;0.0;2.0;4.0;2.0;A01
78996;201400051492;0;7;0;0.0;2.0;1.0;2.0;B01
78997;201400051493;0;7;0;0.0;9.0;1.0;2.0;B01
78998;201400051493;0;7;0;0.0;0.0;4.0;2.0;A01
78999;201400051494;0;33;0;0.0;2.0;1.0;3.0;B01
79000;201400051494;0;7;0;0.0;2.0;6.0;3.0;A01
79001;201400051495;0;33;0;0.0;0.0;8.0;2.0;A01
79002;201400051496;0;7;0;0.0;2.0;3.0;2.0;A01
79003;201400051496;0;7;0;0.0;0.0;5.0;21.0;B01
79004;201400051496;0;7;0;0.0;2.0;5.0;2.0;C01
79005;201400051496;0;7;0;0.0;0.0;7.0;2.0;D01
79006;201400051498;0;7;0;0.0;0.0;2.0;2.0;B01
79007;201400051498;0;7;0;0.0;0.0;6.0;2.0;A01
79008;201400051499;0;7;0;4.0;0.0;1.0;1.0;A01
79009;201400051500;0;7;0;4.0;0.0;0.0;1.0;A01
79010;201400051501;0;7;0;4.0;0.0;3.0;13.0;A01
79011;201400051502;0;7;0;4.0;0.0;3.0;1.0;A01
79012;201400051504;0;7;0;0.0;0.0;1.0;1.0;C01
79013;201400051504;0;7;0;0.0;0.0;4.0;23.0;A01
79014;201400051504;0;7;0;0.0;0.0;1.0;1.0;B01
79015;201400051505;0;14;0;0.0;2.0;2.0;12.0;A01
79016;201400051505;0;7;0;15.0;2.0;8.0;2.0;B01
79017;201400051506;0;7;0;0.0;2.0;4.0;2.0;A01
79018;201400051506;0;7;0;0.0;2.0;4.0;2.0;B01
79019;201400051506;0;7;0;0.0;2.0;1.0;2.0;C01
79020;201400051507;0;7;0;0.0;0.0;9.0;0.0;A01
79021;201400051508;0;7;0;3.0;0.0;1.0;0.0;A01
79022;201400051509;0;7;0;0.0;0.0;1.0;1.0;B01
79023;201400051509;0;7;0;0.0;0.0;4.0;1.0;A01
79024;201400051510;0;7;0;5.0;0.0;1.0;2.0;A01
79025;201400051511;0;7;0;0.0;2.0;1.0;2.0;B01
79026;201400051511;0;7;0;0.0;0.0;4.0;0.0;A01
79027;201400051512;0;7;0;0.0;2.0;1.0;2.0;B01
79028;201400051512;0;7;0;0.0;2.0;4.0;2.0;A01
79029;201400051513;0;7;0;3.0;0.0;3.0;1.0;A01
79030;201400051514;0;7;0;0.0;0.0;4.0;2.0;A01
79031;201400051514;0;7;0;0.0;0.0;4.0;2.0;B01
79032;201400051514;0;10;0;0.0;0.0;1.0;2.0;C01
79033;201400051515;0;7;0;0.0;2.0;1.0;2.0;B01
79034;201400051515;0;7;0;0.0;2.0;4.0;2.0;A01
79035;201400051516;0;7;0;0.0;2.0;7.0;2.0;A01
79036;201400051516;0;7;0;0.0;2.0;1.0;2.0;B01
79037;201400051517;0;7;0;0.0;0.0;6.0;1.0;A01
79038;201400051517;0;7;0;4.0;0.0;1.0;1.0;B01
79039;201400051517;0;7;0;0.0;2.0;1.0;2.0;C01
79040;201400051518;0;7;0;3.0;0.0;3.0;2.0;A01
79041;201400051519;0;7;0;0.0;2.0;2.0;1.0;A01
79042;201400051519;0;7;0;0.0;2.0;3.0;11.0;B01
79043;201400051520;0;7;0;3.0;0.0;1.0;1.0;A01
79044;201400051521;0;7;0;13.0;0.0;1.0;0.0;B01
79045;201400051521;0;7;0;4.0;2.0;3.0;1.0;A01
79046;201400051523;0;7;0;0.0;0.0;3.0;0.0;A01
79047;201400051525;0;7;0;0.0;0.0;7.0;2.0;A01
79048;201400051525;0;7;0;0.0;0.0;3.0;2.0;B01
79049;201400051526;0;7;0;0.0;2.0;4.0;23.0;B01
79050;201400051526;0;7;0;0.0;2.0;4.0;23.0;A01
79051;201400051526;0;7;0;0.0;2.0;1.0;1.0;C01
79052;201400051527;0;7;0;16.0;0.0;0.0;0.0;A01
79053;201400051528;0;7;0;13.0;0.0;7.0;0.0;A01
79054;201400051530;0;33;0;0.0;2.0;8.0;2.0;A01
79055;201400051530;0;7;0;0.0;2.0;7.0;2.0;B01
79056;201400051531;2;7;0;0.0;2.0;1.0;2.0;B01
79057;201400051531;0;7;0;0.0;0.0;4.0;0.0;A01
79058;201400051532;0;7;0;13.0;0.0;2.0;12.0;A01
79059;201400051533;0;7;0;0.0;2.0;1.0;1.0;B01
79060;201400051533;0;7;0;0.0;0.0;4.0;1.0;A01
79061;201400051534;0;7;0;3.0;0.0;1.0;0.0;A01
79062;201400051536;0;7;0;0.0;2.0;1.0;2.0;B01
79063;201400051536;0;7;0;0.0;0.0;4.0;2.0;A01
79064;201400051537;0;7;0;0.0;2.0;4.0;2.0;A01
79065;201400051537;0;7;0;0.0;2.0;1.0;2.0;C01
79066;201400051537;0;7;0;0.0;2.0;1.0;2.0;B01
79067;201400051538;0;7;0;0.0;2.0;1.0;2.0;D01
79068;201400051538;0;10;0;0.0;2.0;4.0;2.0;A01
79069;201400051538;0;7;0;0.0;2.0;4.0;2.0;C01
79070;201400051538;0;7;0;0.0;2.0;4.0;2.0;B01
79071;201400051540;0;7;0;0.0;0.0;4.0;0.0;A01
79072;201400051540;0;30;0;0.0;2.0;1.0;1.0;B01
79073;201400051541;0;7;0;0.0;1.0;2.0;1.0;A01
79074;201400051543;0;7;0;0.0;2.0;1.0;2.0;C01
79075;201400051543;0;7;0;0.0;2.0;1.0;2.0;B01
79076;201400051543;0;7;0;0.0;0.0;4.0;2.0;A01
79077;201400051544;0;7;0;0.0;0.0;0.0;0.0;A01
79078;201400051545;0;7;0;0.0;0.0;0.0;0.0;A01
79079;201400051546;0;7;0;0.0;0.0;4.0;2.0;A01
79080;201400051546;0;10;0;0.0;2.0;1.0;2.0;B01
79081;201400051547;0;7;0;0.0;0.0;1.0;1.0;A01
79082;201400051548;0;7;0;0.0;0.0;4.0;1.0;A01
79083;201400051548;0;7;0;0.0;2.0;6.0;1.0;B01
79084;201400051548;0;7;0;0.0;2.0;1.0;1.0;C01
79085;201400051549;0;7;0;0.0;0.0;4.0;0.0;A01
79086;201400051549;0;10;0;0.0;0.0;1.0;0.0;D01
79087;201400051549;0;7;0;0.0;0.0;4.0;0.0;C01
79088;201400051549;0;7;0;0.0;0.0;4.0;0.0;B01
79089;201400051549;0;7;0;0.0;0.0;1.0;0.0;E01
79090;201400051550;0;7;0;0.0;2.0;1.0;1.0;B01
79091;201400051550;0;7;0;0.0;0.0;4.0;1.0;A01
79092;201400051551;0;7;0;2.0;2.0;2.0;0.0;A01
79093;201400051551;0;7;0;0.0;2.0;6.0;2.0;B01
79094;201400051552;0;7;0;0.0;2.0;4.0;1.0;B01
79095;201400051552;0;7;0;0.0;2.0;4.0;1.0;A01
79096;201400051552;0;7;0;0.0;2.0;1.0;1.0;C01
79097;201400051553;0;15;0;0.0;0.0;0.0;0.0;A01
79098;201400051553;0;10;0;0.0;0.0;0.0;0.0;B01
79099;201400051554;0;7;0;0.0;0.0;1.0;11.0;A01
79100;201400051555;0;33;0;0.0;2.0;6.0;1.0;B01
79101;201400051555;0;7;0;0.0;2.0;2.0;14.0;A01
79102;201400051556;0;7;0;0.0;2.0;1.0;2.0;B01
79103;201400051556;0;7;0;0.0;2.0;4.0;2.0;A01
79104;201400051557;0;10;0;0.0;2.0;4.0;2.0;C01
79105;201400051557;0;7;0;0.0;0.0;4.0;2.0;E01
79106;201400051557;0;7;0;0.0;2.0;1.0;2.0;B01
79107;201400051557;0;7;0;0.0;2.0;4.0;2.0;D01
79108;201400051557;0;7;0;0.0;2.0;1.0;2.0;A01
79109;201400051558;0;7;0;4.0;0.0;3.0;1.0;A01
79110;201400051559;0;7;0;0.0;0.0;0.0;1.0;A01
79111;201400051560;0;7;0;0.0;2.0;3.0;11.0;B01
79112;201400051560;0;7;0;0.0;0.0;9.0;1.0;A01
79113;201400051561;0;7;0;0.0;2.0;4.0;2.0;B01
79114;201400051561;0;7;0;0.0;0.0;4.0;2.0;A01
79115;201400051561;0;7;0;0.0;2.0;1.0;2.0;C01
79116;201400051563;0;10;0;0.0;2.0;1.0;2.0;D01
79117;201400051563;0;10;0;0.0;2.0;4.0;2.0;C01
79118;201400051563;0;10;0;0.0;2.0;9.0;23.0;B01
79119;201400051563;0;10;0;0.0;0.0;4.0;23.0;A01
79120;201400051564;0;7;0;0.0;2.0;4.0;23.0;A01
79121;201400051564;0;7;0;0.0;2.0;4.0;23.0;B01
79122;201400051564;0;7;0;0.0;2.0;1.0;2.0;C01
79123;201400051565;0;30;0;0.0;2.0;4.0;0.0;B01
79124;201400051565;0;7;0;0.0;2.0;1.0;0.0;C01
79125;201400051565;0;7;0;0.0;0.0;4.0;0.0;A01
79126;201400051566;0;7;0;0.0;0.0;6.0;1.0;A01
79127;201400051566;0;7;0;0.0;2.0;1.0;0.0;C01
79128;201400051566;0;7;0;0.0;0.0;4.0;1.0;B01
79129;201400051567;1;7;0;0.0;2.0;1.0;2.0;Z01
79130;201400051567;0;7;0;0.0;0.0;6.0;1.0;A01
79131;201400051568;0;7;0;0.0;0.0;1.0;17.0;A01
79132;201400051569;0;10;0;0.0;0.0;4.0;1.0;A01
79133;201400051569;0;38;1;0.0;2.0;1.0;1.0;B01
79134;201400051569;0;7;0;0.0;0.0;1.0;1.0;C01
79135;201400051570;0;7;0;0.0;2.0;1.0;2.0;B01
79136;201400051570;0;7;0;0.0;2.0;4.0;0.0;A01
79137;201400051571;0;7;0;0.0;0.0;1.0;2.0;A01
79138;201400051572;0;7;0;0.0;2.0;4.0;2.0;A01
79139;201400051572;0;7;0;0.0;2.0;4.0;2.0;B01
79140;201400051572;0;7;0;0.0;2.0;1.0;2.0;C01
79141;201400051573;0;7;0;0.0;2.0;4.0;1.0;B01
79142;201400051573;0;7;0;0.0;2.0;1.0;1.0;A01
79143;201400051574;0;7;0;0.0;0.0;3.0;1.0;A01
79144;201400051574;1;7;0;0.0;2.0;2.0;0.0;Z01
79145;201400051575;0;7;0;0.0;0.0;1.0;1.0;A01
79146;201400051576;0;7;0;0.0;0.0;4.0;2.0;A01
79147;201400051576;0;7;0;0.0;2.0;1.0;2.0;B01
79148;201400051577;0;7;0;3.0;0.0;1.0;1.0;A01
79149;201400051578;0;7;0;0.0;0.0;4.0;2.0;A01
79150;201400051578;0;7;0;0.0;2.0;1.0;2.0;C01
79151;201400051578;0;7;0;0.0;2.0;4.0;2.0;B01
79152;201400051579;0;7;0;0.0;2.0;1.0;12.0;B01
79153;201400051579;0;15;0;0.0;0.0;4.0;1.0;A01
79154;201400051580;0;7;0;0.0;0.0;4.0;0.0;A01
79155;201400051580;0;7;0;0.0;2.0;1.0;2.0;B01
79156;201400051581;1;99;0;0.0;2.0;2.0;0.0;Z01
79157;201400051581;0;7;0;1.0;0.0;1.0;21.0;C01
79158;201400051581;0;7;0;0.0;0.0;4.0;23.0;A01
79159;201400051581;0;7;0;0.0;0.0;5.0;23.0;B01
79160;201400051582;0;7;0;0.0;2.0;4.0;24.0;A01
79161;201400051582;0;7;0;0.0;2.0;1.0;2.0;B01
79162;201400051583;0;7;0;0.0;0.0;8.0;11.0;A01
79163;201400051583;0;33;0;0.0;0.0;2.0;3.0;B01
79164;201400051584;0;7;0;13.0;0.0;1.0;0.0;A01
79165;201400051585;0;7;0;0.0;0.0;4.0;1.0;A01
79166;201400051585;0;31;0;0.0;2.0;1.0;2.0;D01
79167;201400051585;0;7;0;0.0;2.0;4.0;2.0;B01
79168;201400051585;0;7;0;0.0;2.0;4.0;2.0;C01
79169;201400051586;0;7;0;0.0;0.0;1.0;0.0;A01
79170;201400051587;0;7;0;0.0;0.0;1.0;1.0;A01
79171;201400051588;0;7;0;6.0;0.0;1.0;0.0;A01
79172;201400051589;0;7;0;0.0;0.0;2.0;0.0;A01
79173;201400051590;0;7;0;0.0;1.0;7.0;2.0;A01
79174;201400051591;0;10;0;4.0;0.0;2.0;2.0;A01
79175;201400051592;0;7;0;13.0;0.0;1.0;21.0;A01
79176;201400051593;0;7;0;0.0;2.0;4.0;1.0;E02
79177;201400051593;0;7;0;0.0;2.0;1.0;1.0;F01
79178;201400051593;0;7;0;0.0;2.0;4.0;1.0;B01
79179;201400051593;0;7;0;0.0;2.0;4.0;1.0;D01
79180;201400051593;0;7;0;0.0;2.0;4.0;1.0;C01
79181;201400051593;0;7;0;0.0;2.0;4.0;1.0;A01
79182;201400051594;0;7;0;0.0;2.0;3.0;1.0;B01
79183;201400051594;0;7;0;0.0;2.0;1.0;1.0;C01
79184;201400051594;0;7;0;0.0;0.0;4.0;1.0;A01
79185;201400051594;0;7;0;0.0;2.0;1.0;1.0;D01
79186;201400051595;0;7;0;0.0;2.0;2.0;2.0;B01
79187;201400051595;0;7;0;0.0;2.0;6.0;11.0;A01
79188;201400051596;0;7;0;0.0;0.0;9.0;21.0;A01
79189;201400051596;0;7;0;0.0;2.0;2.0;0.0;C01
79190;201400051596;0;10;0;0.0;2.0;8.0;1.0;B01
79191;201400051598;0;99;0;0.0;0.0;3.0;12.0;A01
79192;201400051601;0;99;0;0.0;0.0;1.0;2.0;B01
79193;201400051601;0;7;0;0.0;0.0;4.0;2.0;A01
79194;201400051602;0;7;0;0.0;2.0;2.0;12.0;A01
79195;201400051602;0;7;0;0.0;2.0;8.0;1.0;B01
79196;201400051603;0;7;0;3.0;0.0;1.0;21.0;A01
79197;201400051603;0;10;0;0.0;0.0;0.0;11.0;B01
79198;201400051604;0;7;0;4.0;0.0;1.0;1.0;A01
79199;201400051605;0;99;0;0.0;1.0;2.0;1.0;A01
79200;201400051606;0;10;0;0.0;0.0;0.0;15.0;A01
79201;201400051606;0;7;0;0.0;0.0;6.0;1.0;B01
79202;201400051606;0;7;0;0.0;2.0;4.0;2.0;C01
79203;201400051606;0;10;0;0.0;2.0;1.0;2.0;D01
79204;201400051607;0;7;0;0.0;0.0;4.0;2.0;A01
79205;201400051607;0;31;0;0.0;2.0;1.0;2.0;B01
79206;201400051608;0;7;0;0.0;0.0;0.0;0.0;A01
79207;201400051608;0;7;0;0.0;0.0;0.0;0.0;B01
79208;201400051608;0;7;0;0.0;0.0;0.0;0.0;C01
79209;201400051609;0;33;0;0.0;2.0;1.0;21.0;A01
79210;201400051609;0;7;0;0.0;2.0;5.0;1.0;B01
79211;201400051610;0;7;0;0.0;2.0;4.0;0.0;A01
79212;201400051610;0;7;0;0.0;2.0;1.0;2.0;B01
79213;201400051614;0;7;0;4.0;0.0;3.0;1.0;A01
79214;201400051615;0;16;0;0.0;0.0;2.0;12.0;A01
79215;201400051615;0;7;0;0.0;0.0;6.0;1.0;B01
79216;201400051616;0;33;0;0.0;0.0;1.0;1.0;A01
79217;201400051617;0;15;0;3.0;0.0;2.0;2.0;A01
79218;201400051618;0;7;0;3.0;0.0;3.0;1.0;A01
79219;201400051619;0;7;0;0.0;0.0;4.0;2.0;A01
79220;201400051619;0;7;0;0.0;2.0;1.0;2.0;B01
79221;201400051620;0;7;0;14.0;0.0;1.0;1.0;A01
79222;201400051620;0;7;0;0.0;2.0;8.0;1.0;B01
79223;201400051620;0;7;0;1.0;0.0;1.0;1.0;C01
79224;201400051620;0;7;0;14.0;0.0;1.0;1.0;D01
79225;201400051620;2;99;0;0.0;0.0;0.0;0.0;E01
79226;201400051621;0;7;0;0.0;1.0;1.0;2.0;B01
79227;201400051621;0;14;0;0.0;1.0;1.0;2.0;A01
79228;201400051622;0;7;0;0.0;2.0;4.0;1.0;A01
79229;201400051622;0;7;0;0.0;2.0;8.0;1.0;B02
79230;201400051622;0;7;0;0.0;2.0;4.0;1.0;D01
79231;201400051622;0;7;0;0.0;2.0;4.0;1.0;E01
79232;201400051622;0;10;0;0.0;2.0;1.0;1.0;F01
79233;201400051622;0;7;0;0.0;2.0;4.0;1.0;C01
79234;201400051623;0;33;0;0.0;0.0;7.0;1.0;A01
79235;201400051624;0;7;0;3.0;0.0;9.0;2.0;A01
79236;201400051625;1;7;0;0.0;0.0;1.0;2.0;B01
79237;201400051625;0;7;0;0.0;2.0;4.0;2.0;A01
79238;201400051626;0;33;0;0.0;2.0;1.0;2.0;B01
79239;201400051626;0;7;0;0.0;2.0;6.0;2.0;A01
79240;201400051627;0;7;0;13.0;0.0;2.0;1.0;A01
79241;201400051628;0;7;0;13.0;0.0;1.0;2.0;A01
79242;201400051629;0;7;0;0.0;2.0;8.0;2.0;A01
79243;201400051629;0;10;0;3.0;2.0;1.0;2.0;B01
79244;201400051630;0;7;0;0.0;0.0;1.0;2.0;A01
79245;201400051631;0;7;0;2.0;0.0;1.0;14.0;A01
79246;201400051632;0;7;0;0.0;0.0;4.0;1.0;A01
79247;201400051632;0;7;0;0.0;2.0;4.0;2.0;B01
79248;201400051632;0;7;0;0.0;2.0;1.0;2.0;C01
79249;201400051633;0;7;0;3.0;0.0;3.0;21.0;A01
79250;201400051634;0;7;0;5.0;0.0;1.0;1.0;A01
79251;201400051635;0;7;0;0.0;2.0;4.0;2.0;A01
79252;201400051635;0;7;0;0.0;2.0;1.0;2.0;B01
79253;201400051636;0;7;0;9.0;0.0;2.0;14.0;A01
79254;201400051637;0;33;0;0.0;2.0;8.0;1.0;A01
79255;201400051637;0;10;0;0.0;2.0;2.0;12.0;B01
79256;201400051638;0;7;0;0.0;2.0;4.0;1.0;A01
79257;201400051638;0;7;0;0.0;2.0;1.0;1.0;B01
79258;201400051639;0;7;0;0.0;2.0;4.0;1.0;A01
79259;201400051639;0;7;0;0.0;0.0;4.0;1.0;B01
79260;201400051639;0;10;0;0.0;2.0;1.0;1.0;C01
79261;201400051640;0;7;0;0.0;0.0;4.0;2.0;A01
79262;201400051640;0;7;0;0.0;2.0;1.0;2.0;B01
79263;201400051641;0;7;0;0.0;2.0;7.0;12.0;A01
79264;201400051641;0;31;0;0.0;2.0;8.0;1.0;B01
79265;201400051642;0;34;0;0.0;0.0;7.0;1.0;A01
79266;201400051642;0;10;0;0.0;2.0;6.0;11.0;B01
79267;201400051643;0;7;0;0.0;2.0;3.0;1.0;A01
79268;201400051643;1;7;0;0.0;2.0;0.0;12.0;Z01
79269;201400051644;0;7;0;0.0;0.0;2.0;14.0;A01
79270;201400051645;0;7;0;0.0;2.0;4.0;1.0;A01
79271;201400051645;0;7;0;0.0;2.0;1.0;1.0;B01
79272;201400051646;0;33;0;3.0;0.0;0.0;0.0;A01
79273;201400051646;0;33;0;0.0;0.0;0.0;0.0;B01
79274;201400051647;0;7;0;0.0;2.0;6.0;12.0;B01
79275;201400051647;0;7;0;0.0;2.0;6.0;1.0;A01
79276;201400051649;0;32;0;0.0;0.0;8.0;1.0;B01
79277;201400051649;0;7;0;0.0;2.0;7.0;12.0;A01
79278;201400051650;0;7;0;0.0;2.0;4.0;23.0;A01
79279;201400051650;0;7;0;0.0;2.0;2.0;2.0;B01
79280;201400051651;0;7;0;0.0;2.0;4.0;1.0;A01
79281;201400051651;0;7;0;0.0;2.0;4.0;2.0;B01
79282;201400051651;0;7;0;0.0;0.0;1.0;2.0;C01
79283;201400051652;0;7;0;0.0;2.0;2.0;1.0;A01
79284;201400051653;0;7;0;0.0;2.0;1.0;0.0;B01
79285;201400051653;0;7;0;0.0;0.0;4.0;0.0;A01
79286;201400051654;0;7;0;0.0;2.0;1.0;1.0;B01
79287;201400051654;0;7;0;0.0;2.0;1.0;5.0;C01
79288;201400051654;0;7;0;0.0;2.0;8.0;1.0;A01
79289;201400051655;0;7;0;0.0;2.0;4.0;2.0;A01
79290;201400051655;0;7;0;0.0;2.0;2.0;2.0;C01
79291;201400051655;0;7;0;0.0;2.0;4.0;2.0;B01
79292;201400051656;0;7;0;3.0;0.0;3.0;21.0;A01
79293;201400051657;0;7;0;0.0;2.0;4.0;1.0;B01
79294;201400051658;0;32;0;0.0;0.0;8.0;1.0;A01
79295;201400051658;1;7;0;0.0;0.0;0.0;0.0;Z01
79296;201400051659;0;7;0;0.0;2.0;6.0;1.0;B01
79297;201400051659;1;99;0;0.0;2.0;2.0;0.0;Z01
79298;201400051659;0;7;0;0.0;2.0;7.0;1.0;A01
79299;201400051661;0;7;0;0.0;2.0;4.0;2.0;A01
79300;201400051661;0;7;0;0.0;2.0;1.0;2.0;B01
79301;201400051662;0;7;0;0.0;2.0;4.0;2.0;B01
79302;201400051662;0;7;0;0.0;0.0;4.0;2.0;A01
79303;201400051662;1;99;0;0.0;2.0;1.0;2.0;Z01
79304;201400051664;0;7;0;0.0;0.0;7.0;1.0;B01
79305;201400051664;0;7;0;0.0;2.0;3.0;1.0;A01
79306;201400051665;0;7;0;3.0;2.0;2.0;1.0;B01
79307;201400051665;0;7;0;3.0;0.0;1.0;1.0;D01
79308;201400051665;0;17;0;0.0;2.0;1.0;1.0;C01
79309;201400051665;0;17;0;3.0;2.0;8.0;1.0;A01
79310;201400051666;0;30;0;0.0;1.0;5.0;1.0;A01
79311;201400051668;0;32;0;0.0;0.0;0.0;17.0;B01
79312;201400051668;0;7;0;0.0;0.0;3.0;10.0;A01
79313;201400051669;0;32;0;0.0;2.0;1.0;15.0;A01
79314;201400051669;0;1;0;0.0;2.0;4.0;17.0;B01
79315;201400051670;0;7;0;0.0;0.0;6.0;23.0;B01
79316;201400051670;0;37;2;0.0;2.0;2.0;1.0;A01
79317;201400051671;0;7;0;0.0;1.0;1.0;1.0;A01
79318;201400051672;0;7;0;0.0;0.0;1.0;1.0;A01
79319;201400051672;0;30;0;0.0;0.0;4.0;23.0;B01
79320;201400051673;0;34;0;0.0;2.0;1.0;15.0;A01
79321;201400051673;0;1;0;0.0;2.0;3.0;19.0;B01
79322;201400051674;0;30;0;0.0;2.0;4.0;1.0;A01
79323;201400051674;1;37;1;0.0;2.0;0.0;14.0;Z01
79324;201400051675;0;1;0;0.0;1.0;1.0;1.0;A01
79325;201400051677;0;7;0;0.0;1.0;7.0;1.0;A01
79326;201400051678;0;13;0;0.0;0.0;2.0;1.0;A01
79327;201400051678;0;14;0;0.0;0.0;1.0;1.0;B01
79328;201400051679;0;10;0;0.0;2.0;0.0;2.0;A01
79329;201400051679;0;10;0;0.0;2.0;0.0;23.0;B01
79330;201400051680;0;37;15;0.0;0.0;0.0;21.0;A01
79331;201400051681;0;7;0;0.0;1.0;2.0;15.0;A01
79332;201400051682;0;30;0;0.0;2.0;1.0;5.0;A01
79333;201400051682;0;1;0;0.0;2.0;7.0;16.0;B01
79334;201400051683;0;7;0;0.0;2.0;2.0;14.0;B01
79335;201400051683;0;1;0;0.0;2.0;3.0;1.0;C01
79336;201400051683;0;7;0;0.0;2.0;2.0;14.0;A01
79337;201400051684;0;7;0;0.0;2.0;2.0;17.0;A01
79338;201400051684;0;1;0;0.0;2.0;3.0;15.0;B01
79339;201400051685;0;31;0;0.0;1.0;0.0;1.0;A01
79340;201400051686;0;31;0;8.0;0.0;0.0;16.0;A01
79341;201400051687;0;31;0;0.0;2.0;3.0;1.0;A01
79342;201400051687;0;7;0;0.0;2.0;3.0;1.0;B01
79343;201400051688;0;32;0;0.0;0.0;4.0;23.0;B01
79344;201400051688;0;7;0;0.0;2.0;1.0;1.0;A01
79345;201400051689;0;30;0;0.0;2.0;1.0;1.0;A01
79346;201400051689;0;7;0;0.0;0.0;6.0;15.0;B01
79347;201400051690;0;7;0;0.0;1.0;2.0;16.0;A01
79348;201400051692;0;30;0;0.0;0.0;5.0;1.0;A01
79349;201400051693;0;32;0;0.0;1.0;2.0;1.0;A01
79350;201400051694;0;7;0;0.0;2.0;2.0;7.0;A01
79351;201400051694;0;1;0;0.0;2.0;3.0;7.0;B01
79352;201400051695;0;32;0;0.0;0.0;0.0;1.0;A01
79353;201400051696;0;7;0;0.0;2.0;3.0;23.0;A01
79354;201400051696;0;32;0;0.0;2.0;2.0;1.0;B01
79355;201400051697;0;31;0;0.0;2.0;8.0;2.0;A01
79356;201400051697;0;7;0;0.0;2.0;7.0;23.0;B01
79357;201400051701;0;7;0;14.0;0.0;1.0;14.0;A01
79358;201400051702;0;7;0;0.0;2.0;4.0;23.0;C01
79359;201400051702;0;7;0;0.0;2.0;4.0;23.0;B01
79360;201400051702;0;7;0;0.0;2.0;1.0;2.0;A01
79361;201400051703;0;33;0;0.0;1.0;2.0;1.0;A01
79362;201400051704;0;1;0;0.0;1.0;1.0;1.0;A01
79363;201400051705;0;33;0;14.0;0.0;8.0;1.0;A01
79364;201400051706;0;30;0;0.0;0.0;0.0;1.0;A01
79365;201400051707;0;33;0;0.0;2.0;1.0;3.0;C01
79366;201400051707;0;7;0;0.0;2.0;5.0;1.0;A01
79367;201400051707;0;7;0;0.0;2.0;4.0;1.0;B01
79368;201400051709;0;7;0;0.0;2.0;6.0;23.0;B01
79369;201400051709;0;1;0;0.0;2.0;0.0;13.0;A01
79370;201400051710;1;30;0;0.0;1.0;8.0;1.0;Z01
79371;201400051711;0;7;0;0.0;2.0;3.0;1.0;A01
79372;201400051711;0;37;0;0.0;2.0;2.0;1.0;B01
79373;201400051712;0;7;0;0.0;1.0;0.0;1.0;A01
79374;201400051713;0;30;0;0.0;2.0;5.0;23.0;B01
79375;201400051713;0;7;0;0.0;2.0;1.0;2.0;A01
79376;201400051714;0;10;0;0.0;1.0;1.0;1.0;A01
79377;201400051715;0;7;0;0.0;1.0;3.0;1.0;A01
79378;201400051716;0;34;0;0.0;2.0;7.0;1.0;B01
79379;201400051716;2;7;0;0.0;2.0;0.0;1.0;A01
79380;201400051717;0;37;21;0.0;1.0;3.0;7.0;A01
79381;201400051720;0;10;0;0.0;2.0;1.0;2.0;A01
79382;201400051720;0;32;0;0.0;2.0;4.0;23.0;C01
79383;201400051720;0;7;0;0.0;2.0;1.0;23.0;B01
79384;201400051721;1;33;0;0.0;1.0;0.0;1.0;Z01
79385;201400051722;0;7;0;0.0;2.0;3.0;1.0;B01
79386;201400051722;0;7;0;0.0;2.0;2.0;1.0;A01
79387;201400051723;0;1;0;0.0;2.0;7.0;1.0;B01