;Num_Acc;senc;catv;occutc;obs;obsm;choc;manv;num_veh
79388;201400051723;0;10;0;0.0;2.0;1.0;9.0;A01
79389;201400051724;0;7;0;0.0;1.0;1.0;1.0;A01
79390;201400051725;0;32;0;0.0;2.0;2.0;5.0;A01
79391;201400051725;0;7;0;0.0;2.0;3.0;15.0;B01
79392;201400051726;0;34;0;0.0;2.0;7.0;17.0;B01
79393;201400051726;0;7;0;0.0;2.0;8.0;15.0;A01
79394;201400051727;0;7;0;0.0;2.0;2.0;16.0;A01
79395;201400051727;0;33;0;0.0;2.0;8.0;1.0;B01
79396;201400051728;0;34;0;0.0;9.0;0.0;1.0;A01
79397;201400051729;0;32;0;0.0;2.0;0.0;12.0;A01
79398;201400051729;0;2;0;14.0;2.0;0.0;7.0;B01
79399;201400051730;0;7;0;0.0;1.0;4.0;4.0;A01
79400;201400051731;0;34;0;0.0;1.0;2.0;1.0;A01
79401;201400051732;0;7;0;0.0;2.0;2.0;2.0;A01
79402;201400051732;0;7;0;0.0;2.0;6.0;23.0;B01
79403;201400051733;0;1;0;0.0;2.0;0.0;2.0;A01
79404;201400051733;0;1;0;0.0;2.0;0.0;2.0;B01
79405;201400051734;0;2;0;0.0;0.0;0.0;21.0;A01
79406;201400051735;0;7;0;0.0;2.0;4.0;2.0;A01
79407;201400051735;0;33;0;0.0;2.0;4.0;2.0;B01
79408;201400051736;0;7;0;0.0;1.0;1.0;1.0;A01
79409;201400051738;1;30;0;0.0;1.0;0.0;1.0;Z01
79410;201400051739;0;1;0;0.0;1.0;2.0;1.0;A01
79411;201400051740;0;34;0;0.0;2.0;7.0;17.0;B01
79412;201400051740;0;7;0;0.0;2.0;8.0;13.0;A01
79413;201400051741;0;38;23;0.0;1.0;3.0;1.0;A01
79414;201400051742;0;30;0;0.0;0.0;0.0;1.0;A01
79415;201400051743;0;7;0;0.0;2.0;3.0;10.0;A01
79416;201400051743;0;33;0;0.0;2.0;1.0;1.0;B01
79417;201400051745;1;7;0;0.0;2.0;0.0;2.0;Z01
79418;201400051745;0;7;0;0.0;2.0;5.0;23.0;B01
79419;201400051745;0;31;0;0.0;2.0;1.0;2.0;A01
79420;201400051746;0;7;0;0.0;2.0;7.0;23.0;B01
79421;201400051746;0;2;0;0.0;2.0;8.0;21.0;A01
79422;201400051747;0;33;0;0.0;0.0;0.0;21.0;A01
79423;201400051748;0;10;0;0.0;1.0;4.0;4.0;A01
79424;201400051749;0;32;0;0.0;2.0;1.0;18.0;A01
79425;201400051749;0;14;0;0.0;2.0;4.0;16.0;B01
79426;201400051750;0;2;0;8.0;0.0;1.0;13.0;A01
79427;201400051751;0;2;0;9.0;0.0;0.0;1.0;A01
79428;201400051752;0;7;0;0.0;1.0;8.0;1.0;A01
79429;201400051753;0;10;0;0.0;1.0;2.0;22.0;A01
79430;201400051754;0;32;0;0.0;1.0;1.0;1.0;A01
79431;201400051755;0;33;0;0.0;2.0;8.0;16.0;B01
79432;201400051755;0;7;0;0.0;2.0;7.0;16.0;A01
79433;201400051756;0;7;0;0.0;2.0;3.0;1.0;B01
79434;201400051756;0;1;0;0.0;2.0;1.0;5.0;A01
79435;201400051758;0;30;0;0.0;0.0;8.0;1.0;A01
79436;201400051759;0;34;0;0.0;0.0;3.0;1.0;A01
79437;201400051760;0;33;0;14.0;0.0;2.0;11.0;A01
79438;201400051762;0;7;0;0.0;2.0;4.0;23.0;C01
79439;201400051762;0;7;0;0.0;2.0;1.0;1.0;A01
79440;201400051762;0;7;0;0.0;2.0;9.0;23.0;B01
79441;201400051763;0;7;0;0.0;2.0;0.0;15.0;A01
79442;201400051763;0;1;0;0.0;2.0;0.0;1.0;B01
79443;201400051764;0;1;0;0.0;1.0;0.0;1.0;A01
79444;201400051765;0;32;0;0.0;1.0;2.0;1.0;A01
79445;201400051766;0;33;0;0.0;2.0;2.0;1.0;B01
79446;201400051766;0;7;0;0.0;2.0;3.0;16.0;A01
79447;201400051767;0;7;0;0.0;2.0;6.0;23.0;B01
79448;201400051767;0;32;0;0.0;2.0;4.0;2.0;A01
79449;201400051768;0;33;0;1.0;0.0;1.0;13.0;A01
79450;201400051770;0;7;0;0.0;2.0;0.0;2.0;A01
79451;201400051770;0;31;0;0.0;2.0;4.0;23.0;B01
79452;201400051771;0;30;0;0.0;2.0;2.0;1.0;B01
79453;201400051771;0;30;0;0.0;2.0;3.0;1.0;A01
79454;201400051772;0;1;0;0.0;1.0;1.0;16.0;A01
79455;201400051773;0;10;0;0.0;2.0;2.0;16.0;A01
79456;201400051773;0;1;0;0.0;2.0;6.0;7.0;B01
79457;201400051774;0;10;0;0.0;2.0;3.0;1.0;B01
79458;201400051774;0;33;0;0.0;2.0;0.0;1.0;A01
79459;201400051775;0;7;0;0.0;1.0;2.0;15.0;A01
79460;201400051776;0;1;0;0.0;2.0;4.0;1.0;B01
79461;201400051776;0;7;0;0.0;2.0;4.0;23.0;A01
79462;201400051777;0;7;0;0.0;2.0;6.0;11.0;A01
79463;201400051777;0;33;0;0.0;2.0;2.0;1.0;B01
79464;201400051778;0;1;0;0.0;2.0;1.0;7.0;A01
79465;201400051778;0;7;0;0.0;2.0;4.0;16.0;B01
79466;201400051779;0;7;0;0.0;2.0;2.0;16.0;A01
79467;201400051779;0;33;0;0.0;2.0;1.0;18.0;B01
79468;201400051780;0;14;0;0.0;2.0;7.0;16.0;A01
79469;201400051780;0;30;0;0.0;2.0;1.0;18.0;B01
79470;201400051781;0;32;0;0.0;2.0;2.0;17.0;B01
79471;201400051781;0;7;0;0.0;2.0;6.0;15.0;A01
79472;201400051782;0;7;0;0.0;2.0;4.0;2.0;B01
79473;201400051782;0;37;8;0.0;2.0;1.0;2.0;A01
79474;201400051783;1;7;0;0.0;1.0;0.0;1.0;Z01
79475;201400051784;0;7;0;0.0;2.0;7.0;22.0;A01
79476;201400051784;0;1;0;0.0;2.0;1.0;1.0;B01
79477;201400051785;0;7;0;14.0;2.0;3.0;13.0;A01
79478;201400051785;0;7;0;0.0;2.0;6.0;1.0;B01
79479;201400051786;0;7;0;0.0;1.0;1.0;1.0;A01
79480;201400051789;0;7;0;0.0;1.0;2.0;1.0;A01
79481;201400051790;0;7;0;0.0;2.0;1.0;1.0;A01
79482;201400051790;0;33;0;0.0;2.0;8.0;1.0;B01
79483;201400051791;0;1;0;0.0;2.0;0.0;1.0;C01
79484;201400051791;0;7;0;0.0;2.0;7.0;13.0;A01
79485;201400051791;0;1;0;0.0;2.0;8.0;17.0;B01
79486;201400051792;0;31;0;14.0;0.0;1.0;14.0;A01
79487;201400051793;0;30;0;0.0;2.0;0.0;1.0;B01
79488;201400051793;0;7;0;0.0;2.0;0.0;9.0;A01
79489;201400051794;2;30;0;1.0;2.0;0.0;15.0;Z01
79490;201400051794;1;30;0;0.0;2.0;0.0;1.0;A01
79491;201400051795;0;33;0;0.0;2.0;8.0;3.0;B01
79492;201400051795;0;10;0;0.0;2.0;8.0;1.0;C01
79493;201400051795;0;7;0;0.0;2.0;7.0;14.0;A01
79494;201400051796;0;32;0;0.0;2.0;3.0;3.0;B01
79495;201400051796;0;7;0;0.0;2.0;5.0;12.0;A01
79496;201400051798;0;2;0;0.0;1.0;0.0;1.0;A01
79497;201400051800;0;32;0;0.0;2.0;0.0;3.0;B01
79498;201400051800;0;10;0;0.0;2.0;0.0;23.0;C01
79499;201400051800;0;7;0;0.0;2.0;3.0;23.0;A01
79500;201400051801;0;1;0;0.0;2.0;7.0;15.0;A01
79501;201400051801;0;7;0;0.0;2.0;3.0;1.0;B01
79502;201400051802;0;2;0;12.0;0.0;2.0;1.0;A01
79503;201400051803;0;7;0;0.0;2.0;3.0;15.0;A01
79504;201400051803;0;34;0;0.0;2.0;3.0;1.0;B01
79505;201400051804;0;7;0;0.0;2.0;5.0;22.0;A01
79506;201400051804;0;1;0;0.0;2.0;1.0;18.0;B01
79507;201400051805;0;30;0;12.0;0.0;2.0;14.0;A01
79508;201400051806;0;31;0;0.0;2.0;1.0;1.0;A01
79509;201400051806;1;7;0;0.0;2.0;1.0;15.0;Z01
79510;201400051807;0;30;0;0.0;2.0;0.0;21.0;A01
79511;201400051808;0;7;0;0.0;2.0;8.0;13.0;A01
79512;201400051808;0;1;0;0.0;2.0;1.0;17.0;B01
79513;201400051809;0;7;0;0.0;1.0;1.0;16.0;A01
79514;201400051810;0;32;0;0.0;2.0;1.0;11.0;A01
79515;201400051810;0;7;0;0.0;2.0;6.0;1.0;B01
79516;201400051811;0;33;0;0.0;2.0;2.0;12.0;A01
79517;201400051811;0;7;0;0.0;2.0;3.0;1.0;B01
79518;201400051812;0;33;0;0.0;1.0;1.0;1.0;A01
79519;201400051813;0;7;0;0.0;2.0;5.0;12.0;A01
79520;201400051813;0;33;0;0.0;2.0;8.0;1.0;B01
79521;201400051814;0;7;0;0.0;2.0;3.0;17.0;B01
79522;201400051814;0;31;0;0.0;2.0;1.0;1.0;A01
79523;201400051816;0;10;0;0.0;2.0;8.0;10.0;A01
79524;201400051816;0;31;0;0.0;2.0;3.0;5.0;B01
79525;201400051817;0;7;0;0.0;1.0;7.0;15.0;A01
79526;201400051818;0;7;0;0.0;2.0;3.0;15.0;B01
79527;201400051818;0;31;0;0.0;2.0;1.0;17.0;A01
79528;201400051819;0;7;0;7.0;0.0;1.0;13.0;A01
79529;201400051820;1;10;0;0.0;2.0;0.0;13.0;Z01
79530;201400051820;0;2;0;0.0;2.0;3.0;1.0;A01
79531;201400051821;0;33;0;14.0;0.0;7.0;11.0;A01
79532;201400051822;0;7;0;0.0;2.0;4.0;23.0;B01
79533;201400051822;0;1;0;0.0;1.0;1.0;7.0;A01
79534;201400051823;0;33;0;0.0;2.0;0.0;2.0;A01
79535;201400051823;0;34;0;0.0;2.0;0.0;23.0;B01
79536;201400051824;2;7;0;0.0;2.0;3.0;1.0;A01
79537;201400051824;0;7;0;0.0;2.0;6.0;23.0;B01
79538;201400051825;0;32;0;0.0;0.0;0.0;1.0;A01
79539;201400051827;0;1;0;0.0;2.0;1.0;5.0;A01
79540;201400051827;0;32;0;0.0;2.0;1.0;1.0;B01
79541;201400051828;0;34;0;12.0;0.0;1.0;11.0;A01
79542;201400051829;0;2;0;1.0;0.0;7.0;1.0;A01
79543;201400051831;0;33;0;8.0;2.0;7.0;1.0;B01
79544;201400051831;0;7;0;0.0;2.0;8.0;11.0;A01
79545;201400051832;0;2;0;0.0;1.0;1.0;1.0;A01
79546;201400051833;0;30;0;1.0;0.0;3.0;13.0;A01
79547;201400051834;0;33;0;0.0;1.0;2.0;1.0;A01
79548;201400051835;0;10;0;0.0;1.0;1.0;1.0;A01
79549;201400051836;0;7;0;0.0;2.0;1.0;22.0;B01
79550;201400051836;0;34;0;0.0;2.0;1.0;18.0;A01
79551;201400051837;0;30;0;0.0;2.0;7.0;1.0;A01
79552;201400051837;1;30;0;0.0;2.0;0.0;1.0;B01
79553;201400051838;0;34;0;0.0;0.0;7.0;1.0;A01
79554;201400051839;0;7;0;0.0;2.0;1.0;1.0;B01
79555;201400051839;0;7;0;0.0;2.0;4.0;23.0;A01
79556;201400051840;0;7;0;0.0;2.0;2.0;22.0;A01
79557;201400051840;0;2;0;0.0;2.0;2.0;18.0;B01
79558;201400051841;0;33;0;0.0;0.0;2.0;1.0;A01
79559;201400051842;0;7;0;0.0;2.0;5.0;1.0;A01
79560;201400051842;0;7;0;0.0;2.0;1.0;1.0;B01
79561;201400051843;0;31;0;0.0;0.0;8.0;1.0;A01
79562;201400051844;0;33;0;0.0;2.0;4.0;2.0;B01
79563;201400051844;0;32;0;0.0;2.0;1.0;2.0;A01
79564;201400051845;0;32;0;0.0;1.0;1.0;17.0;A01
79565;201400051846;0;32;0;0.0;2.0;8.0;1.0;A01
79566;201400051846;0;33;0;0.0;2.0;1.0;1.0;B01
79567;201400051848;0;7;0;0.0;1.0;2.0;1.0;A01
79568;201400051849;0;32;0;0.0;2.0;8.0;1.0;B01
79569;201400051849;0;7;0;0.0;2.0;2.0;15.0;A01
79570;201400051851;0;7;0;0.0;1.0;1.0;1.0;A01
79571;201400051852;0;33;0;0.0;2.0;7.0;17.0;B01
79572;201400051852;0;7;0;0.0;2.0;3.0;10.0;A01
79573;201400051853;0;7;0;0.0;2.0;6.0;1.0;B01
79574;201400051853;0;33;0;0.0;2.0;1.0;1.0;A01
79575;201400051854;0;7;0;0.0;2.0;3.0;15.0;A01
79576;201400051854;0;30;0;0.0;2.0;3.0;1.0;B01
79577;201400051855;0;31;0;0.0;0.0;2.0;1.0;A01
79578;201400051855;0;7;0;0.0;0.0;2.0;1.0;B01
79579;201400051856;0;7;0;0.0;1.0;2.0;1.0;A01
79580;201400051857;0;33;0;8.0;0.0;0.0;21.0;A01
79581;201400051858;0;7;0;0.0;1.0;2.0;1.0;A01
79582;201400051859;0;34;0;0.0;1.0;2.0;1.0;A01
79583;201400051860;0;34;0;12.0;0.0;2.0;21.0;A01
79584;201400051861;0;7;0;0.0;2.0;2.0;1.0;A01
79585;201400051861;0;33;0;0.0;2.0;1.0;1.0;B01
79586;201400051863;0;2;0;14.0;0.0;1.0;21.0;A01
79587;201400051864;0;7;0;0.0;2.0;0.0;17.0;A01
79588;201400051864;0;1;0;0.0;2.0;0.0;1.0;B01
79589;201400051865;0;32;0;0.0;2.0;1.0;1.0;B01
79590;201400051865;0;10;0;0.0;2.0;3.0;9.0;A01
79591;201400051866;0;1;0;0.0;2.0;2.0;19.0;B01
79592;201400051866;1;7;0;0.0;2.0;1.0;1.0;A01
79593;201400051867;0;7;0;0.0;2.0;1.0;1.0;A01
79594;201400051867;0;30;0;0.0;2.0;8.0;1.0;B01
79595;201400051868;0;7;0;0.0;2.0;6.0;15.0;A01
79596;201400051868;0;31;0;0.0;2.0;1.0;17.0;B01
79597;201400051869;0;7;0;0.0;2.0;2.0;1.0;A01
79598;201400051869;0;31;0;0.0;2.0;3.0;18.0;B01
79599;201400051871;0;32;0;0.0;1.0;1.0;1.0;A01
79600;201400051872;0;2;0;0.0;2.0;3.0;2.0;B01
79601;201400051872;0;7;0;0.0;2.0;2.0;14.0;A01
79602;201400051873;0;10;0;0.0;2.0;3.0;11.0;B01
79603;201400051873;0;1;0;0.0;2.0;7.0;1.0;A01
79604;201400051874;0;7;0;0.0;2.0;8.0;15.0;B01
79605;201400051874;0;31;0;0.0;2.0;7.0;17.0;A01
79606;201400051875;0;1;0;0.0;2.0;8.0;1.0;A01
79607;201400051875;0;7;0;0.0;2.0;8.0;16.0;B01
79608;201400051876;0;30;0;14.0;0.0;0.0;14.0;A01
79609;201400051877;0;7;0;0.0;2.0;7.0;7.0;B01
79610;201400051877;0;32;0;0.0;2.0;1.0;1.0;A01
79611;201400051878;0;1;0;0.0;2.0;3.0;1.0;B01
79612;201400051878;0;7;0;0.0;2.0;2.0;1.0;A01
79613;201400051879;0;7;0;0.0;2.0;8.0;15.0;A01
79614;201400051879;0;31;0;0.0;2.0;2.0;5.0;B01
79615;201400051880;0;7;0;0.0;2.0;2.0;1.0;A01
79616;201400051880;0;30;0;0.0;2.0;3.0;1.0;B01
79617;201400051881;0;10;0;0.0;1.0;2.0;1.0;A01
79618;201400051882;0;32;0;0.0;2.0;3.0;1.0;A01
79619;201400051882;0;1;0;0.0;2.0;4.0;11.0;B01
79620;201400051883;1;7;0;0.0;2.0;3.0;10.0;Z01
79621;201400051883;0;32;0;0.0;2.0;2.0;17.0;B01
79622;201400051884;0;7;0;0.0;2.0;3.0;1.0;B01
79623;201400051884;0;30;0;0.0;2.0;2.0;1.0;A01
79624;201400051885;0;7;0;0.0;2.0;0.0;15.0;B01
79625;201400051885;0;31;0;0.0;2.0;0.0;17.0;A01
79626;201400051886;0;7;0;0.0;2.0;1.0;1.0;A01
79627;201400051886;0;33;0;0.0;2.0;6.0;1.0;B01
79628;201400051887;0;33;0;0.0;1.0;1.0;1.0;A01
79629;201400051888;1;2;0;0.0;1.0;2.0;1.0;Z01
79630;201400051889;0;33;0;0.0;2.0;1.0;1.0;A01
79631;201400051889;0;31;0;0.0;2.0;8.0;1.0;B01
79632;201400051890;0;7;0;0.0;2.0;2.0;1.0;A01
79633;201400051890;0;32;0;0.0;2.0;8.0;1.0;B01
79634;201400051891;0;33;0;0.0;2.0;3.0;1.0;B01
79635;201400051891;1;10;0;0.0;2.0;0.0;17.0;A01
79636;201400051892;0;7;0;0.0;2.0;2.0;22.0;B01
79637;201400051892;0;34;0;0.0;2.0;7.0;18.0;A01
79638;201400051893;0;7;0;0.0;2.0;4.0;23.0;B01
79639;201400051893;0;2;0;0.0;2.0;1.0;2.0;A01
79640;201400051894;0;7;0;0.0;2.0;1.0;15.0;A01
79641;201400051894;0;32;0;0.0;2.0;1.0;1.0;B01
79642;201400051895;0;2;0;8.0;0.0;7.0;1.0;A01
79643;201400051896;0;37;0;0.0;1.0;2.0;1.0;A01
79644;201400051897;0;2;0;0.0;1.0;1.0;1.0;A01
79645;201400051899;0;10;0;0.0;2.0;2.0;1.0;A01
79646;201400051899;0;32;0;0.0;2.0;8.0;1.0;B01
79647;201400051900;0;31;0;0.0;2.0;1.0;17.0;A01
79648;201400051900;0;7;0;0.0;2.0;3.0;9.0;B01
79649;201400051903;0;31;0;0.0;2.0;1.0;2.0;A01
79650;201400051903;0;7;0;0.0;2.0;4.0;23.0;B01
79651;201400051905;0;14;0;0.0;2.0;6.0;15.0;A01
79652;201400051905;0;32;0;1.0;2.0;1.0;17.0;B01
79653;201400051906;0;1;0;0.0;2.0;2.0;15.0;A01
79654;201400051906;0;32;0;0.0;2.0;3.0;1.0;B01
79655;201400051907;0;33;0;0.0;2.0;7.0;1.0;A01
79656;201400051907;0;10;0;0.0;2.0;2.0;1.0;B01
79657;201400051908;0;33;0;0.0;2.0;1.0;17.0;B01
79658;201400051908;0;7;0;0.0;2.0;3.0;15.0;A01
79659;201400051909;0;1;0;0.0;2.0;0.0;1.0;A01
79660;201400051909;0;7;0;0.0;2.0;4.0;23.0;B01
79661;201400051910;0;10;0;0.0;1.0;6.0;9.0;A01
79662;201400051911;0;7;0;0.0;2.0;2.0;14.0;A01
79663;201400051911;0;30;0;0.0;2.0;4.0;1.0;B01
79664;201400051912;0;7;0;0.0;2.0;1.0;15.0;A01
79665;201400051912;0;33;0;0.0;2.0;2.0;1.0;B01
79666;201400051913;0;34;0;0.0;2.0;1.0;1.0;B01
79667;201400051913;0;7;0;0.0;2.0;5.0;1.0;A01
79668;201400051915;0;38;1;0.0;2.0;2.0;1.0;B01
79669;201400051915;0;37;1;0.0;2.0;0.0;18.0;A01
79670;201400051916;0;7;0;0.0;2.0;4.0;2.0;B01
79671;201400051916;0;10;0;0.0;2.0;1.0;2.0;A01
79672;201400051917;0;10;0;0.0;1.0;1.0;1.0;A01
79673;201400051918;0;1;0;0.0;2.0;1.0;1.0;A01
79674;201400051918;0;7;0;0.0;2.0;2.0;1.0;B01
79675;201400051919;0;2;0;0.0;2.0;1.0;17.0;A01
79676;201400051919;0;7;0;0.0;2.0;6.0;15.0;B01
79677;201400051920;0;33;0;0.0;0.0;0.0;1.0;A01
79678;201400051921;0;7;0;0.0;2.0;1.0;2.0;A01
79679;201400051921;0;1;0;0.0;2.0;8.0;7.0;B01
79680;201400051922;0;7;0;0.0;2.0;4.0;23.0;B01
79681;201400051922;0;30;0;0.0;2.0;1.0;2.0;A01
79682;201400051923;0;7;0;0.0;1.0;2.0;17.0;A01
79683;201400051924;0;1;0;0.0;1.0;1.0;1.0;A01
79684;201400051925;0;7;0;0.0;1.0;0.0;15.0;A01
79685;201400051926;0;34;0;0.0;2.0;7.0;1.0;B01
79686;201400051926;0;7;0;0.0;2.0;8.0;13.0;A01
79687;201400051927;0;7;0;0.0;2.0;3.0;2.0;A01
79688;201400051927;0;33;0;0.0;2.0;4.0;23.0;B01
79689;201400051928;0;7;0;0.0;2.0;0.0;22.0;A01
79690;201400051928;0;1;0;0.0;2.0;0.0;1.0;B01
79691;201400051929;0;30;0;0.0;0.0;0.0;1.0;A01
79692;201400051930;0;2;0;0.0;2.0;2.0;17.0;A01
79693;201400051930;0;7;0;0.0;2.0;3.0;15.0;B01
79694;201400051931;0;7;0;0.0;2.0;7.0;16.0;A01
79695;201400051931;0;34;0;0.0;2.0;8.0;18.0;B01
79696;201400051932;0;7;0;0.0;2.0;2.0;1.0;A01
79697;201400051932;0;34;0;0.0;2.0;1.0;1.0;B01
79698;201400051933;0;1;0;0.0;2.0;4.0;17.0;A01
79699;201400051933;0;30;0;3.0;2.0;1.0;15.0;B01
79700;201400051934;0;7;0;0.0;1.0;4.0;20.0;A01
79701;201400051935;0;7;0;0.0;1.0;3.0;15.0;A01
79702;201400051936;0;1;0;0.0;2.0;1.0;1.0;B01
79703;201400051936;0;30;0;0.0;2.0;5.0;16.0;A01
79704;201400051938;0;7;0;0.0;2.0;1.0;1.0;A01
79705;201400051938;0;30;0;0.0;2.0;4.0;2.0;B01
79706;201400051939;1;30;0;0.0;1.0;1.0;16.0;Z01
79707;201400051940;0;33;0;0.0;2.0;4.0;23.0;B01
79708;201400051940;0;7;0;0.0;2.0;2.0;2.0;A01
79709;201400051941;0;34;0;11.0;0.0;1.0;12.0;A01
79710;201400051942;0;7;0;0.0;2.0;3.0;10.0;A01
79711;201400051942;0;34;0;0.0;2.0;2.0;1.0;B01
79712;201400051944;1;7;0;0.0;1.0;1.0;1.0;Z01
79713;201400051945;0;32;0;0.0;2.0;3.0;1.0;A01
79714;201400051945;1;7;0;0.0;2.0;0.0;1.0;Z01
79715;201400051946;0;7;0;0.0;2.0;2.0;23.0;B01
79716;201400051946;0;33;0;0.0;2.0;3.0;2.0;A01
79717;201400051947;0;33;0;0.0;2.0;1.0;17.0;A01
79718;201400051947;0;33;0;0.0;2.0;3.0;15.0;B01
79719;201400051948;0;7;0;0.0;1.0;0.0;4.0;A01
79720;201400051950;0;31;0;0.0;2.0;1.0;1.0;B01
79721;201400051950;0;10;0;0.0;2.0;6.0;10.0;A01
79722;201400051951;0;33;0;0.0;1.0;1.0;1.0;A01
79723;201400051952;0;10;0;0.0;2.0;1.0;16.0;A01
79724;201400051952;0;1;0;0.0;2.0;4.0;7.0;B01
79725;201400051954;0;1;0;0.0;0.0;0.0;7.0;A01
79726;201400051956;0;10;0;0.0;2.0;2.0;1.0;A01
79727;201400051956;0;30;0;0.0;2.0;1.0;1.0;B01
79728;201400051957;0;7;0;0.0;2.0;2.0;1.0;A01
79729;201400051957;0;33;0;0.0;2.0;3.0;1.0;B01
79730;201400051958;0;30;0;0.0;2.0;2.0;17.0;A01
79731;201400051958;0;7;0;0.0;2.0;3.0;15.0;B01
79732;201400051959;0;7;0;0.0;1.0;2.0;1.0;A01
79733;201400051960;0;34;0;0.0;1.0;1.0;18.0;A01
79734;201400051961;0;33;0;0.0;2.0;1.0;1.0;B01
79735;201400051961;0;7;0;0.0;2.0;5.0;1.0;A01
79736;201400051963;1;7;0;0.0;1.0;3.0;1.0;Z01
79737;201400051964;0;10;0;0.0;2.0;2.0;9.0;A01
79738;201400051964;0;31;0;0.0;2.0;3.0;1.0;B01
79739;201400051965;0;34;0;0.0;2.0;8.0;1.0;B01
79740;201400051965;0;7;0;0.0;2.0;2.0;15.0;A01
79741;201400051967;0;34;0;0.0;2.0;8.0;18.0;A01
79742;201400051967;0;10;0;0.0;2.0;2.0;1.0;B01
79743;201400051968;0;32;0;0.0;1.0;1.0;1.0;A01
79744;201400051970;0;30;0;0.0;0.0;0.0;15.0;A01
79745;201400051971;0;2;0;0.0;0.0;0.0;1.0;A01
79746;201400051972;0;31;0;14.0;1.0;1.0;1.0;A01
79747;201400051973;0;7;0;0.0;1.0;3.0;15.0;A01
79748;201400051976;0;33;0;0.0;1.0;8.0;1.0;A01
79749;201400051977;0;7;0;0.0;1.0;3.0;15.0;A01
79750;201400051978;0;31;0;0.0;1.0;8.0;1.0;A01
79751;201400051979;0;2;0;0.0;1.0;1.0;1.0;A01
79752;201400051980;0;32;0;1.0;0.0;1.0;21.0;A01
79753;201400051981;0;10;0;0.0;1.0;4.0;4.0;A01
79754;201400051982;0;30;0;0.0;0.0;0.0;1.0;A01
79755;201400051984;0;37;3;0.0;1.0;2.0;1.0;A01
79756;201400051985;0;7;0;0.0;1.0;4.0;4.0;A01
79757;201400051986;0;7;0;0.0;1.0;3.0;15.0;A01
79758;201400051987;0;7;0;0.0;2.0;4.0;23.0;B01
79759;201400051987;0;7;0;0.0;2.0;1.0;1.0;A01
79760;201400051987;0;7;0;0.0;2.0;4.0;23.0;C01
79761;201400051989;0;30;0;0.0;2.0;1.0;7.0;A01
79762;201400051989;0;7;0;0.0;0.0;2.0;16.0;B01
79763;201400051990;0;7;0;0.0;1.0;3.0;15.0;A01
79764;201400051991;0;1;0;0.0;2.0;1.0;5.0;A01
79765;201400051991;0;7;0;0.0;0.0;3.0;1.0;B01
79766;201400051992;0;1;0;0.0;2.0;1.0;1.0;B01
79767;201400051992;0;7;0;0.0;2.0;3.0;22.0;A01
79768;201400051993;1;7;0;0.0;2.0;0.0;17.0;Z01
79769;201400051993;0;33;0;0.0;2.0;3.0;1.0;A01
79770;201400051994;0;1;0;0.0;2.0;2.0;1.0;A01
79771;201400051994;0;7;0;0.0;2.0;3.0;22.0;B01
79772;201400051995;1;7;0;0.0;1.0;0.0;5.0;Z01
79773;201400051996;0;7;0;0.0;2.0;2.0;9.0;A01
79774;201400051996;0;1;0;0.0;2.0;8.0;1.0;B01
79775;201400051997;0;2;0;0.0;2.0;8.0;1.0;A01
79776;201400051997;0;10;0;0.0;2.0;2.0;14.0;B01
79777;201400051999;0;37;1;0.0;2.0;2.0;7.0;A01
79778;201400051999;0;31;0;0.0;2.0;8.0;15.0;B01
79779;201400052000;0;32;0;0.0;2.0;1.0;1.0;A01
79780;201400052000;0;32;0;0.0;2.0;6.0;23.0;C01
79781;201400052000;0;7;0;0.0;2.0;8.0;23.0;D01
79782;201400052000;0;32;0;0.0;2.0;4.0;23.0;B01
79783;201400052001;0;33;0;0.0;0.0;3.0;7.0;A01
79784;201400052002;0;14;0;0.0;2.0;5.0;16.0;B01
79785;201400052002;0;7;0;0.0;2.0;3.0;7.0;A01
79786;201400052003;0;2;0;0.0;0.0;2.0;1.0;A01
79787;201400052004;0;30;0;0.0;2.0;1.0;2.0;A01
79788;201400052004;0;7;0;0.0;2.0;6.0;23.0;B01
79789;201400052005;0;1;0;0.0;1.0;7.0;1.0;A01
79790;201400052006;0;10;0;0.0;2.0;5.0;16.0;A01
79791;201400052006;0;1;0;0.0;2.0;1.0;7.0;B01
79792;201400052007;0;7;0;1.0;0.0;2.0;14.0;A01
79793;201400052008;0;34;0;0.0;1.0;5.0;1.0;A01
79794;201400052009;0;7;0;0.0;2.0;6.0;23.0;B01
79795;201400052009;0;1;0;0.0;2.0;1.0;11.0;A01
79796;201400052010;0;1;0;0.0;1.0;7.0;1.0;A01
79797;201400052011;0;7;0;0.0;2.0;8.0;15.0;A01
79798;201400052011;0;31;0;0.0;2.0;2.0;17.0;B01
79799;201400052012;0;10;0;0.0;1.0;4.0;4.0;A01
79800;201400052013;0;2;0;0.0;0.0;8.0;1.0;A01
79801;201400052014;0;7;0;0.0;2.0;6.0;15.0;B01
79802;201400052014;0;31;0;0.0;2.0;2.0;17.0;A01
79803;201400052015;0;32;0;0.0;2.0;3.0;1.0;B01
79804;201400052015;0;10;0;0.0;2.0;2.0;1.0;A01
79805;201400052016;0;34;0;0.0;1.0;1.0;1.0;A01