;Num_Acc;senc;catv;occutc;obs;obsm;choc;manv;num_veh
79806;201400052017;0;1;0;1.0;2.0;1.0;1.0;B01
79807;201400052017;0;7;0;0.0;2.0;8.0;22.0;A01
79808;201400052018;0;7;0;0.0;2.0;1.0;1.0;A01
79809;201400052018;0;34;0;0.0;2.0;8.0;15.0;B01
79810;201400052020;0;2;0;0.0;2.0;1.0;16.0;B01
79811;201400052020;0;7;0;0.0;2.0;5.0;4.0;A01
79812;201400052021;0;1;0;0.0;0.0;0.0;1.0;A01
79813;201400052022;0;32;0;0.0;0.0;0.0;1.0;A01
79814;201400052024;0;32;0;0.0;2.0;3.0;18.0;A01
79815;201400052024;0;10;0;0.0;2.0;7.0;16.0;B01
79816;201400052025;0;33;0;0.0;2.0;3.0;2.0;A01
79817;201400052025;0;7;0;0.0;2.0;5.0;23.0;B01
79818;201400052027;0;7;0;0.0;2.0;2.0;16.0;A01
79819;201400052027;0;31;0;0.0;2.0;1.0;18.0;B01
79820;201400052028;0;7;0;0.0;1.0;1.0;1.0;A01
79821;201400052029;0;7;0;0.0;1.0;3.0;15.0;A01
79822;201400052030;0;7;0;0.0;2.0;3.0;13.0;A01
79823;201400052030;0;30;0;0.0;2.0;2.0;1.0;B01
79824;201400052031;0;7;0;0.0;2.0;4.0;23.0;B01
79825;201400052031;0;7;0;0.0;2.0;4.0;23.0;D01
79826;201400052031;0;7;0;0.0;2.0;4.0;23.0;C01
79827;201400052031;0;7;0;0.0;2.0;1.0;2.0;A01
79828;201400052033;0;7;0;0.0;2.0;1.0;2.0;A01
79829;201400052033;0;32;0;0.0;2.0;4.0;23.0;B01
79830;201400052034;0;33;0;0.0;1.0;2.0;1.0;A01
79831;201400052035;0;31;0;0.0;2.0;1.0;18.0;B01
79832;201400052035;0;7;0;0.0;2.0;7.0;22.0;A01
79833;201400052036;0;2;0;0.0;2.0;1.0;2.0;A01
79834;201400052036;0;7;0;0.0;2.0;5.0;23.0;B01
79835;201400052037;0;7;0;0.0;2.0;3.0;22.0;A01
79836;201400052037;0;33;0;1.0;2.0;1.0;1.0;B01
79837;201400052038;0;7;0;0.0;2.0;3.0;1.0;C01
79838;201400052038;0;34;0;0.0;2.0;1.0;2.0;A01
79839;201400052038;0;7;0;0.0;2.0;4.0;2.0;B01
79840;201400052039;0;7;0;0.0;2.0;6.0;1.0;A01
79841;201400052039;0;30;0;0.0;2.0;7.0;23.0;B01
79842;201400052040;0;1;0;0.0;2.0;7.0;19.0;A01
79843;201400052040;0;7;0;0.0;2.0;2.0;1.0;B01
79844;201400052041;0;7;0;0.0;2.0;4.0;1.0;B01
79845;201400052041;0;33;0;0.0;2.0;1.0;1.0;A01
79846;201400052042;0;31;0;0.0;2.0;8.0;1.0;A01
79847;201400052042;0;7;0;0.0;2.0;1.0;1.0;B01
79848;201400052043;0;10;0;0.0;2.0;1.0;1.0;A01
79849;201400052043;0;32;0;0.0;2.0;4.0;23.0;B01
79850;201400052044;0;33;0;0.0;2.0;1.0;1.0;A01
79851;201400052044;0;7;0;0.0;2.0;4.0;23.0;B01
79852;201400052045;0;2;0;14.0;0.0;0.0;21.0;A01
79853;201400052047;0;1;0;0.0;2.0;1.0;2.0;A01
79854;201400052047;0;7;0;0.0;2.0;4.0;23.0;B01
79855;201400052048;0;33;0;0.0;1.0;2.0;1.0;A01
79856;201400052049;0;33;0;0.0;2.0;7.0;1.0;B01
79857;201400052049;0;7;0;0.0;2.0;1.0;10.0;A01
79858;201400052050;0;13;0;0.0;2.0;7.0;16.0;A01
79859;201400052050;0;1;0;0.0;2.0;3.0;7.0;B01
79860;201400052051;0;7;0;0.0;2.0;5.0;12.0;A01
79861;201400052051;0;32;0;8.0;2.0;7.0;1.0;B01
79862;201400052052;0;7;0;0.0;2.0;4.0;11.0;B01
79863;201400052052;0;7;0;0.0;2.0;1.0;1.0;A01
79864;201400052053;0;7;0;0.0;1.0;3.0;1.0;A01
79865;201400052054;0;7;0;12.0;2.0;2.0;7.0;A01
79866;201400052054;0;2;0;0.0;2.0;3.0;15.0;B01
79867;201400052055;0;7;0;0.0;2.0;1.0;2.0;A01
79868;201400052055;0;1;0;0.0;2.0;4.0;15.0;B01
79869;201400052056;0;7;0;0.0;1.0;7.0;7.0;A01
79870;201400052057;0;10;0;0.0;2.0;8.0;1.0;A01
79871;201400052057;0;1;0;0.0;2.0;1.0;5.0;B01
79872;201400052058;1;37;1;0.0;2.0;5.0;17.0;Z01
79873;201400052058;0;1;0;12.0;2.0;3.0;7.0;A01
79874;201400052059;0;33;0;14.0;0.0;1.0;1.0;A01
79875;201400052060;0;1;0;0.0;2.0;1.0;16.0;B01
79876;201400052060;0;7;0;0.0;2.0;3.0;10.0;A01
79877;201400052061;0;33;0;0.0;2.0;3.0;1.0;B01
79878;201400052061;0;2;0;0.0;2.0;3.0;5.0;A01
79879;201400052062;0;32;0;0.0;2.0;4.0;1.0;B01
79880;201400052062;0;14;0;0.0;2.0;1.0;17.0;A01
79881;201400052063;0;34;0;0.0;1.0;1.0;16.0;A01
79882;201400052064;0;2;0;14.0;0.0;2.0;14.0;A01
79883;201400052065;0;30;0;1.0;0.0;3.0;13.0;A01
79884;201400052066;0;7;0;0.0;2.0;3.0;15.0;B01
79885;201400052066;0;7;0;0.0;2.0;7.0;1.0;A01
79886;201400052067;0;1;0;0.0;2.0;1.0;7.0;B01
79887;201400052067;0;7;0;0.0;2.0;2.0;16.0;A01
79888;201400052068;0;7;0;0.0;2.0;5.0;23.0;B01
79889;201400052068;0;2;0;0.0;2.0;3.0;2.0;A01
79890;201400052069;0;1;0;0.0;2.0;8.0;7.0;A01
79891;201400052069;1;7;0;0.0;2.0;8.0;17.0;Z01
79892;201400052070;0;31;0;0.0;2.0;1.0;2.0;A01
79893;201400052070;0;7;0;0.0;2.0;4.0;23.0;B01
79894;201400052071;0;7;0;0.0;2.0;3.0;15.0;B01
79895;201400052071;0;32;0;0.0;2.0;5.0;17.0;A01
79896;201400052072;0;31;0;0.0;1.0;1.0;15.0;A01
79897;201400052073;0;7;0;0.0;1.0;3.0;1.0;A01
79898;201400052074;1;30;0;0.0;1.0;1.0;1.0;Z01
79899;201400052075;0;7;0;0.0;1.0;2.0;7.0;A01
79900;201400052076;0;1;0;0.0;2.0;8.0;1.0;B01
79901;201400052076;0;7;0;0.0;2.0;2.0;14.0;A01
79902;201400052077;1;7;0;0.0;2.0;2.0;1.0;Z01
79903;201400052077;0;1;0;0.0;2.0;8.0;1.0;A01
79904;201400052078;0;32;0;0.0;0.0;0.0;21.0;A01
79905;201400052079;0;30;0;0.0;2.0;1.0;1.0;A01
79906;201400052079;0;7;0;0.0;2.0;3.0;15.0;B01
79907;201400052080;1;7;0;0.0;1.0;1.0;1.0;Z01
79908;201400052081;0;2;0;0.0;2.0;6.0;13.0;A01
79909;201400052081;0;7;0;0.0;2.0;7.0;1.0;B01
79910;201400052082;0;31;0;0.0;2.0;7.0;1.0;A01
79911;201400052082;0;37;1;0.0;2.0;3.0;1.0;B01
79912;201400052083;0;32;0;9.0;2.0;8.0;18.0;B01
79913;201400052083;0;7;0;0.0;2.0;2.0;16.0;A01
79914;201400052084;1;1;0;0.0;1.0;0.0;1.0;A01
79915;201400052085;0;2;0;0.0;1.0;1.0;1.0;A01
79916;201400052086;0;31;0;0.0;2.0;3.0;1.0;B01
79917;201400052086;0;7;0;0.0;2.0;6.0;10.0;A01
79918;201400052087;0;10;0;0.0;2.0;3.0;1.0;B01
79919;201400052087;0;32;0;0.0;2.0;1.0;1.0;A01
79920;201400052088;0;1;0;1.0;0.0;0.0;7.0;B01
79921;201400052088;0;7;0;0.0;0.0;0.0;22.0;A01
79922;201400052089;0;1;0;0.0;1.0;0.0;1.0;A01
79923;201400052091;0;7;0;14.0;2.0;4.0;1.0;A01
79924;201400052091;0;32;0;0.0;0.0;4.0;23.0;B01
79925;201400052092;0;7;0;3.0;0.0;1.0;1.0;A01
79926;201400052094;0;32;0;0.0;2.0;1.0;17.0;A01
79927;201400052094;0;7;0;0.0;2.0;3.0;15.0;B01
79928;201400052095;0;37;0;0.0;0.0;0.0;7.0;A01
79929;201400052096;0;37;1;0.0;2.0;1.0;0.0;A01
79930;201400052096;0;7;0;0.0;2.0;4.0;0.0;B01
79931;201400052097;0;7;0;0.0;2.0;1.0;2.0;A01
79932;201400052097;0;33;0;0.0;2.0;4.0;23.0;B01
79933;201400052098;0;7;0;0.0;1.0;1.0;15.0;A01
79934;201400052099;0;13;0;0.0;0.0;5.0;14.0;B01
79935;201400052099;0;32;0;0.0;2.0;8.0;18.0;A01
79936;201400052100;0;7;0;0.0;1.0;1.0;1.0;A01
79937;201400052101;0;33;0;0.0;2.0;5.0;17.0;A01
79938;201400052101;1;13;0;0.0;2.0;0.0;15.0;Z01
79939;201400052102;0;1;0;0.0;2.0;1.0;1.0;B01
79940;201400052102;0;14;0;0.0;2.0;8.0;22.0;A01
79941;201400052103;0;30;0;0.0;1.0;1.0;18.0;A01
79942;201400052103;0;10;0;0.0;2.0;0.0;1.0;B01
79943;201400052104;0;31;0;0.0;2.0;1.0;2.0;A01
79944;201400052104;0;7;0;0.0;2.0;5.0;23.0;B01
79945;201400052105;0;7;0;7.0;0.0;1.0;13.0;A01
79946;201400052106;0;7;0;0.0;2.0;2.0;16.0;A01
79947;201400052106;0;1;0;0.0;2.0;3.0;1.0;B01
79948;201400052107;0;33;0;0.0;1.0;0.0;17.0;A01
79949;201400052108;0;30;0;0.0;2.0;1.0;2.0;A01
79950;201400052108;0;7;0;0.0;2.0;6.0;2.0;B01
79951;201400052109;0;7;0;0.0;2.0;7.0;12.0;A01
79952;201400052109;0;33;0;0.0;2.0;8.0;1.0;B01
79953;201400052110;0;7;0;0.0;2.0;2.0;12.0;A01
79954;201400052110;0;30;0;0.0;2.0;6.0;18.0;B01
79955;201400052111;0;7;0;7.0;0.0;1.0;1.0;A01
79956;201400052112;0;1;0;0.0;2.0;8.0;11.0;A01
79957;201400052112;0;37;0;0.0;2.0;5.0;1.0;B01
79958;201400052113;0;1;0;0.0;2.0;3.0;15.0;A01
79959;201400052113;0;1;0;0.0;2.0;5.0;1.0;B01
79960;201400052114;0;37;29;0.0;2.0;0.0;17.0;A01
79961;201400052114;0;1;0;0.0;2.0;0.0;7.0;B01
79962;201400052115;0;10;0;0.0;2.0;3.0;15.0;B01
79963;201400052115;0;31;0;0.0;2.0;8.0;17.0;A01
79964;201400052116;0;33;0;0.0;2.0;6.0;1.0;A01
79965;201400052116;1;7;0;0.0;2.0;2.0;14.0;Z01
79966;201400052116;0;14;0;0.0;2.0;5.0;1.0;B01
79967;201400052117;0;7;0;0.0;1.0;4.0;4.0;A01
79968;201400052118;0;7;0;0.0;2.0;1.0;1.0;A01
79969;201400052118;0;7;0;1.0;2.0;8.0;1.0;B01
79970;201400052119;0;7;0;0.0;2.0;3.0;15.0;A01
79971;201400052119;0;33;0;0.0;2.0;1.0;17.0;B01
79972;201400052120;0;33;0;0.0;2.0;1.0;2.0;A01
79973;201400052120;0;7;0;0.0;2.0;6.0;2.0;B01
79974;201400052121;0;7;0;0.0;1.0;7.0;16.0;A01
79975;201400052122;0;30;0;0.0;2.0;7.0;1.0;B01
79976;201400052122;0;1;0;0.0;2.0;1.0;1.0;A01
79977;201400052124;0;7;0;0.0;1.0;1.0;1.0;A01
79978;201400052125;0;7;0;0.0;1.0;0.0;1.0;A01
79979;201400052126;0;7;0;0.0;2.0;0.0;22.0;A01
79980;201400052126;0;1;0;0.0;2.0;1.0;1.0;B01
79981;201400052127;1;30;0;0.0;1.0;0.0;1.0;Z01
79982;201400052128;0;2;0;0.0;1.0;1.0;1.0;A01
79983;201400052129;0;32;0;0.0;2.0;8.0;18.0;A01
79984;201400052129;0;10;0;0.0;2.0;2.0;16.0;B01
79985;201400052130;0;7;0;0.0;2.0;4.0;23.0;B01
79986;201400052130;0;7;0;0.0;2.0;1.0;1.0;A01
79987;201400052131;0;7;0;0.0;2.0;1.0;1.0;B01
79988;201400052131;0;32;0;0.0;2.0;7.0;12.0;A01
79989;201400052132;0;32;0;0.0;2.0;0.0;1.0;B01
79990;201400052132;0;7;0;0.0;2.0;1.0;1.0;A01
79991;201400052133;0;2;0;0.0;1.0;2.0;1.0;A01
79992;201400052134;0;33;0;0.0;1.0;0.0;1.0;A01
79993;201400052135;0;31;0;0.0;1.0;2.0;1.0;A01
79994;201400052137;0;7;0;0.0;2.0;7.0;14.0;B01
79995;201400052137;0;10;0;8.0;2.0;3.0;1.0;A01
79996;201400052138;0;10;0;0.0;2.0;1.0;15.0;A01
79997;201400052138;0;33;0;0.0;2.0;2.0;17.0;B01
79998;201400052140;0;32;0;0.0;0.0;0.0;21.0;A01
79999;201400052142;0;7;0;0.0;2.0;2.0;12.0;A01
80000;201400052142;0;1;0;0.0;2.0;8.0;7.0;B01
80001;201400052143;0;7;0;0.0;2.0;5.0;1.0;C01
80002;201400052143;0;1;0;0.0;2.0;0.0;1.0;B01
80003;201400052143;0;7;0;0.0;2.0;0.0;22.0;A01
80004;201400052144;0;7;0;0.0;2.0;4.0;23.0;C01
80005;201400052144;0;10;0;0.0;2.0;1.0;1.0;A01
80006;201400052144;0;7;0;0.0;2.0;4.0;23.0;B01
80007;201400052145;0;1;0;0.0;1.0;1.0;7.0;A01
80008;201400052146;0;7;0;0.0;2.0;1.0;1.0;A01
80009;201400052146;0;1;0;0.0;2.0;4.0;1.0;B01
80010;201400052147;0;32;0;0.0;1.0;1.0;1.0;A01
80011;201400052148;0;7;0;0.0;1.0;1.0;15.0;A01
80012;201400052149;0;33;0;0.0;1.0;8.0;1.0;A01
80013;201400052151;0;7;0;0.0;2.0;3.0;2.0;A01
80014;201400052151;0;33;0;0.0;2.0;4.0;23.0;B01
80015;201400052152;0;7;0;0.0;1.0;5.0;4.0;A01
80016;201400052153;0;7;0;0.0;2.0;2.0;1.0;A01
80017;201400052153;0;1;0;0.0;2.0;4.0;13.0;B01
80018;201400052154;0;7;0;0.0;2.0;3.0;15.0;B01
80019;201400052154;0;34;0;0.0;2.0;1.0;17.0;A01
80020;201400052155;0;7;0;0.0;1.0;1.0;1.0;A01
80021;201400052155;0;7;0;0.0;2.0;3.0;1.0;B01
80022;201400052156;0;32;0;12.0;0.0;1.0;13.0;A01
80023;201400052157;0;7;0;0.0;2.0;0.0;22.0;A01
80024;201400052157;0;31;0;0.0;2.0;0.0;1.0;B01
80025;201400052158;0;7;0;0.0;2.0;4.0;23.0;B01
80026;201400052158;0;7;0;0.0;2.0;1.0;2.0;A01
80027;201400052159;0;32;0;0.0;2.0;7.0;17.0;A01
80028;201400052159;0;7;0;0.0;2.0;0.0;15.0;B01
80029;201400052160;0;7;0;0.0;2.0;3.0;1.0;B01
80030;201400052160;0;2;0;0.0;2.0;7.0;15.0;A01
80031;201400052161;0;7;0;0.0;2.0;0.0;9.0;A01
80032;201400052161;0;31;0;0.0;2.0;0.0;1.0;B01
80033;201400052162;0;7;0;0.0;2.0;3.0;10.0;A01
80034;201400052162;0;33;0;0.0;2.0;1.0;1.0;B01
80035;201400052163;0;2;0;0.0;2.0;4.0;15.0;B01
80036;201400052163;0;30;0;0.0;2.0;1.0;2.0;A01
80037;201400052164;0;7;0;7.0;0.0;3.0;13.0;A01
80038;201400052165;0;7;0;0.0;1.0;6.0;4.0;A01
80039;201400052166;0;7;0;0.0;1.0;6.0;4.0;A01
80040;201400052167;0;33;0;0.0;2.0;1.0;1.0;B01
80041;201400052167;0;7;0;0.0;2.0;6.0;1.0;A01
80042;201400052169;0;33;0;0.0;1.0;2.0;1.0;A01
80043;201400052170;1;7;0;0.0;1.0;3.0;1.0;Z01
80044;201400052171;0;1;0;0.0;2.0;3.0;1.0;A01
80045;201400052171;0;14;0;0.0;2.0;2.0;16.0;B01
80046;201400052172;0;33;0;0.0;2.0;4.0;23.0;B01
80047;201400052172;0;7;0;0.0;2.0;6.0;1.0;A01
80048;201400052172;1;7;0;0.0;2.0;4.0;15.0;Z01
80049;201400052173;0;31;0;0.0;1.0;1.0;1.0;A01
80050;201400052176;0;10;0;0.0;1.0;4.0;4.0;A01
80051;201400052177;0;2;0;0.0;2.0;2.0;1.0;B01
80052;201400052177;0;1;0;0.0;2.0;1.0;7.0;C01
80053;201400052177;0;31;0;0.0;2.0;5.0;1.0;A01
80054;201400052178;0;7;0;0.0;2.0;4.0;23.0;B01
80055;201400052178;0;7;0;0.0;2.0;1.0;1.0;A01
80056;201400052179;0;10;0;0.0;2.0;5.0;23.0;B01
80057;201400052179;0;32;0;0.0;2.0;3.0;1.0;A01
80058;201400052182;0;33;0;0.0;2.0;1.0;1.0;A01
80059;201400052182;0;33;0;0.0;2.0;8.0;1.0;B01
80060;201400052183;0;7;0;0.0;2.0;4.0;1.0;B01
80061;201400052183;0;7;0;0.0;2.0;1.0;1.0;A01
80062;201400052185;0;7;0;0.0;1.0;2.0;16.0;A01
80063;201400052186;0;37;0;0.0;1.0;0.0;7.0;A01
80064;201400052187;0;30;0;0.0;0.0;0.0;23.0;A01
80065;201400052187;1;7;0;0.0;0.0;0.0;1.0;Z01
80066;201400052188;0;32;0;0.0;9.0;0.0;21.0;A01
80067;201400052189;0;30;0;0.0;0.0;0.0;0.0;A01
80068;201400052190;1;7;0;0.0;1.0;3.0;1.0;Z01
80069;201400052191;0;33;0;0.0;0.0;8.0;15.0;A01
80070;201400052192;0;30;0;0.0;0.0;8.0;21.0;A01
80071;201400052193;0;33;0;0.0;2.0;7.0;3.0;A01
80072;201400052193;0;7;0;0.0;2.0;3.0;1.0;B01
80073;201400052194;0;31;0;0.0;0.0;0.0;1.0;A01
80074;201400052195;0;10;0;0.0;2.0;1.0;1.0;A01
80075;201400052195;0;15;0;0.0;2.0;4.0;23.0;B01
80076;201400052196;0;31;0;0.0;9.0;7.0;1.0;A01
80077;201400052197;0;1;0;0.0;1.0;0.0;1.0;A01
80078;201400052198;0;7;0;0.0;2.0;4.0;1.0;A01
80079;201400052198;0;1;0;0.0;2.0;0.0;23.0;B01
80080;201400052199;0;32;0;0.0;1.0;2.0;17.0;A01
80081;201400052200;0;37;0;0.0;1.0;2.0;15.0;A01
80082;201400052201;0;10;0;0.0;2.0;1.0;2.0;C01
80083;201400052201;0;7;0;0.0;2.0;2.0;2.0;B01
80084;201400052201;0;30;0;0.0;2.0;8.0;15.0;A01
80085;201400052202;0;33;0;0.0;2.0;4.0;23.0;B01
80086;201400052202;0;30;0;0.0;2.0;1.0;2.0;A01
80087;201400052203;0;33;0;0.0;1.0;3.0;1.0;A01
80088;201400052204;0;32;0;14.0;0.0;0.0;1.0;A01
80089;201400052205;0;7;0;14.0;0.0;3.0;1.0;A01
80090;201400052206;0;7;0;0.0;2.0;1.0;1.0;A01
80091;201400052206;0;33;0;0.0;2.0;4.0;23.0;B01
80092;201400052207;0;34;0;8.0;0.0;3.0;2.0;A01
80093;201400052208;0;7;0;0.0;2.0;1.0;1.0;A01
80094;201400052208;0;32;0;0.0;2.0;4.0;23.0;B01
80095;201400052209;0;32;0;0.0;0.0;0.0;1.0;A01
80096;201400052210;0;10;0;0.0;1.0;1.0;1.0;A01
80097;201400052211;0;2;0;0.0;2.0;0.0;18.0;A01
80098;201400052211;0;7;0;0.0;2.0;5.0;22.0;B01
80099;201400052212;1;13;0;0.0;2.0;0.0;16.0;Z01
80100;201400052212;0;1;0;0.0;2.0;0.0;1.0;A01
80101;201400052213;0;1;0;0.0;2.0;3.0;7.0;B01
80102;201400052213;0;10;0;0.0;2.0;2.0;16.0;A01
80103;201400052214;0;7;0;0.0;1.0;3.0;1.0;A01
80104;201400052215;0;7;0;0.0;2.0;1.0;2.0;A01
80105;201400052215;0;7;0;0.0;2.0;4.0;2.0;B01
80106;201400052216;0;33;0;0.0;2.0;2.0;8.0;B01
80107;201400052216;0;7;0;0.0;2.0;3.0;15.0;A01
80108;201400052218;0;30;0;0.0;0.0;1.0;1.0;A01
80109;201400052219;0;7;0;0.0;2.0;4.0;23.0;B01
80110;201400052219;0;7;0;0.0;2.0;1.0;2.0;A01
80111;201400052220;0;34;0;0.0;0.0;0.0;1.0;A01
80112;201400052221;0;7;0;0.0;2.0;2.0;1.0;B01
80113;201400052221;0;1;0;0.0;2.0;3.0;11.0;A01
80114;201400052222;0;37;1;0.0;2.0;3.0;1.0;B01
80115;201400052222;0;7;0;0.0;2.0;1.0;1.0;A01
80116;201400052223;0;32;0;0.0;2.0;6.0;9.0;B01
80117;201400052223;0;7;0;0.0;2.0;5.0;4.0;A01
80118;201400052226;0;1;0;0.0;1.0;8.0;1.0;A01
80119;201400052227;0;7;0;0.0;2.0;6.0;15.0;B01
80120;201400052227;0;33;0;0.0;2.0;2.0;15.0;A01
80121;201400052228;0;7;0;0.0;1.0;7.0;16.0;A01
80122;201400052229;0;34;0;0.0;2.0;1.0;17.0;B01
80123;201400052229;0;7;0;0.0;2.0;3.0;13.0;A01
80124;201400052230;1;30;0;0.0;1.0;1.0;1.0;Z01
80125;201400052231;0;31;0;0.0;2.0;1.0;1.0;B01
80126;201400052231;0;7;0;0.0;2.0;7.0;15.0;A01
80127;201400052232;0;7;0;0.0;1.0;2.0;1.0;A01
80128;201400052234;1;7;0;0.0;1.0;0.0;1.0;Z01
80129;201400052235;0;7;0;0.0;2.0;5.0;0.0;A01
80130;201400052235;0;7;0;0.0;2.0;3.0;0.0;B01
80131;201400052236;0;7;0;0.0;2.0;1.0;1.0;A01
80132;201400052236;0;7;0;0.0;0.0;4.0;23.0;B01
80133;201400052237;0;7;0;0.0;1.0;8.0;1.0;A01
80134;201400052238;0;7;0;0.0;2.0;3.0;11.0;A01
80135;201400052238;0;31;0;0.0;2.0;7.0;1.0;B01
80136;201400052240;0;32;0;1.0;0.0;1.0;15.0;A01
80137;201400052241;0;1;0;0.0;1.0;7.0;1.0;A01
80138;201400052242;0;7;0;0.0;1.0;6.0;4.0;A01
80139;201400052243;0;1;0;1.0;1.0;1.0;1.0;A01
80140;201400052244;0;32;0;0.0;1.0;1.0;1.0;A01
80141;201400052245;0;7;0;0.0;0.0;5.0;1.0;B01
80142;201400052245;0;33;0;0.0;2.0;5.0;23.0;A01
80143;201400052246;0;31;0;0.0;1.0;1.0;1.0;A01
80144;201400052247;0;7;0;0.0;2.0;4.0;23.0;B01
80145;201400052247;0;7;0;0.0;2.0;2.0;2.0;A01
80146;201400052247;0;7;0;0.0;2.0;4.0;23.0;C01
80147;201400052247;1;10;0;0.0;2.0;0.0;23.0;Z01
80148;201400052248;0;7;0;0.0;1.0;3.0;15.0;A01
80149;201400052249;0;7;0;0.0;2.0;2.0;1.0;A01
80150;201400052249;0;31;0;0.0;2.0;8.0;1.0;B01
80151;201400052250;0;1;0;0.0;1.0;1.0;1.0;A01
80152;201400052251;0;31;0;0.0;1.0;1.0;1.0;A01
80153;201400052252;0;7;0;0.0;2.0;7.0;15.0;A01
80154;201400052252;0;30;0;0.0;2.0;7.0;17.0;B01
80155;201400052253;0;7;0;0.0;2.0;2.0;16.0;B01
80156;201400052253;0;1;0;0.0;2.0;4.0;1.0;A01
80157;201400052254;0;33;0;0.0;2.0;2.0;17.0;B01
80158;201400052254;0;7;0;0.0;2.0;3.0;15.0;A01
80159;201400052255;0;13;0;0.0;1.0;7.0;1.0;A01
80160;201400052256;0;7;0;0.0;1.0;2.0;15.0;A01
80161;201400052257;0;7;0;0.0;2.0;3.0;22.0;A01
80162;201400052257;0;2;0;0.0;2.0;2.0;2.0;B01
80163;201400052258;0;34;0;0.0;0.0;0.0;9.0;A01
80164;201400052259;0;7;0;0.0;2.0;2.0;1.0;B01
80165;201400052259;0;30;0;0.0;2.0;8.0;1.0;A01
80166;201400052260;0;31;0;0.0;1.0;2.0;1.0;A01
80167;201400052261;2;2;0;1.0;1.0;1.0;1.0;Z01
80168;201400052262;0;7;0;0.0;2.0;4.0;23.0;B01
80169;201400052262;0;7;0;0.0;2.0;1.0;2.0;A01
80170;201400052263;0;33;0;0.0;2.0;4.0;23.0;B01
80171;201400052263;0;7;0;0.0;2.0;1.0;2.0;A01
80172;201400052264;0;10;0;0.0;1.0;4.0;4.0;A01
80173;201400052265;0;31;0;0.0;2.0;8.0;1.0;A01
80174;201400052265;1;32;0;0.0;2.0;2.0;14.0;Z01
80175;201400052266;0;7;0;0.0;1.0;2.0;1.0;A01
80176;201400052267;0;7;0;0.0;2.0;2.0;14.0;A01
80177;201400052267;0;7;0;0.0;2.0;6.0;23.0;B01
80178;201400052268;0;33;0;0.0;2.0;0.0;18.0;A01
80179;201400052268;0;7;0;0.0;2.0;0.0;16.0;B01
80180;201400052269;0;7;0;0.0;2.0;3.0;15.0;A01
80181;201400052269;0;33;0;0.0;2.0;9.0;17.0;B01
80182;201400052271;0;33;0;0.0;2.0;5.0;15.0;A01
80183;201400052271;0;7;0;0.0;2.0;2.0;1.0;B01
80184;201400052273;0;7;0;0.0;1.0;2.0;1.0;A01
80185;201400052274;0;32;0;0.0;1.0;1.0;1.0;A01
80186;201400052275;0;1;0;0.0;2.0;8.0;11.0;A01
80187;201400052275;0;33;0;0.0;2.0;8.0;1.0;B01
80188;201400052276;0;7;0;0.0;2.0;4.0;23.0;B01
80189;201400052276;0;7;0;0.0;2.0;4.0;23.0;C01
80190;201400052276;0;7;0;0.0;2.0;1.0;2.0;A01
80191;201400052277;0;7;0;0.0;2.0;3.0;1.0;B01
80192;201400052277;0;7;0;0.0;2.0;2.0;15.0;A01
80193;201400052278;0;33;0;0.0;2.0;5.0;1.0;A01
80194;201400052278;1;7;0;0.0;2.0;1.0;10.0;Z01
80195;201400052280;0;7;0;0.0;1.0;4.0;4.0;A01
80196;201400052281;0;33;0;0.0;1.0;1.0;1.0;A01
80197;201400052282;0;7;0;0.0;2.0;3.0;15.0;A01
80198;201400052282;0;30;0;0.0;2.0;1.0;17.0;B01
80199;201400052283;0;30;0;0.0;2.0;4.0;1.0;A01
80200;201400052283;1;7;0;0.0;2.0;1.0;1.0;Z01
80201;201400052284;0;2;0;0.0;2.0;7.0;1.0;A01
80202;201400052284;0;7;0;0.0;2.0;2.0;1.0;B01
80203;201400052285;0;14;0;0.0;2.0;2.0;14.0;A01
80204;201400052285;0;32;0;0.0;2.0;1.0;1.0;B01
80205;201400052286;0;7;0;0.0;2.0;1.0;1.0;A01
80206;201400052286;0;7;0;0.0;2.0;4.0;23.0;E01
80207;201400052286;0;7;0;0.0;2.0;9.0;23.0;B01
80208;201400052286;0;7;0;0.0;2.0;9.0;23.0;C01
80209;201400052286;0;7;0;0.0;2.0;9.0;23.0;D01
80210;201400052287;0;34;0;0.0;2.0;1.0;18.0;B01
80211;201400052287;0;10;0;0.0;2.0;2.0;16.0;A01
80212;201400052288;0;7;0;0.0;2.0;6.0;9.0;A01
80213;201400052288;0;33;0;0.0;2.0;1.0;1.0;B01
80214;201400052289;0;7;0;0.0;2.0;7.0;15.0;A01
80215;201400052289;0;34;0;0.0;2.0;1.0;1.0;B01
80216;201400052290;0;1;0;0.0;0.0;0.0;7.0;A01
80217;201400052291;0;7;0;0.0;2.0;3.0;9.0;A01
80218;201400052291;0;31;0;0.0;2.0;3.0;1.0;B01
80219;201400052292;0;32;0;0.0;2.0;7.0;1.0;A01
80220;201400052292;1;7;0;0.0;2.0;1.0;15.0;Z01
80221;201400052293;0;32;0;0.0;2.0;3.0;1.0;B01
80222;201400052293;0;7;0;0.0;2.0;3.0;15.0;A01
80223;201400052294;1;31;0;0.0;1.0;8.0;5.0;Z01
80224;201400052295;0;31;0;0.0;1.0;5.0;1.0;A01