;Num_Acc;senc;catv;occutc;obs;obsm;choc;manv;num_veh
81062;201400052885;0;2;0;0.0;2.0;0.0;1.0;B01
81063;201400052885;0;7;0;0.0;2.0;7.0;16.0;A01
81064;201400052886;0;33;0;1.0;2.0;2.0;17.0;A01
81065;201400052886;0;7;0;0.0;2.0;8.0;20.0;B01
81066;201400052887;0;7;0;0.0;2.0;5.0;2.0;B01
81067;201400052887;0;34;0;0.0;2.0;3.0;2.0;A01
81068;201400052888;0;7;0;0.0;2.0;4.0;23.0;B01
81069;201400052888;0;7;0;0.0;2.0;1.0;1.0;A01
81070;201400052889;0;7;0;0.0;1.0;1.0;1.0;A01
81071;201400052891;0;7;0;0.0;1.0;1.0;16.0;A01
81072;201400052892;0;30;0;0.0;2.0;8.0;1.0;B01
81073;201400052892;1;13;0;0.0;2.0;1.0;1.0;A01
81074;201400052894;0;7;0;0.0;1.0;1.0;15.0;A01
81075;201400052895;0;7;0;0.0;2.0;2.0;9.0;B01
81076;201400052895;0;32;0;0.0;2.0;1.0;1.0;A01
81077;201400052896;0;33;0;0.0;2.0;3.0;16.0;B01
81078;201400052896;0;7;0;0.0;2.0;5.0;16.0;A01
81079;201400052897;0;7;0;1.0;2.0;3.0;1.0;A01
81080;201400052897;0;10;0;0.0;2.0;1.0;1.0;B01
81081;201400052898;0;7;0;0.0;2.0;3.0;15.0;A01
81082;201400052898;0;32;0;0.0;2.0;2.0;17.0;B01
81083;201400052899;0;7;0;0.0;2.0;2.0;1.0;A01
81084;201400052899;0;30;0;0.0;2.0;1.0;1.0;B01
81085;201400052900;0;32;0;0.0;2.0;7.0;17.0;A01
81086;201400052900;0;7;0;0.0;2.0;1.0;9.0;B01
81087;201400052901;0;34;0;0.0;2.0;8.0;1.0;B01
81088;201400052901;0;7;0;0.0;2.0;2.0;10.0;A01
81089;201400052902;0;7;0;0.0;2.0;3.0;1.0;A01
81090;201400052902;0;7;0;0.0;2.0;4.0;23.0;B01
81091;201400052903;0;7;0;0.0;2.0;3.0;1.0;B01
81092;201400052903;0;7;0;0.0;2.0;1.0;1.0;A01
81093;201400052904;0;7;0;0.0;2.0;7.0;22.0;A01
81094;201400052904;0;1;0;0.0;2.0;1.0;18.0;B01
81095;201400052905;0;7;0;0.0;2.0;1.0;15.0;A01
81096;201400052905;0;33;0;0.0;2.0;1.0;1.0;B01
81097;201400052906;0;33;0;8.0;1.0;2.0;1.0;A01
81098;201400052907;0;14;0;0.0;2.0;3.0;22.0;A01
81099;201400052907;0;1;0;0.0;2.0;1.0;1.0;B01
81100;201400052908;0;7;0;0.0;1.0;2.0;15.0;A01
81101;201400052909;0;7;0;0.0;2.0;3.0;15.0;B01
81102;201400052909;0;34;0;0.0;2.0;7.0;17.0;A01
81103;201400052910;0;37;12;0.0;2.0;1.0;1.0;B01
81104;201400052910;0;10;0;0.0;2.0;7.0;15.0;A01
81105;201400052911;0;7;0;0.0;2.0;6.0;2.0;B01
81106;201400052911;0;7;0;0.0;2.0;1.0;2.0;A01
81107;201400052912;1;7;0;0.0;2.0;0.0;16.0;Z01
81108;201400052912;0;37;16;0.0;2.0;3.0;1.0;A01
81109;201400052913;0;30;0;0.0;2.0;8.0;7.0;A01
81110;201400052913;0;7;0;0.0;2.0;5.0;16.0;B01
81111;201400052914;0;7;0;0.0;1.0;2.0;11.0;A01
81112;201400052915;0;7;0;0.0;2.0;3.0;9.0;A01
81113;201400052915;0;31;0;0.0;2.0;5.0;1.0;B01
81114;201400052916;0;30;0;0.0;0.0;0.0;1.0;A01
81115;201400052917;0;30;0;0.0;0.0;0.0;1.0;A01
81116;201400052918;0;34;0;0.0;1.0;1.0;1.0;A01
81117;201400052920;0;7;0;0.0;2.0;3.0;1.0;A01
81118;201400052920;0;34;0;0.0;2.0;8.0;15.0;B01
81119;201400052921;0;33;0;0.0;2.0;1.0;17.0;B01
81120;201400052921;0;7;0;0.0;2.0;8.0;10.0;A01
81121;201400052922;0;30;0;0.0;1.0;1.0;1.0;A01
81122;201400052923;0;7;0;0.0;2.0;2.0;15.0;A01
81123;201400052923;0;34;0;0.0;2.0;8.0;15.0;B01
81124;201400052924;0;2;0;0.0;0.0;7.0;1.0;A01
81125;201400052925;0;7;0;0.0;2.0;3.0;13.0;A01
81126;201400052925;0;33;0;0.0;2.0;7.0;17.0;B01
81127;201400052926;0;7;0;0.0;2.0;2.0;1.0;C01
81128;201400052926;0;33;0;0.0;2.0;9.0;3.0;A01
81129;201400052926;0;7;0;0.0;2.0;3.0;1.0;B01
81130;201400052927;0;7;0;0.0;2.0;3.0;15.0;A01
81131;201400052927;0;33;0;0.0;2.0;8.0;1.0;B01
81132;201400052928;0;30;0;1.0;2.0;3.0;1.0;B01
81133;201400052928;0;7;0;0.0;2.0;5.0;23.0;A01
81134;201400052929;0;7;0;0.0;1.0;1.0;1.0;A01
81135;201400052930;0;7;0;0.0;1.0;4.0;4.0;A01
81136;201400052931;1;7;0;0.0;1.0;0.0;1.0;Z01
81137;201400052932;0;32;0;0.0;2.0;5.0;1.0;B01
81138;201400052932;0;33;0;0.0;2.0;1.0;1.0;A01
81139;201400052933;0;7;0;0.0;1.0;8.0;15.0;A01
81140;201400052934;0;30;0;12.0;0.0;1.0;1.0;A01
81141;201400052935;0;30;0;0.0;0.0;0.0;1.0;A01
81142;201400052936;0;30;0;0.0;0.0;0.0;1.0;A01
81143;201400052937;0;7;0;0.0;2.0;3.0;10.0;A01
81144;201400052937;0;32;0;0.0;2.0;1.0;7.0;B01
81145;201400052938;0;7;0;0.0;1.0;1.0;1.0;A01
81146;201400052939;0;2;0;0.0;2.0;1.0;1.0;A01
81147;201400052939;0;7;0;0.0;2.0;4.0;23.0;B01
81148;201400052940;0;33;0;0.0;2.0;1.0;1.0;A01
81149;201400052940;0;33;0;0.0;2.0;7.0;1.0;B01
81150;201400052941;1;7;0;0.0;1.0;0.0;0.0;Z01
81151;201400052942;0;2;0;0.0;0.0;7.0;1.0;A01
81152;201400052943;0;7;0;0.0;2.0;8.0;1.0;B01
81153;201400052943;0;7;0;0.0;2.0;1.0;15.0;A01
81154;201400052944;0;7;0;0.0;2.0;7.0;16.0;A01
81155;201400052944;0;32;0;0.0;2.0;3.0;1.0;B01
81156;201400052945;0;2;0;0.0;2.0;7.0;1.0;B01
81157;201400052945;1;7;0;0.0;2.0;0.0;16.0;Z01
81158;201400052946;0;13;0;0.0;2.0;0.0;16.0;A01
81159;201400052946;0;1;0;0.0;2.0;0.0;1.0;B01
81160;201400052947;0;7;0;0.0;2.0;4.0;23.0;B01
81161;201400052947;0;34;0;0.0;2.0;1.0;2.0;A01
81162;201400052948;0;7;0;0.0;2.0;1.0;13.0;A01
81163;201400052948;0;30;0;0.0;2.0;5.0;16.0;B01
81164;201400052949;0;7;0;0.0;2.0;3.0;2.0;A01
81165;201400052949;0;33;0;0.0;2.0;7.0;2.0;B01
81166;201400052950;0;7;0;0.0;2.0;3.0;2.0;A01
81167;201400052950;0;7;0;0.0;2.0;4.0;23.0;B01
81168;201400052951;0;7;0;0.0;1.0;1.0;1.0;A01
81169;201400052952;0;1;0;0.0;1.0;7.0;15.0;A01
81170;201400052953;0;33;0;0.0;2.0;0.0;1.0;A01
81171;201400052954;0;1;0;0.0;2.0;7.0;1.0;B01
81172;201400052954;0;37;1;0.0;2.0;6.0;13.0;A01
81173;201400052955;0;7;0;0.0;2.0;3.0;1.0;B01
81174;201400052955;0;31;0;0.0;2.0;7.0;1.0;A01
81175;201400052956;0;31;0;0.0;2.0;2.0;2.0;A01
81176;201400052956;0;7;0;0.0;2.0;3.0;23.0;B01
81177;201400052957;0;31;0;0.0;0.0;0.0;21.0;A01
81178;201400052958;0;34;0;0.0;2.0;1.0;1.0;B01
81179;201400052958;0;7;0;0.0;2.0;2.0;15.0;A01
81180;201400052959;0;31;0;0.0;2.0;2.0;1.0;A01
81181;201400052959;0;7;0;0.0;2.0;1.0;15.0;B01
81182;201400052960;0;7;0;0.0;2.0;2.0;1.0;A01
81183;201400052960;0;7;0;0.0;2.0;1.0;1.0;B01
81184;201400052962;0;7;0;0.0;2.0;3.0;15.0;A01
81185;201400052962;0;7;0;0.0;2.0;1.0;1.0;B01
81186;201400052963;0;33;0;0.0;2.0;2.0;1.0;B01
81187;201400052963;0;7;0;0.0;2.0;3.0;15.0;A01
81188;201400052964;0;7;0;0.0;2.0;1.0;15.0;B01
81189;201400052964;0;34;0;0.0;2.0;5.0;1.0;A01
81190;201400052965;0;7;0;0.0;2.0;3.0;10.0;A01
81191;201400052965;0;1;0;0.0;2.0;1.0;1.0;B01
81192;201400052966;0;31;0;0.0;2.0;1.0;1.0;A01
81193;201400052966;0;10;0;0.0;2.0;2.0;16.0;B01
81194;201400052967;0;14;0;0.0;1.0;1.0;15.0;A01
81195;201400052968;0;7;0;0.0;2.0;2.0;9.0;A01
81196;201400052968;0;33;0;0.0;2.0;1.0;1.0;B01
81197;201400052969;0;7;0;0.0;2.0;3.0;1.0;B01
81198;201400052969;0;7;0;0.0;2.0;6.0;1.0;A01
81199;201400052970;0;1;0;0.0;2.0;1.0;1.0;A01
81200;201400052970;0;33;0;0.0;2.0;7.0;1.0;B01
81201;201400052972;0;7;0;0.0;1.0;2.0;1.0;A01
81202;201400052973;0;7;0;0.0;1.0;1.0;1.0;A01
81203;201400052974;0;37;0;0.0;1.0;8.0;15.0;A01
81204;201400052975;0;10;0;0.0;1.0;5.0;4.0;A01
81205;201400052977;0;34;0;0.0;2.0;0.0;1.0;A01
81206;201400052977;0;7;0;0.0;2.0;0.0;15.0;B01
81207;201400052978;0;10;0;0.0;2.0;4.0;1.0;A01
81208;201400052978;0;31;0;0.0;2.0;1.0;1.0;B01
81209;201400052979;0;31;0;0.0;0.0;3.0;1.0;A01
81210;201400052980;0;7;0;0.0;2.0;4.0;15.0;B01
81211;201400052980;0;30;0;0.0;2.0;3.0;17.0;A01
81212;201400052981;0;7;0;0.0;2.0;8.0;22.0;A01
81213;201400052981;0;1;0;1.0;2.0;7.0;1.0;B01
81214;201400052982;0;7;0;0.0;2.0;0.0;15.0;A01
81215;201400052982;0;30;0;0.0;2.0;0.0;1.0;B01
81216;201400052983;0;7;0;0.0;2.0;1.0;1.0;A01
81217;201400052983;0;7;0;0.0;2.0;8.0;1.0;B01
81218;201400052984;0;7;0;0.0;1.0;4.0;4.0;A01
81219;201400052985;0;30;0;0.0;2.0;6.0;7.0;A01
81220;201400052985;0;10;0;1.0;2.0;2.0;14.0;B01
81221;201400052986;0;30;0;0.0;1.0;1.0;18.0;A01
81222;201400052987;0;7;0;0.0;2.0;7.0;17.0;B01
81223;201400052987;0;38;1;0.0;2.0;6.0;15.0;A01
81224;201400052988;0;10;0;0.0;2.0;3.0;1.0;B01
81225;201400052988;0;2;0;0.0;2.0;1.0;1.0;A01
81226;201400052989;0;7;0;0.0;2.0;8.0;1.0;A01
81227;201400052989;2;31;0;0.0;2.0;7.0;17.0;Z01
81228;201400052990;0;30;0;0.0;0.0;7.0;1.0;A01
81229;201400052991;0;7;0;0.0;2.0;5.0;9.0;A01
81230;201400052991;0;32;0;0.0;2.0;1.0;1.0;B01
81231;201400052992;0;10;0;0.0;1.0;4.0;4.0;A01
81232;201400052993;0;34;0;8.0;2.0;8.0;18.0;A01
81233;201400052993;0;7;0;0.0;2.0;2.0;16.0;B01
81234;201400052994;0;33;0;0.0;1.0;1.0;1.0;A01
81235;201400052995;0;1;0;0.0;2.0;7.0;1.0;A01
81236;201400052995;1;30;0;0.0;2.0;0.0;1.0;Z01
81237;201400052996;0;10;0;0.0;1.0;2.0;16.0;A01
81238;201400052997;0;7;0;0.0;1.0;2.0;15.0;A01
81239;201400052998;0;7;0;0.0;2.0;4.0;2.0;B01
81240;201400052998;0;10;0;0.0;2.0;1.0;2.0;A01
81241;201400052999;1;30;0;0.0;2.0;0.0;18.0;Z01
81242;201400052999;0;7;0;0.0;2.0;7.0;16.0;A01
81243;201400052999;0;33;0;0.0;2.0;6.0;1.0;B01
81244;201400053001;0;7;0;0.0;1.0;7.0;4.0;A01
81245;201400053002;0;7;0;0.0;2.0;7.0;16.0;A01
81246;201400053002;0;2;0;0.0;2.0;8.0;1.0;B01
81247;201400053003;0;7;0;0.0;2.0;4.0;23.0;B01
81248;201400053003;0;7;0;0.0;2.0;1.0;2.0;A01
81249;201400053004;0;7;0;0.0;2.0;1.0;23.0;A01
81250;201400053004;0;7;0;0.0;2.0;4.0;2.0;B01
81251;201400053005;1;7;0;0.0;2.0;1.0;1.0;Z01
81252;201400053005;0;31;0;8.0;2.0;8.0;1.0;A01
81253;201400053006;0;1;0;0.0;1.0;1.0;16.0;A01
81254;201400053007;0;30;0;0.0;1.0;1.0;1.0;A01
81255;201400053009;0;7;0;0.0;2.0;1.0;2.0;A01
81256;201400053009;0;7;0;0.0;2.0;5.0;23.0;B01
81257;201400053010;0;1;0;12.0;0.0;0.0;13.0;A01
81258;201400053014;0;32;0;0.0;0.0;0.0;1.0;A01
81259;201400053015;0;30;0;0.0;1.0;1.0;1.0;A01
81260;201400053016;0;34;0;0.0;2.0;4.0;1.0;B01
81261;201400053016;0;7;0;1.0;2.0;1.0;1.0;A01
81262;201400053016;0;10;0;0.0;2.0;1.0;1.0;C01
81263;201400053016;0;7;0;0.0;2.0;4.0;1.0;D01
81264;201400053017;0;7;0;0.0;2.0;8.0;15.0;B01
81265;201400053017;0;7;0;0.0;2.0;1.0;1.0;A01
81266;201400053018;0;33;0;0.0;0.0;0.0;1.0;A01
81267;201400053020;1;7;0;0.0;2.0;7.0;17.0;Z01
81268;201400053020;0;1;0;0.0;2.0;3.0;1.0;A01
81269;201400053021;0;1;0;0.0;2.0;1.0;1.0;A01
81270;201400053021;0;7;0;0.0;2.0;6.0;1.0;B01
81271;201400053022;0;33;0;0.0;2.0;6.0;1.0;A01
81272;201400053022;0;7;0;0.0;2.0;1.0;15.0;B01
81273;201400053023;0;1;0;0.0;0.0;1.0;21.0;A01
81274;201400053025;0;7;0;0.0;2.0;1.0;1.0;B01
81275;201400053025;0;33;0;0.0;2.0;3.0;1.0;A01
81276;201400053027;0;32;0;0.0;2.0;3.0;18.0;B01
81277;201400053027;0;7;0;0.0;2.0;7.0;22.0;A01
81278;201400053028;0;31;0;0.0;1.0;1.0;1.0;A01
81279;201400053029;0;1;0;0.0;2.0;5.0;2.0;B01
81280;201400053029;0;10;0;0.0;2.0;2.0;2.0;A01
81281;201400053030;0;30;0;0.0;2.0;3.0;3.0;A01
81282;201400053030;0;7;0;0.0;2.0;7.0;1.0;B01
81283;201400053031;0;31;0;0.0;0.0;8.0;21.0;A01
81284;201400053032;0;31;0;0.0;0.0;7.0;21.0;A01
81285;201400053033;0;7;0;0.0;2.0;1.0;1.0;B01
81286;201400053033;0;2;0;0.0;2.0;7.0;1.0;A01
81287;201400053034;0;7;0;0.0;2.0;1.0;2.0;A01
81288;201400053034;0;33;0;0.0;2.0;4.0;23.0;B01
81289;201400053035;0;33;0;0.0;2.0;7.0;2.0;A01
81290;201400053035;0;10;0;0.0;2.0;4.0;23.0;B01
81291;201400053036;0;30;0;0.0;2.0;7.0;1.0;A01
81292;201400053036;1;7;0;0.0;2.0;8.0;1.0;Z01
81293;201400053038;0;33;0;0.0;2.0;2.0;1.0;A01
81294;201400053038;0;7;0;0.0;2.0;6.0;23.0;B01
81295;201400053039;0;34;0;14.0;2.0;1.0;17.0;A01
81296;201400053039;0;37;1;0.0;2.0;0.0;1.0;B01
81297;201400053040;0;7;0;0.0;2.0;7.0;22.0;A01
81298;201400053040;0;1;0;0.0;2.0;7.0;1.0;B01
81299;201400053041;0;7;0;0.0;2.0;8.0;1.0;B01
81300;201400053041;0;7;0;0.0;2.0;7.0;22.0;A01
81301;201400053042;0;7;0;0.0;1.0;2.0;1.0;A01
81302;201400053043;0;33;0;0.0;0.0;0.0;1.0;A01
81303;201400053044;0;33;0;0.0;2.0;8.0;1.0;B01
81304;201400053044;0;7;0;0.0;2.0;2.0;15.0;A01
81305;201400053045;0;33;0;9.0;0.0;1.0;1.0;A01
81306;201400053046;1;7;0;0.0;2.0;8.0;22.0;Z01
81307;201400053046;0;2;0;0.0;2.0;7.0;1.0;A01
81308;201400053048;0;7;0;0.0;2.0;2.0;1.0;A01
81309;201400053048;0;1;0;0.0;2.0;4.0;1.0;B01
81310;201400053049;0;32;0;0.0;2.0;1.0;5.0;A01
81311;201400053049;0;7;0;0.0;2.0;3.0;1.0;B01
81312;201400053050;0;33;0;0.0;2.0;1.0;1.0;B01
81313;201400053050;0;7;0;0.0;2.0;3.0;15.0;A01
81314;201400053051;0;7;0;0.0;2.0;4.0;23.0;B01
81315;201400053051;0;32;0;0.0;2.0;9.0;1.0;A01
81316;201400053052;0;31;0;0.0;2.0;1.0;18.0;A01
81317;201400053052;0;7;0;0.0;2.0;1.0;24.0;B01
81318;201400053053;0;7;0;0.0;2.0;3.0;23.0;B01
81319;201400053053;0;31;0;0.0;2.0;1.0;2.0;A01
81320;201400053054;0;2;0;0.0;2.0;2.0;1.0;A01
81321;201400053054;1;7;0;0.0;2.0;0.0;1.0;Z01
81322;201400053055;0;7;0;0.0;2.0;2.0;15.0;B01
81323;201400053055;0;30;0;0.0;2.0;2.0;1.0;A01
81324;201400053056;0;1;0;0.0;2.0;6.0;1.0;B01
81325;201400053056;0;33;0;0.0;2.0;1.0;1.0;A01
81326;201400053057;0;7;0;0.0;2.0;2.0;1.0;A01
81327;201400053057;0;7;0;0.0;2.0;3.0;1.0;B01
81328;201400053060;0;34;0;0.0;2.0;1.0;1.0;A01
81329;201400053060;0;7;0;0.0;2.0;3.0;15.0;B01
81330;201400053061;0;7;0;0.0;2.0;0.0;15.0;A01
81331;201400053061;0;30;0;0.0;2.0;0.0;2.0;B01
81332;201400053062;0;7;0;14.0;2.0;7.0;1.0;B01
81333;201400053062;0;7;0;0.0;2.0;7.0;1.0;A01
81334;201400053063;0;31;0;0.0;2.0;3.0;3.0;B01
81335;201400053063;0;7;0;0.0;2.0;2.0;14.0;A01
81336;201400053064;0;10;0;0.0;2.0;8.0;1.0;C01
81337;201400053064;0;7;0;0.0;2.0;3.0;22.0;A01
81338;201400053064;0;1;0;0.0;2.0;1.0;1.0;B01
81339;201400053065;0;7;0;0.0;2.0;2.0;9.0;B01
81340;201400053065;0;1;0;0.0;2.0;1.0;5.0;A01
81341;201400053066;0;1;0;0.0;2.0;7.0;19.0;B01
81342;201400053066;0;10;0;0.0;2.0;2.0;1.0;A01
81343;201400053067;0;31;0;0.0;1.0;1.0;1.0;A01
81344;201400053068;0;31;0;0.0;0.0;0.0;7.0;A01
81345;201400053069;0;7;0;14.0;1.0;3.0;1.0;A01
81346;201400053070;0;7;0;0.0;2.0;4.0;23.0;B01
81347;201400053070;0;7;0;0.0;2.0;1.0;2.0;A01
81348;201400053072;0;7;0;0.0;2.0;6.0;22.0;A01
81349;201400053072;0;30;0;0.0;2.0;2.0;17.0;B01
81350;201400053073;0;31;0;0.0;2.0;1.0;1.0;B01
81351;201400053073;0;7;0;0.0;2.0;2.0;15.0;A01
81352;201400053074;0;32;0;0.0;2.0;0.0;1.0;A01
81353;201400053075;0;32;0;0.0;0.0;8.0;1.0;A01
81354;201400053076;0;34;0;0.0;0.0;0.0;16.0;A01
81355;201400053077;0;32;0;0.0;1.0;1.0;1.0;A01
81356;201400053078;0;7;0;0.0;2.0;1.0;16.0;A01
81357;201400053078;0;1;0;0.0;2.0;8.0;19.0;B01
81358;201400053079;0;7;0;0.0;1.0;1.0;1.0;A01
81359;201400053081;0;33;0;0.0;2.0;7.0;7.0;A01
81360;201400053081;0;7;0;0.0;2.0;2.0;9.0;B01
81361;201400053082;0;7;0;0.0;2.0;3.0;5.0;A01
81362;201400053082;0;32;0;0.0;2.0;3.0;1.0;B01
81363;201400053083;0;7;0;9.0;0.0;1.0;15.0;A01
81364;201400053084;0;7;0;0.0;2.0;1.0;1.0;B01
81365;201400053084;0;7;0;0.0;2.0;3.0;1.0;A01
81366;201400053085;0;2;0;0.0;1.0;1.0;1.0;A01
81367;201400053086;0;7;0;0.0;2.0;6.0;7.0;B01
81368;201400053086;0;31;0;0.0;2.0;7.0;1.0;A01
81369;201400053087;0;31;0;0.0;1.0;0.0;1.0;A01
81370;201400053088;0;7;0;0.0;2.0;7.0;1.0;A01
81371;201400053088;0;2;0;0.0;2.0;1.0;1.0;B01
81372;201400053089;0;7;0;0.0;2.0;3.0;15.0;B01
81373;201400053089;0;32;0;0.0;2.0;1.0;1.0;A01
81374;201400053090;0;7;0;0.0;2.0;1.0;15.0;B01
81375;201400053090;0;7;0;0.0;2.0;2.0;1.0;A01
81376;201400053091;0;10;0;0.0;2.0;2.0;16.0;B01
81377;201400053091;0;33;0;0.0;2.0;1.0;18.0;A01
81378;201400053092;0;7;0;0.0;2.0;1.0;1.0;A01
81379;201400053092;0;7;0;0.0;2.0;4.0;23.0;B01
81380;201400053093;0;32;0;0.0;1.0;1.0;1.0;A01
81381;201400053094;0;34;0;0.0;2.0;2.0;5.0;B01
81382;201400053094;0;10;0;0.0;2.0;8.0;10.0;A01
81383;201400053095;1;2;0;0.0;1.0;0.0;1.0;Z01
81384;201400053096;0;7;0;0.0;2.0;1.0;15.0;A01
81385;201400053096;0;32;0;0.0;2.0;8.0;1.0;B01
81386;201400053097;0;7;0;0.0;2.0;3.0;1.0;A01
81387;201400053097;0;33;0;0.0;2.0;3.0;16.0;B01
81388;201400053098;0;7;0;0.0;2.0;8.0;10.0;A01
81389;201400053098;0;32;0;0.0;2.0;1.0;17.0;B01
81390;201400053099;0;33;0;0.0;2.0;1.0;1.0;B01
81391;201400053099;0;7;0;0.0;2.0;1.0;15.0;A01
81392;201400053100;0;30;0;0.0;2.0;1.0;1.0;A01
81393;201400053100;0;10;0;0.0;2.0;3.0;1.0;B01
81394;201400053101;0;7;0;15.0;2.0;4.0;23.0;B01
81395;201400053101;0;7;0;0.0;2.0;4.0;4.0;A01
81396;201400053102;0;33;0;0.0;0.0;7.0;21.0;A01
81397;201400053103;0;13;0;6.0;0.0;1.0;1.0;A01
81398;201400053104;0;2;0;0.0;1.0;1.0;1.0;A01
81399;201400053105;0;7;0;0.0;2.0;3.0;13.0;A01
81400;201400053105;0;31;0;0.0;2.0;1.0;17.0;B01
81401;201400053106;0;7;0;0.0;2.0;1.0;2.0;A01
81402;201400053106;0;7;0;0.0;2.0;4.0;23.0;B01
81403;201400053108;0;7;0;0.0;2.0;1.0;1.0;A01
81404;201400053108;0;31;0;0.0;2.0;8.0;15.0;B01
81405;201400053109;0;7;0;0.0;1.0;1.0;1.0;A01
81406;201400053111;0;33;0;0.0;0.0;8.0;1.0;A01
81407;201400053112;0;7;0;0.0;2.0;3.0;13.0;A01
81408;201400053112;0;30;0;0.0;2.0;5.0;16.0;B01
81409;201400053113;0;30;0;0.0;0.0;7.0;16.0;A01
81410;201400053114;0;31;0;0.0;0.0;7.0;21.0;A01
81411;201400053115;0;7;0;0.0;2.0;5.0;14.0;A01
81412;201400053115;0;34;0;0.0;2.0;3.0;1.0;B01
81413;201400053116;0;7;0;0.0;2.0;7.0;16.0;A01
81414;201400053116;0;30;0;0.0;2.0;8.0;18.0;B01
81415;201400053118;0;31;0;0.0;2.0;1.0;2.0;A01
81416;201400053118;0;14;0;0.0;2.0;5.0;23.0;B01
81417;201400053119;0;30;0;0.0;2.0;2.0;1.0;A01
81418;201400053119;1;7;0;0.0;2.0;2.0;13.0;Z01
81419;201400053120;0;31;0;0.0;0.0;0.0;1.0;A01
81420;201400053121;0;10;0;0.0;1.0;3.0;15.0;A01
81421;201400053122;0;7;0;0.0;1.0;0.0;4.0;A01
81422;201400053123;0;1;0;0.0;2.0;1.0;1.0;B01
81423;201400053123;0;7;0;0.0;2.0;4.0;10.0;A01
81424;201400053124;0;7;0;0.0;2.0;5.0;23.0;B01
81425;201400053124;0;30;0;0.0;2.0;2.0;1.0;C01
81426;201400053124;0;7;0;0.0;2.0;1.0;2.0;A01
81427;201400053125;0;13;0;0.0;2.0;1.0;1.0;A01
81428;201400053125;0;7;0;0.0;2.0;4.0;1.0;B01
81429;201400053126;0;7;0;0.0;2.0;8.0;1.0;B01
81430;201400053126;0;31;0;0.0;2.0;1.0;1.0;A01
81431;201400053127;0;7;0;0.0;2.0;1.0;16.0;A01
81432;201400053127;0;1;0;0.0;0.0;8.0;19.0;B01
81433;201400053128;0;7;0;0.0;2.0;6.0;23.0;B01
81434;201400053128;0;10;0;0.0;2.0;2.0;1.0;A01
81435;201400053129;0;34;0;0.0;2.0;1.0;1.0;A01
81436;201400053129;0;7;0;0.0;2.0;8.0;1.0;B01
81437;201400053130;0;32;0;0.0;2.0;1.0;1.0;C01
81438;201400053130;0;7;0;0.0;2.0;1.0;1.0;A01
81439;201400053130;0;32;0;0.0;2.0;1.0;1.0;B01
81440;201400053131;0;30;0;0.0;2.0;7.0;15.0;A01
81441;201400053131;0;7;0;0.0;2.0;2.0;15.0;B01
81442;201400053132;0;7;0;0.0;2.0;5.0;19.0;A01
81443;201400053132;0;34;0;0.0;2.0;1.0;1.0;B01
81444;201400053133;0;7;0;0.0;2.0;1.0;2.0;A01
81445;201400053133;0;10;0;0.0;2.0;4.0;2.0;B01
81446;201400053134;0;37;1;0.0;1.0;2.0;1.0;A01
81447;201400053135;0;7;0;0.0;1.0;2.0;1.0;A01
81448;201400053136;0;33;0;0.0;2.0;1.0;1.0;A01
81449;201400053136;0;7;0;0.0;2.0;3.0;15.0;B01
81450;201400053137;1;2;0;0.0;1.0;1.0;1.0;Z01
81451;201400053138;0;7;0;0.0;2.0;5.0;23.0;B01
81452;201400053138;0;7;0;0.0;2.0;3.0;1.0;A01
81453;201400053139;0;32;0;0.0;2.0;7.0;1.0;B01
81454;201400053139;0;7;0;0.0;2.0;6.0;1.0;A01
81455;201400053140;0;7;0;0.0;2.0;1.0;15.0;A01
81456;201400053140;0;32;0;0.0;2.0;8.0;1.0;B01
81457;201400053141;0;7;0;0.0;1.0;3.0;1.0;A01
81458;201400053142;0;7;0;0.0;1.0;2.0;16.0;A01
81459;201400053143;0;30;0;0.0;2.0;7.0;16.0;A01
81460;201400053143;0;7;0;0.0;2.0;3.0;1.0;B01
81461;201400053144;0;7;0;0.0;1.0;1.0;1.0;A01
81462;201400053145;0;34;0;0.0;1.0;1.0;1.0;A01
81463;201400053148;0;37;0;0.0;2.0;3.0;1.0;B01
81464;201400053148;0;7;0;0.0;2.0;5.0;14.0;A01
81465;201400053150;0;7;0;0.0;0.0;7.0;1.0;B01
81466;201400053150;0;1;0;0.0;2.0;1.0;16.0;A01
81467;201400053151;0;10;0;0.0;2.0;7.0;14.0;A01
81468;201400053151;0;30;0;0.0;2.0;8.0;23.0;B01
81469;201400053152;0;14;0;0.0;1.0;5.0;1.0;A01
81470;201400053153;0;32;0;0.0;0.0;0.0;21.0;A01
81471;201400053154;0;2;0;0.0;1.0;3.0;1.0;A01
81472;201400053155;0;32;0;0.0;2.0;2.0;1.0;A01
81473;201400053155;0;10;0;0.0;2.0;3.0;1.0;B01
81474;201400053156;0;33;0;0.0;1.0;0.0;7.0;A01
81475;201400053157;0;7;0;0.0;2.0;1.0;2.0;A01
81476;201400053157;0;7;0;0.0;2.0;4.0;23.0;B01
81477;201400053158;0;30;0;0.0;0.0;0.0;1.0;A01
81478;201400053159;0;31;0;0.0;0.0;7.0;1.0;A01
81479;201400053160;0;7;0;0.0;0.0;6.0;23.0;B01
81480;201400053160;0;2;0;0.0;2.0;1.0;1.0;A01