;Num_Acc;senc;catv;occutc;obs;obsm;choc;manv;num_veh
82736;201400054038;0;7;0;0.0;2.0;3.0;16.0;A01
82737;201400054038;0;1;0;0.0;2.0;1.0;1.0;B01
82738;201400054039;0;32;0;0.0;1.0;1.0;0.0;A01
82739;201400054041;0;7;0;0.0;2.0;3.0;22.0;A01
82740;201400054041;0;1;0;0.0;2.0;1.0;1.0;B01
82741;201400054042;0;33;0;1.0;1.0;1.0;1.0;A01
82742;201400054043;0;33;0;12.0;0.0;2.0;1.0;A01
82743;201400054044;0;7;0;0.0;2.0;4.0;23.0;C01
82744;201400054044;0;7;0;0.0;2.0;1.0;1.0;A01
82745;201400054044;0;7;0;0.0;2.0;1.0;23.0;B01
82746;201400054045;0;2;0;0.0;2.0;0.0;1.0;B01
82747;201400054045;0;1;0;0.0;2.0;0.0;1.0;A01
82748;201400054046;0;7;0;0.0;2.0;7.0;16.0;A01
82749;201400054046;0;30;0;0.0;2.0;8.0;18.0;B01
82750;201400054047;0;33;0;0.0;2.0;1.0;1.0;B01
82751;201400054047;0;7;0;0.0;2.0;6.0;9.0;A01
82752;201400054048;0;30;0;0.0;2.0;5.0;1.0;A01
82753;201400054048;0;7;0;0.0;2.0;6.0;23.0;B01
82754;201400054049;0;10;0;0.0;2.0;1.0;1.0;B01
82755;201400054049;0;7;0;0.0;2.0;1.0;13.0;A01
82756;201400054050;0;7;0;0.0;1.0;2.0;9.0;A01
82757;201400054051;0;2;0;0.0;1.0;2.0;1.0;A01
82758;201400054052;0;10;0;0.0;2.0;8.0;10.0;A01
82759;201400054052;0;34;0;0.0;2.0;1.0;1.0;B01
82760;201400054053;0;30;0;0.0;2.0;7.0;17.0;B01
82761;201400054053;0;7;0;0.0;2.0;3.0;15.0;A01
82762;201400054054;0;7;0;0.0;2.0;6.0;15.0;B01
82763;201400054054;0;31;0;0.0;2.0;1.0;2.0;A01
82764;201400054055;0;33;0;1.0;2.0;7.0;17.0;A01
82765;201400054055;0;32;0;0.0;2.0;7.0;1.0;C01
82766;201400054055;0;7;0;0.0;2.0;8.0;10.0;B01
82767;201400054056;0;2;0;0.0;2.0;2.0;17.0;B01
82768;201400054056;0;7;0;0.0;2.0;6.0;22.0;A01
82769;201400054057;0;31;0;0.0;2.0;7.0;3.0;A01
82770;201400054057;0;7;0;0.0;2.0;8.0;13.0;B01
82771;201400054057;0;7;0;0.0;2.0;8.0;1.0;C01
82772;201400054058;0;7;0;0.0;2.0;3.0;13.0;A01
82773;201400054058;0;34;0;0.0;2.0;1.0;1.0;B01
82774;201400054060;0;10;0;0.0;1.0;2.0;15.0;A01
82775;201400054061;0;1;0;0.0;1.0;1.0;1.0;A01
82776;201400054062;0;1;0;0.0;2.0;1.0;2.0;B01
82777;201400054062;0;1;0;0.0;2.0;4.0;2.0;A01
82778;201400054064;0;7;0;0.0;2.0;2.0;1.0;A01
82779;201400054064;0;33;0;0.0;2.0;6.0;1.0;B01
82780;201400054065;0;32;0;11.0;0.0;7.0;21.0;A01
82781;201400054066;0;7;0;0.0;2.0;2.0;19.0;A01
82782;201400054066;0;1;0;0.0;2.0;4.0;1.0;B01
82783;201400054067;0;33;0;0.0;2.0;2.0;17.0;B01
82784;201400054067;0;7;0;0.0;2.0;8.0;10.0;A01
82785;201400054070;0;34;0;0.0;2.0;1.0;1.0;B01
82786;201400054070;0;7;0;0.0;2.0;2.0;15.0;A01
82787;201400054071;0;10;0;0.0;2.0;8.0;13.0;A01
82788;201400054071;0;31;0;0.0;2.0;2.0;1.0;B01
82789;201400054072;0;31;0;0.0;2.0;1.0;1.0;B01
82790;201400054072;0;1;0;0.0;2.0;8.0;5.0;A01
82791;201400054074;0;7;0;0.0;2.0;1.0;1.0;B01
82792;201400054074;0;7;0;0.0;2.0;6.0;9.0;A01
82793;201400054075;0;7;0;0.0;2.0;5.0;23.0;B01
82794;201400054075;0;1;0;0.0;2.0;1.0;2.0;A01
82795;201400054076;0;1;0;0.0;2.0;7.0;19.0;A01
82796;201400054076;1;30;0;0.0;2.0;0.0;1.0;Z01
82797;201400054077;0;1;0;0.0;2.0;8.0;1.0;B01
82798;201400054077;0;7;0;0.0;2.0;1.0;15.0;A01
82799;201400054078;0;7;0;0.0;2.0;2.0;16.0;A01
82800;201400054078;0;33;0;0.0;2.0;8.0;1.0;B01
82801;201400054079;0;1;0;0.0;0.0;0.0;21.0;A01
82802;201400054080;0;2;0;0.0;1.0;1.0;17.0;A01
82803;201400054081;0;31;0;0.0;2.0;6.0;18.0;B01
82804;201400054081;0;10;0;0.0;2.0;2.0;16.0;A01
82805;201400054082;0;33;0;0.0;2.0;2.0;17.0;B01
82806;201400054082;0;7;0;0.0;2.0;3.0;15.0;A01
82807;201400054083;0;7;0;0.0;2.0;7.0;1.0;A01
82808;201400054083;0;37;0;0.0;2.0;1.0;1.0;B01
82809;201400054084;0;1;0;0.0;1.0;1.0;1.0;A01
82810;201400054085;0;7;0;0.0;2.0;0.0;23.0;A01
82811;201400054085;0;1;0;0.0;2.0;4.0;2.0;B01
82812;201400054086;0;34;0;0.0;0.0;8.0;1.0;A01
82813;201400054087;0;7;0;0.0;1.0;3.0;15.0;A01
82814;201400054088;1;7;0;0.0;2.0;7.0;1.0;Z01
82815;201400054088;0;34;0;0.0;2.0;1.0;16.0;A01
82816;201400054089;0;7;0;0.0;2.0;1.0;1.0;A01
82817;201400054089;0;7;0;0.0;2.0;4.0;1.0;B01
82818;201400054091;0;30;0;0.0;2.0;1.0;17.0;A01
82819;201400054091;0;7;0;0.0;2.0;8.0;1.0;B01
82820;201400054093;0;2;0;0.0;1.0;1.0;1.0;A01
82821;201400054094;0;7;0;0.0;2.0;3.0;15.0;A01
82822;201400054094;0;34;0;0.0;2.0;3.0;1.0;B01
82823;201400054095;0;7;0;0.0;1.0;2.0;1.0;A01
82824;201400054096;0;7;0;14.0;0.0;9.0;14.0;A01
82825;201400054097;0;7;0;0.0;2.0;1.0;1.0;B01
82826;201400054097;0;7;0;8.0;2.0;7.0;1.0;A01
82827;201400054098;0;31;0;0.0;6.0;2.0;1.0;A01
82828;201400054099;0;7;0;0.0;2.0;1.0;2.0;A01
82829;201400054099;0;7;0;0.0;1.0;9.0;23.0;B01
82830;201400054100;0;7;0;0.0;1.0;2.0;7.0;A01
82831;201400054102;0;1;0;0.0;1.0;7.0;1.0;A01
82832;201400054103;0;7;0;0.0;2.0;2.0;15.0;A01
82833;201400054103;0;33;0;0.0;2.0;1.0;1.0;B01
82834;201400054104;0;31;0;1.0;2.0;1.0;1.0;B01
82835;201400054104;0;31;0;0.0;2.0;4.0;13.0;A01
82836;201400054106;0;7;0;0.0;2.0;1.0;1.0;A01
82837;201400054106;0;30;0;0.0;2.0;8.0;1.0;B01
82838;201400054107;0;2;0;0.0;0.0;0.0;21.0;A01
82839;201400054108;0;7;0;0.0;2.0;7.0;15.0;B01
82840;201400054108;0;30;0;0.0;2.0;1.0;1.0;A01
82841;201400054109;0;7;0;0.0;1.0;2.0;1.0;A01
82842;201400054110;0;31;0;0.0;1.0;3.0;1.0;A01
82843;201400054111;0;7;0;0.0;2.0;8.0;15.0;B01
82844;201400054111;0;33;0;0.0;2.0;1.0;17.0;A01
82845;201400054112;0;10;0;0.0;2.0;4.0;1.0;B01
82846;201400054112;0;10;0;0.0;2.0;1.0;14.0;A01
82847;201400054113;1;33;0;0.0;1.0;0.0;1.0;Z01
82848;201400054115;0;7;0;0.0;2.0;8.0;10.0;A01
82849;201400054115;0;32;0;0.0;2.0;1.0;1.0;B01
82850;201400054116;0;33;0;0.0;2.0;2.0;17.0;B01
82851;201400054116;0;32;0;0.0;2.0;3.0;15.0;A01
82852;201400054118;0;10;0;0.0;2.0;3.0;15.0;A01
82853;201400054118;0;32;0;0.0;2.0;1.0;1.0;B01
82854;201400054120;0;7;0;0.0;1.0;1.0;1.0;A01
82855;201400054121;0;7;0;0.0;2.0;5.0;9.0;A01
82856;201400054121;0;30;0;0.0;2.0;1.0;1.0;B01
82857;201400054122;0;7;0;0.0;2.0;1.0;15.0;A01
82858;201400054122;0;30;0;0.0;2.0;8.0;1.0;B01
82859;201400054123;0;7;0;0.0;1.0;3.0;1.0;A01
82860;201400054124;0;30;0;0.0;0.0;0.0;1.0;A01
82861;201400054125;0;1;0;0.0;2.0;7.0;19.0;A01
82862;201400054125;0;10;0;0.0;2.0;3.0;1.0;B01
82863;201400054126;1;32;0;0.0;1.0;1.0;1.0;Z01
82864;201400054127;0;1;0;0.0;2.0;5.0;17.0;B01
82865;201400054127;0;7;0;0.0;2.0;3.0;10.0;A01
82866;201400054128;0;7;0;0.0;2.0;3.0;9.0;A01
82867;201400054128;0;1;0;0.0;2.0;1.0;1.0;B01
82868;201400054129;0;7;0;0.0;1.0;6.0;4.0;A01
82869;201400054130;0;7;0;0.0;2.0;4.0;2.0;B01
82870;201400054130;2;7;0;0.0;2.0;2.0;2.0;Z01
82871;201400054130;0;7;0;0.0;2.0;4.0;2.0;A01
82872;201400054131;0;32;0;0.0;2.0;1.0;1.0;A01
82873;201400054131;0;7;0;0.0;2.0;2.0;10.0;B01
82874;201400054132;0;7;0;0.0;1.0;1.0;1.0;A01
82875;201400054133;0;30;0;0.0;1.0;2.0;1.0;A01
82876;201400054134;0;7;0;0.0;2.0;3.0;11.0;A01
82877;201400054134;0;32;0;0.0;2.0;2.0;1.0;B01
82878;201400054136;0;7;0;0.0;2.0;4.0;23.0;B01
82879;201400054136;0;7;0;0.0;2.0;1.0;1.0;A01
82880;201400054137;0;34;0;0.0;2.0;1.0;1.0;B01
82881;201400054137;1;7;0;0.0;2.0;1.0;15.0;A01
82882;201400054138;0;7;0;12.0;0.0;0.0;13.0;A01
82883;201400054139;0;7;0;0.0;2.0;8.0;15.0;A01
82884;201400054139;0;30;0;0.0;2.0;8.0;17.0;B01
82885;201400054140;0;10;0;0.0;2.0;5.0;12.0;A01
82886;201400054140;0;33;0;0.0;2.0;8.0;1.0;B01
82887;201400054141;0;31;0;0.0;1.0;2.0;1.0;A01
82888;201400054142;0;33;0;0.0;2.0;3.0;13.0;A01
82889;201400054142;0;30;0;0.0;2.0;7.0;1.0;B01
82890;201400054143;0;33;0;0.0;1.0;1.0;17.0;A01
82891;201400054144;0;1;0;0.0;2.0;1.0;2.0;A01
82892;201400054144;0;7;0;0.0;2.0;4.0;2.0;B01
82893;201400054145;0;31;0;0.0;2.0;8.0;1.0;B01
82894;201400054145;0;7;0;0.0;2.0;2.0;15.0;A01
82895;201400054147;0;7;0;0.0;1.0;3.0;1.0;A01
82896;201400054148;0;10;0;0.0;2.0;7.0;12.0;A01
82897;201400054148;0;33;0;0.0;2.0;8.0;3.0;B01
82898;201400054149;0;1;0;0.0;1.0;1.0;1.0;A01
82899;201400054150;0;34;0;0.0;2.0;1.0;1.0;B01
82900;201400054150;0;7;0;0.0;2.0;7.0;1.0;A01
82901;201400054151;0;33;0;0.0;2.0;4.0;1.0;A01
82902;201400054151;1;7;0;0.0;2.0;1.0;1.0;Z01
82903;201400054152;0;32;0;0.0;2.0;7.0;1.0;A01
82904;201400054152;0;7;0;0.0;2.0;1.0;9.0;B01
82905;201400054153;0;7;0;0.0;2.0;8.0;1.0;B01
82906;201400054153;0;7;0;0.0;2.0;1.0;1.0;A01
82907;201400054154;0;30;0;0.0;0.0;8.0;1.0;A01
82908;201400054155;0;1;0;0.0;2.0;1.0;1.0;A01
82909;201400054155;0;7;0;0.0;2.0;2.0;9.0;B01
82910;201400054156;0;7;0;0.0;1.0;1.0;1.0;A01
82911;201400054157;0;7;0;0.0;2.0;3.0;15.0;A01
82912;201400054157;0;2;0;5.0;2.0;6.0;1.0;B01
82913;201400054158;0;10;0;0.0;1.0;7.0;16.0;A01
82914;201400054159;0;2;0;0.0;2.0;7.0;17.0;A01
82915;201400054159;1;7;0;0.0;2.0;0.0;13.0;Z01
82916;201400054160;0;37;3;0.0;2.0;4.0;23.0;B01
82917;201400054160;0;37;1;0.0;2.0;1.0;1.0;A01
82918;201400054161;0;7;0;0.0;1.0;1.0;1.0;A01
82919;201400054162;0;7;0;0.0;2.0;3.0;9.0;A01
82920;201400054162;0;33;0;0.0;2.0;2.0;17.0;B01
82921;201400054164;0;7;0;0.0;1.0;2.0;9.0;A01
82922;201400054165;0;7;0;0.0;2.0;3.0;15.0;A01
82923;201400054165;0;30;0;0.0;2.0;8.0;1.0;B01
82924;201400054166;0;32;0;0.0;2.0;4.0;23.0;A01
82925;201400054166;0;32;0;0.0;2.0;3.0;1.0;B01
82926;201400054167;0;32;0;0.0;2.0;1.0;11.0;B01
82927;201400054167;0;7;0;0.0;2.0;5.0;1.0;A01
82928;201400054168;0;30;0;0.0;0.0;2.0;14.0;A01
82929;201400054169;0;7;0;4.0;0.0;2.0;1.0;A01
82930;201400054171;0;32;0;0.0;0.0;0.0;1.0;A01
82931;201400054172;0;10;0;0.0;1.0;2.0;1.0;A01
82932;201400054173;0;38;1;0.0;2.0;7.0;1.0;A01
82933;201400054173;0;7;0;0.0;1.0;9.0;23.0;B01
82934;201400054174;0;31;0;0.0;2.0;2.0;1.0;A01
82935;201400054174;0;1;0;0.0;2.0;6.0;1.0;B01
82936;201400054176;0;7;0;0.0;2.0;2.0;16.0;A01
82937;201400054176;0;1;0;0.0;2.0;1.0;1.0;B01
82938;201400054177;0;7;0;0.0;1.0;1.0;15.0;A01
82939;201400054178;0;32;0;0.0;2.0;1.0;1.0;A01
82940;201400054178;0;10;0;0.0;2.0;6.0;23.0;B01
82941;201400054179;0;10;0;0.0;2.0;1.0;1.0;A01
82942;201400054179;0;10;0;0.0;2.0;4.0;1.0;B01
82943;201400054180;0;33;0;0.0;2.0;8.0;1.0;B01
82944;201400054180;0;7;0;0.0;2.0;7.0;14.0;A01
82945;201400054181;0;31;0;0.0;1.0;1.0;1.0;A01
82946;201400054182;0;1;0;0.0;2.0;1.0;2.0;B01
82947;201400054182;0;1;0;0.0;2.0;1.0;2.0;A01
82948;201400054182;0;1;0;0.0;2.0;1.0;2.0;C01
82949;201400054182;0;1;0;0.0;2.0;0.0;2.0;D01
82950;201400054183;0;7;0;2.0;2.0;8.0;2.0;C01
82951;201400054183;0;7;0;12.0;2.0;3.0;13.0;A01
82952;201400054183;0;7;0;0.0;2.0;2.0;2.0;B01
82953;201400054184;0;7;0;0.0;2.0;1.0;2.0;A01
82954;201400054184;0;7;0;0.0;2.0;4.0;2.0;B01
82955;201400054186;0;33;0;0.0;2.0;7.0;1.0;B01
82956;201400054186;0;7;0;0.0;2.0;8.0;11.0;A01
82957;201400054187;0;33;0;0.0;2.0;2.0;1.0;B01
82958;201400054187;0;7;0;0.0;2.0;3.0;15.0;A01
82959;201400054188;0;30;0;0.0;2.0;1.0;17.0;A01
82960;201400054188;0;7;0;0.0;2.0;8.0;15.0;B01
82961;201400054190;0;7;0;0.0;2.0;2.0;15.0;A01
82962;201400054190;0;37;1;0.0;2.0;1.0;1.0;B01
82963;201400054191;0;1;0;0.0;1.0;1.0;1.0;A01
82964;201400054192;0;31;0;0.0;1.0;0.0;1.0;A01
82965;201400054193;0;7;0;0.0;2.0;1.0;15.0;A01
82966;201400054193;0;7;0;1.0;2.0;3.0;1.0;B01
82967;201400054194;0;31;0;0.0;2.0;1.0;1.0;A01
82968;201400054194;0;7;0;0.0;2.0;8.0;9.0;B01
82969;201400054195;1;10;0;0.0;1.0;2.0;16.0;Z01
82970;201400054196;0;7;0;0.0;2.0;2.0;15.0;A01
82971;201400054196;0;30;0;0.0;2.0;1.0;1.0;B01
82972;201400054197;0;30;0;0.0;1.0;1.0;1.0;A01
82973;201400054198;0;7;0;0.0;1.0;4.0;4.0;A01
82974;201400054199;0;1;0;0.0;2.0;3.0;1.0;B01
82975;201400054199;0;38;1;0.0;2.0;2.0;16.0;A01
82976;201400054200;0;33;0;0.0;2.0;2.0;3.0;A01
82977;201400054200;0;7;0;0.0;2.0;6.0;1.0;B01
82978;201400054200;0;10;0;0.0;2.0;7.0;1.0;C01
82979;201400054201;0;7;0;0.0;1.0;3.0;1.0;A01
82980;201400054202;1;30;0;0.0;1.0;1.0;17.0;Z01
82981;201400054203;0;1;0;0.0;1.0;1.0;1.0;A01
82982;201400054204;0;1;0;0.0;2.0;1.0;10.0;A01
82983;201400054204;0;1;0;0.0;2.0;1.0;1.0;B01
82984;201400054206;0;1;0;0.0;2.0;1.0;14.0;A01
82985;201400054206;0;1;0;0.0;2.0;1.0;1.0;B01
82986;201400054208;0;7;0;0.0;2.0;1.0;1.0;A01
82987;201400054208;0;31;0;0.0;2.0;8.0;1.0;B01
82988;201400054209;0;2;0;0.0;2.0;5.0;17.0;B01
82989;201400054209;0;7;0;0.0;2.0;8.0;13.0;A01
82990;201400054210;1;10;0;0.0;2.0;0.0;9.0;Z01
82991;201400054210;0;7;0;0.0;2.0;2.0;1.0;A01
82992;201400054210;0;7;0;0.0;2.0;5.0;1.0;C01
82993;201400054210;0;33;0;0.0;2.0;7.0;3.0;B01
82994;201400054211;0;30;0;14.0;0.0;1.0;15.0;A01
82995;201400054212;0;7;0;11.0;0.0;3.0;15.0;A01
82996;201400054213;0;7;0;0.0;2.0;3.0;15.0;B01
82997;201400054213;0;31;0;0.0;2.0;1.0;5.0;A01
82998;201400054214;0;33;0;0.0;2.0;0.0;1.0;A01
82999;201400054214;1;7;0;0.0;2.0;0.0;13.0;Z01
83000;201400054215;0;7;0;0.0;1.0;4.0;20.0;A01
83001;201400054216;0;10;0;0.0;2.0;2.0;14.0;A01
83002;201400054216;0;10;0;0.0;2.0;6.0;24.0;B01
83003;201400054217;0;7;0;0.0;1.0;2.0;1.0;A01
83004;201400054218;0;7;0;0.0;2.0;7.0;1.0;A01
83005;201400054218;0;1;0;0.0;2.0;8.0;15.0;B01
83006;201400054219;0;30;0;11.0;0.0;1.0;16.0;A01
83007;201400054220;0;7;0;0.0;2.0;2.0;15.0;A01
83008;201400054220;0;3;0;0.0;2.0;8.0;1.0;B01
83009;201400054221;0;7;0;0.0;2.0;4.0;23.0;B01
83010;201400054221;0;7;0;0.0;2.0;1.0;1.0;A01
83011;201400054222;0;7;0;0.0;1.0;7.0;15.0;A01
83012;201400054223;0;1;0;0.0;2.0;3.0;1.0;B01
83013;201400054223;0;34;0;0.0;2.0;1.0;15.0;A01
83014;201400054225;0;7;0;2.0;0.0;2.0;14.0;A01
83015;201400054226;0;7;0;0.0;1.0;2.0;1.0;A01
83016;201400054227;0;1;0;0.0;1.0;1.0;1.0;A01
83017;201400054228;0;7;0;0.0;2.0;2.0;15.0;A01
83018;201400054228;0;1;0;0.0;2.0;1.0;1.0;B01
83019;201400054229;0;10;0;0.0;2.0;6.0;2.0;B01
83020;201400054229;0;33;0;0.0;2.0;3.0;2.0;A01
83021;201400054230;0;10;0;0.0;2.0;8.0;1.0;A01
83022;201400054230;0;30;0;0.0;2.0;7.0;1.0;B01
83023;201400054231;0;7;0;0.0;1.0;1.0;1.0;A01
83024;201400054232;0;10;0;0.0;1.0;5.0;1.0;A01
83025;201400054234;0;30;0;0.0;0.0;0.0;1.0;A01
83026;201400054235;0;31;0;0.0;0.0;0.0;17.0;A01
83027;201400054236;0;32;0;0.0;2.0;2.0;1.0;B01
83028;201400054236;0;1;0;0.0;2.0;8.0;15.0;A01
83029;201400054238;0;1;0;0.0;1.0;0.0;1.0;A01
83030;201400054239;0;7;0;0.0;2.0;3.0;15.0;A01
83031;201400054239;0;1;0;0.0;2.0;8.0;1.0;B01
83032;201400054240;0;33;0;0.0;2.0;1.0;2.0;A01
83033;201400054240;0;10;0;0.0;2.0;6.0;23.0;B01
83034;201400054241;0;10;0;0.0;2.0;8.0;15.0;B01
83035;201400054241;0;33;0;0.0;2.0;7.0;17.0;A01
83036;201400054242;0;7;0;0.0;2.0;5.0;23.0;B01
83037;201400054242;0;7;0;0.0;2.0;2.0;2.0;A01
83038;201400054243;1;30;0;0.0;1.0;8.0;17.0;Z01
83039;201400054245;1;7;0;0.0;2.0;4.0;2.0;Z01
83040;201400054245;0;7;0;0.0;2.0;4.0;2.0;B01
83041;201400054245;0;7;0;0.0;2.0;1.0;2.0;A01
83042;201400054246;0;7;0;0.0;2.0;1.0;1.0;A01
83043;201400054246;0;1;0;0.0;2.0;3.0;1.0;B01
83044;201400054247;0;32;0;0.0;2.0;2.0;14.0;A01
83045;201400054247;0;10;0;0.0;2.0;3.0;1.0;C01
83046;201400054247;0;32;0;0.0;2.0;9.0;1.0;B01
83047;201400054248;0;34;0;0.0;1.0;0.0;17.0;A01
83048;201400054249;0;7;0;0.0;2.0;3.0;15.0;A01
83049;201400054249;0;1;0;0.0;2.0;6.0;1.0;B01
83050;201400054250;0;1;0;0.0;2.0;1.0;17.0;B01
83051;201400054250;0;7;0;0.0;2.0;8.0;10.0;A01
83052;201400054254;0;7;0;0.0;1.0;0.0;1.0;A01
83053;201400054255;0;1;0;0.0;2.0;8.0;9.0;A01
83054;201400054255;0;7;0;0.0;2.0;7.0;1.0;B01
83055;201400054257;0;2;0;14.0;0.0;1.0;1.0;A01
83056;201400054258;0;33;0;0.0;0.0;8.0;1.0;A01
83057;201400054259;0;32;0;0.0;1.0;2.0;17.0;A01
83058;201400054260;0;17;0;0.0;2.0;7.0;16.0;A01
83059;201400054260;0;1;0;0.0;2.0;3.0;1.0;B01
83060;201400054261;0;7;0;0.0;2.0;2.0;15.0;B01
83061;201400054261;0;33;0;0.0;2.0;1.0;1.0;A01
83062;201400054262;0;1;0;0.0;2.0;2.0;1.0;B01
83063;201400054262;0;7;0;0.0;2.0;6.0;4.0;A01
83064;201400054263;0;1;0;0.0;2.0;8.0;1.0;A01
83065;201400054263;1;7;0;0.0;2.0;2.0;16.0;Z01
83066;201400054264;0;7;0;0.0;2.0;6.0;1.0;B01
83067;201400054264;0;2;0;12.0;2.0;8.0;18.0;A01
83068;201400054265;0;33;0;1.0;2.0;1.0;1.0;B01
83069;201400054265;0;7;0;0.0;2.0;2.0;1.0;A01
83070;201400054266;1;37;1;0.0;2.0;1.0;1.0;Z01
83071;201400054266;0;7;0;0.0;2.0;8.0;5.0;B01
83072;201400054266;0;30;0;0.0;2.0;4.0;1.0;A01
83073;201400054267;0;1;0;0.0;2.0;2.0;1.0;A01
83074;201400054267;0;7;0;0.0;2.0;5.0;23.0;B01
83075;201400054268;0;32;0;0.0;2.0;5.0;17.0;A01
83076;201400054268;0;10;0;0.0;2.0;3.0;15.0;B01
83077;201400054269;0;1;0;0.0;2.0;1.0;1.0;B01
83078;201400054269;0;7;0;0.0;2.0;6.0;9.0;A01
83079;201400054270;0;1;0;0.0;0.0;0.0;16.0;A01
83080;201400054271;0;7;0;0.0;2.0;5.0;23.0;B01
83081;201400054271;0;30;0;0.0;2.0;1.0;1.0;A01
83082;201400054272;0;7;0;12.0;2.0;1.0;1.0;B01
83083;201400054272;0;1;0;0.0;2.0;7.0;1.0;A01
83084;201400054273;0;7;0;0.0;2.0;3.0;1.0;B01
83085;201400054273;0;1;0;0.0;2.0;2.0;19.0;A01
83086;201400054274;0;1;0;0.0;2.0;1.0;13.0;A01
83087;201400054274;0;1;0;0.0;2.0;1.0;1.0;B01
83088;201400054275;0;7;0;5.0;0.0;3.0;9.0;A01
83089;201400054276;0;30;0;1.0;0.0;2.0;1.0;A01
83090;201400054277;0;31;0;0.0;0.0;0.0;1.0;A01
83091;201400054278;0;7;0;0.0;2.0;2.0;15.0;A01
83092;201400054278;0;30;0;0.0;2.0;3.0;1.0;B01
83093;201400054279;0;10;0;1.0;0.0;2.0;14.0;A01
83094;201400054280;0;7;0;0.0;2.0;4.0;23.0;B01
83095;201400054280;0;7;0;0.0;2.0;1.0;2.0;A01
83096;201400054281;0;2;0;0.0;2.0;7.0;17.0;A01
83097;201400054281;1;7;0;0.0;2.0;0.0;15.0;Z01
83098;201400054282;0;7;0;0.0;2.0;3.0;10.0;A01
83099;201400054282;0;33;0;0.0;2.0;2.0;17.0;B01
83100;201400054283;0;10;0;0.0;2.0;8.0;15.0;B01
83101;201400054283;0;33;0;0.0;2.0;1.0;2.0;A01
83102;201400054284;0;31;0;0.0;2.0;2.0;1.0;A01
83103;201400054284;1;10;0;0.0;2.0;8.0;13.0;Z01
83104;201400054285;0;2;0;0.0;2.0;8.0;1.0;B01
83105;201400054285;0;7;0;0.0;2.0;3.0;10.0;A01
83106;201400054286;0;33;0;0.0;1.0;1.0;1.0;A01
83107;201400054287;0;10;0;6.0;0.0;1.0;1.0;A01
83108;201400054288;0;31;0;0.0;0.0;0.0;21.0;A01
83109;201400054289;0;2;0;0.0;2.0;1.0;1.0;B01
83110;201400054289;0;7;0;0.0;2.0;2.0;1.0;A01
83111;201400054290;0;1;0;0.0;2.0;1.0;7.0;B01
83112;201400054290;0;7;0;0.0;2.0;0.0;16.0;A01
83113;201400054291;0;7;0;0.0;1.0;2.0;1.0;A01
83114;201400054292;0;34;0;1.0;1.0;1.0;15.0;A01
83115;201400054293;0;7;0;0.0;1.0;3.0;1.0;A01
83116;201400054294;0;7;0;0.0;2.0;5.0;22.0;A01
83117;201400054294;0;1;0;0.0;2.0;1.0;7.0;B01
83118;201400054295;0;7;0;0.0;2.0;4.0;23.0;B01
83119;201400054295;0;7;0;0.0;2.0;1.0;1.0;A01
83120;201400054296;0;10;0;0.0;1.0;8.0;15.0;A01
83121;201400054297;0;32;0;0.0;2.0;9.0;17.0;A01
83122;201400054297;0;7;0;0.0;2.0;3.0;15.0;B01
83123;201400054298;0;7;0;0.0;1.0;2.0;9.0;A01
83124;201400054299;0;33;0;0.0;2.0;1.0;1.0;A01
83125;201400054299;0;7;0;0.0;2.0;5.0;9.0;B01
83126;201400054301;0;7;0;0.0;1.0;2.0;5.0;A01
83127;201400054302;0;30;0;12.0;0.0;2.0;14.0;A01
83128;201400054304;0;7;0;1.0;0.0;2.0;1.0;A01
83129;201400054306;0;2;0;0.0;0.0;0.0;1.0;A01
83130;201400054307;0;7;0;0.0;2.0;1.0;15.0;A01
83131;201400054307;0;32;0;0.0;2.0;8.0;1.0;B01
83132;201400054308;0;2;0;0.0;1.0;7.0;17.0;A01
83133;201400054309;0;33;0;0.0;2.0;1.0;2.0;A01
83134;201400054309;0;7;0;0.0;2.0;4.0;2.0;B01
83135;201400054310;0;31;0;0.0;2.0;0.0;2.0;A01
83136;201400054310;0;1;0;0.0;2.0;4.0;2.0;B01
83137;201400054311;1;7;0;0.0;1.0;0.0;1.0;Z01
83138;201400054312;0;7;0;0.0;2.0;1.0;1.0;A01
83139;201400054312;0;1;0;0.0;2.0;8.0;19.0;B01
83140;201400054313;0;30;0;0.0;2.0;3.0;18.0;B01
83141;201400054313;0;7;0;14.0;2.0;2.0;12.0;A01
83142;201400054314;1;7;0;0.0;2.0;1.0;2.0;Z01
83143;201400054314;0;30;0;0.0;2.0;4.0;2.0;A01
83144;201400054315;0;7;0;0.0;2.0;7.0;16.0;A01
83145;201400054315;0;1;0;0.0;2.0;8.0;18.0;B01
83146;201400054316;0;1;0;0.0;2.0;1.0;1.0;A01
83147;201400054316;0;1;0;0.0;2.0;1.0;1.0;B01
83148;201400054317;0;7;0;0.0;1.0;1.0;1.0;A01
83149;201400054318;0;33;0;0.0;2.0;1.0;11.0;B01
83150;201400054318;0;7;0;0.0;2.0;2.0;9.0;A01
83151;201400054319;0;7;0;0.0;2.0;8.0;11.0;A01
83152;201400054319;0;33;0;0.0;2.0;7.0;1.0;B01
83153;201400054320;0;2;0;0.0;2.0;7.0;1.0;B01
83154;201400054320;0;7;0;0.0;2.0;2.0;1.0;A01