;Num_Acc;senc;catv;occutc;obs;obsm;choc;manv;num_veh
83573;201400054611;0;7;0;0.0;2.0;1.0;2.0;A01
83574;201400054611;0;7;0;0.0;2.0;4.0;23.0;B01
83575;201400054613;0;33;0;0.0;2.0;1.0;17.0;A01
83576;201400054613;0;7;0;0.0;2.0;3.0;9.0;B01
83577;201400054614;2;30;0;0.0;1.0;1.0;1.0;Z01
83578;201400054615;0;7;0;0.0;2.0;1.0;2.0;A01
83579;201400054615;0;7;0;0.0;2.0;4.0;23.0;B01
83580;201400054616;0;7;0;0.0;2.0;4.0;1.0;A01
83581;201400054616;0;7;0;0.0;2.0;1.0;23.0;B01
83582;201400054618;0;7;0;0.0;1.0;2.0;1.0;A01
83583;201400054619;0;1;0;0.0;2.0;6.0;1.0;B01
83584;201400054619;0;7;0;0.0;2.0;3.0;1.0;A01
83585;201400054620;0;7;0;7.0;0.0;3.0;21.0;A01
83586;201400054621;0;7;0;0.0;2.0;1.0;15.0;A01
83587;201400054621;0;31;0;0.0;2.0;1.0;1.0;B01
83588;201400054623;0;1;0;12.0;0.0;0.0;21.0;A01
83589;201400054624;0;7;0;0.0;1.0;2.0;1.0;A01
83590;201400054625;0;7;0;0.0;2.0;3.0;15.0;B01
83591;201400054625;0;30;0;0.0;2.0;1.0;17.0;A01
83592;201400054626;0;10;0;0.0;1.0;4.0;4.0;A01
83593;201400054627;0;33;0;14.0;0.0;2.0;14.0;A01
83594;201400054629;0;1;0;0.0;1.0;1.0;19.0;A01
83595;201400054629;0;33;0;0.0;2.0;1.0;1.0;B01
83596;201400054630;0;10;0;0.0;2.0;5.0;23.0;B01
83597;201400054630;0;31;0;0.0;2.0;1.0;2.0;A01
83598;201400054631;0;30;0;0.0;2.0;8.0;17.0;A01
83599;201400054631;0;1;0;0.0;2.0;8.0;15.0;B01
83600;201400054632;0;7;0;0.0;2.0;1.0;1.0;A01
83601;201400054632;0;7;0;0.0;2.0;4.0;23.0;B01
83602;201400054633;0;7;0;2.0;0.0;1.0;13.0;A01
83603;201400054634;0;7;0;0.0;1.0;8.0;7.0;A01
83604;201400054635;0;7;0;2.0;0.0;2.0;1.0;A01
83605;201400054636;0;1;0;0.0;2.0;4.0;13.0;A01
83606;201400054636;0;7;0;0.0;2.0;2.0;1.0;B01
83607;201400054637;0;7;0;0.0;1.0;1.0;1.0;A01
83608;201400054638;0;33;0;0.0;2.0;7.0;1.0;B01
83609;201400054638;0;7;0;0.0;2.0;8.0;11.0;A01
83610;201400054639;0;2;0;0.0;1.0;1.0;1.0;A01
83611;201400054641;0;7;0;0.0;2.0;4.0;15.0;B01
83612;201400054641;0;30;0;0.0;2.0;1.0;1.0;A01
83613;201400054642;0;31;0;14.0;0.0;8.0;17.0;A01
83614;201400054645;0;37;2;0.0;2.0;3.0;7.0;B01
83615;201400054645;0;10;0;0.0;2.0;5.0;16.0;A01
83616;201400054646;0;7;0;0.0;2.0;4.0;1.0;B01
83617;201400054646;0;7;0;0.0;2.0;1.0;23.0;A01
83618;201400054647;0;7;0;0.0;2.0;1.0;1.0;A01
83619;201400054647;0;7;0;0.0;2.0;4.0;23.0;B01
83620;201400054648;0;33;0;0.0;2.0;1.0;1.0;B01
83621;201400054648;0;7;0;0.0;2.0;4.0;15.0;A01
83622;201400054649;0;34;0;0.0;0.0;2.0;1.0;A01
83623;201400054650;0;7;0;0.0;2.0;3.0;15.0;B01
83624;201400054650;0;32;0;0.0;2.0;1.0;17.0;A01
83625;201400054651;0;7;0;0.0;2.0;2.0;22.0;A01
83626;201400054651;0;34;0;0.0;2.0;3.0;3.0;B01
83627;201400054652;0;7;0;0.0;2.0;1.0;16.0;A01
83628;201400054652;0;2;0;0.0;2.0;4.0;23.0;B01
83629;201400054654;0;33;0;0.0;2.0;1.0;1.0;B01
83630;201400054654;0;7;0;0.0;2.0;6.0;10.0;A01
83631;201400054655;0;7;0;0.0;1.0;2.0;1.0;A01
83632;201400054656;0;7;0;0.0;1.0;1.0;15.0;A01
83633;201400054657;0;2;0;0.0;2.0;1.0;1.0;B01
83634;201400054657;0;7;0;0.0;2.0;2.0;15.0;A01
83635;201400054658;0;32;0;0.0;2.0;3.0;1.0;A01
83636;201400054658;0;7;0;0.0;2.0;2.0;1.0;B01
83637;201400054659;0;7;0;0.0;2.0;1.0;15.0;A01
83638;201400054659;0;33;0;0.0;2.0;3.0;1.0;B01
83639;201400054660;0;10;0;0.0;2.0;2.0;1.0;A01
83640;201400054660;0;1;0;0.0;2.0;3.0;13.0;B01
83641;201400054662;0;37;0;0.0;2.0;2.0;2.0;A01
83642;201400054662;0;7;0;0.0;2.0;4.0;23.0;B01
83643;201400054663;0;7;0;0.0;2.0;2.0;15.0;A01
83644;201400054663;0;30;0;0.0;2.0;8.0;1.0;B01
83645;201400054664;0;30;0;0.0;2.0;1.0;2.0;A01
83646;201400054664;0;7;0;0.0;2.0;4.0;23.0;B01
83647;201400054665;0;10;0;0.0;1.0;3.0;7.0;A01
83648;201400054666;0;7;0;9.0;0.0;1.0;1.0;A01
83649;201400054667;0;30;0;0.0;0.0;0.0;1.0;A01
83650;201400054669;0;7;0;0.0;1.0;1.0;1.0;A01
83651;201400054670;0;7;0;11.0;0.0;1.0;1.0;A01
83652;201400054671;0;7;0;0.0;1.0;1.0;15.0;A01
83653;201400054672;0;7;0;0.0;2.0;5.0;10.0;A01
83654;201400054672;0;31;0;0.0;2.0;1.0;1.0;B01
83655;201400054673;0;7;0;0.0;2.0;3.0;10.0;A01
83656;201400054673;0;31;0;0.0;2.0;1.0;2.0;B01
83657;201400054674;0;10;0;0.0;2.0;6.0;15.0;A01
83658;201400054674;0;33;0;0.0;2.0;7.0;15.0;B01
83659;201400054675;0;1;0;1.0;2.0;1.0;1.0;B01
83660;201400054675;0;7;0;0.0;2.0;8.0;22.0;A01
83661;201400054676;0;10;0;0.0;1.0;1.0;15.0;A01
83662;201400054677;0;1;0;0.0;2.0;5.0;1.0;A01
83663;201400054677;1;34;0;0.0;2.0;8.0;18.0;Z01
83664;201400054679;0;10;0;0.0;1.0;3.0;1.0;A01
83665;201400054680;0;30;0;0.0;2.0;8.0;13.0;A01
83666;201400054680;0;7;0;0.0;2.0;2.0;1.0;B01
83667;201400054681;0;7;0;0.0;1.0;2.0;1.0;A01
83668;201400054683;0;7;0;0.0;1.0;1.0;7.0;A01
83669;201400054685;0;30;0;0.0;2.0;4.0;1.0;A01
83670;201400054685;1;7;0;0.0;2.0;1.0;9.0;Z01
83671;201400054686;0;10;0;0.0;2.0;1.0;1.0;B01
83672;201400054686;0;10;0;0.0;2.0;2.0;1.0;A01
83673;201400054687;0;32;0;0.0;2.0;1.0;1.0;A01
83674;201400054687;1;7;0;0.0;2.0;3.0;10.0;Z01
83675;201400054688;0;1;0;0.0;2.0;5.0;13.0;A01
83676;201400054688;0;37;1;0.0;2.0;2.0;7.0;B01
83677;201400054691;0;10;0;0.0;2.0;2.0;22.0;A01
83678;201400054691;0;1;0;0.0;2.0;3.0;1.0;B01
83679;201400054692;0;31;0;0.0;2.0;1.0;1.0;B01
83680;201400054692;0;7;0;0.0;2.0;2.0;10.0;A01
83681;201400054694;0;31;0;0.0;2.0;1.0;12.0;A01
83682;201400054694;0;7;0;0.0;2.0;5.0;14.0;B01
83683;201400054695;0;30;0;0.0;1.0;3.0;1.0;A01
83684;201400054697;0;7;0;0.0;2.0;2.0;15.0;A01
83685;201400054697;0;31;0;0.0;2.0;8.0;1.0;B01
83686;201400054698;0;7;0;0.0;2.0;4.0;2.0;B01
83687;201400054698;0;7;0;0.0;2.0;1.0;2.0;A01
83688;201400054698;0;7;0;0.0;2.0;4.0;2.0;C01
83689;201400054698;0;34;0;0.0;2.0;1.0;2.0;D01
83690;201400054698;1;33;0;0.0;2.0;1.0;2.0;Z01
83691;201400054700;0;1;0;12.0;1.0;1.0;1.0;A01
83692;201400054702;2;7;0;0.0;2.0;2.0;16.0;Z01
83693;201400054702;0;1;0;0.0;2.0;1.0;1.0;A01
83694;201400054703;0;7;0;12.0;0.0;1.0;13.0;A01
83695;201400054704;0;7;0;0.0;2.0;4.0;23.0;C01
83696;201400054704;0;7;0;0.0;2.0;1.0;2.0;A01
83697;201400054704;0;7;0;0.0;2.0;1.0;23.0;B01
83698;201400054705;0;7;0;0.0;2.0;3.0;1.0;B01
83699;201400054705;0;31;0;0.0;2.0;1.0;15.0;A01
83700;201400054706;0;30;0;0.0;1.0;2.0;1.0;A01
83701;201400054707;0;7;0;0.0;2.0;1.0;1.0;A01
83702;201400054707;0;32;0;0.0;2.0;4.0;23.0;B01
83703;201400054709;0;33;0;0.0;2.0;1.0;1.0;A01
83704;201400054709;0;7;0;0.0;2.0;6.0;23.0;B01
83705;201400054710;0;7;0;0.0;1.0;3.0;1.0;A01
83706;201400054711;0;7;0;8.0;0.0;1.0;13.0;A01
83707;201400054713;0;7;0;0.0;2.0;4.0;23.0;B01
83708;201400054713;0;33;0;0.0;2.0;1.0;2.0;A01
83709;201400054714;0;30;0;0.0;0.0;7.0;1.0;A01
83710;201400054715;0;7;0;0.0;2.0;3.0;15.0;B01
83711;201400054715;0;2;0;0.0;2.0;8.0;1.0;A01
83712;201400054716;0;34;0;0.0;2.0;1.0;1.0;A01
83713;201400054716;0;1;0;0.0;2.0;4.0;23.0;B01
83714;201400054717;0;7;0;0.0;2.0;8.0;15.0;B01
83715;201400054717;0;33;0;0.0;2.0;0.0;17.0;A01
83716;201400054718;0;32;0;0.0;2.0;1.0;1.0;A01
83717;201400054718;0;7;0;0.0;2.0;5.0;23.0;B01
83718;201400054719;0;30;0;0.0;1.0;1.0;1.0;A01
83719;201400054720;0;10;0;0.0;2.0;6.0;23.0;C01
83720;201400054720;0;34;0;0.0;2.0;1.0;1.0;B01
83721;201400054720;0;7;0;0.0;2.0;2.0;10.0;A01
83722;201400054721;1;7;0;0.0;1.0;1.0;15.0;Z01
83723;201400054722;0;30;0;0.0;1.0;1.0;1.0;A01
83724;201400054724;0;7;0;0.0;1.0;7.0;1.0;A01
83725;201400054725;0;30;0;0.0;0.0;2.0;7.0;A01
83726;201400054726;0;36;0;1.0;0.0;1.0;14.0;A01
83727;201400054727;0;10;0;0.0;1.0;2.0;1.0;A01
83728;201400054728;2;7;0;0.0;1.0;1.0;9.0;Z01
83729;201400054729;0;30;0;0.0;1.0;1.0;17.0;A01
83730;201400054730;0;7;0;0.0;1.0;5.0;1.0;A01
83731;201400054732;0;2;0;7.0;0.0;0.0;1.0;A01
83732;201400054733;0;7;0;0.0;2.0;3.0;10.0;A01
83733;201400054733;0;30;0;0.0;2.0;7.0;1.0;B01
83734;201400054734;0;7;0;0.0;2.0;1.0;1.0;A01
83735;201400054734;0;7;0;0.0;2.0;4.0;23.0;B01
83736;201400054735;1;7;0;0.0;2.0;0.0;15.0;Z01
83737;201400054735;0;30;0;0.0;2.0;3.0;1.0;A01
83738;201400054736;0;33;0;0.0;1.0;1.0;15.0;A01
83739;201400054737;0;7;0;4.0;0.0;2.0;13.0;A01
83740;201400054738;0;1;0;0.0;2.0;1.0;1.0;A01
83741;201400054738;0;7;0;0.0;2.0;2.0;1.0;B01
83742;201400054739;0;32;0;0.0;2.0;1.0;1.0;B01
83743;201400054739;0;7;0;0.0;2.0;5.0;15.0;A01
83744;201400054740;0;2;0;0.0;1.0;1.0;1.0;A01
83745;201400054741;0;7;0;0.0;1.0;3.0;15.0;A01
83746;201400054742;1;7;0;0.0;1.0;1.0;9.0;Z01
83747;201400054743;1;7;0;0.0;1.0;0.0;1.0;Z01
83748;201400054744;0;33;0;0.0;1.0;0.0;1.0;A01
83749;201400054745;0;1;0;0.0;2.0;2.0;1.0;B01
83750;201400054745;0;7;0;0.0;2.0;3.0;18.0;A01
83751;201400054746;0;7;0;0.0;1.0;1.0;7.0;A01
83752;201400054747;0;2;0;0.0;0.0;0.0;7.0;A01
83753;201400054748;0;7;0;0.0;1.0;1.0;17.0;A01
83754;201400054749;1;7;0;0.0;1.0;0.0;1.0;Z01
83755;201400054750;0;30;0;0.0;1.0;3.0;5.0;A01
83756;201400054751;0;33;0;0.0;2.0;5.0;17.0;B01
83757;201400054751;0;13;0;0.0;2.0;3.0;15.0;A01
83758;201400054752;0;32;0;0.0;0.0;7.0;1.0;A01
83759;201400054754;0;7;0;0.0;1.0;1.0;1.0;A01
83760;201400054755;0;7;0;0.0;1.0;1.0;15.0;A01
83761;201400054756;1;7;0;0.0;1.0;0.0;16.0;Z01
83762;201400054757;0;33;0;0.0;1.0;3.0;1.0;A01
83763;201400054758;0;33;0;0.0;1.0;0.0;1.0;A01
83764;201400054759;1;2;0;0.0;1.0;1.0;1.0;Z01
83765;201400054760;1;7;0;0.0;1.0;0.0;16.0;Z01
83766;201400054761;0;32;0;0.0;1.0;2.0;1.0;A01
83767;201400054762;0;34;0;0.0;2.0;3.0;1.0;A01
83768;201400054762;0;37;1;0.0;2.0;3.0;9.0;B01
83769;201400054763;0;7;0;0.0;1.0;3.0;1.0;A01
83770;201400054764;0;33;0;0.0;1.0;1.0;5.0;A01
83771;201400054765;0;7;0;0.0;2.0;1.0;2.0;A01
83772;201400054765;0;10;0;0.0;2.0;4.0;23.0;B01
83773;201400054766;0;1;0;0.0;0.0;0.0;1.0;A01
83774;201400054768;0;31;0;0.0;1.0;1.0;1.0;A01
83775;201400054769;0;7;0;0.0;2.0;0.0;22.0;A01
83776;201400054769;0;1;0;0.0;2.0;0.0;1.0;B01
83777;201400054770;0;34;0;0.0;1.0;1.0;1.0;A01
83778;201400054771;0;32;0;0.0;0.0;3.0;1.0;B01
83779;201400054771;0;7;0;0.0;0.0;7.0;1.0;A01
83780;201400054772;0;1;0;0.0;2.0;1.0;9.0;B01
83781;201400054772;0;7;0;0.0;2.0;2.0;1.0;A01
83782;201400054773;0;31;0;0.0;0.0;7.0;1.0;A01
83783;201400054774;0;2;0;12.0;0.0;1.0;16.0;A01
83784;201400054775;0;32;0;0.0;0.0;3.0;1.0;A01
83785;201400054776;0;7;0;0.0;1.0;1.0;1.0;A01
83786;201400054777;0;10;0;0.0;2.0;2.0;2.0;A01
83787;201400054777;0;7;0;0.0;2.0;6.0;23.0;B01
83788;201400054778;0;7;0;0.0;1.0;2.0;16.0;A01
83789;201400054780;0;33;0;0.0;2.0;1.0;1.0;B01
83790;201400054780;0;7;0;0.0;2.0;2.0;5.0;A01
83791;201400054781;0;2;0;0.0;2.0;1.0;18.0;A01
83792;201400054781;0;7;0;0.0;2.0;5.0;15.0;B01
83793;201400054782;0;31;0;0.0;2.0;2.0;17.0;B01
83794;201400054782;0;10;0;0.0;2.0;3.0;13.0;A01
83795;201400054783;0;2;0;0.0;0.0;0.0;1.0;A01
83796;201400054784;0;7;0;0.0;2.0;8.0;1.0;B01
83797;201400054784;0;7;0;0.0;2.0;1.0;1.0;A01
83798;201400054785;0;10;0;0.0;2.0;7.0;16.0;A01
83799;201400054785;0;1;0;0.0;2.0;8.0;1.0;B01
83800;201400054786;0;32;0;0.0;0.0;2.0;1.0;A01
83801;201400054787;0;10;0;0.0;1.0;3.0;1.0;A01
83802;201400054788;0;33;0;0.0;0.0;0.0;1.0;A01
83803;201400054789;0;32;0;0.0;0.0;0.0;21.0;A01
83804;201400054790;0;30;0;0.0;1.0;1.0;17.0;A01
83805;201400054791;0;7;0;0.0;2.0;1.0;2.0;A01
83806;201400054791;0;33;0;0.0;2.0;4.0;23.0;B01
83807;201400054792;0;7;0;0.0;1.0;3.0;1.0;A01
83808;201400054793;0;7;0;0.0;2.0;2.0;1.0;A01
83809;201400054793;0;1;0;0.0;2.0;8.0;13.0;B01
83810;201400054795;0;7;0;0.0;2.0;8.0;1.0;C01
83811;201400054795;0;7;0;0.0;2.0;1.0;2.0;A01
83812;201400054795;0;30;0;0.0;2.0;4.0;23.0;B01
83813;201400054796;0;37;1;0.0;1.0;5.0;7.0;A01
83814;201400054797;0;7;0;0.0;1.0;1.0;1.0;A01
83815;201400054798;0;7;0;0.0;2.0;3.0;5.0;A01
83816;201400054798;0;1;0;0.0;2.0;1.0;1.0;B01
83817;201400054799;0;32;0;0.0;1.0;3.0;1.0;A01
83818;201400054800;0;2;0;0.0;2.0;1.0;1.0;B01
83819;201400054800;0;3;0;0.0;2.0;7.0;1.0;A01
83820;201400054801;0;2;0;0.0;0.0;7.0;1.0;A01
83821;201400054802;0;7;0;8.0;1.0;1.0;15.0;A01
83822;201400054802;0;10;0;0.0;2.0;3.0;1.0;B01
83823;201400054803;0;1;0;0.0;1.0;1.0;5.0;A01
83824;201400054804;0;7;0;0.0;1.0;4.0;4.0;A01
83825;201400054805;1;10;0;0.0;2.0;1.0;1.0;A01
83826;201400054805;0;7;0;0.0;2.0;4.0;10.0;B01
83827;201400054806;0;33;0;0.0;1.0;1.0;1.0;A01
83828;201400054807;0;7;0;0.0;2.0;2.0;15.0;A01
83829;201400054807;0;1;0;0.0;2.0;1.0;1.0;B01
83830;201400054808;0;2;0;0.0;2.0;1.0;1.0;A01
83831;201400054808;0;7;0;0.0;2.0;4.0;23.0;B01
83832;201400054810;2;7;0;1.0;0.0;1.0;1.0;A01
83833;201400054811;0;7;0;0.0;1.0;1.0;1.0;A01
83834;201400054812;0;1;0;14.0;0.0;1.0;1.0;A01
83835;201400054814;0;1;0;12.0;0.0;1.0;16.0;A01
83836;201400054816;0;7;0;0.0;2.0;1.0;1.0;A01
83837;201400054816;0;7;0;9.0;2.0;1.0;1.0;B01
83838;201400054817;0;1;0;0.0;2.0;4.0;1.0;B01
83839;201400054817;0;32;0;0.0;2.0;1.0;1.0;A01
83840;201400054818;0;7;0;0.0;2.0;8.0;1.0;B01
83841;201400054818;0;7;0;0.0;2.0;1.0;1.0;A01
83842;201400054819;0;7;0;0.0;2.0;5.0;9.0;A01
83843;201400054819;0;34;0;0.0;2.0;3.0;1.0;B01
83844;201400054820;0;2;0;0.0;0.0;0.0;0.0;A01
83845;201400054821;0;7;0;0.0;2.0;2.0;1.0;A01
83846;201400054821;0;2;0;0.0;2.0;6.0;18.0;B01
83847;201400054822;0;30;0;0.0;2.0;3.0;1.0;A01
83848;201400054822;1;7;0;0.0;2.0;0.0;15.0;Z01
83849;201400054824;0;7;0;11.0;0.0;1.0;14.0;A01
83850;201400054825;0;33;0;1.0;2.0;2.0;1.0;A01
83851;201400054825;0;10;0;0.0;2.0;3.0;1.0;C01
83852;201400054825;0;7;0;0.0;2.0;1.0;1.0;B01
83853;201400054826;0;30;0;0.0;2.0;1.0;1.0;A01
83854;201400054826;0;7;0;0.0;2.0;8.0;1.0;B01
83855;201400054827;0;31;0;0.0;0.0;8.0;1.0;A01
83856;201400054828;0;7;0;0.0;2.0;4.0;1.0;A01
83857;201400054828;0;7;0;0.0;2.0;4.0;1.0;B01
83858;201400054829;0;38;1;0.0;1.0;2.0;1.0;A01
83859;201400054830;0;32;0;0.0;1.0;1.0;1.0;A01
83860;201400054831;0;7;0;0.0;1.0;3.0;1.0;A01
83861;201400054832;1;10;0;0.0;1.0;1.0;1.0;A01
83862;201400054833;0;7;0;0.0;2.0;7.0;16.0;B01
83863;201400054833;0;31;0;0.0;2.0;3.0;18.0;A01
83864;201400054834;0;2;0;0.0;1.0;1.0;1.0;A01
83865;201400054835;0;7;0;0.0;2.0;0.0;1.0;B01
83866;201400054835;0;7;0;1.0;2.0;2.0;1.0;A01
83867;201400054836;0;32;0;0.0;2.0;1.0;1.0;A01
83868;201400054836;0;7;0;0.0;2.0;3.0;15.0;B01
83869;201400054837;0;2;0;0.0;0.0;1.0;1.0;A01
83870;201400054838;0;30;0;0.0;2.0;1.0;5.0;B01
83871;201400054838;0;7;0;0.0;2.0;3.0;10.0;A01
83872;201400054839;1;10;0;0.0;2.0;2.0;14.0;Z01
83873;201400054839;0;1;0;0.0;2.0;8.0;1.0;A01
83874;201400054840;0;7;0;8.0;0.0;1.0;1.0;A01
83875;201400054841;0;7;0;0.0;2.0;2.0;15.0;A01
83876;201400054841;0;1;0;0.0;2.0;3.0;7.0;B01
83877;201400054842;0;7;0;0.0;2.0;2.0;1.0;A01
83878;201400054842;0;32;0;0.0;2.0;1.0;1.0;B01
83879;201400054843;0;33;0;0.0;2.0;1.0;1.0;B01
83880;201400054843;0;7;0;0.0;2.0;3.0;15.0;A01
83881;201400054844;0;1;0;0.0;2.0;2.0;1.0;A01
83882;201400054844;0;33;0;0.0;2.0;4.0;23.0;B01
83883;201400054845;0;32;0;0.0;0.0;0.0;1.0;A01
83884;201400054846;0;10;0;0.0;2.0;5.0;16.0;B01
83885;201400054846;0;2;0;0.0;2.0;8.0;18.0;A01
83886;201400054847;0;7;0;0.0;1.0;2.0;1.0;A01
83887;201400054848;0;30;0;0.0;2.0;7.0;1.0;B01
83888;201400054848;0;7;0;0.0;2.0;5.0;15.0;A01
83889;201400054849;0;30;0;0.0;0.0;0.0;1.0;A01
83890;201400054850;0;13;0;0.0;1.0;6.0;1.0;A01
83891;201400054851;0;7;0;11.0;0.0;1.0;1.0;A01
83892;201400054852;0;34;0;8.0;2.0;2.0;17.0;A01
83893;201400054852;0;7;0;0.0;2.0;8.0;13.0;B01
83894;201400054853;0;30;0;12.0;0.0;0.0;21.0;A01
83895;201400054854;0;2;0;0.0;1.0;1.0;5.0;A01
83896;201400054855;1;7;0;0.0;1.0;0.0;1.0;Z01
83897;201400054856;0;30;0;0.0;2.0;3.0;1.0;A01
83898;201400054856;0;7;0;0.0;2.0;2.0;1.0;B01
83899;201400054857;0;1;0;0.0;2.0;1.0;17.0;A01
83900;201400054857;0;7;0;0.0;2.0;3.0;1.0;B01
83901;201400054858;0;1;0;0.0;2.0;1.0;2.0;B01
83902;201400054858;0;7;0;0.0;2.0;3.0;22.0;A01
83903;201400054859;0;10;0;0.0;2.0;5.0;2.0;B01
83904;201400054859;0;31;0;0.0;2.0;1.0;2.0;A01
83905;201400054860;1;7;0;0.0;1.0;7.0;4.0;Z01
83906;201400054861;0;7;0;0.0;2.0;4.0;2.0;C01
83907;201400054861;0;7;0;0.0;2.0;0.0;2.0;B01
83908;201400054861;0;7;0;0.0;2.0;1.0;2.0;A01
83909;201400054862;0;10;0;0.0;1.0;3.0;15.0;A01
83910;201400054863;0;33;0;0.0;2.0;2.0;15.0;B01
83911;201400054863;0;31;0;0.0;2.0;7.0;1.0;A01
83912;201400054864;0;1;0;0.0;2.0;5.0;1.0;B01
83913;201400054864;0;7;0;0.0;2.0;2.0;1.0;A01
83914;201400054865;0;7;0;15.0;2.0;2.0;1.0;A01
83915;201400054865;0;7;0;0.0;2.0;3.0;16.0;B01
83916;201400054866;0;32;0;0.0;2.0;2.0;1.0;A01
83917;201400054866;0;33;0;0.0;2.0;8.0;23.0;B01
83918;201400054867;0;7;0;0.0;1.0;1.0;15.0;A01
83919;201400054868;0;1;0;0.0;1.0;1.0;1.0;A01
83920;201400054869;0;30;0;0.0;2.0;8.0;9.0;B01
83921;201400054869;0;33;0;0.0;2.0;1.0;1.0;A01
83922;201400054870;0;33;0;0.0;0.0;0.0;21.0;A01
83923;201400054871;0;32;0;0.0;0.0;7.0;21.0;A01
83924;201400054872;0;32;0;0.0;1.0;2.0;1.0;A01
83925;201400054873;0;10;0;0.0;1.0;3.0;15.0;A01
83926;201400054874;0;7;0;0.0;1.0;6.0;4.0;A01
83927;201400054875;0;33;0;0.0;1.0;1.0;17.0;A01
83928;201400054875;0;7;0;0.0;2.0;3.0;15.0;B01
83929;201400054876;0;2;0;0.0;0.0;7.0;1.0;A01
83930;201400054877;0;34;0;4.0;0.0;8.0;13.0;A01
83931;201400054878;0;7;0;0.0;2.0;3.0;1.0;A01
83932;201400054878;0;7;0;0.0;2.0;2.0;1.0;B01
83933;201400054879;0;33;0;0.0;1.0;1.0;1.0;A01
83934;201400054880;0;30;0;0.0;1.0;8.0;1.0;A01
83935;201400054881;0;7;0;0.0;2.0;3.0;15.0;B01
83936;201400054881;0;34;0;0.0;2.0;5.0;17.0;A01
83937;201400054882;0;10;0;0.0;1.0;4.0;4.0;A01
83938;201400054883;0;34;0;0.0;1.0;3.0;17.0;A01
83939;201400054884;0;7;0;0.0;2.0;3.0;22.0;A01
83940;201400054884;0;1;0;1.0;2.0;7.0;1.0;B01
83941;201400054885;0;7;0;0.0;2.0;6.0;1.0;B01
83942;201400054885;0;32;0;0.0;2.0;2.0;1.0;A01
83943;201400054886;0;10;0;0.0;2.0;3.0;13.0;A01
83944;201400054886;0;33;0;0.0;2.0;7.0;17.0;B01
83945;201400054887;0;7;0;0.0;2.0;7.0;15.0;A01
83946;201400054887;0;7;0;0.0;2.0;2.0;16.0;B01
83947;201400054889;0;7;0;0.0;1.0;0.0;1.0;A01
83948;201400054890;0;7;0;0.0;1.0;1.0;15.0;A01
83949;201400054892;0;33;0;0.0;0.0;3.0;1.0;A01
83950;201400054893;0;1;0;0.0;2.0;1.0;18.0;B01
83951;201400054893;0;7;0;0.0;2.0;7.0;22.0;A01
83952;201400054894;0;1;0;0.0;0.0;1.0;1.0;A01
83953;201400054895;0;10;0;0.0;2.0;1.0;2.0;A01
83954;201400054895;0;7;0;0.0;2.0;6.0;2.0;B01
83955;201400054896;0;7;0;0.0;2.0;7.0;16.0;A01
83956;201400054896;0;33;0;0.0;2.0;8.0;1.0;B01
83957;201400054897;0;34;0;0.0;1.0;1.0;1.0;A01
83958;201400054898;0;10;0;0.0;1.0;3.0;15.0;A01
83959;201400054899;0;33;0;0.0;2.0;8.0;17.0;A01
83960;201400054899;0;7;0;0.0;2.0;0.0;15.0;B01
83961;201400054900;0;32;0;0.0;0.0;0.0;1.0;A01
83962;201400054901;0;7;0;0.0;2.0;3.0;2.0;A01
83963;201400054901;0;7;0;0.0;1.0;1.0;23.0;B01
83964;201400054902;0;1;0;0.0;2.0;1.0;1.0;B01
83965;201400054902;0;7;0;0.0;2.0;7.0;16.0;A01
83966;201400054903;0;1;0;0.0;0.0;0.0;1.0;A01
83967;201400054904;0;7;0;0.0;2.0;4.0;2.0;B01
83968;201400054904;0;7;0;0.0;2.0;1.0;23.0;A01
83969;201400054905;0;30;0;0.0;0.0;0.0;1.0;A01
83970;201400054906;0;7;0;0.0;2.0;3.0;15.0;A01
83971;201400054906;0;31;0;0.0;2.0;1.0;1.0;B01
83972;201400054907;0;2;0;0.0;2.0;1.0;5.0;B01
83973;201400054907;0;7;0;0.0;2.0;3.0;15.0;A01
83974;201400054908;0;30;0;7.0;0.0;1.0;13.0;A01
83975;201400054909;0;37;13;14.0;2.0;3.0;1.0;B01
83976;201400054909;0;7;0;0.0;2.0;2.0;1.0;A01
83977;201400054910;0;7;0;11.0;0.0;1.0;14.0;A01
83978;201400054911;0;7;0;14.0;0.0;1.0;13.0;A01
83979;201400054912;0;10;0;0.0;1.0;2.0;15.0;A01
83980;201400054913;0;32;0;0.0;2.0;3.0;1.0;B01
83981;201400054913;0;7;0;0.0;2.0;2.0;15.0;A01
83982;201400054914;0;7;0;0.0;2.0;2.0;16.0;A01
83983;201400054914;0;1;0;0.0;2.0;8.0;7.0;B01
83984;201400054915;0;7;0;0.0;2.0;8.0;1.0;B01
83985;201400054915;0;34;0;0.0;2.0;6.0;17.0;A01
83986;201400054916;0;33;0;8.0;0.0;3.0;1.0;A01
83987;201400054917;0;7;0;0.0;1.0;3.0;4.0;A01
83988;201400054918;0;7;0;0.0;1.0;2.0;1.0;A01
83989;201400054919;0;1;0;9.0;1.0;0.0;1.0;A01
83990;201400054920;0;31;0;0.0;2.0;1.0;16.0;A01
83991;201400054920;0;7;0;0.0;2.0;3.0;1.0;B01