;Num_Acc;senc;catv;occutc;obs;obsm;choc;manv;num_veh
84829;201400055498;0;2;0;0.0;2.0;0.0;1.0;B01
84830;201400055498;0;7;0;0.0;2.0;0.0;15.0;A01
84831;201400055499;0;10;0;0.0;1.0;3.0;15.0;A01
84832;201400055501;0;7;0;0.0;1.0;3.0;15.0;A01
84833;201400055502;0;7;0;0.0;2.0;8.0;15.0;B01
84834;201400055502;0;30;0;0.0;2.0;1.0;17.0;A01
84835;201400055503;0;7;0;2.0;0.0;1.0;14.0;A01
84836;201400055504;0;2;0;0.0;0.0;0.0;1.0;A01
84837;201400055505;0;7;0;0.0;2.0;4.0;2.0;B01
84838;201400055505;0;30;0;0.0;2.0;1.0;2.0;A01
84839;201400055506;0;31;0;0.0;2.0;9.0;1.0;B01
84840;201400055506;0;7;0;0.0;2.0;3.0;13.0;A01
84841;201400055507;0;7;0;0.0;2.0;6.0;15.0;A01
84842;201400055507;0;30;0;0.0;2.0;1.0;2.0;B01
84843;201400055508;0;14;0;0.0;1.0;2.0;16.0;A01
84844;201400055509;1;10;0;0.0;2.0;5.0;16.0;A01
84845;201400055509;0;1;0;0.0;2.0;8.0;1.0;B01
84846;201400055510;1;7;0;0.0;2.0;3.0;10.0;Z01
84847;201400055510;0;2;0;0.0;2.0;1.0;1.0;A01
84848;201400055511;0;33;0;0.0;2.0;3.0;1.0;B01
84849;201400055511;0;7;0;0.0;2.0;5.0;12.0;A01
84850;201400055512;0;7;0;0.0;2.0;7.0;12.0;A01
84851;201400055512;0;2;0;0.0;2.0;3.0;1.0;B01
84852;201400055513;0;33;0;0.0;2.0;1.0;1.0;B01
84853;201400055513;0;7;0;0.0;2.0;7.0;15.0;A01
84854;201400055514;0;1;0;0.0;2.0;2.0;23.0;B01
84855;201400055514;0;7;0;0.0;2.0;1.0;23.0;C01
84856;201400055514;0;7;0;0.0;2.0;1.0;16.0;A01
84857;201400055515;0;10;0;0.0;1.0;4.0;4.0;A01
84858;201400055516;0;7;0;0.0;2.0;4.0;23.0;B01
84859;201400055516;0;34;0;0.0;2.0;1.0;1.0;A01
84860;201400055517;0;10;0;2.0;0.0;1.0;23.0;A01
84861;201400055517;0;1;0;2.0;0.0;1.0;1.0;B01
84862;201400055518;0;7;0;0.0;2.0;3.0;15.0;A01
84863;201400055518;0;30;0;0.0;2.0;1.0;1.0;B01
84864;201400055518;0;10;0;0.0;2.0;1.0;23.0;C01
84865;201400055519;0;7;0;0.0;2.0;1.0;2.0;B01
84866;201400055519;0;7;0;0.0;2.0;4.0;2.0;A01
84867;201400055519;0;7;0;0.0;2.0;4.0;2.0;C01
84868;201400055521;0;7;0;0.0;1.0;1.0;1.0;A01
84869;201400055522;0;31;0;0.0;2.0;8.0;17.0;A01
84870;201400055522;0;7;0;0.0;2.0;8.0;17.0;B01
84871;201400055523;0;7;0;0.0;2.0;4.0;23.0;B01
84872;201400055523;0;7;0;0.0;2.0;4.0;23.0;C01
84873;201400055523;0;7;0;14.0;2.0;1.0;1.0;A01
84874;201400055524;0;33;0;0.0;2.0;1.0;1.0;A01
84875;201400055524;0;7;0;0.0;2.0;4.0;23.0;B01
84876;201400055525;0;7;0;0.0;1.0;1.0;16.0;A01
84877;201400055526;0;7;0;0.0;2.0;5.0;23.0;B01
84878;201400055526;0;30;0;14.0;2.0;1.0;2.0;A01
84879;201400055527;0;33;0;0.0;2.0;8.0;1.0;B01
84880;201400055527;0;33;0;0.0;2.0;7.0;16.0;A01
84881;201400055528;0;7;0;0.0;2.0;7.0;1.0;A01
84882;201400055528;0;31;0;0.0;2.0;7.0;1.0;B01
84883;201400055529;0;2;0;1.0;0.0;0.0;1.0;A01
84884;201400055530;0;1;0;0.0;2.0;1.0;19.0;A01
84885;201400055530;0;7;0;0.0;2.0;1.0;16.0;B01
84886;201400055531;0;1;0;0.0;2.0;1.0;1.0;C01
84887;201400055531;0;1;0;0.0;2.0;0.0;1.0;B01
84888;201400055531;0;7;0;0.0;2.0;6.0;10.0;A01
84889;201400055533;0;7;0;0.0;2.0;2.0;1.0;A01
84890;201400055533;0;7;0;0.0;2.0;8.0;23.0;C01
84891;201400055533;0;32;0;14.0;2.0;4.0;1.0;B01
84892;201400055534;0;32;0;0.0;0.0;0.0;1.0;A01
84893;201400055535;0;1;0;0.0;2.0;8.0;1.0;B01
84894;201400055535;0;7;0;0.0;2.0;7.0;16.0;A01
84895;201400055536;0;7;0;0.0;2.0;1.0;1.0;B01
84896;201400055536;0;7;0;9.0;2.0;2.0;14.0;A01
84897;201400055537;0;7;0;0.0;1.0;3.0;1.0;A01
84898;201400055538;0;7;0;0.0;2.0;5.0;1.0;A01
84899;201400055538;0;33;0;0.0;2.0;1.0;1.0;B01
84900;201400055539;0;1;0;1.0;0.0;1.0;1.0;A01
84901;201400055540;0;1;0;1.0;0.0;1.0;13.0;A01
84902;201400055541;0;7;0;0.0;2.0;1.0;2.0;A01
84903;201400055541;0;7;0;0.0;2.0;4.0;2.0;B01
84904;201400055542;0;1;0;0.0;1.0;1.0;1.0;A01
84905;201400055543;0;7;0;0.0;2.0;5.0;16.0;A01
84906;201400055543;0;32;0;0.0;2.0;8.0;1.0;B01
84907;201400055544;0;7;0;14.0;0.0;2.0;15.0;A01
84908;201400055546;0;7;0;0.0;1.0;4.0;4.0;A01
84909;201400055547;0;33;0;0.0;2.0;1.0;1.0;B01
84910;201400055547;0;7;0;0.0;2.0;8.0;15.0;A01
84911;201400055548;0;7;0;0.0;2.0;6.0;23.0;B01
84912;201400055548;0;7;0;1.0;2.0;2.0;2.0;A01
84913;201400055549;0;7;0;0.0;2.0;4.0;16.0;A01
84914;201400055549;0;33;0;0.0;2.0;1.0;1.0;B01
84915;201400055550;0;7;0;7.0;0.0;3.0;13.0;A01
84916;201400055551;0;31;0;0.0;0.0;7.0;1.0;A01
84917;201400055552;0;30;0;0.0;0.0;0.0;1.0;A01
84918;201400055553;0;1;0;0.0;1.0;1.0;1.0;A01
84919;201400055554;0;7;0;0.0;2.0;7.0;16.0;B01
84920;201400055554;0;30;0;0.0;2.0;1.0;18.0;A01
84921;201400055555;0;7;0;0.0;2.0;1.0;1.0;A01
84922;201400055555;0;7;0;0.0;2.0;4.0;1.0;B01
84923;201400055556;0;7;0;0.0;2.0;3.0;15.0;B01
84924;201400055556;0;32;0;0.0;2.0;2.0;17.0;A01
84925;201400055558;0;7;0;0.0;2.0;2.0;1.0;A01
84926;201400055558;0;7;0;0.0;2.0;3.0;1.0;B01
84927;201400055559;0;10;0;0.0;1.0;1.0;15.0;A01
84928;201400055560;0;7;0;0.0;2.0;1.0;15.0;A01
84929;201400055560;0;32;0;0.0;2.0;7.0;1.0;B01
84930;201400055561;0;7;0;0.0;2.0;3.0;7.0;A01
84931;201400055561;0;1;0;0.0;2.0;4.0;7.0;B01
84932;201400055562;0;10;0;0.0;1.0;1.0;10.0;A01
84933;201400055563;0;32;0;0.0;2.0;1.0;1.0;B01
84934;201400055563;0;7;0;0.0;2.0;7.0;1.0;A01
84935;201400055564;0;33;0;0.0;2.0;1.0;1.0;B01
84936;201400055564;0;7;0;0.0;2.0;0.0;10.0;A01
84937;201400055565;0;32;0;0.0;1.0;1.0;1.0;A01
84938;201400055566;0;7;0;0.0;1.0;1.0;15.0;A01
84939;201400055567;0;31;0;0.0;2.0;1.0;13.0;A01
84940;201400055567;0;7;0;0.0;2.0;2.0;1.0;B01
84941;201400055567;0;7;0;0.0;2.0;5.0;1.0;C01
84942;201400055568;0;10;0;0.0;2.0;7.0;17.0;A01
84943;201400055568;0;1;0;0.0;2.0;8.0;1.0;B01
84944;201400055569;0;7;0;0.0;2.0;2.0;1.0;A01
84945;201400055569;0;31;0;0.0;2.0;2.0;1.0;B01
84946;201400055570;0;30;0;0.0;1.0;1.0;13.0;A01
84947;201400055571;0;33;0;0.0;2.0;2.0;17.0;B01
84948;201400055571;0;7;0;0.0;2.0;3.0;15.0;A01
84949;201400055572;0;7;0;0.0;2.0;4.0;23.0;B01
84950;201400055572;0;2;0;0.0;2.0;1.0;2.0;A01
84951;201400055573;1;7;0;0.0;2.0;0.0;2.0;Z01
84952;201400055573;0;30;0;0.0;2.0;3.0;23.0;A01
84953;201400055574;0;1;0;0.0;2.0;3.0;7.0;A01
84954;201400055574;0;10;0;0.0;2.0;2.0;16.0;B01
84955;201400055575;0;10;0;0.0;1.0;2.0;16.0;A01
84956;201400055576;0;7;0;0.0;1.0;3.0;1.0;A01
84957;201400055577;0;34;0;0.0;0.0;1.0;1.0;A01
84958;201400055578;0;31;0;0.0;0.0;7.0;1.0;A01
84959;201400055579;1;7;0;0.0;2.0;0.0;10.0;Z01
84960;201400055579;0;2;0;0.0;2.0;1.0;1.0;A01
84961;201400055580;0;7;0;0.0;2.0;2.0;1.0;A01
84962;201400055580;0;33;0;0.0;2.0;8.0;1.0;B01
84963;201400055581;0;7;0;0.0;1.0;2.0;15.0;A01
84964;201400055582;0;7;0;0.0;1.0;1.0;1.0;A01
84965;201400055584;0;1;0;0.0;2.0;0.0;1.0;B01
84966;201400055584;0;7;0;0.0;2.0;0.0;1.0;A01
84967;201400055585;0;1;0;0.0;2.0;5.0;1.0;B01
84968;201400055585;0;34;0;3.0;2.0;3.0;12.0;A01
84969;201400055586;0;7;0;0.0;1.0;2.0;1.0;A01
84970;201400055587;0;7;0;0.0;2.0;1.0;2.0;A01
84971;201400055587;0;7;0;0.0;2.0;4.0;2.0;B01
84972;201400055588;0;7;0;0.0;1.0;5.0;4.0;A01
84973;201400055589;0;7;0;7.0;0.0;3.0;15.0;A01
84974;201400055590;0;7;0;0.0;2.0;1.0;1.0;A01
84975;201400055590;0;31;0;0.0;2.0;7.0;1.0;B01
84976;201400055591;0;30;0;0.0;1.0;1.0;1.0;A01
84977;201400055592;0;33;0;14.0;2.0;1.0;1.0;A01
84978;201400055592;0;7;0;0.0;2.0;5.0;23.0;B01
84979;201400055593;0;7;0;0.0;2.0;6.0;15.0;B01
84980;201400055593;0;32;0;0.0;2.0;1.0;17.0;A01
84981;201400055594;0;33;0;0.0;2.0;1.0;1.0;A01
84982;201400055594;0;7;0;0.0;2.0;6.0;1.0;B01
84983;201400055595;0;7;0;0.0;1.0;1.0;1.0;A01
84984;201400055596;0;10;0;0.0;2.0;1.0;1.0;A01
84985;201400055596;0;7;0;0.0;1.0;1.0;1.0;B01
84986;201400055597;0;1;0;12.0;0.0;1.0;1.0;A01
84987;201400055598;0;7;0;0.0;1.0;2.0;15.0;A01
84988;201400055599;0;1;0;0.0;1.0;1.0;1.0;A01
84989;201400055600;0;32;0;15.0;0.0;0.0;1.0;A01
84990;201400055601;1;30;0;0.0;1.0;0.0;15.0;Z01
84991;201400055603;0;7;0;0.0;2.0;3.0;2.0;A01
84992;201400055603;0;1;0;0.0;2.0;7.0;2.0;B01
84993;201400055604;0;10;0;0.0;2.0;3.0;1.0;A01
84994;201400055604;0;30;0;0.0;2.0;4.0;23.0;B01
84995;201400055605;0;7;0;0.0;2.0;4.0;1.0;B01
84996;201400055605;0;1;0;0.0;2.0;1.0;15.0;A01
84997;201400055606;0;7;0;0.0;1.0;3.0;1.0;A01
84998;201400055607;0;34;0;0.0;2.0;7.0;16.0;B01
84999;201400055607;0;34;0;0.0;2.0;1.0;7.0;A01
85000;201400055608;0;7;0;0.0;1.0;1.0;1.0;A01
85001;201400055609;1;32;0;0.0;2.0;8.0;9.0;B01
85002;201400055609;0;33;0;0.0;2.0;7.0;1.0;A01
85003;201400055610;0;7;0;0.0;2.0;1.0;3.0;A01
85004;201400055610;0;7;0;0.0;2.0;4.0;23.0;B01
85005;201400055611;0;32;0;0.0;2.0;8.0;18.0;A01
85006;201400055611;0;7;0;0.0;2.0;7.0;16.0;B01
85007;201400055612;0;7;0;0.0;2.0;4.0;23.0;B01
85008;201400055612;0;10;0;0.0;2.0;1.0;1.0;A01
85009;201400055613;0;7;0;0.0;1.0;7.0;1.0;A01
85010;201400055615;0;30;0;1.0;0.0;3.0;1.0;A01
85011;201400055616;0;1;0;0.0;2.0;1.0;1.0;A01
85012;201400055616;1;7;0;0.0;2.0;4.0;1.0;Z01
85013;201400055617;0;7;0;0.0;1.0;3.0;1.0;A01
85014;201400055619;0;7;0;0.0;2.0;8.0;15.0;A01
85015;201400055619;0;32;0;0.0;2.0;1.0;1.0;B01
85016;201400055620;0;7;0;0.0;1.0;4.0;4.0;A01
85017;201400055621;0;34;0;0.0;2.0;3.0;12.0;A01
85018;201400055621;0;10;0;0.0;2.0;5.0;1.0;B01
85019;201400055622;0;7;0;0.0;2.0;8.0;15.0;B01
85020;201400055622;0;32;0;0.0;2.0;1.0;17.0;A01
85021;201400055623;1;10;0;0.0;1.0;4.0;4.0;Z01
85022;201400055624;0;34;0;0.0;2.0;1.0;1.0;A01
85023;201400055624;0;7;0;0.0;2.0;2.0;23.0;B01
85024;201400055625;0;2;0;0.0;1.0;7.0;17.0;A01
85025;201400055626;0;7;0;0.0;1.0;6.0;4.0;A01
85026;201400055627;0;7;0;0.0;2.0;8.0;15.0;A01
85027;201400055627;0;33;0;0.0;2.0;3.0;17.0;B01
85028;201400055628;0;2;0;14.0;0.0;1.0;14.0;A01
85029;201400055629;0;7;0;0.0;2.0;0.0;1.0;B01
85030;201400055629;0;30;0;0.0;2.0;0.0;1.0;A01
85031;201400055630;0;7;0;0.0;2.0;2.0;15.0;B01
85032;201400055630;0;33;0;1.0;2.0;2.0;1.0;A01
85033;201400055631;0;7;0;0.0;2.0;1.0;2.0;A01
85034;201400055631;0;7;0;0.0;2.0;4.0;23.0;C01
85035;201400055631;0;7;0;0.0;2.0;0.0;23.0;B01
85036;201400055632;0;7;0;0.0;2.0;3.0;2.0;A01
85037;201400055632;0;30;0;0.0;2.0;4.0;23.0;B01
85038;201400055633;0;10;0;0.0;2.0;3.0;10.0;A01
85039;201400055633;0;33;0;0.0;2.0;1.0;1.0;B01
85040;201400055634;0;1;0;0.0;2.0;1.0;2.0;A01
85041;201400055634;0;1;0;0.0;2.0;6.0;23.0;B01
85042;201400055635;0;31;0;0.0;0.0;8.0;16.0;A01
85043;201400055636;0;7;0;0.0;1.0;2.0;1.0;A01
85044;201400055637;0;10;0;0.0;1.0;4.0;4.0;A01
85045;201400055638;0;7;0;0.0;2.0;3.0;2.0;A01
85046;201400055638;0;7;0;0.0;2.0;7.0;23.0;B01
85047;201400055639;0;7;0;8.0;0.0;1.0;14.0;A01
85048;201400055640;0;7;0;0.0;2.0;6.0;2.0;B01
85049;201400055640;0;30;0;0.0;2.0;1.0;2.0;A01
85050;201400055644;0;7;0;0.0;2.0;3.0;1.0;A01
85051;201400055644;0;7;0;0.0;2.0;6.0;1.0;B01
85052;201400055646;0;7;0;0.0;2.0;8.0;22.0;B01
85053;201400055646;0;7;0;0.0;2.0;3.0;23.0;C01
85054;201400055646;0;33;0;0.0;2.0;2.0;16.0;A01
85055;201400055647;0;7;0;0.0;2.0;3.0;15.0;A01
85056;201400055647;0;33;0;0.0;2.0;3.0;1.0;B01
85057;201400055648;0;7;0;0.0;2.0;1.0;1.0;B01
85058;201400055648;0;7;0;0.0;2.0;1.0;1.0;A01
85059;201400055649;0;1;0;0.0;2.0;1.0;18.0;A01
85060;201400055649;0;7;0;0.0;2.0;2.0;15.0;B01
85061;201400055650;0;30;0;0.0;2.0;1.0;2.0;A01
85062;201400055650;0;7;0;0.0;2.0;5.0;2.0;B01
85063;201400055651;0;31;0;0.0;2.0;7.0;23.0;B01
85064;201400055651;0;7;0;11.0;2.0;1.0;13.0;A01
85065;201400055652;0;14;0;2.0;0.0;2.0;14.0;A01
85066;201400055653;0;32;0;0.0;2.0;6.0;1.0;B01
85067;201400055653;0;34;0;0.0;2.0;1.0;5.0;A01
85068;201400055654;0;1;0;0.0;1.0;8.0;17.0;A01
85069;201400055657;0;32;0;0.0;2.0;1.0;17.0;B01
85070;201400055657;0;1;0;0.0;2.0;1.0;15.0;A01
85071;201400055658;0;10;0;0.0;2.0;1.0;2.0;A01
85072;201400055658;0;34;0;0.0;2.0;4.0;23.0;B01
85073;201400055659;0;30;0;0.0;2.0;7.0;17.0;A01
85074;201400055659;0;7;0;0.0;2.0;3.0;15.0;B01
85075;201400055660;0;31;0;14.0;0.0;7.0;13.0;A01
85076;201400055661;0;10;0;0.0;1.0;5.0;4.0;A01
85077;201400055662;0;31;0;0.0;2.0;2.0;18.0;A01
85078;201400055662;0;7;0;0.0;2.0;5.0;16.0;B01
85079;201400055663;0;1;0;0.0;2.0;3.0;1.0;A01
85080;201400055663;0;33;0;0.0;2.0;2.0;1.0;B01
85081;201400055664;0;33;0;0.0;2.0;6.0;18.0;B01
85082;201400055664;0;10;0;0.0;2.0;2.0;16.0;A01
85083;201400055665;0;7;0;0.0;2.0;3.0;22.0;A01
85084;201400055665;0;10;0;0.0;2.0;7.0;1.0;B01
85085;201400055666;0;33;0;0.0;1.0;1.0;1.0;A01
85086;201400055668;0;30;0;0.0;0.0;8.0;1.0;A01
85087;201400055669;0;7;0;0.0;2.0;2.0;14.0;A01
85088;201400055669;0;30;0;0.0;2.0;8.0;18.0;B01
85089;201400055670;0;7;0;0.0;2.0;2.0;1.0;A01
85090;201400055670;0;30;0;0.0;2.0;6.0;9.0;B01
85091;201400055671;0;7;0;0.0;2.0;5.0;16.0;B01
85092;201400055671;0;1;0;0.0;2.0;3.0;9.0;A01
85093;201400055672;0;7;0;0.0;2.0;0.0;13.0;A01
85094;201400055672;0;31;0;0.0;2.0;7.0;1.0;B01
85095;201400055673;0;31;0;0.0;2.0;4.0;23.0;B01
85096;201400055673;0;7;0;0.0;2.0;1.0;2.0;A01
85097;201400055674;0;7;0;0.0;2.0;4.0;1.0;B01
85098;201400055674;0;10;0;0.0;2.0;1.0;1.0;A01
85099;201400055674;0;7;0;0.0;2.0;4.0;1.0;C01
85100;201400055675;0;30;0;14.0;0.0;1.0;21.0;A01
85101;201400055676;0;30;0;9.0;0.0;1.0;1.0;A01
85102;201400055677;0;7;0;0.0;1.0;6.0;4.0;A01
85103;201400055678;0;7;0;0.0;2.0;2.0;10.0;A01
85104;201400055678;0;33;0;0.0;2.0;1.0;1.0;B01
85105;201400055679;0;33;0;0.0;2.0;3.0;1.0;B01
85106;201400055679;0;10;0;0.0;2.0;2.0;14.0;A01
85107;201400055680;0;33;0;0.0;2.0;7.0;1.0;B01
85108;201400055680;0;7;0;0.0;2.0;6.0;13.0;A01
85109;201400055681;0;7;0;0.0;2.0;3.0;13.0;A01
85110;201400055681;0;31;0;1.0;2.0;1.0;17.0;B01
85111;201400055682;0;7;0;0.0;2.0;1.0;2.0;A01
85112;201400055682;0;34;0;0.0;2.0;4.0;23.0;B01
85113;201400055684;0;30;0;0.0;1.0;1.0;1.0;A01
85114;201400055687;0;7;0;0.0;2.0;7.0;1.0;B01
85115;201400055687;0;7;0;0.0;2.0;2.0;1.0;A01
85116;201400055688;0;33;0;0.0;1.0;1.0;1.0;A01
85117;201400055689;0;7;0;0.0;2.0;4.0;23.0;B01
85118;201400055689;0;7;0;0.0;2.0;4.0;23.0;C01
85119;201400055689;0;7;0;0.0;2.0;1.0;1.0;A01
85120;201400055690;0;7;0;0.0;2.0;1.0;1.0;B01
85121;201400055690;0;33;0;0.0;2.0;7.0;1.0;A01
85122;201400055691;0;7;0;0.0;2.0;8.0;18.0;B01
85123;201400055691;0;13;0;0.0;2.0;7.0;16.0;A01
85124;201400055692;0;7;0;0.0;2.0;4.0;2.0;B01
85125;201400055692;0;7;0;0.0;2.0;1.0;2.0;A01
85126;201400055693;0;7;0;0.0;1.0;1.0;1.0;A01
85127;201400055694;1;7;0;0.0;2.0;0.0;17.0;Z01
85128;201400055694;0;2;0;1.0;2.0;1.0;1.0;A01
85129;201400055695;0;7;0;0.0;1.0;4.0;4.0;A01
85130;201400055696;0;7;0;0.0;2.0;4.0;23.0;B01
85131;201400055696;0;34;0;0.0;2.0;1.0;1.0;A01
85132;201400055698;0;33;0;0.0;2.0;1.0;1.0;B01
85133;201400055698;0;7;0;0.0;2.0;1.0;10.0;A01
85134;201400055699;0;7;0;0.0;2.0;6.0;10.0;A01
85135;201400055699;0;33;0;0.0;2.0;2.0;1.0;B01
85136;201400055700;0;7;0;0.0;2.0;8.0;15.0;A01
85137;201400055700;0;34;0;0.0;2.0;2.0;17.0;B01
85138;201400055701;0;7;0;0.0;2.0;5.0;14.0;A01
85139;201400055701;0;31;0;0.0;2.0;8.0;1.0;B01
85140;201400055702;0;37;3;0.0;2.0;2.0;2.0;A01
85141;201400055702;0;7;0;0.0;2.0;6.0;16.0;B01
85142;201400055703;0;7;0;0.0;2.0;8.0;15.0;B01
85143;201400055703;0;33;0;0.0;2.0;1.0;5.0;A01
85144;201400055704;0;7;0;0.0;1.0;5.0;4.0;A01
85145;201400055705;0;32;0;0.0;2.0;2.0;17.0;A01
85146;201400055705;0;7;0;0.0;2.0;3.0;15.0;B01
85147;201400055706;0;7;0;0.0;1.0;1.0;15.0;A01
85148;201400055707;0;33;0;0.0;1.0;1.0;1.0;A01
85149;201400055708;0;34;0;0.0;2.0;1.0;1.0;B01
85150;201400055708;0;7;0;0.0;2.0;4.0;23.0;A01
85151;201400055709;0;33;0;14.0;0.0;3.0;13.0;A01
85152;201400055710;0;31;0;0.0;2.0;5.0;2.0;A01
85153;201400055710;1;7;0;0.0;2.0;0.0;13.0;Z01
85154;201400055711;0;1;0;0.0;0.0;0.0;1.0;A01
85155;201400055712;0;30;0;0.0;0.0;0.0;1.0;A01
85156;201400055713;0;7;0;0.0;2.0;7.0;1.0;A01
85157;201400055713;0;30;0;0.0;2.0;1.0;1.0;B01
85158;201400055714;0;10;0;0.0;1.0;4.0;4.0;A01
85159;201400055715;0;7;0;0.0;2.0;8.0;10.0;A01
85160;201400055715;0;32;0;0.0;2.0;7.0;1.0;B01
85161;201400055716;0;32;0;0.0;2.0;7.0;17.0;A01
85162;201400055716;1;7;0;0.0;2.0;8.0;13.0;Z01
85163;201400055717;0;7;0;0.0;2.0;4.0;1.0;B01
85164;201400055717;0;7;0;0.0;2.0;1.0;1.0;A01
85165;201400055719;0;7;0;9.0;0.0;1.0;1.0;A01
85166;201400055720;0;7;0;0.0;1.0;1.0;1.0;A01
85167;201400055721;0;7;0;0.0;1.0;3.0;11.0;A01
85168;201400055722;0;33;0;0.0;2.0;3.0;1.0;B01
85169;201400055722;0;7;0;0.0;2.0;2.0;1.0;A01
85170;201400055723;0;30;0;0.0;0.0;0.0;21.0;A01
85171;201400055724;0;1;0;1.0;0.0;1.0;1.0;A01
85172;201400055725;0;7;0;0.0;2.0;4.0;23.0;B01
85173;201400055725;0;7;0;0.0;2.0;4.0;23.0;C01
85174;201400055725;0;7;0;0.0;2.0;1.0;1.0;A01
85175;201400055727;0;7;0;0.0;2.0;4.0;1.0;B01
85176;201400055727;0;2;0;0.0;2.0;1.0;1.0;A01
85177;201400055728;0;1;0;0.0;2.0;1.0;1.0;C01
85178;201400055728;0;7;0;0.0;2.0;5.0;15.0;A01
85179;201400055728;0;1;0;0.0;2.0;1.0;1.0;B01
85180;201400055729;0;7;0;0.0;2.0;2.0;23.0;B01
85181;201400055729;0;33;0;0.0;2.0;1.0;2.0;A01
85182;201400055730;0;7;0;0.0;2.0;4.0;23.0;D01
85183;201400055730;0;7;0;0.0;2.0;4.0;23.0;C01
85184;201400055730;0;7;0;0.0;2.0;1.0;2.0;A01
85185;201400055730;0;7;0;0.0;2.0;4.0;23.0;B01
85186;201400055731;0;1;0;0.0;2.0;8.0;15.0;A01
85187;201400055731;0;1;0;0.0;2.0;1.0;1.0;B01
85188;201400055731;0;1;0;0.0;2.0;0.0;1.0;C01
85189;201400055732;0;7;0;0.0;2.0;3.0;18.0;A01
85190;201400055732;0;33;0;0.0;2.0;2.0;16.0;B01
85191;201400055733;0;31;0;0.0;2.0;1.0;1.0;B01
85192;201400055733;0;7;0;0.0;2.0;3.0;15.0;A01
85193;201400055734;0;7;0;0.0;2.0;1.0;1.0;A01
85194;201400055734;0;7;0;8.0;2.0;7.0;1.0;B01
85195;201400055735;0;7;0;0.0;2.0;3.0;15.0;A01
85196;201400055735;0;32;0;0.0;2.0;1.0;1.0;B01
85197;201400055736;0;33;0;0.0;2.0;5.0;7.0;B01
85198;201400055736;0;7;0;0.0;2.0;3.0;13.0;A01
85199;201400055737;0;33;0;0.0;2.0;2.0;1.0;B01
85200;201400055737;0;10;0;0.0;2.0;3.0;11.0;A01
85201;201400055738;0;2;0;0.0;2.0;4.0;16.0;A01
85202;201400055738;1;7;0;0.0;2.0;1.0;16.0;Z01
85203;201400055739;0;10;0;0.0;2.0;8.0;10.0;A01
85204;201400055739;0;30;0;0.0;2.0;1.0;17.0;B01
85205;201400055740;0;7;0;2.0;0.0;1.0;1.0;A01
85206;201400055741;0;1;0;0.0;2.0;1.0;1.0;A01
85207;201400055741;0;1;0;0.0;2.0;4.0;1.0;B01
85208;201400055742;0;33;0;0.0;2.0;3.0;1.0;B01
85209;201400055742;0;7;0;0.0;2.0;7.0;16.0;A01
85210;201400055743;0;7;0;0.0;2.0;3.0;9.0;A01
85211;201400055743;0;34;0;0.0;2.0;2.0;1.0;B01
85212;201400055744;0;33;0;0.0;2.0;3.0;1.0;B01
85213;201400055744;0;7;0;0.0;2.0;7.0;16.0;A01
85214;201400055745;0;7;0;0.0;1.0;4.0;20.0;A01
85215;201400055747;0;7;0;0.0;1.0;1.0;1.0;A01
85216;201400055748;0;7;0;0.0;2.0;2.0;1.0;A01
85217;201400055748;0;32;0;0.0;2.0;8.0;9.0;B01
85218;201400055749;0;7;0;0.0;1.0;4.0;4.0;A01
85219;201400055750;0;7;0;0.0;2.0;6.0;23.0;B01
85220;201400055750;0;7;0;0.0;2.0;9.0;1.0;A01
85221;201400055750;0;7;0;0.0;2.0;8.0;15.0;C01
85222;201400055751;0;2;0;0.0;2.0;8.0;9.0;B01
85223;201400055751;0;10;0;0.0;2.0;2.0;1.0;A01
85224;201400055752;0;33;0;0.0;2.0;3.0;7.0;B01
85225;201400055752;0;7;0;0.0;2.0;2.0;16.0;A01
85226;201400055753;0;7;0;0.0;2.0;3.0;1.0;C01
85227;201400055753;0;7;0;0.0;2.0;3.0;5.0;A01
85228;201400055753;0;7;0;0.0;2.0;8.0;1.0;B01
85229;201400055754;0;7;0;0.0;2.0;2.0;1.0;A01
85230;201400055754;0;7;0;0.0;2.0;5.0;1.0;B01
85231;201400055755;0;7;0;0.0;2.0;6.0;1.0;B01
85232;201400055755;0;30;0;0.0;2.0;1.0;1.0;A01
85233;201400055756;0;30;0;0.0;0.0;1.0;21.0;A01
85234;201400055757;0;7;0;0.0;2.0;6.0;15.0;A01
85235;201400055757;0;33;0;0.0;2.0;1.0;1.0;B01
85236;201400055758;0;32;0;1.0;2.0;7.0;23.0;B01
85237;201400055758;0;7;0;0.0;2.0;2.0;13.0;A01
85238;201400055760;0;33;0;0.0;2.0;2.0;1.0;B01
85239;201400055760;0;3;0;0.0;2.0;6.0;23.0;A01
85240;201400055762;0;7;0;0.0;2.0;4.0;23.0;C01
85241;201400055762;0;7;0;14.0;2.0;2.0;2.0;A01
85242;201400055762;0;32;0;14.0;2.0;4.0;23.0;B01
85243;201400055763;0;7;0;14.0;1.0;1.0;1.0;A01
85244;201400055764;0;1;0;0.0;2.0;1.0;2.0;B01
85245;201400055764;0;7;0;0.0;2.0;0.0;23.0;A01
85246;201400055765;0;33;0;0.0;2.0;1.0;1.0;B01
85247;201400055765;0;7;0;0.0;2.0;1.0;15.0;A01