;Num_Acc;senc;catv;occutc;obs;obsm;choc;manv;num_veh
85667;201400056058;0;33;0;0.0;2.0;8.0;1.0;B01
85668;201400056059;0;10;0;0.0;1.0;1.0;16.0;A01
85669;201400056060;0;33;0;0.0;1.0;1.0;1.0;A01
85670;201400056061;1;7;0;0.0;2.0;8.0;1.0;Z01
85671;201400056061;0;32;0;0.0;2.0;1.0;1.0;A01
85672;201400056063;0;32;0;0.0;2.0;2.0;1.0;A01
85673;201400056063;0;7;0;0.0;2.0;3.0;1.0;B01
85674;201400056065;0;1;0;0.0;1.0;1.0;5.0;A01
85675;201400056066;0;33;0;0.0;2.0;4.0;23.0;B01
85676;201400056066;0;34;0;0.0;2.0;1.0;1.0;A01
85677;201400056067;0;7;0;1.0;1.0;2.0;17.0;A01
85678;201400056068;0;7;0;0.0;2.0;5.0;22.0;B01
85679;201400056068;0;34;0;1.0;2.0;1.0;18.0;A01
85680;201400056070;0;7;0;0.0;2.0;3.0;22.0;B01
85681;201400056070;0;1;0;1.0;2.0;1.0;1.0;A01
85682;201400056074;0;30;0;0.0;2.0;2.0;17.0;A01
85683;201400056074;0;7;0;0.0;2.0;8.0;13.0;B01
85684;201400056075;0;32;0;0.0;1.0;1.0;17.0;A01
85685;201400056076;0;7;0;1.0;0.0;2.0;14.0;A01
85686;201400056077;0;7;0;0.0;1.0;2.0;16.0;A01
85687;201400056078;0;7;0;0.0;2.0;2.0;1.0;B01
85688;201400056078;0;32;0;0.0;2.0;6.0;15.0;A01
85689;201400056079;0;10;0;0.0;1.0;3.0;15.0;A01
85690;201400056080;0;33;0;0.0;1.0;1.0;17.0;A01
85691;201400056081;0;7;0;0.0;1.0;2.0;1.0;A01
85692;201400056082;0;7;0;0.0;2.0;2.0;22.0;A01
85693;201400056082;0;7;0;0.0;2.0;5.0;1.0;C01
85694;201400056082;0;30;0;1.0;2.0;1.0;1.0;B01
85695;201400056083;0;30;0;0.0;0.0;0.0;21.0;A01
85696;201400056084;0;7;0;0.0;2.0;0.0;22.0;A01
85697;201400056084;0;1;0;1.0;2.0;2.0;1.0;B01
85698;201400056085;0;7;0;0.0;2.0;2.0;9.0;A01
85699;201400056085;0;32;0;0.0;2.0;3.0;1.0;B01
85700;201400056086;0;10;0;0.0;2.0;5.0;23.0;B01
85701;201400056086;0;33;0;14.0;2.0;1.0;2.0;A01
85702;201400056087;0;31;0;0.0;2.0;0.0;18.0;A01
85703;201400056087;0;7;0;0.0;2.0;5.0;22.0;B01
85704;201400056088;0;33;0;0.0;0.0;8.0;1.0;A01
85705;201400056089;0;33;0;0.0;1.0;2.0;17.0;A01
85706;201400056090;0;33;0;0.0;2.0;1.0;2.0;A01
85707;201400056090;0;10;0;0.0;2.0;5.0;2.0;B01
85708;201400056091;0;7;0;0.0;2.0;3.0;18.0;A01
85709;201400056091;0;14;0;0.0;2.0;2.0;16.0;B01
85710;201400056092;0;7;0;0.0;1.0;2.0;1.0;A01
85711;201400056093;0;30;0;0.0;2.0;2.0;1.0;B01
85712;201400056093;0;7;0;0.0;2.0;2.0;11.0;A01
85713;201400056094;0;7;0;0.0;2.0;5.0;23.0;C01
85714;201400056094;0;33;0;0.0;2.0;9.0;23.0;B01
85715;201400056094;0;7;0;0.0;2.0;1.0;2.0;A01
85716;201400056095;0;10;0;0.0;2.0;2.0;15.0;B01
85717;201400056095;0;14;0;0.0;2.0;1.0;1.0;A01
85718;201400056096;0;2;0;8.0;0.0;1.0;14.0;A01
85719;201400056097;0;34;0;0.0;1.0;3.0;1.0;A01
85720;201400056098;1;7;0;0.0;2.0;3.0;5.0;Z01
85721;201400056098;0;34;0;0.0;2.0;3.0;1.0;A01
85722;201400056099;0;7;0;0.0;2.0;4.0;1.0;B01
85723;201400056099;0;7;0;0.0;2.0;2.0;1.0;C01
85724;201400056099;0;30;0;0.0;2.0;1.0;1.0;A01
85725;201400056100;0;2;0;0.0;2.0;0.0;16.0;A01
85726;201400056100;1;7;0;0.0;2.0;0.0;14.0;Z01
85727;201400056101;0;7;0;0.0;2.0;5.0;17.0;B01
85728;201400056101;0;38;1;0.0;2.0;3.0;1.0;A01
85729;201400056102;1;7;0;0.0;2.0;0.0;1.0;Z01
85730;201400056102;0;30;0;0.0;2.0;1.0;1.0;A01
85731;201400056104;0;7;0;0.0;2.0;4.0;2.0;B01
85732;201400056104;0;7;0;0.0;2.0;1.0;2.0;A01
85733;201400056105;0;10;0;0.0;2.0;3.0;10.0;A01
85734;201400056105;0;30;0;0.0;2.0;1.0;1.0;B01
85735;201400056106;0;30;0;0.0;2.0;1.0;2.0;A01
85736;201400056106;0;7;0;0.0;2.0;4.0;23.0;B01
85737;201400056107;0;7;0;0.0;1.0;6.0;4.0;A01
85738;201400056108;0;7;0;0.0;2.0;2.0;2.0;A01
85739;201400056108;0;7;0;0.0;1.0;1.0;23.0;B01
85740;201400056109;0;30;0;0.0;2.0;8.0;16.0;A01
85741;201400056109;1;7;0;0.0;2.0;7.0;2.0;Z01
85742;201400056109;0;37;1;0.0;2.0;8.0;23.0;B01
85743;201400056110;0;7;0;0.0;2.0;8.0;1.0;B01
85744;201400056110;0;33;0;0.0;2.0;1.0;1.0;A01
85745;201400056111;0;7;0;0.0;2.0;1.0;1.0;A01
85746;201400056111;0;33;0;0.0;2.0;1.0;1.0;B01
85747;201400056113;0;2;0;0.0;2.0;1.0;15.0;A01
85748;201400056113;0;33;0;0.0;2.0;1.0;1.0;B01
85749;201400056115;1;7;0;0.0;2.0;1.0;16.0;Z01
85750;201400056115;0;1;0;0.0;2.0;4.0;1.0;A01
85751;201400056116;0;7;0;0.0;2.0;1.0;2.0;A01
85752;201400056116;0;7;0;0.0;2.0;4.0;23.0;B01
85753;201400056117;0;33;0;0.0;2.0;2.0;1.0;A01
85754;201400056117;0;7;0;0.0;2.0;2.0;15.0;B01
85755;201400056118;0;31;0;0.0;2.0;1.0;1.0;B01
85756;201400056118;0;7;0;0.0;2.0;2.0;15.0;A01
85757;201400056119;0;1;0;0.0;2.0;8.0;13.0;B01
85758;201400056119;0;33;0;0.0;2.0;7.0;1.0;A01
85759;201400056120;0;10;0;0.0;2.0;3.0;13.0;B01
85760;201400056120;0;31;0;0.0;2.0;2.0;17.0;A01
85761;201400056122;0;33;0;0.0;2.0;2.0;15.0;B01
85762;201400056122;0;7;0;0.0;2.0;8.0;15.0;A01
85763;201400056123;0;7;0;0.0;1.0;1.0;1.0;A01
85764;201400056124;0;31;0;0.0;2.0;8.0;7.0;B01
85765;201400056124;0;7;0;0.0;2.0;7.0;16.0;A01
85766;201400056125;0;7;0;0.0;2.0;1.0;1.0;A01
85767;201400056125;0;33;0;0.0;2.0;6.0;1.0;B01
85768;201400056127;0;7;0;0.0;2.0;1.0;1.0;B01
85769;201400056127;0;7;0;6.0;2.0;2.0;1.0;A01
85770;201400056128;0;7;0;0.0;1.0;5.0;4.0;A01
85771;201400056129;0;1;0;0.0;2.0;5.0;1.0;B01
85772;201400056129;0;2;0;0.0;2.0;1.0;11.0;A01
85773;201400056131;0;7;0;0.0;2.0;1.0;1.0;A01
85774;201400056131;0;7;0;0.0;2.0;5.0;1.0;B01
85775;201400056133;0;32;0;0.0;2.0;3.0;1.0;A01
85776;201400056133;0;7;0;0.0;2.0;2.0;15.0;B01
85777;201400056134;0;37;1;0.0;1.0;1.0;15.0;A01
85778;201400056135;0;10;0;0.0;1.0;3.0;1.0;A01
85779;201400056136;0;7;0;0.0;1.0;1.0;1.0;A01
85780;201400056137;1;10;0;0.0;1.0;1.0;5.0;Z01
85781;201400056138;0;33;0;1.0;0.0;1.0;14.0;A01
85782;201400056139;0;33;0;0.0;2.0;4.0;23.0;B01
85783;201400056139;0;7;0;0.0;2.0;1.0;2.0;A01
85784;201400056140;0;31;0;0.0;1.0;1.0;18.0;A01
85785;201400056141;0;7;0;0.0;2.0;8.0;23.0;C01
85786;201400056141;0;33;0;0.0;2.0;2.0;14.0;A01
85787;201400056141;0;10;0;0.0;2.0;6.0;23.0;B01
85788;201400056142;0;7;0;0.0;2.0;2.0;16.0;A01
85789;201400056142;0;33;0;0.0;2.0;3.0;18.0;B01
85790;201400056143;0;7;0;7.0;0.0;1.0;13.0;A01
85791;201400056144;0;2;0;0.0;0.0;0.0;15.0;A01
85792;201400056145;0;7;0;0.0;2.0;4.0;2.0;D01
85793;201400056145;0;7;0;0.0;2.0;4.0;2.0;C01
85794;201400056145;0;7;0;0.0;2.0;4.0;2.0;B01
85795;201400056145;0;7;0;0.0;2.0;1.0;2.0;A01
85796;201400056146;0;7;0;0.0;2.0;1.0;15.0;A01
85797;201400056146;0;31;0;0.0;2.0;1.0;1.0;B01
85798;201400056147;0;2;0;12.0;0.0;7.0;15.0;A01
85799;201400056149;0;31;0;0.0;1.0;1.0;1.0;A01
85800;201400056150;0;7;0;0.0;1.0;8.0;4.0;A01
85801;201400056151;0;7;0;0.0;2.0;3.0;10.0;A01
85802;201400056151;0;33;0;0.0;2.0;8.0;1.0;B01
85803;201400056152;0;33;0;0.0;2.0;1.0;1.0;B01
85804;201400056152;0;7;0;0.0;2.0;2.0;15.0;A01
85805;201400056153;0;1;0;0.0;2.0;1.0;13.0;A01
85806;201400056153;0;7;0;0.0;2.0;2.0;1.0;B01
85807;201400056154;0;2;0;0.0;2.0;1.0;1.0;A01
85808;201400056154;0;10;0;0.0;2.0;7.0;1.0;B01
85809;201400056155;0;7;0;0.0;2.0;1.0;2.0;A01
85810;201400056155;0;7;0;0.0;2.0;4.0;23.0;B01
85811;201400056156;0;7;0;0.0;2.0;3.0;10.0;B01
85812;201400056156;0;30;0;0.0;2.0;1.0;1.0;A01
85813;201400056157;0;34;0;14.0;9.0;1.0;0.0;A01
85814;201400056158;0;32;0;0.0;2.0;4.0;23.0;B01
85815;201400056158;0;7;0;0.0;2.0;1.0;2.0;A01
85816;201400056159;0;7;0;0.0;1.0;1.0;1.0;A01
85817;201400056160;0;33;0;0.0;1.0;2.0;1.0;A01
85818;201400056161;0;33;0;8.0;2.0;4.0;23.0;B01
85819;201400056161;0;33;0;0.0;2.0;1.0;2.0;A01
85820;201400056162;0;7;0;0.0;2.0;8.0;22.0;A01
85821;201400056162;0;1;0;0.0;2.0;1.0;1.0;B01
85822;201400056163;0;1;0;0.0;2.0;1.0;1.0;B01
85823;201400056163;0;14;0;0.0;2.0;3.0;15.0;A01
85824;201400056164;0;33;0;0.0;2.0;8.0;17.0;B01
85825;201400056164;0;7;0;0.0;2.0;8.0;13.0;A01
85826;201400056165;0;33;0;0.0;1.0;1.0;1.0;A01
85827;201400056166;0;7;0;0.0;2.0;2.0;22.0;B01
85828;201400056166;0;1;0;0.0;2.0;3.0;1.0;A01
85829;201400056167;0;1;0;0.0;1.0;1.0;5.0;A01
85830;201400056168;0;30;0;0.0;2.0;1.0;1.0;A01
85831;201400056168;0;7;0;0.0;2.0;4.0;1.0;B01
85832;201400056169;0;7;0;0.0;2.0;5.0;15.0;A01
85833;201400056169;0;2;0;0.0;2.0;1.0;1.0;B01
85834;201400056170;0;2;0;0.0;0.0;0.0;1.0;A01
85835;201400056171;0;1;0;0.0;2.0;2.0;7.0;B01
85836;201400056171;0;14;0;0.0;2.0;3.0;9.0;A01
85837;201400056172;0;7;0;0.0;2.0;8.0;15.0;B01
85838;201400056172;0;31;0;0.0;2.0;1.0;17.0;A01
85839;201400056173;0;33;0;12.0;0.0;0.0;1.0;A01
85840;201400056174;0;7;0;0.0;1.0;1.0;1.0;A01
85841;201400056175;0;33;0;0.0;2.0;1.0;1.0;A01
85842;201400056175;0;7;0;0.0;2.0;3.0;16.0;B01
85843;201400056176;0;7;0;0.0;2.0;4.0;23.0;B01
85844;201400056176;0;10;0;0.0;2.0;1.0;2.0;A01
85845;201400056176;0;10;0;0.0;2.0;4.0;23.0;C01
85846;201400056177;0;33;0;0.0;2.0;1.0;17.0;A01
85847;201400056177;0;7;0;0.0;2.0;3.0;15.0;B01
85848;201400056178;0;30;0;0.0;2.0;4.0;23.0;B01
85849;201400056178;0;7;0;0.0;2.0;1.0;2.0;A01
85850;201400056179;0;33;0;0.0;2.0;1.0;2.0;A01
85851;201400056179;0;7;0;0.0;2.0;5.0;16.0;B01
85852;201400056181;0;7;0;0.0;1.0;1.0;1.0;A01
85853;201400056182;0;2;0;0.0;2.0;3.0;1.0;A01
85854;201400056182;0;7;0;0.0;2.0;3.0;9.0;B01
85855;201400056183;0;7;0;0.0;2.0;7.0;9.0;B01
85856;201400056183;0;1;0;0.0;2.0;1.0;5.0;A01
85857;201400056184;0;7;0;0.0;1.0;1.0;1.0;A01
85858;201400056185;0;33;0;0.0;2.0;1.0;1.0;A01
85859;201400056185;0;7;0;0.0;2.0;2.0;15.0;B01
85860;201400056186;0;1;0;0.0;2.0;1.0;1.0;B01
85861;201400056186;0;7;0;0.0;2.0;6.0;22.0;A01
85862;201400056187;1;34;0;0.0;1.0;0.0;1.0;Z01
85863;201400056188;0;7;0;0.0;1.0;1.0;16.0;A01
85864;201400056189;0;7;0;0.0;2.0;7.0;17.0;A01
85865;201400056189;0;1;0;0.0;2.0;8.0;7.0;B01
85866;201400056190;0;7;0;0.0;1.0;6.0;4.0;A01
85867;201400056191;0;7;0;0.0;1.0;3.0;15.0;A01
85868;201400056192;0;10;0;0.0;1.0;6.0;4.0;A01
85869;201400056193;0;30;0;0.0;2.0;1.0;5.0;A01
85870;201400056193;1;7;0;0.0;2.0;0.0;1.0;Z01
85871;201400056194;1;30;0;0.0;1.0;1.0;1.0;Z01
85872;201400056195;0;34;0;0.0;1.0;1.0;1.0;A01
85873;201400056196;0;32;0;0.0;2.0;1.0;1.0;A01
85874;201400056196;0;7;0;0.0;2.0;3.0;9.0;B01
85875;201400056197;0;32;0;0.0;0.0;0.0;1.0;A01
85876;201400056198;0;30;0;0.0;0.0;0.0;1.0;A01
85877;201400056199;0;31;0;0.0;2.0;4.0;23.0;B01
85878;201400056199;0;7;0;0.0;2.0;1.0;7.0;A01
85879;201400056200;0;7;0;0.0;1.0;2.0;1.0;A01
85880;201400056202;0;37;1;0.0;2.0;1.0;2.0;A01
85881;201400056202;0;7;0;0.0;2.0;4.0;2.0;B01
85882;201400056204;0;10;0;0.0;1.0;1.0;15.0;A01
85883;201400056205;0;1;0;0.0;2.0;1.0;1.0;B01
85884;201400056205;0;7;0;0.0;2.0;3.0;22.0;A01
85885;201400056207;0;30;0;0.0;2.0;7.0;17.0;B01
85886;201400056207;0;7;0;0.0;2.0;8.0;15.0;A01
85887;201400056208;0;33;0;0.0;1.0;7.0;15.0;A01
85888;201400056209;0;2;0;0.0;2.0;8.0;1.0;B01
85889;201400056209;0;7;0;0.0;2.0;1.0;15.0;A01
85890;201400056210;0;7;0;0.0;2.0;7.0;16.0;A01
85891;201400056210;0;31;0;0.0;2.0;8.0;1.0;B01
85892;201400056211;0;1;0;0.0;1.0;1.0;1.0;A01
85893;201400056212;0;7;0;0.0;2.0;2.0;16.0;A01
85894;201400056212;0;30;0;0.0;2.0;0.0;1.0;B01
85895;201400056213;0;7;0;0.0;1.0;1.0;16.0;A01
85896;201400056214;0;7;0;0.0;1.0;2.0;1.0;A01
85897;201400056215;0;31;0;0.0;2.0;1.0;2.0;A01
85898;201400056215;0;7;0;0.0;2.0;4.0;23.0;B01
85899;201400056216;0;1;0;0.0;2.0;2.0;15.0;A01
85900;201400056216;0;7;0;0.0;2.0;2.0;1.0;B01
85901;201400056218;0;10;0;0.0;2.0;4.0;23.0;B01
85902;201400056218;0;1;0;0.0;2.0;1.0;2.0;A01
85903;201400056219;0;30;0;0.0;1.0;1.0;1.0;A01
85904;201400056220;0;7;0;1.0;2.0;5.0;16.0;A01
85905;201400056220;0;34;0;1.0;2.0;1.0;18.0;B01
85906;201400056221;0;37;0;7.0;0.0;3.0;13.0;A01
85907;201400056222;0;31;0;0.0;2.0;8.0;18.0;A01
85908;201400056222;0;7;0;0.0;2.0;4.0;16.0;B01
85909;201400056223;1;7;0;0.0;1.0;1.0;1.0;Z01
85910;201400056224;0;7;0;0.0;2.0;2.0;15.0;A01
85911;201400056224;0;33;0;0.0;2.0;1.0;1.0;B01
85912;201400056225;0;30;0;0.0;0.0;8.0;21.0;A01
85913;201400056226;0;7;0;0.0;2.0;3.0;1.0;B01
85914;201400056226;0;30;0;0.0;2.0;1.0;13.0;A01
85915;201400056227;0;34;0;0.0;2.0;1.0;1.0;A01
85916;201400056227;0;7;0;0.0;2.0;3.0;10.0;B01
85917;201400056228;0;2;0;0.0;2.0;1.0;7.0;A01
85918;201400056228;0;7;0;0.0;2.0;2.0;16.0;B01
85919;201400056229;0;31;0;14.0;0.0;1.0;1.0;A01
85920;201400056230;0;7;0;0.0;2.0;1.0;15.0;B01
85921;201400056230;0;10;0;0.0;2.0;3.0;1.0;A01
85922;201400056231;0;31;0;0.0;0.0;0.0;1.0;A01
85923;201400056232;0;7;0;4.0;2.0;5.0;17.0;A01
85924;201400056232;0;14;0;0.0;2.0;3.0;1.0;B01
85925;201400056233;0;30;0;0.0;1.0;1.0;1.0;A01
85926;201400056235;0;34;0;0.0;2.0;1.0;18.0;A01
85927;201400056235;0;7;0;0.0;2.0;7.0;16.0;B01
85928;201400056236;0;37;3;0.0;1.0;3.0;15.0;A01
85929;201400056237;0;32;0;1.0;2.0;7.0;17.0;A01
85930;201400056237;0;7;0;0.0;2.0;8.0;15.0;B01
85931;201400056238;0;31;0;0.0;2.0;1.0;1.0;A01
85932;201400056238;0;2;0;0.0;2.0;1.0;23.0;B01
85933;201400056239;0;32;0;0.0;1.0;1.0;17.0;A01
85934;201400056240;1;7;0;0.0;2.0;3.0;9.0;Z01
85935;201400056240;0;30;0;1.0;2.0;9.0;1.0;A01
85936;201400056240;0;7;0;0.0;2.0;3.0;24.0;B01
85937;201400056241;0;34;0;8.0;0.0;1.0;1.0;A01
85938;201400056242;0;7;0;0.0;1.0;0.0;1.0;A01
85939;201400056243;0;30;0;1.0;0.0;1.0;1.0;A01
85940;201400056244;0;7;0;0.0;2.0;3.0;10.0;A01
85941;201400056244;0;34;0;0.0;2.0;1.0;1.0;B01
85942;201400056245;0;15;0;0.0;2.0;2.0;1.0;A01
85943;201400056245;0;7;0;0.0;2.0;6.0;1.0;B01
85944;201400056246;0;7;0;0.0;2.0;3.0;1.0;C01
85945;201400056246;0;31;0;0.0;2.0;4.0;2.0;B01
85946;201400056246;0;38;6;0.0;2.0;3.0;1.0;A01
85947;201400056247;0;7;0;0.0;2.0;3.0;7.0;B01
85948;201400056247;0;7;0;0.0;2.0;3.0;15.0;A01
85949;201400056248;0;7;0;0.0;2.0;2.0;15.0;B01
85950;201400056248;0;30;0;0.0;2.0;7.0;1.0;A01
85951;201400056249;0;33;0;0.0;0.0;8.0;1.0;A01
85952;201400056250;0;1;0;0.0;2.0;1.0;1.0;B01
85953;201400056250;0;7;0;0.0;2.0;8.0;22.0;A01
85954;201400056251;0;33;0;0.0;0.0;8.0;1.0;A01
85955;201400056252;0;30;0;0.0;2.0;1.0;1.0;A01
85956;201400056252;0;7;0;0.0;2.0;3.0;9.0;B01
85957;201400056253;0;33;0;0.0;1.0;1.0;1.0;A01
85958;201400056254;0;7;0;0.0;1.0;2.0;1.0;A01
85959;201400056255;0;31;0;0.0;1.0;1.0;17.0;A01
85960;201400056256;0;10;0;0.0;1.0;3.0;15.0;A01
85961;201400056257;0;32;0;0.0;2.0;1.0;1.0;B01
85962;201400056257;0;7;0;0.0;2.0;3.0;15.0;A01
85963;201400056258;0;31;0;0.0;2.0;1.0;1.0;A01
85964;201400056258;0;10;0;0.0;2.0;7.0;15.0;B01
85965;201400056259;0;32;0;0.0;0.0;8.0;21.0;A01
85966;201400056260;0;33;0;0.0;2.0;1.0;1.0;B01
85967;201400056260;0;7;0;0.0;2.0;7.0;15.0;A01
85968;201400056261;0;7;0;0.0;2.0;4.0;2.0;B01
85969;201400056261;0;7;0;0.0;2.0;1.0;2.0;A01
85970;201400056262;0;7;0;0.0;2.0;8.0;15.0;B01
85971;201400056262;0;7;0;0.0;2.0;1.0;1.0;A01
85972;201400056263;0;33;0;0.0;2.0;8.0;1.0;B01
85973;201400056263;0;7;0;0.0;2.0;1.0;1.0;A01
85974;201400056265;0;7;0;0.0;2.0;4.0;23.0;B01
85975;201400056265;0;7;0;0.0;2.0;4.0;23.0;C01
85976;201400056265;0;14;0;0.0;2.0;1.0;0.0;A01
85977;201400056265;0;7;0;0.0;2.0;4.0;23.0;D01
85978;201400056266;0;33;0;1.0;0.0;1.0;1.0;A01
85979;201400056267;0;7;0;0.0;1.0;2.0;1.0;A01
85980;201400056268;0;33;0;0.0;2.0;1.0;1.0;A01
85981;201400056268;0;10;0;0.0;2.0;3.0;9.0;B01
85982;201400056269;0;34;0;0.0;2.0;1.0;17.0;B01
85983;201400056269;0;7;0;0.0;2.0;3.0;10.0;A01
85984;201400056270;0;7;0;0.0;2.0;8.0;23.0;B01
85985;201400056270;0;1;0;0.0;2.0;1.0;1.0;A01
85986;201400056271;0;7;0;0.0;2.0;2.0;15.0;B01
85987;201400056271;0;2;0;0.0;2.0;1.0;1.0;A01
85988;201400056273;0;7;0;14.0;0.0;3.0;13.0;A01
85989;201400056274;0;10;0;0.0;1.0;4.0;10.0;A01
85990;201400056275;0;7;0;0.0;2.0;3.0;9.0;A01
85991;201400056275;0;32;0;0.0;2.0;5.0;1.0;B01
85992;201400056276;0;34;0;0.0;1.0;1.0;1.0;A01
85993;201400056277;0;7;0;0.0;1.0;3.0;15.0;A01
85994;201400056278;0;7;0;0.0;2.0;1.0;17.0;A01
85995;201400056278;0;7;0;0.0;2.0;8.0;15.0;B01
85996;201400056279;0;13;0;0.0;1.0;2.0;1.0;A01
85997;201400056280;0;33;0;0.0;0.0;0.0;1.0;A01
85998;201400056281;0;31;0;0.0;2.0;2.0;17.0;B01
85999;201400056281;0;10;0;0.0;2.0;3.0;15.0;A01
86000;201400056282;0;30;0;1.0;0.0;2.0;13.0;A01
86001;201400056283;0;10;0;0.0;2.0;3.0;13.0;A01
86002;201400056283;0;30;0;0.0;2.0;7.0;17.0;B01
86003;201400056284;0;2;0;0.0;2.0;1.0;2.0;A01
86004;201400056284;0;7;0;1.0;2.0;5.0;2.0;B01
86005;201400056285;0;7;0;0.0;2.0;2.0;14.0;A01
86006;201400056285;0;1;0;0.0;2.0;8.0;7.0;B01
86007;201400056286;0;14;0;0.0;2.0;3.0;13.0;A01
86008;201400056286;0;33;0;0.0;2.0;7.0;17.0;B01
86009;201400056287;0;32;0;0.0;0.0;0.0;1.0;A01
86010;201400056288;0;30;0;0.0;2.0;8.0;1.0;B01
86011;201400056288;0;7;0;0.0;2.0;7.0;9.0;A01
86012;201400056289;0;37;3;0.0;1.0;3.0;7.0;A01
86013;201400056290;0;7;0;0.0;1.0;4.0;4.0;A01
86014;201400056291;0;7;0;0.0;1.0;1.0;15.0;A01
86015;201400056293;0;7;0;7.0;0.0;1.0;1.0;A01
86016;201400056296;0;7;0;1.0;0.0;1.0;1.0;A01
86017;201400056296;0;7;0;0.0;0.0;8.0;1.0;B01
86018;201400056297;0;31;0;0.0;2.0;1.0;2.0;A01
86019;201400056297;1;7;0;0.0;2.0;4.0;4.0;Z01
86020;201400056298;0;7;0;0.0;2.0;1.0;2.0;A01
86021;201400056298;0;7;0;0.0;2.0;4.0;23.0;B01
86022;201400056299;0;10;0;0.0;1.0;1.0;16.0;A01
86023;201400056300;0;30;0;14.0;0.0;1.0;21.0;A01
86024;201400056301;0;33;0;0.0;1.0;3.0;1.0;A01
86025;201400056302;0;32;0;0.0;0.0;8.0;18.0;A01
86026;201400056302;0;7;0;0.0;0.0;2.0;16.0;B01
86027;201400056303;0;31;0;0.0;2.0;2.0;17.0;B01
86028;201400056303;0;30;0;0.0;2.0;4.0;11.0;A01
86029;201400056304;0;2;0;0.0;1.0;0.0;1.0;A01
86030;201400056305;0;7;0;0.0;1.0;6.0;20.0;A01
86031;201400056306;0;1;0;0.0;2.0;3.0;15.0;B01
86032;201400056306;0;33;0;0.0;2.0;1.0;2.0;A01
86033;201400056307;1;7;0;0.0;2.0;0.0;5.0;Z01
86034;201400056307;0;32;0;0.0;2.0;6.0;15.0;A01
86035;201400056308;0;7;0;0.0;1.0;2.0;1.0;A01
86036;201400056309;0;10;0;0.0;2.0;7.0;15.0;A01
86037;201400056309;0;2;0;0.0;2.0;8.0;1.0;B01
86038;201400056310;0;2;0;14.0;0.0;8.0;13.0;A01
86039;201400056311;0;32;0;0.0;1.0;2.0;1.0;A01
86040;201400056313;0;32;0;0.0;1.0;0.0;1.0;A01
86041;201400056314;0;7;0;0.0;2.0;1.0;2.0;A01
86042;201400056314;0;7;0;0.0;2.0;4.0;23.0;B01
86043;201400056315;0;30;0;0.0;0.0;7.0;1.0;A01
86044;201400056316;0;7;0;0.0;2.0;6.0;1.0;A01
86045;201400056316;0;1;0;0.0;2.0;1.0;1.0;B01
86046;201400056317;0;7;0;0.0;1.0;4.0;4.0;A01
86047;201400056319;0;7;0;0.0;1.0;2.0;1.0;A01
86048;201400056320;0;7;0;0.0;2.0;6.0;15.0;B01
86049;201400056320;0;30;0;0.0;2.0;1.0;7.0;A01
86050;201400056321;1;7;0;0.0;1.0;0.0;1.0;Z01
86051;201400056322;0;7;0;0.0;2.0;1.0;15.0;A01
86052;201400056322;0;31;0;0.0;2.0;8.0;1.0;B01
86053;201400056323;0;7;0;7.0;0.0;1.0;13.0;A01
86054;201400056324;1;7;0;1.0;1.0;2.0;1.0;Z01
86055;201400056325;0;7;0;0.0;1.0;2.0;1.0;A01
86056;201400056326;1;2;0;0.0;1.0;0.0;1.0;Z01
86057;201400056327;2;7;0;0.0;2.0;1.0;2.0;Z01
86058;201400056327;0;7;0;0.0;2.0;4.0;23.0;A01
86059;201400056328;0;7;0;0.0;1.0;1.0;1.0;A01
86060;201400056329;0;7;0;0.0;1.0;2.0;1.0;A01
86061;201400056330;0;7;0;0.0;2.0;3.0;22.0;A01
86062;201400056330;0;33;0;0.0;2.0;1.0;1.0;B01
86063;201400056331;0;33;0;0.0;2.0;1.0;1.0;B01
86064;201400056331;0;7;0;0.0;2.0;2.0;15.0;A01
86065;201400056332;0;99;0;0.0;1.0;8.0;1.0;A01
86066;201400056333;1;1;0;0.0;1.0;0.0;1.0;Z01
86067;201400056334;0;2;0;0.0;2.0;2.0;16.0;A01
86068;201400056334;0;33;0;0.0;2.0;8.0;1.0;B01
86069;201400056334;0;1;0;0.0;2.0;6.0;1.0;C01
86070;201400056335;0;7;0;8.0;0.0;1.0;1.0;A01
86071;201400056336;0;7;0;0.0;2.0;2.0;12.0;A01
86072;201400056336;0;32;0;0.0;2.0;3.0;1.0;B01
86073;201400056337;0;30;0;1.0;2.0;2.0;1.0;B01
86074;201400056337;0;7;0;0.0;2.0;3.0;9.0;A01
86075;201400056338;0;7;0;14.0;0.0;1.0;21.0;A01
86076;201400056339;0;2;0;0.0;2.0;8.0;15.0;A01
86077;201400056339;0;7;0;0.0;2.0;3.0;1.0;B01
86078;201400056340;0;7;0;0.0;2.0;3.0;10.0;A01
86079;201400056340;0;33;0;0.0;2.0;2.0;17.0;B01
86080;201400056341;0;7;0;0.0;2.0;1.0;2.0;A01
86081;201400056341;0;7;0;0.0;2.0;1.0;2.0;B01
86082;201400056341;0;7;0;0.0;2.0;4.0;2.0;C01
86083;201400056342;0;7;0;0.0;1.0;1.0;1.0;A01
86084;201400056343;0;33;0;1.0;0.0;2.0;2.0;A01