;Num_Acc;senc;catv;occutc;obs;obsm;choc;manv;num_veh
86085;201400056344;0;7;0;0.0;2.0;8.0;15.0;A01
86086;201400056344;0;1;0;0.0;2.0;7.0;17.0;B01
86087;201400056346;0;10;0;0.0;2.0;1.0;1.0;A01
86088;201400056346;0;7;0;0.0;2.0;3.0;1.0;B01
86089;201400056347;0;34;0;0.0;1.0;1.0;1.0;A01
86090;201400056348;0;2;0;2.0;0.0;1.0;1.0;A01
86091;201400056350;0;34;0;0.0;2.0;8.0;1.0;A01
86092;201400056350;0;10;0;0.0;2.0;8.0;12.0;B01
86093;201400056351;0;7;0;0.0;2.0;1.0;1.0;A01
86094;201400056351;0;1;0;0.0;2.0;7.0;19.0;B01
86095;201400056353;0;37;1;0.0;2.0;2.0;15.0;B01
86096;201400056353;0;7;0;0.0;2.0;3.0;15.0;A01
86097;201400056354;0;34;0;0.0;1.0;0.0;1.0;A01
86098;201400056355;0;7;0;0.0;2.0;2.0;1.0;A01
86099;201400056355;0;31;0;0.0;2.0;4.0;23.0;B01
86100;201400056356;0;7;0;0.0;2.0;4.0;2.0;C01
86101;201400056356;0;13;0;0.0;2.0;1.0;2.0;A01
86102;201400056356;0;10;0;0.0;2.0;4.0;2.0;B01
86103;201400056357;0;7;0;11.0;0.0;2.0;13.0;A01
86104;201400056358;0;7;0;0.0;1.0;3.0;1.0;A01
86105;201400056359;0;7;0;0.0;2.0;8.0;15.0;A01
86106;201400056359;0;30;0;0.0;2.0;1.0;17.0;B01
86107;201400056360;0;2;0;0.0;2.0;1.0;2.0;A01
86108;201400056360;0;7;0;0.0;2.0;4.0;2.0;B01
86109;201400056361;0;32;0;0.0;2.0;1.0;18.0;A01
86110;201400056361;0;7;0;0.0;2.0;7.0;16.0;B01
86111;201400056362;0;7;0;11.0;0.0;1.0;13.0;A01
86112;201400056363;0;7;0;0.0;2.0;1.0;1.0;A01
86113;201400056363;0;7;0;0.0;2.0;4.0;1.0;D01
86114;201400056363;0;7;0;0.0;2.0;4.0;1.0;C01
86115;201400056363;0;7;0;0.0;2.0;4.0;1.0;B01
86116;201400056364;0;33;0;1.0;0.0;1.0;15.0;A01
86117;201400056365;0;7;0;0.0;1.0;1.0;15.0;A01
86118;201400056366;0;33;0;0.0;0.0;0.0;11.0;A01
86119;201400056367;0;33;0;14.0;0.0;1.0;1.0;A01
86120;201400056368;0;7;0;0.0;1.0;2.0;16.0;A01
86121;201400056369;0;33;0;0.0;2.0;1.0;3.0;A01
86122;201400056369;0;7;0;0.0;2.0;5.0;12.0;B01
86123;201400056371;0;32;0;0.0;2.0;1.0;1.0;B01
86124;201400056371;0;7;0;0.0;2.0;3.0;15.0;A01
86125;201400056372;0;37;1;0.0;1.0;2.0;7.0;A01
86126;201400056373;0;33;0;0.0;2.0;7.0;17.0;B01
86127;201400056373;0;7;0;0.0;2.0;3.0;15.0;A01
86128;201400056374;0;7;0;0.0;1.0;7.0;1.0;A01
86129;201400056375;0;33;0;0.0;2.0;1.0;5.0;A01
86130;201400056375;0;7;0;0.0;2.0;1.0;1.0;B01
86131;201400056376;0;2;0;0.0;2.0;2.0;5.0;A01
86132;201400056376;0;7;0;0.0;2.0;3.0;1.0;B01
86133;201400056377;0;32;0;1.0;2.0;1.0;17.0;A01
86134;201400056377;0;7;0;0.0;2.0;8.0;22.0;B01
86135;201400056378;0;7;0;0.0;2.0;5.0;23.0;B01
86136;201400056378;0;7;0;6.0;2.0;2.0;13.0;A01
86137;201400056380;1;7;0;0.0;1.0;2.0;16.0;Z01
86138;201400056381;0;7;0;1.0;0.0;1.0;1.0;A01
86139;201400056382;0;7;0;0.0;1.0;5.0;1.0;A01
86140;201400056383;0;31;0;0.0;2.0;2.0;1.0;A01
86141;201400056383;0;10;0;0.0;2.0;3.0;1.0;B01
86142;201400056384;0;32;0;0.0;0.0;8.0;1.0;A01
86143;201400056385;1;7;0;0.0;2.0;1.0;10.0;Z01
86144;201400056385;0;30;0;0.0;2.0;8.0;1.0;A01
86145;201400056387;0;7;0;0.0;1.0;4.0;4.0;A01
86146;201400056388;0;7;0;0.0;2.0;2.0;1.0;A01
86147;201400056388;0;2;0;0.0;2.0;1.0;1.0;B01
86148;201400056389;0;31;0;0.0;2.0;8.0;18.0;A01
86149;201400056389;0;7;0;0.0;2.0;7.0;16.0;B01
86150;201400056390;0;7;0;0.0;1.0;5.0;20.0;A01
86151;201400056391;0;2;0;0.0;2.0;0.0;1.0;A01
86152;201400056391;1;7;0;0.0;2.0;0.0;13.0;Z01
86153;201400056392;0;10;0;0.0;2.0;1.0;2.0;A01
86154;201400056392;0;3;0;0.0;2.0;4.0;23.0;B01
86155;201400056393;0;30;0;0.0;1.0;1.0;5.0;A01
86156;201400056394;1;10;0;0.0;2.0;7.0;14.0;Z01
86157;201400056394;0;37;0;0.0;2.0;8.0;7.0;A01
86158;201400056395;0;30;0;0.0;2.0;5.0;1.0;B01
86159;201400056395;0;7;0;0.0;2.0;2.0;1.0;A01
86160;201400056396;1;7;0;0.0;1.0;0.0;1.0;Z01
86161;201400056397;0;7;0;0.0;1.0;1.0;16.0;A01
86162;201400056398;0;7;0;0.0;1.0;1.0;1.0;A01
86163;201400056399;0;10;0;0.0;2.0;8.0;22.0;A01
86164;201400056399;0;1;0;0.0;2.0;1.0;1.0;B01
86165;201400056400;0;2;0;1.0;2.0;2.0;1.0;B01
86166;201400056400;0;7;0;0.0;2.0;8.0;22.0;A01
86167;201400056401;0;7;0;0.0;2.0;4.0;2.0;B01
86168;201400056401;0;32;0;0.0;2.0;1.0;2.0;A01
86169;201400056402;0;1;0;0.0;2.0;1.0;1.0;A01
86170;201400056402;0;7;0;0.0;2.0;6.0;23.0;B01
86171;201400056403;0;33;0;0.0;0.0;0.0;1.0;A01
86172;201400056404;1;7;0;0.0;2.0;0.0;10.0;Z01
86173;201400056404;0;31;0;0.0;2.0;0.0;1.0;A01
86174;201400056405;0;7;0;0.0;1.0;1.0;1.0;A01
86175;201400056406;0;7;0;0.0;2.0;5.0;15.0;A01
86176;201400056406;0;7;0;0.0;2.0;2.0;1.0;B01
86177;201400056407;0;32;0;0.0;0.0;0.0;1.0;A01
86178;201400056408;0;33;0;0.0;2.0;1.0;1.0;B01
86179;201400056408;0;32;0;0.0;2.0;4.0;9.0;A01
86180;201400056409;1;30;0;0.0;2.0;7.0;19.0;Z01
86181;201400056409;0;1;0;0.0;2.0;8.0;1.0;A01
86182;201400056410;0;31;0;0.0;0.0;0.0;1.0;A01
86183;201400056411;0;34;0;0.0;0.0;1.0;1.0;A01
86184;201400056413;0;7;0;1.0;0.0;9.0;14.0;A01
86185;201400056414;0;7;0;0.0;2.0;2.0;15.0;A01
86186;201400056414;0;31;0;0.0;2.0;1.0;1.0;B01
86187;201400056415;0;10;0;0.0;1.0;3.0;1.0;A01
86188;201400056416;0;7;0;0.0;2.0;5.0;16.0;A01
86189;201400056416;0;34;0;0.0;2.0;3.0;1.0;B01
86190;201400056417;0;34;0;0.0;1.0;2.0;1.0;A01
86191;201400056418;1;7;0;0.0;2.0;1.0;2.0;Z01
86192;201400056418;0;1;0;0.0;2.0;4.0;23.0;A01
86193;201400056419;1;7;0;0.0;1.0;4.0;4.0;Z01
86194;201400056420;0;7;0;0.0;1.0;2.0;1.0;A01
86195;201400056421;0;10;0;0.0;2.0;1.0;2.0;A01
86196;201400056421;0;31;0;0.0;2.0;4.0;23.0;B01
86197;201400056422;1;10;0;0.0;2.0;1.0;14.0;Z01
86198;201400056422;0;33;0;0.0;2.0;8.0;1.0;A01
86199;201400056423;0;31;0;0.0;2.0;6.0;18.0;A01
86200;201400056423;0;7;0;0.0;2.0;7.0;1.0;B01
86201;201400056424;0;30;0;0.0;0.0;1.0;1.0;A01
86202;201400056425;0;7;0;0.0;2.0;6.0;23.0;B01
86203;201400056425;0;33;0;0.0;2.0;1.0;2.0;A01
86204;201400056426;1;2;0;0.0;1.0;0.0;1.0;Z01
86205;201400056427;0;7;0;0.0;2.0;3.0;9.0;A01
86206;201400056427;0;31;0;0.0;2.0;7.0;1.0;B01
86207;201400056428;0;7;0;0.0;1.0;3.0;1.0;A01
86208;201400056429;0;7;0;0.0;2.0;3.0;15.0;A01
86209;201400056429;0;33;0;0.0;2.0;1.0;1.0;B01
86210;201400056430;0;10;0;0.0;2.0;2.0;2.0;A01
86211;201400056430;0;30;0;0.0;2.0;4.0;2.0;B01
86212;201400056431;0;7;0;0.0;1.0;6.0;4.0;A01
86213;201400056432;0;7;0;0.0;1.0;7.0;1.0;A01
86214;201400056433;0;7;0;0.0;2.0;2.0;1.0;B01
86215;201400056433;0;32;0;0.0;2.0;1.0;1.0;A01
86216;201400056434;0;7;0;0.0;1.0;2.0;1.0;A01
86217;201400056435;0;32;0;14.0;2.0;1.0;1.0;A01
86218;201400056435;0;37;1;1.0;1.0;3.0;23.0;B01
86219;201400056436;0;7;0;0.0;1.0;1.0;15.0;A01
86220;201400056437;0;7;0;0.0;1.0;1.0;15.0;A01
86221;201400056439;0;34;0;1.0;2.0;9.0;1.0;A01
86222;201400056439;0;7;0;1.0;2.0;1.0;9.0;B01
86223;201400056440;0;7;0;0.0;2.0;6.0;16.0;A01
86224;201400056440;0;2;0;0.0;2.0;2.0;7.0;B01
86225;201400056443;0;32;0;0.0;2.0;0.0;17.0;A01
86226;201400056443;0;7;0;0.0;2.0;0.0;1.0;B01
86227;201400056446;0;7;0;0.0;1.0;8.0;1.0;A01
86228;201400056447;0;7;0;0.0;1.0;5.0;20.0;A01
86229;201400056448;0;34;0;0.0;1.0;1.0;1.0;A01
86230;201400056449;0;34;0;7.0;0.0;3.0;1.0;A01
86231;201400056450;0;7;0;0.0;1.0;2.0;15.0;A01
86232;201400056451;0;7;0;0.0;2.0;8.0;15.0;A01
86233;201400056451;0;32;0;0.0;1.0;1.0;17.0;B01
86234;201400056452;0;34;0;0.0;2.0;5.0;1.0;B01
86235;201400056452;0;7;0;0.0;2.0;3.0;18.0;A01
86236;201400056453;0;7;0;0.0;1.0;1.0;1.0;A01
86237;201400056454;0;31;0;0.0;2.0;7.0;17.0;B01
86238;201400056454;0;7;0;0.0;2.0;8.0;15.0;A01
86239;201400056455;0;33;0;0.0;2.0;1.0;2.0;A01
86240;201400056455;0;7;0;0.0;2.0;6.0;23.0;B01
86241;201400056456;0;7;0;0.0;2.0;4.0;23.0;B01
86242;201400056456;0;10;0;0.0;2.0;2.0;2.0;A01
86243;201400056457;0;7;0;0.0;2.0;1.0;15.0;A01
86244;201400056457;0;1;0;0.0;2.0;8.0;1.0;B01
86245;201400056458;0;7;0;0.0;2.0;4.0;23.0;B01
86246;201400056458;0;10;0;0.0;2.0;1.0;2.0;A01
86247;201400056458;0;7;0;0.0;2.0;4.0;23.0;D01
86248;201400056458;0;7;0;0.0;2.0;4.0;23.0;C01
86249;201400056459;0;30;0;0.0;1.0;1.0;7.0;A01
86250;201400056459;0;7;0;0.0;2.0;1.0;15.0;B01
86251;201400056460;0;2;0;0.0;2.0;3.0;18.0;A01
86252;201400056460;0;7;0;0.0;2.0;2.0;16.0;B01
86253;201400056461;0;30;0;1.0;0.0;7.0;13.0;A01
86254;201400056463;0;33;0;15.0;2.0;8.0;18.0;A01
86255;201400056463;0;37;1;0.0;2.0;5.0;1.0;B01
86256;201400056464;0;7;0;0.0;2.0;5.0;23.0;A01
86257;201400056464;1;7;0;0.0;2.0;3.0;13.0;Z01
86258;201400056465;0;7;0;0.0;1.0;1.0;1.0;A01
86259;201400056466;1;7;0;0.0;2.0;0.0;22.0;Z01
86260;201400056466;0;1;0;0.0;2.0;1.0;1.0;A01
86261;201400056467;0;31;0;0.0;0.0;0.0;1.0;A01
86262;201400056469;2;7;0;0.0;2.0;1.0;5.0;Z01
86263;201400056469;0;1;0;0.0;2.0;8.0;15.0;A01
86264;201400056470;0;1;0;0.0;1.0;7.0;1.0;A01
86265;201400056471;0;33;0;0.0;2.0;1.0;2.0;A01
86266;201400056471;0;7;0;0.0;2.0;4.0;23.0;B01
86267;201400056472;0;7;0;0.0;2.0;5.0;1.0;C01
86268;201400056472;0;30;0;0.0;2.0;2.0;18.0;B01
86269;201400056472;0;7;0;0.0;2.0;3.0;22.0;A01
86270;201400056473;0;30;0;0.0;2.0;1.0;18.0;B01
86271;201400056473;0;10;0;0.0;2.0;5.0;16.0;A01
86272;201400056474;0;10;0;0.0;1.0;5.0;4.0;A01
86273;201400056475;0;7;0;0.0;1.0;1.0;1.0;A01
86274;201400056476;0;7;0;0.0;1.0;7.0;1.0;A01
86275;201400056477;0;2;0;0.0;2.0;6.0;2.0;A01
86276;201400056477;0;7;0;0.0;2.0;6.0;15.0;B01
86277;201400056478;0;7;0;0.0;2.0;8.0;22.0;A01
86278;201400056478;0;1;0;0.0;2.0;1.0;1.0;B01
86279;201400056479;0;2;0;0.0;1.0;1.0;1.0;A01
86280;201400056480;0;7;0;0.0;1.0;4.0;4.0;A01
86281;201400056481;0;10;0;0.0;2.0;4.0;4.0;A01
86282;201400056481;0;30;0;1.0;2.0;1.0;1.0;B01
86283;201400056482;0;30;0;0.0;2.0;1.0;1.0;B01
86284;201400056482;0;7;0;0.0;2.0;2.0;15.0;A01
86285;201400056484;0;33;0;0.0;2.0;1.0;1.0;B01
86286;201400056484;0;7;0;0.0;2.0;2.0;15.0;A01
86287;201400056485;0;7;0;0.0;2.0;7.0;16.0;B01
86288;201400056485;0;31;0;0.0;2.0;1.0;18.0;A01
86289;201400056486;0;7;0;0.0;2.0;3.0;22.0;B01
86290;201400056486;0;30;0;1.0;2.0;2.0;1.0;A01
86291;201400056487;0;7;0;0.0;1.0;3.0;15.0;A01
86292;201400056488;1;30;0;0.0;1.0;8.0;1.0;Z01
86293;201400056489;0;7;0;0.0;2.0;2.0;16.0;A01
86294;201400056489;0;1;0;0.0;2.0;9.0;7.0;B01
86295;201400056490;0;30;0;0.0;2.0;6.0;1.0;A01
86296;201400056490;1;30;0;0.0;2.0;1.0;15.0;Z01
86297;201400056491;0;2;0;0.0;2.0;1.0;2.0;A01
86298;201400056491;0;30;0;0.0;2.0;4.0;2.0;B01
86299;201400056492;0;10;0;0.0;2.0;2.0;9.0;A01
86300;201400056492;0;1;0;0.0;2.0;1.0;1.0;B01
86301;201400056493;0;31;0;0.0;2.0;3.0;1.0;B01
86302;201400056493;0;31;0;0.0;2.0;1.0;1.0;A01
86303;201400056494;0;7;0;0.0;1.0;4.0;4.0;A01
86304;201400056495;0;7;0;0.0;2.0;0.0;1.0;A01
86305;201400056495;0;31;0;0.0;2.0;0.0;1.0;B01
86306;201400056496;1;30;0;0.0;1.0;1.0;15.0;Z01
86307;201400056497;0;7;0;14.0;1.0;1.0;7.0;A01
86308;201400056499;0;7;0;0.0;2.0;2.0;10.0;A01
86309;201400056499;0;34;0;0.0;2.0;1.0;1.0;B01
86310;201400056500;0;7;0;0.0;2.0;3.0;10.0;A01
86311;201400056500;0;32;0;0.0;2.0;2.0;17.0;B01
86312;201400056501;0;7;0;0.0;2.0;8.0;1.0;A01
86313;201400056501;1;7;0;0.0;2.0;0.0;1.0;Z01
86314;201400056502;0;2;0;0.0;2.0;2.0;1.0;B01
86315;201400056502;0;7;0;0.0;2.0;3.0;1.0;A01
86316;201400056503;0;34;0;0.0;2.0;8.0;1.0;B01
86317;201400056503;0;10;0;0.0;2.0;7.0;9.0;A01
86318;201400056504;0;1;0;0.0;2.0;7.0;7.0;B01
86319;201400056504;0;7;0;0.0;2.0;2.0;17.0;A01
86320;201400056505;0;7;0;0.0;2.0;1.0;15.0;A01
86321;201400056505;0;32;0;1.0;2.0;8.0;1.0;B01
86322;201400056506;0;31;0;0.0;2.0;4.0;23.0;B01
86323;201400056506;0;7;0;0.0;2.0;1.0;2.0;A01
86324;201400056507;0;7;0;0.0;2.0;8.0;22.0;A01
86325;201400056507;0;1;0;0.0;2.0;1.0;1.0;B01
86326;201400056509;0;30;0;0.0;2.0;2.0;5.0;B01
86327;201400056509;0;7;0;0.0;2.0;3.0;15.0;A01
86328;201400056510;0;31;0;0.0;1.0;7.0;17.0;A01
86329;201400056512;0;1;0;0.0;2.0;1.0;1.0;B01
86330;201400056512;0;7;0;0.0;2.0;3.0;22.0;A01
86331;201400056513;0;7;0;14.0;0.0;7.0;14.0;A01
86332;201400056514;0;7;0;0.0;1.0;4.0;4.0;A01
86333;201400056515;0;10;0;0.0;2.0;3.0;22.0;A01
86334;201400056515;0;1;0;1.0;2.0;1.0;1.0;B01
86335;201400056516;0;7;0;1.0;2.0;4.0;23.0;B01
86336;201400056516;0;30;0;0.0;2.0;1.0;1.0;A01
86337;201400056517;0;1;0;1.0;2.0;1.0;1.0;A01
86338;201400056517;0;7;0;1.0;2.0;3.0;22.0;B01
86339;201400056518;0;30;0;0.0;0.0;1.0;1.0;A01
86340;201400056519;0;31;0;0.0;1.0;3.0;7.0;A01
86341;201400056520;0;30;0;0.0;2.0;3.0;1.0;A01
86342;201400056520;0;7;0;0.0;2.0;2.0;12.0;B01
86343;201400056521;0;32;0;0.0;2.0;1.0;17.0;B01
86344;201400056521;0;7;0;0.0;2.0;8.0;15.0;A01
86345;201400056522;0;7;0;0.0;2.0;1.0;1.0;A01
86346;201400056522;0;1;0;0.0;2.0;8.0;1.0;B01
86347;201400056523;0;7;0;0.0;1.0;1.0;1.0;A01
86348;201400056524;0;7;0;11.0;0.0;1.0;1.0;A01
86349;201400056525;0;10;0;0.0;2.0;3.0;1.0;A01
86350;201400056525;0;2;0;2.0;2.0;5.0;1.0;B01
86351;201400056526;0;2;0;0.0;0.0;0.0;1.0;A01
86352;201400056527;0;7;0;0.0;1.0;5.0;20.0;A01
86353;201400056528;0;7;0;12.0;0.0;2.0;14.0;A01
86354;201400056529;0;7;0;0.0;2.0;1.0;15.0;B01
86355;201400056529;0;7;0;0.0;2.0;3.0;1.0;A01
86356;201400056530;0;34;0;0.0;2.0;3.0;2.0;A01
86357;201400056530;0;1;0;0.0;2.0;6.0;15.0;B01
86358;201400056531;0;1;0;0.0;2.0;7.0;1.0;A01
86359;201400056531;0;10;0;0.0;2.0;1.0;15.0;B01
86360;201400056532;0;7;0;0.0;1.0;4.0;4.0;A01
86361;201400056533;0;31;0;0.0;1.0;2.0;1.0;A01
86362;201400056534;0;7;0;0.0;1.0;5.0;1.0;A01
86363;201400056535;0;2;0;0.0;1.0;1.0;1.0;A01
86364;201400056537;0;7;0;0.0;1.0;2.0;1.0;A01
86365;201400056539;0;1;0;0.0;2.0;1.0;1.0;B01
86366;201400056539;0;7;0;0.0;2.0;8.0;22.0;A01
86367;201400056540;0;10;0;0.0;2.0;4.0;4.0;A01
86368;201400056540;0;30;0;0.0;2.0;1.0;23.0;B01
86369;201400056541;0;7;0;11.0;0.0;1.0;1.0;A01
86370;201400056542;0;31;0;0.0;1.0;1.0;1.0;A01
86371;201400056543;0;7;0;0.0;2.0;3.0;15.0;A01
86372;201400056543;0;34;0;0.0;2.0;8.0;7.0;B01
86373;201400056544;1;7;0;0.0;1.0;0.0;4.0;Z01
86374;201400056545;0;10;0;0.0;2.0;3.0;1.0;B01
86375;201400056545;0;7;0;11.0;2.0;7.0;1.0;A01
86376;201400056547;0;7;0;0.0;1.0;3.0;1.0;A01
86377;201400056548;0;7;0;0.0;1.0;5.0;4.0;A01
86378;201400056549;0;31;0;0.0;2.0;1.0;2.0;B01
86379;201400056549;0;7;0;0.0;2.0;8.0;15.0;A01
86380;201400056550;0;2;0;14.0;2.0;1.0;1.0;A01
86381;201400056550;0;7;0;0.0;2.0;4.0;23.0;B01
86382;201400056551;0;10;0;0.0;1.0;7.0;16.0;A01
86383;201400056552;0;7;0;14.0;0.0;1.0;13.0;A01
86384;201400056553;0;7;0;0.0;1.0;2.0;1.0;A01
86385;201400056554;0;31;0;0.0;2.0;0.0;1.0;A01
86386;201400056554;1;7;0;0.0;2.0;0.0;9.0;Z01
86387;201400056555;0;33;0;0.0;2.0;1.0;2.0;A01
86388;201400056555;0;33;0;0.0;2.0;4.0;2.0;B01
86389;201400056556;0;7;0;0.0;1.0;3.0;1.0;A01
86390;201400056557;0;7;0;0.0;2.0;3.0;13.0;A01
86391;201400056557;0;7;0;0.0;2.0;3.0;1.0;B01
86392;201400056558;0;7;0;0.0;2.0;8.0;1.0;B01
86393;201400056558;0;2;0;14.0;2.0;8.0;17.0;A01
86394;201400056560;0;31;0;0.0;2.0;7.0;1.0;B01
86395;201400056560;0;7;0;0.0;2.0;3.0;10.0;A01
86396;201400056563;0;1;0;0.0;0.0;0.0;1.0;A01
86397;201400056564;0;1;0;0.0;2.0;3.0;18.0;B01
86398;201400056564;0;7;0;0.0;2.0;2.0;16.0;A01
86399;201400056565;0;37;0;0.0;1.0;2.0;1.0;A01
86400;201400056566;0;7;0;0.0;2.0;4.0;2.0;A01
86401;201400056566;0;7;0;0.0;2.0;1.0;23.0;B01
86402;201400056567;0;7;0;0.0;1.0;3.0;1.0;A01
86403;201400056568;0;32;0;0.0;2.0;7.0;5.0;B01
86404;201400056568;0;7;0;0.0;2.0;0.0;10.0;A01
86405;201400056569;0;7;0;0.0;2.0;7.0;20.0;A01
86406;201400056569;0;2;0;0.0;2.0;3.0;18.0;B01
86407;201400056571;0;31;0;0.0;2.0;3.0;1.0;B01
86408;201400056571;0;14;0;0.0;2.0;4.0;15.0;A01
86409;201400056572;0;34;0;0.0;2.0;6.0;15.0;B01
86410;201400056572;0;7;0;0.0;2.0;2.0;1.0;A01
86411;201400056573;1;34;0;0.0;1.0;0.0;1.0;Z01
86412;201400056574;0;7;0;11.0;0.0;1.0;13.0;A01
86413;201400056575;0;7;0;0.0;2.0;1.0;2.0;A01
86414;201400056575;0;7;0;0.0;2.0;4.0;2.0;C01
86415;201400056575;0;7;0;0.0;2.0;2.0;2.0;B01
86416;201400056576;0;32;0;0.0;0.0;0.0;1.0;A01
86417;201400056578;0;7;0;11.0;0.0;1.0;1.0;A01
86418;201400056579;0;33;0;0.0;2.0;3.0;1.0;B01
86419;201400056579;0;10;0;0.0;2.0;2.0;9.0;A01
86420;201400056580;0;14;0;0.0;2.0;7.0;16.0;A01
86421;201400056580;0;31;0;0.0;2.0;3.0;16.0;B01
86422;201400056581;0;10;0;0.0;1.0;4.0;4.0;A01
86423;201400056582;0;10;0;0.0;1.0;2.0;1.0;A01
86424;201400056583;0;33;0;0.0;1.0;1.0;1.0;A01
86425;201400056584;1;2;0;0.0;1.0;0.0;0.0;Z01
86426;201400056585;0;2;0;0.0;0.0;7.0;21.0;A01
86427;201400056587;1;7;0;0.0;1.0;1.0;1.0;Z01
86428;201400056588;0;32;0;0.0;1.0;3.0;1.0;A01
86429;201400056589;0;31;0;0.0;0.0;0.0;1.0;A01
86430;201400056590;0;30;0;0.0;2.0;1.0;1.0;A01
86431;201400056590;0;10;0;0.0;2.0;8.0;15.0;B01
86432;201400056591;0;7;0;0.0;1.0;4.0;4.0;A01
86433;201400056592;0;1;0;0.0;2.0;8.0;1.0;B01
86434;201400056592;0;30;0;0.0;2.0;7.0;17.0;A01
86435;201400056593;0;7;0;9.0;0.0;0.0;13.0;A01
86436;201400056594;0;7;0;0.0;2.0;5.0;1.0;A01
86437;201400056594;0;1;0;0.0;2.0;3.0;11.0;B01
86438;201400056595;0;33;0;0.0;2.0;2.0;16.0;A01
86439;201400056595;1;1;0;0.0;2.0;3.0;5.0;Z01
86440;201400056596;0;33;0;0.0;2.0;1.0;5.0;A01
86441;201400056596;0;7;0;0.0;2.0;1.0;1.0;B01
86442;201400056597;0;33;0;1.0;0.0;1.0;1.0;A01
86443;201400056598;0;2;0;0.0;0.0;2.0;1.0;A01
86444;201400056599;0;7;0;0.0;1.0;7.0;1.0;A01
86445;201400056600;0;7;0;0.0;1.0;1.0;7.0;A01
86446;201400056602;0;32;0;0.0;1.0;1.0;1.0;A01
86447;201400056603;0;1;0;0.0;2.0;1.0;1.0;B01
86448;201400056603;0;7;0;0.0;2.0;2.0;15.0;A01
86449;201400056604;0;7;0;0.0;2.0;6.0;10.0;A01
86450;201400056604;0;2;0;0.0;2.0;2.0;1.0;B01
86451;201400056605;0;34;0;0.0;1.0;2.0;1.0;A01
86452;201400056606;0;2;0;0.0;0.0;0.0;1.0;A01
86453;201400056607;0;1;0;0.0;2.0;1.0;1.0;B01
86454;201400056607;0;7;0;0.0;2.0;3.0;22.0;A01
86455;201400056608;1;10;0;0.0;1.0;0.0;16.0;Z01
86456;201400056609;1;2;0;0.0;1.0;3.0;1.0;Z01
86457;201400056610;0;31;0;0.0;2.0;2.0;1.0;B01
86458;201400056610;0;10;0;0.0;2.0;3.0;13.0;A01
86459;201400056611;0;7;0;0.0;2.0;3.0;1.0;B01
86460;201400056611;0;30;0;0.0;2.0;1.0;1.0;A01
86461;201400056612;0;7;0;0.0;1.0;1.0;16.0;A01
86462;201400056613;2;7;0;8.0;0.0;1.0;1.0;Z01
86463;201400056614;0;7;0;0.0;1.0;2.0;1.0;A01
86464;201400056615;0;30;0;0.0;1.0;3.0;1.0;A01
86465;201400056616;0;7;0;0.0;2.0;7.0;22.0;A01
86466;201400056616;0;1;0;0.0;2.0;1.0;7.0;B01
86467;201400056617;0;7;0;0.0;2.0;3.0;1.0;B01
86468;201400056617;1;7;0;0.0;2.0;2.0;1.0;Z01
86469;201400056618;1;7;0;0.0;1.0;3.0;1.0;Z01
86470;201400056619;0;7;0;8.0;0.0;9.0;1.0;A01
86471;201400056620;1;7;0;0.0;2.0;3.0;10.0;Z01
86472;201400056620;0;37;1;0.0;2.0;2.0;1.0;B01
86473;201400056620;0;34;0;0.0;2.0;1.0;1.0;A01
86474;201400056621;0;37;0;0.0;2.0;0.0;2.0;A01
86475;201400056621;0;7;0;0.0;2.0;0.0;2.0;B01
86476;201400056622;0;7;0;0.0;1.0;3.0;1.0;A01
86477;201400056623;0;32;0;0.0;2.0;2.0;1.0;A01
86478;201400056623;0;7;0;0.0;2.0;8.0;9.0;B01
86479;201400056624;1;10;0;0.0;1.0;5.0;16.0;A01
86480;201400056625;0;32;0;14.0;0.0;8.0;1.0;A01
86481;201400056626;0;32;0;14.0;0.0;8.0;1.0;A01
86482;201400056627;0;32;0;0.0;2.0;4.0;17.0;A01
86483;201400056627;0;7;0;0.0;2.0;4.0;15.0;B01
86484;201400056628;0;30;0;0.0;0.0;0.0;1.0;A01
86485;201400056629;0;7;0;0.0;2.0;2.0;1.0;A01
86486;201400056629;0;32;0;0.0;2.0;8.0;16.0;B01
86487;201400056630;0;2;0;0.0;1.0;0.0;1.0;A01
86488;201400056631;0;32;0;0.0;2.0;1.0;1.0;A01
86489;201400056631;0;7;0;0.0;2.0;3.0;1.0;B01
86490;201400056634;0;32;0;0.0;2.0;3.0;3.0;B01
86491;201400056634;0;7;0;0.0;2.0;5.0;12.0;A01
86492;201400056635;0;1;0;0.0;2.0;1.0;1.0;B01
86493;201400056635;0;7;0;0.0;2.0;5.0;15.0;A01
86494;201400056636;0;7;0;0.0;2.0;2.0;2.0;A01
86495;201400056636;0;31;0;0.0;2.0;6.0;23.0;B01
86496;201400056637;0;31;0;0.0;2.0;0.0;1.0;A01
86497;201400056637;1;7;0;0.0;2.0;0.0;1.0;Z01
86498;201400056638;0;10;0;11.0;0.0;1.0;14.0;A01
86499;201400056639;1;10;0;0.0;1.0;1.0;15.0;Z01
86500;201400056640;0;7;0;0.0;2.0;3.0;9.0;A01
86501;201400056640;0;30;0;0.0;2.0;5.0;1.0;B01
86502;201400056641;0;1;0;0.0;2.0;1.0;16.0;B01
86503;201400056641;0;7;0;0.0;2.0;6.0;2.0;A01