;Num_Acc;senc;catv;occutc;obs;obsm;choc;manv;num_veh
86504;201400056642;0;37;0;0.0;1.0;2.0;15.0;A01
86505;201400056643;0;7;0;0.0;2.0;2.0;15.0;A01
86506;201400056643;0;31;0;0.0;2.0;3.0;1.0;B01
86507;201400056644;0;7;0;2.0;0.0;1.0;14.0;A01
86508;201400056645;0;2;0;0.0;2.0;8.0;1.0;B01
86509;201400056645;0;7;0;0.0;2.0;7.0;14.0;A01
86510;201400056646;1;7;0;0.0;2.0;7.0;13.0;Z01
86511;201400056646;0;31;0;0.0;2.0;8.0;1.0;A01
86512;201400056647;0;7;0;0.0;1.0;2.0;1.0;A01
86513;201400056648;0;7;0;0.0;2.0;4.0;23.0;C01
86514;201400056648;0;7;0;0.0;2.0;1.0;2.0;A01
86515;201400056648;0;7;0;0.0;2.0;4.0;23.0;B01
86516;201400056649;0;7;0;0.0;2.0;5.0;14.0;A01
86517;201400056649;0;33;0;0.0;2.0;3.0;3.0;B01
86518;201400056650;0;7;0;0.0;2.0;2.0;1.0;B01
86519;201400056650;0;30;0;14.0;2.0;2.0;18.0;A01
86520;201400056651;0;7;0;9.0;0.0;3.0;1.0;A01
86521;201400056652;0;33;0;0.0;2.0;0.0;17.0;B01
86522;201400056652;0;7;0;0.0;2.0;0.0;15.0;A01
86523;201400056653;0;30;0;0.0;0.0;7.0;1.0;A01
86524;201400056654;0;33;0;0.0;1.0;1.0;7.0;A01
86525;201400056655;0;10;0;0.0;0.0;1.0;1.0;A01
86526;201400056655;0;7;0;0.0;0.0;4.0;23.0;B01
86527;201400056656;0;7;0;0.0;2.0;8.0;1.0;B01
86528;201400056656;0;14;0;0.0;2.0;2.0;16.0;A01
86529;201400056657;0;7;0;0.0;1.0;3.0;1.0;A01
86530;201400056658;0;7;0;0.0;2.0;1.0;1.0;A01
86531;201400056658;0;7;0;1.0;2.0;4.0;23.0;B01
86532;201400056659;0;7;0;0.0;2.0;3.0;1.0;A01
86533;201400056659;0;7;0;1.0;2.0;5.0;9.0;B01
86534;201400056660;0;2;0;0.0;0.0;0.0;17.0;A01
86535;201400056661;0;7;0;0.0;2.0;3.0;15.0;A01
86536;201400056661;0;30;0;0.0;2.0;1.0;17.0;B01
86537;201400056663;0;33;0;0.0;2.0;1.0;1.0;A01
86538;201400056663;0;7;0;0.0;2.0;5.0;1.0;B01
86539;201400056664;0;32;0;14.0;0.0;3.0;17.0;A01
86540;201400056666;0;7;0;0.0;1.0;1.0;15.0;A01
86541;201400056667;0;7;0;0.0;2.0;2.0;2.0;A01
86542;201400056667;0;7;0;0.0;2.0;6.0;23.0;B01
86543;201400056668;0;10;0;0.0;1.0;2.0;1.0;A01
86544;201400056669;0;2;0;0.0;2.0;8.0;1.0;B01
86545;201400056669;0;2;0;0.0;2.0;1.0;13.0;A01
86546;201400056670;0;30;0;0.0;1.0;3.0;1.0;A01
86547;201400056671;0;33;0;0.0;2.0;2.0;17.0;A01
86548;201400056671;0;7;0;0.0;2.0;6.0;15.0;B01
86549;201400056672;0;30;0;0.0;0.0;7.0;1.0;A01
86550;201400056673;0;7;0;0.0;2.0;1.0;1.0;A01
86551;201400056673;0;7;0;0.0;2.0;4.0;23.0;B01
86552;201400056674;1;7;0;0.0;1.0;1.0;7.0;Z01
86553;201400056675;0;1;0;0.0;0.0;0.0;1.0;A01
86554;201400056676;0;3;0;0.0;1.0;1.0;15.0;A01
86555;201400056677;0;33;0;0.0;2.0;1.0;1.0;B01
86556;201400056677;0;7;0;0.0;2.0;3.0;15.0;A01
86557;201400056678;0;7;0;0.0;2.0;3.0;15.0;A01
86558;201400056678;0;32;0;0.0;2.0;1.0;1.0;B01
86559;201400056679;0;14;0;0.0;2.0;6.0;16.0;A01
86560;201400056679;0;10;0;0.0;2.0;7.0;1.0;B01
86561;201400056680;0;1;0;0.0;2.0;1.0;1.0;B01
86562;201400056680;0;7;0;0.0;2.0;2.0;16.0;A01
86563;201400056681;0;37;0;0.0;0.0;0.0;21.0;A01
86564;201400056682;0;30;0;0.0;1.0;6.0;17.0;A01
86565;201400056683;1;7;0;0.0;2.0;1.0;16.0;Z01
86566;201400056683;0;1;0;0.0;2.0;1.0;1.0;A01
86567;201400056684;0;7;0;0.0;1.0;4.0;4.0;A01
86568;201400056685;0;31;0;0.0;0.0;0.0;1.0;A01
86569;201400056686;0;30;0;0.0;2.0;5.0;18.0;A01
86570;201400056686;0;7;0;0.0;0.0;5.0;22.0;B01
86571;201400056687;0;34;0;0.0;1.0;1.0;1.0;A01
86572;201400056689;0;10;0;0.0;0.0;1.0;1.0;A01
86573;201400056689;0;7;0;0.0;2.0;1.0;23.0;B01
86574;201400056689;0;13;0;0.0;2.0;1.0;23.0;C01
86575;201400056690;0;14;0;0.0;2.0;4.0;23.0;A01
86576;201400056690;0;31;0;0.0;2.0;2.0;2.0;B01
86577;201400056691;0;7;0;12.0;0.0;1.0;1.0;A01
86578;201400056692;0;7;0;14.0;2.0;1.0;2.0;A01
86579;201400056692;0;34;0;0.0;2.0;4.0;23.0;B01
86580;201400056692;0;7;0;0.0;2.0;4.0;23.0;C01
86581;201400056692;0;7;0;0.0;2.0;4.0;23.0;D01
86582;201400056693;0;7;0;0.0;1.0;4.0;4.0;A01
86583;201400056694;0;3;0;0.0;1.0;1.0;1.0;A01
86584;201400056695;0;7;0;0.0;2.0;2.0;1.0;B01
86585;201400056695;0;33;0;0.0;2.0;0.0;17.0;A01
86586;201400056696;0;7;0;0.0;2.0;4.0;2.0;C01
86587;201400056696;0;7;0;0.0;2.0;1.0;2.0;A01
86588;201400056696;0;7;0;0.0;2.0;4.0;2.0;B01
86589;201400056697;0;7;0;0.0;2.0;7.0;7.0;A01
86590;201400056697;0;34;0;0.0;2.0;8.0;1.0;B01
86591;201400056698;0;37;1;15.0;1.0;2.0;1.0;A01
86592;201400056699;0;7;0;0.0;2.0;2.0;5.0;A01
86593;201400056699;0;33;0;0.0;2.0;1.0;1.0;B01
86594;201400056699;0;31;0;0.0;2.0;8.0;1.0;C01
86595;201400056700;2;7;0;0.0;2.0;2.0;2.0;Z01
86596;201400056700;0;7;0;0.0;2.0;4.0;23.0;A01
86597;201400056701;0;10;0;0.0;1.0;4.0;4.0;A01
86598;201400056702;0;7;0;0.0;2.0;6.0;15.0;A01
86599;201400056702;0;33;0;0.0;2.0;1.0;1.0;B01
86600;201400056703;0;7;0;0.0;1.0;1.0;1.0;A01
86601;201400056704;0;32;0;0.0;2.0;3.0;2.0;A01
86602;201400056704;0;7;0;0.0;2.0;5.0;23.0;B01
86603;201400056705;0;7;0;0.0;2.0;4.0;2.0;B01
86604;201400056705;0;10;0;0.0;2.0;1.0;2.0;A01
86605;201400056706;0;33;0;0.0;2.0;2.0;17.0;B01
86606;201400056706;0;10;0;0.0;2.0;5.0;15.0;A01
86607;201400056707;0;37;1;0.0;2.0;8.0;1.0;C01
86608;201400056707;0;7;0;0.0;2.0;1.0;1.0;A01
86609;201400056707;0;33;0;0.0;2.0;4.0;3.0;B01
86610;201400056708;0;30;0;0.0;0.0;0.0;1.0;A01
86611;201400056709;0;7;0;0.0;1.0;3.0;1.0;A01
86612;201400056710;0;7;0;0.0;2.0;7.0;22.0;A01
86613;201400056710;0;1;0;0.0;2.0;3.0;1.0;B01
86614;201400056711;0;1;0;0.0;2.0;4.0;1.0;B01
86615;201400056711;0;7;0;0.0;2.0;1.0;13.0;A01
86616;201400056712;0;31;0;0.0;0.0;8.0;1.0;A01
86617;201400056713;0;7;0;12.0;2.0;5.0;1.0;B01
86618;201400056713;0;7;0;0.0;2.0;8.0;18.0;A01
86619;201400056714;0;7;0;0.0;2.0;6.0;16.0;C01
86620;201400056714;0;7;0;0.0;2.0;1.0;16.0;A01
86621;201400056714;0;16;0;0.0;2.0;7.0;16.0;B01
86622;201400056715;0;2;0;0.0;0.0;7.0;21.0;A01
86623;201400056716;0;7;0;0.0;2.0;3.0;1.0;A01
86624;201400056716;0;7;0;0.0;2.0;2.0;12.0;B01
86625;201400056717;0;31;0;0.0;0.0;8.0;0.0;A01
86626;201400056718;1;7;0;0.0;1.0;4.0;4.0;Z01
86627;201400056719;0;1;0;0.0;2.0;1.0;1.0;B01
86628;201400056719;0;10;0;0.0;2.0;3.0;22.0;A01
86629;201400056720;1;7;0;0.0;1.0;2.0;1.0;Z01
86630;201400056721;0;33;0;0.0;2.0;1.0;2.0;A01
86631;201400056721;0;7;0;0.0;2.0;4.0;23.0;B01
86632;201400056723;0;32;0;0.0;1.0;0.0;1.0;A01
86633;201400056724;0;7;0;0.0;1.0;3.0;1.0;A01
86634;201400056725;0;7;0;0.0;1.0;1.0;1.0;A01
86635;201400056726;0;31;0;0.0;1.0;3.0;1.0;A01
86636;201400056728;0;7;0;0.0;2.0;4.0;23.0;B01
86637;201400056728;0;7;0;0.0;2.0;1.0;2.0;A01
86638;201400056729;0;30;0;0.0;2.0;6.0;1.0;A01
86639;201400056729;1;7;0;0.0;2.0;7.0;16.0;Z01
86640;201400056730;0;7;0;12.0;0.0;1.0;14.0;A01
86641;201400056731;0;7;0;14.0;0.0;1.0;14.0;A01
86642;201400056732;0;34;0;0.0;1.0;0.0;17.0;A01
86643;201400056733;0;30;0;0.0;2.0;5.0;1.0;A01
86644;201400056733;1;7;0;0.0;2.0;2.0;2.0;Z01
86645;201400056734;0;2;0;0.0;1.0;0.0;1.0;A01
86646;201400056735;0;34;0;0.0;2.0;1.0;13.0;A01
86647;201400056735;0;7;0;0.0;2.0;1.0;23.0;B01
86648;201400056736;0;30;0;0.0;2.0;7.0;9.0;A01
86649;201400056736;0;7;0;0.0;2.0;8.0;1.0;B01
86650;201400056737;0;33;0;0.0;1.0;3.0;1.0;A01
86651;201400056738;0;32;0;0.0;2.0;2.0;1.0;A01
86652;201400056738;0;7;0;0.0;2.0;3.0;1.0;B01
86653;201400056739;0;2;0;0.0;2.0;0.0;7.0;A01
86654;201400056739;0;7;0;0.0;2.0;0.0;16.0;B01
86655;201400056741;0;7;0;0.0;2.0;3.0;15.0;A01
86656;201400056741;0;2;0;0.0;2.0;1.0;17.0;B01
86657;201400056742;0;7;0;0.0;2.0;9.0;1.0;B01
86658;201400056742;0;7;0;0.0;2.0;4.0;23.0;C01
86659;201400056742;0;10;0;0.0;2.0;1.0;1.0;A01
86660;201400056743;0;33;0;0.0;1.0;1.0;1.0;A01
86661;201400056744;0;7;0;0.0;1.0;2.0;1.0;A01
86662;201400056745;0;7;0;0.0;1.0;2.0;1.0;A01
86663;201400056746;0;32;0;0.0;0.0;0.0;21.0;A01
86664;201400056747;0;34;0;0.0;2.0;5.0;17.0;B01
86665;201400056747;1;10;0;0.0;2.0;3.0;15.0;Z01
86666;201400056748;1;2;0;0.0;1.0;0.0;18.0;Z01
86667;201400056749;0;7;0;0.0;2.0;2.0;15.0;A01
86668;201400056749;0;34;0;0.0;2.0;1.0;1.0;B01
86669;201400056750;0;2;0;1.0;2.0;8.0;18.0;A01
86670;201400056750;0;10;0;0.0;2.0;7.0;1.0;B01
86671;201400056751;0;7;0;0.0;1.0;3.0;1.0;A01
86672;201400056752;0;30;0;0.0;0.0;0.0;1.0;A01
86673;201400056753;0;7;0;0.0;1.0;1.0;1.0;A01
86674;201400056754;0;32;0;0.0;0.0;7.0;1.0;A01
86675;201400056755;0;7;0;14.0;0.0;1.0;13.0;A01
86676;201400056756;0;7;0;0.0;1.0;4.0;4.0;A01
86677;201400056757;0;34;0;0.0;2.0;3.0;1.0;B01
86678;201400056757;0;7;0;0.0;2.0;2.0;9.0;A01
86679;201400056758;0;30;0;0.0;2.0;6.0;2.0;A01
86680;201400056758;0;7;0;0.0;2.0;6.0;23.0;B01
86681;201400056759;0;1;0;0.0;2.0;1.0;7.0;B01
86682;201400056759;0;7;0;0.0;2.0;8.0;22.0;A01
86683;201400056760;1;30;0;0.0;1.0;0.0;1.0;Z01
86684;201400056761;0;7;0;8.0;2.0;0.0;16.0;A01
86685;201400056761;1;7;0;0.0;2.0;0.0;1.0;Z01
86686;201400056762;0;30;0;0.0;2.0;2.0;17.0;A01
86687;201400056762;0;7;0;0.0;2.0;3.0;13.0;B01
86688;201400056764;0;7;0;1.0;0.0;3.0;13.0;A01
86689;201400056765;1;7;0;0.0;2.0;6.0;10.0;Z01
86690;201400056765;0;33;0;0.0;2.0;2.0;1.0;B01
86691;201400056766;0;2;0;0.0;2.0;8.0;18.0;A01
86692;201400056766;0;10;0;0.0;2.0;7.0;16.0;B01
86693;201400056767;0;7;0;0.0;1.0;3.0;16.0;A01
86694;201400056769;0;1;0;0.0;1.0;1.0;1.0;A01
86695;201400056770;0;1;0;0.0;2.0;1.0;17.0;B01
86696;201400056770;0;7;0;0.0;2.0;8.0;22.0;A01
86697;201400056771;0;7;0;0.0;2.0;3.0;22.0;A01
86698;201400056771;0;1;0;1.0;2.0;7.0;1.0;B01
86699;201400056772;0;2;0;0.0;0.0;7.0;1.0;A01
86700;201400056773;0;33;0;0.0;2.0;8.0;14.0;A01
86701;201400056773;0;10;0;0.0;2.0;3.0;1.0;B01
86702;201400056774;0;32;0;0.0;1.0;1.0;17.0;A01
86703;201400056775;0;32;0;0.0;2.0;2.0;17.0;B01
86704;201400056775;0;7;0;0.0;2.0;3.0;15.0;A01
86705;201400056776;0;33;0;12.0;0.0;1.0;1.0;A01
86706;201400056777;0;31;0;0.0;1.0;1.0;1.0;A01
86707;201400056778;0;34;0;0.0;1.0;1.0;3.0;A01
86708;201400056778;0;7;0;0.0;2.0;8.0;1.0;B01
86709;201400056778;0;10;0;0.0;2.0;7.0;1.0;C01
86710;201400056779;0;1;0;1.0;2.0;5.0;2.0;A01
86711;201400056779;1;7;0;0.0;2.0;2.0;2.0;Z01
86712;201400056782;0;7;0;1.0;2.0;3.0;1.0;B01
86713;201400056782;0;7;0;0.0;2.0;3.0;17.0;A01
86714;201400056783;0;7;0;0.0;1.0;2.0;1.0;A01
86715;201400056784;0;32;0;0.0;1.0;1.0;1.0;A01
86716;201400056785;1;30;0;0.0;1.0;7.0;16.0;Z01
86717;201400056786;2;1;0;0.0;1.0;1.0;1.0;A01
86718;201400056787;0;7;0;0.0;1.0;7.0;1.0;A01
86719;201400056788;0;7;0;0.0;2.0;0.0;16.0;B01
86720;201400056788;0;30;0;0.0;2.0;1.0;1.0;A01
86721;201400056789;0;34;0;0.0;2.0;1.0;1.0;B01
86722;201400056789;0;7;0;0.0;2.0;3.0;9.0;A01
86723;201400056791;0;7;0;0.0;1.0;6.0;20.0;A01
86724;201400056792;0;1;0;0.0;2.0;1.0;9.0;B01
86725;201400056792;0;1;0;0.0;2.0;1.0;1.0;A01
86726;201400056793;0;32;0;0.0;2.0;5.0;1.0;A01
86727;201400056793;1;7;0;0.0;2.0;0.0;10.0;Z01
86728;201400056794;0;7;0;0.0;1.0;4.0;23.0;A01
86729;201400056794;1;7;0;0.0;2.0;1.0;1.0;Z01
86730;201400056795;0;30;0;1.0;0.0;1.0;1.0;A01
86731;201400056796;0;7;0;0.0;1.0;2.0;1.0;A01
86732;201400056797;0;7;0;0.0;2.0;1.0;2.0;A01
86733;201400056797;0;7;0;0.0;2.0;4.0;23.0;B01
86734;201400056799;0;30;0;0.0;2.0;1.0;3.0;A01
86735;201400056799;0;7;0;0.0;2.0;2.0;23.0;B01
86736;201400056799;0;7;0;0.0;2.0;6.0;23.0;C01
86737;201400056800;0;7;0;0.0;1.0;0.0;1.0;A01
86738;201400056801;0;7;0;0.0;2.0;3.0;1.0;A01
86739;201400056801;1;7;0;0.0;2.0;0.0;16.0;Z01
86740;201400056802;0;7;0;0.0;2.0;0.0;1.0;A01
86741;201400056802;0;2;0;0.0;2.0;3.0;16.0;B01
86742;201400056803;0;7;0;0.0;2.0;3.0;15.0;B01
86743;201400056803;0;33;0;0.0;2.0;7.0;17.0;A01
86744;201400056804;0;30;0;0.0;2.0;2.0;17.0;A01
86745;201400056804;0;7;0;0.0;2.0;3.0;10.0;B01
86746;201400056805;0;34;0;0.0;0.0;8.0;21.0;A01
86747;201400056806;0;33;0;0.0;2.0;8.0;1.0;A01
86748;201400056806;0;7;0;0.0;2.0;3.0;15.0;B01
86749;201400056807;0;7;0;0.0;2.0;1.0;1.0;A01
86750;201400056807;0;1;0;0.0;2.0;1.0;19.0;B01
86751;201400056808;0;7;0;11.0;0.0;1.0;1.0;A01
86752;201400056809;0;7;0;0.0;2.0;5.0;22.0;B01
86753;201400056809;0;34;0;0.0;2.0;1.0;7.0;A01
86754;201400056810;0;7;0;0.0;2.0;2.0;5.0;A01
86755;201400056810;0;7;0;0.0;2.0;1.0;1.0;B01
86756;201400056812;1;7;0;0.0;1.0;1.0;1.0;Z01
86757;201400056813;0;30;0;0.0;2.0;8.0;1.0;B01
86758;201400056813;0;7;0;0.0;2.0;2.0;1.0;A01
86759;201400056814;0;7;0;0.0;1.0;3.0;1.0;A01
86760;201400056815;0;7;0;0.0;2.0;5.0;23.0;B01
86761;201400056815;0;30;0;0.0;2.0;1.0;2.0;A01
86762;201400056816;0;7;0;0.0;1.0;2.0;1.0;A01
86763;201400056818;0;31;0;0.0;0.0;8.0;1.0;A01
86764;201400056819;0;10;0;0.0;2.0;3.0;2.0;A01
86765;201400056819;0;14;0;0.0;2.0;5.0;2.0;B01
86766;201400056820;1;7;0;0.0;2.0;4.0;17.0;Z01
86767;201400056820;0;1;0;0.0;2.0;5.0;7.0;A01
86768;201400056821;0;7;0;0.0;2.0;1.0;2.0;A01
86769;201400056821;0;7;0;0.0;2.0;4.0;2.0;B01
86770;201400056822;0;7;0;0.0;1.0;1.0;16.0;A01
86771;201400056823;0;34;0;1.0;2.0;3.0;1.0;B01
86772;201400056823;0;7;0;0.0;2.0;2.0;12.0;A01
86773;201400056824;0;7;0;0.0;2.0;3.0;18.0;A01
86774;201400056824;0;10;0;0.0;2.0;2.0;16.0;B01
86775;201400056826;0;13;0;1.0;1.0;4.0;4.0;A01
86776;201400056827;0;7;0;0.0;2.0;3.0;15.0;B01
86777;201400056827;0;2;0;0.0;2.0;2.0;5.0;A01
86778;201400056828;0;7;0;0.0;1.0;1.0;15.0;A01
86779;201400056829;0;7;0;0.0;1.0;1.0;16.0;A01
86780;201400056830;0;7;0;0.0;2.0;2.0;16.0;A01
86781;201400056830;0;1;0;0.0;2.0;1.0;1.0;B01
86782;201400056831;0;1;0;0.0;2.0;1.0;1.0;B01
86783;201400056831;0;7;0;0.0;2.0;8.0;22.0;A01
86784;201400056832;0;30;0;0.0;1.0;1.0;17.0;A01
86785;201400056833;0;10;0;0.0;2.0;0.0;22.0;A01
86786;201400056833;0;30;0;0.0;2.0;1.0;1.0;B01
86787;201400056834;0;34;0;0.0;0.0;0.0;21.0;A01
86788;201400056835;0;30;0;0.0;1.0;1.0;1.0;A01
86789;201400056836;0;7;0;0.0;1.0;3.0;15.0;A01
86790;201400056839;2;3;0;0.0;2.0;1.0;10.0;Z01
86791;201400056839;0;7;0;0.0;2.0;1.0;1.0;A01
86792;201400056841;0;33;0;0.0;0.0;0.0;1.0;A01
86793;201400056843;0;14;0;6.0;0.0;1.0;1.0;A01
86794;201400056844;0;2;0;0.0;0.0;1.0;1.0;A01
86795;201400056845;0;7;0;0.0;2.0;6.0;13.0;B01
86796;201400056845;0;31;0;0.0;2.0;2.0;14.0;A01
86797;201400056846;0;30;0;4.0;0.0;7.0;1.0;A01
86798;201400056847;0;7;0;0.0;2.0;2.0;1.0;B01
86799;201400056847;0;31;0;0.0;2.0;3.0;9.0;A01
86800;201400056848;0;7;0;0.0;1.0;1.0;15.0;A01
86801;201400056849;0;31;0;0.0;2.0;3.0;17.0;A01
86802;201400056849;0;7;0;0.0;2.0;3.0;15.0;B01
86803;201400056850;0;2;0;0.0;2.0;1.0;18.0;B01
86804;201400056850;0;7;0;0.0;2.0;7.0;14.0;A01
86805;201400056851;0;7;0;14.0;0.0;1.0;1.0;A01
86806;201400056852;0;7;0;0.0;2.0;2.0;17.0;B01
86807;201400056852;0;37;1;0.0;2.0;6.0;1.0;C01
86808;201400056852;0;7;0;0.0;2.0;2.0;13.0;A01
86809;201400056853;0;2;0;0.0;2.0;1.0;17.0;A01
86810;201400056853;0;7;0;0.0;2.0;6.0;10.0;B01
86811;201400056854;0;2;0;0.0;0.0;0.0;1.0;A01
86812;201400056855;0;7;0;0.0;1.0;1.0;1.0;A01
86813;201400056856;1;32;0;0.0;1.0;3.0;1.0;Z01
86814;201400056858;0;7;0;0.0;1.0;1.0;16.0;A01
86815;201400056859;1;7;0;0.0;2.0;5.0;2.0;Z01
86816;201400056859;0;7;0;0.0;1.0;3.0;23.0;A01
86817;201400056860;0;7;0;0.0;1.0;3.0;1.0;A01
86818;201400056861;0;7;0;0.0;2.0;2.0;22.0;A01
86819;201400056861;0;1;0;0.0;2.0;1.0;1.0;B01
86820;201400056862;1;7;0;0.0;2.0;1.0;9.0;Z01
86821;201400056862;0;1;0;0.0;2.0;7.0;1.0;A01
86822;201400056863;1;7;0;0.0;1.0;3.0;16.0;Z01
86823;201400056864;1;7;0;0.0;1.0;0.0;1.0;Z01
86824;201400056865;0;14;0;15.0;1.0;5.0;4.0;A01
86825;201400056866;1;7;0;0.0;2.0;0.0;15.0;Z01
86826;201400056866;0;33;0;1.0;2.0;7.0;1.0;A01
86827;201400056867;0;7;0;0.0;2.0;6.0;9.0;A01
86828;201400056867;0;2;0;0.0;2.0;1.0;1.0;B01
86829;201400056868;0;7;0;0.0;2.0;3.0;9.0;A01
86830;201400056868;0;33;0;0.0;2.0;1.0;1.0;B01
86831;201400056869;0;7;0;0.0;2.0;1.0;16.0;A01
86832;201400056869;0;1;0;0.0;2.0;1.0;1.0;B01
86833;201400056870;0;32;0;0.0;1.0;1.0;1.0;A01
86834;201400056871;0;2;0;0.0;2.0;1.0;16.0;B01
86835;201400056871;0;7;0;0.0;2.0;7.0;15.0;A01
86836;201400056872;0;2;0;1.0;1.0;1.0;7.0;A01
86837;201400056874;0;30;0;0.0;2.0;8.0;1.0;B01
86838;201400056874;0;7;0;0.0;2.0;2.0;15.0;A01
86839;201400056875;0;1;0;0.0;2.0;3.0;19.0;B01
86840;201400056875;0;10;0;0.0;2.0;1.0;1.0;A01
86841;201400056876;0;30;0;0.0;0.0;0.0;1.0;A01
86842;201400056877;0;7;0;0.0;2.0;4.0;23.0;B01
86843;201400056877;0;1;0;0.0;2.0;1.0;1.0;A01
86844;201400056878;0;2;0;0.0;0.0;3.0;1.0;A01
86845;201400056879;0;7;0;0.0;2.0;6.0;1.0;B01
86846;201400056879;0;2;0;0.0;2.0;8.0;5.0;A01
86847;201400056880;0;7;0;0.0;1.0;3.0;1.0;A01
86848;201400056881;0;10;0;0.0;2.0;8.0;15.0;B01
86849;201400056881;0;32;0;0.0;2.0;1.0;17.0;A01
86850;201400056882;0;7;0;0.0;1.0;3.0;1.0;A01
86851;201400056883;0;10;0;0.0;2.0;3.0;15.0;A01
86852;201400056883;0;33;0;0.0;2.0;1.0;1.0;B01
86853;201400056885;0;31;0;0.0;1.0;3.0;1.0;A01
86854;201400056886;2;2;0;12.0;1.0;1.0;1.0;A01
86855;201400056888;0;30;0;0.0;2.0;8.0;1.0;B01
86856;201400056888;0;7;0;0.0;2.0;3.0;15.0;A01
86857;201400056889;1;30;0;0.0;1.0;1.0;1.0;Z01
86858;201400056890;0;7;0;0.0;2.0;3.0;1.0;A01
86859;201400056890;0;1;0;0.0;2.0;1.0;13.0;B01
86860;201400056892;0;2;0;0.0;0.0;0.0;1.0;A01
86861;201400056893;1;30;0;0.0;1.0;0.0;1.0;Z01
86862;201400056894;1;30;0;0.0;1.0;1.0;5.0;Z01
86863;201400056895;0;2;0;0.0;0.0;0.0;1.0;A01
86864;201400056896;0;2;0;0.0;2.0;0.0;1.0;B01
86865;201400056896;0;10;0;0.0;2.0;0.0;16.0;A01
86866;201400056898;0;7;0;0.0;2.0;4.0;2.0;B01
86867;201400056898;0;7;0;0.0;2.0;4.0;2.0;A01
86868;201400056899;1;7;0;0.0;2.0;1.0;1.0;Z01
86869;201400056899;0;7;0;0.0;2.0;3.0;1.0;A01
86870;201400056900;0;7;0;0.0;2.0;4.0;23.0;A01
86871;201400056900;1;7;0;0.0;2.0;1.0;1.0;Z01
86872;201400056901;1;2;0;0.0;1.0;1.0;5.0;Z01
86873;201400056902;0;1;0;0.0;1.0;0.0;1.0;A01
86874;201400056903;0;7;0;0.0;1.0;1.0;15.0;A01
86875;201400056904;0;32;0;0.0;2.0;8.0;1.0;A01
86876;201400056904;1;34;0;0.0;2.0;0.0;14.0;Z01
86877;201400056905;0;1;0;0.0;1.0;2.0;1.0;A01
86878;201400056906;0;7;0;0.0;1.0;2.0;1.0;A01
86879;201400056907;0;31;0;0.0;2.0;3.0;1.0;B01
86880;201400056907;0;7;0;0.0;2.0;2.0;16.0;A01
86881;201400056908;0;33;0;0.0;2.0;1.0;17.0;B01
86882;201400056908;0;7;0;0.0;2.0;7.0;22.0;A01
86883;201400056909;0;31;0;0.0;0.0;0.0;1.0;A01
86884;201400056910;0;7;0;0.0;1.0;2.0;1.0;A01
86885;201400056911;0;7;0;0.0;2.0;4.0;23.0;B01
86886;201400056911;0;7;0;0.0;2.0;1.0;2.0;A01
86887;201400056912;0;7;0;0.0;2.0;8.0;9.0;A01
86888;201400056912;0;31;0;0.0;2.0;1.0;1.0;B01
86889;201400056913;0;7;0;8.0;0.0;0.0;13.0;A01
86890;201400056914;0;2;0;0.0;0.0;0.0;7.0;A01
86891;201400056915;0;7;0;0.0;2.0;8.0;23.0;B01
86892;201400056915;0;10;0;0.0;2.0;4.0;23.0;C01
86893;201400056915;0;33;0;0.0;1.0;1.0;1.0;A01
86894;201400056916;0;34;0;14.0;0.0;7.0;1.0;A01
86895;201400056917;0;7;0;0.0;1.0;0.0;1.0;A01
86896;201400056918;0;7;0;0.0;2.0;8.0;11.0;A01
86897;201400056918;0;33;0;0.0;2.0;2.0;1.0;B01
86898;201400056919;0;1;0;0.0;2.0;4.0;15.0;A01
86899;201400056919;1;7;0;0.0;2.0;0.0;2.0;Z01
86900;201400056920;0;7;0;0.0;1.0;3.0;1.0;A01
86901;201400056921;0;7;0;0.0;1.0;4.0;4.0;A01
86902;201400056923;0;32;0;0.0;1.0;3.0;1.0;A01
86903;201400056924;0;32;0;0.0;0.0;0.0;1.0;A01
86904;201400056925;0;7;0;0.0;1.0;1.0;1.0;A01
86905;201400056926;0;2;0;0.0;1.0;3.0;1.0;A01
86906;201400056927;0;7;0;0.0;1.0;1.0;15.0;A01
86907;201400056928;0;2;0;0.0;0.0;0.0;21.0;A01
86908;201400056929;0;34;0;0.0;1.0;2.0;1.0;A01
86909;201400056930;0;7;0;0.0;2.0;7.0;15.0;B01
86910;201400056930;0;34;0;0.0;2.0;1.0;1.0;A01
86911;201400056931;0;31;0;0.0;0.0;0.0;21.0;A01
86912;201400056932;0;31;0;0.0;0.0;3.0;1.0;A01
86913;201400056933;1;7;0;0.0;1.0;1.0;16.0;Z01
86914;201400056934;0;2;0;0.0;2.0;1.0;1.0;A01
86915;201400056934;0;10;0;0.0;2.0;8.0;1.0;B01
86916;201400056935;0;32;0;0.0;0.0;0.0;1.0;A01
86917;201400056936;0;32;0;0.0;2.0;4.0;23.0;A01
86918;201400056936;0;7;0;0.0;2.0;1.0;1.0;B01
86919;201400056937;0;10;0;0.0;2.0;2.0;12.0;B01
86920;201400056937;0;33;0;0.0;2.0;0.0;3.0;A01
86921;201400056938;0;30;0;0.0;0.0;1.0;21.0;A01
86922;201400056939;0;7;0;0.0;2.0;3.0;1.0;B01