;Num_Acc;senc;catv;occutc;obs;obsm;choc;manv;num_veh
87342;201400057232;0;31;0;0.0;0.0;0.0;1.0;A01
87343;201400057233;0;2;0;0.0;2.0;2.0;1.0;B01
87344;201400057233;0;7;0;0.0;2.0;3.0;9.0;A01
87345;201400057234;0;7;0;0.0;2.0;8.0;15.0;A01
87346;201400057234;0;30;0;0.0;2.0;1.0;17.0;B01
87347;201400057235;0;30;0;0.0;2.0;2.0;17.0;A01
87348;201400057235;0;7;0;0.0;2.0;3.0;15.0;B01
87349;201400057236;0;32;0;0.0;2.0;1.0;1.0;A01
87350;201400057236;1;7;0;0.0;2.0;4.0;16.0;Z01
87351;201400057237;0;34;0;0.0;1.0;1.0;1.0;A01
87352;201400057239;0;7;0;0.0;1.0;1.0;1.0;A01
87353;201400057240;0;7;0;0.0;2.0;4.0;23.0;C01
87354;201400057240;0;7;0;0.0;2.0;4.0;23.0;B01
87355;201400057240;2;7;0;0.0;2.0;1.0;1.0;A01
87356;201400057241;0;1;0;0.0;2.0;1.0;1.0;A01
87357;201400057241;0;7;0;0.0;2.0;5.0;23.0;B01
87358;201400057243;0;1;0;0.0;1.0;1.0;1.0;A01
87359;201400057244;0;7;0;0.0;2.0;4.0;23.0;B01
87360;201400057244;0;10;0;0.0;2.0;3.0;2.0;A01
87361;201400057245;0;10;0;0.0;1.0;1.0;15.0;A01
87362;201400057247;0;10;0;0.0;2.0;2.0;15.0;A01
87363;201400057247;0;31;0;0.0;2.0;1.0;1.0;B01
87364;201400057248;1;7;0;0.0;2.0;4.0;2.0;Z01
87365;201400057248;0;1;0;0.0;2.0;4.0;2.0;A01
87366;201400057249;0;33;0;0.0;1.0;1.0;1.0;A01
87367;201400057250;0;7;0;0.0;1.0;0.0;1.0;A01
87368;201400057251;0;7;0;0.0;2.0;3.0;22.0;A01
87369;201400057251;0;1;0;1.0;2.0;1.0;1.0;B01
87370;201400057252;0;2;0;0.0;2.0;5.0;5.0;A01
87371;201400057252;0;7;0;0.0;2.0;2.0;1.0;B01
87372;201400057253;0;7;0;0.0;2.0;2.0;1.0;A01
87373;201400057253;0;13;0;0.0;2.0;6.0;23.0;B01
87374;201400057256;0;7;0;0.0;2.0;2.0;9.0;A01
87375;201400057256;0;33;0;0.0;2.0;3.0;1.0;B01
87376;201400057257;1;30;0;0.0;1.0;1.0;1.0;Z01
87377;201400057258;0;10;0;0.0;1.0;6.0;1.0;A01
87378;201400057259;0;31;0;0.0;1.0;1.0;1.0;A01
87379;201400057260;0;7;0;0.0;2.0;0.0;15.0;B01
87380;201400057260;0;32;0;0.0;2.0;0.0;17.0;A01
87381;201400057261;0;7;0;0.0;1.0;3.0;1.0;A01
87382;201400057262;0;33;0;0.0;2.0;2.0;5.0;B01
87383;201400057262;0;10;0;0.0;2.0;3.0;10.0;A01
87384;201400057263;0;7;0;0.0;1.0;2.0;15.0;A01
87385;201400057264;0;7;0;0.0;2.0;3.0;15.0;A01
87386;201400057264;0;30;0;0.0;2.0;7.0;17.0;B01
87387;201400057265;0;7;0;0.0;1.0;1.0;1.0;A01
87388;201400057266;0;32;0;0.0;2.0;8.0;1.0;A01
87389;201400057266;1;13;0;0.0;2.0;0.0;14.0;Z01
87390;201400057267;0;10;0;0.0;2.0;2.0;13.0;A01
87391;201400057267;0;7;0;0.0;2.0;7.0;1.0;B01
87392;201400057268;0;7;0;0.0;1.0;1.0;15.0;A01
87393;201400057269;0;33;0;0.0;2.0;2.0;3.0;A01
87394;201400057269;0;7;0;0.0;2.0;4.0;12.0;B01
87395;201400057270;0;7;0;0.0;2.0;7.0;1.0;A01
87396;201400057270;0;30;0;0.0;2.0;1.0;1.0;B01
87397;201400057271;0;7;0;0.0;2.0;1.0;15.0;A01
87398;201400057271;0;33;0;0.0;2.0;1.0;1.0;B01
87399;201400057272;0;7;0;0.0;1.0;2.0;16.0;A01
87400;201400057273;0;7;0;0.0;1.0;3.0;15.0;A01
87401;201400057274;1;7;0;0.0;2.0;0.0;2.0;Z01
87402;201400057274;0;30;0;0.0;2.0;4.0;2.0;A01
87403;201400057275;0;7;0;0.0;1.0;7.0;1.0;A01
87404;201400057276;0;7;0;0.0;2.0;1.0;1.0;B01
87405;201400057276;0;7;0;0.0;2.0;1.0;5.0;A01
87406;201400057277;1;10;0;0.0;2.0;1.0;13.0;Z01
87407;201400057277;0;31;0;0.0;2.0;2.0;1.0;A01
87408;201400057278;0;2;0;0.0;2.0;1.0;1.0;B01
87409;201400057278;0;7;0;0.0;2.0;3.0;15.0;A01
87410;201400057279;0;33;0;0.0;1.0;3.0;0.0;A01
87411;201400057280;0;10;0;0.0;1.0;3.0;1.0;A01
87412;201400057281;0;7;0;0.0;2.0;2.0;15.0;A01
87413;201400057281;0;1;0;0.0;2.0;1.0;1.0;B01
87414;201400057282;0;7;0;1.0;0.0;3.0;1.0;A01
87415;201400057283;0;7;0;0.0;2.0;4.0;2.0;B01
87416;201400057283;0;7;0;0.0;2.0;4.0;13.0;A01
87417;201400057283;0;7;0;0.0;2.0;1.0;2.0;C01
87418;201400057283;0;32;0;0.0;2.0;1.0;3.0;D01
87419;201400057284;0;33;0;0.0;2.0;6.0;15.0;A01
87420;201400057284;0;33;0;1.0;2.0;2.0;1.0;B01
87421;201400057285;0;7;0;0.0;1.0;3.0;1.0;A01
87422;201400057286;0;7;0;0.0;1.0;8.0;1.0;A01
87423;201400057287;0;33;0;0.0;2.0;1.0;2.0;A01
87424;201400057287;0;7;0;0.0;2.0;4.0;2.0;B01
87425;201400057288;0;14;0;0.0;2.0;2.0;16.0;A01
87426;201400057288;0;1;0;0.0;2.0;4.0;1.0;B01
87427;201400057289;0;7;0;0.0;1.0;8.0;1.0;A01
87428;201400057290;0;34;0;0.0;2.0;3.0;2.0;A01
87429;201400057290;0;7;0;0.0;2.0;5.0;23.0;B01
87430;201400057291;0;10;0;0.0;1.0;1.0;7.0;A01
87431;201400057292;0;7;0;1.0;2.0;3.0;1.0;B01
87432;201400057292;0;30;0;0.0;2.0;2.0;1.0;A01
87433;201400057293;0;7;0;1.0;1.0;2.0;4.0;A01
87434;201400057294;0;7;0;0.0;2.0;1.0;1.0;A01
87435;201400057294;0;10;0;3.0;2.0;8.0;1.0;D01
87436;201400057294;0;33;0;0.0;2.0;3.0;2.0;C01
87437;201400057294;0;33;0;0.0;2.0;6.0;2.0;B01
87438;201400057295;0;7;0;0.0;2.0;3.0;1.0;B01
87439;201400057295;0;7;0;0.0;2.0;1.0;7.0;A01
87440;201400057296;0;14;0;0.0;1.0;7.0;1.0;A01
87441;201400057297;0;34;0;0.0;0.0;8.0;1.0;A01
87442;201400057298;0;7;0;4.0;0.0;7.0;1.0;A01
87443;201400057300;0;7;0;0.0;2.0;3.0;15.0;A01
87444;201400057300;0;33;0;0.0;2.0;2.0;5.0;B01
87445;201400057301;0;7;0;0.0;2.0;7.0;10.0;A01
87446;201400057301;0;2;0;0.0;2.0;1.0;16.0;B01
87447;201400057302;0;32;0;1.0;2.0;3.0;1.0;A01
87448;201400057302;0;7;0;0.0;2.0;1.0;7.0;B01
87449;201400057303;0;37;10;0.0;1.0;1.0;1.0;A01
87450;201400057304;0;7;0;0.0;1.0;1.0;1.0;A01
87451;201400057305;0;10;0;0.0;2.0;3.0;15.0;A01
87452;201400057305;0;10;0;0.0;2.0;2.0;5.0;B01
87453;201400057306;0;7;0;0.0;2.0;7.0;1.0;A01
87454;201400057306;0;31;0;0.0;2.0;3.0;1.0;B01
87455;201400057307;0;2;0;0.0;2.0;7.0;1.0;B01
87456;201400057307;0;7;0;0.0;2.0;3.0;11.0;A01
87457;201400057308;0;2;0;0.0;0.0;0.0;1.0;A01
87458;201400057309;0;33;0;1.0;2.0;3.0;3.0;A01
87459;201400057309;0;7;0;0.0;2.0;7.0;1.0;B01
87460;201400057310;0;7;0;0.0;1.0;2.0;7.0;A01
87461;201400057311;0;37;0;0.0;1.0;1.0;1.0;A01
87462;201400057312;0;2;0;0.0;1.0;1.0;17.0;A01
87463;201400057313;0;33;0;14.0;0.0;3.0;1.0;A01
87464;201400057314;0;1;0;1.0;0.0;0.0;1.0;A01
87465;201400057315;0;37;25;0.0;1.0;2.0;8.0;A01
87466;201400057316;0;7;0;0.0;2.0;8.0;1.0;B01
87467;201400057316;0;7;0;0.0;2.0;2.0;1.0;A01
87468;201400057317;0;10;0;0.0;1.0;4.0;4.0;A01
87469;201400057318;0;33;0;0.0;2.0;1.0;1.0;A01
87470;201400057318;0;13;0;0.0;2.0;8.0;15.0;B01
87471;201400057319;0;7;0;0.0;2.0;2.0;1.0;A01
87472;201400057319;0;1;0;0.0;2.0;4.0;1.0;B01
87473;201400057320;0;7;0;8.0;2.0;8.0;15.0;A01
87474;201400057320;0;30;0;0.0;2.0;2.0;17.0;B01
87475;201400057321;0;33;0;0.0;0.0;1.0;5.0;A01
87476;201400057321;0;7;0;0.0;2.0;1.0;23.0;B01
87477;201400057322;0;10;0;0.0;2.0;1.0;1.0;A01
87478;201400057322;0;7;0;1.0;2.0;8.0;10.0;B01
87479;201400057323;0;10;0;0.0;2.0;3.0;15.0;A01
87480;201400057323;0;33;0;0.0;2.0;1.0;1.0;B01
87481;201400057324;0;10;0;1.0;0.0;1.0;14.0;A01
87482;201400057325;0;33;0;0.0;2.0;4.0;3.0;B01
87483;201400057325;0;7;0;0.0;2.0;4.0;1.0;D01
87484;201400057325;0;31;0;0.0;2.0;4.0;1.0;E01
87485;201400057325;0;7;0;0.0;2.0;4.0;1.0;C01
87486;201400057325;0;33;0;0.0;2.0;1.0;3.0;A01
87487;201400057326;0;7;0;6.0;2.0;1.0;13.0;A01
87488;201400057326;0;7;0;0.0;2.0;3.0;1.0;B01
87489;201400057327;0;7;0;0.0;2.0;3.0;1.0;A01
87490;201400057327;0;7;0;0.0;2.0;5.0;1.0;B01
87491;201400057329;0;7;0;0.0;1.0;2.0;1.0;A01
87492;201400057330;0;30;0;0.0;2.0;1.0;1.0;B01
87493;201400057330;0;7;0;0.0;2.0;3.0;10.0;A01
87494;201400057331;0;7;0;0.0;1.0;2.0;1.0;A01
87495;201400057332;0;33;0;1.0;0.0;1.0;14.0;A01
87496;201400057333;0;7;0;0.0;2.0;2.0;15.0;A01
87497;201400057333;0;2;0;0.0;2.0;1.0;1.0;B01
87498;201400057334;0;7;0;0.0;1.0;2.0;16.0;A01
87499;201400057335;0;7;0;0.0;1.0;3.0;1.0;A01
87500;201400057337;1;30;0;0.0;1.0;1.0;1.0;A01
87501;201400057338;0;7;0;3.0;0.0;2.0;14.0;A01
87502;201400057339;0;32;0;0.0;2.0;1.0;1.0;B01
87503;201400057339;0;7;0;0.0;2.0;3.0;1.0;A01
87504;201400057340;0;7;0;0.0;2.0;2.0;15.0;A01
87505;201400057340;0;31;0;0.0;2.0;1.0;1.0;B01
87506;201400057341;0;31;0;11.0;0.0;8.0;1.0;A01
87507;201400057342;0;31;0;0.0;1.0;0.0;7.0;A01
87508;201400057343;0;14;0;0.0;2.0;2.0;16.0;A01
87509;201400057343;0;30;0;0.0;2.0;8.0;1.0;B01
87510;201400057344;0;33;0;0.0;2.0;1.0;1.0;B01
87511;201400057344;0;7;0;0.0;2.0;1.0;15.0;A01
87512;201400057345;0;7;0;11.0;0.0;3.0;13.0;A01
87513;201400057346;0;7;0;0.0;1.0;1.0;1.0;A01
87514;201400057348;0;7;0;0.0;2.0;1.0;5.0;A01
87515;201400057348;0;7;0;7.0;2.0;2.0;1.0;B01
87516;201400057349;0;1;0;0.0;2.0;7.0;19.0;B01
87517;201400057349;0;1;0;0.0;2.0;1.0;1.0;A01
87518;201400057351;0;7;0;0.0;1.0;2.0;15.0;A01
87519;201400057352;0;40;0;0.0;2.0;7.0;1.0;B01
87520;201400057352;0;1;0;0.0;2.0;1.0;19.0;A01
87521;201400057353;0;7;0;12.0;0.0;3.0;1.0;A01
87522;201400057354;0;10;0;0.0;2.0;8.0;23.0;B01
87523;201400057354;0;30;0;0.0;2.0;3.0;13.0;A01
87524;201400057355;0;7;0;0.0;1.0;1.0;15.0;A01
87525;201400057356;0;1;0;8.0;0.0;1.0;14.0;A01
87526;201400057357;0;7;0;0.0;1.0;2.0;1.0;A01
87527;201400057358;0;1;0;12.0;2.0;8.0;1.0;B01
87528;201400057358;0;10;0;0.0;2.0;3.0;1.0;A01
87529;201400057359;0;31;0;0.0;2.0;7.0;1.0;A01
87530;201400057359;0;10;0;0.0;2.0;8.0;9.0;B01
87531;201400057360;0;33;0;6.0;0.0;1.0;3.0;A01
87532;201400057361;0;7;0;0.0;2.0;8.0;13.0;A01
87533;201400057361;0;32;0;0.0;2.0;2.0;1.0;B01
87534;201400057362;0;10;0;0.0;1.0;0.0;15.0;A01
87535;201400057362;0;33;0;15.0;2.0;1.0;1.0;B01
87536;201400057364;0;31;0;0.0;2.0;7.0;15.0;B01
87537;201400057364;0;32;0;0.0;2.0;1.0;1.0;A01
87538;201400057365;0;7;0;1.0;0.0;1.0;1.0;A01
87539;201400057367;0;33;0;0.0;2.0;2.0;1.0;A01
87540;201400057367;0;32;0;0.0;2.0;5.0;23.0;B01
87541;201400057368;0;7;0;9.0;2.0;1.0;15.0;A01
87542;201400057368;0;34;0;0.0;2.0;1.0;1.0;B01
87543;201400057369;0;10;0;0.0;2.0;2.0;1.0;A01
87544;201400057369;0;7;0;0.0;2.0;7.0;1.0;B01
87545;201400057370;0;10;0;0.0;1.0;8.0;1.0;A01
87546;201400057372;1;7;0;0.0;1.0;1.0;1.0;Z01
87547;201400057373;2;7;0;4.0;0.0;1.0;1.0;A01
87548;201400057374;0;33;0;0.0;2.0;2.0;5.0;A01
87549;201400057374;0;30;0;0.0;2.0;8.0;15.0;B01
87550;201400057376;0;7;0;0.0;2.0;3.0;23.0;B01
87551;201400057376;0;31;0;0.0;2.0;2.0;17.0;A01
87552;201400057377;0;7;0;4.0;2.0;4.0;1.0;B01
87553;201400057377;0;33;0;4.0;2.0;9.0;1.0;C01
87554;201400057377;0;7;0;0.0;2.0;1.0;12.0;A01
87555;201400057378;0;33;0;0.0;2.0;1.0;1.0;B01
87556;201400057378;0;7;0;0.0;2.0;1.0;15.0;A01
87557;201400057380;0;7;0;0.0;2.0;7.0;16.0;A01
87558;201400057380;0;34;0;0.0;2.0;8.0;7.0;B01
87559;201400057382;0;33;0;0.0;2.0;2.0;3.0;A01
87560;201400057382;0;17;0;0.0;2.0;6.0;1.0;B01
87561;201400057384;0;31;0;0.0;1.0;1.0;1.0;A01
87562;201400057385;0;1;0;0.0;2.0;1.0;1.0;B01
87563;201400057385;0;7;0;0.0;2.0;8.0;22.0;A01
87564;201400057386;0;7;0;0.0;2.0;7.0;1.0;C01
87565;201400057386;0;7;0;4.0;2.0;6.0;1.0;A01
87566;201400057386;0;7;0;0.0;2.0;4.0;1.0;D01
87567;201400057386;0;7;0;0.0;2.0;2.0;1.0;B01
87568;201400057387;0;34;0;0.0;2.0;7.0;1.0;A01
87569;201400057387;0;10;0;0.0;2.0;1.0;1.0;B01
87570;201400057388;1;31;0;0.0;2.0;8.0;18.0;Z01
87571;201400057388;0;1;0;0.0;2.0;7.0;1.0;A01
87572;201400057389;0;30;0;0.0;1.0;0.0;1.0;A01
87573;201400057390;0;33;0;0.0;1.0;2.0;17.0;A01
87574;201400057391;0;32;0;0.0;2.0;2.0;1.0;B01
87575;201400057391;0;7;0;0.0;2.0;3.0;14.0;A01
87576;201400057392;0;34;0;0.0;1.0;1.0;1.0;A01
87577;201400057393;0;7;0;0.0;2.0;4.0;23.0;B01
87578;201400057393;0;31;0;0.0;2.0;4.0;1.0;A01
87579;201400057394;0;2;0;8.0;0.0;2.0;1.0;A01
87580;201400057395;0;2;0;0.0;1.0;3.0;1.0;A01
87581;201400057396;0;31;0;0.0;2.0;1.0;3.0;A01
87582;201400057396;0;7;0;0.0;2.0;8.0;1.0;B01
87583;201400057396;1;7;0;0.0;2.0;2.0;1.0;Z01
87584;201400057399;0;7;0;0.0;2.0;2.0;1.0;B01
87585;201400057399;0;30;0;0.0;2.0;8.0;9.0;A01
87586;201400057400;1;17;0;0.0;2.0;5.0;15.0;Z01
87587;201400057400;0;7;0;0.0;2.0;8.0;1.0;A01
87588;201400057401;0;7;0;0.0;1.0;1.0;1.0;A01
87589;201400057402;0;10;0;0.0;2.0;3.0;1.0;B01
87590;201400057402;0;1;0;0.0;2.0;6.0;19.0;A01
87591;201400057403;0;7;0;0.0;1.0;2.0;1.0;A01
87592;201400057404;0;2;0;8.0;0.0;0.0;1.0;A01
87593;201400057405;0;10;0;0.0;1.0;1.0;1.0;A01
87594;201400057406;0;31;0;0.0;1.0;1.0;5.0;A01
87595;201400057407;0;31;0;0.0;1.0;3.0;1.0;A01
87596;201400057408;0;7;0;0.0;1.0;1.0;1.0;A01
87597;201400057409;0;34;0;0.0;2.0;1.0;1.0;B01
87598;201400057409;0;7;0;0.0;2.0;2.0;15.0;A01
87599;201400057410;0;14;0;0.0;1.0;2.0;16.0;A01
87600;201400057411;0;7;0;0.0;1.0;2.0;1.0;A01
87601;201400057412;0;7;0;0.0;1.0;3.0;1.0;A01
87602;201400057413;0;3;0;0.0;2.0;3.0;1.0;B01
87603;201400057413;0;7;0;0.0;2.0;1.0;1.0;A01
87604;201400057414;0;7;0;0.0;2.0;4.0;2.0;B01
87605;201400057414;0;30;0;0.0;2.0;1.0;2.0;A01
87606;201400057415;0;33;0;0.0;2.0;1.0;1.0;A01
87607;201400057415;0;1;0;0.0;2.0;8.0;19.0;B01
87608;201400057418;0;10;0;0.0;2.0;8.0;22.0;A01
87609;201400057418;0;1;0;0.0;2.0;1.0;1.0;B01
87610;201400057419;0;34;0;0.0;0.0;7.0;1.0;A01
87611;201400057420;0;30;0;1.0;0.0;7.0;1.0;A01
87612;201400057421;0;7;0;0.0;2.0;7.0;1.0;A01
87613;201400057421;0;1;0;0.0;2.0;4.0;19.0;B01
87614;201400057422;0;7;0;2.0;0.0;1.0;13.0;A01
87615;201400057423;0;33;0;0.0;2.0;2.0;3.0;A01
87616;201400057423;0;7;0;0.0;2.0;5.0;13.0;B01
87617;201400057424;0;7;0;0.0;1.0;2.0;5.0;A01
87618;201400057425;0;7;0;0.0;2.0;6.0;9.0;A01
87619;201400057425;0;32;0;0.0;2.0;1.0;1.0;B01
87620;201400057426;0;1;0;0.0;1.0;8.0;1.0;A01
87621;201400057427;0;10;0;0.0;2.0;3.0;9.0;A01
87622;201400057427;0;31;0;0.0;2.0;2.0;17.0;B01
87623;201400057428;0;31;0;0.0;1.0;1.0;1.0;A01
87624;201400057429;0;1;0;0.0;1.0;1.0;7.0;A01
87625;201400057430;0;7;0;0.0;2.0;5.0;15.0;A01
87626;201400057430;0;31;0;0.0;2.0;7.0;1.0;B01
87627;201400057431;0;7;0;0.0;2.0;1.0;1.0;C01
87628;201400057431;0;33;0;1.0;2.0;1.0;18.0;A01
87629;201400057431;0;7;0;0.0;2.0;6.0;24.0;B01
87630;201400057432;0;33;0;4.0;0.0;2.0;14.0;A01
87631;201400057433;0;1;0;0.0;2.0;1.0;5.0;A01
87632;201400057433;0;7;0;0.0;2.0;3.0;1.0;B01
87633;201400057434;2;7;0;0.0;2.0;8.0;15.0;Z01
87634;201400057434;0;30;0;0.0;2.0;2.0;1.0;A01
87635;201400057435;0;2;0;0.0;2.0;8.0;23.0;A01
87636;201400057435;1;10;0;0.0;2.0;8.0;1.0;Z01
87637;201400057436;0;10;0;15.0;1.0;1.0;1.0;A01
87638;201400057437;0;33;0;0.0;2.0;1.0;1.0;A01
87639;201400057437;0;32;0;0.0;2.0;4.0;1.0;B01
87640;201400057438;0;10;0;0.0;2.0;3.0;15.0;A01
87641;201400057438;0;33;0;2.0;2.0;8.0;1.0;B01
87642;201400057439;0;14;0;0.0;1.0;4.0;4.0;A01
87643;201400057440;0;10;0;0.0;2.0;5.0;23.0;A01
87644;201400057440;0;31;0;0.0;2.0;1.0;1.0;B01
87645;201400057441;0;7;0;0.0;2.0;6.0;1.0;C01
87646;201400057441;0;31;0;0.0;2.0;1.0;1.0;A01
87647;201400057441;0;7;0;0.0;2.0;5.0;1.0;B01
87648;201400057442;0;7;0;0.0;2.0;2.0;16.0;A01
87649;201400057442;0;32;0;0.0;2.0;1.0;1.0;B01
87650;201400057443;0;7;0;0.0;2.0;8.0;15.0;B01
87651;201400057443;0;31;0;0.0;2.0;0.0;1.0;A01
87652;201400057444;0;2;0;0.0;0.0;1.0;2.0;A01
87653;201400057445;0;7;0;0.0;2.0;2.0;1.0;A01
87654;201400057445;0;7;0;0.0;2.0;3.0;1.0;B01
87655;201400057447;0;1;0;0.0;2.0;0.0;1.0;A01
87656;201400057447;0;31;0;0.0;2.0;5.0;1.0;B01
87657;201400057448;0;10;0;9.0;2.0;1.0;2.0;A01
87658;201400057448;0;2;0;0.0;2.0;4.0;23.0;B01
87659;201400057449;0;7;0;0.0;1.0;2.0;1.0;A01
87660;201400057450;0;7;0;0.0;2.0;4.0;23.0;B01
87661;201400057450;0;31;0;14.0;0.0;7.0;1.0;A01
87662;201400057451;0;7;0;0.0;2.0;3.0;23.0;C01
87663;201400057451;0;7;0;9.0;1.0;3.0;1.0;A01
87664;201400057451;0;32;0;0.0;2.0;6.0;23.0;B01
87665;201400057453;0;30;0;1.0;0.0;1.0;14.0;A01
87666;201400057454;0;33;0;0.0;1.0;2.0;1.0;A01
87667;201400057455;0;7;0;0.0;2.0;1.0;1.0;B01
87668;201400057455;0;7;0;0.0;2.0;2.0;1.0;A01
87669;201400057457;0;7;0;0.0;2.0;2.0;1.0;A01
87670;201400057457;0;30;0;0.0;2.0;1.0;1.0;B01
87671;201400057458;0;7;0;0.0;1.0;2.0;1.0;A01
87672;201400057459;0;7;0;0.0;2.0;0.0;14.0;A01
87673;201400057459;0;33;0;0.0;2.0;2.0;1.0;B01
87674;201400057460;1;10;0;0.0;1.0;0.0;1.0;Z01
87675;201400057461;0;14;0;0.0;2.0;0.0;14.0;A01
87676;201400057461;0;7;0;0.0;2.0;3.0;1.0;C01
87677;201400057461;0;32;0;12.0;2.0;0.0;1.0;B01
87678;201400057462;0;34;0;0.0;1.0;1.0;1.0;A01
87679;201400057463;0;31;0;0.0;2.0;4.0;1.0;A01
87680;201400057463;0;32;0;0.0;2.0;1.0;1.0;B01
87681;201400057464;0;33;0;15.0;0.0;1.0;1.0;A01
87682;201400057465;0;7;0;0.0;1.0;0.0;1.0;A01
87683;201400057466;0;33;0;2.0;0.0;2.0;1.0;A01
87684;201400057467;0;7;0;0.0;1.0;3.0;15.0;A01
87685;201400057468;0;7;0;12.0;0.0;2.0;1.0;A01
87686;201400057470;0;10;0;0.0;2.0;4.0;4.0;A01
87687;201400057470;0;7;0;0.0;2.0;2.0;23.0;B01
87688;201400057471;0;7;0;0.0;2.0;1.0;23.0;C01
87689;201400057471;0;7;0;0.0;2.0;1.0;1.0;B01
87690;201400057471;0;7;0;0.0;2.0;1.0;10.0;A01
87691;201400057472;0;37;1;0.0;1.0;5.0;1.0;A01
87692;201400057473;0;33;0;0.0;1.0;3.0;7.0;A01
87693;201400057474;0;7;0;0.0;1.0;3.0;17.0;A01
87694;201400057476;0;7;0;0.0;2.0;3.0;15.0;A01
87695;201400057476;0;33;0;0.0;2.0;8.0;1.0;B01
87696;201400057477;0;10;0;0.0;2.0;1.0;10.0;A01
87697;201400057477;0;33;0;0.0;2.0;8.0;1.0;B01
87698;201400057478;0;7;0;0.0;2.0;2.0;15.0;B01
87699;201400057478;0;2;0;0.0;2.0;3.0;1.0;A01
87700;201400057479;0;2;0;15.0;0.0;9.0;1.0;A01
87701;201400057480;0;7;0;0.0;2.0;1.0;1.0;D01
87702;201400057480;0;7;0;0.0;2.0;1.0;1.0;B01
87703;201400057480;0;31;0;0.0;2.0;3.0;3.0;A01
87704;201400057480;0;34;0;0.0;2.0;3.0;1.0;C01
87705;201400057481;0;32;0;0.0;2.0;5.0;1.0;A01
87706;201400057481;1;7;0;0.0;2.0;0.0;1.0;Z01
87707;201400057482;0;7;0;0.0;2.0;3.0;10.0;A01
87708;201400057482;0;32;0;0.0;2.0;1.0;17.0;B01
87709;201400057483;0;10;0;0.0;2.0;3.0;15.0;A01
87710;201400057483;0;2;0;0.0;2.0;8.0;1.0;B01
87711;201400057484;0;33;0;0.0;1.0;1.0;1.0;A01
87712;201400057485;0;31;0;3.0;0.0;2.0;1.0;A01
87713;201400057486;0;7;0;0.0;1.0;1.0;1.0;A01
87714;201400057487;0;2;0;0.0;1.0;1.0;5.0;A01
87715;201400057488;0;7;0;0.0;1.0;2.0;1.0;A01
87716;201400057489;0;33;0;0.0;2.0;1.0;17.0;B01
87717;201400057489;0;7;0;0.0;2.0;3.0;10.0;A01
87718;201400057491;0;7;0;0.0;2.0;5.0;1.0;B01
87719;201400057491;0;7;0;9.0;1.0;1.0;1.0;A01
87720;201400057494;0;7;0;8.0;0.0;1.0;1.0;A01
87721;201400057495;0;7;0;0.0;2.0;6.0;12.0;A01
87722;201400057495;0;33;0;0.0;2.0;1.0;1.0;B01
87723;201400057496;0;14;0;0.0;2.0;1.0;1.0;A01
87724;201400057496;0;7;0;0.0;2.0;4.0;1.0;B01
87725;201400057497;0;1;0;0.0;2.0;1.0;1.0;B01
87726;201400057497;2;7;0;0.0;2.0;7.0;1.0;Z01
87727;201400057498;1;7;0;0.0;1.0;1.0;1.0;Z01
87728;201400057499;0;32;0;14.0;2.0;8.0;17.0;A01
87729;201400057499;0;38;0;0.0;2.0;0.0;1.0;B01
87730;201400057501;0;7;0;0.0;2.0;3.0;10.0;A01
87731;201400057501;0;33;0;0.0;2.0;1.0;1.0;B01
87732;201400057502;0;7;0;0.0;2.0;3.0;2.0;A01
87733;201400057502;0;2;0;0.0;2.0;4.0;23.0;B01
87734;201400057503;0;7;0;0.0;2.0;2.0;14.0;A01
87735;201400057503;0;15;0;0.0;2.0;6.0;24.0;B01
87736;201400057504;0;33;0;7.0;0.0;3.0;13.0;A01
87737;201400057505;0;2;0;0.0;2.0;2.0;15.0;A01
87738;201400057505;0;33;0;0.0;2.0;1.0;1.0;B01
87739;201400057506;0;10;0;0.0;1.0;7.0;1.0;A01
87740;201400057507;0;7;0;0.0;2.0;3.0;15.0;A01
87741;201400057507;0;31;0;0.0;2.0;1.0;1.0;B01
87742;201400057508;0;7;0;0.0;2.0;2.0;1.0;A01
87743;201400057508;0;33;0;0.0;2.0;2.0;1.0;B01
87744;201400057509;0;7;0;7.0;0.0;1.0;13.0;A01
87745;201400057510;0;31;0;0.0;2.0;4.0;2.0;A01
87746;201400057510;1;7;0;0.0;2.0;0.0;2.0;Z01
87747;201400057511;0;10;0;0.0;2.0;7.0;15.0;A01
87748;201400057511;0;33;0;0.0;2.0;1.0;1.0;B01
87749;201400057512;0;30;0;0.0;2.0;1.0;2.0;A01
87750;201400057512;0;31;0;0.0;2.0;4.0;23.0;B01
87751;201400057513;0;7;0;1.0;0.0;1.0;14.0;A01
87752;201400057514;0;7;0;0.0;2.0;5.0;17.0;A01
87753;201400057514;0;33;0;0.0;2.0;8.0;15.0;B01
87754;201400057515;0;7;0;14.0;2.0;9.0;23.0;C01
87755;201400057515;0;10;0;0.0;1.0;1.0;23.0;B01
87756;201400057515;2;10;0;0.0;2.0;4.0;23.0;A01
87757;201400057515;0;7;0;0.0;2.0;1.0;1.0;D01
87758;201400057516;0;7;0;0.0;2.0;3.0;23.0;B01
87759;201400057516;0;7;0;14.0;1.0;1.0;1.0;A01
87760;201400057517;0;7;0;0.0;2.0;3.0;16.0;B01