;Num_Acc;senc;catv;occutc;obs;obsm;choc;manv;num_veh
87761;201400057517;0;30;0;0.0;2.0;1.0;1.0;A01
87762;201400057518;0;30;0;0.0;2.0;1.0;1.0;B01
87763;201400057518;0;7;0;0.0;2.0;7.0;15.0;A01
87764;201400057519;0;33;0;0.0;1.0;3.0;1.0;A01
87765;201400057521;0;7;0;0.0;1.0;1.0;1.0;A01
87766;201400057522;0;7;0;1.0;0.0;2.0;14.0;A01
87767;201400057523;0;33;0;0.0;2.0;1.0;3.0;A01
87768;201400057523;0;10;0;0.0;2.0;5.0;1.0;B01
87769;201400057524;0;7;0;0.0;1.0;2.0;1.0;A01
87770;201400057525;0;7;0;0.0;1.0;2.0;1.0;A01
87771;201400057526;0;31;0;12.0;0.0;1.0;1.0;A01
87772;201400057527;0;2;0;12.0;0.0;7.0;9.0;A01
87773;201400057528;0;7;0;0.0;1.0;2.0;15.0;A01
87774;201400057530;2;7;0;7.0;2.0;7.0;1.0;B01
87775;201400057530;0;7;0;0.0;2.0;1.0;1.0;A01
87776;201400057531;0;33;0;0.0;2.0;1.0;1.0;B01
87777;201400057531;0;7;0;0.0;2.0;8.0;10.0;A01
87778;201400057533;0;7;0;0.0;1.0;3.0;1.0;A01
87779;201400057534;0;7;0;4.0;0.0;4.0;13.0;A01
87780;201400057535;0;33;0;0.0;1.0;1.0;1.0;A01
87781;201400057536;0;33;0;4.0;0.0;8.0;13.0;A01
87782;201400057537;0;33;0;0.0;2.0;1.0;17.0;B01
87783;201400057537;0;10;0;0.0;2.0;3.0;15.0;A01
87784;201400057539;0;7;0;0.0;1.0;2.0;16.0;A01
87785;201400057540;0;7;0;0.0;1.0;7.0;1.0;A01
87786;201400057541;0;34;0;0.0;1.0;1.0;1.0;A01
87787;201400057542;0;7;0;0.0;2.0;8.0;1.0;B01
87788;201400057542;0;33;0;0.0;2.0;1.0;9.0;A01
87789;201400057543;0;34;0;0.0;2.0;1.0;17.0;A01
87790;201400057543;0;7;0;0.0;2.0;3.0;1.0;B01
87791;201400057544;0;32;0;0.0;2.0;6.0;1.0;B01
87792;201400057544;0;33;0;0.0;2.0;1.0;17.0;A01
87793;201400057545;0;7;0;4.0;0.0;7.0;13.0;A01
87794;201400057546;0;10;0;2.0;0.0;1.0;13.0;A01
87795;201400057547;0;37;20;0.0;1.0;2.0;16.0;A01
87796;201400057549;0;7;0;0.0;2.0;1.0;1.0;A01
87797;201400057549;0;7;0;0.0;2.0;7.0;1.0;B01
87798;201400057550;0;1;0;0.0;2.0;3.0;1.0;B01
87799;201400057550;0;13;0;0.0;2.0;2.0;16.0;A01
87800;201400057551;0;7;0;0.0;2.0;1.0;15.0;A01
87801;201400057551;0;30;0;0.0;2.0;1.0;1.0;B01
87802;201400057552;0;31;0;4.0;0.0;3.0;13.0;A01
87803;201400057553;0;33;0;8.0;2.0;9.0;18.0;A01
87804;201400057553;0;7;0;0.0;2.0;5.0;1.0;C01
87805;201400057553;0;33;0;0.0;2.0;1.0;1.0;B01
87806;201400057553;0;7;0;0.0;2.0;5.0;1.0;D01
87807;201400057554;0;7;0;0.0;1.0;6.0;4.0;A01
87808;201400057556;0;7;0;0.0;2.0;0.0;7.0;A01
87809;201400057556;0;33;0;1.0;2.0;0.0;16.0;B01
87810;201400057557;0;33;0;0.0;2.0;1.0;5.0;B01
87811;201400057557;0;33;0;0.0;2.0;8.0;10.0;A01
87812;201400057558;0;14;0;0.0;1.0;3.0;1.0;A01
87813;201400057559;0;30;0;7.0;2.0;4.0;16.0;B01
87814;201400057559;0;7;0;15.0;2.0;1.0;16.0;A01
87815;201400057560;0;10;0;0.0;1.0;3.0;1.0;A01
87816;201400057561;0;10;0;0.0;2.0;3.0;15.0;A01
87817;201400057561;0;32;0;0.0;2.0;1.0;17.0;B01
87818;201400057562;0;32;0;0.0;2.0;1.0;1.0;B01
87819;201400057562;0;7;0;0.0;2.0;2.0;1.0;A01
87820;201400057563;0;14;0;0.0;1.0;2.0;16.0;A01
87821;201400057564;0;34;0;0.0;2.0;8.0;16.0;B01
87822;201400057564;0;7;0;0.0;2.0;1.0;1.0;A01
87823;201400057565;0;33;0;0.0;1.0;1.0;1.0;A01
87824;201400057566;0;32;0;0.0;1.0;1.0;1.0;A01
87825;201400057567;0;32;0;9.0;0.0;1.0;1.0;A01
87826;201400057568;0;7;0;0.0;2.0;3.0;1.0;B01
87827;201400057568;0;33;0;0.0;2.0;3.0;1.0;A01
87828;201400057569;1;7;0;0.0;2.0;6.0;11.0;Z01
87829;201400057569;0;34;0;0.0;2.0;2.0;1.0;A01
87830;201400057570;0;34;0;0.0;2.0;2.0;1.0;B01
87831;201400057570;0;33;0;0.0;2.0;1.0;1.0;A01
87832;201400057571;0;10;0;0.0;2.0;3.0;11.0;B01
87833;201400057571;0;7;0;0.0;2.0;6.0;11.0;C01
87834;201400057571;0;2;0;0.0;2.0;1.0;17.0;A01
87835;201400057572;0;33;0;0.0;2.0;6.0;1.0;B01
87836;201400057572;0;7;0;0.0;2.0;5.0;14.0;A01
87837;201400057573;0;1;0;0.0;2.0;1.0;0.0;B01
87838;201400057573;0;7;0;0.0;2.0;8.0;0.0;A01
87839;201400057574;0;31;0;0.0;0.0;0.0;1.0;A01
87840;201400057575;0;33;0;0.0;0.0;2.0;1.0;A01
87841;201400057576;0;7;0;0.0;2.0;2.0;1.0;A01
87842;201400057576;1;33;0;0.0;2.0;1.0;1.0;Z01
87843;201400057577;0;31;0;0.0;2.0;2.0;17.0;B01
87844;201400057577;0;10;0;0.0;2.0;3.0;10.0;A01
87845;201400057578;0;10;0;7.0;0.0;3.0;13.0;A01
87846;201400057579;0;7;0;0.0;2.0;2.0;1.0;A01
87847;201400057579;0;7;0;0.0;2.0;3.0;1.0;B01
87848;201400057580;0;7;0;0.0;1.0;3.0;1.0;A01
87849;201400057582;0;31;0;8.0;0.0;8.0;13.0;A01
87850;201400057583;0;7;0;11.0;0.0;3.0;7.0;A01
87851;201400057584;0;7;0;0.0;2.0;5.0;15.0;A01
87852;201400057584;0;7;0;0.0;2.0;1.0;1.0;B01
87853;201400057585;0;7;0;6.0;2.0;8.0;17.0;A01
87854;201400057585;0;7;0;0.0;2.0;4.0;1.0;B01
87855;201400057586;0;31;0;0.0;2.0;1.0;15.0;A01
87856;201400057586;0;7;0;0.0;2.0;5.0;1.0;B01
87857;201400057587;0;14;0;0.0;1.0;8.0;15.0;A01
87858;201400057588;0;7;0;0.0;2.0;2.0;15.0;A01
87859;201400057588;0;2;0;0.0;2.0;1.0;1.0;B01
87860;201400057589;0;14;0;0.0;2.0;3.0;9.0;A01
87861;201400057589;0;30;0;0.0;2.0;1.0;1.0;B01
87862;201400057590;0;7;0;0.0;2.0;3.0;11.0;A01
87863;201400057590;0;33;0;0.0;2.0;7.0;1.0;B01
87864;201400057591;0;33;0;0.0;1.0;1.0;1.0;A01
87865;201400057592;0;7;0;0.0;2.0;5.0;23.0;C01
87866;201400057592;0;33;0;0.0;2.0;3.0;13.0;A01
87867;201400057592;0;7;0;0.0;2.0;7.0;1.0;B01
87868;201400057593;0;33;0;0.0;2.0;0.0;1.0;B01
87869;201400057593;0;2;0;0.0;2.0;0.0;10.0;A01
87870;201400057594;0;7;0;0.0;2.0;2.0;1.0;B01
87871;201400057594;0;33;0;0.0;2.0;1.0;5.0;A01
87872;201400057595;0;2;0;0.0;1.0;2.0;1.0;A01
87873;201400057596;0;7;0;0.0;1.0;1.0;1.0;A01
87874;201400057596;0;7;0;0.0;2.0;6.0;1.0;B01
87875;201400057597;0;31;0;0.0;2.0;5.0;1.0;B01
87876;201400057597;0;10;0;0.0;2.0;1.0;1.0;A01
87877;201400057599;0;33;0;0.0;2.0;1.0;3.0;A01
87878;201400057599;0;7;0;0.0;2.0;0.0;11.0;C01
87879;201400057599;0;7;0;0.0;2.0;6.0;1.0;B01
87880;201400057600;0;7;0;0.0;2.0;3.0;1.0;B01
87881;201400057600;0;2;0;1.0;2.0;1.0;1.0;A01
87882;201400057601;0;38;0;0.0;1.0;2.0;1.0;A01
87883;201400057602;0;7;0;11.0;0.0;3.0;15.0;A01
87884;201400057603;0;7;0;0.0;2.0;3.0;2.0;A01
87885;201400057603;0;33;0;0.0;2.0;1.0;23.0;C01
87886;201400057603;0;7;0;0.0;2.0;3.0;2.0;B01
87887;201400057604;0;10;0;0.0;1.0;4.0;4.0;A01
87888;201400057605;0;10;0;0.0;2.0;7.0;15.0;A01
87889;201400057605;0;31;0;0.0;2.0;1.0;1.0;B01
87890;201400057606;0;1;0;0.0;1.0;2.0;1.0;A01
87891;201400057607;0;31;0;12.0;0.0;1.0;14.0;A01
87892;201400057608;0;7;0;2.0;2.0;3.0;1.0;B01
87893;201400057608;0;7;0;0.0;2.0;3.0;13.0;A01
87894;201400057609;0;33;0;0.0;1.0;1.0;1.0;A01
87895;201400057610;0;10;0;1.0;1.0;4.0;4.0;A01
87896;201400057611;0;7;0;0.0;2.0;5.0;15.0;A01
87897;201400057611;0;2;0;0.0;2.0;1.0;1.0;B01
87898;201400057612;0;7;0;0.0;2.0;6.0;23.0;A01
87899;201400057612;0;33;0;1.0;2.0;1.0;18.0;B01
87900;201400057613;0;1;0;0.0;0.0;0.0;1.0;A01
87901;201400057614;0;7;0;0.0;2.0;8.0;10.0;A01
87902;201400057614;0;2;0;0.0;2.0;1.0;17.0;B01
87903;201400057615;0;30;0;0.0;1.0;1.0;1.0;A01
87904;201400057616;0;7;0;4.0;2.0;7.0;1.0;A01
87905;201400057616;0;7;0;0.0;2.0;4.0;1.0;B01
87906;201400057617;0;31;0;0.0;1.0;8.0;1.0;A01
87907;201400057618;0;33;0;4.0;0.0;8.0;14.0;A01
87908;201400057619;0;7;0;0.0;2.0;8.0;11.0;A01
87909;201400057619;0;32;0;0.0;2.0;7.0;1.0;B01
87910;201400057620;0;7;0;0.0;1.0;1.0;1.0;A01
87911;201400057621;0;32;0;0.0;2.0;1.0;17.0;A01
87912;201400057621;0;1;0;0.0;2.0;8.0;15.0;B01
87913;201400057622;0;32;0;8.0;0.0;1.0;1.0;A01
87914;201400057624;0;31;0;0.0;2.0;1.0;1.0;B01
87915;201400057624;0;7;0;0.0;2.0;2.0;1.0;A01
87916;201400057625;0;7;0;0.0;1.0;1.0;1.0;A01
87917;201400057626;0;33;0;9.0;0.0;1.0;1.0;A01
87918;201400057627;0;33;0;0.0;2.0;7.0;16.0;A01
87919;201400057627;0;7;0;0.0;2.0;1.0;1.0;B01
87920;201400057628;0;1;0;0.0;2.0;1.0;1.0;A01
87921;201400057628;0;7;0;0.0;2.0;3.0;1.0;B01
87922;201400057629;0;33;0;0.0;2.0;2.0;1.0;A01
87923;201400057629;0;30;0;0.0;2.0;3.0;1.0;B01
87924;201400057630;0;7;0;0.0;1.0;4.0;4.0;A01
87925;201400057631;0;37;1;0.0;2.0;3.0;15.0;B01
87926;201400057631;0;2;0;0.0;2.0;1.0;5.0;A01
87927;201400057632;0;31;0;0.0;2.0;4.0;1.0;B01
87928;201400057632;0;17;0;0.0;2.0;3.0;1.0;A01
87929;201400057633;0;7;0;0.0;2.0;3.0;15.0;A01
87930;201400057633;0;33;0;0.0;2.0;1.0;17.0;B01
87931;201400057634;0;7;0;0.0;2.0;6.0;23.0;B01
87932;201400057634;0;10;0;0.0;1.0;2.0;1.0;A01
87933;201400057635;0;14;0;0.0;2.0;8.0;1.0;A01
87934;201400057635;0;32;0;0.0;2.0;7.0;1.0;B01
87935;201400057636;0;7;0;0.0;2.0;8.0;1.0;B01
87936;201400057636;0;33;0;6.0;2.0;1.0;3.0;A01
87937;201400057637;0;31;0;0.0;2.0;1.0;2.0;A01
87938;201400057637;0;7;0;0.0;2.0;6.0;23.0;B01
87939;201400057638;0;7;0;0.0;1.0;1.0;1.0;A01
87940;201400057639;0;7;0;7.0;0.0;7.0;13.0;A01
87941;201400057640;0;10;0;0.0;1.0;1.0;1.0;A01
87942;201400057641;0;33;0;0.0;2.0;8.0;1.0;B01
87943;201400057641;0;7;0;0.0;2.0;1.0;15.0;A01
87944;201400057642;0;7;0;0.0;2.0;5.0;1.0;B01
87945;201400057642;0;37;35;0.0;2.0;8.0;7.0;C01
87946;201400057642;0;33;0;0.0;2.0;1.0;1.0;A01
87947;201400057643;0;33;0;0.0;2.0;1.0;17.0;B01
87948;201400057643;0;7;0;0.0;2.0;8.0;9.0;A01
87949;201400057644;0;33;0;14.0;2.0;9.0;17.0;A01
87950;201400057644;0;14;0;0.0;2.0;8.0;9.0;B01
87951;201400057645;0;10;0;0.0;1.0;3.0;15.0;A01
87952;201400057646;0;31;0;1.0;2.0;2.0;1.0;A01
87953;201400057646;2;7;0;0.0;2.0;1.0;13.0;Z01
87954;201400057647;0;7;0;0.0;2.0;3.0;13.0;A01
87955;201400057647;0;34;0;0.0;2.0;1.0;13.0;B01
87956;201400057648;0;7;0;0.0;2.0;4.0;23.0;A01
87957;201400057648;0;1;0;0.0;2.0;1.0;1.0;B01
87958;201400057649;0;7;0;6.0;0.0;3.0;1.0;A01
87959;201400057650;0;1;0;0.0;1.0;0.0;1.0;A01
87960;201400057651;0;30;0;0.0;2.0;1.0;5.0;A01
87961;201400057651;0;30;0;0.0;2.0;1.0;15.0;B01
87962;201400057652;0;30;0;4.0;0.0;3.0;13.0;A01
87963;201400057654;0;37;1;0.0;1.0;2.0;7.0;A01
87964;201400057655;0;2;0;0.0;2.0;1.0;1.0;B01
87965;201400057655;0;7;0;0.0;2.0;8.0;10.0;A01
87966;201400057656;0;7;0;12.0;0.0;3.0;13.0;A01
87967;201400057658;0;10;0;0.0;2.0;2.0;1.0;A01
87968;201400057658;0;7;0;1.0;2.0;1.0;1.0;B01
87969;201400057659;1;7;0;0.0;2.0;1.0;2.0;Z01
87970;201400057659;0;7;0;0.0;2.0;4.0;2.0;A01
87971;201400057660;0;7;0;0.0;2.0;4.0;2.0;A01
87972;201400057660;2;7;0;0.0;2.0;1.0;2.0;Z01
87973;201400057661;0;7;0;4.0;0.0;3.0;14.0;A01
87974;201400057662;0;10;0;0.0;2.0;8.0;1.0;C01
87975;201400057662;0;7;0;0.0;2.0;2.0;12.0;A01
87976;201400057662;0;31;0;0.0;2.0;8.0;1.0;B01
87977;201400057663;0;14;0;0.0;2.0;2.0;2.0;A01
87978;201400057663;0;7;0;0.0;2.0;6.0;23.0;B01
87979;201400057663;0;7;0;0.0;2.0;4.0;23.0;C01
87980;201400057664;0;7;0;4.0;2.0;6.0;1.0;A01
87981;201400057664;2;7;0;0.0;2.0;2.0;14.0;Z01
87982;201400057665;0;7;0;4.0;0.0;9.0;14.0;A01
87983;201400057666;0;7;0;0.0;2.0;1.0;2.0;A01
87984;201400057666;0;7;0;0.0;2.0;4.0;23.0;B01
87985;201400057666;0;7;0;0.0;2.0;4.0;23.0;C01
87986;201400057666;0;7;0;0.0;2.0;4.0;23.0;D01
87987;201400057667;0;33;0;0.0;0.0;8.0;1.0;A01
87988;201400057668;0;14;0;0.0;2.0;1.0;2.0;A01
87989;201400057668;0;10;0;0.0;2.0;4.0;2.0;C01
87990;201400057668;0;7;0;0.0;2.0;4.0;2.0;B01
87991;201400057669;0;32;0;0.0;2.0;3.0;13.0;A01
87992;201400057669;0;10;0;0.0;2.0;5.0;1.0;B01
87993;201400057670;0;7;0;0.0;2.0;4.0;2.0;B01
87994;201400057670;0;7;0;4.0;2.0;1.0;2.0;A01
87995;201400057671;0;33;0;5.0;0.0;8.0;13.0;A01
87996;201400057672;0;7;0;0.0;2.0;1.0;2.0;A01
87997;201400057672;0;7;0;0.0;2.0;4.0;2.0;B01
87998;201400057673;0;10;0;0.0;2.0;5.0;2.0;B01
87999;201400057673;0;32;0;0.0;2.0;1.0;2.0;A01
88000;201400057674;0;16;0;0.0;2.0;7.0;1.0;B01
88001;201400057674;0;7;0;4.0;2.0;8.0;11.0;A01
88002;201400057675;0;10;0;0.0;2.0;1.0;2.0;A01
88003;201400057675;0;7;0;0.0;2.0;4.0;2.0;B01
88004;201400057675;0;7;0;0.0;2.0;4.0;2.0;C01
88005;201400057676;0;7;0;0.0;2.0;4.0;2.0;C01
88006;201400057676;0;13;0;0.0;2.0;1.0;2.0;A01
88007;201400057676;0;7;0;0.0;2.0;4.0;2.0;B01
88008;201400057677;0;7;0;0.0;2.0;2.0;14.0;A01
88009;201400057677;0;7;0;0.0;2.0;6.0;1.0;B01
88010;201400057678;0;7;0;0.0;2.0;1.0;23.0;B01
88011;201400057678;0;7;0;0.0;2.0;4.0;22.0;A01
88012;201400057678;0;7;0;0.0;2.0;7.0;23.0;D01
88013;201400057678;0;31;0;0.0;2.0;2.0;3.0;C01
88014;201400057680;0;7;0;0.0;0.0;0.0;1.0;B01
88015;201400057680;0;33;0;0.0;0.0;0.0;1.0;A01
88016;201400057681;0;31;0;0.0;2.0;3.0;11.0;A01
88017;201400057681;0;7;0;0.0;2.0;6.0;1.0;B01
88018;201400057682;0;31;0;0.0;0.0;0.0;1.0;A01
88019;201400057683;0;33;0;0.0;2.0;2.0;1.0;B01
88020;201400057683;0;7;0;0.0;2.0;3.0;11.0;A01
88021;201400057684;0;33;0;0.0;2.0;6.0;3.0;A01
88022;201400057684;0;33;0;0.0;2.0;7.0;3.0;B01
88023;201400057687;0;10;0;0.0;2.0;1.0;1.0;A01
88024;201400057687;0;7;0;0.0;2.0;4.0;1.0;B01
88025;201400057687;0;10;0;0.0;0.0;4.0;1.0;C01
88026;201400057688;0;33;0;0.0;0.0;1.0;1.0;A01
88027;201400057688;1;7;0;0.0;2.0;6.0;11.0;Z01
88028;201400057689;0;10;0;0.0;2.0;4.0;2.0;C01
88029;201400057689;0;7;0;3.0;2.0;1.0;2.0;A01
88030;201400057689;0;7;0;0.0;2.0;4.0;2.0;B01
88031;201400057692;0;7;0;0.0;2.0;1.0;13.0;A01
88032;201400057692;0;7;0;0.0;2.0;4.0;1.0;B01
88033;201400057693;0;7;0;0.0;2.0;1.0;12.0;A01
88034;201400057693;0;7;0;4.0;2.0;5.0;2.0;B01
88035;201400057693;0;7;0;0.0;2.0;5.0;2.0;D01
88036;201400057693;0;7;0;0.0;2.0;4.0;2.0;E01
88037;201400057693;0;7;0;0.0;2.0;3.0;2.0;C01
88038;201400057694;0;7;0;0.0;2.0;8.0;12.0;A01
88039;201400057694;0;33;0;0.0;2.0;3.0;1.0;B01
88040;201400057695;0;7;0;0.0;0.0;4.0;23.0;C01
88041;201400057695;0;7;0;0.0;2.0;1.0;1.0;A01
88042;201400057695;0;7;0;0.0;2.0;4.0;23.0;B01
88043;201400057696;0;7;0;0.0;2.0;1.0;1.0;A01
88044;201400057696;0;10;0;0.0;0.0;4.0;1.0;B01
88045;201400057697;0;34;0;0.0;0.0;7.0;1.0;B01
88046;201400057697;0;7;0;0.0;2.0;8.0;11.0;A01
88047;201400057698;0;7;0;4.0;0.0;1.0;1.0;A01
88048;201400057699;0;34;0;0.0;2.0;8.0;2.0;A01
88049;201400057699;0;10;0;0.0;2.0;6.0;2.0;B01
88050;201400057700;1;7;0;0.0;2.0;2.0;12.0;Z01
88051;201400057700;0;33;0;0.0;0.0;3.0;3.0;A01
88052;201400057701;0;33;0;0.0;2.0;8.0;3.0;A01
88053;201400057701;0;7;0;0.0;0.0;2.0;14.0;B01
88054;201400057702;0;33;0;4.0;0.0;2.0;1.0;B01
88055;201400057702;0;7;0;0.0;2.0;3.0;11.0;A01
88056;201400057703;0;7;0;4.0;2.0;2.0;1.0;C01
88057;201400057703;0;7;0;4.0;2.0;6.0;1.0;B01
88058;201400057703;0;17;0;0.0;2.0;2.0;14.0;A01
88059;201400057704;0;7;0;0.0;2.0;4.0;2.0;B01
88060;201400057704;0;7;0;0.0;2.0;1.0;2.0;A01
88061;201400057704;0;7;0;0.0;2.0;1.0;2.0;D01
88062;201400057704;0;7;0;0.0;2.0;4.0;2.0;C01
88063;201400057705;0;7;0;4.0;0.0;3.0;14.0;A01
88064;201400057706;0;7;0;0.0;2.0;1.0;2.0;A01
88065;201400057706;0;7;0;0.0;2.0;4.0;23.0;C01
88066;201400057706;0;7;0;0.0;2.0;4.0;23.0;B01
88067;201400057707;0;7;0;0.0;2.0;1.0;2.0;A01
88068;201400057707;0;7;0;0.0;2.0;4.0;2.0;B01
88069;201400057708;0;31;0;0.0;2.0;1.0;2.0;A01
88070;201400057708;0;10;0;0.0;2.0;5.0;2.0;B01
88071;201400057710;0;10;0;0.0;2.0;7.0;12.0;A01
88072;201400057710;0;32;0;0.0;2.0;8.0;1.0;B01
88073;201400057712;0;33;0;0.0;0.0;7.0;3.0;A01
88074;201400057713;0;7;0;0.0;2.0;1.0;1.0;A01
88075;201400057713;0;7;0;0.0;0.0;4.0;23.0;C01
88076;201400057713;0;32;0;2.0;2.0;0.0;23.0;B01
88077;201400057714;0;10;0;0.0;2.0;1.0;1.0;A01
88078;201400057714;0;33;0;0.0;0.0;4.0;1.0;B01
88079;201400057715;0;31;0;0.0;2.0;2.0;1.0;A01
88080;201400057715;1;7;0;0.0;2.0;3.0;11.0;Z01
88081;201400057716;0;33;0;0.0;2.0;3.0;1.0;B01
88082;201400057716;0;7;0;0.0;2.0;2.0;12.0;A01
88083;201400057717;0;7;0;0.0;2.0;6.0;11.0;A01
88084;201400057717;0;7;0;0.0;0.0;4.0;23.0;C01
88085;201400057717;0;32;0;0.0;2.0;2.0;3.0;B01
88086;201400057718;0;7;0;0.0;2.0;4.0;23.0;B01
88087;201400057718;0;7;0;0.0;2.0;1.0;1.0;A01
88088;201400057719;0;7;0;0.0;2.0;1.0;2.0;A01
88089;201400057719;0;7;0;0.0;2.0;4.0;2.0;B01
88090;201400057721;0;34;0;0.0;2.0;1.0;1.0;A01
88091;201400057721;0;7;0;0.0;0.0;4.0;1.0;B01
88092;201400057722;0;17;0;0.0;0.0;4.0;1.0;C01
88093;201400057722;0;7;0;0.0;2.0;4.0;1.0;B01
88094;201400057722;0;10;0;0.0;2.0;2.0;1.0;A01
88095;201400057723;0;10;0;0.0;2.0;3.0;14.0;A01
88096;201400057723;0;7;0;4.0;2.0;4.0;1.0;B01
88097;201400057724;0;33;0;0.0;0.0;8.0;1.0;A01
88098;201400057725;0;17;0;0.0;2.0;2.0;12.0;A01
88099;201400057725;0;7;0;0.0;2.0;6.0;1.0;B01
88100;201400057726;0;10;0;0.0;2.0;4.0;2.0;C01
88101;201400057726;0;7;0;0.0;2.0;1.0;2.0;A01
88102;201400057726;0;7;0;0.0;2.0;4.0;2.0;B01
88103;201400057727;0;7;0;0.0;2.0;3.0;11.0;A01
88104;201400057727;0;31;0;0.0;2.0;7.0;3.0;B01
88105;201400057728;0;32;0;0.0;2.0;4.0;1.0;B01
88106;201400057728;0;7;0;0.0;2.0;1.0;1.0;A01
88107;201400057729;0;33;0;0.0;0.0;0.0;3.0;A01
88108;201400057730;0;32;0;0.0;2.0;3.0;2.0;A01
88109;201400057730;0;7;0;0.0;2.0;5.0;23.0;B01
88110;201400057731;0;10;0;0.0;0.0;4.0;23.0;C01
88111;201400057731;0;7;0;0.0;2.0;1.0;1.0;A01
88112;201400057731;0;7;0;0.0;2.0;4.0;1.0;B01
88113;201400057732;0;34;0;4.0;0.0;2.0;1.0;A01
88114;201400057733;0;7;0;0.0;2.0;1.0;1.0;A01
88115;201400057733;0;14;0;0.0;0.0;6.0;9.0;C01
88116;201400057733;0;7;0;0.0;2.0;4.0;23.0;B01
88117;201400057734;0;7;0;0.0;2.0;2.0;12.0;A01
88118;201400057734;0;33;0;0.0;2.0;8.0;3.0;B01
88119;201400057735;0;10;0;14.0;0.0;3.0;14.0;A01
88120;201400057736;0;7;0;0.0;2.0;5.0;2.0;B01
88121;201400057736;0;10;0;0.0;2.0;8.0;2.0;C01
88122;201400057736;0;7;0;0.0;2.0;3.0;2.0;A01
88123;201400057737;0;7;0;0.0;2.0;8.0;1.0;B01
88124;201400057737;0;17;0;0.0;2.0;2.0;12.0;A01
88125;201400057738;0;7;0;0.0;2.0;4.0;11.0;B01
88126;201400057738;0;38;1;0.0;2.0;1.0;1.0;A01
88127;201400057739;0;10;0;0.0;2.0;2.0;12.0;A01
88128;201400057739;0;33;0;0.0;2.0;1.0;3.0;B01
88129;201400057740;0;7;0;0.0;0.0;5.0;1.0;E01
88130;201400057740;0;7;0;0.0;0.0;8.0;1.0;B01
88131;201400057740;0;7;0;0.0;0.0;6.0;1.0;A01
88132;201400057740;0;7;0;0.0;0.0;6.0;1.0;D01
88133;201400057740;2;7;0;0.0;2.0;5.0;3.0;Z02
88134;201400057740;0;7;0;0.0;0.0;3.0;1.0;C01
88135;201400057741;0;32;0;0.0;2.0;2.0;3.0;B01
88136;201400057741;0;7;0;0.0;2.0;8.0;22.0;A01
88137;201400057741;0;7;0;0.0;2.0;7.0;23.0;C01
88138;201400057742;0;7;0;0.0;2.0;5.0;1.0;C01
88139;201400057742;0;33;0;0.0;2.0;8.0;3.0;A01
88140;201400057742;0;7;0;0.0;2.0;0.0;1.0;B01
88141;201400057743;0;33;0;0.0;0.0;0.0;3.0;A01
88142;201400057744;0;32;0;6.0;2.0;8.0;1.0;A01
88143;201400057744;0;10;0;0.0;0.0;5.0;1.0;B01
88144;201400057745;0;33;0;0.0;2.0;8.0;1.0;A01
88145;201400057745;0;7;0;0.0;2.0;1.0;1.0;C01
88146;201400057745;0;7;0;0.0;2.0;5.0;1.0;B01
88147;201400057746;0;33;0;0.0;0.0;8.0;1.0;A01
88148;201400057747;0;7;0;0.0;0.0;8.0;23.0;C01
88149;201400057747;0;7;0;0.0;2.0;5.0;12.0;A01
88150;201400057747;0;31;0;0.0;0.0;1.0;3.0;B01
88151;201400057748;0;30;0;12.0;0.0;1.0;13.0;A01
88152;201400057749;0;33;0;0.0;2.0;1.0;14.0;A01
88153;201400057749;0;7;0;0.0;2.0;6.0;1.0;B01
88154;201400057750;0;34;0;0.0;0.0;0.0;3.0;A01
88155;201400057751;0;32;0;0.0;0.0;8.0;1.0;A01
88156;201400057752;0;34;0;0.0;9.0;1.0;1.0;A01
88157;201400057753;0;31;0;0.0;0.0;0.0;3.0;A01
88158;201400057754;0;33;0;0.0;2.0;7.0;12.0;A01
88159;201400057754;0;7;0;0.0;2.0;8.0;1.0;B01
88160;201400057755;0;33;0;0.0;2.0;3.0;3.0;B01
88161;201400057755;0;7;0;0.0;2.0;4.0;1.0;C01
88162;201400057755;0;7;0;0.0;2.0;7.0;12.0;A01
88163;201400057755;0;10;0;0.0;2.0;8.0;1.0;D01
88164;201400057756;0;33;0;0.0;2.0;3.0;1.0;B01
88165;201400057756;0;7;0;0.0;2.0;5.0;12.0;A01
88166;201400057757;0;33;0;0.0;0.0;7.0;1.0;A01
88167;201400057758;0;31;0;0.0;0.0;2.0;3.0;A01
88168;201400057759;0;7;0;0.0;2.0;1.0;3.0;A01
88169;201400057759;0;7;0;0.0;2.0;4.0;2.0;C01
88170;201400057759;0;7;0;0.0;2.0;4.0;2.0;B01
88171;201400057760;0;7;0;0.0;2.0;4.0;2.0;C01
88172;201400057760;0;7;0;0.0;2.0;5.0;2.0;B01
88173;201400057760;0;7;0;0.0;2.0;1.0;2.0;A01
88174;201400057761;0;31;0;0.0;2.0;8.0;3.0;B01
88175;201400057761;0;7;0;0.0;2.0;5.0;11.0;A01
88176;201400057762;0;34;0;0.0;2.0;3.0;2.0;A01
88177;201400057762;0;7;0;0.0;2.0;5.0;2.0;B01
88178;201400057763;0;31;0;0.0;2.0;6.0;3.0;B01
88179;201400057763;0;7;0;0.0;2.0;2.0;12.0;A01