;Num_Acc;senc;catv;occutc;obs;obsm;choc;manv;num_veh
88599;201400057980;0;33;0;14.0;2.0;2.0;11.0;A01
88600;201400057980;0;17;0;0.0;2.0;6.0;11.0;B01
88601;201400057981;0;33;0;0.0;2.0;1.0;1.0;A01
88602;201400057981;0;10;0;0.0;2.0;6.0;11.0;B01
88603;201400057982;0;7;0;0.0;2.0;4.0;2.0;C01
88604;201400057982;0;7;0;0.0;2.0;1.0;2.0;A01
88605;201400057982;0;7;0;0.0;2.0;4.0;2.0;B01
88606;201400057983;0;7;0;0.0;2.0;8.0;1.0;B01
88607;201400057983;0;7;0;0.0;2.0;5.0;1.0;A01
88608;201400057984;0;7;0;0.0;2.0;1.0;16.0;A01
88609;201400057984;0;7;0;0.0;2.0;4.0;1.0;B01
88610;201400057985;0;7;0;0.0;2.0;1.0;2.0;A01
88611;201400057985;0;7;0;0.0;2.0;4.0;2.0;B01
88612;201400057985;0;7;0;0.0;2.0;4.0;2.0;C01
88613;201400057985;0;7;0;0.0;2.0;4.0;2.0;D01
88614;201400057986;0;7;0;0.0;2.0;4.0;23.0;B01
88615;201400057986;0;7;0;0.0;2.0;1.0;2.0;A01
88616;201400057987;0;10;0;0.0;2.0;6.0;11.0;B01
88617;201400057987;0;33;0;0.0;2.0;1.0;11.0;A01
88618;201400057988;0;31;0;0.0;2.0;2.0;3.0;A01
88619;201400057988;0;7;0;0.0;2.0;8.0;1.0;B01
88620;201400057989;0;7;0;0.0;2.0;1.0;2.0;A01
88621;201400057989;0;7;0;0.0;2.0;4.0;2.0;B01
88622;201400057989;0;7;0;0.0;2.0;1.0;2.0;C01
88623;201400057989;0;7;0;0.0;2.0;4.0;2.0;D01
88624;201400057990;0;7;0;0.0;2.0;3.0;11.0;A01
88625;201400057990;0;32;0;0.0;2.0;2.0;3.0;B01
88626;201400057991;0;7;0;0.0;2.0;1.0;2.0;A01
88627;201400057991;0;31;0;0.0;2.0;4.0;2.0;B01
88628;201400057992;1;7;0;0.0;2.0;1.0;12.0;Z01
88629;201400057992;0;7;0;0.0;2.0;2.0;1.0;A01
88630;201400057992;0;10;0;0.0;2.0;7.0;1.0;B01
88631;201400057993;0;32;0;0.0;0.0;0.0;1.0;A01
88632;201400057994;0;10;0;0.0;2.0;4.0;2.0;B01
88633;201400057994;0;31;0;0.0;2.0;1.0;2.0;A01
88634;201400057995;0;33;0;0.0;2.0;1.0;2.0;A01
88635;201400057995;0;7;0;0.0;2.0;0.0;2.0;B01
88636;201400057996;0;7;0;0.0;2.0;1.0;2.0;A01
88637;201400057996;0;7;0;0.0;2.0;4.0;2.0;B01
88638;201400057997;0;10;0;0.0;2.0;2.0;1.0;C01
88639;201400057997;0;7;0;0.0;2.0;3.0;1.0;B01
88640;201400057997;0;14;0;0.0;2.0;2.0;12.0;A01
88641;201400057998;0;7;0;0.0;2.0;4.0;23.0;B01
88642;201400057998;0;31;0;0.0;2.0;1.0;11.0;A01
88643;201400058000;0;33;0;14.0;0.0;8.0;1.0;A01
88644;201400058001;0;33;0;0.0;2.0;4.0;1.0;A01
88645;201400058001;0;7;0;0.0;2.0;3.0;1.0;B01
88646;201400058002;0;7;0;0.0;2.0;4.0;2.0;B01
88647;201400058002;0;7;0;0.0;2.0;1.0;2.0;A01
88648;201400058003;0;7;0;0.0;2.0;7.0;12.0;A01
88649;201400058003;0;32;0;0.0;2.0;8.0;3.0;B01
88650;201400058004;0;7;0;0.0;2.0;7.0;1.0;B01
88651;201400058004;0;31;0;0.0;2.0;8.0;3.0;A01
88652;201400058005;0;33;0;0.0;2.0;1.0;1.0;A01
88653;201400058005;0;7;0;0.0;2.0;5.0;1.0;B01
88654;201400058005;0;7;0;0.0;2.0;5.0;1.0;C01
88655;201400058006;0;33;0;0.0;2.0;1.0;2.0;A01
88656;201400058006;0;7;0;0.0;2.0;4.0;2.0;B01
88657;201400058007;0;33;0;0.0;0.0;0.0;1.0;A01
88658;201400058009;0;31;0;0.0;2.0;8.0;3.0;A01
88659;201400058009;1;7;0;0.0;2.0;7.0;12.0;Z01
88660;201400058010;0;31;0;0.0;0.0;8.0;1.0;A01
88661;201400058011;0;7;0;0.0;2.0;8.0;13.0;A01
88662;201400058011;0;33;0;0.0;2.0;2.0;1.0;B01
88663;201400058012;0;7;0;0.0;2.0;6.0;11.0;A01
88664;201400058012;0;31;0;0.0;2.0;1.0;3.0;B01
88665;201400058013;0;14;0;0.0;2.0;6.0;2.0;B01
88666;201400058013;0;33;0;0.0;2.0;1.0;2.0;A01
88667;201400058014;0;33;0;12.0;2.0;3.0;1.0;B01
88668;201400058014;0;10;0;0.0;2.0;5.0;12.0;A01
88669;201400058016;0;7;0;0.0;2.0;1.0;2.0;A01
88670;201400058016;0;7;0;0.0;2.0;4.0;2.0;B01
88671;201400058019;0;31;0;0.0;2.0;4.0;23.0;C01
88672;201400058019;0;7;0;0.0;2.0;1.0;1.0;A01
88673;201400058019;0;7;0;0.0;2.0;4.0;23.0;B01
88674;201400058020;0;7;0;3.0;0.0;1.0;1.0;A01
88675;201400058021;0;7;0;0.0;2.0;6.0;23.0;A01
88676;201400058021;1;7;0;0.0;2.0;2.0;18.0;Z01
88677;201400058022;0;7;0;0.0;2.0;1.0;1.0;A01
88678;201400058022;0;7;0;0.0;2.0;4.0;1.0;B01
88679;201400058023;0;31;0;0.0;0.0;2.0;14.0;A01
88680;201400058024;0;7;0;0.0;2.0;2.0;1.0;D01
88681;201400058024;0;33;0;0.0;2.0;7.0;3.0;C01
88682;201400058024;0;7;0;0.0;2.0;0.0;14.0;A01
88683;201400058024;0;7;0;0.0;2.0;8.0;14.0;B01
88684;201400058025;0;33;0;3.0;0.0;7.0;1.0;A01
88685;201400058026;0;10;0;0.0;2.0;1.0;2.0;A01
88686;201400058026;0;7;0;0.0;2.0;4.0;2.0;B01
88687;201400058027;0;10;0;0.0;2.0;2.0;12.0;A01
88688;201400058027;0;10;0;0.0;2.0;3.0;1.0;B01
88689;201400058028;0;10;0;0.0;2.0;5.0;2.0;B01
88690;201400058028;0;34;0;0.0;2.0;1.0;2.0;A01
88691;201400058029;0;33;0;0.0;0.0;7.0;1.0;A01
88692;201400058030;0;7;0;0.0;2.0;0.0;11.0;A01
88693;201400058030;0;7;0;0.0;2.0;2.0;23.0;C01
88694;201400058030;0;33;0;0.0;2.0;8.0;3.0;B01
88695;201400058031;0;7;0;0.0;2.0;1.0;1.0;A01
88696;201400058031;0;33;0;0.0;2.0;4.0;23.0;B01
88697;201400058033;0;33;0;0.0;0.0;7.0;3.0;A01
88698;201400058035;0;10;0;0.0;2.0;9.0;23.0;C01
88699;201400058035;0;10;0;0.0;2.0;4.0;23.0;D01
88700;201400058035;0;7;0;0.0;2.0;9.0;23.0;B01
88701;201400058035;0;7;0;0.0;2.0;1.0;2.0;A01
88702;201400058036;0;10;0;0.0;2.0;4.0;2.0;B01
88703;201400058036;0;7;0;0.0;2.0;4.0;2.0;C01
88704;201400058036;1;10;0;0.0;2.0;1.0;2.0;Z01
88705;201400058036;0;7;0;0.0;2.0;1.0;2.0;A01
88706;201400058037;0;7;0;0.0;2.0;4.0;2.0;A01
88707;201400058037;1;7;0;0.0;2.0;1.0;2.0;Z01
88708;201400058038;0;34;0;0.0;2.0;8.0;1.0;A01
88709;201400058038;0;7;0;1.0;2.0;5.0;12.0;B01
88710;201400058039;0;10;0;0.0;2.0;3.0;13.0;A01
88711;201400058039;0;32;0;0.0;2.0;8.0;14.0;B01
88712;201400058040;0;7;0;0.0;2.0;4.0;23.0;C01
88713;201400058040;0;7;0;0.0;2.0;1.0;1.0;A01
88714;201400058040;0;7;0;0.0;2.0;4.0;23.0;B01
88715;201400058041;0;7;0;0.0;2.0;2.0;12.0;A01
88716;201400058041;0;32;0;0.0;2.0;8.0;1.0;B01
88717;201400058042;0;31;0;15.0;0.0;1.0;1.0;A01
88718;201400058045;0;7;0;0.0;2.0;5.0;12.0;A01
88719;201400058045;0;31;0;0.0;2.0;1.0;3.0;B01
88720;201400058046;0;7;0;0.0;2.0;5.0;12.0;A01
88721;201400058046;0;33;0;0.0;2.0;3.0;1.0;B01
88722;201400058047;0;7;0;0.0;2.0;4.0;23.0;C01
88723;201400058047;0;7;0;0.0;2.0;1.0;1.0;A01
88724;201400058047;0;7;0;0.0;2.0;4.0;23.0;B01
88725;201400058048;0;7;0;0.0;2.0;6.0;1.0;B01
88726;201400058048;0;33;0;0.0;2.0;1.0;1.0;A01
88727;201400058049;0;33;0;2.0;2.0;2.0;11.0;B01
88728;201400058049;0;7;0;2.0;2.0;6.0;11.0;A01
88729;201400058050;0;7;0;0.0;2.0;4.0;1.0;B01
88730;201400058050;0;33;0;0.0;2.0;1.0;11.0;A01
88731;201400058051;0;33;0;0.0;2.0;3.0;3.0;B01
88732;201400058051;0;7;0;0.0;2.0;2.0;12.0;A01
88733;201400058052;0;7;0;0.0;2.0;7.0;12.0;A01
88734;201400058052;0;7;0;0.0;2.0;5.0;1.0;C01
88735;201400058052;0;33;0;0.0;2.0;3.0;3.0;B01
88736;201400058053;0;7;0;0.0;2.0;3.0;11.0;A01
88737;201400058053;0;33;0;0.0;2.0;7.0;1.0;B01
88738;201400058054;0;33;0;0.0;2.0;4.0;3.0;B01
88739;201400058054;0;2;0;0.0;2.0;1.0;3.0;A01
88740;201400058055;0;33;0;0.0;0.0;4.0;1.0;A01
88741;201400058056;0;10;0;0.0;2.0;8.0;12.0;A01
88742;201400058056;0;34;0;0.0;2.0;7.0;1.0;B01
88743;201400058057;0;7;0;0.0;2.0;1.0;2.0;A01
88744;201400058057;0;7;0;0.0;2.0;4.0;23.0;B01
88745;201400058057;0;7;0;0.0;2.0;4.0;23.0;C01
88746;201400058058;0;7;0;0.0;2.0;4.0;2.0;C01
88747;201400058058;0;32;0;4.0;2.0;1.0;11.0;A01
88748;201400058058;0;10;0;0.0;2.0;1.0;2.0;B01
88749;201400058059;1;7;0;0.0;2.0;0.0;11.0;Z01
88750;201400058059;0;33;0;0.0;2.0;7.0;3.0;A01
88751;201400058060;0;32;0;0.0;2.0;7.0;3.0;B01
88752;201400058060;0;7;0;0.0;2.0;3.0;11.0;A01
88753;201400058061;0;7;0;0.0;2.0;4.0;23.0;B01
88754;201400058061;0;7;0;0.0;2.0;1.0;2.0;A01
88755;201400058061;0;7;0;0.0;2.0;4.0;23.0;C01
88756;201400058062;1;7;0;0.0;2.0;1.0;2.0;Z01
88757;201400058062;0;7;0;0.0;2.0;4.0;23.0;A01
88758;201400058062;0;7;0;0.0;2.0;4.0;23.0;B01
88759;201400058063;0;7;0;4.0;0.0;8.0;13.0;A01
88760;201400058064;0;33;0;0.0;0.0;0.0;1.0;A01
88761;201400058065;0;7;0;0.0;2.0;4.0;23.0;B01
88762;201400058065;0;7;0;0.0;2.0;4.0;23.0;C01
88763;201400058065;0;7;0;0.0;2.0;1.0;2.0;A01
88764;201400058066;0;7;0;0.0;2.0;4.0;1.0;B01
88765;201400058066;0;10;0;0.0;2.0;1.0;1.0;A01
88766;201400058067;0;10;0;0.0;2.0;1.0;2.0;A01
88767;201400058067;0;33;0;0.0;2.0;1.0;3.0;C01
88768;201400058067;0;34;0;0.0;2.0;4.0;2.0;B01
88769;201400058069;0;7;0;0.0;2.0;4.0;23.0;C01
88770;201400058069;0;31;0;0.0;2.0;1.0;3.0;A01
88771;201400058069;0;10;0;0.0;2.0;5.0;23.0;B01
88772;201400058070;0;7;0;0.0;2.0;4.0;12.0;A01
88773;201400058070;0;31;0;0.0;2.0;7.0;3.0;B01
88774;201400058072;0;7;0;0.0;2.0;2.0;2.0;A01
88775;201400058072;0;33;0;0.0;2.0;4.0;2.0;B01
88776;201400058074;0;33;0;0.0;2.0;1.0;3.0;A01
88777;201400058074;0;33;0;0.0;2.0;4.0;3.0;B01
88778;201400058075;0;7;0;0.0;2.0;2.0;12.0;A01
88779;201400058075;0;34;0;0.0;2.0;8.0;3.0;B01
88780;201400058076;0;33;0;0.0;0.0;0.0;3.0;A01
88781;201400058077;0;33;0;0.0;2.0;2.0;3.0;A01
88782;201400058077;1;7;0;0.0;2.0;8.0;11.0;Z01
88783;201400058078;0;7;0;0.0;2.0;9.0;1.0;B01
88784;201400058078;0;7;0;0.0;2.0;1.0;1.0;C01
88785;201400058078;0;15;0;0.0;2.0;2.0;12.0;A01
88786;201400058079;0;10;0;0.0;2.0;3.0;11.0;A01
88787;201400058079;0;33;0;0.0;2.0;2.0;1.0;B01
88788;201400058080;0;7;0;0.0;2.0;6.0;1.0;B01
88789;201400058080;0;33;0;0.0;2.0;1.0;11.0;A01
88790;201400058081;0;7;0;0.0;2.0;6.0;1.0;C01
88791;201400058081;0;7;0;0.0;2.0;2.0;12.0;B01
88792;201400058081;0;31;0;0.0;2.0;1.0;3.0;A01
88793;201400058083;0;34;0;4.0;2.0;3.0;2.0;A01
88794;201400058083;0;7;0;0.0;2.0;5.0;2.0;B01
88795;201400058084;0;7;0;0.0;2.0;4.0;1.0;C01
88796;201400058084;0;7;0;0.0;2.0;8.0;11.0;A01
88797;201400058084;0;33;0;0.0;2.0;7.0;3.0;B01
88798;201400058085;0;31;0;0.0;0.0;8.0;1.0;A01
88799;201400058086;0;7;0;0.0;2.0;5.0;2.0;B01
88800;201400058086;0;7;0;0.0;2.0;3.0;2.0;A01
88801;201400058087;0;31;0;0.0;0.0;8.0;3.0;A01
88802;201400058088;0;33;0;0.0;2.0;2.0;3.0;B01
88803;201400058088;0;7;0;0.0;2.0;3.0;1.0;C01
88804;201400058088;0;7;0;0.0;2.0;3.0;11.0;A01
88805;201400058090;0;7;0;0.0;2.0;2.0;14.0;A01
88806;201400058090;0;7;0;4.0;2.0;6.0;1.0;B01
88807;201400058090;0;7;0;0.0;2.0;0.0;1.0;C01
88808;201400058091;0;10;0;0.0;2.0;4.0;2.0;B01
88809;201400058091;0;7;0;0.0;2.0;4.0;2.0;C01
88810;201400058091;0;7;0;0.0;2.0;1.0;2.0;A01
88811;201400058091;0;7;0;0.0;2.0;1.0;2.0;D01
88812;201400058092;0;7;0;0.0;2.0;8.0;13.0;A01
88813;201400058092;0;33;0;8.0;2.0;7.0;1.0;B01
88814;201400058093;0;7;0;0.0;2.0;3.0;11.0;A01
88815;201400058093;0;33;0;0.0;2.0;7.0;1.0;B01
88816;201400058094;0;7;0;0.0;2.0;6.0;2.0;B01
88817;201400058094;0;33;0;0.0;2.0;2.0;2.0;A01
88818;201400058095;0;33;0;0.0;2.0;2.0;3.0;A01
88819;201400058095;1;7;0;0.0;2.0;0.0;11.0;Z01
88820;201400058096;0;33;0;0.0;2.0;7.0;1.0;B01
88821;201400058096;0;7;0;0.0;2.0;8.0;11.0;A01
88822;201400058097;0;33;0;0.0;2.0;7.0;3.0;B01
88823;201400058097;0;7;0;0.0;2.0;8.0;13.0;A01
88824;201400058098;0;10;0;0.0;2.0;3.0;1.0;B01
88825;201400058098;0;7;0;0.0;2.0;7.0;12.0;A01
88826;201400058098;0;7;0;3.0;2.0;8.0;1.0;C01
88827;201400058099;0;7;0;0.0;2.0;6.0;11.0;A01
88828;201400058099;0;33;0;0.0;2.0;2.0;3.0;B01
88829;201400058100;0;7;0;0.0;2.0;4.0;2.0;C01
88830;201400058100;0;7;0;0.0;2.0;4.0;2.0;B01
88831;201400058100;0;10;0;0.0;2.0;4.0;2.0;D01
88832;201400058100;0;7;0;0.0;2.0;1.0;2.0;A01
88833;201400058102;0;7;0;0.0;2.0;7.0;12.0;A01
88834;201400058102;0;33;0;0.0;2.0;8.0;3.0;B01
88835;201400058104;0;7;0;0.0;2.0;8.0;11.0;A01
88836;201400058104;0;33;0;0.0;2.0;2.0;1.0;B01
88837;201400058105;0;7;0;0.0;2.0;7.0;12.0;A01
88838;201400058105;0;31;0;0.0;2.0;8.0;3.0;B01
88839;201400058106;0;33;0;0.0;2.0;1.0;2.0;A01
88840;201400058106;0;10;0;0.0;2.0;4.0;2.0;B01
88841;201400058107;0;7;0;0.0;2.0;6.0;1.0;C01
88842;201400058107;0;31;0;0.0;2.0;1.0;3.0;A01
88843;201400058107;0;33;0;0.0;2.0;4.0;3.0;B01
88844;201400058108;0;33;0;0.0;2.0;3.0;12.0;A01
88845;201400058108;0;7;0;0.0;2.0;5.0;1.0;B01
88846;201400058109;0;33;0;0.0;2.0;1.0;12.0;A01
88847;201400058109;0;7;0;0.0;2.0;6.0;1.0;B01
88848;201400058110;0;7;0;0.0;2.0;6.0;11.0;A01
88849;201400058110;0;33;0;0.0;2.0;7.0;3.0;B01
88850;201400058111;1;7;0;0.0;2.0;3.0;11.0;Z01
88851;201400058111;0;33;0;0.0;2.0;2.0;1.0;A01
88852;201400058112;0;7;0;4.0;2.0;4.0;13.0;A01
88853;201400058112;0;7;0;0.0;2.0;8.0;1.0;B01
88854;201400058113;0;7;0;0.0;2.0;1.0;2.0;A01
88855;201400058113;0;7;0;0.0;2.0;4.0;23.0;B01
88856;201400058114;1;7;0;0.0;2.0;0.0;14.0;Z01
88857;201400058114;0;7;0;12.0;2.0;0.0;1.0;A01
88858;201400058115;0;31;0;0.0;0.0;0.0;3.0;A01
88859;201400058116;0;10;0;0.0;2.0;5.0;2.0;B01
88860;201400058116;0;33;0;0.0;2.0;1.0;2.0;A01
88861;201400058117;0;33;0;0.0;2.0;0.0;3.0;A01
88862;201400058117;0;10;0;0.0;2.0;7.0;1.0;B01
88863;201400058119;0;7;0;0.0;2.0;4.0;2.0;C01
88864;201400058119;0;33;0;0.0;2.0;7.0;2.0;B01
88865;201400058119;0;7;0;0.0;2.0;8.0;11.0;A01
88866;201400058120;1;15;0;0.0;2.0;0.0;12.0;Z01
88867;201400058120;0;7;0;0.0;2.0;4.0;1.0;B01
88868;201400058120;0;7;0;0.0;2.0;5.0;1.0;A01
88869;201400058120;0;7;0;4.0;2.0;2.0;1.0;C01
88870;201400058121;0;7;0;0.0;2.0;5.0;12.0;A01
88871;201400058121;0;33;0;0.0;2.0;8.0;3.0;B01
88872;201400058122;0;7;0;0.0;2.0;2.0;12.0;A01
88873;201400058122;0;33;0;0.0;2.0;3.0;1.0;B01
88874;201400058123;0;7;0;0.0;2.0;3.0;1.0;A01
88875;201400058123;1;7;0;0.0;2.0;5.0;1.0;B01
88876;201400058124;0;31;0;12.0;0.0;0.0;13.0;A01
88877;201400058125;2;7;0;0.0;2.0;7.0;12.0;Z01
88878;201400058125;0;33;0;0.0;2.0;3.0;3.0;A01
88879;201400058126;0;15;0;0.0;2.0;2.0;1.0;A01
88880;201400058126;0;7;0;0.0;2.0;1.0;1.0;B01
88881;201400058126;1;7;0;0.0;2.0;6.0;11.0;Z01
88882;201400058127;0;7;0;0.0;2.0;1.0;1.0;A01
88883;201400058127;0;7;0;0.0;2.0;4.0;23.0;C01
88884;201400058127;0;7;0;0.0;2.0;4.0;23.0;B01
88885;201400058128;0;32;0;0.0;2.0;2.0;1.0;A01
88886;201400058128;1;7;0;0.0;2.0;6.0;11.0;Z01
88887;201400058129;0;32;0;0.0;2.0;1.0;3.0;A01
88888;201400058129;0;7;0;0.0;2.0;1.0;1.0;B01
88889;201400058129;0;7;0;0.0;2.0;0.0;1.0;C01
88890;201400058130;0;10;0;0.0;2.0;2.0;1.0;A01
88891;201400058130;0;34;0;0.0;2.0;4.0;23.0;B01
88892;201400058131;0;30;0;0.0;0.0;0.0;1.0;A01
88893;201400058132;0;31;0;0.0;2.0;1.0;3.0;B01
88894;201400058132;0;7;0;0.0;2.0;4.0;12.0;A01
88895;201400058133;0;7;0;0.0;2.0;4.0;11.0;B01
88896;201400058133;0;31;0;0.0;2.0;1.0;3.0;A01
88897;201400058134;0;7;0;0.0;2.0;5.0;12.0;B01
88898;201400058134;0;31;0;0.0;2.0;8.0;3.0;A01
88899;201400058135;0;33;0;0.0;2.0;2.0;3.0;A01
88900;201400058135;0;10;0;0.0;2.0;6.0;1.0;B01
88901;201400058137;0;10;0;0.0;2.0;1.0;2.0;A01
88902;201400058137;0;7;0;0.0;2.0;4.0;2.0;C01
88903;201400058137;0;33;0;0.0;2.0;1.0;2.0;D01
88904;201400058137;0;7;0;0.0;2.0;4.0;2.0;B01
88905;201400058138;0;7;0;0.0;2.0;6.0;1.0;B01
88906;201400058138;0;33;0;0.0;2.0;1.0;12.0;A01
88907;201400058139;1;14;0;0.0;2.0;0.0;1.0;C01
88908;201400058139;0;14;0;0.0;2.0;7.0;1.0;A01
88909;201400058139;0;7;0;12.0;2.0;4.0;1.0;B01
88910;201400058140;0;31;0;0.0;2.0;1.0;3.0;C01
88911;201400058140;0;34;0;0.0;2.0;1.0;3.0;B01
88912;201400058140;0;10;0;0.0;2.0;2.0;12.0;A01
88913;201400058140;0;7;0;0.0;2.0;8.0;1.0;D01
88914;201400058141;0;34;0;4.0;0.0;8.0;1.0;A01
88915;201400058142;0;10;0;0.0;2.0;6.0;1.0;B01
88916;201400058142;0;33;0;0.0;2.0;0.0;3.0;A01
88917;201400058143;0;7;0;0.0;2.0;2.0;12.0;A01
88918;201400058143;0;34;0;0.0;2.0;1.0;3.0;B01
88919;201400058144;0;32;0;0.0;2.0;1.0;1.0;A01
88920;201400058144;0;10;0;0.0;2.0;4.0;1.0;B01
88921;201400058145;0;33;0;0.0;0.0;8.0;3.0;A01
88922;201400058147;0;34;0;0.0;0.0;8.0;1.0;A01
88923;201400058148;0;33;0;0.0;0.0;8.0;1.0;A01
88924;201400058149;0;7;0;0.0;2.0;4.0;23.0;B01
88925;201400058149;0;7;0;0.0;2.0;1.0;1.0;A01
88926;201400058150;0;7;0;0.0;2.0;2.0;1.0;B01
88927;201400058150;0;7;0;0.0;2.0;6.0;1.0;C01
88928;201400058150;0;33;0;0.0;2.0;8.0;3.0;A01
88929;201400058151;0;7;0;0.0;2.0;8.0;1.0;B01
88930;201400058151;0;15;0;0.0;2.0;2.0;12.0;A01
88931;201400058152;0;31;0;0.0;2.0;1.0;2.0;A01
88932;201400058152;0;7;0;0.0;2.0;4.0;2.0;B01
88933;201400058153;0;33;0;0.0;2.0;7.0;3.0;A01
88934;201400058153;0;7;0;0.0;2.0;6.0;11.0;B01
88935;201400058154;0;10;0;0.0;2.0;2.0;11.0;A01
88936;201400058154;0;33;0;0.0;2.0;3.0;1.0;B01
88937;201400058155;0;7;0;0.0;2.0;6.0;1.0;B01
88938;201400058155;0;7;0;0.0;2.0;2.0;11.0;A01
88939;201400058156;0;7;0;3.0;2.0;5.0;2.0;C01
88940;201400058156;0;7;0;0.0;2.0;6.0;11.0;A01
88941;201400058156;0;38;53;0.0;2.0;2.0;2.0;B01
88942;201400058157;0;7;0;0.0;2.0;1.0;2.0;C01
88943;201400058157;0;7;0;0.0;2.0;1.0;2.0;A01
88944;201400058157;0;7;0;0.0;2.0;4.0;2.0;B01
88945;201400058158;0;31;0;0.0;2.0;0.0;3.0;A01
88946;201400058158;0;10;0;0.0;2.0;5.0;1.0;B01
88947;201400058160;0;7;0;0.0;2.0;1.0;2.0;A01
88948;201400058160;0;7;0;0.0;2.0;4.0;2.0;B01
88949;201400058161;0;7;0;0.0;2.0;2.0;12.0;A01
88950;201400058161;0;31;0;0.0;2.0;3.0;1.0;B01
88951;201400058162;0;14;0;0.0;2.0;1.0;22.0;A01
88952;201400058162;0;10;0;0.0;2.0;7.0;1.0;B01
88953;201400058163;0;7;0;4.0;0.0;1.0;13.0;A01
88954;201400058164;0;10;0;0.0;2.0;4.0;2.0;C01
88955;201400058164;0;7;0;0.0;2.0;1.0;2.0;A01
88956;201400058164;0;7;0;0.0;2.0;4.0;2.0;B01
88957;201400058165;0;34;0;0.0;2.0;4.0;3.0;A01
88958;201400058165;0;10;0;0.0;2.0;5.0;1.0;B01
88959;201400058166;0;7;0;0.0;2.0;4.0;1.0;C01
88960;201400058166;0;10;0;0.0;2.0;8.0;11.0;A01
88961;201400058166;0;33;0;0.0;2.0;2.0;3.0;B01
88962;201400058167;0;32;0;0.0;0.0;7.0;3.0;A01
88963;201400058168;0;7;0;0.0;2.0;5.0;2.0;B01
88964;201400058168;0;31;0;0.0;2.0;1.0;2.0;A01
88965;201400058169;0;31;0;0.0;0.0;0.0;3.0;A01
88966;201400058170;0;31;0;0.0;2.0;2.0;3.0;B01
88967;201400058170;0;7;0;0.0;2.0;8.0;11.0;A01
88968;201400058171;0;7;0;4.0;0.0;1.0;1.0;A01
88969;201400058172;0;7;0;0.0;2.0;2.0;12.0;A01
88970;201400058172;0;33;0;0.0;2.0;6.0;1.0;B01
88971;201400058173;0;7;0;0.0;2.0;5.0;1.0;D01
88972;201400058173;0;33;0;0.0;2.0;3.0;3.0;B01
88973;201400058173;0;7;0;0.0;2.0;7.0;12.0;A01
88974;201400058173;0;7;0;0.0;2.0;6.0;1.0;C01
88975;201400058174;0;33;0;0.0;2.0;1.0;1.0;A01
88976;201400058174;0;7;0;0.0;0.0;4.0;1.0;B01
88977;201400058175;0;7;0;0.0;2.0;2.0;12.0;A01
88978;201400058175;0;33;0;0.0;2.0;3.0;3.0;B01
88979;201400058176;0;14;0;0.0;2.0;1.0;1.0;A01
88980;201400058176;0;7;0;0.0;2.0;4.0;1.0;C01
88981;201400058176;0;7;0;0.0;2.0;4.0;1.0;B01
88982;201400058177;0;7;0;4.0;0.0;1.0;13.0;A01
88983;201400058178;0;7;0;0.0;2.0;7.0;12.0;A01
88984;201400058178;0;32;0;0.0;2.0;8.0;3.0;B01
88985;201400058179;0;7;0;0.0;2.0;5.0;2.0;B01
88986;201400058179;0;10;0;0.0;2.0;3.0;2.0;A01
88987;201400058180;0;33;0;0.0;2.0;2.0;3.0;C01
88988;201400058180;0;10;0;0.0;2.0;0.0;12.0;A01
88989;201400058180;0;7;0;0.0;2.0;6.0;13.0;B01
88990;201400058181;0;10;0;0.0;2.0;3.0;11.0;C01
88991;201400058181;0;7;0;0.0;2.0;3.0;1.0;A01
88992;201400058181;0;7;0;0.0;2.0;5.0;1.0;B01
88993;201400058182;0;7;0;4.0;0.0;3.0;13.0;A01
88994;201400058183;0;15;0;0.0;2.0;2.0;1.0;A01
88995;201400058183;0;7;0;0.0;2.0;8.0;1.0;B01
88996;201400058184;0;7;0;0.0;2.0;6.0;11.0;A01
88997;201400058184;0;33;0;0.0;2.0;1.0;1.0;B01
88998;201400058185;0;7;0;4.0;0.0;8.0;1.0;A01
88999;201400058186;0;7;0;0.0;2.0;1.0;1.0;A01
89000;201400058186;0;7;0;0.0;2.0;4.0;23.0;C01
89001;201400058186;0;7;0;0.0;2.0;4.0;23.0;B01
89002;201400058187;0;33;0;0.0;2.0;1.0;3.0;B01
89003;201400058187;0;7;0;0.0;2.0;8.0;11.0;A01
89004;201400058187;0;7;0;0.0;2.0;2.0;1.0;C01
89005;201400058189;0;10;0;0.0;2.0;2.0;12.0;A01
89006;201400058189;0;31;0;0.0;2.0;3.0;3.0;B01
89007;201400058190;0;17;0;0.0;2.0;1.0;2.0;A01
89008;201400058190;0;10;0;14.0;2.0;8.0;2.0;B01
89009;201400058192;0;7;0;0.0;1.0;0.0;1.0;A01
89010;201400058193;0;7;0;0.0;2.0;8.0;13.0;A01
89011;201400058193;0;31;0;0.0;2.0;1.0;1.0;B02
89012;201400058194;0;7;0;0.0;0.0;3.0;15.0;A01
89013;201400058194;0;31;0;0.0;0.0;1.0;1.0;B02
89014;201400058195;0;33;0;13.0;0.0;1.0;14.0;A01
89015;201400058196;0;31;0;0.0;2.0;1.0;17.0;A01
89016;201400058196;0;10;0;0.0;2.0;8.0;15.0;B02
89017;201400058198;0;7;0;0.0;0.0;6.0;1.0;A01