;Num_Acc;senc;catv;occutc;obs;obsm;choc;manv;num_veh
89437;201400058475;0;14;0;0.0;2.0;3.0;0.0;B03
89438;201400058476;0;7;0;0.0;0.0;3.0;9.0;B02
89439;201400058476;0;33;0;0.0;2.0;1.0;1.0;A01
89440;201400058477;0;7;0;0.0;1.0;1.0;1.0;A01
89441;201400058478;0;31;0;0.0;1.0;1.0;14.0;A01
89442;201400058479;0;33;0;0.0;2.0;8.0;2.0;B02
89443;201400058479;0;33;0;0.0;2.0;8.0;2.0;A01
89444;201400058480;0;7;0;0.0;2.0;1.0;1.0;A01
89445;201400058480;0;30;0;0.0;2.0;1.0;13.0;B02
89446;201400058481;0;7;0;6.0;0.0;1.0;1.0;A01
89447;201400058482;0;7;0;2.0;0.0;2.0;14.0;A01
89448;201400058485;0;33;0;8.0;0.0;8.0;0.0;A01
89449;201400058486;0;7;0;0.0;2.0;4.0;15.0;A01
89450;201400058486;0;31;0;0.0;2.0;1.0;1.0;B02
89451;201400058487;0;33;0;0.0;2.0;1.0;13.0;B02
89452;201400058487;0;14;0;0.0;2.0;2.0;1.0;A01
89453;201400058488;0;30;0;3.0;0.0;2.0;1.0;A01
89454;201400058489;0;7;0;0.0;2.0;3.0;15.0;B02
89455;201400058489;0;33;0;0.0;2.0;2.0;1.0;A01
89456;201400058490;0;7;0;0.0;0.0;0.0;0.0;A01
89457;201400058491;0;7;0;0.0;2.0;3.0;5.0;A01
89458;201400058491;0;1;0;0.0;2.0;3.0;21.0;B02
89459;201400058492;0;30;0;0.0;1.0;1.0;1.0;A01
89460;201400058493;0;7;0;0.0;2.0;3.0;13.0;A01
89461;201400058493;0;30;0;0.0;2.0;1.0;13.0;B02
89462;201400058494;0;10;0;10.0;0.0;1.0;1.0;A01
89463;201400058496;0;2;0;0.0;0.0;8.0;15.0;A01
89464;201400058497;0;7;0;0.0;1.0;7.0;1.0;A01
89465;201400058498;0;7;0;0.0;1.0;2.0;1.0;A01
89466;201400058499;0;33;0;16.0;2.0;9.0;8.0;B02
89467;201400058499;0;7;0;0.0;0.0;6.0;1.0;A01
89468;201400058499;0;7;0;0.0;2.0;2.0;1.0;C03
89469;201400058500;0;7;0;0.0;1.0;2.0;1.0;A01
89470;201400058501;0;7;0;0.0;2.0;0.0;15.0;A01
89471;201400058501;0;32;0;0.0;0.0;0.0;0.0;B02
89472;201400058502;0;7;0;0.0;0.0;8.0;23.0;B02
89473;201400058502;0;31;0;0.0;2.0;1.0;1.0;C03
89474;201400058502;0;7;0;0.0;2.0;2.0;11.0;A01
89475;201400058503;0;30;0;3.0;0.0;7.0;1.0;A01
89476;201400058504;0;7;0;0.0;2.0;1.0;1.0;B02
89477;201400058504;0;30;0;0.0;2.0;2.0;10.0;A01
89478;201400058505;0;33;0;0.0;2.0;7.0;1.0;B02
89479;201400058505;0;7;0;0.0;2.0;2.0;1.0;A01
89480;201400058506;0;30;0;0.0;0.0;0.0;2.0;A01
89481;201400058507;0;7;0;0.0;2.0;3.0;17.0;A01
89482;201400058507;0;1;0;0.0;2.0;1.0;1.0;B02
89483;201400058509;0;31;0;0.0;2.0;0.0;3.0;A01
89484;201400058509;0;7;0;0.0;2.0;1.0;19.0;B02
89485;201400058510;0;14;0;0.0;1.0;0.0;16.0;A01
89486;201400058511;0;33;0;0.0;2.0;7.0;17.0;A01
89487;201400058511;0;7;0;0.0;2.0;8.0;15.0;B02
89488;201400058512;0;7;0;0.0;2.0;3.0;13.0;B02
89489;201400058512;0;33;0;0.0;2.0;1.0;17.0;A01
89490;201400058513;0;2;0;3.0;0.0;2.0;1.0;A01
89491;201400058514;0;7;0;8.0;0.0;1.0;1.0;A01
89492;201400058515;0;7;0;0.0;2.0;8.0;6.0;A01
89493;201400058515;0;7;0;0.0;2.0;2.0;1.0;B02
89494;201400058517;0;3;0;0.0;2.0;8.0;13.0;A01
89495;201400058517;0;7;0;0.0;2.0;8.0;1.0;B02
89496;201400058518;0;7;0;0.0;2.0;3.0;15.0;A01
89497;201400058518;0;30;0;0.0;2.0;1.0;1.0;B02
89498;201400058519;0;7;0;0.0;2.0;3.0;1.0;B02
89499;201400058519;0;2;0;0.0;2.0;1.0;13.0;A01
89500;201400058520;0;7;0;0.0;2.0;1.0;1.0;B02
89501;201400058520;0;7;0;0.0;2.0;7.0;5.0;A01
89502;201400058521;0;7;0;0.0;1.0;1.0;1.0;A01
89503;201400058522;1;7;0;0.0;1.0;1.0;1.0;A01
89504;201400058523;0;7;0;0.0;2.0;1.0;1.0;C03
89505;201400058523;0;7;0;0.0;2.0;1.0;1.0;B02
89506;201400058523;0;7;0;0.0;2.0;1.0;13.0;A01
89507;201400058524;0;7;0;0.0;2.0;7.0;13.0;B02
89508;201400058524;0;7;0;0.0;2.0;3.0;1.0;A01
89509;201400058526;0;7;0;0.0;1.0;1.0;1.0;A01
89510;201400058527;0;2;0;0.0;2.0;3.0;0.0;B02
89511;201400058527;0;7;0;0.0;2.0;3.0;1.0;A01
89512;201400058528;0;1;0;3.0;0.0;0.0;14.0;A01
89513;201400058529;0;10;0;0.0;2.0;3.0;13.0;A01
89514;201400058529;0;38;0;2.0;2.0;3.0;1.0;B02
89515;201400058530;0;30;0;16.0;1.0;1.0;15.0;A01
89516;201400058532;0;33;0;0.0;2.0;1.0;1.0;B02
89517;201400058532;0;7;0;0.0;2.0;7.0;19.0;A01
89518;201400058533;0;1;0;0.0;2.0;1.0;1.0;A01
89519;201400058533;0;7;0;0.0;9.0;6.0;19.0;B02
89520;201400058534;0;33;0;0.0;2.0;7.0;17.0;B02
89521;201400058534;0;7;0;0.0;2.0;8.0;15.0;A01
89522;201400058535;0;7;0;1.0;1.0;1.0;0.0;A01
89523;201400058536;0;30;0;0.0;1.0;1.0;5.0;A01
89524;201400058537;0;7;0;2.0;0.0;5.0;1.0;A01
89525;201400058538;0;30;0;1.0;0.0;4.0;24.0;B02
89526;201400058538;1;30;0;0.0;2.0;1.0;17.0;A01
89527;201400058539;0;7;0;0.0;1.0;3.0;1.0;A01
89528;201400058541;0;7;0;0.0;2.0;3.0;1.0;A01
89529;201400058541;0;30;0;0.0;2.0;1.0;13.0;B02
89530;201400058542;0;33;0;13.0;0.0;1.0;1.0;A01
89531;201400058543;0;7;0;6.0;0.0;1.0;1.0;A01
89532;201400058544;0;7;0;0.0;2.0;1.0;1.0;A01
89533;201400058544;0;33;0;3.0;2.0;9.0;1.0;B02
89534;201400058545;0;31;0;0.0;2.0;1.0;1.0;A01
89535;201400058545;0;7;0;0.0;2.0;3.0;15.0;B02
89536;201400058546;0;33;0;13.0;0.0;1.0;1.0;A01
89537;201400058547;0;14;0;0.0;2.0;1.0;1.0;B02
89538;201400058547;0;7;0;0.0;2.0;7.0;14.0;A01
89539;201400058548;0;2;0;0.0;2.0;1.0;1.0;B02
89540;201400058548;0;7;0;0.0;2.0;3.0;15.0;A01
89541;201400058549;0;7;0;0.0;1.0;1.0;1.0;A01
89542;201400058551;0;7;0;0.0;0.0;9.0;1.0;A01
89543;201400058552;0;7;0;0.0;1.0;1.0;1.0;A01
89544;201400058554;0;33;0;12.0;0.0;1.0;1.0;A01
89545;201400058555;0;32;0;13.0;0.0;1.0;17.0;A01
89546;201400058555;0;7;0;0.0;9.0;1.0;1.0;B02
89547;201400058556;0;33;0;0.0;2.0;6.0;1.0;A01
89548;201400058556;0;7;0;0.0;2.0;2.0;15.0;B02
89549;201400058558;0;2;0;0.0;2.0;1.0;1.0;B02
89550;201400058558;0;7;0;0.0;2.0;5.0;15.0;A01
89551;201400058559;0;7;0;0.0;2.0;3.0;1.0;A01
89552;201400058559;0;7;0;0.0;2.0;2.0;1.0;B02
89553;201400058560;0;30;0;0.0;2.0;3.0;13.0;A01
89554;201400058560;0;33;0;0.0;2.0;3.0;1.0;B02
89555;201400058561;0;7;0;0.0;2.0;3.0;1.0;A01
89556;201400058561;0;30;0;0.0;2.0;1.0;1.0;B02
89557;201400058562;0;33;0;0.0;2.0;1.0;1.0;B02
89558;201400058562;0;7;0;0.0;2.0;3.0;15.0;A01
89559;201400058563;0;30;0;0.0;2.0;1.0;1.0;B02
89560;201400058563;0;10;0;0.0;2.0;7.0;11.0;A01
89561;201400058564;0;7;0;0.0;2.0;8.0;1.0;B02
89562;201400058564;0;7;0;0.0;2.0;8.0;1.0;A01
89563;201400058565;0;30;0;0.0;2.0;1.0;1.0;B02
89564;201400058565;0;7;0;0.0;2.0;3.0;13.0;A01
89565;201400058567;0;31;0;0.0;2.0;1.0;13.0;A01
89566;201400058567;0;7;0;0.0;2.0;1.0;1.0;B02
89567;201400058568;0;30;0;0.0;2.0;3.0;1.0;B02
89568;201400058568;0;7;0;0.0;2.0;7.0;13.0;A01
89569;201400058569;0;7;0;0.0;1.0;2.0;1.0;A01
89570;201400058570;0;7;0;0.0;1.0;2.0;1.0;A01
89571;201400058571;0;32;0;6.0;0.0;2.0;1.0;A01
89572;201400058572;0;7;0;0.0;2.0;3.0;10.0;A01
89573;201400058572;0;2;0;0.0;2.0;1.0;17.0;B02
89574;201400058573;0;33;0;0.0;0.0;1.0;0.0;B02
89575;201400058573;0;7;0;0.0;0.0;3.0;16.0;A01
89576;201400058573;0;33;0;0.0;0.0;0.0;0.0;C03
89577;201400058575;0;7;0;0.0;2.0;1.0;1.0;A01
89578;201400058575;0;7;0;0.0;2.0;1.0;5.0;B02
89579;201400058576;0;30;0;0.0;2.0;2.0;3.0;A01
89580;201400058576;0;7;0;0.0;0.0;8.0;23.0;B02
89581;201400058577;0;7;0;0.0;0.0;9.0;1.0;A01
89582;201400058578;1;7;0;0.0;1.0;3.0;1.0;A01
89583;201400058579;0;10;0;0.0;2.0;4.0;1.0;B02
89584;201400058579;0;30;0;0.0;2.0;1.0;3.0;A01
89585;201400058580;0;33;0;0.0;2.0;1.0;2.0;A01
89586;201400058580;0;7;0;0.0;9.0;3.0;2.0;C03
89587;201400058580;0;7;0;0.0;2.0;4.0;2.0;B02
89588;201400058581;0;10;0;0.0;2.0;4.0;1.0;C03
89589;201400058581;0;7;0;1.0;0.0;2.0;1.0;D04
89590;201400058581;0;7;0;0.0;2.0;2.0;1.0;A01
89591;201400058581;0;14;0;0.0;2.0;6.0;1.0;B02
89592;201400058582;0;7;0;0.0;2.0;1.0;5.0;A01
89593;201400058582;0;7;0;0.0;2.0;1.0;1.0;B02
89594;201400058583;0;7;0;0.0;1.0;1.0;1.0;A01
89595;201400058584;0;10;0;0.0;2.0;2.0;15.0;A01
89596;201400058584;0;2;0;0.0;2.0;1.0;1.0;B02
89597;201400058585;0;33;0;0.0;0.0;0.0;1.0;A01
89598;201400058587;0;7;0;4.0;0.0;2.0;1.0;A01
89599;201400058588;0;7;0;0.0;1.0;2.0;1.0;A01
89600;201400058589;0;33;0;0.0;2.0;3.0;2.0;A01
89601;201400058589;0;7;0;0.0;2.0;2.0;2.0;B02
89602;201400058589;0;13;0;0.0;0.0;6.0;2.0;C03
89603;201400058590;0;30;0;0.0;2.0;1.0;11.0;B02
89604;201400058590;0;7;0;0.0;2.0;3.0;1.0;A01
89605;201400058591;0;7;0;0.0;2.0;3.0;1.0;B02
89606;201400058591;0;99;0;0.0;2.0;7.0;1.0;A01
89607;201400058594;0;7;0;0.0;2.0;3.0;13.0;A01
89608;201400058594;0;10;0;0.0;2.0;3.0;1.0;B02
89609;201400058596;0;33;0;0.0;2.0;3.0;13.0;A01
89610;201400058596;0;10;0;0.0;2.0;3.0;0.0;B02
89611;201400058597;0;10;0;0.0;1.0;1.0;1.0;A01
89612;201400058598;0;7;0;0.0;1.0;1.0;1.0;A01
89613;201400058598;0;7;0;0.0;2.0;1.0;1.0;B02
89614;201400058599;0;33;0;0.0;2.0;3.0;1.0;A01
89615;201400058599;0;7;0;0.0;2.0;3.0;1.0;B02
89616;201400058600;0;32;0;0.0;0.0;1.0;19.0;A01
89617;201400058601;2;7;0;0.0;2.0;1.0;17.0;B02
89618;201400058601;0;30;0;0.0;2.0;1.0;1.0;A01
89619;201400058602;0;7;0;0.0;2.0;3.0;17.0;A01
89620;201400058602;0;30;0;0.0;2.0;1.0;1.0;B02
89621;201400058603;0;7;0;0.0;1.0;8.0;1.0;A01
89622;201400058604;0;30;0;4.0;0.0;7.0;1.0;A01
89623;201400058605;0;10;0;0.0;2.0;4.0;2.0;A01
89624;201400058605;0;10;0;0.0;2.0;1.0;2.0;B02
89625;201400058605;0;10;0;0.0;2.0;3.0;1.0;C03
89626;201400058606;0;31;0;0.0;2.0;1.0;1.0;A01
89627;201400058606;0;7;0;0.0;2.0;4.0;1.0;B02
89628;201400058606;0;7;0;0.0;2.0;1.0;1.0;C03
89629;201400058607;0;30;0;0.0;1.0;1.0;1.0;A01
89630;201400058608;0;7;0;0.0;2.0;1.0;1.0;C03
89631;201400058608;0;7;0;0.0;2.0;8.0;1.0;B02
89632;201400058608;0;7;0;0.0;2.0;8.0;1.0;A01
89633;201400058609;0;7;0;0.0;1.0;2.0;17.0;A01
89634;201400058610;0;13;0;0.0;0.0;4.0;15.0;A01
89635;201400058610;0;31;0;0.0;2.0;1.0;2.0;B02
89636;201400058611;0;7;0;0.0;2.0;1.0;2.0;A01
89637;201400058611;0;7;0;0.0;2.0;4.0;2.0;B02
89638;201400058611;0;7;0;0.0;2.0;4.0;2.0;C03
89639;201400058612;0;10;0;0.0;2.0;1.0;1.0;A01
89640;201400058612;0;2;0;0.0;2.0;7.0;15.0;B02
89641;201400058613;0;30;0;0.0;1.0;1.0;19.0;A01
89642;201400058618;0;7;0;0.0;0.0;1.0;21.0;A01
89643;201400058618;0;1;0;0.0;0.0;7.0;19.0;B02
89644;201400058619;0;2;0;0.0;1.0;1.0;2.0;A01
89645;201400058620;0;30;0;0.0;2.0;1.0;14.0;A01
89646;201400058620;0;7;0;0.0;2.0;2.0;15.0;B02
89647;201400058621;0;33;0;0.0;2.0;1.0;2.0;A01
89648;201400058622;0;30;0;0.0;2.0;8.0;5.0;A01
89649;201400058623;0;99;0;0.0;2.0;8.0;1.0;B02
89650;201400058623;0;32;0;0.0;2.0;7.0;1.0;A01
89651;201400058624;0;33;0;16.0;0.0;8.0;1.0;A01
89652;201400058625;0;30;0;0.0;2.0;1.0;17.0;A01
89653;201400058625;0;10;0;0.0;2.0;3.0;1.0;B02
89654;201400058626;0;7;0;0.0;2.0;2.0;19.0;A01
89655;201400058626;0;30;0;0.0;2.0;3.0;1.0;B02
89656;201400058627;0;7;0;0.0;2.0;1.0;1.0;A01
89657;201400058627;0;1;0;0.0;2.0;8.0;15.0;B02
89658;201400058628;0;7;0;0.0;2.0;3.0;15.0;A01
89659;201400058628;0;30;0;0.0;2.0;1.0;0.0;B02
89660;201400058629;0;2;0;0.0;2.0;1.0;1.0;B02
89661;201400058629;0;7;0;0.0;2.0;7.0;15.0;A01
89662;201400058630;0;1;0;0.0;2.0;1.0;1.0;B02
89663;201400058630;0;1;0;0.0;2.0;1.0;1.0;C03
89664;201400058630;0;7;0;0.0;2.0;3.0;13.0;A01
89665;201400058631;0;10;0;6.0;0.0;3.0;0.0;A01
89666;201400058632;0;30;0;0.0;2.0;1.0;1.0;B02
89667;201400058632;0;7;0;0.0;2.0;1.0;15.0;A01
89668;201400058633;0;33;0;0.0;2.0;1.0;17.0;B02
89669;201400058633;0;7;0;0.0;2.0;8.0;15.0;A01
89670;201400058634;0;32;0;0.0;2.0;1.0;1.0;B02
89671;201400058634;0;7;0;0.0;2.0;2.0;15.0;A01
89672;201400058635;0;10;0;0.0;1.0;1.0;1.0;A01
89673;201400058636;0;7;0;14.0;0.0;1.0;1.0;D04
89674;201400058636;0;7;0;0.0;0.0;4.0;23.0;A01
89675;201400058636;0;7;0;0.0;0.0;4.0;23.0;B02
89676;201400058636;0;7;0;14.0;0.0;2.0;1.0;C03
89677;201400058637;0;7;0;0.0;2.0;2.0;19.0;A01
89678;201400058637;0;33;0;0.0;2.0;8.0;1.0;B02
89679;201400058637;0;7;0;0.0;2.0;1.0;23.0;C03
89680;201400058639;0;7;0;0.0;2.0;2.0;15.0;A01
89681;201400058639;0;30;0;0.0;2.0;1.0;1.0;B02
89682;201400058641;0;7;0;0.0;2.0;3.0;1.0;A01
89683;201400058641;0;7;0;0.0;2.0;3.0;1.0;B02
89684;201400058642;0;10;0;0.0;2.0;4.0;20.0;A01
89685;201400058642;0;1;0;0.0;2.0;7.0;24.0;B02
89686;201400058643;0;30;0;0.0;2.0;8.0;1.0;A01
89687;201400058643;0;7;0;0.0;2.0;2.0;17.0;B02
89688;201400058644;0;7;0;0.0;2.0;3.0;1.0;A01
89689;201400058644;0;7;0;0.0;2.0;3.0;1.0;B02
89690;201400058646;0;30;0;0.0;2.0;1.0;1.0;B02
89691;201400058646;0;7;0;0.0;2.0;5.0;15.0;A01
89692;201400058647;0;30;0;0.0;2.0;1.0;5.0;B02
89693;201400058647;0;99;0;0.0;2.0;1.0;1.0;A01
89694;201400058648;0;7;0;0.0;2.0;1.0;15.0;A01
89695;201400058648;0;30;0;0.0;2.0;1.0;1.0;B02
89696;201400058649;0;7;0;0.0;2.0;8.0;15.0;B02
89697;201400058649;0;31;0;0.0;2.0;1.0;1.0;A01
89698;201400058649;0;7;0;0.0;2.0;6.0;15.0;C03
89699;201400058650;0;7;0;0.0;2.0;4.0;2.0;B02
89700;201400058650;0;30;0;0.0;2.0;1.0;2.0;A01
89701;201400058651;0;7;0;0.0;0.0;0.0;1.0;A01
89702;201400058652;0;7;0;0.0;2.0;3.0;1.0;B02
89703;201400058652;0;7;0;0.0;2.0;3.0;13.0;A01
89704;201400058653;0;2;0;0.0;2.0;1.0;1.0;B02
89705;201400058653;0;7;0;0.0;2.0;8.0;1.0;A01
89706;201400058654;0;7;0;13.0;0.0;3.0;1.0;A01
89707;201400058657;0;10;0;0.0;2.0;3.0;1.0;B02
89708;201400058657;0;2;0;0.0;2.0;1.0;0.0;A01
89709;201400058658;0;7;0;8.0;0.0;7.0;1.0;A01
89710;201400058659;0;34;0;11.0;0.0;1.0;1.0;A01
89711;201400058660;0;7;0;0.0;9.0;2.0;0.0;A01
89712;201400058660;0;1;0;0.0;2.0;4.0;1.0;B02
89713;201400058662;0;7;0;0.0;1.0;3.0;1.0;A01
89714;201400058663;0;34;0;0.0;2.0;1.0;1.0;B02
89715;201400058663;0;7;0;0.0;2.0;5.0;15.0;A01
89716;201400058664;0;7;0;0.0;2.0;2.0;0.0;B02
89717;201400058664;0;30;0;0.0;2.0;1.0;14.0;A01
89718;201400058665;0;30;0;0.0;2.0;1.0;2.0;A01
89719;201400058665;0;7;0;0.0;2.0;4.0;15.0;B02
89720;201400058666;0;7;0;0.0;2.0;1.0;15.0;B02
89721;201400058666;0;30;0;0.0;2.0;7.0;1.0;A01
89722;201400058667;0;30;0;0.0;2.0;1.0;1.0;A01
89723;201400058667;0;7;0;0.0;9.0;3.0;19.0;B02
89724;201400058668;0;30;0;0.0;2.0;8.0;15.0;B02
89725;201400058668;0;32;0;0.0;2.0;7.0;17.0;A01
89726;201400058669;0;30;0;6.0;0.0;1.0;2.0;A01
89727;201400058671;0;10;0;0.0;0.0;4.0;23.0;B02
89728;201400058671;0;7;0;14.0;0.0;1.0;21.0;A01
89729;201400058671;0;10;0;0.0;0.0;4.0;23.0;C03
89730;201400058672;0;7;0;0.0;2.0;1.0;0.0;B02
89731;201400058672;0;7;0;0.0;2.0;1.0;1.0;A01
89732;201400058673;0;38;0;0.0;1.0;0.0;1.0;A01
89733;201400058674;0;30;0;0.0;2.0;1.0;13.0;A01
89734;201400058674;0;7;0;0.0;2.0;1.0;1.0;B02
89735;201400058675;0;7;0;0.0;0.0;0.0;16.0;A01
89736;201400058676;0;35;0;0.0;2.0;8.0;13.0;A01
89737;201400058676;0;7;0;0.0;2.0;7.0;17.0;B02
89738;201400058677;0;7;0;0.0;2.0;5.0;15.0;B02
89739;201400058677;0;31;0;0.0;2.0;2.0;1.0;A01
89740;201400058678;0;2;0;3.0;0.0;9.0;1.0;A01
89741;201400058679;0;2;0;0.0;2.0;3.0;13.0;A01
89742;201400058679;0;10;0;0.0;2.0;3.0;1.0;B02
89743;201400058680;0;7;0;0.0;0.0;2.0;14.0;A01
89744;201400058680;0;1;0;0.0;2.0;6.0;1.0;B02
89745;201400058681;0;30;0;0.0;2.0;1.0;1.0;B02
89746;201400058681;0;7;0;0.0;2.0;1.0;1.0;A01
89747;201400058682;0;10;0;0.0;0.0;8.0;15.0;A01
89748;201400058682;0;10;0;0.0;2.0;1.0;1.0;B02
89749;201400058683;0;7;0;0.0;2.0;1.0;1.0;A01
89750;201400058683;0;7;0;0.0;0.0;7.0;19.0;B02
89751;201400058685;0;2;0;0.0;2.0;8.0;13.0;B02
89752;201400058685;0;10;0;0.0;2.0;3.0;1.0;A01
89753;201400058686;0;7;0;7.0;0.0;1.0;1.0;A01
89754;201400058688;0;7;0;0.0;2.0;3.0;5.0;A01
89755;201400058688;0;7;0;0.0;2.0;1.0;21.0;B02
89756;201400058689;0;7;0;0.0;9.0;6.0;1.0;A01
89757;201400058689;0;10;0;0.0;9.0;3.0;15.0;B02
89758;201400058689;0;33;0;0.0;2.0;1.0;21.0;C03
89759;201400058690;0;33;0;13.0;0.0;9.0;14.0;A01
89760;201400058691;0;2;0;0.0;2.0;1.0;3.0;B02
89761;201400058691;0;7;0;0.0;2.0;3.0;3.0;A01
89762;201400058692;0;33;0;0.0;2.0;1.0;17.0;A01
89763;201400058692;0;37;0;0.0;2.0;5.0;1.0;B02
89764;201400058694;0;7;0;0.0;2.0;1.0;1.0;A01
89765;201400058694;0;7;0;0.0;2.0;1.0;1.0;B02
89766;201400058695;0;7;0;0.0;2.0;7.0;1.0;B02
89767;201400058695;0;30;0;0.0;2.0;7.0;5.0;A01
89768;201400058696;0;33;0;0.0;2.0;1.0;1.0;B02
89769;201400058696;0;7;0;0.0;2.0;8.0;19.0;A01
89770;201400058697;0;7;0;0.0;2.0;3.0;1.0;A01
89771;201400058697;2;7;0;0.0;2.0;3.0;1.0;B02
89772;201400058698;0;33;0;16.0;0.0;0.0;0.0;A01
89773;201400058699;0;7;0;8.0;0.0;2.0;1.0;A01
89774;201400058700;0;7;0;2.0;0.0;1.0;14.0;A01
89775;201400058701;0;30;0;0.0;2.0;1.0;1.0;A01
89776;201400058701;0;7;0;0.0;0.0;4.0;2.0;B02
89777;201400058701;0;7;0;0.0;2.0;1.0;1.0;C03
89778;201400058702;0;32;0;0.0;2.0;1.0;5.0;A01
89779;201400058702;0;7;0;0.0;2.0;1.0;1.0;B02
89780;201400058704;0;7;0;0.0;2.0;3.0;15.0;A01
89781;201400058704;0;33;0;6.0;2.0;1.0;3.0;B02
89782;201400058705;0;10;0;1.0;1.0;0.0;1.0;A01
89783;201400058706;0;7;0;0.0;2.0;1.0;1.0;B02
89784;201400058706;0;31;0;0.0;2.0;1.0;17.0;A01
89785;201400058707;0;7;0;0.0;2.0;2.0;1.0;A01
89786;201400058707;0;34;0;0.0;2.0;0.0;1.0;B02
89787;201400058708;0;7;0;0.0;2.0;1.0;1.0;B02
89788;201400058708;0;7;0;0.0;2.0;7.0;19.0;A01
89789;201400058709;0;7;0;0.0;2.0;1.0;1.0;B02
89790;201400058709;0;32;0;0.0;2.0;1.0;5.0;A01
89791;201400058710;0;7;0;0.0;2.0;3.0;13.0;A01
89792;201400058710;0;7;0;0.0;2.0;3.0;1.0;B02
89793;201400058711;0;7;0;6.0;2.0;7.0;1.0;A01
89794;201400058711;0;7;0;0.0;2.0;1.0;1.0;B02
89795;201400058713;0;7;0;13.0;0.0;3.0;1.0;A01
89796;201400058714;0;30;0;0.0;1.0;1.0;1.0;A01
89797;201400058715;0;7;0;0.0;2.0;1.0;1.0;B02
89798;201400058715;0;1;0;11.0;2.0;7.0;6.0;A01
89799;201400058716;0;7;0;0.0;0.0;3.0;13.0;A01
89800;201400058716;0;7;0;0.0;0.0;3.0;1.0;B02
89801;201400058717;0;10;0;0.0;2.0;1.0;1.0;B02
89802;201400058717;0;10;0;0.0;2.0;1.0;13.0;A01
89803;201400058718;0;34;0;0.0;2.0;1.0;17.0;A01
89804;201400058718;0;7;0;0.0;2.0;7.0;1.0;B02
89805;201400058718;0;7;0;0.0;2.0;3.0;1.0;C03
89806;201400058719;0;10;0;0.0;1.0;2.0;1.0;A01
89807;201400058720;0;31;0;15.0;0.0;8.0;1.0;A01
89808;201400058721;0;7;0;0.0;2.0;2.0;15.0;A01
89809;201400058721;0;2;0;0.0;2.0;1.0;1.0;B02
89810;201400058723;0;7;0;0.0;2.0;3.0;5.0;A01
89811;201400058723;0;7;0;0.0;2.0;3.0;1.0;B02
89812;201400058724;0;7;0;0.0;0.0;1.0;0.0;A01
89813;201400058725;0;10;0;0.0;2.0;3.0;13.0;A01
89814;201400058725;0;7;0;0.0;2.0;3.0;1.0;B02
89815;201400058726;0;7;0;13.0;0.0;8.0;1.0;A01
89816;201400058727;0;7;0;0.0;2.0;1.0;0.0;B02
89817;201400058727;0;10;0;0.0;2.0;7.0;13.0;A01
89818;201400058728;0;7;0;4.0;0.0;1.0;1.0;B02
89819;201400058728;0;7;0;4.0;0.0;1.0;1.0;A01
89820;201400058729;0;30;0;0.0;2.0;1.0;13.0;A01
89821;201400058729;0;7;0;0.0;9.0;3.0;1.0;B02
89822;201400058731;0;7;0;0.0;2.0;1.0;1.0;A01
89823;201400058731;0;30;0;0.0;2.0;0.0;19.0;B02
89824;201400058732;0;14;0;0.0;2.0;3.0;1.0;B02
89825;201400058732;0;14;0;0.0;1.0;2.0;1.0;A01
89826;201400058733;0;10;0;6.0;1.0;1.0;1.0;A01
89827;201400058734;0;7;0;0.0;2.0;8.0;19.0;A01
89828;201400058734;0;33;0;0.0;2.0;1.0;1.0;B02
89829;201400058735;0;7;0;0.0;1.0;2.0;1.0;A01
89830;201400058736;0;7;0;0.0;2.0;1.0;1.0;A01
89831;201400058736;0;31;0;0.0;2.0;7.0;1.0;B02
89832;201400058737;0;32;0;0.0;2.0;1.0;13.0;A01
89833;201400058737;0;7;0;0.0;2.0;3.0;1.0;B02
89834;201400058738;0;7;0;0.0;2.0;5.0;1.0;A01
89835;201400058738;0;31;0;0.0;2.0;1.0;2.0;B02
89836;201400058739;0;7;0;16.0;0.0;9.0;1.0;A01
89837;201400058740;0;7;0;0.0;2.0;1.0;2.0;A01
89838;201400058740;1;7;0;0.0;0.0;4.0;2.0;Z01
89839;201400058740;0;7;0;0.0;2.0;4.0;2.0;B01
89840;201400058741;0;10;0;0.0;1.0;3.0;1.0;A01
89841;201400058742;0;7;0;1.0;1.0;1.0;1.0;A01
89842;201400058743;0;7;0;15.0;0.0;1.0;2.0;A01
89843;201400058744;0;32;0;0.0;2.0;1.0;11.0;A01
89844;201400058744;0;7;0;0.0;2.0;8.0;15.0;B01
89845;201400058745;0;7;0;0.0;2.0;1.0;9.0;A01
89846;201400058745;0;30;0;0.0;2.0;1.0;2.0;B01
89847;201400058746;0;7;0;0.0;2.0;4.0;2.0;B01
89848;201400058746;0;7;0;0.0;2.0;8.0;0.0;C01
89849;201400058746;0;7;0;0.0;2.0;1.0;2.0;A01
89850;201400058747;0;33;0;0.0;2.0;1.0;9.0;A01
89851;201400058747;0;10;0;0.0;2.0;7.0;15.0;B01
89852;201400058748;0;7;0;0.0;2.0;3.0;1.0;B01
89853;201400058748;0;7;0;0.0;2.0;3.0;13.0;A01
89854;201400058749;0;33;0;0.0;2.0;1.0;2.0;A01
89855;201400058749;0;7;0;0.0;2.0;1.0;0.0;B01
89856;201400058750;0;7;0;0.0;1.0;1.0;1.0;A01