;Num_Acc;senc;catv;occutc;obs;obsm;choc;manv;num_veh
89857;201400058752;0;7;0;0.0;1.0;4.0;4.0;A01
89858;201400058754;0;7;0;1.0;1.0;3.0;2.0;A01
89859;201400058754;0;7;0;0.0;2.0;8.0;23.0;B01
89860;201400058755;0;7;0;0.0;1.0;2.0;1.0;A01
89861;201400058756;0;7;0;0.0;2.0;2.0;6.0;A01
89862;201400058756;0;7;0;0.0;2.0;2.0;1.0;B01
89863;201400058757;0;7;0;3.0;9.0;1.0;0.0;A01
89864;201400058757;0;30;0;0.0;2.0;1.0;2.0;B01
89865;201400058758;0;31;0;0.0;2.0;1.0;1.0;B01
89866;201400058758;0;7;0;0.0;9.0;2.0;15.0;A01
89867;201400058759;0;7;0;3.0;0.0;1.0;2.0;A01
89868;201400058760;0;33;0;12.0;0.0;1.0;6.0;A01
89869;201400058761;0;7;0;0.0;2.0;1.0;5.0;A01
89870;201400058761;0;7;0;0.0;2.0;1.0;5.0;B01
89871;201400058762;0;2;0;0.0;2.0;2.0;0.0;A01
89872;201400058762;0;7;0;0.0;2.0;2.0;2.0;B01
89873;201400058763;0;7;0;0.0;1.0;1.0;1.0;A01
89874;201400058764;0;7;0;0.0;0.0;3.0;1.0;C01
89875;201400058764;0;7;0;3.0;2.0;1.0;1.0;A01
89876;201400058764;0;7;0;0.0;2.0;9.0;1.0;B01
89877;201400058765;0;7;0;0.0;1.0;1.0;0.0;A01
89878;201400058766;0;7;0;0.0;2.0;4.0;2.0;B01
89879;201400058766;0;7;0;0.0;2.0;1.0;2.0;A01
89880;201400058768;0;30;0;0.0;2.0;6.0;2.0;A01
89881;201400058768;0;7;0;6.0;0.0;0.0;2.0;B01
89882;201400058769;0;7;0;0.0;2.0;6.0;9.0;A01
89883;201400058769;1;99;0;0.0;2.0;1.0;21.0;B01
89884;201400058770;0;7;0;0.0;2.0;3.0;11.0;A01
89885;201400058770;0;33;0;0.0;2.0;1.0;2.0;B01
89886;201400058771;0;7;0;0.0;2.0;1.0;1.0;B01
89887;201400058771;0;7;0;0.0;2.0;2.0;15.0;A01
89888;201400058772;0;7;0;0.0;0.0;1.0;2.0;A01
89889;201400058772;0;7;0;0.0;0.0;5.0;13.0;B01
89890;201400058773;0;7;0;0.0;2.0;2.0;2.0;B01
89891;201400058773;0;33;0;1.0;2.0;3.0;14.0;A01
89892;201400058774;0;7;0;0.0;1.0;3.0;15.0;A01
89893;201400058775;1;99;0;0.0;1.0;0.0;0.0;Z01
89894;201400058776;1;99;0;0.0;2.0;1.0;1.0;B01
89895;201400058776;0;7;0;0.0;2.0;3.0;15.0;A01
89896;201400058777;0;7;0;4.0;1.0;2.0;1.0;A01
89897;201400058778;0;7;0;0.0;2.0;4.0;1.0;A01
89898;201400058778;0;7;0;0.0;2.0;2.0;9.0;B01
89899;201400058779;0;32;0;0.0;2.0;4.0;2.0;A01
89900;201400058779;0;7;0;0.0;2.0;4.0;15.0;B01
89901;201400058780;0;7;0;0.0;2.0;1.0;1.0;B01
89902;201400058780;0;7;0;0.0;2.0;7.0;15.0;A01
89903;201400058781;0;7;0;0.0;2.0;3.0;1.0;B01
89904;201400058781;0;7;0;0.0;2.0;3.0;15.0;A01
89905;201400058782;0;7;0;0.0;2.0;1.0;2.0;B01
89906;201400058782;0;7;0;0.0;0.0;3.0;1.0;A01
89907;201400058782;0;7;0;0.0;2.0;1.0;1.0;C01
89908;201400058783;0;30;0;0.0;2.0;1.0;1.0;B01
89909;201400058783;0;30;0;0.0;2.0;1.0;1.0;A01
89910;201400058784;0;7;0;12.0;0.0;0.0;0.0;A01
89911;201400058785;0;7;0;4.0;2.0;9.0;1.0;A01
89912;201400058785;0;7;0;0.0;2.0;8.0;1.0;B01
89913;201400058786;0;7;0;0.0;2.0;7.0;15.0;A01
89914;201400058786;0;31;0;0.0;2.0;1.0;1.0;B01
89915;201400058787;0;7;0;0.0;2.0;8.0;2.0;B01
89916;201400058787;0;32;0;0.0;2.0;1.0;2.0;A01
89917;201400058788;0;31;0;0.0;2.0;0.0;1.0;B01
89918;201400058788;0;7;0;0.0;0.0;0.0;1.0;A01
89919;201400058789;0;99;0;0.0;1.0;1.0;1.0;A01
89920;201400058790;0;7;0;0.0;1.0;3.0;1.0;A01
89921;201400058791;0;7;0;0.0;9.0;5.0;1.0;B01
89922;201400058791;0;1;0;0.0;2.0;0.0;16.0;A01
89923;201400058792;0;32;0;0.0;0.0;3.0;1.0;A01
89924;201400058792;0;99;0;0.0;2.0;1.0;11.0;B01
89925;201400058793;0;33;0;2.0;0.0;0.0;0.0;A01
89926;201400058794;0;7;0;0.0;1.0;2.0;1.0;A01
89927;201400058795;0;7;0;0.0;2.0;2.0;2.0;B01
89928;201400058795;0;33;0;0.0;2.0;3.0;18.0;A01
89929;201400058796;0;7;0;0.0;2.0;7.0;1.0;A01
89930;201400058796;0;7;0;0.0;2.0;1.0;1.0;B01
89931;201400058797;0;2;0;0.0;2.0;7.0;0.0;B01
89932;201400058797;0;7;0;0.0;2.0;3.0;0.0;A01
89933;201400058798;0;33;0;0.0;2.0;1.0;5.0;B01
89934;201400058798;0;7;0;0.0;2.0;8.0;15.0;A01
89935;201400058800;0;7;0;0.0;2.0;3.0;15.0;A01
89936;201400058800;1;99;0;0.0;2.0;1.0;1.0;B01
89937;201400058801;0;31;0;0.0;2.0;3.0;13.0;A01
89938;201400058801;0;10;0;0.0;2.0;3.0;1.0;B01
89939;201400058802;0;7;0;0.0;2.0;6.0;2.0;A01
89940;201400058802;0;1;0;0.0;2.0;1.0;2.0;B01
89941;201400058803;0;7;0;0.0;2.0;4.0;2.0;B01
89942;201400058803;0;33;0;0.0;2.0;1.0;0.0;A01
89943;201400058804;0;7;0;0.0;2.0;3.0;1.0;B01
89944;201400058804;0;7;0;0.0;2.0;1.0;0.0;A01
89945;201400058805;0;7;0;0.0;2.0;8.0;10.0;A01
89946;201400058805;0;30;0;0.0;2.0;1.0;1.0;B01
89947;201400058806;0;7;0;0.0;2.0;2.0;1.0;C01
89948;201400058806;0;7;0;0.0;2.0;3.0;1.0;B01
89949;201400058806;0;7;0;0.0;2.0;3.0;1.0;A01
89950;201400058807;0;7;0;0.0;2.0;1.0;1.0;B01
89951;201400058807;1;30;0;0.0;2.0;0.0;0.0;A01
89952;201400058808;0;1;0;0.0;2.0;1.0;19.0;B01
89953;201400058808;0;30;0;0.0;2.0;0.0;0.0;A01
89954;201400058809;0;7;0;0.0;2.0;7.0;2.0;A01
89955;201400058809;0;1;0;0.0;2.0;8.0;2.0;B01
89956;201400058810;0;2;0;0.0;1.0;1.0;3.0;A01
89957;201400058812;0;7;0;0.0;2.0;1.0;5.0;A01
89958;201400058812;0;7;0;0.0;2.0;1.0;1.0;B01
89959;201400058813;0;30;0;0.0;2.0;0.0;1.0;B01
89960;201400058813;0;7;0;0.0;0.0;0.0;1.0;A01
89961;201400058816;0;7;0;0.0;2.0;7.0;15.0;A01
89962;201400058816;0;30;0;0.0;2.0;1.0;1.0;B01
89963;201400058817;0;30;0;0.0;2.0;0.0;16.0;A01
89964;201400058817;0;7;0;0.0;9.0;5.0;1.0;B01
89965;201400058818;0;7;0;1.0;1.0;2.0;1.0;B01
89966;201400058819;0;7;0;0.0;2.0;1.0;1.0;B01
89967;201400058819;0;30;0;0.0;2.0;1.0;0.0;A01
89968;201400058820;0;7;0;0.0;2.0;4.0;2.0;B01
89969;201400058820;0;33;0;0.0;2.0;1.0;2.0;A01
89970;201400058821;0;7;0;0.0;0.0;1.0;0.0;B01
89971;201400058821;0;7;0;0.0;0.0;1.0;0.0;A01
89972;201400058822;0;7;0;6.0;0.0;1.0;0.0;A01
89973;201400058824;0;30;0;0.0;2.0;1.0;17.0;B01
89974;201400058824;0;7;0;0.0;2.0;3.0;15.0;A01
89975;201400058825;0;7;0;0.0;2.0;3.0;1.0;B01
89976;201400058825;0;7;0;0.0;2.0;2.0;13.0;A01
89977;201400058826;0;10;0;0.0;2.0;2.0;0.0;B01
89978;201400058826;1;30;0;0.0;2.0;0.0;0.0;A01
89979;201400058827;0;14;0;3.0;2.0;2.0;0.0;A01
89980;201400058827;0;7;0;0.0;2.0;1.0;1.0;B01
89981;201400058828;0;7;0;1.0;0.0;2.0;14.0;A01
89982;201400058829;0;7;0;0.0;2.0;1.0;15.0;A01
89983;201400058829;0;33;0;0.0;2.0;1.0;1.0;B01
89984;201400058831;0;7;0;0.0;2.0;1.0;0.0;B01
89985;201400058831;0;7;0;0.0;2.0;1.0;0.0;A01
89986;201400058833;0;33;0;0.0;2.0;1.0;6.0;A01
89987;201400058833;0;7;0;0.0;2.0;3.0;15.0;B01
89988;201400058834;0;1;0;0.0;2.0;1.0;16.0;A01
89989;201400058834;0;7;0;0.0;2.0;3.0;1.0;B01
89990;201400058835;0;7;0;0.0;2.0;7.0;1.0;B01
89991;201400058835;0;30;0;0.0;2.0;1.0;5.0;A01
89992;201400058836;1;7;0;0.0;1.0;0.0;0.0;Z01
89993;201400058837;2;7;0;0.0;2.0;3.0;17.0;A01
89994;201400058837;0;7;0;0.0;2.0;3.0;0.0;B01
89995;201400058837;0;7;0;0.0;2.0;8.0;2.0;C01
89996;201400058838;0;7;0;0.0;2.0;1.0;1.0;B01
89997;201400058838;0;7;0;0.0;2.0;1.0;13.0;A01
89998;201400058839;0;7;0;4.0;0.0;0.0;1.0;A01
89999;201400058840;0;1;0;0.0;2.0;0.0;0.0;B01
90000;201400058840;0;7;0;0.0;2.0;0.0;0.0;A01
90001;201400058841;0;1;0;0.0;2.0;1.0;0.0;A01
90002;201400058841;0;7;0;0.0;2.0;1.0;0.0;B01
90003;201400058842;0;30;0;0.0;2.0;1.0;2.0;A01
90004;201400058842;0;7;0;0.0;2.0;3.0;2.0;B01
90005;201400058843;0;33;0;0.0;2.0;1.0;13.0;A01
90006;201400058843;0;7;0;0.0;2.0;1.0;1.0;B01
90007;201400058844;1;7;0;0.0;2.0;1.0;0.0;Z01
90008;201400058844;0;1;0;0.0;2.0;4.0;0.0;B01
90009;201400058845;0;30;0;0.0;0.0;0.0;0.0;A01
90010;201400058846;0;7;0;0.0;2.0;1.0;1.0;C01
90011;201400058846;0;7;0;0.0;2.0;1.0;13.0;A01
90012;201400058846;0;33;0;0.0;2.0;1.0;0.0;B01
90013;201400058847;0;30;0;0.0;2.0;3.0;0.0;A01
90014;201400058847;0;7;0;0.0;2.0;3.0;0.0;B01
90015;201400058848;0;7;0;0.0;2.0;3.0;15.0;A01
90016;201400058848;0;33;0;0.0;0.0;0.0;17.0;B01
90017;201400058849;0;32;0;0.0;2.0;2.0;1.0;A01
90018;201400058849;1;7;0;0.0;2.0;0.0;15.0;Z01
90019;201400058850;1;99;0;0.0;2.0;0.0;0.0;Z01
90020;201400058850;0;33;0;6.0;2.0;4.0;1.0;A01
90021;201400058851;0;7;0;0.0;1.0;2.0;15.0;A01
90022;201400058852;0;7;0;0.0;2.0;0.0;0.0;A01
90023;201400058852;0;7;0;0.0;2.0;1.0;2.0;B01
90024;201400058853;0;7;0;0.0;2.0;6.0;2.0;B01
90025;201400058853;0;33;0;0.0;2.0;1.0;2.0;A01
90026;201400058854;0;34;0;0.0;2.0;1.0;15.0;A01
90027;201400058854;0;7;0;0.0;2.0;3.0;1.0;B01
90028;201400058855;0;7;0;0.0;1.0;2.0;1.0;A01
90029;201400058856;0;38;1;0.0;2.0;1.0;0.0;A01
90030;201400058856;0;10;0;0.0;2.0;8.0;0.0;B01
90031;201400058857;0;7;0;0.0;2.0;1.0;13.0;A01
90032;201400058857;0;7;0;0.0;2.0;1.0;1.0;B01
90033;201400058859;0;7;0;0.0;2.0;3.0;2.0;A01
90034;201400058859;0;7;0;0.0;2.0;6.0;2.0;B01
90035;201400058859;0;7;0;0.0;2.0;4.0;2.0;C01
90036;201400058860;0;99;0;0.0;2.0;5.0;2.0;B01
90037;201400058860;0;7;0;5.0;2.0;1.0;2.0;A01
90038;201400058861;0;7;0;0.0;2.0;7.0;12.0;A01
90039;201400058861;0;33;0;0.0;2.0;8.0;1.0;B01
90040;201400058862;0;7;0;4.0;2.0;3.0;1.0;A01
90041;201400058862;0;7;0;4.0;2.0;3.0;1.0;C01
90042;201400058862;0;7;0;4.0;2.0;3.0;1.0;B01
90043;201400058863;0;7;0;0.0;2.0;1.0;13.0;A01
90044;201400058863;0;7;0;0.0;2.0;1.0;1.0;B01
90045;201400058864;0;33;0;0.0;2.0;1.0;1.0;A01
90046;201400058864;0;7;0;0.0;2.0;3.0;15.0;B01
90047;201400058865;0;7;0;0.0;1.0;1.0;1.0;A01
90048;201400058866;0;7;0;0.0;1.0;1.0;1.0;A01
90049;201400058867;0;7;0;0.0;2.0;3.0;0.0;B01
90050;201400058867;1;7;0;0.0;2.0;0.0;0.0;A01
90051;201400058868;0;38;12;0.0;2.0;3.0;13.0;B01
90052;201400058868;0;7;0;0.0;2.0;6.0;15.0;A01
90053;201400058869;0;7;0;0.0;2.0;3.0;2.0;A01
90054;201400058869;0;33;0;0.0;2.0;1.0;11.0;B01
90055;201400058870;0;7;0;0.0;2.0;6.0;13.0;A01
90056;201400058870;0;7;0;0.0;2.0;6.0;1.0;B01
90057;201400058871;0;34;0;0.0;2.0;3.0;0.0;A01
90058;201400058871;0;7;0;0.0;2.0;3.0;0.0;B01
90059;201400058872;0;7;0;0.0;2.0;1.0;6.0;A01
90060;201400058872;0;10;0;0.0;0.0;3.0;1.0;B01
90061;201400058872;0;7;0;0.0;2.0;3.0;1.0;C01
90062;201400058873;0;32;0;0.0;2.0;1.0;1.0;B01
90063;201400058873;0;7;0;0.0;2.0;4.0;4.0;A01
90064;201400058874;0;30;0;12.0;0.0;0.0;0.0;A01
90065;201400058875;0;36;0;15.0;0.0;1.0;0.0;A01
90066;201400058876;0;7;0;0.0;1.0;1.0;1.0;A01
90067;201400058878;0;10;0;0.0;2.0;4.0;1.0;B01
90068;201400058878;0;7;0;0.0;2.0;1.0;1.0;A01
90069;201400058879;0;7;0;0.0;2.0;1.0;1.0;A01
90070;201400058879;0;7;0;0.0;2.0;4.0;1.0;B01
90071;201400058880;0;30;0;0.0;2.0;1.0;17.0;B01
90072;201400058880;0;7;0;6.0;2.0;2.0;21.0;F02
90073;201400058880;0;30;0;0.0;2.0;1.0;17.0;A01
90074;201400058880;0;7;0;0.0;2.0;8.0;1.0;D01
90075;201400058880;0;7;0;0.0;2.0;3.0;1.0;E01
90076;201400058880;0;31;0;0.0;2.0;1.0;1.0;C01
90077;201400058881;0;33;0;0.0;0.0;0.0;0.0;A01
90078;201400058882;0;7;0;8.0;1.0;8.0;1.0;A01
90079;201400058883;0;7;0;0.0;1.0;1.0;15.0;A01
90080;201400058884;0;30;0;0.0;1.0;1.0;12.0;A01
90081;201400058885;0;30;0;0.0;1.0;0.0;1.0;A01
90082;201400058886;1;33;0;0.0;2.0;0.0;0.0;B01
90083;201400058886;0;33;0;0.0;2.0;0.0;0.0;A01
90084;201400058887;0;7;0;0.0;1.0;8.0;1.0;A01
90085;201400058888;0;7;0;0.0;1.0;2.0;1.0;A01
90086;201400058889;0;7;0;4.0;2.0;9.0;11.0;A01
90087;201400058890;0;34;0;0.0;2.0;2.0;11.0;A01
90088;201400058890;0;7;0;0.0;2.0;7.0;0.0;B01
90089;201400058891;0;7;0;0.0;2.0;3.0;1.0;B01
90090;201400058891;1;32;0;1.0;2.0;1.0;13.0;A01
90091;201400058892;0;30;0;0.0;2.0;1.0;1.0;A01
90092;201400058892;0;7;0;0.0;2.0;8.0;15.0;B01
90093;201400058893;0;7;0;0.0;2.0;2.0;21.0;B01
90094;201400058893;0;34;0;0.0;2.0;1.0;0.0;A01
90095;201400058894;0;10;0;0.0;2.0;1.0;15.0;A01
90096;201400058894;0;7;0;0.0;2.0;3.0;1.0;B01
90097;201400058895;0;34;0;0.0;1.0;1.0;3.0;A01
90098;201400058896;0;7;0;4.0;0.0;1.0;9.0;A01
90099;201400058897;0;7;0;0.0;2.0;1.0;0.0;C01
90100;201400058897;0;7;0;0.0;2.0;1.0;15.0;A01
90101;201400058897;0;1;0;0.0;2.0;7.0;0.0;B01
90102;201400058898;1;32;0;0.0;2.0;0.0;1.0;B01
90103;201400058898;0;7;0;0.0;2.0;2.0;15.0;A01
90104;201400058899;0;7;0;0.0;1.0;1.0;0.0;A01
90105;201400058900;0;7;0;0.0;1.0;3.0;15.0;A01
90106;201400058901;0;10;0;0.0;0.0;3.0;13.0;A01
90107;201400058901;0;7;0;0.0;0.0;3.0;1.0;B01
90108;201400058902;0;1;0;0.0;0.0;8.0;1.0;B01
90109;201400058902;0;7;0;0.0;2.0;1.0;15.0;A01
90110;201400058903;0;7;0;0.0;2.0;1.0;5.0;A01
90111;201400058903;0;7;0;0.0;2.0;1.0;1.0;B01
90112;201400058904;0;33;0;0.0;2.0;8.0;0.0;A01
90113;201400058904;0;7;0;0.0;2.0;1.0;0.0;B01
90114;201400058905;0;7;0;8.0;0.0;3.0;0.0;A01
90115;201400058906;0;31;0;16.0;0.0;2.0;14.0;A01
90116;201400058907;0;7;0;0.0;2.0;7.0;4.0;A01
90117;201400058907;0;1;0;0.0;2.0;1.0;1.0;B01
90118;201400058908;0;7;0;0.0;1.0;1.0;1.0;A01
90119;201400058909;0;7;0;0.0;1.0;1.0;1.0;A01
90120;201400058911;0;30;0;0.0;1.0;1.0;1.0;A01
90121;201400058912;0;31;0;4.0;0.0;3.0;13.0;A01
90122;201400058913;0;2;0;0.0;2.0;7.0;1.0;B01
90123;201400058913;1;33;0;0.0;2.0;1.0;9.0;Z01
90124;201400058914;1;7;0;0.0;2.0;1.0;19.0;Z01
90125;201400058914;0;7;0;0.0;2.0;5.0;1.0;B01
90126;201400058915;0;31;0;0.0;2.0;1.0;17.0;A01
90127;201400058915;0;7;0;0.0;2.0;2.0;15.0;B01
90128;201400058916;0;2;0;0.0;2.0;1.0;10.0;A01
90129;201400058916;0;7;0;0.0;2.0;7.0;1.0;B01
90130;201400058917;0;33;0;16.0;0.0;2.0;14.0;A01
90131;201400058918;0;2;0;0.0;2.0;1.0;13.0;A01
90132;201400058918;0;7;0;0.0;2.0;3.0;1.0;B01
90133;201400058919;0;33;0;0.0;2.0;1.0;1.0;B01
90134;201400058919;0;30;0;0.0;2.0;8.0;19.0;A01
90135;201400058920;1;30;0;0.0;1.0;1.0;1.0;Z01
90136;201400058921;0;7;0;0.0;2.0;0.0;0.0;A01
90137;201400058921;0;30;0;0.0;2.0;1.0;0.0;B01
90138;201400058922;0;2;0;0.0;2.0;8.0;1.0;B01
90139;201400058922;0;7;0;0.0;2.0;2.0;9.0;A01
90140;201400058923;0;7;0;0.0;2.0;2.0;14.0;A01
90141;201400058923;0;7;0;0.0;2.0;8.0;1.0;B01
90142;201400058923;0;7;0;0.0;2.0;8.0;1.0;C01
90143;201400058924;0;7;0;0.0;2.0;1.0;1.0;B01
90144;201400058924;0;7;0;0.0;2.0;1.0;9.0;A01
90145;201400058925;0;30;0;0.0;2.0;1.0;19.0;A01
90146;201400058925;0;7;0;0.0;2.0;3.0;1.0;B01
90147;201400058926;0;33;0;0.0;2.0;9.0;1.0;B01
90148;201400058926;0;7;0;0.0;2.0;4.0;4.0;A01
90149;201400058927;0;31;0;0.0;2.0;1.0;2.0;A01
90150;201400058927;0;7;0;0.0;2.0;4.0;1.0;B01
90151;201400058928;0;7;0;0.0;1.0;1.0;1.0;A01
90152;201400058929;0;7;0;0.0;1.0;1.0;1.0;A01
90153;201400058931;0;7;0;0.0;2.0;4.0;4.0;A01
90154;201400058931;0;1;0;0.0;2.0;1.0;23.0;B01
90155;201400058932;0;7;0;4.0;0.0;3.0;13.0;A01
90156;201400058933;0;31;0;0.0;2.0;1.0;17.0;A01
90157;201400058933;0;7;0;0.0;2.0;8.0;15.0;B01
90158;201400058933;0;7;0;0.0;2.0;4.0;24.0;C01
90159;201400058934;0;7;0;0.0;2.0;1.0;1.0;B01
90160;201400058934;0;7;0;0.0;2.0;1.0;13.0;A01
90161;201400058935;0;7;0;0.0;1.0;1.0;1.0;A01
90162;201400058936;2;7;0;0.0;1.0;1.0;1.0;Z01
90163;201400058937;0;33;0;6.0;0.0;1.0;13.0;A01
90164;201400058938;0;33;0;0.0;2.0;1.0;1.0;B01
90165;201400058938;0;33;0;0.0;2.0;1.0;13.0;Z01
90166;201400058939;0;31;0;0.0;2.0;8.0;1.0;B01
90167;201400058939;0;7;0;0.0;2.0;5.0;17.0;A01
90168;201400058940;0;2;0;0.0;2.0;1.0;13.0;A01
90169;201400058941;0;32;0;0.0;1.0;1.0;10.0;A01
90170;201400058942;0;7;0;0.0;1.0;1.0;15.0;A01
90171;201400058943;0;1;0;0.0;2.0;1.0;5.0;A01
90172;201400058943;0;7;0;0.0;2.0;1.0;1.0;B01
90173;201400058944;0;7;0;0.0;2.0;3.0;1.0;B01
90174;201400058944;0;7;0;0.0;2.0;3.0;13.0;A01
90175;201400058945;1;30;0;0.0;1.0;1.0;1.0;Z01
90176;201400058946;0;7;0;0.0;1.0;2.0;14.0;A01
90177;201400058947;0;37;1;0.0;1.0;4.0;4.0;A01
90178;201400058948;0;33;0;16.0;0.0;2.0;14.0;A01
90179;201400058949;0;33;0;0.0;2.0;7.0;1.0;B01
90180;201400058949;0;7;0;0.0;2.0;2.0;16.0;A01
90181;201400058950;0;31;0;12.0;0.0;3.0;13.0;Z01
90182;201400058951;0;7;0;0.0;1.0;1.0;15.0;A01
90183;201400058952;0;33;0;12.0;0.0;2.0;14.0;A01
90184;201400058953;0;30;0;0.0;2.0;7.0;17.0;A01
90185;201400058953;0;7;0;0.0;2.0;8.0;15.0;B01
90186;201400058954;2;7;0;0.0;1.0;1.0;1.0;Z01
90187;201400058955;0;7;0;0.0;2.0;2.0;16.0;B01
90188;201400058955;0;30;0;0.0;2.0;3.0;7.0;Z01
90189;201400058956;0;7;0;0.0;2.0;3.0;1.0;A01
90190;201400058956;0;33;0;0.0;2.0;1.0;13.0;Z01
90191;201400058958;0;7;0;0.0;2.0;1.0;2.0;A01
90192;201400058958;0;7;0;0.0;2.0;4.0;24.0;B01
90193;201400058959;0;7;0;0.0;1.0;1.0;1.0;A01
90194;201400058961;0;31;0;0.0;1.0;1.0;0.0;A01
90195;201400058962;0;30;0;0.0;2.0;1.0;13.0;A01
90196;201400058962;0;7;0;0.0;2.0;1.0;1.0;B01
90197;201400058963;0;33;0;0.0;2.0;1.0;9.0;A01
90198;201400058963;0;7;0;0.0;2.0;8.0;1.0;B01
90199;201400058964;0;30;0;16.0;0.0;2.0;14.0;A01
90200;201400058965;0;7;0;4.0;0.0;3.0;13.0;A01
90201;201400058966;0;7;0;0.0;1.0;1.0;15.0;A01
90202;201400058967;1;2;0;0.0;1.0;1.0;1.0;Z01
90203;201400058968;0;7;0;0.0;2.0;2.0;1.0;B01
90204;201400058968;0;7;0;0.0;2.0;9.0;17.0;A01
90205;201400058969;0;7;0;0.0;2.0;8.0;22.0;A01
90206;201400058969;0;33;0;1.0;0.0;1.0;1.0;Z01
90207;201400058970;0;30;0;0.0;2.0;1.0;13.0;B01
90208;201400058970;0;7;0;0.0;2.0;1.0;1.0;A01
90209;201400058971;0;7;0;0.0;1.0;1.0;1.0;B01
90210;201400058971;0;7;0;0.0;2.0;1.0;1.0;A01
90211;201400058972;0;7;0;0.0;2.0;5.0;10.0;A01
90212;201400058972;0;31;0;0.0;2.0;1.0;1.0;B01
90213;201400058973;0;2;0;16.0;0.0;7.0;1.0;A01
90214;201400058974;0;37;1;0.0;2.0;2.0;1.0;B01
90215;201400058974;0;7;0;0.0;2.0;3.0;9.0;A01
90216;201400058976;0;7;0;0.0;2.0;1.0;17.0;B01
90217;201400058976;0;7;0;0.0;2.0;4.0;10.0;A01
90218;201400058977;0;7;0;0.0;2.0;1.0;15.0;A01
90219;201400058977;0;31;0;0.0;2.0;1.0;1.0;B01
90220;201400058978;0;30;0;0.0;2.0;1.0;17.0;A01
90221;201400058978;0;7;0;0.0;2.0;8.0;1.0;B01
90222;201400058979;0;7;0;0.0;1.0;7.0;1.0;A01
90223;201400058980;1;2;0;0.0;1.0;1.0;1.0;Z01
90224;201400058981;0;7;0;0.0;0.0;4.0;15.0;B01
90225;201400058981;2;33;0;0.0;2.0;1.0;17.0;Z01
90226;201400058982;0;7;0;4.0;0.0;1.0;13.0;A01
90227;201400058984;0;7;0;0.0;1.0;7.0;1.0;A01
90228;201400058985;0;7;0;0.0;1.0;2.0;14.0;A01
90229;201400058986;0;1;0;0.0;2.0;1.0;2.0;A01
90230;201400058986;0;7;0;0.0;2.0;4.0;1.0;B01
90231;201400058987;2;7;0;0.0;2.0;1.0;2.0;Z01
90232;201400058987;0;7;0;0.0;2.0;6.0;1.0;B01
90233;201400058987;0;33;0;0.0;2.0;7.0;21.0;C01
90234;201400058988;0;7;0;0.0;1.0;1.0;1.0;A01
90235;201400058991;0;7;0;0.0;2.0;3.0;1.0;B01
90236;201400058991;0;7;0;0.0;2.0;3.0;13.0;A01
90237;201400058992;0;7;0;0.0;2.0;1.0;1.0;B01
90238;201400058992;0;7;0;0.0;2.0;3.0;1.0;C01
90239;201400058992;2;7;0;0.0;2.0;1.0;9.0;Z01
90240;201400058993;1;7;0;0.0;1.0;2.0;1.0;Z01
90241;201400058994;0;13;0;0.0;2.0;6.0;24.0;B01
90242;201400058994;0;2;0;1.0;0.0;1.0;14.0;A01
90243;201400058995;0;31;0;0.0;2.0;1.0;1.0;B01
90244;201400058995;0;7;0;0.0;2.0;3.0;15.0;A01
90245;201400058996;0;37;1;0.0;1.0;2.0;1.0;A01
90246;201400058997;0;7;0;0.0;1.0;4.0;4.0;A01
90247;201400058998;0;7;0;0.0;1.0;1.0;1.0;A01
90248;201400058999;0;7;0;0.0;2.0;3.0;13.0;A01
90249;201400058999;0;7;0;0.0;2.0;3.0;1.0;C01
90250;201400058999;0;7;0;0.0;2.0;8.0;1.0;B01
90251;201400059000;0;7;0;0.0;1.0;8.0;1.0;A01
90252;201400059001;0;7;0;16.0;0.0;3.0;13.0;A01
90253;201400059003;1;30;0;0.0;1.0;1.0;1.0;Z01
90254;201400059004;0;30;0;0.0;2.0;1.0;2.0;A01
90255;201400059004;0;7;0;0.0;2.0;4.0;1.0;B01
90256;201400059005;0;31;0;14.0;2.0;1.0;1.0;A01
90257;201400059005;0;7;0;0.0;2.0;7.0;1.0;B01
90258;201400059005;0;7;0;0.0;9.0;1.0;1.0;C01
90259;201400059005;0;7;0;0.0;9.0;1.0;1.0;D01
90260;201400059006;0;7;0;0.0;2.0;2.0;16.0;A01
90261;201400059006;0;30;0;0.0;2.0;1.0;1.0;B01
90262;201400059007;0;7;0;0.0;2.0;1.0;15.0;A01
90263;201400059007;0;33;0;0.0;2.0;1.0;1.0;B01
90264;201400059009;0;7;0;0.0;2.0;8.0;1.0;B01
90265;201400059009;0;7;0;0.0;2.0;7.0;12.0;A01
90266;201400059010;0;2;0;0.0;2.0;1.0;1.0;Z01
90267;201400059010;0;7;0;0.0;2.0;2.0;9.0;A01
90268;201400059012;0;7;0;6.0;0.0;2.0;14.0;A01
90269;201400059014;0;7;0;0.0;2.0;3.0;15.0;A01
90270;201400059014;0;30;0;0.0;2.0;1.0;1.0;B01
90271;201400059015;0;33;0;0.0;2.0;1.0;1.0;B01
90272;201400059015;0;7;0;0.0;2.0;2.0;15.0;A01
90273;201400059016;1;7;0;0.0;2.0;1.0;15.0;Z01
90274;201400059016;0;30;0;0.0;2.0;1.0;1.0;B01
90275;201400059017;0;7;0;0.0;1.0;1.0;1.0;A01
90276;201400059018;0;7;0;0.0;2.0;3.0;1.0;B01